dog_id,image
0,A_YO9eQK7CU0kAAAAAAAAAAAAAAQAAAQ.jpg
0,A_xUClSpPdvJ4AAAAAAAAAAAAAAQAAAQ.jpg
0,A_E4ZJRoCSZBkAAAAAAAAAAAAAAQAAAQ.jpg
0,A_OXCmRbY0amwAAAAAAAAAAAAAAQAAAQ.jpg
1,A_jXL2QqWAJg0AAAAAAAAAAAAAAQAAAQ.jpg
1,A_Nic0Taxp9OoAAAAAAAAAAAAAAQAAAQ.jpg
1,A_Sfp8S4xj8r4AAAAAAAAAAAAAAQAAAQ.jpg
1,A_9bmtR4eq6LIAAAAAAAAAAAAAAQAAAQ.jpg
2,5k47bF14SYuu7_a9RQ3Q5AAAACMAARAD.jpg
2,yRXHc_gjQmCtpmlynB-MigAAACMAARAD.jpg
2,7oV5gbU5R8GoYVjxUlOyywAAACMAARAD.jpg
2,JdEbv0vpRiCIJpO0ubBt9wAAACMAARAD.jpg
3,A_nkp_QoYiePYAAAAAAAAAAAAAAQAAAQ.jpg
3,A_kuRdRpVllIEAAAAAAAAAAAAAAQAAAQ.jpg
3,A_vF63SY0X6yEAAAAAAAAAAAAAAQAAAQ.jpg
3,A_XsMKTrofgSMAAAAAAAAAAAAAAQAAAQ.jpg
4,A_JvXBRrrqQtkAAAAAAAAAAAAAAQAAAQ.jpg
4,A_molFR59W0XgAAAAAAAAAAAAAAQAAAQ.jpg
4,A_aJkVQZBkzz4AAAAAAAAAAAAAAQAAAQ.jpg
4,A_AwjER7lHyQAAAAAAAAAAAAAAAQAAAQ.jpg
5,A_SI4VQbBVStt526ZFnmy5egAAAQAAAQ.jpg
5,A_SI4VQbBVStsAAAAAAAAAAAAAAQAAAQ.jpg
5,A_cb70QKJeQUPWifdFjsf4VAAAAQAAAQ.jpg
5,A_cb70QKJeQUMH9JZMl_zGMAAAAQAAAQ.jpg
6,A_RnsUQZL580cAAAAAAAAAAAAAAQAAAQ.jpg
6,A_XZ4KQbLcFJ8AAAAAAAAAAAAAAQAAAQ.jpg
6,A_PZg1TZKWExQAAAAAAAAAAAAAAQAAAQ.jpg
6,A_fdVNRq4C2aUAAAAAAAAAAAAAAQAAAQ.jpg
7,A_MGJtTpQLHKoAAAAAAAAAAAAAAQAAAQ.jpg
7,A_uQWmQLilfBgAAAAAAAAAAAAAAQAAAQ.jpg
7,A_5tWDT5Yo0hgAAAAAAAAAAAAAAQAAAQ.jpg
7,A_F3xSQLwWiToAAAAAAAAAAAAAAQAAAQ.jpg
8,A_2R_JTamB2U4AAAAAAAAAAAAAAQAAAQ.jpg
8,A_-pVuT4P1CkIAAAAAAAAAAAAAAQAAAQ.jpg
8,A_mFE8TrZlbvwAAAAAAAAAAAAAAQAAAQ.jpg
8,A_BT8GRYhxAoYAAAAAAAAAAAAAAQAAAQ.jpg
9,A_lqDLR4j9lrcAAAAAAAAAAAAAAQAAAQ.jpg
9,A_e-KbRLejujIAAAAAAAAAAAAAAQAAAQ.jpg
9,A_dARGRZqbjNIAAAAAAAAAAAAAAQAAAQ.jpg
9,A_3_DFS4nfCRcAAAAAAAAAAAAAAQAAAQ.jpg
10,A_c-3HTJS65VQAAAAAAAAAAAAAAQAAAQ.jpg
10,A_Xi1sR4EjwXgAAAAAAAAAAAAAAQAAAQ.jpg
10,A_WDGDRID3bVcAAAAAAAAAAAAAAQAAAQ.jpg
10,A_abdYQoGC2ZgAAAAAAAAAAAAAAQAAAQ.jpg
11,A_hLFCSo91F1sAAAAAAAAAAAAAAQAAAQ.jpg
11,A_miWmT7TMX7kAAAAAAAAAAAAAAQAAAQ.jpg
11,A_B0OPQKxy8-YAAAAAAAAAAAAAAQAAAQ.jpg
11,A_ufNeRoSNUwoAAAAAAAAAAAAAAQAAAQ.jpg
12,A_YcXhTaagF-IAAAAAAAAAAAAAAQAAAQ.jpg
12,A_gU5OR5n5ZGQAAAAAAAAAAAAAAQAAAQ.jpg
12,A_-731Qbr1ouwAAAAAAAAAAAAAAQAAAQ.jpg
12,A_W2QQS5KKXr4AAAAAAAAAAAAAAQAAAQ.jpg
13,A_5rIAQI2xSJgAAAAAAAAAAAAAAQAAAQ.jpg
13,A_KPAuTbhv3PAAAAAAAAAAAAAAAQAAAQ.jpg
13,A_69NpRZ7o0IgAAAAAAAAAAAAAAQAAAQ.jpg
13,A_bNuGTo7mcQkAAAAAAAAAAAAAAQAAAQ.jpg
14,A_3JzsRaDCrGMAAAAAAAAAAAAAAQAAAQ.jpg
14,A_4hazRZCp4N4AAAAAAAAAAAAAAQAAAQ.jpg
14,A_qTcFSLILDQ8AAAAAAAAAAAAAAQAAAQ.jpg
14,A_RrEfQ74YNrcAAAAAAAAAAAAAAQAAAQ.jpg
15,A_tkCQTIi8j_MAAAAAAAAAAAAAAQAAAQ.jpg
15,A_NBcPQoey5HQAAAAAAAAAAAAAAQAAAQ.jpg
15,A_bRYrSJLsaysAAAAAAAAAAAAAAQAAAQ.jpg
15,A_izZhToKRuhsAAAAAAAAAAAAAAQAAAQ.jpg
16,A_U2hAQa9fEcEAAAAAAAAAAAAAAQAAAQ.jpg
16,A_UtHHTZIN6gwAAAAAAAAAAAAAAQAAAQ.jpg
16,A_Hz_yRY9dgfUAAAAAAAAAAAAAAQAAAQ.jpg
16,A_Y2hcQrVvld0AAAAAAAAAAAAAAQAAAQ.jpg
17,A_T-hcTYTupQ0AAAAAAAAAAAAAAQAAAQ.jpg
17,A_r7WMRr8qErYAAAAAAAAAAAAAAQAAAQ.jpg
17,A_i4-9R5qfsIkAAAAAAAAAAAAAAQAAAQ.jpg
17,A_cXgKRoxy38MAAAAAAAAAAAAAAQAAAQ.jpg
18,A_8I60Rrj9jIkAAAAAAAAAAAAAAQAAAQ.jpg
18,A_lw8lTKU_becAAAAAAAAAAAAAAQAAAQ.jpg
18,A_q83xTojmiGcAAAAAAAAAAAAAAQAAAQ.jpg
18,A_54jMRISw6Y8AAAAAAAAAAAAAAQAAAQ.jpg
19,A_ndQ6R4LWWB4AAAAAAAAAAAAAAQAAAQ.jpg
19,A_KSXmS5J8wNQAAAAAAAAAAAAAAQAAAQ.jpg
19,A_ndQ6R4LWWB48VupOoCbcmQAAAQAAAQ.jpg
19,A_ndQ6R4LWWB678VZCjiaJIwAAAQAAAQ.jpg
20,A_SQB_T5zaWDEAAAAAAAAAAAAAAQAAAQ.jpg
20,A_3SeoTISm9IEAAAAAAAAAAAAAAQAAAQ.jpg
20,A__UkKRKNN9PIAAAAAAAAAAAAAAQAAAQ.jpg
20,A_FB-iQqC2t5cAAAAAAAAAAAAAAQAAAQ.jpg
21,A_Fnp6RIX_6jsAAAAAAAAAAAAAAQAAAQ.jpg
21,A_ooB2QbTut7YAAAAAAAAAAAAAAQAAAQ.jpg
21,A__mF0Sq0YW4gAAAAAAAAAAAAAAQAAAQ.jpg
21,A_OGu9SbO9_DoAAAAAAAAAAAAAAQAAAQ.jpg
22,A_hrasSrWtxgIAAAAAAAAAAAAAAQAAAQ.jpg
22,A_YieRTo5BqDQAAAAAAAAAAAAAAQAAAQ.jpg
22,A_Z0psQ6gCOXEAAAAAAAAAAAAAAQAAAQ.jpg
22,A_ROX3Rokq-X8AAAAAAAAAAAAAAQAAAQ.jpg
23,A_IxzJR5WXf70AAAAAAAAAAAAAAQAAAQ.jpg
23,A_lMThRqO3ZpMAAAAAAAAAAAAAAQAAAQ.jpg
23,A_4gu_TqmKddAAAAAAAAAAAAAAAQAAAQ.jpg
23,A_cRRKRIXBAF4AAAAAAAAAAAAAAQAAAQ.jpg
24,A_RgXlRIcnqi4AAAAAAAAAAAAAAQAAAQ.jpg
24,A_uIuFSIH8qMsAAAAAAAAAAAAAAQAAAQ.jpg
24,A_yispR4eUWsIAAAAAAAAAAAAAAQAAAQ.jpg
24,A_LQDbQ4l5LuIAAAAAAAAAAAAAAQAAAQ.jpg
25,A_YaEyRbQ0gTMAAAAAAAAAAAAAAQAAAQ.jpg
25,A_GxYJR6ZZ6x-7A6ZEtdSGAgAAAQAAAQ.jpg
25,A_GxYJR6ZZ6x8AAAAAAAAAAAAAAQAAAQ.jpg
25,A_U1PCSrRrFLkAAAAAAAAAAAAAAQAAAQ.jpg
26,A_j5y0RIWdvaMAAAAAAAAAAAAAAQAAAQ.jpg
26,A_5CdYRKPcd-wAAAAAAAAAAAAAAQAAAQ.jpg
26,A_RzemQ6NHaPMAAAAAAAAAAAAAAQAAAQ.jpg
26,A_nCpTQa-JF6gAAAAAAAAAAAAAAQAAAQ.jpg
27,A_mf0BTp4jCbcAAAAAAAAAAAAAAQAAAQ.jpg
27,A_RIwWTI-S41QAAAAAAAAAAAAAAQAAAQ.jpg
27,A_GkilR4_oniYAAAAAAAAAAAAAAQAAAQ.jpg
27,A_FpGmT6je2CoAAAAAAAAAAAAAAQAAAQ.jpg
28,A_R2wLQqkPgoAAAAAAAAAAAAAAAQAAAQ.jpg
28,A_oga5TKPDsM8AAAAAAAAAAAAAAQAAAQ.jpg
28,A_0t6NSJwNy8cAAAAAAAAAAAAAAQAAAQ.jpg
28,A_hrrIRqaG5fAAAAAAAAAAAAAAAQAAAQ.jpg
29,A_XP3HS4APYJAAAAAAAAAAAAAAAQAAAQ.jpg
29,A_1NUfQ7ZuOwUAAAAAAAAAAAAAAQAAAQ.jpg
29,A_88sdQ5z5JY4AAAAAAAAAAAAAAQAAAQ.jpg
29,A_FefbSJr7o1YAAAAAAAAAAAAAAQAAAQ.jpg
30,A_cTfhTJ2VzbQAAAAAAAAAAAAAAQAAAQ.jpg
30,A_CMoHR6f6K-UAAAAAAAAAAAAAAQAAAQ.jpg
30,A_wEOKTpM8pBMAAAAAAAAAAAAAAQAAAQ.jpg
30,A_0VkmQL13NX0AAAAAAAAAAAAAAQAAAQ.jpg
31,A_r_VSRaYJlX0AAAAAAAAAAAAAAQAAAQ.jpg
31,A_3KhtRqMcFGsAAAAAAAAAAAAAAQAAAQ.jpg
31,A_FwPmSKQ_EtoAAAAAAAAAAAAAAQAAAQ.jpg
31,A_Y_xFQYCrDaYAAAAAAAAAAAAAAQAAAQ.jpg
32,A_Jsb4R4PGzEQAAAAAAAAAAAAAAQAAAQ.jpg
32,A_CQS5S7T3HqIAAAAAAAAAAAAAAQAAAQ.jpg
32,A_KD2zS6fzWCEAAAAAAAAAAAAAAQAAAQ.jpg
32,A_gt9IQ5dnUL4AAAAAAAAAAAAAAQAAAQ.jpg
33,A_a-xwQq_cwzQAAAAAAAAAAAAAAQAAAQ.jpg
33,A_JnBbTa59w1sAAAAAAAAAAAAAAQAAAQ.jpg
33,A_DkbgRa_Vse0AAAAAAAAAAAAAAQAAAQ.jpg
33,A_IdCJR45DtOoAAAAAAAAAAAAAAQAAAQ.jpg
34,A_fnZbQYpyE4sAAAAAAAAAAAAAAQAAAQ.jpg
34,A_y85MQrKZhoMAAAAAAAAAAAAAAQAAAQ.jpg
34,A_I__tRZGA6lwAAAAAAAAAAAAAAQAAAQ.jpg
34,A_jHjdQYaQq98AAAAAAAAAAAAAAQAAAQ.jpg
35,-OUnr-fzT02o1RlVapfaFgAAACMAARAD.jpg
35,HHYjwjhPTQGZ1UdJAKY0CQAAACMAARAD.jpg
35,A_uOsMTovXfU4AAAAAAAAAAAAAAQAAAQ.jpg
35,ewzgEvfXQnyWaj9iWvBvxgAAACMAARAD.jpg
36,A__-PnTpYt830UlPlOhHGktAAAAQAAAQ.jpg
36,A__-PnTpYt830AAAAAAAAAAAAAAQAAAQ.jpg
36,A_sAQPSoBu4hwAAAAAAAAAAAAAAQAAAQ.jpg
36,A_MUinRILhy6QAAAAAAAAAAAAAAQAAAQ.jpg
37,A_OD37QaqtKAwAAAAAAAAAAAAAAQAAAQ.jpg
37,A_3VbmTKfrsGkAAAAAAAAAAAAAAQAAAQ.jpg
37,A_hznzQK6hNi4AAAAAAAAAAAAAAQAAAQ.jpg
37,A_d0CwSLF5dNUAAAAAAAAAAAAAAQAAAQ.jpg
38,A_buusSpDhWF8AAAAAAAAAAAAAAQAAAQ.jpg
38,A_FhQFRqAcZBkAAAAAAAAAAAAAAQAAAQ.jpg
38,A_vmSLS4i5PwkAAAAAAAAAAAAAAQAAAQ.jpg
38,A__DZpQKhSwXgAAAAAAAAAAAAAAQAAAQ.jpg
39,A_QU09R4r1ZXgAAAAAAAAAAAAAAQAAAQ.jpg
39,A_hqEoToLc6H4AAAAAAAAAAAAAAQAAAQ.jpg
39,A__Nc2T7l3G0AAAAAAAAAAAAAAAQAAAQ.jpg
39,A_PnXDRaXaKgoAAAAAAAAAAAAAAQAAAQ.jpg
40,A_HGhRSYVrty4AAAAAAAAAAAAAAQAAAQ.jpg
40,A_aAlvSK4N-FoAAAAAAAAAAAAAAQAAAQ.jpg
40,A_DQEURbYFjuwAAAAAAAAAAAAAAQAAAQ.jpg
40,A_SfK7TY70JLUAAAAAAAAAAAAAAQAAAQ.jpg
41,A_RhxdQLoKXzBzGHRAu6EzpgAAAQAAAQ.jpg
41,A_RhxdQLoKXzBWn7JIrbLY4wAAAQAAAQ.jpg
41,A_RhxdQLoKXzAAAAAAAAAAAAAAAQAAAQ.jpg
41,A_RhxdQLoKXzCj0StBiK4bigAAAQAAAQ.jpg
42,A_OSCaQ5Jak68AAAAAAAAAAAAAAQAAAQ.jpg
42,A_45TDTIDE9LAAAAAAAAAAAAAAAQAAAQ.jpg
42,A_PZ1YRIMUnhoAAAAAAAAAAAAAAQAAAQ.jpg
42,A_ztTsR6ZCwDAAAAAAAAAAAAAAAQAAAQ.jpg
43,A_48dSSLsKRRElV29MsiRcfwAAAQAAAQ.jpg
43,A_48dSSLsKRRE4fydHhVLgsQAAAQAAAQ.jpg
43,A_48dSSLsKRRG-IN1Ln5i5JwAAAQAAAQ.jpg
43,A_48dSSLsKRREAAAAAAAAAAAAAAQAAAQ.jpg
44,A_MHLwTqszStYAAAAAAAAAAAAAAQAAAQ.jpg
44,A_tGJ_TqoCenAAAAAAAAAAAAAAAQAAAQ.jpg
44,A_1KqbSo9p_ZwAAAAAAAAAAAAAAQAAAQ.jpg
44,A_ImVaTK6dZKsAAAAAAAAAAAAAAQAAAQ.jpg
45,A_2ExlSZ3Qj9YAAAAAAAAAAAAAAQAAAQ.jpg
45,A_mvBuRrMIc8EAAAAAAAAAAAAAAQAAAQ.jpg
45,A_4OCTQK4RcCQAAAAAAAAAAAAAAQAAAQ.jpg
45,A_ALDNTpESRFYAAAAAAAAAAAAAAQAAAQ.jpg
46,A_NNGZSqfs7F4AAAAAAAAAAAAAAQAAAQ.jpg
46,A__5ZGSIDdgU4AAAAAAAAAAAAAAQAAAQ.jpg
46,A_VP--Rq6z5HgAAAAAAAAAAAAAAQAAAQ.jpg
46,A_cm-9SolXGycAAAAAAAAAAAAAAQAAAQ.jpg
47,A_l5gXRKH4ALsAAAAAAAAAAAAAAQAAAQ.jpg
47,A_tvjsRJKxhr0AAAAAAAAAAAAAAQAAAQ.jpg
47,A_U3VKSJ1hAS0AAAAAAAAAAAAAAQAAAQ.jpg
47,A_U57tTaLPWYQAAAAAAAAAAAAAAQAAAQ.jpg
48,A_3E5wS6JvtSgAAAAAAAAAAAAAAQAAAQ.jpg
48,A_tIf3Rogf5aEAAAAAAAAAAAAAAQAAAQ.jpg
48,A_HEZZQIHn1AEAAAAAAAAAAAAAAQAAAQ.jpg
48,A_rGBzRJmyM_QAAAAAAAAAAAAAAQAAAQ.jpg
49,lKUXYwhdSoK6Xmh-144tYwAAACMAARAD.jpg
49,Rek1nQn5SxKhz9hT59uTMAAAACMAARAD.jpg
49,jiywbtG3RwOnV4EsFl_i0AAAACMAARAD.jpg
49,Ib5WqeaTQX2A2_pY0pOvSAAAACMAARAD.jpg
50,A_9VvbRot9lbgG6VlKoKhjtwAAAQAAAQ.jpg
50,A_9VvbRot9lbgAAAAAAAAAAAAAAQAAAQ.jpg
50,A_Ozo2R5fkgWsAAAAAAAAAAAAAAQAAAQ.jpg
50,A_vVtxRr2yX8F1YypFi3Y4PwAAAQAAAQ.jpg
51,A_oqE3SpmBMOUAAAAAAAAAAAAAAQAAAQ.jpg
51,A_1ptPQbiv5YMAAAAAAAAAAAAAAQAAAQ.jpg
51,A_JAG2Q7AYLRoAAAAAAAAAAAAAAQAAAQ.jpg
51,A_EP2cTJ7KvM4AAAAAAAAAAAAAAQAAAQ.jpg
52,A_2vFLQKnfOGIAAAAAAAAAAAAAAQAAAQ.jpg
52,A_8NgrSq6oZGMAAAAAAAAAAAAAAQAAAQ.jpg
52,A_xCLAS68jLbMAAAAAAAAAAAAAAQAAAQ.jpg
52,A_2e3UQojZvB0AAAAAAAAAAAAAAQAAAQ.jpg
53,A_gAICQa270VgAAAAAAAAAAAAAAQAAAQ.jpg
53,A_HY6HRqzfE8UAAAAAAAAAAAAAAQAAAQ.jpg
53,A_eNGISZO7R_IAAAAAAAAAAAAAAQAAAQ.jpg
53,A_ER7nSavATmMAAAAAAAAAAAAAAQAAAQ.jpg
54,A_4TF_S4f4jSwAAAAAAAAAAAAAAQAAAQ.jpg
54,A_-m3AT62kxGjqvCtDoMQzEgAAAQAAAQ.jpg
54,A_-m3AT62kxGgAAAAAAAAAAAAAAQAAAQ.jpg
54,A_3zhgSZv0zBoAAAAAAAAAAAAAAQAAAQ.jpg
55,A_0TsUTJD7qrwAAAAAAAAAAAAAAQAAAQ.jpg
55,A_zk-PRYYjVB4AAAAAAAAAAAAAAQAAAQ.jpg
55,A_lQ94RLZq9g0AAAAAAAAAAAAAAQAAAQ.jpg
55,A_rYkERIoZJygAAAAAAAAAAAAAAQAAAQ.jpg
56,A_-j7KR51TFIsAAAAAAAAAAAAAAQAAAQ.jpg
56,A_zGKwQoHmToUAAAAAAAAAAAAAAQAAAQ.jpg
56,A_ntRdQpaLkOsAAAAAAAAAAAAAAQAAAQ.jpg
56,A_SCUxTbceHcMAAAAAAAAAAAAAAQAAAQ.jpg
57,A_AUtZR6kou7YAAAAAAAAAAAAAAQAAAQ.jpg
57,A_AdShRIeqSa4AAAAAAAAAAAAAAQAAAQ.jpg
57,A_4aBcSKHpcPQAAAAAAAAAAAAAAQAAAQ.jpg
57,A_CJEKTKZmL-UAAAAAAAAAAAAAAQAAAQ.jpg
58,A_a0DpTZ64e5cAAAAAAAAAAAAAAQAAAQ.jpg
58,A_MdZ_TqR1ADoAAAAAAAAAAAAAAQAAAQ.jpg
58,A_rmrOTITmdrQAAAAAAAAAAAAAAQAAAQ.jpg
58,A_je_bTY5e-AUAAAAAAAAAAAAAAQAAAQ.jpg
59,C-1CJR1WRfuhJJb_Qm68TAAAACMAARAD.jpg
59,A_tfn0Qrx8SvMAAAAAAAAAAAAAAQAAAQ.jpg
59,A_OFl4SICl4nEAAAAAAAAAAAAAAQAAAQ.jpg
59,HHmjSwSbS0KqTv80IyIDUAAAACMAARAD.jpg
60,A_SQY5RKAZGbIAAAAAAAAAAAAAAQAAAQ.jpg
60,A_pAhjQIyxKCGeNl9Ci2JxvwAAAQAAAQ.jpg
60,A_pAhjQIyxKCF-_DBEpiZV9gAAAQAAAQ.jpg
60,A_pAhjQIyxKCEAAAAAAAAAAAAAAQAAAQ.jpg
61,A_WedBTYtgkakAAAAAAAAAAAAAAQAAAQ.jpg
61,A_dcCBSrwbLW4AAAAAAAAAAAAAAQAAAQ.jpg
61,A_UgcjSrRCiH4AAAAAAAAAAAAAAQAAAQ.jpg
61,A_7TPlSYbTGc8AAAAAAAAAAAAAAQAAAQ.jpg
62,A_93FIQbO91IsAAAAAAAAAAAAAAQAAAQ.jpg
62,A_iIzQQJPE3hgAAAAAAAAAAAAAAQAAAQ.jpg
62,A_kwfhTbdNfIAAAAAAAAAAAAAAAQAAAQ.jpg
62,A_kwfhTbdNfIB2mjJDq1YT4gAAAQAAAQ.jpg
63,A_bJxJTIcTm-kAAAAAAAAAAAAAAQAAAQ.jpg
63,A__Y7kQa06Fg0AAAAAAAAAAAAAAQAAAQ.jpg
63,A_e35QQImvQgwAAAAAAAAAAAAAAQAAAQ.jpg
63,A_cKzDRJ5ozJYAAAAAAAAAAAAAAQAAAQ.jpg
64,A_UUnBRYN6LtkAAAAAAAAAAAAAAQAAAQ.jpg
64,A_yfw7SLcDsU8AAAAAAAAAAAAAAQAAAQ.jpg
64,A_V-HxT5MAy4QAAAAAAAAAAAAAAQAAAQ.jpg
64,A_BXF3QZt8HpkAAAAAAAAAAAAAAQAAAQ.jpg
65,A_AmJ4Rpp1TZIAAAAAAAAAAAAAAQAAAQ.jpg
65,A_WQ1bTZ_ke68AAAAAAAAAAAAAAQAAAQ.jpg
65,A_Zwb6Qbb53RgAAAAAAAAAAAAAAQAAAQ.jpg
65,A_I1HhTLYUzowAAAAAAAAAAAAAAQAAAQ.jpg
66,A_y4dfQ5bdrRkAAAAAAAAAAAAAAQAAAQ.jpg
66,A_trrMSb1tklgAAAAAAAAAAAAAAQAAAQ.jpg
66,A_QEBYS4P2jWMAAAAAAAAAAAAAAQAAAQ.jpg
66,A_lKAnQKJqETsAAAAAAAAAAAAAAQAAAQ.jpg
67,A_GG32S57NvoMAAAAAAAAAAAAAAQAAAQ.jpg
67,A_MUcnRqpuGhUAAAAAAAAAAAAAAQAAAQ.jpg
67,A_bAmqSJLgjIEAAAAAAAAAAAAAAQAAAQ.jpg
67,A_XaiXRKwWssYAAAAAAAAAAAAAAQAAAQ.jpg
68,A__hsnSoK1bzMAAAAAAAAAAAAAAQAAAQ.jpg
68,A_fmp0S4VrbOMAAAAAAAAAAAAAAQAAAQ.jpg
68,A_pM4VQqILGl0AAAAAAAAAAAAAAQAAAQ.jpg
68,A_W06bQbCF4MoAAAAAAAAAAAAAAQAAAQ.jpg
69,A_WLgJSr0thXVt5ItEpnhtfwAAAQAAAQ.jpg
69,A_WLgJSr0thXUAAAAAAAAAAAAAAQAAAQ.jpg
69,A_awdIQ5WYlMsAAAAAAAAAAAAAAQAAAQ.jpg
69,A_c0F6TYZEtKkAAAAAAAAAAAAAAQAAAQ.jpg
70,A_n6SBS4LhiikAAAAAAAAAAAAAAQAAAQ.jpg
70,A_1ywYTbUkS1wAAAAAAAAAAAAAAQAAAQ.jpg
70,A_Ri5wSoy6h5oAAAAAAAAAAAAAAQAAAQ.jpg
70,A_QO7OQ5DXBf4AAAAAAAAAAAAAAQAAAQ.jpg
71,A_1rpIT5Vto3QAAAAAAAAAAAAAAQAAAQ.jpg
71,A_HazcSJ-O5X0AAAAAAAAAAAAAAQAAAQ.jpg
71,A_JMJSSZxj4DMAAAAAAAAAAAAAAQAAAQ.jpg
71,A_pxD7SofmcMEAAAAAAAAAAAAAAQAAAQ.jpg
72,A_K15yS7JLfoAAAAAAAAAAAAAAAQAAAQ.jpg
72,A_J61IR7x-YjcAAAAAAAAAAAAAAQAAAQ.jpg
72,A_O-ndR7bC5SoAAAAAAAAAAAAAAQAAAQ.jpg
72,A_4bi4SZ76HrkAAAAAAAAAAAAAAQAAAQ.jpg
73,A_ZZQhQqSNebEAAAAAAAAAAAAAAQAAAQ.jpg
73,A_XEIpTIIMjLkAAAAAAAAAAAAAAQAAAQ.jpg
73,A_llorT5LGWWQAAAAAAAAAAAAAAQAAAQ.jpg
73,A_h889RouW5y0AAAAAAAAAAAAAAQAAAQ.jpg
74,A_KMUdRLbEJOIAAAAAAAAAAAAAAQAAAQ.jpg
74,A_o4N5S6uDkC4AAAAAAAAAAAAAAQAAAQ.jpg
74,A_6sXTSKnVciYAAAAAAAAAAAAAAQAAAQ.jpg
74,A_nej2QY0ibXAAAAAAAAAAAAAAAQAAAQ.jpg
75,A_d1htQ6oI4nkAAAAAAAAAAAAAAQAAAQ.jpg
75,A_dqZcQJ9Ei9kAAAAAAAAAAAAAAQAAAQ.jpg
75,A_ea79R5MaKrMAAAAAAAAAAAAAAQAAAQ.jpg
75,A_aKSyRoo6dPgAAAAAAAAAAAAAAQAAAQ.jpg
76,A_b-lATJkqojUAAAAAAAAAAAAAAQAAAQ.jpg
76,A_neA7QbiXejIAAAAAAAAAAAAAAQAAAQ.jpg
76,A_neA7QbiXejJCFM9Jj1eBFQAAAQAAAQ.jpg
76,A_x4ISQbbd9AYAAAAAAAAAAAAAAQAAAQ.jpg
77,YoCfNKzRSWyblXfpILsS8AAAACMAARAD.jpg
77,PmbHctUgRu6uo1DWbOKbCgAAACMAARAD.jpg
77,GvV3gK82QgiPJQLqU62rUAAAACMAARAD.jpg
77,MFyTb_3IRka4Su414NgZtgAAACMAARAD.jpg
78,A_UBtESZgpfsQAAAAAAAAAAAAAAQAAAQ.jpg
78,A_kyP2R5hXCDcAAAAAAAAAAAAAAQAAAQ.jpg
78,A_i1sgT5VyoAYAAAAAAAAAAAAAAQAAAQ.jpg
78,A_p_OnSYYzVcQAAAAAAAAAAAAAAQAAAQ.jpg
79,A_eRFNRoH2CsIAAAAAAAAAAAAAAQAAAQ.jpg
79,A_iOe9S5OhUKEAAAAAAAAAAAAAAQAAAQ.jpg
79,A_rrwTRKP_gJoAAAAAAAAAAAAAAQAAAQ.jpg
79,A_7V1lRpQc7jsAAAAAAAAAAAAAAQAAAQ.jpg
80,A_FL9hQ5097KgAAAAAAAAAAAAAAQAAAQ.jpg
80,A__5meRKitlWAAAAAAAAAAAAAAAQAAAQ.jpg
80,A_WjRaSrvul1EAAAAAAAAAAAAAAQAAAQ.jpg
80,A_DIs-RZbQBDUAAAAAAAAAAAAAAQAAAQ.jpg
81,A_AxSkQaTvX4EAAAAAAAAAAAAAAQAAAQ.jpg
81,A_MV1cQLWXiOkAAAAAAAAAAAAAAQAAAQ.jpg
81,A_Ny0qR4ijYUAAAAAAAAAAAAAAAQAAAQ.jpg
81,A_YJUlSraNVDMAAAAAAAAAAAAAAQAAAQ.jpg
82,A_-70AT7Fngo4AAAAAAAAAAAAAAQAAAQ.jpg
82,A_djLRQqFL3CAAAAAAAAAAAAAAAQAAAQ.jpg
82,A_dKChTrW92q0AAAAAAAAAAAAAAQAAAQ.jpg
82,A_x38EQaB-7McAAAAAAAAAAAAAAQAAAQ.jpg
83,A_4NBCS55O3v8AAAAAAAAAAAAAAQAAAQ.jpg
83,A_m5bVQbH_eRoAAAAAAAAAAAAAAQAAAQ.jpg
83,A_xfPkRag3GioAAAAAAAAAAAAAAQAAAQ.jpg
83,A_-vqVRa03eYcAAAAAAAAAAAAAAQAAAQ.jpg
84,A_1i6ORIX13ewAAAAAAAAAAAAAAQAAAQ.jpg
84,A_kCIKTIHHtFwAAAAAAAAAAAAAAQAAAQ.jpg
84,A_ocELSotxk20AAAAAAAAAAAAAAQAAAQ.jpg
84,A_Kum9T7I4dEYAAAAAAAAAAAAAAQAAAQ.jpg
85,A_ESeyTqHYqioAAAAAAAAAAAAAAQAAAQ.jpg
85,A_-X0eRpe9n84AAAAAAAAAAAAAAQAAAQ.jpg
85,A_XJigQI9BPOkAAAAAAAAAAAAAAQAAAQ.jpg
85,A_5yHUSYr7UNEAAAAAAAAAAAAAAQAAAQ.jpg
86,A_ZnzaRIVDZpkAAAAAAAAAAAAAAQAAAQ.jpg
86,A_rjqPRKc62GMAAAAAAAAAAAAAAQAAAQ.jpg
86,A_PVDPT4LG3rr7pi5FhyZQswAAAQAAAQ.jpg
86,A_PVDPT4LG3roAAAAAAAAAAAAAAQAAAQ.jpg
87,A_qJFCQ6t0mrMAAAAAAAAAAAAAAQAAAQ.jpg
87,A_62EnTr3pZ2oAAAAAAAAAAAAAAQAAAQ.jpg
87,A_Rv48R6d0-G8AAAAAAAAAAAAAAQAAAQ.jpg
87,A_rFZ9Sb3Rg6YAAAAAAAAAAAAAAQAAAQ.jpg
88,A_V8RlTItgIHcAAAAAAAAAAAAAAQAAAQ.jpg
88,A_Tk4LS45Ouq0AAAAAAAAAAAAAAQAAAQ.jpg
88,A_Q_YfQZzolE8AAAAAAAAAAAAAAQAAAQ.jpg
88,A_FHY6Sqmwc2YAAAAAAAAAAAAAAQAAAQ.jpg
89,A_pCZZRqIYGPIAAAAAAAAAAAAAAQAAAQ.jpg
89,A_aYf7Qa3q5vMAAAAAAAAAAAAAAQAAAQ.jpg
89,A_PhAuSb5BlU0AAAAAAAAAAAAAAQAAAQ.jpg
89,A_pslaS6eCb08AAAAAAAAAAAAAAQAAAQ.jpg
90,A_Khn4S6K8OhIAAAAAAAAAAAAAAQAAAQ.jpg
90,A_nn4iTbjKkawAAAAAAAAAAAAAAQAAAQ.jpg
90,A_gHhtSovG5sAAAAAAAAAAAAAAAQAAAQ.jpg
90,A_Uru-QreyxnoAAAAAAAAAAAAAAQAAAQ.jpg
91,A_-PWeQpZwh1UAAAAAAAAAAAAAAQAAAQ.jpg
91,A_CxTrS7con6AAAAAAAAAAAAAAAQAAAQ.jpg
91,A_pHhWTq4XmUwAAAAAAAAAAAAAAQAAAQ.jpg
91,A_F2zAQJo-eUcAAAAAAAAAAAAAAQAAAQ.jpg
92,GKdzWeG-TqiCgxuoQc0dYwAAACMAARAD.jpg
92,Zq5_bWUSSEqTKjlX86hgXwAAACMAARAD.jpg
92,OauFl0mdSSeNK_ZHxXY5EwAAACMAARAD.jpg
92,YD4NTX1HQ4-K1HH0O29-bQAAACMAARAD.jpg
93,A_MPwcR6Iro8MAAAAAAAAAAAAAAQAAAQ.jpg
93,A_JBSaT5gKLKAAAAAAAAAAAAAAAQAAAQ.jpg
93,A_-uQdQ4Giuh4AAAAAAAAAAAAAAQAAAQ.jpg
93,A_GMHRR69uocMAAAAAAAAAAAAAAQAAAQ.jpg
94,A_RJtpR7BIFdIAAAAAAAAAAAAAAQAAAQ.jpg
94,A_kkrFRJeNZ3cAAAAAAAAAAAAAAQAAAQ.jpg
94,A_iVUdSZfJtQkAAAAAAAAAAAAAAQAAAQ.jpg
94,A_7VaqRpFAepIAAAAAAAAAAAAAAQAAAQ.jpg
95,A_tQsFRLhQjPQAAAAAAAAAAAAAAQAAAQ.jpg
95,A_HynNRZ1fPx4AAAAAAAAAAAAAAQAAAQ.jpg
95,A_93wcQ7WUKR8AAAAAAAAAAAAAAQAAAQ.jpg
95,A_BoL5TpnSKYkAAAAAAAAAAAAAAQAAAQ.jpg
96,A_TzmsSIRnWb8AAAAAAAAAAAAAAQAAAQ.jpg
96,A_E4GNTIei6DYAAAAAAAAAAAAAAQAAAQ.jpg
96,A_Sv1iRbvcyd8AAAAAAAAAAAAAAQAAAQ.jpg
96,A_XujRTKJ4LZAAAAAAAAAAAAAAAQAAAQ.jpg
97,A_8RT_T5hxuKEAAAAAAAAAAAAAAQAAAQ.jpg
97,A_rvNVS60ZdREAAAAAAAAAAAAAAQAAAQ.jpg
97,A_qQ5BS5rSX1sAAAAAAAAAAAAAAQAAAQ.jpg
97,A_ZAtMQoLf_0kAAAAAAAAAAAAAAQAAAQ.jpg
98,A_on8KTKnfcVoAAAAAAAAAAAAAAQAAAQ.jpg
98,A_LZLCT6IEZwQAAAAAAAAAAAAAAQAAAQ.jpg
98,A_dNQaT5rv9KIAAAAAAAAAAAAAAQAAAQ.jpg
98,A_2bgHRKnR2eUAAAAAAAAAAAAAAQAAAQ.jpg
99,iE9OKE_NTWKRdk6-oiigAAAAACMAARAD.jpg
99,4NKg6nmVQA2OeLiFOj77jAAAACMAARAD.jpg
99,36TZKg6lRvib8U2iyVLNlwAAACMAARAD.jpg
99,9cMtRFu3TUCvVanDcFOEDgAAACMAARAD.jpg
100,A_VoUaSbIr6TMAAAAAAAAAAAAAAQAAAQ.jpg
100,A_3GY-RZ0QE48AAAAAAAAAAAAAAQAAAQ.jpg
100,A_3GY-RZ0QE4-0dBtKvgUZHgAAAQAAAQ.jpg
100,A_bTEeSrVxZH0AAAAAAAAAAAAAAQAAAQ.jpg
101,A_1dAqTro2Z6YAAAAAAAAAAAAAAQAAAQ.jpg
101,A_RsQtRZilec8AAAAAAAAAAAAAAQAAAQ.jpg
101,A_JJrsSYTDPgYAAAAAAAAAAAAAAQAAAQ.jpg
101,A_4nDPQpIuiFIAAAAAAAAAAAAAAQAAAQ.jpg
102,A_MJ0FQ6vdBpwAAAAAAAAAAAAAAQAAAQ.jpg
102,A_mPyvQYuU7PkAAAAAAAAAAAAAAQAAAQ.jpg
102,A_uXBjR5AMEVwAAAAAAAAAAAAAAQAAAQ.jpg
102,A_SpzxRKkCQ_cAAAAAAAAAAAAAAQAAAQ.jpg
103,A_jejUTK4UnlwAAAAAAAAAAAAAAQAAAQ.jpg
103,A_A7o7SbwfJbQAAAAAAAAAAAAAAQAAAQ.jpg
103,A_5kjjSIDZmSgAAAAAAAAAAAAAAQAAAQ.jpg
103,A_5K-yQJWbPs8AAAAAAAAAAAAAAQAAAQ.jpg
104,A_VnRiRp0Zo7oAAAAAAAAAAAAAAQAAAQ.jpg
104,A_Txx_Tr-LV2oAAAAAAAAAAAAAAQAAAQ.jpg
104,A_QLd9RZWfCzYAAAAAAAAAAAAAAQAAAQ.jpg
104,A_zjjkSbhzPKIAAAAAAAAAAAAAAQAAAQ.jpg
105,5D329NxWSsOXjsi8wVFy9wAAACMAARAD.jpg
105,0k8iH_gpQGiWVri8gxh-rQAAACMAARAD.jpg
105,5hBKGAF5TI6zowS8W_eXmwAAACMAARAD.jpg
105,JgbkZ-1qSOqUlK9wGrKX2QAAACMAARAD.jpg
106,A_7Ns9SJjhfogAAAAAAAAAAAAAAQAAAQ.jpg
106,A_WJhgTJbSQ3kAAAAAAAAAAAAAAQAAAQ.jpg
106,A_WJhgTJbSQ3lPgj5HqNfZUwAAAQAAAQ.jpg
106,A_pSNwTL6nvMAAAAAAAAAAAAAAAQAAAQ.jpg
107,A_CXlHRZWz8o4AAAAAAAAAAAAAAQAAAQ.jpg
107,A_fLbhRJRVKr8AAAAAAAAAAAAAAQAAAQ.jpg
107,A_X2jGQJ1x71MAAAAAAAAAAAAAAQAAAQ.jpg
107,A_-3nBTKEKkCcAAAAAAAAAAAAAAQAAAQ.jpg
108,A_firuQrAwxWwAAAAAAAAAAAAAAQAAAQ.jpg
108,A_IR_CQLQISTgAAAAAAAAAAAAAAQAAAQ.jpg
108,A_8wDfTrGK0OcAAAAAAAAAAAAAAQAAAQ.jpg
108,A_dYVVTplJ0joAAAAAAAAAAAAAAQAAAQ.jpg
109,A_peQOTZvL3UsAAAAAAAAAAAAAAQAAAQ.jpg
109,A_SN0WQLGhAB0AAAAAAAAAAAAAAQAAAQ.jpg
109,A_nBtjRrwX1PAAAAAAAAAAAAAAAQAAAQ.jpg
109,A_T2loSoSYqggAAAAAAAAAAAAAAQAAAQ.jpg
110,A_YKMvQKqWCiMAAAAAAAAAAAAAAQAAAQ.jpg
110,A_ZQVVR5IHt0kAAAAAAAAAAAAAAQAAAQ.jpg
110,A_v-ugQIZEqnYAAAAAAAAAAAAAAQAAAQ.jpg
110,A_BJPXRZpKeOYAAAAAAAAAAAAAAQAAAQ.jpg
111,A_G9sdQpEzkPsAAAAAAAAAAAAAAQAAAQ.jpg
111,A_nTLZSZEAiW0AAAAAAAAAAAAAAQAAAQ.jpg
111,A_ww7JSLM2B6cAAAAAAAAAAAAAAQAAAQ.jpg
111,A_OT5KSKJ0RSsAAAAAAAAAAAAAAQAAAQ.jpg
112,A_ePTvQqRzsC4AAAAAAAAAAAAAAQAAAQ.jpg
112,A_fRJOT72HzWIAAAAAAAAAAAAAAQAAAQ.jpg
112,A_aKEASJLI6M8AAAAAAAAAAAAAAQAAAQ.jpg
112,A_mBCNT79qkqcAAAAAAAAAAAAAAQAAAQ.jpg
113,A_SrPiQr6mzM4AAAAAAAAAAAAAAQAAAQ.jpg
113,A_YLaJTpuBhscAAAAAAAAAAAAAAQAAAQ.jpg
113,A_C9ZMRLPOTWgAAAAAAAAAAAAAAQAAAQ.jpg
113,A_fL-gToAj5qMAAAAAAAAAAAAAAQAAAQ.jpg
114,STvLBwXOSb2Xc0LqiGZeagAAACMAARAD.jpg
114,tfi6MjcXSqyG8ecs-8uIPwAAACMAARAD.jpg
114,VvxXvalIReKthFDf49q89AAAACMAARAD.jpg
114,6CLfUeSHSySjPIF9a_7hGQAAACMAARAD.jpg
115,A_3l-TQLIFeTIAAAAAAAAAAAAAAQAAAQ.jpg
115,A_4xJ1SLPL8kMAAAAAAAAAAAAAAQAAAQ.jpg
115,A_VyxaQI4BvS0AAAAAAAAAAAAAAQAAAQ.jpg
115,A_Lw9uR5KIeTkAAAAAAAAAAAAAAQAAAQ.jpg
116,A_xA0TT48xkyQAAAAAAAAAAAAAAQAAAQ.jpg
116,A_ft4gR6gFtMQAAAAAAAAAAAAAAQAAAQ.jpg
116,A_cIOMQ6eeGkcAAAAAAAAAAAAAAQAAAQ.jpg
116,A_SDbjR7f2Tw8AAAAAAAAAAAAAAQAAAQ.jpg
117,A_N-fMTZi45YkAAAAAAAAAAAAAAQAAAQ.jpg
117,A_qfN-QqRS1r8AAAAAAAAAAAAAAQAAAQ.jpg
117,A_6-2QTarqWCMAAAAAAAAAAAAAAQAAAQ.jpg
117,A_TTZNQKFcuckAAAAAAAAAAAAAAQAAAQ.jpg
118,A_wvhSTKm4P04AAAAAAAAAAAAAAQAAAQ.jpg
118,A_36mvT4ZUxScAAAAAAAAAAAAAAQAAAQ.jpg
118,A_5bE-Qrpd1_YAAAAAAAAAAAAAAQAAAQ.jpg
118,A_j3_kT6qfvMIAAAAAAAAAAAAAAQAAAQ.jpg
119,A_gpjhS5bIVs0AAAAAAAAAAAAAAQAAAQ.jpg
119,A_IwS9RrDdxiwAAAAAAAAAAAAAAQAAAQ.jpg
119,A_8zVxQosGazwAAAAAAAAAAAAAAQAAAQ.jpg
119,A_lpGjQb2DyQ4AAAAAAAAAAAAAAQAAAQ.jpg
120,gNid0qwgQqmMnKibme-woAAAACMAARAD.jpg
120,4C-QrnWMRWyxfP1gSeZVggAAACMAARAD.jpg
120,wRHP77vYRVmhbu7cljx89QAAACMAARAD.jpg
120,2DnVgdE9RkSSHt-PPvhlIgAAACMAARAD.jpg
121,A_kUpcQ5srtgsAAAAAAAAAAAAAAQAAAQ.jpg
121,A_nDYKS71_mHYAAAAAAAAAAAAAAQAAAQ.jpg
121,A_Bo9KRJ3aKcEAAAAAAAAAAAAAAQAAAQ.jpg
121,A_T3RQT7UcrjQAAAAAAAAAAAAAAQAAAQ.jpg
122,NWYcyN6AR_OQmhU2Pnn-TgAAACMAARAD.jpg
122,V8hwqSnQTSijjjAH6DxvGgAAACMAARAD.jpg
122,5ELS4DamS2iWiH-RdH7dAwAAACMAARAD.jpg
122,s6BJNx6SSB6vRNFSH98CCwAAACMAARAD.jpg
123,A_mrZOQ6H82f8AAAAAAAAAAAAAAQAAAQ.jpg
123,A_LIxURpxbcl4AAAAAAAAAAAAAAQAAAQ.jpg
123,A_RNUPQaLA6j8AAAAAAAAAAAAAAQAAAQ.jpg
123,A_WLZwSqgD6K4AAAAAAAAAAAAAAQAAAQ.jpg
124,A_aN3SR7gjhP8AAAAAAAAAAAAAAQAAAQ.jpg
124,A_V2GCSre7OxsAAAAAAAAAAAAAAQAAAQ.jpg
124,A_KjppRIgldQsAAAAAAAAAAAAAAQAAAQ.jpg
124,A_NK46QounSywAAAAAAAAAAAAAAQAAAQ.jpg
125,A_FSw9SK2ddNwAAAAAAAAAAAAAAQAAAQ.jpg
125,A_JhMITI6-TjMAAAAAAAAAAAAAAQAAAQ.jpg
125,A_Qj0uR7kSjqkAAAAAAAAAAAAAAQAAAQ.jpg
125,A_8qHeSZXvqN8AAAAAAAAAAAAAAQAAAQ.jpg
126,A_YONYT72XKREAAAAAAAAAAAAAAQAAAQ.jpg
126,A_XmeDR4vO-SYAAAAAAAAAAAAAAQAAAQ.jpg
126,A_RYeeT4bEnSUAAAAAAAAAAAAAAQAAAQ.jpg
126,A_jyAcTIto3gwAAAAAAAAAAAAAAQAAAQ.jpg
127,A_tdWIR6a3ZHwAAAAAAAAAAAAAAQAAAQ.jpg
127,A_N6PBR6-C5hMAAAAAAAAAAAAAAQAAAQ.jpg
127,A_R38eTZhm1DkAAAAAAAAAAAAAAQAAAQ.jpg
127,A__eLjSJGTAE8AAAAAAAAAAAAAAQAAAQ.jpg
128,A_tFUmRKpmGfUAAAAAAAAAAAAAAQAAAQ.jpg
128,A_LR9oTr4J7Z0AAAAAAAAAAAAAAQAAAQ.jpg
128,A_KTT3TaVpTvYAAAAAAAAAAAAAAQAAAQ.jpg
128,A__INbQqyAXnQAAAAAAAAAAAAAAQAAAQ.jpg
129,A_S4H5TY5sl1gAAAAAAAAAAAAAAQAAAQ.jpg
129,A_c_FsTa9yFEEAAAAAAAAAAAAAAQAAAQ.jpg
129,A_ZJZ5RI8aZXMAAAAAAAAAAAAAAQAAAQ.jpg
129,A_85pbSJACavQAAAAAAAAAAAAAAQAAAQ.jpg
130,A_ksvpRLd-eXsAAAAAAAAAAAAAAQAAAQ.jpg
130,A_ksvpRLd-eXvaiNtPpYsRywAAAQAAAQ.jpg
130,A_IL0EQaA_ExwAAAAAAAAAAAAAAQAAAQ.jpg
130,A_e8C0TLFBXp4AAAAAAAAAAAAAAQAAAQ.jpg
131,A_SBo5S4WkhuEAAAAAAAAAAAAAAQAAAQ.jpg
131,A_DRJZQadsnSDfTltGsIYatgAAAQAAAQ.jpg
131,A_znuGSLDBkwYAAAAAAAAAAAAAAQAAAQ.jpg
131,A_DRJZQadsnSAAAAAAAAAAAAAAAQAAAQ.jpg
132,A_zQm4TILJZA4AAAAAAAAAAAAAAQAAAQ.jpg
132,A_3TjtTJq-FK8AAAAAAAAAAAAAAQAAAQ.jpg
132,A_BTFNQ4-SvNcAAAAAAAAAAAAAAQAAAQ.jpg
132,A_aIWtTbMqXsYAAAAAAAAAAAAAAQAAAQ.jpg
133,A_TRPaSpSuUgwAAAAAAAAAAAAAAQAAAQ.jpg
133,A_TRPaSpSuUgz8csxDgCb2UwAAAQAAAQ.jpg
133,A_Y32BRaQzPhoAAAAAAAAAAAAAAQAAAQ.jpg
133,A_kidjSLZ7GS0AAAAAAAAAAAAAAQAAAQ.jpg
134,A_CgrARpaVzZwAAAAAAAAAAAAAAQAAAQ.jpg
134,A_zlbfRbY5fVUAAAAAAAAAAAAAAQAAAQ.jpg
134,A_CgrARpaVzZzAmS9Gi3nHhAAAAQAAAQ.jpg
134,A_bzASTovEhBAAAAAAAAAAAAAAAQAAAQ.jpg
135,A_bjyKSJ3Uio8AAAAAAAAAAAAAAQAAAQ.jpg
135,A_8SBLRIyAY5wAAAAAAAAAAAAAAQAAAQ.jpg
135,A_B09BSZ929hkAAAAAAAAAAAAAAQAAAQ.jpg
135,A_6uhiQaYGTTEAAAAAAAAAAAAAAQAAAQ.jpg
136,A__XDvQqNjnIwAAAAAAAAAAAAAAQAAAQ.jpg
136,A_nuO8S5Mey4IAAAAAAAAAAAAAAQAAAQ.jpg
136,A_cAcUR7aE1BYAAAAAAAAAAAAAAQAAAQ.jpg
136,A_NlTbRqjFzT8AAAAAAAAAAAAAAQAAAQ.jpg
137,A_hsXcT65fmPMAAAAAAAAAAAAAAQAAAQ.jpg
137,A_-jPMTYraYysAAAAAAAAAAAAAAQAAAQ.jpg
137,A_P6SqQbKMiecAAAAAAAAAAAAAAQAAAQ.jpg
137,A_vzbbTY9HsGkAAAAAAAAAAAAAAQAAAQ.jpg
138,A_H-CkQojR4CoAAAAAAAAAAAAAAQAAAQ.jpg
138,A_O57tSZBgKToAAAAAAAAAAAAAAQAAAQ.jpg
138,A_88jZT5yRNjsAAAAAAAAAAAAAAQAAAQ.jpg
138,A_rIfRTZISQsIAAAAAAAAAAAAAAQAAAQ.jpg
139,A_w7vDS59CGQIAAAAAAAAAAAAAAQAAAQ.jpg
139,A_1JOMRoAocewAAAAAAAAAAAAAAQAAAQ.jpg
139,A_SZj0S671LscAAAAAAAAAAAAAAQAAAQ.jpg
139,A__sGiQ6dTHh8AAAAAAAAAAAAAAQAAAQ.jpg
140,A_wV82T643O64AAAAAAAAAAAAAAQAAAQ.jpg
140,A_5eOaRJXGVgYAAAAAAAAAAAAAAQAAAQ.jpg
140,A_SsMoToIbxesAAAAAAAAAAAAAAQAAAQ.jpg
140,A_aJ81RZchdhUAAAAAAAAAAAAAAQAAAQ.jpg
141,87x_iY83T0uaNT9xWjTBtQAAACMAARAD.jpg
141,uGDiWc0qTvefnD_Wo7SFogAAACMAARAD.jpg
141,Z94quofmTUKouStLiUD1TAAAACMAARAD.jpg
141,jwIf46glS7aEUQEtPygIuwAAACMAARAD.jpg
142,A_3kmNSqqEHMUAAAAAAAAAAAAAAQAAAQ.jpg
142,A_A5aCS6sLfU8AAAAAAAAAAAAAAQAAAQ.jpg
142,A_YB0mTK-7VHcAAAAAAAAAAAAAAQAAAQ.jpg
142,A_t_JbTYIjGFUAAAAAAAAAAAAAAQAAAQ.jpg
143,A_EACARbOgc08AAAAAAAAAAAAAAQAAAQ.jpg
143,A_T4LWSr7Rk-TjXwJOre4regAAAQAAAQ.jpg
143,A_T4LWSr7Rk-QAAAAAAAAAAAAAAQAAAQ.jpg
143,A_IvKSS5-Hkf0AAAAAAAAAAAAAAQAAAQ.jpg
144,A_vFQsRr_oLIIAAAAAAAAAAAAAAQAAAQ.jpg
144,A_vFQsRr_oLIKqEW9AgNR9sAAAAQAAAQ.jpg
144,A_vFQsRr_oLIKKLfhBklwl6AAAAQAAAQ.jpg
144,A_vFQsRr_oLIJp3fdFmMMkTgAAAQAAAQ.jpg
145,A_fM1TT4OBhA4AAAAAAAAAAAAAAQAAAQ.jpg
145,A_0yeBTqh3zQkAAAAAAAAAAAAAAQAAAQ.jpg
145,A_K5rBTacdMmMAAAAAAAAAAAAAAQAAAQ.jpg
145,A_7UsWTKxwXAkAAAAAAAAAAAAAAQAAAQ.jpg
146,A_pe2oQIThSlcAAAAAAAAAAAAAAQAAAQ.jpg
146,A_Am40Q4bnkkwAAAAAAAAAAAAAAQAAAQ.jpg
146,A_LVc4TI-iJE8AAAAAAAAAAAAAAQAAAQ.jpg
146,A_2Wq1Qa6FvyUAAAAAAAAAAAAAAQAAAQ.jpg
147,O1CN01doTEx727Akrz8zgvy_!!0-mtopupload.jpg
147,O1CN01y6C6ao27Aks1pFGAN_!!0-mtopupload.jpg
147,O1CN01TOTsGF27Aks1HDDaW_!!0-mtopupload.jpg
147,O1CN01cmWqZI27Aks5YStHp_!!0-mtopupload.jpg
148,A_ZpzBSpRSAo8AAAAAAAAAAAAAAQAAAQ.jpg
148,A_b8cPTp_4uoAAAAAAAAAAAAAAAQAAAQ.jpg
148,A_T883Tb1uBdMAAAAAAAAAAAAAAQAAAQ.jpg
148,A_8kebSIgMrV4AAAAAAAAAAAAAAQAAAQ.jpg
149,A_fOo_R5WS-8IAAAAAAAAAAAAAAQAAAQ.jpg
149,A_GD1tQ4FoRssAAAAAAAAAAAAAAQAAAQ.jpg
149,A_N6RHSbHpHwIAAAAAAAAAAAAAAQAAAQ.jpg
149,A_seTzTauD-zkAAAAAAAAAAAAAAQAAAQ.jpg
150,A_lI64S4WeYNQAAAAAAAAAAAAAAQAAAQ.jpg
150,A_5BIxT6odrdoAAAAAAAAAAAAAAQAAAQ.jpg
150,A_HoRcSqUdYd4AAAAAAAAAAAAAAQAAAQ.jpg
150,A_vxksQoNTVjYAAAAAAAAAAAAAAQAAAQ.jpg
151,A_H6e0QKriV2QAAAAAAAAAAAAAAQAAAQ.jpg
151,A_gxsuTYDRe84AAAAAAAAAAAAAAQAAAQ.jpg
151,A_44W2Sbvy7_oAAAAAAAAAAAAAAQAAAQ.jpg
151,A_2Di-TZT8F84AAAAAAAAAAAAAAQAAAQ.jpg
152,A_82KNTr4l0aAAAAAAAAAAAAAAAQAAAQ.jpg
152,A_c5EdQJmJ7lQAAAAAAAAAAAAAAQAAAQ.jpg
152,A_1IR6SK_TIcMAAAAAAAAAAAAAAQAAAQ.jpg
152,A_Fko0TZDJDeAAAAAAAAAAAAAAAQAAAQ.jpg
153,A_GqN3Ran8VVoAAAAAAAAAAAAAAQAAAQ.jpg
153,A_E6xjT7EvvkcAAAAAAAAAAAAAAQAAAQ.jpg
153,A_eLr6R4Zbe0sAAAAAAAAAAAAAAQAAAQ.jpg
153,A_SLbIQYFWybwAAAAAAAAAAAAAAQAAAQ.jpg
154,9rMuvy18RieaAYT879b_OgAAACMAARAD.jpg
154,FCagrPuuQeaq7CdZj0lTGgAAACMAARAD.jpg
154,Er5MymNZRfGy9Q1ppEdMFQAAACMAARAD.jpg
154,m7XO4HTQQGSydr59Di7_8QAAACMAARAD.jpg
155,A_gCLiTZroRjcAAAAAAAAAAAAAAQAAAQ.jpg
155,A_qEnlSZ0DsQYAAAAAAAAAAAAAAQAAAQ.jpg
155,A_Ov1UQKneZv4AAAAAAAAAAAAAAQAAAQ.jpg
155,A_iD91S62hRy0AAAAAAAAAAAAAAQAAAQ.jpg
156,YtMLtvUCSVS94SyMjq5vbgAAACMAARAD.jpg
156,KM0JjnBGTbmteHIDUTq6NAAAACMAARAD.jpg
156,pq7mA3klSgiw8QSPQHKEIAAAACMAARAD.jpg
156,8TubuMDgRqmLoSCr65M5gAAAACMAARAD.jpg
157,A_oqU5RabeolgAAAAAAAAAAAAAAQAAAQ.jpg
157,A_0q6XSLRSS_QAAAAAAAAAAAAAAQAAAQ.jpg
157,A_OOP1TbPZFDQAAAAAAAAAAAAAAQAAAQ.jpg
157,A_f9DBRIGDNKMAAAAAAAAAAAAAAQAAAQ.jpg
158,A_OScWRqmwDboAAAAAAAAAAAAAAQAAAQ.jpg
158,A_QUiUQIULXegAAAAAAAAAAAAAAQAAAQ.jpg
158,A_xVD0SKL3HReFGcVFvQGi2gAAAQAAAQ.jpg
158,A_xVD0SKL3HRcAAAAAAAAAAAAAAQAAAQ.jpg
159,A_i3noT63_wyUAAAAAAAAAAAAAAQAAAQ.jpg
159,A_KmP3QaPYs1EAAAAAAAAAAAAAAQAAAQ.jpg
159,A_Tm_TSo9wrRsAAAAAAAAAAAAAAQAAAQ.jpg
159,A_y2dvRaqErg8AAAAAAAAAAAAAAQAAAQ.jpg
160,A_d_NNTJkrcQEAAAAAAAAAAAAAAQAAAQ.jpg
160,A_Dz2kRoNzwQ0AAAAAAAAAAAAAAQAAAQ.jpg
160,A_bFWfTJWeMXoAAAAAAAAAAAAAAQAAAQ.jpg
160,A_jt1zS55HELQAAAAAAAAAAAAAAQAAAQ.jpg
161,A_A94FQqzLI1IAAAAAAAAAAAAAAQAAAQ.jpg
161,A_Mni-QYwgHGoAAAAAAAAAAAAAAQAAAQ.jpg
161,A_r06FTZXTfOcAAAAAAAAAAAAAAQAAAQ.jpg
161,A_VRkkRqOXBfgAAAAAAAAAAAAAAQAAAQ.jpg
162,A_DBcvT6P_S6wAAAAAAAAAAAAAAQAAAQ.jpg
162,A_IbTrRbG09VYAAAAAAAAAAAAAAQAAAQ.jpg
162,A_2xgWSbmSjI4AAAAAAAAAAAAAAQAAAQ.jpg
162,A_jCTRS4qu9PMAAAAAAAAAAAAAAQAAAQ.jpg
163,jIHRCHkASPOMbKiRwUIpswAAACMAARAD.jpg
163,UbmCCSuXSn2oLeVfmmbu-AAAACMAARAD.jpg
163,uQFpCO5fT3Koqi76GmyeDgAAACMAARAD.jpg
163,dRHsw_JtQeipYQIkZAhgjAAAACMAARAD.jpg
164,w3WdUpUnQTOcxVLAgQQ3pQAAACMAARAD.jpg
164,T23k5XQgQyyZpsxkWYKbOgAAACMAARAD.jpg
164,5V17-tgwS_GZj4crtUJOYwAAACMAARAD.jpg
164,7F8yQJBzR6mJl_vR4Y-t-gAAACMAARAD.jpg
165,A_cC1OTqO36r8AAAAAAAAAAAAAAQAAAQ.jpg
165,A_EfaqQaxnU5QAAAAAAAAAAAAAAQAAAQ.jpg
165,A_pvK9TYKP0osAAAAAAAAAAAAAAQAAAQ.jpg
165,A_o5xGQbyKtUAAAAAAAAAAAAAAAQAAAQ.jpg
166,A_al9eSa43FEgAAAAAAAAAAAAAAQAAAQ.jpg
166,A_ztzVQZ1hhWYAAAAAAAAAAAAAAQAAAQ.jpg
166,A__ra6QbhoNWMAAAAAAAAAAAAAAQAAAQ.jpg
166,A_ySU1Q4XduUoAAAAAAAAAAAAAAQAAAQ.jpg
167,A_1BiuQ7OTJMsAAAAAAAAAAAAAAQAAAQ.jpg
167,A_-RStSICVGJ0AAAAAAAAAAAAAAQAAAQ.jpg
167,A_GhKxQpDI1BcAAAAAAAAAAAAAAQAAAQ.jpg
167,A_l0RsQ5Ugh8gAAAAAAAAAAAAAAQAAAQ.jpg
168,A_9PZtSKPbc14AAAAAAAAAAAAAAQAAAQ.jpg
168,A_dHG2R4cWusEAAAAAAAAAAAAAAQAAAQ.jpg
168,A_zbWQTI5IoBQAAAAAAAAAAAAAAQAAAQ.jpg
168,A_1BHiSJ5qQasAAAAAAAAAAAAAAQAAAQ.jpg
169,QIutiZwlRDeS_ewtYKOPGAAAACMAARAD.jpg
169,IJe9Fo_CR_m2JyqhvrbKDQAAACMAARAD.jpg
169,rfEnBTMcRNG8gyOBmdIdmwAAACMAARAD.jpg
169,xdgS3GGLS5eEL_kMoMpDFAAAACMAARAD.jpg
170,A_UMhRRZk5LF4AAAAAAAAAAAAAAQAAAQ.jpg
170,A_XRezT6cnpH4AAAAAAAAAAAAAAQAAAQ.jpg
170,A_7ZlbT5SwmLEAAAAAAAAAAAAAAQAAAQ.jpg
170,A_e1C3SKznZ0kAAAAAAAAAAAAAAQAAAQ.jpg
171,A_DSn0S7ndMukAAAAAAAAAAAAAAQAAAQ.jpg
171,A_DSn0S7ndMukAgTFJufmUYQAAAQAAAQ.jpg
171,A_ah7jS4QlWS0AAAAAAAAAAAAAAQAAAQ.jpg
171,A_ah7jS4QlWS0Q-3JEuyh8nwAAAQAAAQ.jpg
172,A_Rw01TrjXxT0AAAAAAAAAAAAAAQAAAQ.jpg
172,A_RpjGTZak2WoAAAAAAAAAAAAAAQAAAQ.jpg
172,A_NsTKRKFqPUMAAAAAAAAAAAAAAQAAAQ.jpg
172,A_IRH6R5RmjAMAAAAAAAAAAAAAAQAAAQ.jpg
173,A_bXtzSLvWt7EAAAAAAAAAAAAAAQAAAQ.jpg
173,A_jAiwQLwDI1gAAAAAAAAAAAAAAQAAAQ.jpg
173,A_Lw0GRLcBBekAAAAAAAAAAAAAAQAAAQ.jpg
173,A_5M5-RbCJ-u0AAAAAAAAAAAAAAQAAAQ.jpg
174,A_1d57QaOi3UkAAAAAAAAAAAAAAQAAAQ.jpg
174,A_sI20Sokd4XIAAAAAAAAAAAAAAQAAAQ.jpg
174,A_rcBvQ5si_h8AAAAAAAAAAAAAAQAAAQ.jpg
174,A_8rC8So4LPWYAAAAAAAAAAAAAAQAAAQ.jpg
175,A_g7OjToQL8P8AAAAAAAAAAAAAAQAAAQ.jpg
175,A_WvOkQ7Pk4d8AAAAAAAAAAAAAAQAAAQ.jpg
175,A_lU9TT6HH7DIAAAAAAAAAAAAAAQAAAQ.jpg
175,A_5-JQT7tG2o0AAAAAAAAAAAAAAQAAAQ.jpg
176,A_MO9uT4U-VLQAAAAAAAAAAAAAAQAAAQ.jpg
176,A_dWv0T7Zn6EkAAAAAAAAAAAAAAQAAAQ.jpg
176,A_bZRaTrN-JCQAAAAAAAAAAAAAAQAAAQ.jpg
176,A_b51IT6k9SM4AAAAAAAAAAAAAAQAAAQ.jpg
177,dYyCLuMKQe27BKgb7C_NvAAAACMAARAD.jpg
177,4YDtYglMS6qh24_X9VuMAQAAACMAARAD.jpg
177,VPARy56bSpWrLZtqCZbvIAAAACMAARAD.jpg
177,jWxDFnPVTpCtqDOVhGhbZAAAACMAARAD.jpg
178,A_LxCCRK3YAtkAAAAAAAAAAAAAAQAAAQ.jpg
178,A_xW1kTI86B6oAAAAAAAAAAAAAAQAAAQ.jpg
178,A_sSV0RbPfFgsAAAAAAAAAAAAAAQAAAQ.jpg
178,A_P724R7_rEcgAAAAAAAAAAAAAAQAAAQ.jpg
179,aiRgcQYQR5yMDC3-LqZuawAAACMAARAD.jpg
179,A_gUuERZnGo08AAAAAAAAAAAAAAQAAAQ.jpg
179,Ki9JjXNzRaejgqrp7aixhgAAACMAARAD.jpg
179,FmfSp7Y_T-OpV9DjoG2YDwAAACMAARED.jpg
180,axqOOdqGQiS2tT5gJu_AswAAACMAARAD.jpg
180,AsUi7oBETO6UuraNHNi8AQAAACMAARAD.jpg
180,upQef-PDT8uPgswSbuHdGgAAACMAARAD.jpg
180,68sUwl39RMiMuX12kslF3wAAACMAARAD.jpg
181,A_34BgRK0nzV0AAAAAAAAAAAAAAQAAAQ.jpg
181,A_rkjzR5eHYPIAAAAAAAAAAAAAAQAAAQ.jpg
181,A_4YEUR5xGKo4AAAAAAAAAAAAAAQAAAQ.jpg
181,A_JL1SQJ82jpYAAAAAAAAAAAAAAQAAAQ.jpg
182,A_K0rDRKvoRk4AAAAAAAAAAAAAAQAAAQ.jpg
182,A_mYBkSLpmCu0AAAAAAAAAAAAAAQAAAQ.jpg
182,A_5rByRqRXVwUAAAAAAAAAAAAAAQAAAQ.jpg
182,A_OMmrQI7I9qkAAAAAAAAAAAAAAQAAAQ.jpg
183,A_oHBJTL9NtsMAAAAAAAAAAAAAAQAAAQ.jpg
183,A_o638Q6vSbiQAAAAAAAAAAAAAAQAAAQ.jpg
183,A_tY7fR4d2rjAAAAAAAAAAAAAAAQAAAQ.jpg
183,A_SS_aSptEXpYAAAAAAAAAAAAAAQAAAQ.jpg
184,A_fcnURLHiTn0AAAAAAAAAAAAAAQAAAQ.jpg
184,A_BlXrTKIFo9cAAAAAAAAAAAAAAQAAAQ.jpg
184,A_Kf_FS5hPeWoAAAAAAAAAAAAAAQAAAQ.jpg
184,A_1M0oRY5P_qgAAAAAAAAAAAAAAQAAAQ.jpg
185,A_uIVzQYaW0MEAAAAAAAAAAAAAAQAAAQ.jpg
185,A_u02tS7xdtGkAAAAAAAAAAAAAAQAAAQ.jpg
185,A_yYsWT4QmTlcAAAAAAAAAAAAAAQAAAQ.jpg
185,A_9OiFTJbboocAAAAAAAAAAAAAAQAAAQ.jpg
186,fPxyWaFiQNa_h2FOg3YoWAAAACMAARAD.jpg
186,gMtMMLGySGyBrlJIhXcxuQAAACMAARAD.jpg
186,O_Zb9mWhRly9PM_gQ2MN2wAAACMAARAD.jpg
186,1lNBHCqzTDeBcILBwJp-7QAAACMAARAD.jpg
187,A_8r8cTo75NDIAAAAAAAAAAAAAAQAAAQ.jpg
187,A_T_O8Rq5XNEMAAAAAAAAAAAAAAQAAAQ.jpg
187,A_pc0XT5PyAKUAAAAAAAAAAAAAAQAAAQ.jpg
187,A_bv0TTYlWuwIAAAAAAAAAAAAAAQAAAQ.jpg
188,O1CN01OxeSZz1FhHkXSy1YQ_!!0-mtopupload.jpg
188,O1CN01cy1PZK1e59AAkTl3K_!!0-mtopupload.jpg
188,O1CN01CPOxF81RdPn7VyuiX_!!0-mtopupload.jpg
188,O1CN01SVRPP021g0CDiRcR2_!!0-mtopupload.jpg
189,nDRzJlUoTzyks4mCHlHZnQAAACMAARAD.jpg
189,KiZUnXHUTeGlB70iDueK9gAAACMAARAD.jpg
189,DbovyuegTlaBIELdHb9UUgAAACMAARAD.jpg
189,NBGq_dR6TyWmrJ1sZK-rJQAAACMAARAD.jpg
190,A_UQ5sSYFF-3EAAAAAAAAAAAAAAQAAAQ.jpg
190,A_8HDAS49XxogAAAAAAAAAAAAAAQAAAQ.jpg
190,A_92trTYmXjh8AAAAAAAAAAAAAAQAAAQ.jpg
190,A_pm19QZ3PnRwAAAAAAAAAAAAAAQAAAQ.jpg
191,A_ktHiQ7awIM4AAAAAAAAAAAAAAQAAAQ.jpg
191,A_Lu_QSY6D4o0AAAAAAAAAAAAAAQAAAQ.jpg
191,A_NE2BQbadZ-IAAAAAAAAAAAAAAQAAAQ.jpg
191,A_Lu_QSY6D4o3me29OgELv4AAAAQAAAQ.jpg
192,A_dkfpQLj699oAAAAAAAAAAAAAAQAAAQ.jpg
192,A_Kv-lRqiIlHgAAAAAAAAAAAAAAQAAAQ.jpg
192,A_gBKmTZjlOYAAAAAAAAAAAAAAAQAAAQ.jpg
192,A_TEjCRpG7D_YAAAAAAAAAAAAAAQAAAQ.jpg
193,A_e6KuQLJfh18AAAAAAAAAAAAAAQAAAQ.jpg
193,A_lFU4QaQO5EcAAAAAAAAAAAAAAQAAAQ.jpg
193,A_70g4Qa-scJEAAAAAAAAAAAAAAQAAAQ.jpg
193,A_AFVES4L_ayAAAAAAAAAAAAAAAQAAAQ.jpg
194,A_Y6sFTKz0UWAAAAAAAAAAAAAAAQAAAQ.jpg
194,A_pNhcS71IOMUAAAAAAAAAAAAAAQAAAQ.jpg
194,A_9UDYTZgLB4gAAAAAAAAAAAAAAQAAAQ.jpg
194,A_Rtb3Q5PitckAAAAAAAAAAAAAAQAAAQ.jpg
195,A_p6ojQbPT_XwAAAAAAAAAAAAAAQAAAQ.jpg
195,A_t95-R7ZrvdUAAAAAAAAAAAAAAQAAAQ.jpg
195,A_XanbTYbBjPMAAAAAAAAAAAAAAQAAAQ.jpg
195,A_UlavRbYj3YAAAAAAAAAAAAAAAQAAAQ.jpg
196,A_HymbR5POenMAAAAAAAAAAAAAAQAAAQ.jpg
196,A_0PsoQqDqKOUAAAAAAAAAAAAAAQAAAQ.jpg
196,A_3NhhS50E0kwAAAAAAAAAAAAAAQAAAQ.jpg
196,A_pMddTYUecNkAAAAAAAAAAAAAAQAAAQ.jpg
197,A_FbG1SYXLjLQAAAAAAAAAAAAAAQAAAQ.jpg
197,A_deQ8TrudyR4AAAAAAAAAAAAAAQAAAQ.jpg
197,A_zOilTZKpBnQAAAAAAAAAAAAAAQAAAQ.jpg
197,A_PjdKQYIg_wsAAAAAAAAAAAAAAQAAAQ.jpg
198,A_qWHUSIKJBpYAAAAAAAAAAAAAAQAAAQ.jpg
198,A_to6US6hm56kAAAAAAAAAAAAAAQAAAQ.jpg
198,A_-hMUS6Lvo9EAAAAAAAAAAAAAAQAAAQ.jpg
198,A_XGTbSLRBhcEAAAAAAAAAAAAAAQAAAQ.jpg
199,A_a2W4SL1BsPEAAAAAAAAAAAAAAQAAAQ.jpg
199,A_X0eARr1zW-0AAAAAAAAAAAAAAQAAAQ.jpg
199,A_q-idRpveDTkAAAAAAAAAAAAAAQAAAQ.jpg
199,A_zRDdR4AYySsAAAAAAAAAAAAAAQAAAQ.jpg
200,A_sXe2SpTpRJIAAAAAAAAAAAAAAQAAAQ.jpg
200,A_mFhrRoPXFH8AAAAAAAAAAAAAAQAAAQ.jpg
200,A_2Va5Rancg5IAAAAAAAAAAAAAAQAAAQ.jpg
200,A_-gNwQZCovdUAAAAAAAAAAAAAAQAAAQ.jpg
201,A_xTUhRo0EVosAAAAAAAAAAAAAAQAAAQ.jpg
201,A_rkUlTZBBMIAAAAAAAAAAAAAAAQAAAQ.jpg
201,A_VgVJQLdgshcAAAAAAAAAAAAAAQAAAQ.jpg
201,A_Cd6xRIcVvaEAAAAAAAAAAAAAAQAAAQ.jpg
202,tP4JamvsT6O9Q6iLRSKBvwAAACMAARAD.jpg
202,R5CTF4MATnKFeI6K2LaQXAAAACMAARED.jpg
202,h19DSvzpSaaUkUnxiRc_QAAAACMAARAD.jpg
202,hZROOrdCSqGp_swMeWgdkwAAACMAARAD.jpg
203,A_WQPuQa4VQ2wAAAAAAAAAAAAAAQAAAQ.jpg
203,A_DrEOQIqYXe4AAAAAAAAAAAAAAQAAAQ.jpg
203,A_aRNqT7oQzE8AAAAAAAAAAAAAAQAAAQ.jpg
203,A_RSg5QJfO3x0AAAAAAAAAAAAAAQAAAQ.jpg
204,A_pd_eQpKDenwAAAAAAAAAAAAAAQAAAQ.jpg
204,A_YPlaQKGzl7gAAAAAAAAAAAAAAQAAAQ.jpg
204,A_8aHFTorNdYIAAAAAAAAAAAAAAQAAAQ.jpg
204,A_pg5GT75e0k0AAAAAAAAAAAAAAQAAAQ.jpg
205,A_kyGxSoeB2hcAAAAAAAAAAAAAAQAAAQ.jpg
205,A_FgEqTbDV678AAAAAAAAAAAAAAQAAAQ.jpg
205,A_hKudSIy1PmgAAAAAAAAAAAAAAQAAAQ.jpg
205,A_b2dUSLmoCTMAAAAAAAAAAAAAAQAAAQ.jpg
206,A_pQZlQI9RYBAAAAAAAAAAAAAAAQAAAQ.jpg
206,A_-D-IRo86kQwAAAAAAAAAAAAAAQAAAQ.jpg
206,A_BcIIT567_I4AAAAAAAAAAAAAAQAAAQ.jpg
206,A_LmTcTpIALwoAAAAAAAAAAAAAAQAAAQ.jpg
207,A_ogsPQa6aInYAAAAAAAAAAAAAAQAAAQ.jpg
207,A_sf_kTK9t-fwAAAAAAAAAAAAAAQAAAQ.jpg
207,A_A0FyQpv12HQAAAAAAAAAAAAAAQAAAQ.jpg
207,A_5lvgT7yy5kkAAAAAAAAAAAAAAQAAAQ.jpg
208,A_bt-URb3HfvMAAAAAAAAAAAAAAQAAAQ.jpg
208,A_MXueQIQWMPQAAAAAAAAAAAAAAQAAAQ.jpg
208,A_FCBvQqsU1D8AAAAAAAAAAAAAAQAAAQ.jpg
208,A_djKLQKvSQXQAAAAAAAAAAAAAAQAAAQ.jpg
209,A__3ehRZ3ElxoAAAAAAAAAAAAAAQAAAQ.jpg
209,A_BeGSTKaytqQAAAAAAAAAAAAAAQAAAQ.jpg
209,A_ZFRpSZ2hriAAAAAAAAAAAAAAAQAAAQ.jpg
209,A_AT6CR6abnVIAAAAAAAAAAAAAAQAAAQ.jpg
210,O1CN01vHawVf24CBFynutuJ_!!0-mtopupload.jpg
210,O1CN01erdGd01a4uUmBnUEu_!!0-mtopupload.jpg
210,O1CN01x2kXL41Ygo2IfZtGF_!!0-mtopupload.jpg
210,O1CN01iaKJAX1fW003XyDdO_!!0-mtopupload.jpg
211,A_KQ2IR5UeDwkAAAAAAAAAAAAAAQAAAQ.jpg
211,A_LA8BQoZ97rkAAAAAAAAAAAAAAQAAAQ.jpg
211,A_KQ2IR5UeDwmF--5Ml0eMtAAAAQAAAQ.jpg
211,A_vu-9SqpNl5gAAAAAAAAAAAAAAQAAAQ.jpg
212,A_418ASoKIs2YAAAAAAAAAAAAAAQAAAQ.jpg
212,A_-bKZR4-ZzFAAAAAAAAAAAAAAAQAAAQ.jpg
212,A_eIlhQpX97fgAAAAAAAAAAAAAAQAAAQ.jpg
212,A_FLi3ToiEOMYAAAAAAAAAAAAAAQAAAQ.jpg
213,7UQu2zBFRI-Z7OXw6YmjBgAAACMAARAD.jpg
213,0XDi4hvoT8yIL6eaXvcLywAAACMAARAD.jpg
213,LTa6utJ0RO29O6VyB5Vi8QAAACMAARAD.jpg
213,nsUzk0n4QnKNEBp16yVOCAAAACMAARAD.jpg
214,A_dklKTbUk6GYAAAAAAAAAAAAAAQAAAQ.jpg
214,A_ZqBJQKOIppoAAAAAAAAAAAAAAQAAAQ.jpg
214,A_GnTkS6ic3F4AAAAAAAAAAAAAAQAAAQ.jpg
214,A_-htCSJsl3z8AAAAAAAAAAAAAAQAAAQ.jpg
215,A_gbRgTbIXHtAAAAAAAAAAAAAAAQAAAQ.jpg
215,A_LuzoRbOs9QYAAAAAAAAAAAAAAQAAAQ.jpg
215,A_e1RfSoF0FpsAAAAAAAAAAAAAAQAAAQ.jpg
215,A_QJG3RZrNbNUAAAAAAAAAAAAAAQAAAQ.jpg
216,wpmK7_u1S-urnYXJz2ZrRwAAACMAARAD.jpg
216,FF-1wvJET2SlM2FiFmoU2QAAACMAARAD.jpg
216,rtb-78tjQMKgTPyxZTrbpwAAACMAARAD.jpg
216,_alXOjDWS16K4eyaLSg1LAAAACMAARAD.jpg
217,A_VN_5S5oTUBwAAAAAAAAAAAAAAQAAAQ.jpg
217,A_E0_2SpVwuXQAAAAAAAAAAAAAAQAAAQ.jpg
217,A_tUXzTau-FyYAAAAAAAAAAAAAAQAAAQ.jpg
217,A_IkXdQKu9GwIAAAAAAAAAAAAAAQAAAQ.jpg
218,A_MaWQR6lbgfYAAAAAAAAAAAAAAQAAAQ.jpg
218,A_fshrToNuCOsAAAAAAAAAAAAAAQAAAQ.jpg
218,A_3ojPSKt9SZAAAAAAAAAAAAAAAQAAAQ.jpg
218,A_ct1cQ431jf4AAAAAAAAAAAAAAQAAAQ.jpg
219,A_HyB-QqbAPzEAAAAAAAAAAAAAAQAAAQ.jpg
219,A_kjPqT7Gpf38AAAAAAAAAAAAAAQAAAQ.jpg
219,A_CW2cTLpHFaEAAAAAAAAAAAAAAQAAAQ.jpg
219,A__w78R7J_JcwAAAAAAAAAAAAAAQAAAQ.jpg
220,A_50W4SZ54xDYAAAAAAAAAAAAAAQAAAQ.jpg
220,A_Yt0sQqolPLcAAAAAAAAAAAAAAQAAAQ.jpg
220,A_hwDuRI-HQM4AAAAAAAAAAAAAAQAAAQ.jpg
220,A_qWGLSoDzOrAAAAAAAAAAAAAAAQAAAQ.jpg
221,A_MomiQbSmhJcAAAAAAAAAAAAAAQAAAQ.jpg
221,A_z2U7Sa-3J-IAAAAAAAAAAAAAAQAAAQ.jpg
221,A_2QImRqTZcJkAAAAAAAAAAAAAAQAAAQ.jpg
221,A_4ABcQI4ItJwAAAAAAAAAAAAAAQAAAQ.jpg
222,A_ha3zS7JpKkwAAAAAAAAAAAAAAQAAAQ.jpg
222,A_I_HST68-6LIAAAAAAAAAAAAAAQAAAQ.jpg
222,A_q059Q74DeFcAAAAAAAAAAAAAAQAAAQ.jpg
222,A_LiafRp6dYj4AAAAAAAAAAAAAAQAAAQ.jpg
223,A_lVuEQYVJZOkAAAAAAAAAAAAAAQAAAQ.jpg
223,A_FEA-Q4XP-fwAAAAAAAAAAAAAAQAAAQ.jpg
223,A_2DLAQbGjBJYAAAAAAAAAAAAAAQAAAQ.jpg
223,A_9PL0TbykB1AAAAAAAAAAAAAAAQAAAQ.jpg
224,A_YkmhT7cK1RYAAAAAAAAAAAAAAQAAAQ.jpg
224,A_C4CDTo3i5y8AAAAAAAAAAAAAAQAAAQ.jpg
224,A_7J1ZQLk6r9gAAAAAAAAAAAAAAQAAAQ.jpg
224,A_ee0aSJhR2vsAAAAAAAAAAAAAAQAAAQ.jpg
225,A_GXU_Qa_htHsAAAAAAAAAAAAAAQAAAQ.jpg
225,A_GJ47R7DP69cAAAAAAAAAAAAAAQAAAQ.jpg
225,A_zKbZQ7YNwmYAAAAAAAAAAAAAAQAAAQ.jpg
225,A_p6yqTbAonYgAAAAAAAAAAAAAAQAAAQ.jpg
226,A_RUGxToo2-2oAAAAAAAAAAAAAAQAAAQ.jpg
226,A_PIJERqxutEYAAAAAAAAAAAAAAQAAAQ.jpg
226,A_E5mKQqjMkLoAAAAAAAAAAAAAAQAAAQ.jpg
226,A__0dCQaCMceoAAAAAAAAAAAAAAQAAAQ.jpg
227,A_knbFRLlG-RxXF9BPppPUyAAAAQAAAQ.jpg
227,A_knbFRLlG-RwAAAAAAAAAAAAAAQAAAQ.jpg
227,A_5NhOT6WsoHAAAAAAAAAAAAAAAQAAAQ.jpg
227,A_m-iTTJZSJPgAAAAAAAAAAAAAAQAAAQ.jpg
228,A_rcLqR4eChD8AAAAAAAAAAAAAAQAAAQ.jpg
228,A_gxIpR5aIdRIAAAAAAAAAAAAAAQAAAQ.jpg
228,A_3KILQIvmMnUAAAAAAAAAAAAAAQAAAQ.jpg
228,A_3yZtTbcVm-AAAAAAAAAAAAAAAQAAAQ.jpg
229,9SF74A4US2SXI5RriZbh7QAAACMAARAD.jpg
229,Ki-KsAEIQ2mRLGsZBFmwMQAAACMAARAD.jpg
229,roHeIeE_SNS6Y694pQbDqAAAACMAARAD.jpg
229,0tSR3cRoRluMGt590nifKwAAACMAARAD.jpg
230,A_hr0OTJz_n7QAAAAAAAAAAAAAAQAAAQ.jpg
230,A_v_TWRIU36RMAAAAAAAAAAAAAAQAAAQ.jpg
230,A_Mrg1TZjaF2UAAAAAAAAAAAAAAQAAAQ.jpg
230,A_g-wpQqx3azUAAAAAAAAAAAAAAQAAAQ.jpg
231,KmF5RCEnTCiudapQIV8DmQAAACMAARAD.jpg
231,2g9koxhdTpyvtJj_f1gzMwAAACMAARAD.jpg
231,AZ1pmgb6RmqQLRHupmcYtgAAACMAARAD.jpg
231,M_HJ2YShTrS4oXXMUXfUqwAAACMAARAD.jpg
232,A_9lYpQojDIccAAAAAAAAAAAAAAQAAAQ.jpg
232,A_LcKMQ6g8-OoAAAAAAAAAAAAAAQAAAQ.jpg
232,A_GD4lSpeX9oUAAAAAAAAAAAAAAQAAAQ.jpg
232,A_GD4lSpeX9oVXLuVCqZN5SgAAAQAAAQ.jpg
233,A_XV-qSoSl8O0AAAAAAAAAAAAAAQAAAQ.jpg
233,A_IILoSa4aIF4AAAAAAAAAAAAAAQAAAQ.jpg
233,A_SFqDRKyKt1IAAAAAAAAAAAAAAQAAAQ.jpg
233,A_IFgoTp9cTaAAAAAAAAAAAAAAAQAAAQ.jpg
234,6g7YRqFtSxSSDLJJl_e0IgAAACMAARAD.jpg
234,q1IsCWr_T7algyEZ-K5ACgAAACMAARAD.jpg
234,RlgFoW6vT8anTzkhfekzTgAAACMAARAD.jpg
234,b67u9_t2SxWYfbvwInJBPQAAACMAARAD.jpg
235,A_FTYiQ7O1g8kAAAAAAAAAAAAAAQAAAQ.jpg
235,A_990uQa9If-AAAAAAAAAAAAAAAQAAAQ.jpg
235,A_KgPAR4O7M-IAAAAAAAAAAAAAAQAAAQ.jpg
235,A_zwEmT7S7caAAAAAAAAAAAAAAAQAAAQ.jpg
236,A_SEujR4--tfUAAAAAAAAAAAAAAQAAAQ.jpg
236,A_k1LjRK-71dQAAAAAAAAAAAAAAQAAAQ.jpg
236,A_--ziSZpu_JsAAAAAAAAAAAAAAQAAAQ.jpg
236,A_h--UTIjSNNoAAAAAAAAAAAAAAQAAAQ.jpg
237,A_mg4HToxtsAQAAAAAAAAAAAAAAQAAAQ.jpg
237,A_mg4HToxtsATupsRMhtvZ6wAAAQAAAQ.jpg
237,A_mg4HToxtsAQK0dpAgMptRQAAAQAAAQ.jpg
237,A_mg4HToxtsAR3lvdGgd_a5AAAAQAAAQ.jpg
238,A_5vJtTYARmY8AAAAAAAAAAAAAAQAAAQ.jpg
238,A_Iz-7T5Vgg_kAAAAAAAAAAAAAAQAAAQ.jpg
238,A_XMWhSIy0hOkAAAAAAAAAAAAAAQAAAQ.jpg
238,A_LtPkRJy9laAAAAAAAAAAAAAAAQAAAQ.jpg
239,A_WwYhTaCAYc4AAAAAAAAAAAAAAQAAAQ.jpg
239,A_YKmeT7-HQdsAAAAAAAAAAAAAAQAAAQ.jpg
239,A_bmeGS5cFD2sAAAAAAAAAAAAAAQAAAQ.jpg
239,A_29JZRbJdSjcAAAAAAAAAAAAAAQAAAQ.jpg
240,A_DvqCQoQfgWUAAAAAAAAAAAAAAQAAAQ.jpg
240,A_iSzCSJGuJzAAAAAAAAAAAAAAAQAAAQ.jpg
240,A_7liaT60NIagAAAAAAAAAAAAAAQAAAQ.jpg
240,A_-5I9T4xnd-EAAAAAAAAAAAAAAQAAAQ.jpg
241,A_4e1gQbTTwmgAAAAAAAAAAAAAAQAAAQ.jpg
241,A_KvqFT4ukgmkAAAAAAAAAAAAAAQAAAQ.jpg
241,A_iOo5SIWJAA4AAAAAAAAAAAAAAQAAAQ.jpg
241,A_F1olTabs2dkAAAAAAAAAAAAAAQAAAQ.jpg
242,A___VOSLVEl_sAAAAAAAAAAAAAAQAAAQ.jpg
242,A_54R1TYFLW1EAAAAAAAAAAAAAAQAAAQ.jpg
242,A_XcMWTKMn8fsAAAAAAAAAAAAAAQAAAQ.jpg
242,A_KqpYSKacj-UAAAAAAAAAAAAAAQAAAQ.jpg
243,A_lWmaTZ-9jpUAAAAAAAAAAAAAAQAAAQ.jpg
243,A_NOLRRZZUykcAAAAAAAAAAAAAAQAAAQ.jpg
243,A_Kz0nQpwm4lYAAAAAAAAAAAAAAQAAAQ.jpg
243,A_I19RQJWkrpEAAAAAAAAAAAAAAQAAAQ.jpg
244,A_UtZORaNWDOkAAAAAAAAAAAAAAQAAAQ.jpg
244,A_JTOrQICJNXUAAAAAAAAAAAAAAQAAAQ.jpg
244,A_cPliSpEPPcwAAAAAAAAAAAAAAQAAAQ.jpg
244,A_pt8IT6f1d0YAAAAAAAAAAAAAAQAAAQ.jpg
245,A_7dYFTbqsdqwAAAAAAAAAAAAAAQAAAQ.jpg
245,A_rI9gRqbASHiUBL5Jo3A2NwAAAQAAAQ.jpg
245,A_ceaXT4L0T0QAAAAAAAAAAAAAAQAAAQ.jpg
245,A_rI9gRqbASHgAAAAAAAAAAAAAAQAAAQ.jpg
246,A_qQw7Rp-sB04AAAAAAAAAAAAAAQAAAQ.jpg
246,A_QyUkToHrlzYAAAAAAAAAAAAAAQAAAQ.jpg
246,A_AmKhS7YbOXUAAAAAAAAAAAAAAQAAAQ.jpg
246,A_F-1cTZWX_PMAAAAAAAAAAAAAAQAAAQ.jpg
247,A_lh-tTq-HTe0AAAAAAAAAAAAAAQAAAQ.jpg
247,A_N2QVSaf4FP0AAAAAAAAAAAAAAQAAAQ.jpg
247,A_65t8RLlCEqoAAAAAAAAAAAAAAQAAAQ.jpg
247,A_6VzZRqEU4c8AAAAAAAAAAAAAAQAAAQ.jpg
248,A_RiG8TIwed1sAAAAAAAAAAAAAAQAAAQ.jpg
248,A_SoKZTaVdlG4AAAAAAAAAAAAAAQAAAQ.jpg
248,A_YcfOQ5iunPEAAAAAAAAAAAAAAQAAAQ.jpg
248,A_IT4YRIySKrwAAAAAAAAAAAAAAQAAAQ.jpg
249,A_xbyLTpGKF6EAAAAAAAAAAAAAAQAAAQ.jpg
249,A_2raZToKS51IAAAAAAAAAAAAAAQAAAQ.jpg
249,A_Kw40T5-3dlEAAAAAAAAAAAAAAQAAAQ.jpg
249,A_5SRXSrIQZ_kAAAAAAAAAAAAAAQAAAQ.jpg
250,A_1uxWQIHqGngAAAAAAAAAAAAAAQAAAQ.jpg
250,A_M_m4TY05twsAAAAAAAAAAAAAAQAAAQ.jpg
250,A_0uTPRLR0BAAAAAAAAAAAAAAAAQAAAQ.jpg
250,A_89BLTrDyLQMAAAAAAAAAAAAAAQAAAQ.jpg
251,A_XYZNQIGNYAsAAAAAAAAAAAAAAQAAAQ.jpg
251,A_bkKATLXWHcoAAAAAAAAAAAAAAQAAAQ.jpg
251,A_zvVsTo4O6UIAAAAAAAAAAAAAAQAAAQ.jpg
251,A_lIpGRKzJvEsAAAAAAAAAAAAAAQAAAQ.jpg
252,A_aOwrQZ8_Vn0AAAAAAAAAAAAAAQAAAQ.jpg
252,A_a_xESJZyinMAAAAAAAAAAAAAAQAAAQ.jpg
252,A_64u0QLTrqzQAAAAAAAAAAAAAAQAAAQ.jpg
252,A_X2kDQ4PvQ4EAAAAAAAAAAAAAAQAAAQ.jpg
253,A_xo1JTotHn_MAAAAAAAAAAAAAAQAAAQ.jpg
253,A__9jASpRTmr0AAAAAAAAAAAAAAQAAAQ.jpg
253,A_GIIsSpNDUggAAAAAAAAAAAAAAQAAAQ.jpg
253,A_fJrSSKXIs8IAAAAAAAAAAAAAAQAAAQ.jpg
254,A_LXVFRIKCOgEAAAAAAAAAAAAAAQAAAQ.jpg
254,A_EII3SZ2hdgcAAAAAAAAAAAAAAQAAAQ.jpg
254,A_kjhVRI1ZgAAAAAAAAAAAAAAAAQAAAQ.jpg
254,A_0bDaQb6FZ54AAAAAAAAAAAAAAQAAAQ.jpg
255,A_MKjqSoygZD8AAAAAAAAAAAAAAQAAAQ.jpg
255,A_rkc6SZxvOz8AAAAAAAAAAAAAAQAAAQ.jpg
255,A_XqhkS5lV4nQAAAAAAAAAAAAAAQAAAQ.jpg
255,A_dLP-S4f9BpkAAAAAAAAAAAAAAQAAAQ.jpg
256,A_t-rvRrOdoT4AAAAAAAAAAAAAAQAAAQ.jpg
256,A_GmF4SJaJXrMAAAAAAAAAAAAAAQAAAQ.jpg
256,A_t-rvRrOdoT42IWNPgbxOTgAAAQAAAQ.jpg
256,A_t-rvRrOdoT6LosdMvHAWkgAAAQAAAQ.jpg
257,A_RNjvRJzgiPEAAAAAAAAAAAAAAQAAAQ.jpg
257,A_LavhSZMiKsUAAAAAAAAAAAAAAQAAAQ.jpg
257,A_gt4VTKBPg8UAAAAAAAAAAAAAAQAAAQ.jpg
257,A_xNNFSpN3w3EAAAAAAAAAAAAAAQAAAQ.jpg
258,A_HNH6QZrum5wAAAAAAAAAAAAAAQAAAQ.jpg
258,A_2eP1Sb9YvRsAAAAAAAAAAAAAAQAAAQ.jpg
258,A_FNtMSbuHpBoAAAAAAAAAAAAAAQAAAQ.jpg
258,A_aI3ZQK6us64AAAAAAAAAAAAAAQAAAQ.jpg
259,A_ncgWQKTul34AAAAAAAAAAAAAAQAAAQ.jpg
259,A_DG3LT7PdP7YAAAAAAAAAAAAAAQAAAQ.jpg
259,A_bjmKTqM3pXwAAAAAAAAAAAAAAQAAAQ.jpg
259,A_Mi0gSI63ES8AAAAAAAAAAAAAAQAAAQ.jpg
260,82_WcIX2Q9WZG7kPyE5UQgAAACMAARAD.jpg
260,IsYRL_gtTH6NsmgRCkZ0ywAAACMAARAD.jpg
260,0MdWp_xwRZi4UlCqbuGhrwAAACMAARAD.jpg
260,6wHdh2AGS42n79YRUHdqqQAAACMAARAD.jpg
261,A_WZjeSbVXuw4AAAAAAAAAAAAAAQAAAQ.jpg
261,A_jaxzQLR4XGMAAAAAAAAAAAAAAQAAAQ.jpg
261,A__8aXSZ7QP8QAAAAAAAAAAAAAAQAAAQ.jpg
261,A_z_NGRK9l72QAAAAAAAAAAAAAAQAAAQ.jpg
262,7bCpeIgJQlaFfuvFtHjmBAAAACMAARAD.jpg
262,S0765D_ySsCgxbOjd4gCbAAAACMAARAD.jpg
262,3D68gUOGRaGAzGDbijKH6AAAACMAARAD.jpg
262,B9E-kfgCQtK_yX-aIN-sRQAAACMAARAD.jpg
263,A_mYP6QL5r-uAAAAAAAAAAAAAAAQAAAQ.jpg
263,A_zFamQ4xaXiUAAAAAAAAAAAAAAQAAAQ.jpg
263,A_tK5tT4z05l4AAAAAAAAAAAAAAQAAAQ.jpg
263,A_i6qQSoWC5JkAAAAAAAAAAAAAAQAAAQ.jpg
264,A_TXdIQ72_PHIAAAAAAAAAAAAAAQAAAQ.jpg
264,A_9PvXS7RjowsAAAAAAAAAAAAAAQAAAQ.jpg
264,A_Lvy-QYEHsIAAAAAAAAAAAAAAAQAAAQ.jpg
264,A_Kr8AToatzoUAAAAAAAAAAAAAAQAAAQ.jpg
265,A_8M29TLV7ilotWuZPkpxuHgAAAQAAAQ.jpg
265,A_jtkzQ5dyrOgAAAAAAAAAAAAAAQAAAQ.jpg
265,A_yXrnQ7esuXwAAAAAAAAAAAAAAQAAAQ.jpg
265,A_syg4RYIQIa8AAAAAAAAAAAAAAQAAAQ.jpg
266,A_AeQ_R7NanscAAAAAAAAAAAAAAQAAAQ.jpg
266,A_GSrtTb35BpAAAAAAAAAAAAAAAQAAAQ.jpg
266,A_OI22Tq2eUvQAAAAAAAAAAAAAAQAAAQ.jpg
266,A_C-X6TbWUmNsAAAAAAAAAAAAAAQAAAQ.jpg
267,A_U1L8R7UrK8EAAAAAAAAAAAAAAQAAAQ.jpg
267,A_U1L8R7UrK8FbSJFJt8l4mQAAAQAAAQ.jpg
267,A_107nR4HfWtcAAAAAAAAAAAAAAQAAAQ.jpg
267,A_U1L8R7UrK8F1WrdJoMc1MgAAAQAAAQ.jpg
268,A_YF0YR7hXoroAAAAAAAAAAAAAAQAAAQ.jpg
268,A_FgzhQqAFUI0AAAAAAAAAAAAAAQAAAQ.jpg
268,A_TVo1RZg7wqMAAAAAAAAAAAAAAQAAAQ.jpg
268,A_lCYlT4dC9H8AAAAAAAAAAAAAAQAAAQ.jpg
269,A_jotJR6XrnFgAAAAAAAAAAAAAAQAAAQ.jpg
269,A_ZYKVQIZAVfQAAAAAAAAAAAAAAQAAAQ.jpg
269,A_svfdRZGOQ5kAAAAAAAAAAAAAAQAAAQ.jpg
269,A_J0L5TozIC7AAAAAAAAAAAAAAAQAAAQ.jpg
270,A_9C0xTZf877YAAAAAAAAAAAAAAQAAAQ.jpg
270,A_WnP7RrcXPC8AAAAAAAAAAAAAAQAAAQ.jpg
270,A_GOnCQr15ks0AAAAAAAAAAAAAAQAAAQ.jpg
270,A_IG8yTbfTx_QAAAAAAAAAAAAAAQAAAQ.jpg
271,A_YIhpSKt6b3gAAAAAAAAAAAAAAQAAAQ.jpg
271,A_Ocw8Qor34sYAAAAAAAAAAAAAAQAAAQ.jpg
271,A_gBxeRpE4cFMAAAAAAAAAAAAAAQAAAQ.jpg
271,A_DYt1TYz9LooAAAAAAAAAAAAAAQAAAQ.jpg
272,idN1IjsTRSeO7-y7C3l1zQAAACMAARAD.jpg
272,MgTMi07eSFi3L7iSkyS7JQAAACMAARAD.jpg
272,H-hsann2SBy9hkRTlgJn_wAAACMAARAD.jpg
272,el9DFII0Tcms4Hi0NOAudAAAACMAARAD.jpg
273,A_9SqoQaBap_cAAAAAAAAAAAAAAQAAAQ.jpg
273,A_cNZfR5ZMfzUAAAAAAAAAAAAAAQAAAQ.jpg
273,A_gZfDRogDDkwAAAAAAAAAAAAAAQAAAQ.jpg
273,A_Ta1CSIRvpAMAAAAAAAAAAAAAAQAAAQ.jpg
274,A_dLbYSqgMJ6kAAAAAAAAAAAAAAQAAAQ.jpg
274,A_alc0TZNZtiUAAAAAAAAAAAAAAQAAAQ.jpg
274,A_TGb3T6e1wCMAAAAAAAAAAAAAAQAAAQ.jpg
274,A_yZuaTrWRd98AAAAAAAAAAAAAAQAAAQ.jpg
275,A_6sizRqdw1qAAAAAAAAAAAAAAAQAAAQ.jpg
275,A_iO_jRpnoUtAAAAAAAAAAAAAAAQAAAQ.jpg
275,A_1EhuQqbaDC8AAAAAAAAAAAAAAQAAAQ.jpg
275,A_I2hjRaujZ38AAAAAAAAAAAAAAQAAAQ.jpg
276,A_NXmyTKQe-60AAAAAAAAAAAAAAQAAAQ.jpg
276,A_JYkBRI-I3VQAAAAAAAAAAAAAAQAAAQ.jpg
276,A_IW4CT7dcAxMAAAAAAAAAAAAAAQAAAQ.jpg
276,A_P0WESr4sdYsAAAAAAAAAAAAAAQAAAQ.jpg
277,A_oB8dQpRPl8AAAAAAAAAAAAAAAQAAAQ.jpg
277,A_BjUWSKhFEaIAAAAAAAAAAAAAAQAAAQ.jpg
277,A_JatTToYKF9sAAAAAAAAAAAAAAQAAAQ.jpg
277,A_k5dlT5eUPMEAAAAAAAAAAAAAAQAAAQ.jpg
278,A_RmdzTpoLmdsAAAAAAAAAAAAAAQAAAQ.jpg
278,A_PWXrSIn2ufIAAAAAAAAAAAAAAQAAAQ.jpg
278,A_iysJS65inHQAAAAAAAAAAAAAAQAAAQ.jpg
278,A_9gYXSJ4TrXQAAAAAAAAAAAAAAQAAAQ.jpg
279,A_UTmtSZIlGvwAAAAAAAAAAAAAAQAAAQ.jpg
279,A_4h5TQI6VzfkAAAAAAAAAAAAAAQAAAQ.jpg
279,A_MlWvRL494-8AAAAAAAAAAAAAAQAAAQ.jpg
279,A_-wf_RaCOUv4AAAAAAAAAAAAAAQAAAQ.jpg
280,A_mHdhRooP390AAAAAAAAAAAAAAQAAAQ.jpg
280,A_FZH5TZJPd2YAAAAAAAAAAAAAAQAAAQ.jpg
280,A__OaXTL1Teo0AAAAAAAAAAAAAAQAAAQ.jpg
280,A_lBTuSIiViMsAAAAAAAAAAAAAAQAAAQ.jpg
281,A_7pHpQ5oz3yAAAAAAAAAAAAAAAQAAAQ.jpg
281,A_rpeTRovVd8QAAAAAAAAAAAAAAQAAAQ.jpg
281,A_qfrKRryRXNgAAAAAAAAAAAAAAQAAAQ.jpg
281,A_s7T5T5mLIxkAAAAAAAAAAAAAAQAAAQ.jpg
282,A_ivzqRZAzhuYAAAAAAAAAAAAAAQAAAQ.jpg
282,A_PesRT7LeGwEAAAAAAAAAAAAAAQAAAQ.jpg
282,A_b9m_Q4c6WJAAAAAAAAAAAAAAAQAAAQ.jpg
282,A_p5SRTr5oXTEAAAAAAAAAAAAAAQAAAQ.jpg
283,A_vRg_QqOB_7wAAAAAAAAAAAAAAQAAAQ.jpg
283,A_KAGaTa1PTqoAAAAAAAAAAAAAAQAAAQ.jpg
283,A_mAlwTI6qCJ8AAAAAAAAAAAAAAQAAAQ.jpg
283,A_DjpwQ4TMuNsAAAAAAAAAAAAAAQAAAQ.jpg
284,A_xVafQZyDarcAAAAAAAAAAAAAAQAAAQ.jpg
284,A_8RwAQoyO0cUAAAAAAAAAAAAAAQAAAQ.jpg
284,A_Old0QqQG6xUAAAAAAAAAAAAAAQAAAQ.jpg
284,A_R8pcRYompIQAAAAAAAAAAAAAAQAAAQ.jpg
285,sql-TCliSM285z_0yj8z1wAAACMAARAD.jpg
285,przBOi0BRjCcw2VWJkSaEwAAACMAARAD.jpg
285,2r-wReIqTQuDz6q1oY2dGAAAACMAARAD.jpg
285,-3TTrXL2TLSHeHu8PYtcawAAACMAARAD.jpg
286,A_Zo8vTa1ZXY4AAAAAAAAAAAAAAQAAAQ.jpg
286,A_IMidT5Ne2rQAAAAAAAAAAAAAAQAAAQ.jpg
286,A_OmuZSpCG0-UAAAAAAAAAAAAAAQAAAQ.jpg
286,A_kq83S6GOiYQAAAAAAAAAAAAAAQAAAQ.jpg
287,A_qnDmTIiwSgEAAAAAAAAAAAAAAQAAAQ.jpg
287,A_GU7mRJm_XfMAAAAAAAAAAAAAAQAAAQ.jpg
287,A_m-HlQbiuu4cAAAAAAAAAAAAAAQAAAQ.jpg
287,A_wbo7Ro6XT3kAAAAAAAAAAAAAAQAAAQ.jpg
288,A_LqclQZ3cUXoAAAAAAAAAAAAAAQAAAQ.jpg
288,A_WssET6xXmC8AAAAAAAAAAAAAAQAAAQ.jpg
288,A_UtGSTob2-toAAAAAAAAAAAAAAQAAAQ.jpg
288,A_eaaLQqWYYk0AAAAAAAAAAAAAAQAAAQ.jpg
289,A_Zr79TK8VxfEAAAAAAAAAAAAAAQAAAQ.jpg
289,A_pZ98TKsOztkAAAAAAAAAAAAAAQAAAQ.jpg
289,A_2EAjTq8MRLwAAAAAAAAAAAAAAQAAAQ.jpg
289,A_ufr6SoHzpsMAAAAAAAAAAAAAAQAAAQ.jpg
290,A_kn9DQpus43UAAAAAAAAAAAAAAQAAAQ.jpg
290,A_s_wPSY8EjTwAAAAAAAAAAAAAAQAAAQ.jpg
290,A_4tb4TqlGJ0gAAAAAAAAAAAAAAQAAAQ.jpg
290,A_vM3qTpG01DEAAAAAAAAAAAAAAQAAAQ.jpg
291,A_EOD4Q5S9_tIAAAAAAAAAAAAAAQAAAQ.jpg
291,A_yeUtQY7nZ24AAAAAAAAAAAAAAQAAAQ.jpg
291,A_AuoRQ4jGB7sAAAAAAAAAAAAAAQAAAQ.jpg
291,A_YW83QalBiGcAAAAAAAAAAAAAAQAAAQ.jpg
292,A_zGQgSItn0YkAAAAAAAAAAAAAAQAAAQ.jpg
292,A_0yRYSJcydfEAAAAAAAAAAAAAAQAAAQ.jpg
292,A_H2B2TLGNZDsAAAAAAAAAAAAAAQAAAQ.jpg
292,A_hIENSrtMVhAAAAAAAAAAAAAAAQAAAQ.jpg
293,A_qru6QY7eVMIAAAAAAAAAAAAAAQAAAQ.jpg
293,A_TXPPTIn-838AAAAAAAAAAAAAAQAAAQ.jpg
293,A_Mi2nRJ_mRhEAAAAAAAAAAAAAAQAAAQ.jpg
293,A_YU4SRJGreDgAAAAAAAAAAAAAAQAAAQ.jpg
294,A_dMgRQ5G0hlUAAAAAAAAAAAAAAQAAAQ.jpg
294,A_utwQRLho4OgAAAAAAAAAAAAAAQAAAQ.jpg
294,A_2iKdSqg04IUAAAAAAAAAAAAAAQAAAQ.jpg
294,A_dMgRQ5G0hlXRG0FHrTcvQgAAAQAAAQ.jpg
295,A_0frZSoAIa9YAAAAAAAAAAAAAAQAAAQ.jpg
295,A_LPdaR51krtYAAAAAAAAAAAAAAQAAAQ.jpg
295,A_B0ZwQJsQoo0AAAAAAAAAAAAAAQAAAQ.jpg
295,A_3yjKTLYXONQAAAAAAAAAAAAAAQAAAQ.jpg
296,A_J5qcQqchfAwAAAAAAAAAAAAAAQAAAQ.jpg
296,A_0bY1RIxNlqUAAAAAAAAAAAAAAQAAAQ.jpg
296,A_XWA7S7n6Ly0AAAAAAAAAAAAAAQAAAQ.jpg
296,A_4N5wToDsEvkAAAAAAAAAAAAAAQAAAQ.jpg
297,A_eQMyRKXGwX0AAAAAAAAAAAAAAQAAAQ.jpg
297,A_9w7tSoHzgSgAAAAAAAAAAAAAAQAAAQ.jpg
297,A_xDXfSZGBBxUAAAAAAAAAAAAAAQAAAQ.jpg
297,A_wEU5So4xRmsAAAAAAAAAAAAAAQAAAQ.jpg
298,A_i3WMQqg7220AAAAAAAAAAAAAAQAAAQ.jpg
298,A_OkWKSbRg7NUAAAAAAAAAAAAAAQAAAQ.jpg
298,A_0aTiRYKJYtQAAAAAAAAAAAAAAQAAAQ.jpg
298,A_KdzJRIpcqXgAAAAAAAAAAAAAAQAAAQ.jpg
299,A_pJFSS6dk4AcAAAAAAAAAAAAAAQAAAQ.jpg
299,A_4QLjR5NnI-EblMtAsQi25QAAAQAAAQ.jpg
299,A_e7aHTq3kf3IAAAAAAAAAAAAAAQAAAQ.jpg
299,A_4QLjR5NnI-G1tg9HktXGwAAAAQAAAQ.jpg
300,A_xnalQ6c02mKQPzNLjxgFnQAAAQAAAQ.jpg
300,A_xnalQ6c02mIAAAAAAAAAAAAAAQAAAQ.jpg
300,A_lD9ZSaLFJokAAAAAAAAAAAAAAQAAAQ.jpg
300,A_lD9ZSaLFJonLmZFHhdsvMgAAAQAAAQ.jpg
301,A_MYvxRpYUM7cAAAAAAAAAAAAAAQAAAQ.jpg
301,A_JDdURYW_ovIAAAAAAAAAAAAAAQAAAQ.jpg
301,A_TPilS5s-i4QAAAAAAAAAAAAAAQAAAQ.jpg
301,A_09QhSaWArkIAAAAAAAAAAAAAAQAAAQ.jpg
302,A_cyZXTrj1Wy8AAAAAAAAAAAAAAQAAAQ.jpg
302,A_4BrFQJZXSx4AAAAAAAAAAAAAAQAAAQ.jpg
302,A_k3wHQ58uHR0AAAAAAAAAAAAAAQAAAQ.jpg
302,A_CoU5SZ3YB3UAAAAAAAAAAAAAAQAAAQ.jpg
303,A_tYWUS5VvdDoAAAAAAAAAAAAAAQAAAQ.jpg
303,A_dKevQaWND5AAAAAAAAAAAAAAAQAAAQ.jpg
303,A_J0oaSovu7GcAAAAAAAAAAAAAAQAAAQ.jpg
303,A_bP9HS6XgteYAAAAAAAAAAAAAAQAAAQ.jpg
304,A_-sf5TbX1LPsAAAAAAAAAAAAAAQAAAQ.jpg
304,A_l-JiSL1kCVcAAAAAAAAAAAAAAQAAAQ.jpg
304,A_0jSLTaoHCD8AAAAAAAAAAAAAAQAAAQ.jpg
304,A_gtwbQ5P85qoAAAAAAAAAAAAAAQAAAQ.jpg
305,A_MODZQo6ROPMAAAAAAAAAAAAAAQAAAQ.jpg
305,A_xBfVS7pb5oAAAAAAAAAAAAAAAQAAAQ.jpg
305,A_BeZBRIB5kxYAAAAAAAAAAAAAAQAAAQ.jpg
305,A_bRSiRa4RBOQAAAAAAAAAAAAAAQAAAQ.jpg
306,hTWeLp5OTNiXXnt62-WDDgAAACMAARAD.jpg
306,uaFaywS6TTuNeM2pZpsD4QAAACMAARAD.jpg
306,zWABPzwwTjKIexqL31hz8gAAACMAARAD.jpg
306,UyDYNcj6SCqcJpFG7Wk8XwAAACMAARAD.jpg
307,A_1x_TQ6v4zP8AAAAAAAAAAAAAAQAAAQ.jpg
307,A_3epkSY93pf4AAAAAAAAAAAAAAQAAAQ.jpg
307,A_hyAAQLDMb_UAAAAAAAAAAAAAAQAAAQ.jpg
307,A_jqdbTJiY8pQAAAAAAAAAAAAAAQAAAQ.jpg
308,A_A7o3Tb2PK3YAAAAAAAAAAAAAAQAAAQ.jpg
308,A_20O-Too_-_0AAAAAAAAAAAAAAQAAAQ.jpg
308,A_6RW4TJkvTzoAAAAAAAAAAAAAAQAAAQ.jpg
308,A_A7o3Tb2PK3a8UXZPiF43vgAAAQAAAQ.jpg
309,Rnp1NpqNTyqkW8JvE1FumwAAACMAARAD.jpg
309,fVez8tNRTOmgBK3N0HF3wwAAACMAARAD.jpg
309,al2ocbzyTUWDg0FKcP2U5wAAACMAARAD.jpg
309,Vnk2bzdMSA2QFWQxNAqmTQAAACMAARAD.jpg
310,A_aMEJQ7x2Mr8AAAAAAAAAAAAAAQAAAQ.jpg
310,A_JB9dTJbie-wAAAAAAAAAAAAAAQAAAQ.jpg
310,A_Np_bQadYnu8AAAAAAAAAAAAAAQAAAQ.jpg
310,A_URyxQYdzQqsAAAAAAAAAAAAAAQAAAQ.jpg
311,A_t-guSpEwgd8AAAAAAAAAAAAAAQAAAQ.jpg
311,A_sPKFTrVMS5wAAAAAAAAAAAAAAQAAAQ.jpg
311,A_EiYAR5sjbrEAAAAAAAAAAAAAAQAAAQ.jpg
311,A_6L75QItx0acAAAAAAAAAAAAAAQAAAQ.jpg
312,A_jPelTYk0RxUAAAAAAAAAAAAAAQAAAQ.jpg
312,A_dRFnSK58HLQAAAAAAAAAAAAAAQAAAQ.jpg
312,A_e8NqRbMiD28AAAAAAAAAAAAAAQAAAQ.jpg
312,A_Yu07S50fn9UAAAAAAAAAAAAAAQAAAQ.jpg
313,A_MQIYQ5wwR-kAAAAAAAAAAAAAAQAAAQ.jpg
313,A_UJXPQYqs2XkAAAAAAAAAAAAAAQAAAQ.jpg
313,A_h1bXSZxXww8AAAAAAAAAAAAAAQAAAQ.jpg
313,A_l7jFT4X6Tz0AAAAAAAAAAAAAAQAAAQ.jpg
314,A__OIXRansLLYAAAAAAAAAAAAAAQAAAQ.jpg
314,A_5Q4qRKb6OO4AAAAAAAAAAAAAAQAAAQ.jpg
314,A_1mRzQYWUrDQAAAAAAAAAAAAAAQAAAQ.jpg
314,A_vyqjSqaf_h0AAAAAAAAAAAAAAQAAAQ.jpg
315,A_Q1-sTL5yLHsAAAAAAAAAAAAAAQAAAQ.jpg
315,A_xB4hRqIOlMMAAAAAAAAAAAAAAQAAAQ.jpg
315,A_5xr_T4m5yDYAAAAAAAAAAAAAAQAAAQ.jpg
315,A_gQttSo1ba6cAAAAAAAAAAAAAAQAAAQ.jpg
316,O1CN01Udzeh020JGvQKQrPw_!!0-mtopupload.jpg
316,O1CN01XqWodm1E5RPIqHPnu_!!0-mtopupload.jpg
316,O1CN01TKGy8E1qXnKKUfJl7_!!0-mtopupload.jpg
316,O1CN012OeVTZ1uVk0rNReOe_!!0-mtopupload.jpg
317,A_NqtZS7wn-ngAAAAAAAAAAAAAAQAAAQ.jpg
317,A_fnRiSoDRcJoAAAAAAAAAAAAAAQAAAQ.jpg
317,A_ddnGS4RmDP8AAAAAAAAAAAAAAQAAAQ.jpg
317,A_5QdIS6nl8nAAAAAAAAAAAAAAAQAAAQ.jpg
318,A_4SyGS4rg08IAAAAAAAAAAAAAAQAAAQ.jpg
318,A_G7MuQqFrT6sAAAAAAAAAAAAAAQAAAQ.jpg
318,A_yhbVT45U804AAAAAAAAAAAAAAQAAAQ.jpg
318,A_t8RARo7D_hAAAAAAAAAAAAAAAQAAAQ.jpg
319,Y740GlJyQoKxtFZGZAippQAAACMAARAD.jpg
319,7XXHZWeoQW2Se7ikKK6BAAAAACMAARAD.jpg
319,R_oIfZwPTAq3nETAkv-d4AAAACMAARAD.jpg
319,A_y6l2QbX1SbAAAAAAAAAAAAAAAQAAAQ.jpg
320,A__bt1SYpCnkwAAAAAAAAAAAAAAQAAAQ.jpg
320,A_3ikwSYOAmw8AAAAAAAAAAAAAAQAAAQ.jpg
320,A_fe3pQ7W8MywAAAAAAAAAAAAAAQAAAQ.jpg
320,A_xkesSal3vxwAAAAAAAAAAAAAAQAAAQ.jpg
321,A_EX5HTql1Xx4AAAAAAAAAAAAAAQAAAQ.jpg
321,A_gtB0Rbyf2EAAAAAAAAAAAAAAAQAAAQ.jpg
321,A_EvF-Q5GzG2YAAAAAAAAAAAAAAQAAAQ.jpg
321,A_OKStRZf-1MwAAAAAAAAAAAAAAQAAAQ.jpg
322,ocgSR2APTUu-qS_NlP0NLQAAACMAARAD.jpg
322,H0Df0b8pSUmAXEFvohX2pwAAACMAARAD.jpg
322,gtGKFEldSOS5ubFOuShbHwAAACMAARAD.jpg
322,ECEk7_9BSYeRpQu7Q6vd0wAAACMAARAD.jpg
323,A_m15kRoa0gEkAAAAAAAAAAAAAAQAAAQ.jpg
323,A_tTamR7dLuJkAAAAAAAAAAAAAAQAAAQ.jpg
323,A_y1qkSb7dOUIAAAAAAAAAAAAAAQAAAQ.jpg
323,A_SKueSbyir2IAAAAAAAAAAAAAAQAAAQ.jpg
324,9x09v_g5R269sDCUaaMV-AAAACMAARAD.jpg
324,MinebCMtQW2lsPOxABOwXQAAACMAARAD.jpg
324,ypIDbQ7US_mbiW34n5-piAAAACMAARAD.jpg
324,rC2V-F6FRRu74PioLZZS3wAAACMAARAD.jpg
325,A_S1yNR7WhFj8AAAAAAAAAAAAAAQAAAQ.jpg
325,A_cVmyQIW5W3gAAAAAAAAAAAAAAQAAAQ.jpg
325,A_IKivSqKHquoAAAAAAAAAAAAAAQAAAQ.jpg
325,A_vQ1oTbVueAkAAAAAAAAAAAAAAQAAAQ.jpg
326,A_iRoDRJ204q8AAAAAAAAAAAAAAQAAAQ.jpg
326,A_LFpGTrxzZW0AAAAAAAAAAAAAAQAAAQ.jpg
326,A_bPjcQrkPrOcAAAAAAAAAAAAAAQAAAQ.jpg
326,A_P-30RLhJyksAAAAAAAAAAAAAAQAAAQ.jpg
327,A_9bEmQ51ZmAAAAAAAAAAAAAAAAQAAAQ.jpg
327,A_3gK3R6fOMnUAAAAAAAAAAAAAAQAAAQ.jpg
327,A_KNciTZjtCa4AAAAAAAAAAAAAAQAAAQ.jpg
327,A_dfveQ4RybBAAAAAAAAAAAAAAAQAAAQ.jpg
328,O1CN01hAbVHD1heorrIKxIB_!!0-mtopupload.jpg
328,O1CN013BNzbi1tVS9qzAqGi_!!0-mtopupload.jpg
328,O1CN01H28OUG22wmKZvybFv_!!0-mtopupload.jpg
328,O1CN01hUvSzI1dkzkKEig67_!!0-mtopupload.jpg
329,A_k7KlSq4nlZ6WMEJNqs2SYAAAAQAAAQ.jpg
329,A_k7KlSq4nlZ45Y3hKlyWeIAAAAQAAAQ.jpg
329,A_k7KlSq4nlZ5OzBFNrYqeogAAAQAAAQ.jpg
329,A_k7KlSq4nlZ4AAAAAAAAAAAAAAQAAAQ.jpg
330,A_UKTYQIDZiScM9WRMmqUZlgAAAQAAAQ.jpg
330,A_AXWuRLC8cA0AAAAAAAAAAAAAAQAAAQ.jpg
330,A_UKTYQIDZiSd4AHdKnRmYQgAAAQAAAQ.jpg
330,A_UKTYQIDZiScAAAAAAAAAAAAAAQAAAQ.jpg
331,O1CN01YuitcX1YRgxnV1mvO_!!0-mtopupload.jpg
331,O1CN01MCqquW1p4eVZ7eHCi_!!0-mtopupload.jpg
331,O1CN012PBx2n1vl8woSkjDE_!!0-mtopupload.jpg
331,O1CN013aHIaH1j4IVScQGKg_!!0-mtopupload.jpg
332,A_MrBBT7165mYAAAAAAAAAAAAAAQAAAQ.jpg
332,A_JOOqTII8Mc0AAAAAAAAAAAAAAQAAAQ.jpg
332,A_7EOnSoXCDtAAAAAAAAAAAAAAAQAAAQ.jpg
332,A_nlLgR4Y-nkcAAAAAAAAAAAAAAQAAAQ.jpg
333,A_SB0rQKm7-qkAAAAAAAAAAAAAAQAAAQ.jpg
333,A_yWQvRYG9Tq0LARBGkKxqEAAAAQAAAQ.jpg
333,A_yWQvRYG9Tq234FZIiX8hZQAAAQAAAQ.jpg
333,A_yWQvRYG9Tq0AAAAAAAAAAAAAAQAAAQ.jpg
334,A_ClXkS4GHoaMAAAAAAAAAAAAAAQAAAQ.jpg
334,A_VhdnTLbN7r4AAAAAAAAAAAAAAQAAAQ.jpg
334,A_ClXkS4GHoaNTVcxLuK-3pgAAAQAAAQ.jpg
334,A_27zaT6-TCZoAAAAAAAAAAAAAAQAAAQ.jpg
335,A_WJn6Sooik0MAAAAAAAAAAAAAAQAAAQ.jpg
335,A_H82ZSL9J-lUAAAAAAAAAAAAAAQAAAQ.jpg
335,A_7sFaRqVLDXMAAAAAAAAAAAAAAQAAAQ.jpg
335,A_BO5eR4DteZgAAAAAAAAAAAAAAQAAAQ.jpg
336,A_H_5_SYwu3-YAAAAAAAAAAAAAAQAAAQ.jpg
336,A_DSz0R4BS7HsAAAAAAAAAAAAAAQAAAQ.jpg
336,A_i-enT7pMHIIAAAAAAAAAAAAAAQAAAQ.jpg
336,A_mEPTQKcq7voAAAAAAAAAAAAAAQAAAQ.jpg
337,A_0tspRZlfxn4AAAAAAAAAAAAAAQAAAQ.jpg
337,A_0tspRZlfxn7e8EhAnCxmYQAAAQAAAQ.jpg
337,A_IiO7Sq6Ocn4AAAAAAAAAAAAAAQAAAQ.jpg
337,A_IiO7Sq6Ocn7DrGlDmEfBVgAAAQAAAQ.jpg
338,A_JljOQIuPuZgAAAAAAAAAAAAAAQAAAQ.jpg
338,A_3GjBT5U3UcsAAAAAAAAAAAAAAQAAAQ.jpg
338,A_fMfLRpDcWUAAAAAAAAAAAAAAAQAAAQ.jpg
338,A_bw9QQYkktwgAAAAAAAAAAAAAAQAAAQ.jpg
339,A_DbUvS45m5gwAAAAAAAAAAAAAAQAAAQ.jpg
339,A_wUGoQ5_Y660AAAAAAAAAAAAAAQAAAQ.jpg
339,A_gvZeSa7xnF0AAAAAAAAAAAAAAQAAAQ.jpg
339,A_6Ft0QKndHI4AAAAAAAAAAAAAAQAAAQ.jpg
340,A_eN8hSa4ttikAAAAAAAAAAAAAAQAAAQ.jpg
340,A_3NKRTaU8O3EAAAAAAAAAAAAAAQAAAQ.jpg
340,A_BkIJQ5gpob0AAAAAAAAAAAAAAQAAAQ.jpg
340,A_K4IjTJt5agAAAAAAAAAAAAAAAQAAAQ.jpg
341,A_WZ0IQ41iYeUAAAAAAAAAAAAAAQAAAQ.jpg
341,A_P0RsS5hLiD8AAAAAAAAAAAAAAQAAAQ.jpg
341,A_XLYbTphxWBoAAAAAAAAAAAAAAQAAAQ.jpg
341,A_gxaqSIakiJsAAAAAAAAAAAAAAQAAAQ.jpg
342,A_Q7-0TbXv5ysAAAAAAAAAAAAAAQAAAQ.jpg
342,A_WWA3RKQa6RQAAAAAAAAAAAAAAQAAAQ.jpg
342,A_9x7jQr9wre4AAAAAAAAAAAAAAQAAAQ.jpg
342,A_ddKPTb6HFZwAAAAAAAAAAAAAAQAAAQ.jpg
343,A_15HATYysdNsAAAAAAAAAAAAAAQAAAQ.jpg
343,A_E1n2S7aF78sAAAAAAAAAAAAAAQAAAQ.jpg
343,A_wsMMR6SrwC8AAAAAAAAAAAAAAQAAAQ.jpg
343,A_lvnSS6_FBgMAAAAAAAAAAAAAAQAAAQ.jpg
344,nE5G44ceSsq9-xCe9udf5wAAACMAARAD.jpg
344,in2H3TBiQayktVga87nSRAAAACMAARAD.jpg
344,aS5xiiXhQ9SUAVmz8b0eowAAACMAARAD.jpg
344,wpQrObfGRhS7dGmiNs6wAQAAACMAARAD.jpg
345,A_Ce2TRZkytpkAAAAAAAAAAAAAAQAAAQ.jpg
345,A_3EaxR7claXsAAAAAAAAAAAAAAQAAAQ.jpg
345,A_kb2oRbfOEOAAAAAAAAAAAAAAAQAAAQ.jpg
345,A_pIhJQow6uskAAAAAAAAAAAAAAQAAAQ.jpg
346,A_PVewTKSh8XAAAAAAAAAAAAAAAQAAAQ.jpg
346,A_JurpSaaf8ZsAAAAAAAAAAAAAAQAAAQ.jpg
346,A_jjFgSYUQIqoAAAAAAAAAAAAAAQAAAQ.jpg
346,A_bCsoRbkXHx8AAAAAAAAAAAAAAQAAAQ.jpg
347,A_uW4kT76dy8MAAAAAAAAAAAAAAQAAAQ.jpg
347,A_aSUTToRN9u8AAAAAAAAAAAAAAQAAAQ.jpg
347,A_l5QpTJPs7iYAAAAAAAAAAAAAAQAAAQ.jpg
347,A_OSoBQYqseOAAAAAAAAAAAAAAAQAAAQ.jpg
348,A_biJsT48IRVcAAAAAAAAAAAAAAQAAAQ.jpg
348,A_slKiSaFQHrkAAAAAAAAAAAAAAQAAAQ.jpg
348,A_WaVJRKOK0FIAAAAAAAAAAAAAAQAAAQ.jpg
348,A_QiilQLPeRNgAAAAAAAAAAAAAAQAAAQ.jpg
349,A_5vL0Q7fTAmEAAAAAAAAAAAAAAQAAAQ.jpg
349,A_Ctf4TYUS5bUAAAAAAAAAAAAAAQAAAQ.jpg
349,A_Mf4pSIoyIRsAAAAAAAAAAAAAAQAAAQ.jpg
349,A_u7v6T5Y4LbgAAAAAAAAAAAAAAQAAAQ.jpg
350,A_sRdSQI6rltEAAAAAAAAAAAAAAQAAAQ.jpg
350,A_T1UgSLssogMAAAAAAAAAAAAAAQAAAQ.jpg
350,A_HB08Sqk0jtUAAAAAAAAAAAAAAQAAAQ.jpg
350,A_zLxIQreSGIQAAAAAAAAAAAAAAQAAAQ.jpg
351,A_D60lTKznMrcAAAAAAAAAAAAAAQAAAQ.jpg
351,A_9SlwSIz6IIwAAAAAAAAAAAAAAQAAAQ.jpg
351,A_1pRiQamUm7MAAAAAAAAAAAAAAQAAAQ.jpg
351,A_W-tbS5U1McUAAAAAAAAAAAAAAQAAAQ.jpg
352,A_EzvoRLZ_pNQAAAAAAAAAAAAAAQAAAQ.jpg
352,A_7q5YSbDg4nkAAAAAAAAAAAAAAQAAAQ.jpg
352,A_EFimTbNDtIwAAAAAAAAAAAAAAQAAAQ.jpg
352,A_6PmDRrCxTpcAAAAAAAAAAAAAAQAAAQ.jpg
353,awqUXpyMQ2CthGYabOhphAAAACMAARAD.jpg
353,Mke6AvcrSTS-Jrbkkk-XiAAAACMAARAD.jpg
353,1bW6ANgtQn6Tum8EiXFZYQAAACMAARAD.jpg
353,rbSOtQHnTiq3hlEMy173mgAAACMAARAD.jpg
354,A_JcAXQaGeS50AAAAAAAAAAAAAAQAAAQ.jpg
354,A_pb0yQLw47NQAAAAAAAAAAAAAAQAAAQ.jpg
354,A_Bsk2QqXguKAAAAAAAAAAAAAAAQAAAQ.jpg
354,A_gRr0Spv69VgAAAAAAAAAAAAAAQAAAQ.jpg
355,A_8FsYS5vTvx8AAAAAAAAAAAAAAQAAAQ.jpg
355,A_gX2dQZpdPKIAAAAAAAAAAAAAAQAAAQ.jpg
355,A_TqCOSaxIz3AAAAAAAAAAAAAAAQAAAQ.jpg
355,A_zG8mT5khzscAAAAAAAAAAAAAAQAAAQ.jpg
356,A_bMUKRJHYzgs2ibFLt4YXKAAAAQAAAQ.jpg
356,A_htHNQrfzZJ8AAAAAAAAAAAAAAQAAAQ.jpg
356,A_bMUKRJHYzgsAAAAAAAAAAAAAAQAAAQ.jpg
356,A_bMUKRJHYzgt8BpVArvaB3AAAAQAAAQ.jpg
357,A_xNGRRpVt-CkAAAAAAAAAAAAAAQAAAQ.jpg
357,A_8YK3Q7KJdu8AAAAAAAAAAAAAAQAAAQ.jpg
357,A_-Y1yQa-EjCUAAAAAAAAAAAAAAQAAAQ.jpg
357,A_T9O-S7E0RbgAAAAAAAAAAAAAAQAAAQ.jpg
358,A_F3tpRYPa_JOjuWhPkKdcVQAAAQAAAQ.jpg
358,A_F3tpRYPa_JMAAAAAAAAAAAAAAQAAAQ.jpg
358,A_HdukR71uNCYAAAAAAAAAAAAAAQAAAQ.jpg
358,A_6TFvTpyeT8IAAAAAAAAAAAAAAQAAAQ.jpg
359,A_WOS-Srq0yK0AAAAAAAAAAAAAAQAAAQ.jpg
359,A_Jif9RIuxFtgAAAAAAAAAAAAAAQAAAQ.jpg
359,A_c0erTK8GvRIAAAAAAAAAAAAAAQAAAQ.jpg
359,A_ueHoRreg1BIAAAAAAAAAAAAAAQAAAQ.jpg
360,A_e9OpRrTlMJMAAAAAAAAAAAAAAQAAAQ.jpg
360,A_6riOTazvnagAAAAAAAAAAAAAAQAAAQ.jpg
360,A_yb7eSq70dU8AAAAAAAAAAAAAAQAAAQ.jpg
360,A_w5iiR5V-xeUAAAAAAAAAAAAAAQAAAQ.jpg
361,A_DLEOQLH-XEgAAAAAAAAAAAAAAQAAAQ.jpg
361,A_XlNYR5P5P6kAAAAAAAAAAAAAAQAAAQ.jpg
361,A_pc99T7m38asAAAAAAAAAAAAAAQAAAQ.jpg
361,A_pWvKR7xC3JUAAAAAAAAAAAAAAQAAAQ.jpg
362,A_ILiDSKwTXOYAAAAAAAAAAAAAAQAAAQ.jpg
362,A_9ba6Q5ghuggAAAAAAAAAAAAAAQAAAQ.jpg
362,A_TeJDTrqPVpAAAAAAAAAAAAAAAQAAAQ.jpg
362,A_zj7vSq2lg7UAAAAAAAAAAAAAAQAAAQ.jpg
363,A_h5hEQZClx0wAAAAAAAAAAAAAAQAAAQ.jpg
363,A_RMCTQYCJY5wAAAAAAAAAAAAAAQAAAQ.jpg
363,A_1a-yQJNbAAkAAAAAAAAAAAAAAQAAAQ.jpg
363,A_OZhGSblAHi8AAAAAAAAAAAAAAQAAAQ.jpg
364,A_j2mFSKhR8T4AAAAAAAAAAAAAAQAAAQ.jpg
364,A_eg8vQZ8-p8wAAAAAAAAAAAAAAQAAAQ.jpg
364,A_eg8vQZ8-p8yeuqxIktuzAQAAAQAAAQ.jpg
364,A_eg8vQZ8-p8y5451Fj3aaKwAAAQAAAQ.jpg
365,0Llk4EUWTBatZ7LbwTf9cwAAACMAARAD.jpg
365,BVDlO7QURnKXCHgHcEipRQAAACMAARAD.jpg
365,Hf_jSwzLSV6anQll88qSJAAAACMAARAD.jpg
365,5wO3PunXR8OmxANQHHozGwAAACMAARAD.jpg
366,iYqEYnIsQNisYyCRt8IltAAAACMAARAD.jpg
366,KEiexuH3QDGjXll2GoPb2wAAACMAARAD.jpg
366,-6hUXIcMQ4eHPJSZOjA2lgAAACMAARAD.jpg
366,czHIhka9REGuUf3unZEFtQAAACMAARAD.jpg
367,A_SWG1TpMlfZFn2fhFpmE2SAAAAQAAAQ.jpg
367,A_SWG1TpMlfZEAAAAAAAAAAAAAAQAAAQ.jpg
367,A_SWG1TpMlfZEqZB9Horo5AQAAAQAAAQ.jpg
367,A_qokWSK4o2R8AAAAAAAAAAAAAAQAAAQ.jpg
368,A_MnMxQqgqH3UAAAAAAAAAAAAAAQAAAQ.jpg
368,A_b6p-RLjvcucAAAAAAAAAAAAAAQAAAQ.jpg
368,A_uinxQKQCD3IAAAAAAAAAAAAAAQAAAQ.jpg
368,A_b6p-RLjvcuenHDFHjCL2CwAAAQAAAQ.jpg
369,p-ZNuK_SReystWjCTxy7bgAAACMAARAD.jpg
369,VIN5K9fRT4qSQH2-0ls7wgAAACMAARAD.jpg
369,tmYA3zhqS86uaUN_x32mTQAAACMAARAD.jpg
369,KpwDjE_oThagCVr4xziHhQAAACMAARAD.jpg
370,A_22y5Tb8kmo0AAAAAAAAAAAAAAQAAAQ.jpg
370,A_k1TARIhJh6MAAAAAAAAAAAAAAQAAAQ.jpg
370,A_hi18S6voqKkAAAAAAAAAAAAAAQAAAQ.jpg
370,A_J8STSJxHxk0AAAAAAAAAAAAAAQAAAQ.jpg
371,A_MsubRbelux8AAAAAAAAAAAAAAQAAAQ.jpg
371,A_kEOPQIoCAsEAAAAAAAAAAAAAAQAAAQ.jpg
371,A_ufUIQKcCR9gAAAAAAAAAAAAAAQAAAQ.jpg
371,A_3-a6TbFgD9kAAAAAAAAAAAAAAQAAAQ.jpg
372,A_5hWfSLspGfgAAAAAAAAAAAAAAQAAAQ.jpg
372,A_ZwlqSrNMMsIAAAAAAAAAAAAAAQAAAQ.jpg
372,A_1imaQZBmuaQAAAAAAAAAAAAAAQAAAQ.jpg
372,A_3P1DTasZsjAAAAAAAAAAAAAAAQAAAQ.jpg
373,A_1F4fRI16nO0AAAAAAAAAAAAAAQAAAQ.jpg
373,A_LDV6To7NJs8AAAAAAAAAAAAAAQAAAQ.jpg
373,A_Uz9QQa4yYbEAAAAAAAAAAAAAAQAAAQ.jpg
373,A_iZqBQ5GQbTUAAAAAAAAAAAAAAQAAAQ.jpg
374,A_EAh5Q53RI8TTM3RElCpb-QAAAQAAAQ.jpg
374,A_38T4T48iXwEAAAAAAAAAAAAAAQAAAQ.jpg
374,A_EAh5Q53RI8QAAAAAAAAAAAAAAQAAAQ.jpg
374,A_EAh5Q53RI8QHmzlAqf9aewAAAQAAAQ.jpg
375,A_tSdqS7PBMrYAAAAAAAAAAAAAAQAAAQ.jpg
375,A_jIc2R5QjsvYAAAAAAAAAAAAAAQAAAQ.jpg
375,A_kf90Qq03FW4AAAAAAAAAAAAAAQAAAQ.jpg
375,A_6fQ2SLp0uI8AAAAAAAAAAAAAAQAAAQ.jpg
376,A_oJCaSpqyI90AAAAAAAAAAAAAAQAAAQ.jpg
376,A_62LzSam3l_EAAAAAAAAAAAAAAQAAAQ.jpg
376,A_S0bzS7UK-DQAAAAAAAAAAAAAAQAAAQ.jpg
376,A_VA6ISp_s4VQAAAAAAAAAAAAAAQAAAQ.jpg
377,A_PadxR40T27MAAAAAAAAAAAAAAQAAAQ.jpg
377,A_fLGoQpE_21MAAAAAAAAAAAAAAQAAAQ.jpg
377,A_6sheRovG66oAAAAAAAAAAAAAAQAAAQ.jpg
377,A_W12QSqdLxUQAAAAAAAAAAAAAAQAAAQ.jpg
378,A_bAw_RpThcY0AAAAAAAAAAAAAAQAAAQ.jpg
378,A_OZUpRoT2UmsAAAAAAAAAAAAAAQAAAQ.jpg
378,A_V3mLTZwXbGEAAAAAAAAAAAAAAQAAAQ.jpg
378,A_LfIMSbela_gAAAAAAAAAAAAAAQAAAQ.jpg
379,A_sI7XQq-f0uMAAAAAAAAAAAAAAQAAAQ.jpg
379,A_yeL6Sa6LdNgAAAAAAAAAAAAAAQAAAQ.jpg
379,A_gH2ZQrwhB0gAAAAAAAAAAAAAAQAAAQ.jpg
379,A_ZjyyQLA6JTYAAAAAAAAAAAAAAQAAAQ.jpg
380,A_td79TbdrMCMAAAAAAAAAAAAAAQAAAQ.jpg
380,A_zvdaQpHB9oMAAAAAAAAAAAAAAQAAAQ.jpg
380,A_wkAIQ7o_OMMAAAAAAAAAAAAAAQAAAQ.jpg
380,A_FWG1QI7PbU8AAAAAAAAAAAAAAQAAAQ.jpg
381,A_5NrpQo_TQZsAAAAAAAAAAAAAAQAAAQ.jpg
381,A_vp55R5nWFocAAAAAAAAAAAAAAQAAAQ.jpg
381,A_nnxqSrO2TKgAAAAAAAAAAAAAAQAAAQ.jpg
381,A_BWLTTZ4jPegAAAAAAAAAAAAAAQAAAQ.jpg
382,A_lpuwQL74fxIAAAAAAAAAAAAAAQAAAQ.jpg
382,A_c1J-RqUJttAAAAAAAAAAAAAAAQAAAQ.jpg
382,A_Rey3Q6_86RIAAAAAAAAAAAAAAQAAAQ.jpg
382,A_Rey3Q6_86RJJrYpLshd-agAAAQAAAQ.jpg
383,39cfN4gEQWG4QYZMJhR3SwAAACMAARAD.jpg
383,A_rItsSp90WNHmp39IndeFiAAAAQAAAQ.jpg
383,y2cEDANyQ4qjLBBLzsA1uwAAACMAARAD.jpg
383,A_rItsSp90WNEAAAAAAAAAAAAAAQAAAQ.jpg
384,A_97LfRIL3Y2MAAAAAAAAAAAAAAQAAAQ.jpg
384,A_UqefRLVwgucAAAAAAAAAAAAAAQAAAQ.jpg
384,A_SyceSrFJWBwAAAAAAAAAAAAAAQAAAQ.jpg
384,A_cG0aRaoGfLUAAAAAAAAAAAAAAQAAAQ.jpg
385,A_ADliR77OW0UAAAAAAAAAAAAAAQAAAQ.jpg
385,A_7C9WR4O2DUQAAAAAAAAAAAAAAQAAAQ.jpg
385,A_S2PzTKm1tkgAAAAAAAAAAAAAAQAAAQ.jpg
385,A_1JDoTZUnuaIAAAAAAAAAAAAAAQAAAQ.jpg
386,A_73upSoM1M7IAAAAAAAAAAAAAAQAAAQ.jpg
386,A_91RES6g0RqkAAAAAAAAAAAAAAQAAAQ.jpg
386,A_RDWXT5mMwI0AAAAAAAAAAAAAAQAAAQ.jpg
386,A_3b45TILu6zcAAAAAAAAAAAAAAQAAAQ.jpg
387,A_NQW3Qa9-T0oAAAAAAAAAAAAAAQAAAQ.jpg
387,A_jID4QrVDLKgAAAAAAAAAAAAAAQAAAQ.jpg
387,A_3g69TKJIyOoAAAAAAAAAAAAAAQAAAQ.jpg
387,A_UBEST4TxbOEAAAAAAAAAAAAAAQAAAQ.jpg
388,A_WMSeTYGFRXsAAAAAAAAAAAAAAQAAAQ.jpg
388,A_2PIJRLSs1J4AAAAAAAAAAAAAAQAAAQ.jpg
388,A_YQeFTZctrNYAAAAAAAAAAAAAAQAAAQ.jpg
388,A_ztURT6ni5aQAAAAAAAAAAAAAAQAAAQ.jpg
389,A_IicKSIPDhJsAAAAAAAAAAAAAAQAAAQ.jpg
389,A_huGPTr-16YwAAAAAAAAAAAAAAQAAAQ.jpg
389,A_2Gz0Q7kelKwAAAAAAAAAAAAAAQAAAQ.jpg
389,A_wro3RaYpXl4AAAAAAAAAAAAAAQAAAQ.jpg
390,A_jZv5SIb78iMAAAAAAAAAAAAAAQAAAQ.jpg
390,A_-nfDSpqpGuwAAAAAAAAAAAAAAQAAAQ.jpg
390,A_Ii0TRJPSPEkAAAAAAAAAAAAAAQAAAQ.jpg
390,A_3ucGSqiZcJwAAAAAAAAAAAAAAQAAAQ.jpg
391,A_-DOtRIyu5J0AAAAAAAAAAAAAAQAAAQ.jpg
391,A_zNi9T5fuQLUAAAAAAAAAAAAAAQAAAQ.jpg
391,A_yRqCRrZRZEwAAAAAAAAAAAAAAQAAAQ.jpg
391,A__mMpSoWiqgoAAAAAAAAAAAAAAQAAAQ.jpg
392,A_ikFNTIocpD0AAAAAAAAAAAAAAQAAAQ.jpg
392,A_H9NWS5uQR2EAAAAAAAAAAAAAAQAAAQ.jpg
392,A_aflIQokiEeoAAAAAAAAAAAAAAQAAAQ.jpg
392,A_4MFBQ6TgbjwAAAAAAAAAAAAAAQAAAQ.jpg
393,A_JNTSS4I_N9cAAAAAAAAAAAAAAQAAAQ.jpg
393,A_ZsxUQIrHwCQAAAAAAAAAAAAAAQAAAQ.jpg
393,A_tEXnSrTV1VkAAAAAAAAAAAAAAQAAAQ.jpg
393,A_bpM_QYy6N9YAAAAAAAAAAAAAAQAAAQ.jpg
394,A_wEA-TIhizpoAAAAAAAAAAAAAAQAAAQ.jpg
394,A_qaq4TZgMsUYAAAAAAAAAAAAAAQAAAQ.jpg
394,A_wEA-TIhizpoGsY1MjNl2WgAAAQAAAQ.jpg
394,A_3z52TbtWvjkAAAAAAAAAAAAAAQAAAQ.jpg
395,A_CsfESbNpWSwAAAAAAAAAAAAAAQAAAQ.jpg
395,A_Ip4lSbQt3FkAAAAAAAAAAAAAAQAAAQ.jpg
395,A_x1TbQ7RqcuUAAAAAAAAAAAAAAQAAAQ.jpg
395,A_JAM0R7268J0AAAAAAAAAAAAAAQAAAQ.jpg
396,A_azGfR6FXqI8AAAAAAAAAAAAAAQAAAQ.jpg
396,A_nw8lRoK6pbIAAAAAAAAAAAAAAQAAAQ.jpg
396,A_EDWcTKpQsZwAAAAAAAAAAAAAAQAAAQ.jpg
396,A_YW_6R5Sj3ukAAAAAAAAAAAAAAQAAAQ.jpg
397,A_GHXwTYp3HYIAAAAAAAAAAAAAAQAAAQ.jpg
397,A_YEAQRJp2HOYAAAAAAAAAAAAAAQAAAQ.jpg
397,A_d1l4QbRgJKkAAAAAAAAAAAAAAQAAAQ.jpg
397,A_VNenTZLPvPkAAAAAAAAAAAAAAQAAAQ.jpg
398,A_PLdBS5rimREAAAAAAAAAAAAAAQAAAQ.jpg
398,A_Cm_URKiNEkkAAAAAAAAAAAAAAQAAAQ.jpg
398,A_RykPTJvOjukAAAAAAAAAAAAAAQAAAQ.jpg
398,A_ipoQQrYGoeIAAAAAAAAAAAAAAQAAAQ.jpg
399,A_7ptjTp3UbVUAAAAAAAAAAAAAAQAAAQ.jpg
399,A_SQiGRoLoVugAAAAAAAAAAAAAAQAAAQ.jpg
399,A_pQs6S5_6JKkAAAAAAAAAAAAAAQAAAQ.jpg
399,A__qkISLy_07gAAAAAAAAAAAAAAQAAAQ.jpg
400,Dj4HOBGrQXO9B4NqBKDzDwAAACMAARAD.jpg
400,DloBWfa5R-aTtPRPUD1x2wAAACMAARAD.jpg
400,NU_e6jFUScG-1CfTxZMePwAAACMAARAD.jpg
400,3QYP5DOhQz21SWuBePQDPwAAACMAARAD.jpg
401,A_sQWKRrXde_4AAAAAAAAAAAAAAQAAAQ.jpg
401,A_LRG_Rofi_xAAAAAAAAAAAAAAAQAAAQ.jpg
401,A_TjHVSbU7tp8AAAAAAAAAAAAAAQAAAQ.jpg
401,A_hqpaSIOi7UUAAAAAAAAAAAAAAQAAAQ.jpg
402,A_-h5PTLaAls4AAAAAAAAAAAAAAQAAAQ.jpg
402,A_ZCitTrwWzRYAAAAAAAAAAAAAAQAAAQ.jpg
402,A_JrRbSYuwPy8AAAAAAAAAAAAAAQAAAQ.jpg
402,A_h1i4TpAcv_wAAAAAAAAAAAAAAQAAAQ.jpg
403,A_HaLCQLp7ng4AAAAAAAAAAAAAAQAAAQ.jpg
403,A_1V8lQ4QUFsoAAAAAAAAAAAAAAQAAAQ.jpg
403,A_UOrLTpLO8fgAAAAAAAAAAAAAAQAAAQ.jpg
403,A_FP0rTJbl9ZMAAAAAAAAAAAAAAQAAAQ.jpg
404,A__kV9SoPkjGMAAAAAAAAAAAAAAQAAAQ.jpg
404,A_gSYqTbMzY4sAAAAAAAAAAAAAAQAAAQ.jpg
404,A_nciLRpVznIgAAAAAAAAAAAAAAQAAAQ.jpg
404,A_xHybTKhAr4oAAAAAAAAAAAAAAQAAAQ.jpg
405,O1CN01BQ04Mc1ql4qAk6eKT_!!0-mtopupload.jpg
405,O1CN01N4s23m1QT3F3eQWVY_!!0-mtopupload.jpg
405,O1CN0122m3FB1tQPowKB8By_!!0-mtopupload.jpg
405,O1CN01DkpDGF1gbme2upTGm_!!0-mtopupload.jpg
406,A_9ChmRatE0CsAAAAAAAAAAAAAAQAAAQ.jpg
406,A_aet3RZnKxL8AAAAAAAAAAAAAAQAAAQ.jpg
406,A_88gyRbg8-IkAAAAAAAAAAAAAAQAAAQ.jpg
406,A_IcmsSL3BE5YAAAAAAAAAAAAAAQAAAQ.jpg
407,A_6Fb8SZPH-gUAAAAAAAAAAAAAAQAAAQ.jpg
407,A_pc0BRrCF7bMAAAAAAAAAAAAAAQAAAQ.jpg
407,A_OxYXTYpxlDEAAAAAAAAAAAAAAQAAAQ.jpg
407,A_pc0BRrCF7bNyv49HmzegfAAAAQAAAQ.jpg
408,A_aSGQT5Xjp44AAAAAAAAAAAAAAQAAAQ.jpg
408,A_ZlOyRJvnRk8AAAAAAAAAAAAAAQAAAQ.jpg
408,A_J5O0T5RU4G8AAAAAAAAAAAAAAQAAAQ.jpg
408,A_u15JSYHOM4gAAAAAAAAAAAAAAQAAAQ.jpg
409,A_6rEuSapeDJsAAAAAAAAAAAAAAQAAAQ.jpg
409,A_OU91SJuWrSkAAAAAAAAAAAAAAQAAAQ.jpg
409,A_KNOmTJXCspEAAAAAAAAAAAAAAQAAAQ.jpg
409,A_9-mVQYGdxqMAAAAAAAAAAAAAAQAAAQ.jpg
410,A_XNpxT4Es2fUAAAAAAAAAAAAAAQAAAQ.jpg
410,A_pLrTRqT64vAAAAAAAAAAAAAAAQAAAQ.jpg
410,A_towfSItXXOYAAAAAAAAAAAAAAQAAAQ.jpg
410,A_R5W8Q6HgCo0AAAAAAAAAAAAAAQAAAQ.jpg
411,5Hj-EsBZRSa6pq-apaeeugAAACMAARAD.jpg
411,QOlmJEjCReyi8wAC154xsAAAACMAARAD.jpg
411,cj5bR7V7REe4NTTmWWLMgAAAACMAARAD.jpg
411,5y4H8p_wQlGXq8KM57YIzwAAACMAARAD.jpg
412,KudGaQtcSeqVEmP7y9nQNQAAACMAARAD.jpg
412,7IVgLDf8SkWdglkslZVOGAAAACMAARAD.jpg
412,XGfIHN67RQWX-KCnV8qeHAAAACMAARAD.jpg
412,sKekDS7gTa-3ZNKb0zn5pQAAACMAARAD.jpg
413,7Poe-L_WTD-M5dr41OZcIAAAACMAARED.jpg
413,8Gm298Y0Q42vWv2-5d39XwAAACMAARED.jpg
413,XzybwRBMQFeJifMo7lCyXgAAACMAARAD.jpg
413,A1AcK0R2SjuRz1S4jIoTYQAAACMAARAD.jpg
414,A_bzfvRZRablQAAAAAAAAAAAAAAQAAAQ.jpg
414,A_HsZuQrZQzFMAAAAAAAAAAAAAAQAAAQ.jpg
414,A_HMnNSayXDyQAAAAAAAAAAAAAAQAAAQ.jpg
414,A_IWg_RYhdFp0AAAAAAAAAAAAAAQAAAQ.jpg
415,A_lna8TbZ4hkcAAAAAAAAAAAAAAQAAAQ.jpg
415,A__9R_TLcKAMYAAAAAAAAAAAAAAQAAAQ.jpg
415,A_1h7cSLgcVS4AAAAAAAAAAAAAAQAAAQ.jpg
415,A_M6MMTbGiyiYAAAAAAAAAAAAAAQAAAQ.jpg
416,A_OU5FS4HN8t0AAAAAAAAAAAAAAQAAAQ.jpg
416,A_FEbIT4Q8f1IAAAAAAAAAAAAAAQAAAQ.jpg
416,A_HnuPS4LK4ioAAAAAAAAAAAAAAQAAAQ.jpg
416,A__8gwS6zP_UAAAAAAAAAAAAAAAQAAAQ.jpg
417,A_ietGT65dTDEAAAAAAAAAAAAAAQAAAQ.jpg
417,A__laxQoqCwOwAAAAAAAAAAAAAAQAAAQ.jpg
417,A_zoP0RJYXKeMAAAAAAAAAAAAAAQAAAQ.jpg
417,A__3iJQZQHtmsAAAAAAAAAAAAAAQAAAQ.jpg
418,A_o-3ITYXkboQAAAAAAAAAAAAAAQAAAQ.jpg
418,A_d7ikQ7geKnwAAAAAAAAAAAAAAQAAAQ.jpg
418,A_WOdASKFg8gkAAAAAAAAAAAAAAQAAAQ.jpg
418,A_SjxXQrow0uEAAAAAAAAAAAAAAQAAAQ.jpg
419,A_8C65S5rN0UsAAAAAAAAAAAAAAQAAAQ.jpg
419,A_3FW3QJ9lWk0AAAAAAAAAAAAAAQAAAQ.jpg
419,A_B8a5Qa6haIcAAAAAAAAAAAAAAQAAAQ.jpg
419,A_4llLQ4qRCsgAAAAAAAAAAAAAAQAAAQ.jpg
420,A_HNixQZQlkcIAAAAAAAAAAAAAAQAAAQ.jpg
420,A_XuvHSo1mx7wAAAAAAAAAAAAAAQAAAQ.jpg
420,A_8ZmzQolWwskAAAAAAAAAAAAAAQAAAQ.jpg
420,A_dw39SpK6ntsAAAAAAAAAAAAAAQAAAQ.jpg
421,JuTejs98SHCD0J1rwFM0aAAAACMAARAD.jpg
421,dNf1G7FOQrGOjUjQwg9rlgAAACMAARAD.jpg
421,1WoGVlkkQlCDF8mctiF2sQAAACMAARAD.jpg
421,A_carhSZOWcrIAAAAAAAAAAAAAAQAAAQ.jpg
422,A_ZAMrSIm1ok8AAAAAAAAAAAAAAQAAAQ.jpg
422,A_HBvwTqUMhFgAAAAAAAAAAAAAAQAAAQ.jpg
422,A_aryNTpO0A4MAAAAAAAAAAAAAAQAAAQ.jpg
422,A_2p4MRoQP1boAAAAAAAAAAAAAAQAAAQ.jpg
423,A_XOKSQ6DrfoQAAAAAAAAAAAAAAQAAAQ.jpg
423,A_i2QDQZSaK8sAAAAAAAAAAAAAAQAAAQ.jpg
423,A_U68gTqQAVTsAAAAAAAAAAAAAAQAAAQ.jpg
423,A_ihr5SI9V15sAAAAAAAAAAAAAAQAAAQ.jpg
424,A_cFF6TrihQ-UAAAAAAAAAAAAAAQAAAQ.jpg
424,A_VUIqTpySaX8AAAAAAAAAAAAAAQAAAQ.jpg
424,A_pGU1RLPuzZQAAAAAAAAAAAAAAQAAAQ.jpg
424,A_3dABQq3LpbYAAAAAAAAAAAAAAQAAAQ.jpg
425,A_2ejZSrDEFuAAAAAAAAAAAAAAAQAAAQ.jpg
425,A_Kr-LRaKKWNwAAAAAAAAAAAAAAQAAAQ.jpg
425,A_xAAVRoimbl4AAAAAAAAAAAAAAQAAAQ.jpg
425,A_WZfaSJcXMdcAAAAAAAAAAAAAAQAAAQ.jpg
426,A_hTU6QIN34fEAAAAAAAAAAAAAAQAAAQ.jpg
426,A_w_YkTI8749wAAAAAAAAAAAAAAQAAAQ.jpg
426,A_w_YkTI8749wAvulImfRVGAAAAQAAAQ.jpg
426,A_VfdHSLzsMUYAAAAAAAAAAAAAAQAAAQ.jpg
427,A_vXbQQa-Qb4IAAAAAAAAAAAAAAQAAAQ.jpg
427,A_SlLVRqEbwFMAAAAAAAAAAAAAAQAAAQ.jpg
427,A_6LCgS4QPcIsAAAAAAAAAAAAAAQAAAQ.jpg
427,A_OYM7SZ9ukdkAAAAAAAAAAAAAAQAAAQ.jpg
428,A_szGqQ5JShdQAAAAAAAAAAAAAAQAAAQ.jpg
428,A_OisGS6KC1tEAAAAAAAAAAAAAAQAAAQ.jpg
428,A_5bYxQ4AYSGUAAAAAAAAAAAAAAQAAAQ.jpg
428,A_LAkESoR62u8AAAAAAAAAAAAAAQAAAQ.jpg
429,A_Ef-9ToTWnmYAAAAAAAAAAAAAAQAAAQ.jpg
429,A_WMufT4t7FiIAAAAAAAAAAAAAAQAAAQ.jpg
429,A_evUmS627rDYAAAAAAAAAAAAAAQAAAQ.jpg
429,A_GeEVS4yjkAwAAAAAAAAAAAAAAQAAAQ.jpg
430,A_LkdrSpF9JdoAAAAAAAAAAAAAAQAAAQ.jpg
430,A_e9K6RZ7vOfUAAAAAAAAAAAAAAQAAAQ.jpg
430,A_F_zoRKyhHK8AAAAAAAAAAAAAAQAAAQ.jpg
430,A_b95aSpOFLFsAAAAAAAAAAAAAAQAAAQ.jpg
431,A_S2rqQ6hQxwMAAAAAAAAAAAAAAQAAAQ.jpg
431,A_O0b3TZzP3WIAAAAAAAAAAAAAAQAAAQ.jpg
431,A_tRQ_T4zRPUMAAAAAAAAAAAAAAQAAAQ.jpg
431,A_RdLRRYpTsyIAAAAAAAAAAAAAAQAAAQ.jpg
432,A_D_yLRJOEPv0AAAAAAAAAAAAAAQAAAQ.jpg
432,A_LqexSLUqTs4AAAAAAAAAAAAAAQAAAQ.jpg
432,A_ggjRTqjdKsUAAAAAAAAAAAAAAQAAAQ.jpg
432,A_0yXORZM96ZAAAAAAAAAAAAAAAQAAAQ.jpg
433,A_EN4DR6eMFNQAAAAAAAAAAAAAAQAAAQ.jpg
433,A_7dkISIhbTXoAAAAAAAAAAAAAAQAAAQ.jpg
433,A_bXN_SK5GoTUAAAAAAAAAAAAAAQAAAQ.jpg
433,A_5ELaQI557QQAAAAAAAAAAAAAAQAAAQ.jpg
434,A_pe97Q6Z6MAeYcC1EpO7jIAAAAQAAAQ.jpg
434,A_Pkb2QqmNmr8AAAAAAAAAAAAAAQAAAQ.jpg
434,A_pe97Q6Z6MAflbjlOuWcCgQAAAQAAAQ.jpg
434,A_pe97Q6Z6MAcAAAAAAAAAAAAAAQAAAQ.jpg
435,A_4HxaQ5JG8XoAAAAAAAAAAAAAAQAAAQ.jpg
435,A_qx5VQKmX90sAAAAAAAAAAAAAAQAAAQ.jpg
435,A_JXJiS48fCm4AAAAAAAAAAAAAAQAAAQ.jpg
435,A_e5sXR4jgfCAAAAAAAAAAAAAAAQAAAQ.jpg
436,A_yKDRS7h69eYAAAAAAAAAAAAAAQAAAQ.jpg
436,A_T-POTJLQ0LYAAAAAAAAAAAAAAQAAAQ.jpg
436,A_BMFdQ5BWFlgAAAAAAAAAAAAAAQAAAQ.jpg
436,A_LYfiRo3sXtsAAAAAAAAAAAAAAQAAAQ.jpg
437,A_-SZjTYMZyEAAAAAAAAAAAAAAAQAAAQ.jpg
437,A_qUwmRpRV8sMAAAAAAAAAAAAAAQAAAQ.jpg
437,A_kQfkTqF-wEYAAAAAAAAAAAAAAQAAAQ.jpg
437,A_9kjaSZo13lMAAAAAAAAAAAAAAQAAAQ.jpg
438,brqn8AxDRPe10QKPP1F0-AAAACMAARAD.jpg
438,5X94PL_0Q6WRqdxg324CLwAAACMAARAD.jpg
438,Ue3nY7pzQEivwLE7Vgj4BAAAACMAARAD.jpg
438,linQkK50TleoBYRjeVshwgAAACMAARAD.jpg
439,A_EFg-Qo9R2AkAAAAAAAAAAAAAAQAAAQ.jpg
439,A_EFg-Qo9R2AnyR3ZJtqes4QAAAQAAAQ.jpg
439,A_EFg-Qo9R2Ak-uddBthgo8wAAAQAAAQ.jpg
439,A_EFg-Qo9R2AmV-_ZIsLGsZgAAAQAAAQ.jpg
440,A_y3WrRb3R99oAAAAAAAAAAAAAAQAAAQ.jpg
440,A_EgEMRqSFwmoAAAAAAAAAAAAAAQAAAQ.jpg
440,A_Hj9RR5-1DfUAAAAAAAAAAAAAAQAAAQ.jpg
440,A_UWZJQpZpcDYAAAAAAAAAAAAAAQAAAQ.jpg
441,A_Uq1oQqPjiJsAAAAAAAAAAAAAAQAAAQ.jpg
441,A_0cueTZ-5pCsAAAAAAAAAAAAAAQAAAQ.jpg
441,A_EX75T5f1U3kAAAAAAAAAAAAAAQAAAQ.jpg
441,A_c-4lTIiqMWoAAAAAAAAAAAAAAQAAAQ.jpg
442,A_GK9TQLnuTdkAAAAAAAAAAAAAAQAAAQ.jpg
442,A_bhxDTJbprjIAAAAAAAAAAAAAAQAAAQ.jpg
442,A_M9Z4S5ugT5UAAAAAAAAAAAAAAQAAAQ.jpg
442,A__C1nQJFgVfsAAAAAAAAAAAAAAQAAAQ.jpg
443,A_i8KLQaLwySEAAAAAAAAAAAAAAQAAAQ.jpg
443,A_cI0IRaqb1wYAAAAAAAAAAAAAAQAAAQ.jpg
443,A_1b_yQqDeCOEAAAAAAAAAAAAAAQAAAQ.jpg
443,A_XkbWQ5dgojEAAAAAAAAAAAAAAQAAAQ.jpg
444,A_WIbLQKtB9x4AAAAAAAAAAAAAAQAAAQ.jpg
444,A_PyKnRpdr5jIAAAAAAAAAAAAAAQAAAQ.jpg
444,A_aW90TqSq_LAAAAAAAAAAAAAAAQAAAQ.jpg
444,A_LOLiSqao1ywAAAAAAAAAAAAAAQAAAQ.jpg
445,A_nHmvQ4T7874AAAAAAAAAAAAAAQAAAQ.jpg
445,A_wp93SKqwJPAAAAAAAAAAAAAAAQAAAQ.jpg
445,A_qPf8ToK8eg8AAAAAAAAAAAAAAQAAAQ.jpg
445,A_zVRPR4yVHFEAAAAAAAAAAAAAAQAAAQ.jpg
446,A_Va2BQY60rx0AAAAAAAAAAAAAAQAAAQ.jpg
446,A_gQ8ZTZvvjOEAAAAAAAAAAAAAAQAAAQ.jpg
446,A_jDpNTpjCPNEAAAAAAAAAAAAAAQAAAQ.jpg
446,A_rsUJR4Kqp38AAAAAAAAAAAAAAQAAAQ.jpg
447,A_RkqCRY1-Ze4AAAAAAAAAAAAAAQAAAQ.jpg
447,A_kQXmQp8jz-IAAAAAAAAAAAAAAQAAAQ.jpg
447,A_6it1S660O1MAAAAAAAAAAAAAAQAAAQ.jpg
447,A_LhDnT5Ioy_0AAAAAAAAAAAAAAQAAAQ.jpg
448,A_rpAuR6uSQPwAAAAAAAAAAAAAAQAAAQ.jpg
448,A_-4EwQ5jh_8MAAAAAAAAAAAAAAQAAAQ.jpg
448,A_1bGoRatP8ZkAAAAAAAAAAAAAAQAAAQ.jpg
448,A_PX6CTINwJCYAAAAAAAAAAAAAAQAAAQ.jpg
449,A_UEerQ4pSVYYAAAAAAAAAAAAAAQAAAQ.jpg
449,A_Mo5hS5UdwS4AAAAAAAAAAAAAAQAAAQ.jpg
449,A_cYGOS5WOBikAAAAAAAAAAAAAAQAAAQ.jpg
449,A_pBB2SZh4GYQAAAAAAAAAAAAAAQAAAQ.jpg
450,A_mrB_TpvpC8wAAAAAAAAAAAAAAQAAAQ.jpg
450,A_OnsiSaLK2kEAAAAAAAAAAAAAAQAAAQ.jpg
450,A_oXwqT5_ewxAAAAAAAAAAAAAAAQAAAQ.jpg
450,A_nAMdRJTr7HMAAAAAAAAAAAAAAQAAAQ.jpg
451,A_XyXJTLSqN3YAAAAAAAAAAAAAAQAAAQ.jpg
451,A_QBmXSqgdSnYAAAAAAAAAAAAAAQAAAQ.jpg
451,A_jTiNT6mSansAAAAAAAAAAAAAAQAAAQ.jpg
451,A_bCBoSrOhpdsAAAAAAAAAAAAAAQAAAQ.jpg
452,A_ZfTqQ6CMe10AAAAAAAAAAAAAAQAAAQ.jpg
452,A_K8dgTo94zKsAAAAAAAAAAAAAAQAAAQ.jpg
452,A_OB4HSZP1JF4AAAAAAAAAAAAAAQAAAQ.jpg
452,A_yvopRL_ulUAAAAAAAAAAAAAAAQAAAQ.jpg
453,A_3FbjTppQ2-QAAAAAAAAAAAAAAQAAAQ.jpg
453,A_bt_CQKkSu-0AAAAAAAAAAAAAAQAAAQ.jpg
453,A_v2ShS7MxuqgAAAAAAAAAAAAAAQAAAQ.jpg
453,A_6FhbSq9-rgYAAAAAAAAAAAAAAQAAAQ.jpg
454,A_6_7ESb-pNZUAAAAAAAAAAAAAAQAAAQ.jpg
454,A_ptrJQbZE59cAAAAAAAAAAAAAAQAAAQ.jpg
454,A_RwAjQImBKCj63mlAjtlxFAAAAQAAAQ.jpg
454,A_RwAjQImBKCgAAAAAAAAAAAAAAQAAAQ.jpg
455,N7OpXM-IRQ-cIORGs4-uQAAAACMAARAD.jpg
455,0JTF9de3QTu_LIa8mqq0BwAAACMAARAD.jpg
455,Wo3TghAPRW-9UO4mctk1dAAAACMAARAD.jpg
455,8B43x_87R26Tz2V4SMXqhAAAACMAARAD.jpg
456,A_mEEQS5W-HowAAAAAAAAAAAAAAQAAAQ.jpg
456,A_jcGhTJDKHnAAAAAAAAAAAAAAAQAAAQ.jpg
456,A__wn8QIZ_3AgAAAAAAAAAAAAAAQAAAQ.jpg
456,A_UafeTLwFDhUAAAAAAAAAAAAAAQAAAQ.jpg
457,A_PVw1TpZ8m9kAAAAAAAAAAAAAAQAAAQ.jpg
457,A_nF1hT4vQJXMAAAAAAAAAAAAAAQAAAQ.jpg
457,A_AhwjTK-lQ-wAAAAAAAAAAAAAAQAAAQ.jpg
457,A_LBRITKe-2cgAAAAAAAAAAAAAAQAAAQ.jpg
458,A_LmfsS5N5OfkAAAAAAAAAAAAAAQAAAQ.jpg
458,A_pHkZR4y2FQgAAAAAAAAAAAAAAQAAAQ.jpg
458,A_d9CJR7wR1C0AAAAAAAAAAAAAAQAAAQ.jpg
458,A_mWi_SbVBJpMAAAAAAAAAAAAAAQAAAQ.jpg
459,A_HyAnQ4BNxHAAAAAAAAAAAAAAAQAAAQ.jpg
459,A_ZqLiQIyOjXoAAAAAAAAAAAAAAQAAAQ.jpg
459,A_FZdFS5auhCkAAAAAAAAAAAAAAQAAAQ.jpg
459,A_HhbnQIuovicAAAAAAAAAAAAAAQAAAQ.jpg
460,A_bK8zTJ6fN9wAAAAAAAAAAAAAAQAAAQ.jpg
460,A_e_AdQritAHEAAAAAAAAAAAAAAQAAAQ.jpg
460,A_bsfpRZ820uUAAAAAAAAAAAAAAQAAAQ.jpg
460,A_LfXRT6ZrOJIAAAAAAAAAAAAAAQAAAQ.jpg
461,A_1732SL8OppwAAAAAAAAAAAAAAQAAAQ.jpg
461,A_cDgpT7OxEUYAAAAAAAAAAAAAAQAAAQ.jpg
461,A_WBZhRZFLA9kAAAAAAAAAAAAAAQAAAQ.jpg
461,A_yOhjS4ysSQsAAAAAAAAAAAAAAQAAAQ.jpg
462,A_BbLJTIQ433UAAAAAAAAAAAAAAQAAAQ.jpg
462,A_BbLJTIQ433WAne9LhZgiDAAAAQAAAQ.jpg
462,A_BbLJTIQ433US93BBi5_3jAAAAQAAAQ.jpg
462,A_BbLJTIQ433ULCwFNm_GlSAAAAQAAAQ.jpg
463,A_Mc4RTqatoNIAAAAAAAAAAAAAAQAAAQ.jpg
463,A_-x3aT4MhkUcAAAAAAAAAAAAAAQAAAQ.jpg
463,A_bIJXTLWjZPUAAAAAAAAAAAAAAQAAAQ.jpg
463,A_IAR2SbJjjLsAAAAAAAAAAAAAAQAAAQ.jpg
464,A_SZccT7h8BbYAAAAAAAAAAAAAAQAAAQ.jpg
464,A_wHr6RZK_JwsAAAAAAAAAAAAAAQAAAQ.jpg
464,A_LS0CRYLuGBYAAAAAAAAAAAAAAQAAAQ.jpg
464,A_gTUGTIIfhc4AAAAAAAAAAAAAAQAAAQ.jpg
465,A_1LsfQq1sFrIAAAAAAAAAAAAAAQAAAQ.jpg
465,A_ny-4RIGuMakAAAAAAAAAAAAAAQAAAQ.jpg
465,A_qOsDRoIexdYAAAAAAAAAAAAAAQAAAQ.jpg
465,A_LWGBRLM4kmEAAAAAAAAAAAAAAQAAAQ.jpg
466,A_dWPlT6B_PUMAAAAAAAAAAAAAAQAAAQ.jpg
466,A_V-dARau9w5gAAAAAAAAAAAAAAQAAAQ.jpg
466,A_YeC0TrB9NJUAAAAAAAAAAAAAAQAAAQ.jpg
466,A_Xuc9R43ya7cAAAAAAAAAAAAAAQAAAQ.jpg
467,A_sTstQrmhAboAAAAAAAAAAAAAAQAAAQ.jpg
467,A_laOeTbsKqVEAAAAAAAAAAAAAAQAAAQ.jpg
467,A_xwfPRqR8fIMAAAAAAAAAAAAAAQAAAQ.jpg
467,A_j1jdR4rS7ooAAAAAAAAAAAAAAQAAAQ.jpg
468,A_jYBzSZ-PxiEAAAAAAAAAAAAAAQAAAQ.jpg
468,A_BpgdSLHedvcAAAAAAAAAAAAAAQAAAQ.jpg
468,A_76dJTJqrcHEAAAAAAAAAAAAAAQAAAQ.jpg
468,A_NT2EToBxRL8AAAAAAAAAAAAAAQAAAQ.jpg
469,A_L4JlS6dwWMAAAAAAAAAAAAAAAQAAAQ.jpg
469,A_96rAR6au5usAAAAAAAAAAAAAAQAAAQ.jpg
469,A_H50hT7a5reoAAAAAAAAAAAAAAQAAAQ.jpg
469,A_diRrQIINEWQAAAAAAAAAAAAAAQAAAQ.jpg
470,A_lUUnTZmEsAUAAAAAAAAAAAAAAQAAAQ.jpg
470,A_s9ueSpMMF2gAAAAAAAAAAAAAAQAAAQ.jpg
470,A_cHbLQ7I_FzsAAAAAAAAAAAAAAQAAAQ.jpg
470,A_wCdfRLUgE_AAAAAAAAAAAAAAAQAAAQ.jpg
471,A_9PtgSohaUUMAAAAAAAAAAAAAAQAAAQ.jpg
471,A_GX-qRrI0pMcAAAAAAAAAAAAAAQAAAQ.jpg
471,A_iBjxSYlyPJsAAAAAAAAAAAAAAQAAAQ.jpg
471,A_jWdgT470KrYAAAAAAAAAAAAAAQAAAQ.jpg
472,A_4VnWTJoLmVUAAAAAAAAAAAAAAQAAAQ.jpg
472,A_eUbVRbWKSaQAAAAAAAAAAAAAAQAAAQ.jpg
472,A_g-XgRpkBpAoAAAAAAAAAAAAAAQAAAQ.jpg
472,A_OSurSaWTNPAAAAAAAAAAAAAAAQAAAQ.jpg
473,O1CN01Bkz5Wf1bGBrXZWQih_!!0-mtopupload.jpg
473,O1CN01edllCi1kOHP2wen02_!!0-mtopupload.jpg
473,O1CN01ub5RyA1crZoPQEGIK_!!0-mtopupload.jpg
473,O1CN01ljmcT31MLUCynrIXb_!!0-mtopupload.jpg
474,A_azsdQLjiCcAAAAAAAAAAAAAAAQAAAQ.jpg
474,A_XPdCSLBbQR8AAAAAAAAAAAAAAQAAAQ.jpg
474,A_Lho-Rqq-QMEAAAAAAAAAAAAAAQAAAQ.jpg
474,A_uRMIRp2RSjwAAAAAAAAAAAAAAQAAAQ.jpg
475,O1CN016vRRot1yzkSFh0PTm_!!0-mtopupload.jpg
475,O1CN01YTydkx1BwcZwa3WR1_!!0-mtopupload.jpg
475,A_afG2QqObtLsAAAAAAAAAAAAAAQAAAQ.jpg
475,A_bNv8S6STOFcAAAAAAAAAAAAAAQAAAQ.jpg
476,A_Fur8So6itcIAAAAAAAAAAAAAAQAAAQ.jpg
476,A_ssN2TqV_QboAAAAAAAAAAAAAAQAAAQ.jpg
476,A_GS_JRbzagSgAAAAAAAAAAAAAAQAAAQ.jpg
476,A_lZjOTLrxhToAAAAAAAAAAAAAAQAAAQ.jpg
477,A_xgwwRbzz2CIAAAAAAAAAAAAAAQAAAQ.jpg
477,A_G4n6TIHgweIAAAAAAAAAAAAAAQAAAQ.jpg
477,A_WsDYSoNB5HoAAAAAAAAAAAAAAQAAAQ.jpg
477,A_mTIYT5UNkjEAAAAAAAAAAAAAAQAAAQ.jpg
478,A_Y64YSLBn31YAAAAAAAAAAAAAAQAAAQ.jpg
478,A_OlgsR4VwCO8AAAAAAAAAAAAAAQAAAQ.jpg
478,A_zIw-RLX5FVUAAAAAAAAAAAAAAQAAAQ.jpg
478,A_0R2kRL2NNokAAAAAAAAAAAAAAQAAAQ.jpg
479,A__ChxSpdKXbU7ZYxGklWfZAAAAQAAAQ.jpg
479,A_5s_JSq-T_J4AAAAAAAAAAAAAAQAAAQ.jpg
479,A__ChxSpdKXbUAAAAAAAAAAAAAAQAAAQ.jpg
479,A_x4zjTb00bGUAAAAAAAAAAAAAAQAAAQ.jpg
480,O1CN01Z0weMO1FBE1XcEiwd_!!0-mtopupload.jpg
480,O1CN01CWsiSs1FBE1cRSsMu_!!0-mtopupload.jpg
480,O1CN01JItBDh1FBE1cRQKDc_!!0-mtopupload.jpg
480,O1CN01xNTeKx1FBE1WJee1w_!!0-mtopupload.jpg
481,A_Ai5sRYS3plAAAAAAAAAAAAAAAQAAAQ.jpg
481,A_QellR5_0xR4AAAAAAAAAAAAAAQAAAQ.jpg
481,A_Ud45SrHtyg8AAAAAAAAAAAAAAQAAAQ.jpg
481,A_IHaHSqtGmnwAAAAAAAAAAAAAAQAAAQ.jpg
482,A_lUHQQrUCDvzqgRtNtJAOUgAAAQAAAQ.jpg
482,A_lUHQQrUCDvysZYZCnsOZbAAAAQAAAQ.jpg
482,A_lUHQQrUCDvwtA1tNufXCWQAAAQAAAQ.jpg
482,A_lUHQQrUCDvwAAAAAAAAAAAAAAQAAAQ.jpg
483,A_9hgdQ4zmWcwAAAAAAAAAAAAAAQAAAQ.jpg
483,A_BtP1SaUu3zsAAAAAAAAAAAAAAQAAAQ.jpg
483,A_KDEfTqtrvoIAAAAAAAAAAAAAAQAAAQ.jpg
483,A_Ayc4QLAwfFYAAAAAAAAAAAAAAQAAAQ.jpg
484,A_xr78SqSh4wQAAAAAAAAAAAAAAQAAAQ.jpg
484,A_L3P6T4QqHF0AAAAAAAAAAAAAAQAAAQ.jpg
484,A_o6PxR4re1foAAAAAAAAAAAAAAQAAAQ.jpg
484,A_yQiTS5Hmi4MAAAAAAAAAAAAAAQAAAQ.jpg
485,A_-zzKS4Q-lwgAAAAAAAAAAAAAAQAAAQ.jpg
485,A_bqxHRY2j0twAAAAAAAAAAAAAAQAAAQ.jpg
485,A_LYsdRqXB2IAAAAAAAAAAAAAAAQAAAQ.jpg
485,A_VXjeTZD1gBQAAAAAAAAAAAAAAQAAAQ.jpg
486,A_pLd8Qb0lwsMAAAAAAAAAAAAAAQAAAQ.jpg
486,A_fqJZRYYvjoQAAAAAAAAAAAAAAQAAAQ.jpg
486,A_90TARIfFGTQAAAAAAAAAAAAAAQAAAQ.jpg
486,A_Ig06RobyZ9gAAAAAAAAAAAAAAQAAAQ.jpg
487,fK2Z9gAPRPeB6b64eJH1NAAAACMAARAD.jpg
487,c1bsxYH9TCiXssaRwWChowAAACMAARAD.jpg
487,ASvW6aMbS2qhtigU73KrrAAAACMAARAD.jpg
487,WDKII9mdSimmx4-QBo0HmwAAACMAARAD.jpg
488,A_I5cyQL3FR7QAAAAAAAAAAAAAAQAAAQ.jpg
488,A_tXvGSLsQJd8AAAAAAAAAAAAAAQAAAQ.jpg
488,A_DSp1SowADUUAAAAAAAAAAAAAAQAAAQ.jpg
488,A_yJ2OSoj48Q4AAAAAAAAAAAAAAQAAAQ.jpg
489,A_ZuN6RoToCmoAAAAAAAAAAAAAAQAAAQ.jpg
489,A_ajZDRpIS_yQAAAAAAAAAAAAAAQAAAQ.jpg
489,A_ZuN6RoToCmrCQ4VFggNRygAAAQAAAQ.jpg
489,A_jO5ATLCxz4oAAAAAAAAAAAAAAQAAAQ.jpg
490,A_0SsaRKZxpZ8AAAAAAAAAAAAAAQAAAQ.jpg
490,A_zHwjQamiZ3gAAAAAAAAAAAAAAQAAAQ.jpg
490,A_NMhpQrskdgwAAAAAAAAAAAAAAQAAAQ.jpg
490,A_efp8RKdA6O8AAAAAAAAAAAAAAQAAAQ.jpg
491,A_rKFeQLY85iwAAAAAAAAAAAAAAQAAAQ.jpg
491,A_4Z0rSp431hEAAAAAAAAAAAAAAQAAAQ.jpg
491,A_WvEsToX8GLAAAAAAAAAAAAAAAQAAAQ.jpg
491,A_sp7jQr6c4oUAAAAAAAAAAAAAAQAAAQ.jpg
492,A_ulugQYq_8tvFBcBDsI8AHAAAAQAAAQ.jpg
492,A_ulugQYq_8tsAAAAAAAAAAAAAAQAAAQ.jpg
492,A_58RgSKLGlzcAAAAAAAAAAAAAAQAAAQ.jpg
492,A_58RgSKLGlzciPixNhIMXngAAAQAAAQ.jpg
493,xAtWztW8RVKNCglCzZZiFAAAACMAARAD.jpg
493,F_OJyS8mRlGqstVl--fKqwAAACMAARAD.jpg
493,SyHDkmBsSE2NTlJYf1_N_wAAACMAARAD.jpg
493,n0SPrklKRQaQYe-vUKzSGQAAACMAARAD.jpg
494,A__sYFSp-a8S4AAAAAAAAAAAAAAQAAAQ.jpg
494,A_B3xPRbHAJCQAAAAAAAAAAAAAAQAAAQ.jpg
494,A_-RT2RpeYMRcAAAAAAAAAAAAAAQAAAQ.jpg
494,A_aJ0VQ6nGlasAAAAAAAAAAAAAAQAAAQ.jpg
495,A_y5kyR5jWY5gAAAAAAAAAAAAAAQAAAQ.jpg
495,A_L_X3SrKgc8sAAAAAAAAAAAAAAQAAAQ.jpg
495,A_rux9QKtEeIcAAAAAAAAAAAAAAQAAAQ.jpg
495,A_Nnj_S74URFkAAAAAAAAAAAAAAQAAAQ.jpg
496,A_WTZ1Srckrc8AAAAAAAAAAAAAAQAAAQ.jpg
496,A_jbveRof1jTEAAAAAAAAAAAAAAQAAAQ.jpg
496,A_5R2IRrpHcNMAAAAAAAAAAAAAAQAAAQ.jpg
496,A_2mtVQod42e4AAAAAAAAAAAAAAQAAAQ.jpg
497,A_r1a_T7q_TrAAAAAAAAAAAAAAAQAAAQ.jpg
497,A_uwrtR5eBkuMAAAAAAAAAAAAAAQAAAQ.jpg
497,A_HwTiT4uFN6QAAAAAAAAAAAAAAQAAAQ.jpg
497,A_UlcSQqMk6o8AAAAAAAAAAAAAAQAAAQ.jpg
498,A_S8VaRrsRatsAAAAAAAAAAAAAAQAAAQ.jpg
498,A__jS-Q6feaV0AAAAAAAAAAAAAAQAAAQ.jpg
498,A_GZ_2R7d4TTgAAAAAAAAAAAAAAQAAAQ.jpg
498,A_A7vIQZXXdigAAAAAAAAAAAAAAQAAAQ.jpg
499,A_GSHRSo219SYAAAAAAAAAAAAAAQAAAQ.jpg
499,A_uzR9SZI3Y2IAAAAAAAAAAAAAAQAAAQ.jpg
499,A_Jkz4SYaPehAAAAAAAAAAAAAAAQAAAQ.jpg
499,A_j7XtTavCn5cAAAAAAAAAAAAAAQAAAQ.jpg
500,A_QX6ZRI1IaWoAAAAAAAAAAAAAAQAAAQ.jpg
500,A_uuUyQIt-AFYAAAAAAAAAAAAAAQAAAQ.jpg
500,A_mGsQQJWrB1MAAAAAAAAAAAAAAQAAAQ.jpg
500,A_PV5rQJFL5XoAAAAAAAAAAAAAAQAAAQ.jpg
501,A_KQStSpyFsY4AAAAAAAAAAAAAAQAAAQ.jpg
501,A_sY7-SreAp10AAAAAAAAAAAAAAQAAAQ.jpg
501,A_LAn8SY_MuZQAAAAAAAAAAAAAAQAAAQ.jpg
501,A_0WcMRaBEZdQAAAAAAAAAAAAAAQAAAQ.jpg
502,A_NGRbS4Gsy-0AAAAAAAAAAAAAAQAAAQ.jpg
502,A_xzI9Rpl7qhQAAAAAAAAAAAAAAQAAAQ.jpg
502,A_6WCIT4hLpGcAAAAAAAAAAAAAAQAAAQ.jpg
502,A_OqbPTIhydrQAAAAAAAAAAAAAAQAAAQ.jpg
503,lNvCLm5cQl-Q_X9HP4oIsQAAACMAARAD.jpg
503,PQKHlBsGRvmLUNNyc9RH1AAAACMAARAD.jpg
503,WnhV3WNNRw-Mr0X6et0RKAAAACMAARAD.jpg
503,DrgoCAY0Rz69BEJgJWH1eAAAACMAARAD.jpg
504,A_ftMCQZKljsAAAAAAAAAAAAAAAQAAAQ.jpg
504,A_stBTRI10aiYAAAAAAAAAAAAAAQAAAQ.jpg
504,A_v4AuSbQGtswAAAAAAAAAAAAAAQAAAQ.jpg
504,A_QtwlRpiQ2kkAAAAAAAAAAAAAAQAAAQ.jpg
505,A_vH9ETL5AvscAAAAAAAAAAAAAAQAAAQ.jpg
505,A_wOsbQr6E590AAAAAAAAAAAAAAQAAAQ.jpg
505,A_NN9nQZLOjn0AAAAAAAAAAAAAAQAAAQ.jpg
505,A_GkytRq3DZUkAAAAAAAAAAAAAAQAAAQ.jpg
506,A_9S67RIQ_rZUAAAAAAAAAAAAAAQAAAQ.jpg
506,A_B2VARp3lsCMAAAAAAAAAAAAAAQAAAQ.jpg
506,A_3bOcTZIUQxIAAAAAAAAAAAAAAQAAAQ.jpg
506,A_p6JRRbJwyaEAAAAAAAAAAAAAAQAAAQ.jpg
507,A_6cMCTq8KMbOOjNZDpkx0TQAAAQAAAQ.jpg
507,A_xgtVSol0xdEAAAAAAAAAAAAAAQAAAQ.jpg
507,A_I9m_T4CD63EAAAAAAAAAAAAAAQAAAQ.jpg
507,A_6cMCTq8KMbMAAAAAAAAAAAAAAQAAAQ.jpg
508,A_wS1tQb9dBvAAAAAAAAAAAAAAAQAAAQ.jpg
508,A_TXowQ6SyXtQAAAAAAAAAAAAAAQAAAQ.jpg
508,A_ghCoTZfmfZYAAAAAAAAAAAAAAQAAAQ.jpg
508,A_h48_QINU-PsAAAAAAAAAAAAAAQAAAQ.jpg
509,A_tVo2RqfIehEAAAAAAAAAAAAAAQAAAQ.jpg
509,A_EPtXQJ9D_eMAAAAAAAAAAAAAAQAAAQ.jpg
509,A_kgVrRbIEz6sAAAAAAAAAAAAAAQAAAQ.jpg
509,A_Xz2WRKXlmksAAAAAAAAAAAAAAQAAAQ.jpg
510,n3i1s5rGQeKmx445xauTHwAAACMAARAD.jpg
510,wKGIHhMKRdqNXFtEmEDDrgAAACMAARAD.jpg
510,EZUd9_DBT3Ou5kUOb-r6ngAAACMAARAD.jpg
510,c_WjmvvyT02TIIdzb6axJgAAACMAARAD.jpg
511,A_Syq8SoKrNZIAAAAAAAAAAAAAAQAAAQ.jpg
511,A_4eOORb0gvvQAAAAAAAAAAAAAAQAAAQ.jpg
511,A_f29OQaB53QMAAAAAAAAAAAAAAQAAAQ.jpg
511,A_WCXbQovljycAAAAAAAAAAAAAAQAAAQ.jpg
512,6WiNJzCPS3C9yNJTe3unUQAAACMAARAD.jpg
512,9A5gQbyMQVihb4K_U_Xj2AAAACMAARAD.jpg
512,5i78OFiYScSOmrXHO2a3TwAAACMAARAD.jpg
512,jcHG94u8QjC13uxy5S9T5gAAACMAARAD.jpg
513,1k8I6KVAT_WLGPtcrce1_gAAACMAARAD.jpg
513,A_BNkVRoW3_2EAAAAAAAAAAAAAAQAAAQ.jpg
513,yQ2UD_TfT-GGwv3-r3c75wAAACMAARAD.jpg
513,C9fbo4oXQqiimGkgywDZawAAACMAARAD.jpg
514,A_ADCrQb_6Ha8AAAAAAAAAAAAAAQAAAQ.jpg
514,A_9ED2QI_a85AAAAAAAAAAAAAAAQAAAQ.jpg
514,A_pbw0SaaHr0IAAAAAAAAAAAAAAQAAAQ.jpg
514,A_iuCcQIxHKA4AAAAAAAAAAAAAAQAAAQ.jpg
515,A_yvN6TogRcHcAAAAAAAAAAAAAAQAAAQ.jpg
515,A_yvN6TogRcHelWglGrexWpAAAAQAAAQ.jpg
515,A_yvN6TogRcHfE05NMsLrqiAAAAQAAAQ.jpg
515,A_dMcNSaro9sMAAAAAAAAAAAAAAQAAAQ.jpg
516,A_j7BTRbXPMNkAAAAAAAAAAAAAAQAAAQ.jpg
516,A_Sl5uQr6mQCsAAAAAAAAAAAAAAQAAAQ.jpg
516,A_WAC-QY6h3rgAAAAAAAAAAAAAAQAAAQ.jpg
516,A_NiclRoym0lEAAAAAAAAAAAAAAQAAAQ.jpg
517,A_CAbERZ6lZ2YAAAAAAAAAAAAAAQAAAQ.jpg
517,A_g17bRKlodCQAAAAAAAAAAAAAAQAAAQ.jpg
517,A_Zqq4Qojdd-cAAAAAAAAAAAAAAQAAAQ.jpg
517,A_W25LS6Cp9k0AAAAAAAAAAAAAAQAAAQ.jpg
518,A_cPGAQLdBLZsAAAAAAAAAAAAAAQAAAQ.jpg
518,A_cPGAQLdBLZswPQtEipW63AAAAQAAAQ.jpg
518,A_cPGAQLdBLZsiJUhGkjW0owAAAQAAAQ.jpg
518,O1CN0105KfkQ1PXnlCwgqW4_!!0-mtopupload.jpg
519,A_MKpwRbrK-SYAAAAAAAAAAAAAAQAAAQ.jpg
519,A_5MHlRLf7YwIAAAAAAAAAAAAAAQAAAQ.jpg
519,A_Gw6wR6mkMB0AAAAAAAAAAAAAAQAAAQ.jpg
519,A_JgNQQo7ObhkAAAAAAAAAAAAAAQAAAQ.jpg
520,df8OgWfVReKxuNO2cBjpFgAAACMAARAD.jpg
520,g4I1lSczRjKaacZjI5NohwAAACMAARAD.jpg
520,dDgdjh0VSpiNvmLk82HhAwAAACMAARAD.jpg
520,WF6paYj4TAS2zmR9ttcjdwAAACMAARAD.jpg
521,A_zGzDToUE3gAAAAAAAAAAAAAAAQAAAQ.jpg
521,A_NBNeT73PZ4wAAAAAAAAAAAAAAQAAAQ.jpg
521,A_JCKrQIkLngEAAAAAAAAAAAAAAQAAAQ.jpg
521,A_JCKrQIkLngGEQXhCg8z6jgAAAQAAAQ.jpg
522,A__A_-Qa2QGV4AAAAAAAAAAAAAAQAAAQ.jpg
522,A_gxF4R6xe8o8AAAAAAAAAAAAAAQAAAQ.jpg
522,A_Y_pPQLXOk_sAAAAAAAAAAAAAAQAAAQ.jpg
522,A_rTUXSIULzhMAAAAAAAAAAAAAAQAAAQ.jpg
523,A_GM3qQ69jrcYAAAAAAAAAAAAAAQAAAQ.jpg
523,A_JdDTS7q-OgUAAAAAAAAAAAAAAQAAAQ.jpg
523,A_rVnMS6Zmr24AAAAAAAAAAAAAAQAAAQ.jpg
523,A_GM3qQ69jrcbGky1CkRnkiwAAAQAAAQ.jpg
524,A_29O6R56ctOgAAAAAAAAAAAAAAQAAAQ.jpg
524,A_A8OaRplne0QAAAAAAAAAAAAAAQAAAQ.jpg
524,A_BtNUSKd1P5cAAAAAAAAAAAAAAQAAAQ.jpg
524,A_OmX3Q53lpUwAAAAAAAAAAAAAAQAAAQ.jpg
525,A_VMfJS5KQlgIAAAAAAAAAAAAAAQAAAQ.jpg
525,A_atZWQ7tWONQAAAAAAAAAAAAAAQAAAQ.jpg
525,A_fUA6RZDdGsEAAAAAAAAAAAAAAQAAAQ.jpg
525,A_PCHbSJtR6NcAAAAAAAAAAAAAAQAAAQ.jpg
526,A_Gg-6TaMzxZoAAAAAAAAAAAAAAQAAAQ.jpg
526,A_yJcJTbSXldIAAAAAAAAAAAAAAQAAAQ.jpg
526,A_aheUToQwodcAAAAAAAAAAAAAAQAAAQ.jpg
526,A_AEQpS6B6EGcAAAAAAAAAAAAAAQAAAQ.jpg
527,A_oEIGQ7FoAqcAAAAAAAAAAAAAAQAAAQ.jpg
527,A_uPCaSaVk56QAAAAAAAAAAAAAAQAAAQ.jpg
527,A_Zup0RrFFPJMAAAAAAAAAAAAAAQAAAQ.jpg
527,A_6EU5S4vSUu0AAAAAAAAAAAAAAQAAAQ.jpg
528,A_2aJSR4oFnjcAAAAAAAAAAAAAAQAAAQ.jpg
528,A_d6neQ4X6u9gAAAAAAAAAAAAAAQAAAQ.jpg
528,A_VBvfQrB3d1QAAAAAAAAAAAAAAQAAAQ.jpg
528,A_BNWgQZXE0McAAAAAAAAAAAAAAQAAAQ.jpg
529,A_yvzoQYTf7wMAAAAAAAAAAAAAAQAAAQ.jpg
529,A_U-EGRIETAIsAAAAAAAAAAAAAAQAAAQ.jpg
529,A_w8T8Q4g0eLQAAAAAAAAAAAAAAQAAAQ.jpg
529,A_yvzoQYTf7wPYY-hFpVOlAwAAAQAAAQ.jpg
530,A_ZpQ8T4Ju4_UAAAAAAAAAAAAAAQAAAQ.jpg
530,A_98fSSZtHERkAAAAAAAAAAAAAAQAAAQ.jpg
530,A_PSsXT7YVcQkAAAAAAAAAAAAAAQAAAQ.jpg
530,A_I7zJTogTGnoAAAAAAAAAAAAAAQAAAQ.jpg
531,A_CcXzRZhPd5kAAAAAAAAAAAAAAQAAAQ.jpg
531,A_LN0mQJhKlScAAAAAAAAAAAAAAQAAAQ.jpg
531,A_wOYWQ4o6cxUAAAAAAAAAAAAAAQAAAQ.jpg
531,A_aBGyR66BXocAAAAAAAAAAAAAAQAAAQ.jpg
532,A_c_ZDSYaGj-wAAAAAAAAAAAAAAQAAAQ.jpg
532,A_WNIrTJDYsi0AAAAAAAAAAAAAAQAAAQ.jpg
532,A_E9ILSJ7FeioAAAAAAAAAAAAAAQAAAQ.jpg
532,A_wSNMRoiXigkAAAAAAAAAAAAAAQAAAQ.jpg
533,A_1x6_R7oZ7YwAAAAAAAAAAAAAAQAAAQ.jpg
533,A_syC2Sbxt2OsAAAAAAAAAAAAAAQAAAQ.jpg
533,A_5PzqR6OycGcAAAAAAAAAAAAAAQAAAQ.jpg
533,A_JH1kS5hpCdEAAAAAAAAAAAAAAQAAAQ.jpg
534,A_s41zSbPQmB8AAAAAAAAAAAAAAQAAAQ.jpg
534,A_tTkISaNtpmMAAAAAAAAAAAAAAQAAAQ.jpg
534,A_9b9sTaBeTT8AAAAAAAAAAAAAAQAAAQ.jpg
534,A_ZeZLQ6Vf9iYAAAAAAAAAAAAAAQAAAQ.jpg
535,A_0RbhQKYxUO4AAAAAAAAAAAAAAQAAAQ.jpg
535,A_A2ptQ7B2QvAAAAAAAAAAAAAAAQAAAQ.jpg
535,A_yFvQQYnPpCoAAAAAAAAAAAAAAQAAAQ.jpg
535,A_kqmGQpygVn0AAAAAAAAAAAAAAQAAAQ.jpg
536,A_8mIkQ6paqy4AAAAAAAAAAAAAAQAAAQ.jpg
536,A_wqxWRLkn744AAAAAAAAAAAAAAQAAAQ.jpg
536,A_vvYST5wdiYYAAAAAAAAAAAAAAQAAAQ.jpg
536,A_mBJaQaoMLXsAAAAAAAAAAAAAAQAAAQ.jpg
537,A_VHGbTr7W-2UAAAAAAAAAAAAAAQAAAQ.jpg
537,A_OiD_T6r35CYAAAAAAAAAAAAAAQAAAQ.jpg
537,A_pxchTa9Bj8oAAAAAAAAAAAAAAQAAAQ.jpg
537,A_VqBhSqEKBTYAAAAAAAAAAAAAAQAAAQ.jpg
538,A_g91ZToWDltwAAAAAAAAAAAAAAQAAAQ.jpg
538,A_LEwVT6irw-8AAAAAAAAAAAAAAQAAAQ.jpg
538,A_AepHQ6e3hQIAAAAAAAAAAAAAAQAAAQ.jpg
538,A_6wjVRrduyCIAAAAAAAAAAAAAAQAAAQ.jpg
539,A_MtmyToB4oVEAAAAAAAAAAAAAAQAAAQ.jpg
539,A_n7U2S5B-1HUAAAAAAAAAAAAAAQAAAQ.jpg
539,A_-iDBSZdIcc0AAAAAAAAAAAAAAQAAAQ.jpg
539,A_B2FvQqJbqr8AAAAAAAAAAAAAAQAAAQ.jpg
540,A_eUECQIPcO1AAAAAAAAAAAAAAAQAAAQ.jpg
540,A_NfkYQKX-O-AAAAAAAAAAAAAAAQAAAQ.jpg
540,A_1hvCRaOtkNQAAAAAAAAAAAAAAQAAAQ.jpg
540,A_4OePR4ECHr4AAAAAAAAAAAAAAQAAAQ.jpg
541,7PepMbOJTpeNqKW72njwJAAAACMAARAD.jpg
541,pjxP3sinTGiFH5HdQ-ebiwAAACMAARAD.jpg
541,AGgqZi4TSdW6Je8LWZ1fpgAAACMAARAD.jpg
541,d3fyU1csRm-TUwVmWhhfZQAAACMAARAD.jpg
542,A_X_2IQb8ibe4AAAAAAAAAAAAAAQAAAQ.jpg
542,A_ZkJUTZsBFocAAAAAAAAAAAAAAQAAAQ.jpg
542,A_a6QBT4bnjIYAAAAAAAAAAAAAAQAAAQ.jpg
542,A_X_2IQb8ibe4zhhdOukienQAAAQAAAQ.jpg
543,Ux94kFq0Tli-xFVAblKkswAAACMAARAD.jpg
543,Geg-rKvHTCCvl001CCNa5QAAACMAARAD.jpg
543,SwDu2rsARMaBdCA824PDLgAAACMAARAD.jpg
543,oF4FwuIYSQarJkheKg4RfAAAACMAARED.jpg
544,A_kKJuTLYobB8AAAAAAAAAAAAAAQAAAQ.jpg
544,A_OBVdSpWgAdcAAAAAAAAAAAAAAQAAAQ.jpg
544,A_XGHWR4COzVoAAAAAAAAAAAAAAQAAAQ.jpg
544,A_NRzkT7_Bx4cAAAAAAAAAAAAAAQAAAQ.jpg
545,A_dWK-R7wRtaEAAAAAAAAAAAAAAQAAAQ.jpg
545,A_bnUJTaP_3McAAAAAAAAAAAAAAQAAAQ.jpg
545,A_AgOzT6Cv80cAAAAAAAAAAAAAAQAAAQ.jpg
545,A_cgmDTYORYCwAAAAAAAAAAAAAAQAAAQ.jpg
546,A__eC9TI8LwJMAAAAAAAAAAAAAAQAAAQ.jpg
546,A_GdvkQLPmp8kAAAAAAAAAAAAAAQAAAQ.jpg
546,A_ZYiMQLrFFlsAAAAAAAAAAAAAAQAAAQ.jpg
546,A_SbEDRL3fJ7sAAAAAAAAAAAAAAQAAAQ.jpg
547,A_xZ06R4h0MocAAAAAAAAAAAAAAQAAAQ.jpg
547,A_EN0-QZDQFu8AAAAAAAAAAAAAAQAAAQ.jpg
547,A_wM__QIcrybsAAAAAAAAAAAAAAQAAAQ.jpg
547,A_f75LSoEprxAAAAAAAAAAAAAAAQAAAQ.jpg
548,A__rYhQ6StSOUAAAAAAAAAAAAAAQAAAQ.jpg
548,A_MDwmSaB_6eUAAAAAAAAAAAAAAQAAAQ.jpg
548,A_qD5jSLnbWfAAAAAAAAAAAAAAAQAAAQ.jpg
548,A_I5J7S6YZDp8AAAAAAAAAAAAAAQAAAQ.jpg
549,A_AbCnTINNk5sAAAAAAAAAAAAAAQAAAQ.jpg
549,A_ytutQrkpW64AAAAAAAAAAAAAAQAAAQ.jpg
549,A_hvRTT7fEhY4AAAAAAAAAAAAAAQAAAQ.jpg
549,A_B_-uSIQ1WrYAAAAAAAAAAAAAAQAAAQ.jpg
550,A_Rph-RZCMhgoAAAAAAAAAAAAAAQAAAQ.jpg
550,A_5DAiQ52DMykAAAAAAAAAAAAAAQAAAQ.jpg
550,A_HcGyRYqKk9gAAAAAAAAAAAAAAQAAAQ.jpg
550,A_OSQoRpgk570AAAAAAAAAAAAAAQAAAQ.jpg
551,A_Rco0SKqUNAsAAAAAAAAAAAAAAQAAAQ.jpg
551,A_kWwzTbtFplIAAAAAAAAAAAAAAQAAAQ.jpg
551,A_xV_tQZHjHSsAAAAAAAAAAAAAAQAAAQ.jpg
551,A_Ci-cRoqCWkYAAAAAAAAAAAAAAQAAAQ.jpg
552,A_6kgUTITrhiAAAAAAAAAAAAAAAQAAAQ.jpg
552,A_hNq8T4n3WB8AAAAAAAAAAAAAAQAAAQ.jpg
552,A_YE1nR5qm9wYAAAAAAAAAAAAAAQAAAQ.jpg
552,A_HO6nQrC3wbEAAAAAAAAAAAAAAQAAAQ.jpg
553,A_MT8uRpdWtiYAAAAAAAAAAAAAAQAAAQ.jpg
553,A_WPrRTqHzYcoAAAAAAAAAAAAAAQAAAQ.jpg
553,A_mMerSKCwas8AAAAAAAAAAAAAAQAAAQ.jpg
553,A_iOKWQblMojIAAAAAAAAAAAAAAQAAAQ.jpg
554,A_bnyMToogeGoAAAAAAAAAAAAAAQAAAQ.jpg
554,A_TIawSr9Hl5YAAAAAAAAAAAAAAQAAAQ.jpg
554,A_qa37S4j9DlMAAAAAAAAAAAAAAQAAAQ.jpg
554,A_z8H_RZuC494AAAAAAAAAAAAAAQAAAQ.jpg
555,A_qr7rT7LQ0MMAAAAAAAAAAAAAAQAAAQ.jpg
555,A_ypudR5wu73oAAAAAAAAAAAAAAQAAAQ.jpg
555,A__u6dSbRlHDAAAAAAAAAAAAAAAQAAAQ.jpg
555,A_Iw19T4rZfwoAAAAAAAAAAAAAAQAAAQ.jpg
556,A_icRyQ6mrRmIAAAAAAAAAAAAAAQAAAQ.jpg
556,A_3SZXTI2__RcAAAAAAAAAAAAAAQAAAQ.jpg
556,A_Y1xCR6NMV0sAAAAAAAAAAAAAAQAAAQ.jpg
556,A_F2v0SJpNTs8AAAAAAAAAAAAAAQAAAQ.jpg
557,A_P3BTRbjtIIgAAAAAAAAAAAAAAQAAAQ.jpg
557,A_wo3xTZhds3kAAAAAAAAAAAAAAQAAAQ.jpg
557,A_q97eSaCjwIEAAAAAAAAAAAAAAQAAAQ.jpg
557,A_NHqoQoHa13MAAAAAAAAAAAAAAQAAAQ.jpg
558,A_r4aWTqN4TOQAAAAAAAAAAAAAAQAAAQ.jpg
558,A_OLYGS7Y11IYAAAAAAAAAAAAAAQAAAQ.jpg
558,A_d_6uRbPomzsAAAAAAAAAAAAAAQAAAQ.jpg
558,A_xxQTTIvMlRoAAAAAAAAAAAAAAQAAAQ.jpg
559,A_tLNcS5SJ0FsAAAAAAAAAAAAAAQAAAQ.jpg
559,A_76c7SbndVckAAAAAAAAAAAAAAQAAAQ.jpg
559,A_20vsS4odby4AAAAAAAAAAAAAAQAAAQ.jpg
559,A_5llBR4y4bH0AAAAAAAAAAAAAAQAAAQ.jpg
560,6zkjsZK8S5CmhotEcSCHOQAAACMAARED.jpg
560,-spB12UqSquw6JFHCMnVvAAAACMAARAD.jpg
560,H1CX9bS-SSm5s8zFIy5K2AAAACMAARAD.jpg
560,a9aVemGMT6iiLdH-eCZmggAAACMAARAD.jpg
561,A_H6RHTLcOpUIAAAAAAAAAAAAAAQAAAQ.jpg
561,A_fpNuTo7qZqoAAAAAAAAAAAAAAQAAAQ.jpg
561,A_8Ck-RZut_IsAAAAAAAAAAAAAAQAAAQ.jpg
561,A___nfQIqWKasAAAAAAAAAAAAAAQAAAQ.jpg
562,A_UykmTLmLERIAAAAAAAAAAAAAAQAAAQ.jpg
562,A_q87qTJY9O-4AAAAAAAAAAAAAAQAAAQ.jpg
562,A_OEY4TblpSioAAAAAAAAAAAAAAQAAAQ.jpg
562,A_r05pQJHmabgAAAAAAAAAAAAAAQAAAQ.jpg
562,A_1pOoSZDhOrAAAAAAAAAAAAAAAQAAAQ.jpg
562,A_StQsSboA0XoAAAAAAAAAAAAAAQAAAQ.jpg
562,A_16_uRZEMY3kAAAAAAAAAAAAAAQAAAQ.jpg
563,A_kVR7RaUbJngAAAAAAAAAAAAAAQAAAQ.jpg
563,A_l9SZT4edLhIAAAAAAAAAAAAAAQAAAQ.jpg
563,A_T7GjS7NSaykAAAAAAAAAAAAAAQAAAQ.jpg
563,A_R-NTS4LsY5YAAAAAAAAAAAAAAQAAAQ.jpg
563,A_YaukQrcqgXcAAAAAAAAAAAAAAQAAAQ.jpg
563,A_AkEvSK69TT0AAAAAAAAAAAAAAQAAAQ.jpg
563,A_eQ6dR6XBWI4AAAAAAAAAAAAAAQAAAQ.jpg
564,A_SHSGSZ4xPLAAAAAAAAAAAAAAAQAAAQ.jpg
564,A_xWwfRabA_dsAAAAAAAAAAAAAAQAAAQ.jpg
564,A_voKhQKi2WtYAAAAAAAAAAAAAAQAAAQ.jpg
564,A_VMFySpL0dEcAAAAAAAAAAAAAAQAAAQ.jpg
564,A_NGwXS6VARB8AAAAAAAAAAAAAAQAAAQ.jpg
564,A_i2ApTbZJP90AAAAAAAAAAAAAAQAAAQ.jpg
564,A_zOpNSJSpbh4AAAAAAAAAAAAAAQAAAQ.jpg
565,A_N1mySa1IZu0AAAAAAAAAAAAAAQAAAQ.jpg
565,A_ADFBQockh1IAAAAAAAAAAAAAAQAAAQ.jpg
565,A_F1igTqCtGyQAAAAAAAAAAAAAAQAAAQ.jpg
565,A_7HuMR7IfhYgAAAAAAAAAAAAAAQAAAQ.jpg
565,A_swdNRZFC3DEAAAAAAAAAAAAAAQAAAQ.jpg
565,A_s-5FRY6EAUwAAAAAAAAAAAAAAQAAAQ.jpg
565,A_L8fDQrNnLZAAAAAAAAAAAAAAAQAAAQ.jpg
566,A_cz3OS67HmlwAAAAAAAAAAAAAAQAAAQ.jpg
566,A_qgTSQrasWaYAAAAAAAAAAAAAAQAAAQ.jpg
566,A_FmG0Q5N68NcAAAAAAAAAAAAAAQAAAQ.jpg
566,A_cTz2SrJtuSgAAAAAAAAAAAAAAQAAAQ.jpg
566,A_20_MQZUhc6IAAAAAAAAAAAAAAQAAAQ.jpg
566,A_xStTQY2EuNkAAAAAAAAAAAAAAQAAAQ.jpg
566,A_mm9eR76fjMAAAAAAAAAAAAAAAQAAAQ.jpg
567,A_bydERLzjJOsAAAAAAAAAAAAAAQAAAQ.jpg
567,A_jd_ATJuiYAQAAAAAAAAAAAAAAQAAAQ.jpg
567,A_VX9xR4mmYIoAAAAAAAAAAAAAAQAAAQ.jpg
567,A_GVJASZX_sygAAAAAAAAAAAAAAQAAAQ.jpg
567,A_XIlPTZrMEYoAAAAAAAAAAAAAAQAAAQ.jpg
567,A_2r13Q6cwtAUAAAAAAAAAAAAAAQAAAQ.jpg
567,A_uwM8SqhaU1IAAAAAAAAAAAAAAQAAAQ.jpg
568,A_VExjR7v-w0oAAAAAAAAAAAAAAQAAAQ.jpg
568,A_jMSzQ4oayJsAAAAAAAAAAAAAAQAAAQ.jpg
568,A_5COhSIkueXcAAAAAAAAAAAAAAQAAAQ.jpg
568,A_PBKJRqW2ascAAAAAAAAAAAAAAQAAAQ.jpg
568,A_Pr-cTLSoQmUAAAAAAAAAAAAAAQAAAQ.jpg
568,A_Gd86Tpg5DFMAAAAAAAAAAAAAAQAAAQ.jpg
568,A_7prVQb5WtsMAAAAAAAAAAAAAAQAAAQ.jpg
569,A_KGtKRJMkGzwAAAAAAAAAAAAAAQAAAQ.jpg
569,A_l0YNRpX8xOEAAAAAAAAAAAAAAQAAAQ.jpg
569,A_CiFiRrXjoV8AAAAAAAAAAAAAAQAAAQ.jpg
569,A_0ULSRL0n8n0AAAAAAAAAAAAAAQAAAQ.jpg
569,A_sLqyT7fQixMAAAAAAAAAAAAAAQAAAQ.jpg
569,A_HB89Rbo5Oz8AAAAAAAAAAAAAAQAAAQ.jpg
569,A_avJ3RoJ65CcAAAAAAAAAAAAAAQAAAQ.jpg
570,9bJMlcpURwyeVZpfhH_1_wAAACMAARAD.jpg
570,P4fnic2BTga-aR9FkzNI8gAAACMAARAD.jpg
570,Nag9X-ZXSwWR-xsdBl5ciAAAACMAARAD.jpg
570,D0OVd8JtQC62OxbEXRtLbQAAACMAARAD.jpg
570,A_Rv9lTo0gMI0AAAAAAAAAAAAAAQAAAQ.jpg
570,jpytpmRTSxCXANg6tS5IZwAAACMAARAD.jpg
570,4C8b2yJ8TGKGBVDc37sNWAAAACMAARAD.jpg
571,EiVg9kUqQZu1qFK5pwJuIAAAACMAARAD.jpg
571,XfTGIWS3TSma_v9MuOY4HAAAACMAARAD.jpg
571,A_fMhaTbbCwdMAAAAAAAAAAAAAAQAAAQ.jpg
571,ktu8BvVLTkK_GbQopUj1NgAAACMAARAD.jpg
571,t-FOejWKRCOI-8u8DIZo1wAAACMAARAD.jpg
571,WFE8CF7WSLuT6ozjJIRsxgAAACMAARAD.jpg
571,E5fuUIZLSUSrfGEBpoTDhwAAACMAARAD.jpg
572,A_NlTXS4dEmXEAAAAAAAAAAAAAAQAAAQ.jpg
572,A_CFkyT5izCkMAAAAAAAAAAAAAAQAAAQ.jpg
572,A_3Ya9TYlld90AAAAAAAAAAAAAAQAAAQ.jpg
572,A_e20_SJrFHXkAAAAAAAAAAAAAAQAAAQ.jpg
572,A_VIU0SqoG4JQAAAAAAAAAAAAAAQAAAQ.jpg
572,A__8GxT4XILpkAAAAAAAAAAAAAAQAAAQ.jpg
572,A_GdJvS5Kbq8kAAAAAAAAAAAAAAQAAAQ.jpg
573,A_N6-6R7CrhB8AAAAAAAAAAAAAAQAAAQ.jpg
573,A_H5JPRYaUEc8AAAAAAAAAAAAAAQAAAQ.jpg
573,A_M-LXQaV4wSUAAAAAAAAAAAAAAQAAAQ.jpg
573,A_uhOrSasaFeUAAAAAAAAAAAAAAQAAAQ.jpg
573,A_GPEdTKkQy3AAAAAAAAAAAAAAAQAAAQ.jpg
573,A_82_TTImt6j8AAAAAAAAAAAAAAQAAAQ.jpg
573,A_-UHDSZqO0aMAAAAAAAAAAAAAAQAAAQ.jpg
574,A_-PGfRLTYVo8AAAAAAAAAAAAAAQAAAQ.jpg
574,A_rR4kSY0My4UAAAAAAAAAAAAAAQAAAQ.jpg
574,A_7WJ1QLCLpWMAAAAAAAAAAAAAAQAAAQ.jpg
574,A_EXuMSLaaeAAAAAAAAAAAAAAAAQAAAQ.jpg
574,A_6IsbTY1Pq5MAAAAAAAAAAAAAAQAAAQ.jpg
574,A_NM81SKr90qYAAAAAAAAAAAAAAQAAAQ.jpg
574,A_X5wNRINR0DsAAAAAAAAAAAAAAQAAAQ.jpg
575,A_Y1qfSao7mxwAAAAAAAAAAAAAAQAAAQ.jpg
575,A_U5yTQZGuGukAAAAAAAAAAAAAAQAAAQ.jpg
575,A_fdvuTIt57vYAAAAAAAAAAAAAAQAAAQ.jpg
575,A_fO3wQI9-eOoAAAAAAAAAAAAAAQAAAQ.jpg
575,A_msPSTYJkCcAAAAAAAAAAAAAAAQAAAQ.jpg
575,A_-DqRTKg-zjUAAAAAAAAAAAAAAQAAAQ.jpg
575,A_VDLjTYM-xTUAAAAAAAAAAAAAAQAAAQ.jpg
576,A_KJyoQqt9omwAAAAAAAAAAAAAAQAAAQ.jpg
576,A_9zSmQpFP5tkAAAAAAAAAAAAAAQAAAQ.jpg
576,A_LcvWR7qsvFsAAAAAAAAAAAAAAQAAAQ.jpg
576,A_kkqKQ5mPJZsAAAAAAAAAAAAAAQAAAQ.jpg
576,A_-Xg0RLghLZYAAAAAAAAAAAAAAQAAAQ.jpg
576,A_36LXQK7xBIwAAAAAAAAAAAAAAQAAAQ.jpg
576,A_d5AZRJ7Q9IMAAAAAAAAAAAAAAQAAAQ.jpg
577,A_zG5CSotWXVcAAAAAAAAAAAAAAQAAAQ.jpg
577,A_ade7QaNcYiQAAAAAAAAAAAAAAQAAAQ.jpg
577,A_9XpsRYUv3JAAAAAAAAAAAAAAAQAAAQ.jpg
577,A_xaSmSIFRVgkAAAAAAAAAAAAAAQAAAQ.jpg
577,A_pXFZSLD6mjoAAAAAAAAAAAAAAQAAAQ.jpg
577,A_wY9-Tq8DfEcAAAAAAAAAAAAAAQAAAQ.jpg
577,A_1NV0TK9XeyUAAAAAAAAAAAAAAQAAAQ.jpg
578,A_CFYxS6mym84AAAAAAAAAAAAAAQAAAQ.jpg
578,A_F6W6RIF0CZwAAAAAAAAAAAAAAQAAAQ.jpg
578,A_7taoQ6lQfR0AAAAAAAAAAAAAAQAAAQ.jpg
578,A_voiJRJRlwQQAAAAAAAAAAAAAAQAAAQ.jpg
578,A_n5c1R6Rp5U0AAAAAAAAAAAAAAQAAAQ.jpg
578,A_u0vDQIpxvVoAAAAAAAAAAAAAAQAAAQ.jpg
578,A_iyKER6pKrngAAAAAAAAAAAAAAQAAAQ.jpg
579,A_iIVJR49jhQsAAAAAAAAAAAAAAQAAAQ.jpg
579,A_hp4QRKfbXZ0AAAAAAAAAAAAAAQAAAQ.jpg
579,A_L4-ATpmQdPcAAAAAAAAAAAAAAQAAAQ.jpg
579,A_AIJoSpGH9eYAAAAAAAAAAAAAAQAAAQ.jpg
579,A_yQH5Tq23V24AAAAAAAAAAAAAAQAAAQ.jpg
579,A_VDZZS6eiDdMAAAAAAAAAAAAAAQAAAQ.jpg
579,A_4fTIRpgEANYAAAAAAAAAAAAAAQAAAQ.jpg
580,A_uHeSQbJLp88AAAAAAAAAAAAAAQAAAQ.jpg
580,A_ZzysRrosSC4AAAAAAAAAAAAAAQAAAQ.jpg
580,A_MQ9lTJAPrbwAAAAAAAAAAAAAAQAAAQ.jpg
580,A_LMlJQ5HlVCkAAAAAAAAAAAAAAQAAAQ.jpg
580,A_97N6T5PehggAAAAAAAAAAAAAAQAAAQ.jpg
580,A_OKxDTo3O3kIAAAAAAAAAAAAAAQAAAQ.jpg
580,A_bu8MSqIJPTcAAAAAAAAAAAAAAQAAAQ.jpg
581,A_QphTTpDRbcwAAAAAAAAAAAAAAQAAAQ.jpg
581,A_qsRhT4nQlqMAAAAAAAAAAAAAAQAAAQ.jpg
581,A_w0fbQbf90aMAAAAAAAAAAAAAAQAAAQ.jpg
581,A_3pFCSpCESUEAAAAAAAAAAAAAAQAAAQ.jpg
581,A_8yvQSLLssywAAAAAAAAAAAAAAQAAAQ.jpg
581,A_Tt-8TpS54z8AAAAAAAAAAAAAAQAAAQ.jpg
581,A_gxyMSo3CUXcAAAAAAAAAAAAAAQAAAQ.jpg
582,A_BBE-QaEG6mIAAAAAAAAAAAAAAQAAAQ.jpg
582,A_W1G_TKaPUlYAAAAAAAAAAAAAAQAAAQ.jpg
582,A_ESyJTIawOXIAAAAAAAAAAAAAAQAAAQ.jpg
582,A_P_bLRJbO3YsAAAAAAAAAAAAAAQAAAQ.jpg
582,A_rRAwS7LqG4gAAAAAAAAAAAAAAQAAAQ.jpg
582,A_-6hJQbXPu_IAAAAAAAAAAAAAAQAAAQ.jpg
582,A_wYYvRpnF0TgAAAAAAAAAAAAAAQAAAQ.jpg
583,IdH-BDRMTx6rUpCZplSH1AAAACMAARAD.jpg
583,MzMXTpXlQxOcZ4o_W-GHFwAAACMAARAD.jpg
583,eJVxf5hvQRO-fSQGRtfO5AAAACMAARAD.jpg
583,B2qHC4UNTOWzz8vgCSzaDAAAACMAARAD.jpg
583,moIW3CE-RwqzJ88rp4q6UAAAACMAARAD.jpg
583,xprgluVuQRyqht_KzLzkdgAAACMAARAD.jpg
583,vGaoU0jwSIqpGZ5vQpbAlAAAACMAARAD.jpg
584,A_8EvPRKuNmaQAAAAAAAAAAAAAAQAAAQ.jpg
584,A_wyEwQo3ts60AAAAAAAAAAAAAAQAAAQ.jpg
584,A_W-zMRKId3xoAAAAAAAAAAAAAAQAAAQ.jpg
584,A_OsNsRrSLAukAAAAAAAAAAAAAAQAAAQ.jpg
584,A_dx3ZRqgPjgwAAAAAAAAAAAAAAQAAAQ.jpg
584,A_iJwARIiUF6cAAAAAAAAAAAAAAQAAAQ.jpg
584,A_i9oFR5-5kXoAAAAAAAAAAAAAAQAAAQ.jpg
585,A_-g0YSpoqQu4AAAAAAAAAAAAAAQAAAQ.jpg
585,A_p-OwTb_2zxsAAAAAAAAAAAAAAQAAAQ.jpg
585,A_A7VVR6K7IXAAAAAAAAAAAAAAAQAAAQ.jpg
585,A_ZTlUQ7-1ckUAAAAAAAAAAAAAAQAAAQ.jpg
585,A_6jFhR5vGn2sAAAAAAAAAAAAAAQAAAQ.jpg
585,A_trCeR7FClX8AAAAAAAAAAAAAAQAAAQ.jpg
585,A_D44yR6UleCQAAAAAAAAAAAAAAQAAAQ.jpg
586,chz-iAJxQCyq0jmc_YIVoAAAACMAARAD.jpg
586,xpvnpG8tTF21-ntVcxXbjwAAACMAARAD.jpg
586,bZPRXQ8ARw2B5xrV50o6xwAAACMAARAD.jpg
586,qEeVuMw7RD2eC-faomMQsgAAACMAARAD.jpg
586,WYQptI4EQKmluM6d1_dJlgAAACMAARAD.jpg
586,XyNavek4S1-aF1X7oMBioQAAACMAARAD.jpg
586,5-gI0TT6TX2ghkEtCJDuzAAAACMAARAD.jpg
587,A_HZSMQYsq4G4AAAAAAAAAAAAAAQAAAQ.jpg
587,A_V0F-Q41TmOQAAAAAAAAAAAAAAQAAAQ.jpg
587,A_QAAISoLiYnMAAAAAAAAAAAAAAQAAAQ.jpg
587,A__5iER6q3HTkAAAAAAAAAAAAAAQAAAQ.jpg
587,A_p6v_S4IbMhsAAAAAAAAAAAAAAQAAAQ.jpg
587,A_tJ17RqIElysAAAAAAAAAAAAAAQAAAQ.jpg
587,A_27mRQ65zM1sAAAAAAAAAAAAAAQAAAQ.jpg
588,A_faL3TLO6Lh4AAAAAAAAAAAAAAQAAAQ.jpg
588,A_6WlJR5kfBucAAAAAAAAAAAAAAQAAAQ.jpg
588,A_6kiOQ5TWHlIAAAAAAAAAAAAAAQAAAQ.jpg
588,A_6aIeTb-sV7IAAAAAAAAAAAAAAQAAAQ.jpg
588,A_38nTR5O1YxcAAAAAAAAAAAAAAQAAAQ.jpg
588,A_KTddT42c5-wAAAAAAAAAAAAAAQAAAQ.jpg
588,A_8Il1RJ0Cu_8AAAAAAAAAAAAAAQAAAQ.jpg
589,A_FLraTYqypn0AAAAAAAAAAAAAAQAAAQ.jpg
589,A_Tnl7So73X4IAAAAAAAAAAAAAAQAAAQ.jpg
589,A_OMGkQp_5UN4AAAAAAAAAAAAAAQAAAQ.jpg
589,A_pGjJS5oYiGEAAAAAAAAAAAAAAQAAAQ.jpg
589,A_f4xSSY0HQOgAAAAAAAAAAAAAAQAAAQ.jpg
589,A_axBUTqh0xAAAAAAAAAAAAAAAAQAAAQ.jpg
589,A_lf-TT6R2DvsAAAAAAAAAAAAAAQAAAQ.jpg
590,A_gYoFR7LOvO4AAAAAAAAAAAAAAQAAAQ.jpg
590,A_GAxHTq0sKM4AAAAAAAAAAAAAAQAAAQ.jpg
590,A_a2TIQqfS55IAAAAAAAAAAAAAAQAAAQ.jpg
590,A_7r8qSr4F7bwAAAAAAAAAAAAAAQAAAQ.jpg
590,A_GFCCQYt9qHcAAAAAAAAAAAAAAQAAAQ.jpg
590,A_AuSVRZPKrqcAAAAAAAAAAAAAAQAAAQ.jpg
590,A_OC7jQJg4TB8AAAAAAAAAAAAAAQAAAQ.jpg
591,A_JGEuQJ6QTzMAAAAAAAAAAAAAAQAAAQ.jpg
591,A_ZwL2T54IbIwAAAAAAAAAAAAAAQAAAQ.jpg
591,A_aw1FQrFlzeAAAAAAAAAAAAAAAQAAAQ.jpg
591,A_t7NVQYb6t3MAAAAAAAAAAAAAAQAAAQ.jpg
591,A_LKN5TYe9VS0AAAAAAAAAAAAAAQAAAQ.jpg
591,A_XwJ3SYiB8qsAAAAAAAAAAAAAAQAAAQ.jpg
591,A_k5ezTaR6d3YAAAAAAAAAAAAAAQAAAQ.jpg
592,vYVO08HATJmoM0D42WYa0QAAACMAARAD.jpg
592,JSlRKmZWSFaiUZf49sZwNwAAACMAARAD.jpg
592,OwCF5UVZSYOv_gcsUfmr4QAAACMAARAD.jpg
592,uqVh6D0YT8Org99XBvh3FAAAACMAARAD.jpg
592,_2LdLMd-RcKETOPjkMs8lQAAACMAARAD.jpg
592,3S66LDccSSqZ_EQoRAKDTQAAACMAARAD.jpg
592,wyeVVhPYTb-k78HfmTLFiQAAACMAARAD.jpg
593,A_yeMtQY1mhb0AAAAAAAAAAAAAAQAAAQ.jpg
593,A_SFYzQqwP8XwAAAAAAAAAAAAAAQAAAQ.jpg
593,A_q-awRq5pw1kAAAAAAAAAAAAAAQAAAQ.jpg
593,A_-vznTqdrXQUAAAAAAAAAAAAAAQAAAQ.jpg
593,A_IBVRSLOORfkAAAAAAAAAAAAAAQAAAQ.jpg
593,A_qKeARpi0WgUAAAAAAAAAAAAAAQAAAQ.jpg
593,A_9esuQp3Ew2cAAAAAAAAAAAAAAQAAAQ.jpg
594,A_SfOxTKKNVV4AAAAAAAAAAAAAAQAAAQ.jpg
594,A_-SKKR66vIR0AAAAAAAAAAAAAAQAAAQ.jpg
594,A_fAXCSrd7RewAAAAAAAAAAAAAAQAAAQ.jpg
594,A_t-5BQqIGAsQAAAAAAAAAAAAAAQAAAQ.jpg
594,A_v5tWS6q5cNgAAAAAAAAAAAAAAQAAAQ.jpg
594,A_KD2tQKxRdzkAAAAAAAAAAAAAAQAAAQ.jpg
594,A_avNYR5HHrWIAAAAAAAAAAAAAAQAAAQ.jpg
595,A_7MWWQ4rbS_AAAAAAAAAAAAAAAQAAAQ.jpg
595,A_j2mcTLfuqjQAAAAAAAAAAAAAAQAAAQ.jpg
595,A_ChKzRopHdSYAAAAAAAAAAAAAAQAAAQ.jpg
595,A_XhbOQ7LcoB4AAAAAAAAAAAAAAQAAAQ.jpg
595,A_H_M_SJ_mu48AAAAAAAAAAAAAAQAAAQ.jpg
595,A_W2b9RrdJGAgAAAAAAAAAAAAAAQAAAQ.jpg
595,A_D-bpRal6FIMAAAAAAAAAAAAAAQAAAQ.jpg
596,A_UtcPTrfVTSkAAAAAAAAAAAAAAQAAAQ.jpg
596,A_Fs_qT700QA8AAAAAAAAAAAAAAQAAAQ.jpg
596,A_I_y8R7a442EAAAAAAAAAAAAAAQAAAQ.jpg
596,A_UlamQ4tAjEgAAAAAAAAAAAAAAQAAAQ.jpg
596,A_3JrjQ6BrBLwAAAAAAAAAAAAAAQAAAQ.jpg
596,A_U6myR7y5cb0AAAAAAAAAAAAAAQAAAQ.jpg
596,A_R3FWQYUTmcgAAAAAAAAAAAAAAQAAAQ.jpg
597,A_NTysQYHT0e4AAAAAAAAAAAAAAQAAAQ.jpg
597,A_72t4TY-0IXsAAAAAAAAAAAAAAQAAAQ.jpg
597,A_K5WkRqzyb3UAAAAAAAAAAAAAAQAAAQ.jpg
597,A_xUGFQaU9u_oAAAAAAAAAAAAAAQAAAQ.jpg
597,A_Owc1SZkZTL8AAAAAAAAAAAAAAQAAAQ.jpg
597,A_V2KISq2i-IIAAAAAAAAAAAAAAQAAAQ.jpg
597,A_7-9lRJmwAEwAAAAAAAAAAAAAAQAAAQ.jpg
598,A_72T6TrbeGrwAAAAAAAAAAAAAAQAAAQ.jpg
598,A_nHgsTLyddDwAAAAAAAAAAAAAAQAAAQ.jpg
598,A_KL6bS685S_8AAAAAAAAAAAAAAQAAAQ.jpg
598,A_TQRKSInwLscAAAAAAAAAAAAAAQAAAQ.jpg
598,A_IED9QppMvOwAAAAAAAAAAAAAAQAAAQ.jpg
598,A_dZ8oRL9u5qoAAAAAAAAAAAAAAQAAAQ.jpg
598,A_oMk_TIjx0mMAAAAAAAAAAAAAAQAAAQ.jpg
599,A_iL_WT7ZrkXQAAAAAAAAAAAAAAQAAAQ.jpg
599,A_AptCTrqo1OsAAAAAAAAAAAAAAQAAAQ.jpg
599,A_CrOGTbmC_RcAAAAAAAAAAAAAAQAAAQ.jpg
599,A_AOByR5gkW1AAAAAAAAAAAAAAAQAAAQ.jpg
599,A_6Rr4QaWP5DAAAAAAAAAAAAAAAQAAAQ.jpg
599,A_I7dlQbPT3SkAAAAAAAAAAAAAAQAAAQ.jpg
599,A_pHLQQLB12iMAAAAAAAAAAAAAAQAAAQ.jpg
600,A_TTXRTKTm4-wAAAAAAAAAAAAAAQAAAQ.jpg
600,A_ey_bTaLlHQYAAAAAAAAAAAAAAQAAAQ.jpg
600,A_kjENRLXyNRsAAAAAAAAAAAAAAQAAAQ.jpg
600,A_SfGoS6fetaQAAAAAAAAAAAAAAQAAAQ.jpg
600,A_xav0Tp4sAX0AAAAAAAAAAAAAAQAAAQ.jpg
600,A_kAgIRIc7p3AAAAAAAAAAAAAAAQAAAQ.jpg
600,A_aHiSTqMJzzMAAAAAAAAAAAAAAQAAAQ.jpg
601,A_ReiESpmWfWQAAAAAAAAAAAAAAQAAAQ.jpg
601,A_Yh4_Q52AldIAAAAAAAAAAAAAAQAAAQ.jpg
601,A_jyy_RqlxpB0AAAAAAAAAAAAAAQAAAQ.jpg
601,A_UNAvSJQLJNwAAAAAAAAAAAAAAQAAAQ.jpg
601,A_hqkBQK6L6CUAAAAAAAAAAAAAAQAAAQ.jpg
601,A_15PmQbhjMrsAAAAAAAAAAAAAAQAAAQ.jpg
601,A_kv11S6OtKO0AAAAAAAAAAAAAAQAAAQ.jpg
602,A_HxvBTIuFGIMAAAAAAAAAAAAAAQAAAQ.jpg
602,A_DhhERKTJySgAAAAAAAAAAAAAAQAAAQ.jpg
602,A_RafCQrQmBgcAAAAAAAAAAAAAAQAAAQ.jpg
602,A_wozEQaVHFDYAAAAAAAAAAAAAAQAAAQ.jpg
602,A_SvzcTpy5V-YAAAAAAAAAAAAAAQAAAQ.jpg
602,A_Uok-TodMLcQAAAAAAAAAAAAAAQAAAQ.jpg
602,A_wIUVSqzLJLgAAAAAAAAAAAAAAQAAAQ.jpg
603,A_aO0jSLt0xooAAAAAAAAAAAAAAQAAAQ.jpg
603,A_zo-KR4bL18kAAAAAAAAAAAAAAQAAAQ.jpg
603,A_TGIaRa-k8aIAAAAAAAAAAAAAAQAAAQ.jpg
603,A_WbzqT6bXQsEAAAAAAAAAAAAAAQAAAQ.jpg
603,A_M5yHSpgXEnoAAAAAAAAAAAAAAQAAAQ.jpg
603,A_O3k_T7Kfco0AAAAAAAAAAAAAAQAAAQ.jpg
603,A_AUdWQJ7a-9YAAAAAAAAAAAAAAQAAAQ.jpg
604,A_-_H8S6QE2JYAAAAAAAAAAAAAAQAAAQ.jpg
604,A_-PzdR5IlHSSaqnBEoDOhywAAAQAAAQ.jpg
604,A_si-nRZU4So4AAAAAAAAAAAAAAQAAAQ.jpg
604,A_E2QeQpcnLNUAAAAAAAAAAAAAAQAAAQ.jpg
604,A_x1BRS76SVgQAAAAAAAAAAAAAAQAAAQ.jpg
604,A_5J6QTKIJPBEAAAAAAAAAAAAAAQAAAQ.jpg
604,A_roWiR5iRpN4AAAAAAAAAAAAAAQAAAQ.jpg
605,A_sqI_RYGS1i8AAAAAAAAAAAAAAQAAAQ.jpg
605,A_rEt0SrnqomoAAAAAAAAAAAAAAQAAAQ.jpg
605,A_WuufQ5bnI30AAAAAAAAAAAAAAQAAAQ.jpg
605,A_7QqTSq7NhA9gLWpKpjS2AAAAAQAAAQ.jpg
605,A_2T5hS7JKmkIAAAAAAAAAAAAAAQAAAQ.jpg
605,A_7QqTSq7NhA8AAAAAAAAAAAAAAQAAAQ.jpg
605,A_7QqTSq7NhA8_8m9GtQlP-wAAAQAAAQ.jpg
606,A_odPER5YRLLQAAAAAAAAAAAAAAQAAAQ.jpg
606,A_jNwXTq_mNVQAAAAAAAAAAAAAAQAAAQ.jpg
606,A_XPvhS6fQ6kQAAAAAAAAAAAAAAQAAAQ.jpg
606,A_YA4xRIE_2uIAAAAAAAAAAAAAAQAAAQ.jpg
606,A_0vroSpnwdHwAAAAAAAAAAAAAAQAAAQ.jpg
606,A_b-aGTo8g_50AAAAAAAAAAAAAAQAAAQ.jpg
606,A_b-F2Rb_11FQAAAAAAAAAAAAAAQAAAQ.jpg
607,A_8dgvRo06UwEAAAAAAAAAAAAAAQAAAQ.jpg
607,A_bRuIR7OTsEkAAAAAAAAAAAAAAQAAAQ.jpg
607,A_0LYlQrACmGgAAAAAAAAAAAAAAQAAAQ.jpg
607,A_UiiXQLQjiZwAAAAAAAAAAAAAAQAAAQ.jpg
607,A_VS6rS4VK01MAAAAAAAAAAAAAAQAAAQ.jpg
607,A_8Bp_Qq46R1YAAAAAAAAAAAAAAQAAAQ.jpg
607,A_tMOyRKUlOAMAAAAAAAAAAAAAAQAAAQ.jpg
608,A_xT4iTJHUTFUAAAAAAAAAAAAAAQAAAQ.jpg
608,A_jjtKT4AZ_vgAAAAAAAAAAAAAAQAAAQ.jpg
608,A__o51S7ughOEAAAAAAAAAAAAAAQAAAQ.jpg
608,A_b8ZBRadkPFEAAAAAAAAAAAAAAQAAAQ.jpg
608,A_TkPETLST-pkAAAAAAAAAAAAAAQAAAQ.jpg
608,A_mEhkT67zbsYAAAAAAAAAAAAAAQAAAQ.jpg
608,A_azrUSINIX-AAAAAAAAAAAAAAAQAAAQ.jpg
609,A_4-SBTp6yZ_cAAAAAAAAAAAAAAQAAAQ.jpg
609,A_BZn-SrMGbB4AAAAAAAAAAAAAAQAAAQ.jpg
609,A_gem9SpixgJcAAAAAAAAAAAAAAQAAAQ.jpg
609,A_GTvwQ7dMnXYAAAAAAAAAAAAAAQAAAQ.jpg
609,A_XymRSY9t2b0AAAAAAAAAAAAAAQAAAQ.jpg
609,A_BZn-SrMGbB5vBxVHuJYbywAAAQAAAQ.jpg
609,A_1vqqSIiaursAAAAAAAAAAAAAAQAAAQ.jpg
610,A_I60-T7v6v5kAAAAAAAAAAAAAAQAAAQ.jpg
610,A_uOSbTIGODLAAAAAAAAAAAAAAAQAAAQ.jpg
610,A_2wGzSKIQXoAAAAAAAAAAAAAAAQAAAQ.jpg
610,mIhEIo7CQKmLLZNAp24-vgAAACMAARAD.jpg
610,E6UkX58pTDumgBY-L8nBhAAAACMAARAD.jpg
610,A_lgSYQaNTplAAAAAAAAAAAAAAAQAAAQ.jpg
610,A_RcTrSavJzRMAAAAAAAAAAAAAAQAAAQ.jpg
611,BOmsuVroQPCziVVdPOgIVwAAACMAARAD.jpg
611,zmvThfB8SJihmIl-T0GlZwAAACMAARAD.jpg
611,1rZgjPPPS32yESkuGv3LLgAAACMAARAD.jpg
611,uPI36XUuRuyxfacxv9k2GQAAACMAARAD.jpg
611,UaA09wOsRhOb1tYgDrWg4QAAACMAARAD.jpg
611,jR9rVHswSmWHtZjdJ1qpCwAAACMAARAD.jpg
611,GfXqmDK8SHKC2Y1gh0tJSAAAACMAARAD.jpg
612,A_er70T7mplcoAAAAAAAAAAAAAAQAAAQ.jpg
612,A_0pfOQrd4NsEAAAAAAAAAAAAAAQAAAQ.jpg
612,A_uio5QKMKLMQAAAAAAAAAAAAAAQAAAQ.jpg
612,A_mSPnQKLYwC8AAAAAAAAAAAAAAQAAAQ.jpg
612,A_TuE0T7Xt5xsAAAAAAAAAAAAAAQAAAQ.jpg
612,A_DoVyRrrovmQAAAAAAAAAAAAAAQAAAQ.jpg
612,A_f3-CRa12l2sAAAAAAAAAAAAAAQAAAQ.jpg
613,A_RfYfS7L0G2wAAAAAAAAAAAAAAQAAAQ.jpg
613,A_612BR5klH7YAAAAAAAAAAAAAAQAAAQ.jpg
613,A_cGTnRJm0SHUAAAAAAAAAAAAAAQAAAQ.jpg
613,A_7g1yRJcFwOcAAAAAAAAAAAAAAQAAAQ.jpg
613,A_C6Z5QYUfu6IAAAAAAAAAAAAAAQAAAQ.jpg
613,A_Vu4kRYJ2p7oAAAAAAAAAAAAAAQAAAQ.jpg
613,A_l9alTYzHIhsAAAAAAAAAAAAAAQAAAQ.jpg
614,A_JSGnT5pgyj4AAAAAAAAAAAAAAQAAAQ.jpg
614,A_J6d3TamuMeAAAAAAAAAAAAAAAQAAAQ.jpg
614,A_ippHT6ESJhwAAAAAAAAAAAAAAQAAAQ.jpg
614,A_hFLfT7lfTU8AAAAAAAAAAAAAAQAAAQ.jpg
614,A_u7t1TaGZwL0AAAAAAAAAAAAAAQAAAQ.jpg
614,A_TMPgQJcmqCYAAAAAAAAAAAAAAQAAAQ.jpg
614,A_E4ZPQLTRkSUAAAAAAAAAAAAAAQAAAQ.jpg
615,A_40_LRKQV_woAAAAAAAAAAAAAAQAAAQ.jpg
615,A_KPGMR6ZzHtEAAAAAAAAAAAAAAQAAAQ.jpg
615,A_uq2-S4Ep4-IAAAAAAAAAAAAAAQAAAQ.jpg
615,A_ZjMaSLGMIaQAAAAAAAAAAAAAAQAAAQ.jpg
615,A_R1s5Q7PqmW0AAAAAAAAAAAAAAQAAAQ.jpg
615,A_3PPHT6WHcs4AAAAAAAAAAAAAAQAAAQ.jpg
615,A_y8FmSJM87P0AAAAAAAAAAAAAAQAAAQ.jpg
616,A_EsSNSqfBttgAAAAAAAAAAAAAAQAAAQ.jpg
616,A_AZ_8TJKFx_EAAAAAAAAAAAAAAQAAAQ.jpg
616,A_Gl9sQKynAvMAAAAAAAAAAAAAAQAAAQ.jpg
616,A_wxSwQ4KiJ60AAAAAAAAAAAAAAQAAAQ.jpg
616,A_JiBfSoiQ3uoAAAAAAAAAAAAAAQAAAQ.jpg
616,A_X988TZE0HgoAAAAAAAAAAAAAAQAAAQ.jpg
616,A_PcXQRqo7OOkAAAAAAAAAAAAAAQAAAQ.jpg
617,A_omsRSZP8UC0AAAAAAAAAAAAAAQAAAQ.jpg
617,A_wdrkR49oLVcAAAAAAAAAAAAAAQAAAQ.jpg
617,A_aJ57RpqSpjIAAAAAAAAAAAAAAQAAAQ.jpg
617,A_YSwXS7jn4MIAAAAAAAAAAAAAAQAAAQ.jpg
617,A_KqHOQLwRDaoAAAAAAAAAAAAAAQAAAQ.jpg
617,A_RfLaTK7DugcAAAAAAAAAAAAAAQAAAQ.jpg
617,A_oldsSrfvEhsAAAAAAAAAAAAAAQAAAQ.jpg
618,A_t2AwTpQ6hjQAAAAAAAAAAAAAAQAAAQ.jpg
618,A_gnHcQ5H4Ed0AAAAAAAAAAAAAAQAAAQ.jpg
618,A_V2PVR6a198UAAAAAAAAAAAAAAQAAAQ.jpg
618,A_N3BaSbDER1oAAAAAAAAAAAAAAQAAAQ.jpg
618,A_NaZWRpzr2m0AAAAAAAAAAAAAAQAAAQ.jpg
618,A_cZcYRomCNGgAAAAAAAAAAAAAAQAAAQ.jpg
618,A_F-PqQpiR5AoAAAAAAAAAAAAAAQAAAQ.jpg
619,A_FEJ2SIjs71IAAAAAAAAAAAAAAQAAAQ.jpg
619,A_-PC0RbQZmy8AAAAAAAAAAAAAAQAAAQ.jpg
619,A_rQ0wR4yKRwAAAAAAAAAAAAAAAQAAAQ.jpg
619,A_GbYqR6iP64oAAAAAAAAAAAAAAQAAAQ.jpg
619,A_hlVzS42Hk1IAAAAAAAAAAAAAAQAAAQ.jpg
619,A_QqBfTq0yMyQAAAAAAAAAAAAAAQAAAQ.jpg
619,A_kyUtQoTSgTEAAAAAAAAAAAAAAQAAAQ.jpg
620,A_gsLAQ7EO6-cAAAAAAAAAAAAAAQAAAQ.jpg
620,A_BP0fQK_GNbkAAAAAAAAAAAAAAQAAAQ.jpg
620,A_IqYsSLDSV_MAAAAAAAAAAAAAAQAAAQ.jpg
620,A_DVWsQYLqGu8AAAAAAAAAAAAAAQAAAQ.jpg
620,A_t3kuQoRdNWEAAAAAAAAAAAAAAQAAAQ.jpg
620,A_xZ2zS6gdGGUAAAAAAAAAAAAAAQAAAQ.jpg
620,A_kHaWS5gfQrgAAAAAAAAAAAAAAQAAAQ.jpg
621,A_oFZ-QLzyo6YAAAAAAAAAAAAAAQAAAQ.jpg
621,A_8m84QYU2_X8AAAAAAAAAAAAAAQAAAQ.jpg
621,A_uPLoT68u8ZYAAAAAAAAAAAAAAQAAAQ.jpg
621,A_gCl2QbcVCM8AAAAAAAAAAAAAAQAAAQ.jpg
621,A_liozRr4CBPAAAAAAAAAAAAAAAQAAAQ.jpg
621,A_h4HWRIygRHAAAAAAAAAAAAAAAQAAAQ.jpg
621,A_qa3bT4GnO_QAAAAAAAAAAAAAAQAAAQ.jpg
622,A_oi0-Q74zcp8AAAAAAAAAAAAAAQAAAQ.jpg
622,A_N1thRpUxgK4AAAAAAAAAAAAAAQAAAQ.jpg
622,A_JapzQI_OUX0AAAAAAAAAAAAAAQAAAQ.jpg
622,A_LJEkQpd47-wAAAAAAAAAAAAAAQAAAQ.jpg
622,A_Zjx5Q6NT-0kAAAAAAAAAAAAAAQAAAQ.jpg
622,A_CCl1RLtuZmAAAAAAAAAAAAAAAQAAAQ.jpg
622,A_V3XrSJQwdzcAAAAAAAAAAAAAAQAAAQ.jpg
623,A_W2raTK1RlJ4AAAAAAAAAAAAAAQAAAQ.jpg
623,A_CpftQpSS0AUAAAAAAAAAAAAAAQAAAQ.jpg
623,A_3NPbTYLK9TIAAAAAAAAAAAAAAQAAAQ.jpg
623,A_zoacTa-cEXUAAAAAAAAAAAAAAQAAAQ.jpg
623,A_yjCpRLS_zjYAAAAAAAAAAAAAAQAAAQ.jpg
623,A_M4-0SrHVigcAAAAAAAAAAAAAAQAAAQ.jpg
623,A_6XjtTaix1v8AAAAAAAAAAAAAAQAAAQ.jpg
624,fjGBm6jeT4WxCV-pabsp2wAAACMAARAD.jpg
624,EXI-rCGqSLOzTlPmvmhB4gAAACMAARAD.jpg
624,7acgIydjTzSRdRI7JrDCNgAAACMAARAD.jpg
624,Zsupn-6hS8-6dskxlkM1RwAAACMAARAD.jpg
624,tDsoVEAFSH-VEcgCp32BfAAAACMAARAD.jpg
624,REyzvWQ9Sq6vMXZgtIBBpgAAACMAARAD.jpg
624,n4QvzvNyQf-Z2jDL90ZB7gAAACMAARAD.jpg
625,A_m1smSobuUXAAAAAAAAAAAAAAAQAAAQ.jpg
625,A_KpdxQIjXM0UAAAAAAAAAAAAAAQAAAQ.jpg
625,A_avBtQYREA1sAAAAAAAAAAAAAAQAAAQ.jpg
625,A_9LfrR60sb2MAAAAAAAAAAAAAAQAAAQ.jpg
625,A_QwtTR70VkIYAAAAAAAAAAAAAAQAAAQ.jpg
625,A_tVi7Q7kFEdMAAAAAAAAAAAAAAQAAAQ.jpg
625,A__vkeRbO5TR0AAAAAAAAAAAAAAQAAAQ.jpg
626,A_7s0oSbF2uDkAAAAAAAAAAAAAAQAAAQ.jpg
626,A_bPIyR738MCgAAAAAAAAAAAAAAQAAAQ.jpg
626,A_sMN3Ra6pdJcAAAAAAAAAAAAAAQAAAQ.jpg
626,A_CGANQ6TjIIgAAAAAAAAAAAAAAQAAAQ.jpg
626,A_QF_bRoalDLkAAAAAAAAAAAAAAQAAAQ.jpg
626,A_Q6h9R5iOFy8AAAAAAAAAAAAAAQAAAQ.jpg
626,A_d81CS58C3UcAAAAAAAAAAAAAAQAAAQ.jpg
627,A_jOdISKmyHFwAAAAAAAAAAAAAAQAAAQ.jpg
627,A_N-ckSIR1ZTsAAAAAAAAAAAAAAQAAAQ.jpg
627,A_fbHMSoHL1f0AAAAAAAAAAAAAAQAAAQ.jpg
627,A_DTk4TLDVUQIAAAAAAAAAAAAAAQAAAQ.jpg
627,A_IX4QQpFoBEkAAAAAAAAAAAAAAQAAAQ.jpg
627,A_c67hSrDoPVIAAAAAAAAAAAAAAQAAAQ.jpg
627,A_GiO4SaLvmGsAAAAAAAAAAAAAAQAAAQ.jpg
628,A_Zx0VRo52AFkAAAAAAAAAAAAAAQAAAQ.jpg
628,A_c_NRSp70vFcAAAAAAAAAAAAAAQAAAQ.jpg
628,A_YrunQqyySRIAAAAAAAAAAAAAAQAAAQ.jpg
628,A_0QKBQqSP6qEAAAAAAAAAAAAAAQAAAQ.jpg
628,A_-7ERTZUWN6UAAAAAAAAAAAAAAQAAAQ.jpg
628,A_GCXDRreIoSAAAAAAAAAAAAAAAQAAAQ.jpg
628,A_BkRLRplCz3QAAAAAAAAAAAAAAQAAAQ.jpg
629,O1CN010K8ajb1i6l1GcPevZ_!!0-mtopupload.jpg
629,O1CN01836YjA1LVH3bdxmkY_!!0-mtopupload.jpg
629,O1CN01Ifjvy21v5SuISB7uU_!!0-mtopupload.jpg
629,O1CN01yytKxu23CLmqUnkkg_!!0-mtopupload.jpg
629,O1CN016p0d871d4rIUmTwSf_!!0-mtopupload.jpg
629,O1CN01k4Huql1oz9kx4WUuG_!!0-mtopupload.jpg
629,O1CN01ilSkPn1HtlmEwbBVJ_!!0-mtopupload.jpg
630,CjjKYKHuSV-SPLZkNnGsFQAAACMAARAD.jpg
630,GFjpkrUgS2W0MVKqCQWecgAAACMAARAD.jpg
630,LmcE2TDuT7Sqxv9zQcOygwAAACMAARAD.jpg
630,75fUlg4TTl2mniZjrGuqswAAACMAARAD.jpg
630,8plp7VDYRLmdvt-Ajn_wEwAAACMAARAD.jpg
630,sQG69wNiRwqvefmAw-M4nAAAACMAARAD.jpg
630,3AouwJmCT_6X_B2CZeQYegAAACMAARAD.jpg
631,A_PV4sRoeDGAcAAAAAAAAAAAAAAQAAAQ.jpg
631,A_9vG8S7z6y0wAAAAAAAAAAAAAAQAAAQ.jpg
631,A_7k9nRaic_WsAAAAAAAAAAAAAAQAAAQ.jpg
631,A_Z5AfS5rKPMgAAAAAAAAAAAAAAQAAAQ.jpg
631,A_hcp_Q53NJrAAAAAAAAAAAAAAAQAAAQ.jpg
631,A_4_zFSJW0ayIAAAAAAAAAAAAAAQAAAQ.jpg
631,A_5OQIQby3qnsAAAAAAAAAAAAAAQAAAQ.jpg
632,A_rIR1TaRaG5YAAAAAAAAAAAAAAQAAAQ.jpg
632,A__xp4Q7X3zGoAAAAAAAAAAAAAAQAAAQ.jpg
632,A_OT0kQbO36vgAAAAAAAAAAAAAAQAAAQ.jpg
632,A_QggxR6GyrN4AAAAAAAAAAAAAAQAAAQ.jpg
632,A_7NDkS7PsKgUAAAAAAAAAAAAAAQAAAQ.jpg
632,A_WXWQTpKTxT8AAAAAAAAAAAAAAQAAAQ.jpg
632,A_pSOoR4sR4a4AAAAAAAAAAAAAAQAAAQ.jpg
633,A_3e85TrdXhYAAAAAAAAAAAAAAAQAAAQ.jpg
633,A_fzYJQYA8FlYAAAAAAAAAAAAAAQAAAQ.jpg
633,A_2U6_SJ_w_aAAAAAAAAAAAAAAAQAAAQ.jpg
633,A_UvdWR6OzSykAAAAAAAAAAAAAAQAAAQ.jpg
633,A_iNTHS4jISbIAAAAAAAAAAAAAAQAAAQ.jpg
633,A_Q18TR4pM2QQAAAAAAAAAAAAAAQAAAQ.jpg
633,A_JVgwSZkavUMAAAAAAAAAAAAAAQAAAQ.jpg
634,A_Mkw4SrPcdY8AAAAAAAAAAAAAAQAAAQ.jpg
634,A_yywEQq86o9kAAAAAAAAAAAAAAQAAAQ.jpg
634,A_wDu-RLVfa9oAAAAAAAAAAAAAAQAAAQ.jpg
634,A_-KhPSY6KXVYAAAAAAAAAAAAAAQAAAQ.jpg
634,A_oTtjSpg-PswAAAAAAAAAAAAAAQAAAQ.jpg
634,A_BiYjSq1EowgAAAAAAAAAAAAAAQAAAQ.jpg
634,A_VOhnRohXMUUAAAAAAAAAAAAAAQAAAQ.jpg
635,A_mxfXS5JzcdQAAAAAAAAAAAAAAQAAAQ.jpg
635,A_NNKfQ7qlcMQAAAAAAAAAAAAAAQAAAQ.jpg
635,A_FDA2TIaFsgcAAAAAAAAAAAAAAQAAAQ.jpg
635,A_d3ZDRaSgkhkAAAAAAAAAAAAAAQAAAQ.jpg
635,A_VbL4Rpo6Z1sAAAAAAAAAAAAAAQAAAQ.jpg
635,A_p93AQ5f5w7YAAAAAAAAAAAAAAQAAAQ.jpg
635,A_R9KnS7IdijwAAAAAAAAAAAAAAQAAAQ.jpg
636,A_Og-RSrvvZpEAAAAAAAAAAAAAAQAAAQ.jpg
636,A_RSVmTqN9peR4Y2dKmBRwIgAAAQAAAQ.jpg
636,A_RSVmTqN9peRao59BhdJLxwAAAQAAAQ.jpg
636,A_RSVmTqN9peQsEcNItFG87AAAAQAAAQ.jpg
636,A_FWBBS4YTxewAAAAAAAAAAAAAAQAAAQ.jpg
636,A_FWBBS4YTxeylk-9Kg5YfdAAAAQAAAQ.jpg
636,A_RSVmTqN9peScXkFPlcnAeQAAAQAAAQ.jpg
637,A_5cRlTad8IwgAAAAAAAAAAAAAAQAAAQ.jpg
637,A_jPewS5XVQbcAAAAAAAAAAAAAAQAAAQ.jpg
637,A_-IPuRo-fqwsAAAAAAAAAAAAAAQAAAQ.jpg
637,A_YEccTbWKyMcAAAAAAAAAAAAAAQAAAQ.jpg
637,A_S5D0RJB4dykAAAAAAAAAAAAAAQAAAQ.jpg
637,A_ryItSIuYndIAAAAAAAAAAAAAAQAAAQ.jpg
637,A_w_P9ToXEN5gAAAAAAAAAAAAAAQAAAQ.jpg
638,A_iIXYQKCMVSQAAAAAAAAAAAAAAQAAAQ.jpg
638,A_BG_ZSIIKGcEAAAAAAAAAAAAAAQAAAQ.jpg
638,A_kU7yQoZTkf8AAAAAAAAAAAAAAQAAAQ.jpg
638,A_h-SeRIVSPNMAAAAAAAAAAAAAAQAAAQ.jpg
638,A_vq5GSabxoSMAAAAAAAAAAAAAAQAAAQ.jpg
638,A_3WEmQ71x4kkAAAAAAAAAAAAAAQAAAQ.jpg
638,A_ZweaRL5Jal0AAAAAAAAAAAAAAQAAAQ.jpg
639,O1CN01byf10n1n6Ml9myelJ_!!0-mtopupload.jpg
639,O1CN01rAKppT1q1HCo93E6R_!!0-mtopupload.jpg
639,O1CN01mABZlo1mhAydINR4l_!!0-mtopupload.jpg
639,O1CN019PcIcm1GoRYbhG3dZ_!!0-mtopupload.jpg
639,O1CN01NwPfcN1hFAgBLR90n_!!0-mtopupload.jpg
639,O1CN016B7mot1SZa5oECoTj_!!0-mtopupload.jpg
639,O1CN01SIFsnv1SXkVevlR5p_!!0-mtopupload.jpg
640,A_9_TCQ53-A3QAAAAAAAAAAAAAAQAAAQ.jpg
640,A_XikQQ6e3WIwAAAAAAAAAAAAAAQAAAQ.jpg
640,A_ENe2RJvBLFYAAAAAAAAAAAAAAQAAAQ.jpg
640,A_cFEqRKfjMUUAAAAAAAAAAAAAAQAAAQ.jpg
640,A_dxdZRKqKD1kAAAAAAAAAAAAAAQAAAQ.jpg
640,A_VZ6hQ6tYeRoAAAAAAAAAAAAAAQAAAQ.jpg
640,A_LPkYQpdqaEcAAAAAAAAAAAAAAQAAAQ.jpg
641,A_8lLkS7mvugMAAAAAAAAAAAAAAQAAAQ.jpg
641,A_DF4aQ6MLuDkAAAAAAAAAAAAAAQAAAQ.jpg
641,A_ETnrQr60hUsAAAAAAAAAAAAAAQAAAQ.jpg
641,A_tF36TLxGeJwAAAAAAAAAAAAAAQAAAQ.jpg
641,A_9fwrQbPNSkcAAAAAAAAAAAAAAQAAAQ.jpg
641,A_Fx5bQ4eNQMoAAAAAAAAAAAAAAQAAAQ.jpg
641,A_K6joRphBnC0AAAAAAAAAAAAAAQAAAQ.jpg
642,A_-QocQ7YkznIAAAAAAAAAAAAAAQAAAQ.jpg
642,A_-RPQQIX5sJgAAAAAAAAAAAAAAQAAAQ.jpg
642,A_-5rXTpSk0JAAAAAAAAAAAAAAAQAAAQ.jpg
642,A_0hJxS6LcdCYAAAAAAAAAAAAAAQAAAQ.jpg
642,A_R4DQT7PD_-kAAAAAAAAAAAAAAQAAAQ.jpg
642,A_X0D7TKJa274AAAAAAAAAAAAAAQAAAQ.jpg
642,A_0Cb2R7m-nrwAAAAAAAAAAAAAAQAAAQ.jpg
643,A_0TWbQaiT58AAAAAAAAAAAAAAAQAAAQ.jpg
643,A_ofF3RIfPYd4AAAAAAAAAAAAAAQAAAQ.jpg
643,A_WKieTpAi378AAAAAAAAAAAAAAQAAAQ.jpg
643,A_WG6wTqT27K4AAAAAAAAAAAAAAQAAAQ.jpg
643,A_NJVGQJnq2zMAAAAAAAAAAAAAAQAAAQ.jpg
643,A_dPCfR7vzYaYAAAAAAAAAAAAAAQAAAQ.jpg
643,A_gYbLSrB-hIUAAAAAAAAAAAAAAQAAAQ.jpg
644,A_CGmoRY-kRz4AAAAAAAAAAAAAAQAAAQ.jpg
644,A_9lTLT6WrbUYAAAAAAAAAAAAAAQAAAQ.jpg
644,A_uO4DT5qJh_sAAAAAAAAAAAAAAQAAAQ.jpg
644,A_b3wfRKKoe7MAAAAAAAAAAAAAAQAAAQ.jpg
644,A_2tq8RqpsQPYAAAAAAAAAAAAAAQAAAQ.jpg
644,A_KJ1PS7GPYVUAAAAAAAAAAAAAAQAAAQ.jpg
644,A_B1jXQrueubcAAAAAAAAAAAAAAQAAAQ.jpg
645,LLuC0S_GQ8aX3VndbIQUCQAAACMAARAD.jpg
645,65ncEDgyRD2zG9hDS805ZAAAACMAARAD.jpg
645,4sBWMR4tRTyY9qDXjZifzgAAACMAARAD.jpg
645,y0nUs6-MRtKGgFNCevhouQAAACMAARAD.jpg
645,-j4hTfnxQVK7v1vSJVYpGwAAACMAARAD.jpg
645,Ebw7vYkeRq2K709sPCZBLwAAACMAARAD.jpg
645,8sqQ5VfoQBeUUIi6LQ7vPAAAACMAARAD.jpg
646,-46Y2mftRrCmlEzefbfWpQAAACMAARED.jpg
646,KOyB17SgSU2DfluUIpZSxgAAACMAARAD.jpg
646,nXSJSTIsTE6DgjQ5PZ6dDgAAACMAARAD.jpg
646,n2J3AH9mTF-UDVL4SPqzggAAACMAARAD.jpg
646,2J56vhKKQf-AaGDIbUu-nwAAACMAARAD.jpg
646,T0lDsiOwSrWV1tyLTPOUuQAAACMAARAD.jpg
646,qTCdQQZFS7qvINY1iLyp2wAAACMAARED.jpg
647,A_PjMNRJwzpukAAAAAAAAAAAAAAQAAAQ.jpg
647,A_4-l9S5M_EYsAAAAAAAAAAAAAAQAAAQ.jpg
647,A_cu27RJAD8X4AAAAAAAAAAAAAAQAAAQ.jpg
647,A_iK-HQYmnNUUAAAAAAAAAAAAAAQAAAQ.jpg
647,A_g8nlRqYxAqsAAAAAAAAAAAAAAQAAAQ.jpg
647,A_W2ZcR5jdrxoAAAAAAAAAAAAAAQAAAQ.jpg
647,A_UV1RR5wZuYoAAAAAAAAAAAAAAQAAAQ.jpg
648,A_-b4qTKNanksAAAAAAAAAAAAAAQAAAQ.jpg
648,A_xENlTaEzjMcAAAAAAAAAAAAAAQAAAQ.jpg
648,A_V6oNSbIg5QQAAAAAAAAAAAAAAQAAAQ.jpg
648,A_4bhBSKA5mY0AAAAAAAAAAAAAAQAAAQ.jpg
648,A_JMtMTZlFWAIAAAAAAAAAAAAAAQAAAQ.jpg
648,A_P7inRaFov9QAAAAAAAAAAAAAAQAAAQ.jpg
648,A_9t5xSaKmn3MAAAAAAAAAAAAAAQAAAQ.jpg
649,A_aTaCSYD8qMEAAAAAAAAAAAAAAQAAAQ.jpg
649,A_BSp-T4tF13cAAAAAAAAAAAAAAQAAAQ.jpg
649,A_ihCeSYsZpicAAAAAAAAAAAAAAQAAAQ.jpg
649,A_QUuzSYptT9UAAAAAAAAAAAAAAQAAAQ.jpg
649,A_6TwkQpQzrU0AAAAAAAAAAAAAAQAAAQ.jpg
649,A_SegqQqtqz7AAAAAAAAAAAAAAAQAAAQ.jpg
649,A_dAwdQLcbk7YAAAAAAAAAAAAAAQAAAQ.jpg
650,A_j28uT7FjbwgAAAAAAAAAAAAAAQAAAQ.jpg
650,A_gcO2TYBBphMAAAAAAAAAAAAAAQAAAQ.jpg
650,A_QkSxSoLY_zYAAAAAAAAAAAAAAQAAAQ.jpg
650,A_xS3ZSYiiFLsAAAAAAAAAAAAAAQAAAQ.jpg
650,A_V38DR5IdU9EAAAAAAAAAAAAAAQAAAQ.jpg
650,A_fztdTo_YOb4AAAAAAAAAAAAAAQAAAQ.jpg
650,A_e7aCTb9OKeMAAAAAAAAAAAAAAQAAAQ.jpg
651,A_qf4sSap7d_UAAAAAAAAAAAAAAQAAAQ.jpg
651,A_s96BS6SOg1AAAAAAAAAAAAAAAQAAAQ.jpg
651,A_bSEnTYiHtj4AAAAAAAAAAAAAAQAAAQ.jpg
651,A_q7G1TqsVXzcAAAAAAAAAAAAAAQAAAQ.jpg
651,A_h72VSYMYKbAAAAAAAAAAAAAAAQAAAQ.jpg
651,A_BcusTaGgvuAAAAAAAAAAAAAAAQAAAQ.jpg
651,A_1a9QRpBfYvcAAAAAAAAAAAAAAQAAAQ.jpg
652,A_zNZ9RqY0ggQAAAAAAAAAAAAAAQAAAQ.jpg
652,A_cewrSroglFEAAAAAAAAAAAAAAQAAAQ.jpg
652,A_Nb5USpzDa9AAAAAAAAAAAAAAAQAAAQ.jpg
652,A_hzl0QbP-mhAAAAAAAAAAAAAAAQAAAQ.jpg
652,A_2GT6SaVAZJkAAAAAAAAAAAAAAQAAAQ.jpg
652,A_naQUTZ4mhl4AAAAAAAAAAAAAAQAAAQ.jpg
652,A_u2lqSLPvgGcAAAAAAAAAAAAAAQAAAQ.jpg
653,A_sUJLS7FvHy0AAAAAAAAAAAAAAQAAAQ.jpg
653,A_VyEtQpPomL0AAAAAAAAAAAAAAQAAAQ.jpg
653,A_TSVGTrcYUh4AAAAAAAAAAAAAAQAAAQ.jpg
653,A_pqcvRaPSMhIAAAAAAAAAAAAAAQAAAQ.jpg
653,A_tA0TR5_4ZT8AAAAAAAAAAAAAAQAAAQ.jpg
653,A_YuN_SLbLMGgAAAAAAAAAAAAAAQAAAQ.jpg
653,A_OTzCSIldhVYAAAAAAAAAAAAAAQAAAQ.jpg
654,A_St5yS5QlX4IAAAAAAAAAAAAAAQAAAQ.jpg
654,A__-7tTKoHl00AAAAAAAAAAAAAAQAAAQ.jpg
654,A_v5wFT4OqnhwAAAAAAAAAAAAAAQAAAQ.jpg
654,A_bre0RpC2li8AAAAAAAAAAAAAAQAAAQ.jpg
654,A_7M94SrCpa1IAAAAAAAAAAAAAAQAAAQ.jpg
654,A_f1A6RIX4AxAAAAAAAAAAAAAAAQAAAQ.jpg
654,A_ldqlTqeAXnMAAAAAAAAAAAAAAQAAAQ.jpg
655,A_cfADR6GYF1cAAAAAAAAAAAAAAQAAAQ.jpg
655,A_qcdrRa0juowAAAAAAAAAAAAAAQAAAQ.jpg
655,A_6XRTQqamNj4AAAAAAAAAAAAAAQAAAQ.jpg
655,A_32PZQZSWUNYAAAAAAAAAAAAAAQAAAQ.jpg
655,A_OxFyS6y-zp8AAAAAAAAAAAAAAQAAAQ.jpg
655,A_OzGhQLoxFfUAAAAAAAAAAAAAAQAAAQ.jpg
655,A_HNeORKXbAD4AAAAAAAAAAAAAAQAAAQ.jpg
656,A_P7qOTaVPjp4AAAAAAAAAAAAAAQAAAQ.jpg
656,A_d1DNQ5vWc-4AAAAAAAAAAAAAAQAAAQ.jpg
656,A_TZ3KS4ckIwwAAAAAAAAAAAAAAQAAAQ.jpg
656,A_H19CQJTby_EAAAAAAAAAAAAAAQAAAQ.jpg
656,A_TW6YTprd-pQAAAAAAAAAAAAAAQAAAQ.jpg
656,A_7vJuSZ8uacIAAAAAAAAAAAAAAQAAAQ.jpg
656,A_r3rhSJjR0y8AAAAAAAAAAAAAAQAAAQ.jpg
657,A_kBrSRZrjgBwAAAAAAAAAAAAAAQAAAQ.jpg
657,A_sLmNRrS77zwAAAAAAAAAAAAAAQAAAQ.jpg
657,A_RKCyRabwUKUAAAAAAAAAAAAAAQAAAQ.jpg
657,A_yqNmRpHdRJwAAAAAAAAAAAAAAQAAAQ.jpg
657,A_tcapS7WQ9vMAAAAAAAAAAAAAAQAAAQ.jpg
657,A_Za1QTIJYsTAAAAAAAAAAAAAAAQAAAQ.jpg
657,A_76ggQ4zAvm4AAAAAAAAAAAAAAQAAAQ.jpg
658,A_74SgSZqRf-oAAAAAAAAAAAAAAQAAAQ.jpg
658,A_hu8_Qo7a6T4AAAAAAAAAAAAAAQAAAQ.jpg
658,A_BV72TYjIANwAAAAAAAAAAAAAAQAAAQ.jpg
658,A_E0vbQaxSq9UAAAAAAAAAAAAAAQAAAQ.jpg
658,A_8NBwSYzykCAAAAAAAAAAAAAAAQAAAQ.jpg
658,A_908PS6R9wTEAAAAAAAAAAAAAAQAAAQ.jpg
658,A_uQUNQJwCqZAAAAAAAAAAAAAAAQAAAQ.jpg
659,A_Yd9TQLpX5oQAAAAAAAAAAAAAAQAAAQ.jpg
659,A_cEIASLu76qEAAAAAAAAAAAAAAQAAAQ.jpg
659,A_yXDnSIDVkjEAAAAAAAAAAAAAAQAAAQ.jpg
659,A_FOUkRLhaqgIAAAAAAAAAAAAAAQAAAQ.jpg
659,A_ay0zR5jv060AAAAAAAAAAAAAAQAAAQ.jpg
659,A_E_tZR4amU2IAAAAAAAAAAAAAAQAAAQ.jpg
659,A_QyygR51aG3kAAAAAAAAAAAAAAQAAAQ.jpg
660,A_d6ktQKhoJ1oAAAAAAAAAAAAAAQAAAQ.jpg
660,A_7ev8Rax4tAsAAAAAAAAAAAAAAQAAAQ.jpg
660,A_MHorTZcXRxsAAAAAAAAAAAAAAQAAAQ.jpg
660,A_mXmvR5ghQ58AAAAAAAAAAAAAAQAAAQ.jpg
660,A_uG2vQq_MEDYAAAAAAAAAAAAAAQAAAQ.jpg
660,A_gjcIS6UQcMEAAAAAAAAAAAAAAQAAAQ.jpg
660,A_pP3aT6KmiuAAAAAAAAAAAAAAAQAAAQ.jpg
661,A_W4_cSYI6FFYAAAAAAAAAAAAAAQAAAQ.jpg
661,A_O2cxRZHgQ_kAAAAAAAAAAAAAAQAAAQ.jpg
661,A_rn4tTbyjIg8AAAAAAAAAAAAAAQAAAQ.jpg
661,A_aC_TS5wxmQIAAAAAAAAAAAAAAQAAAQ.jpg
661,A_HSdnTLWxVZEAAAAAAAAAAAAAAQAAAQ.jpg
661,A_Sos8SqwOcEEAAAAAAAAAAAAAAQAAAQ.jpg
661,A_7gNXTY1ISK4AAAAAAAAAAAAAAQAAAQ.jpg
662,A_P9rTQomiqqUAAAAAAAAAAAAAAQAAAQ.jpg
662,A_0WmLRITj-kwAAAAAAAAAAAAAAQAAAQ.jpg
662,A_Eg6YTpaXz-MAAAAAAAAAAAAAAQAAAQ.jpg
662,A_B_j_QZ2ZsD4AAAAAAAAAAAAAAQAAAQ.jpg
662,A_KFdOSKxenyoAAAAAAAAAAAAAAQAAAQ.jpg
662,A_IHmrSY2XgDkAAAAAAAAAAAAAAQAAAQ.jpg
662,A_0-JXS7a1t7kAAAAAAAAAAAAAAQAAAQ.jpg
663,A_YuB5SrMTy1cAAAAAAAAAAAAAAQAAAQ.jpg
663,A_rvZNTJxG66kAAAAAAAAAAAAAAQAAAQ.jpg
663,A_tD_CRJb9_j4AAAAAAAAAAAAAAQAAAQ.jpg
663,A_5tC5TpXgRLcAAAAAAAAAAAAAAQAAAQ.jpg
663,A_a8cWTKlph4oAAAAAAAAAAAAAAQAAAQ.jpg
663,A_t6d7QLSwyfUAAAAAAAAAAAAAAQAAAQ.jpg
663,A_R8DpSZ3RIgEAAAAAAAAAAAAAAQAAAQ.jpg
664,A_xEOgT4Uop58AAAAAAAAAAAAAAQAAAQ.jpg
664,A_-USRRqTBWLkAAAAAAAAAAAAAAQAAAQ.jpg
664,A_owVNTIXy4zUAAAAAAAAAAAAAAQAAAQ.jpg
664,A_Qk8gS7_VYA4AAAAAAAAAAAAAAQAAAQ.jpg
664,A_PXohRpudcAgAAAAAAAAAAAAAAQAAAQ.jpg
664,A_pSHeTIXHC1MAAAAAAAAAAAAAAQAAAQ.jpg
664,A_88xARbDUurUAAAAAAAAAAAAAAQAAAQ.jpg
665,A_4R6BQpXzKvIAAAAAAAAAAAAAAQAAAQ.jpg
665,A_vK0dSZyq1pQAAAAAAAAAAAAAAQAAAQ.jpg
665,A_JyEHRqDx5TQAAAAAAAAAAAAAAQAAAQ.jpg
665,A_XibhTJX9VNIAAAAAAAAAAAAAAQAAAQ.jpg
665,A_eu6tRaGhaIoAAAAAAAAAAAAAAQAAAQ.jpg
665,A_vU8pToJbzS0AAAAAAAAAAAAAAQAAAQ.jpg
665,A_i2tZRqczICsAAAAAAAAAAAAAAQAAAQ.jpg
666,A_U077QKNuTecAAAAAAAAAAAAAAQAAAQ.jpg
666,A_WEyDTLkQXmUAAAAAAAAAAAAAAQAAAQ.jpg
666,A__j_qQqzz6KEAAAAAAAAAAAAAAQAAAQ.jpg
666,A_BPkcQJjc4_YAAAAAAAAAAAAAAQAAAQ.jpg
666,A_55W8SYUv-qoAAAAAAAAAAAAAAQAAAQ.jpg
666,A_5U7kR5l8GLwAAAAAAAAAAAAAAQAAAQ.jpg
666,A_R9gTSIHw1qUAAAAAAAAAAAAAAQAAAQ.jpg
667,A_C70JT4-jUiEAAAAAAAAAAAAAAQAAAQ.jpg
667,A__937RJKl7-EAAAAAAAAAAAAAAQAAAQ.jpg
667,A_RRzcT54W2gkAAAAAAAAAAAAAAQAAAQ.jpg
667,A_6PyuSaFQVwcAAAAAAAAAAAAAAQAAAQ.jpg
667,A_H5k7SpiPZ1UAAAAAAAAAAAAAAQAAAQ.jpg
667,A_vi6aQ7xAAMMAAAAAAAAAAAAAAQAAAQ.jpg
667,A_SWKLT5nnhqAAAAAAAAAAAAAAAQAAAQ.jpg
668,A_lLhuR7VekRoAAAAAAAAAAAAAAQAAAQ.jpg
668,A_DDTGTrUqyMIAAAAAAAAAAAAAAQAAAQ.jpg
668,A_2TVqToBNdQYAAAAAAAAAAAAAAQAAAQ.jpg
668,A_ZXPMTaawnVMAAAAAAAAAAAAAAQAAAQ.jpg
668,A_pTnfTor3zpwAAAAAAAAAAAAAAQAAAQ.jpg
668,A_w46JQak1WS4AAAAAAAAAAAAAAQAAAQ.jpg
668,A_p4MxQp3yQcsAAAAAAAAAAAAAAQAAAQ.jpg
669,A_JosBTrBj5RUAAAAAAAAAAAAAAQAAAQ.jpg
669,A_PBqmSpUS4DcAAAAAAAAAAAAAAQAAAQ.jpg
669,A_ttx4Q7zYsrcAAAAAAAAAAAAAAQAAAQ.jpg
669,A_az30R6w4l4YAAAAAAAAAAAAAAQAAAQ.jpg
669,A_Vt9yQYeAVWoAAAAAAAAAAAAAAQAAAQ.jpg
669,A__ha-SLe23wcAAAAAAAAAAAAAAQAAAQ.jpg
669,A_p9YbQLPn290AAAAAAAAAAAAAAQAAAQ.jpg
670,A_g5kvSIxeRbkAAAAAAAAAAAAAAQAAAQ.jpg
670,A_-M9RSazobk8AAAAAAAAAAAAAAQAAAQ.jpg
670,A_jjjXSred6NwAAAAAAAAAAAAAAQAAAQ.jpg
670,A_mSWdQJ4t3_gAAAAAAAAAAAAAAQAAAQ.jpg
670,A_gXt4Q6VcQwUAAAAAAAAAAAAAAQAAAQ.jpg
670,A_VSK9TZRI680AAAAAAAAAAAAAAQAAAQ.jpg
670,A_dzfOT5q5qmoAAAAAAAAAAAAAAQAAAQ.jpg
671,A_fuPkT5mGUHcAAAAAAAAAAAAAAQAAAQ.jpg
671,A__42oTLxkYPQAAAAAAAAAAAAAAQAAAQ.jpg
671,A_ThOeQpA0j1EAAAAAAAAAAAAAAQAAAQ.jpg
671,A_Z8TIQ4qIxWcAAAAAAAAAAAAAAQAAAQ.jpg
671,A_-KD1QLZAAjsAAAAAAAAAAAAAAQAAAQ.jpg
671,A_tA6nQqsxjYIAAAAAAAAAAAAAAQAAAQ.jpg
671,A_2stKSpcIvCAAAAAAAAAAAAAAAQAAAQ.jpg
672,A_dd7JR4JqY_sAAAAAAAAAAAAAAQAAAQ.jpg
672,A_2zZvQasIs0j7HBRIjdx39wAAAQAAAQ.jpg
672,A_CwRVRoRDS-IAAAAAAAAAAAAAAQAAAQ.jpg
672,A_2zZvQasIs0gAAAAAAAAAAAAAAQAAAQ.jpg
672,A_dd7JR4JqY_tMFEpKgRlP6gAAAQAAAQ.jpg
672,A_2zZvQasIs0ikzJVFoDw9lgAAAQAAAQ.jpg
672,A_pO27R5Ah4ywAAAAAAAAAAAAAAQAAAQ.jpg
673,A_54iYS7AX9VgAAAAAAAAAAAAAAQAAAQ.jpg
673,A_9TQMQ6HL7mEAAAAAAAAAAAAAAQAAAQ.jpg
673,A_1oVUQ5y_wNwAAAAAAAAAAAAAAQAAAQ.jpg
673,A_fIp4RId2w9IAAAAAAAAAAAAAAQAAAQ.jpg
673,A_5R3HToJ7g-QAAAAAAAAAAAAAAQAAAQ.jpg
673,A_1xPPSpD2PS0AAAAAAAAAAAAAAQAAAQ.jpg
673,A_0KtiRYuOQ4MAAAAAAAAAAAAAAQAAAQ.jpg
674,A_PhXLQI144QcAAAAAAAAAAAAAAQAAAQ.jpg
674,A_0SwVSq4bmg0AAAAAAAAAAAAAAQAAAQ.jpg
674,A_fVziQKcwkNYAAAAAAAAAAAAAAQAAAQ.jpg
674,A_IdP_TLQllAcAAAAAAAAAAAAAAQAAAQ.jpg
674,A_f-29QI03VrMAAAAAAAAAAAAAAQAAAQ.jpg
674,A_dDcrQIb6A3IAAAAAAAAAAAAAAQAAAQ.jpg
674,A_FnOdTIpsmScAAAAAAAAAAAAAAQAAAQ.jpg
675,A_-6HcTqS0O_4AAAAAAAAAAAAAAQAAAQ.jpg
675,A_ohlESqJlmjMAAAAAAAAAAAAAAQAAAQ.jpg
675,A_asVKRYKst_AAAAAAAAAAAAAAAQAAAQ.jpg
675,A_V59qSqUUKJIAAAAAAAAAAAAAAQAAAQ.jpg
675,A_Yp4sSLKqb8YAAAAAAAAAAAAAAQAAAQ.jpg
675,A__dcOSo52xwcAAAAAAAAAAAAAAQAAAQ.jpg
675,A_osfdRqigmboAAAAAAAAAAAAAAQAAAQ.jpg
676,A_3RhHRJkE-DAAAAAAAAAAAAAAAQAAAQ.jpg
676,A_A5uoQJP5BGsAAAAAAAAAAAAAAQAAAQ.jpg
676,A_usrBRJ03g2oAAAAAAAAAAAAAAQAAAQ.jpg
676,A_N3NWQo5aiWQAAAAAAAAAAAAAAQAAAQ.jpg
676,A_R-rVRLKGhikAAAAAAAAAAAAAAQAAAQ.jpg
676,A_ydeiTKtwIW8AAAAAAAAAAAAAAQAAAQ.jpg
676,A_G3KmRJDM890AAAAAAAAAAAAAAQAAAQ.jpg
677,A_Il78SK-wBPoAAAAAAAAAAAAAAQAAAQ.jpg
677,A_Z43mQYh6S1EAAAAAAAAAAAAAAQAAAQ.jpg
677,A_gxMoTKZyuIAAAAAAAAAAAAAAAQAAAQ.jpg
677,A_Z43mQYh6S1G9HtNGls71bgAAAQAAAQ.jpg
677,A_1KpJTI7YIisAAAAAAAAAAAAAAQAAAQ.jpg
677,A_DpBAQ74QTV8AAAAAAAAAAAAAAQAAAQ.jpg
677,A_Z43mQYh6S1Gi3H5Dtv1rNwAAAQAAAQ.jpg
678,A_tU2HSpgTYHYAAAAAAAAAAAAAAQAAAQ.jpg
678,A_50VsRaHTVbIAAAAAAAAAAAAAAQAAAQ.jpg
678,A__9tTTZjgoI0AAAAAAAAAAAAAAQAAAQ.jpg
678,A_98u1Rqm5uG8AAAAAAAAAAAAAAQAAAQ.jpg
678,A_2VRaQ6ltyNsAAAAAAAAAAAAAAQAAAQ.jpg
678,A_pSMUQo1XUpYAAAAAAAAAAAAAAQAAAQ.jpg
678,A_KtjnS7mowToAAAAAAAAAAAAAAQAAAQ.jpg
679,A_m35sRKjuxKkAAAAAAAAAAAAAAQAAAQ.jpg
679,A_wzyGRarT_hYAAAAAAAAAAAAAAQAAAQ.jpg
679,A_kE42TJhnULYAAAAAAAAAAAAAAQAAAQ.jpg
679,A_bMhUTJzlBBAAAAAAAAAAAAAAAQAAAQ.jpg
679,A_WMszTK1lU_oAAAAAAAAAAAAAAQAAAQ.jpg
679,A_ShwxR5HYLT4AAAAAAAAAAAAAAQAAAQ.jpg
679,A_ojh5RqZMt2kAAAAAAAAAAAAAAQAAAQ.jpg
680,Hr9V3bX4Ru-UxocyaBDhrwAAACMAARAD.jpg
680,Jsa4sYvRQI-QUQZZDF5KiAAAACMAARAD.jpg
680,aQ1QottZS2mx3NHjyULwlwAAACMAARAD.jpg
680,gyzFqwINR5W8LC-Oztxt1wAAACMAARAD.jpg
680,NbyklsTIQqCMQqUOAUibRgAAACMAARAD.jpg
680,9TlTAiDzSFiFRkg_6bxWzwAAACMAARAD.jpg
680,4515MOzUQ2yekvnxoJ8ndwAAACMAARAD.jpg
681,A_b-jTR4WimC4AAAAAAAAAAAAAAQAAAQ.jpg
681,A_VhalRIqp5zcAAAAAAAAAAAAAAQAAAQ.jpg
681,A_mdtfQISWkT0AAAAAAAAAAAAAAQAAAQ.jpg
681,A_vW_tS5cS4iUAAAAAAAAAAAAAAQAAAQ.jpg
681,A_zGJrRLXgM8UAAAAAAAAAAAAAAQAAAQ.jpg
681,A_9duyRbQ45SoAAAAAAAAAAAAAAQAAAQ.jpg
681,A_PC_CR4RQliQAAAAAAAAAAAAAAQAAAQ.jpg
682,A_xm8OSLYr1mQAAAAAAAAAAAAAAQAAAQ.jpg
682,A_OxggS5b2-mMAAAAAAAAAAAAAAQAAAQ.jpg
682,A_1SSVQYzwalYAAAAAAAAAAAAAAQAAAQ.jpg
682,A_f71xSLfAdzEAAAAAAAAAAAAAAQAAAQ.jpg
682,A_gCT0Rp5GJgQAAAAAAAAAAAAAAQAAAQ.jpg
682,A_4eqZQoNrmf8AAAAAAAAAAAAAAQAAAQ.jpg
682,A_q2H3Sqac8JMAAAAAAAAAAAAAAQAAAQ.jpg
683,A_HKqOTZlsYN0AAAAAAAAAAAAAAQAAAQ.jpg
683,A_zc5ATrXQzJIAAAAAAAAAAAAAAQAAAQ.jpg
683,A_b9i4Sb67Y10AAAAAAAAAAAAAAQAAAQ.jpg
683,A_6BLoTZm24YUAAAAAAAAAAAAAAQAAAQ.jpg
683,A_6jKyRrIYYb0AAAAAAAAAAAAAAQAAAQ.jpg
683,A_NSieSrFiURUAAAAAAAAAAAAAAQAAAQ.jpg
683,A_xpbqRq-XJ7wAAAAAAAAAAAAAAQAAAQ.jpg
684,A_1Pu9QI5NBbMAAAAAAAAAAAAAAQAAAQ.jpg
684,A_svP5Tr5d_HkAAAAAAAAAAAAAAQAAAQ.jpg
684,A_pPbhSa-1wVsAAAAAAAAAAAAAAQAAAQ.jpg
684,A_7i52R4thEZ4AAAAAAAAAAAAAAQAAAQ.jpg
684,A_2-AxR4cQmOQAAAAAAAAAAAAAAQAAAQ.jpg
684,A_rQGZTaz_HtoAAAAAAAAAAAAAAQAAAQ.jpg
684,A_sl01RLY5QzEAAAAAAAAAAAAAAQAAAQ.jpg
685,A_ag3KSL1BONEAAAAAAAAAAAAAAQAAAQ.jpg
685,A_b5PwQ76gkVkAAAAAAAAAAAAAAQAAAQ.jpg
685,A_NIFWRow1GMQAAAAAAAAAAAAAAQAAAQ.jpg
685,A_gr3MQqLfXRYAAAAAAAAAAAAAAQAAAQ.jpg
685,A_89fsTKRegmgAAAAAAAAAAAAAAQAAAQ.jpg
685,A_Zm-nRpc0Y9sAAAAAAAAAAAAAAQAAAQ.jpg
685,A_M6iTS7r4ohgAAAAAAAAAAAAAAQAAAQ.jpg
686,A_HevOS4I8pcAAAAAAAAAAAAAAAQAAAQ.jpg
686,A_3ysvQaVL0YoAAAAAAAAAAAAAAQAAAQ.jpg
686,A_p9OJQaC61HUAAAAAAAAAAAAAAQAAAQ.jpg
686,A_vblgR45JpicAAAAAAAAAAAAAAQAAAQ.jpg
686,A_vWTpTb4Y1Q8AAAAAAAAAAAAAAQAAAQ.jpg
686,A_dAGVT5PX3NoAAAAAAAAAAAAAAQAAAQ.jpg
686,A_ep4tSpxtY1MAAAAAAAAAAAAAAQAAAQ.jpg
687,A_aMA2T4H02GMAAAAAAAAAAAAAAQAAAQ.jpg
687,A_T_3wQaR1E34AAAAAAAAAAAAAAQAAAQ.jpg
687,A_hn30RKcrlwgAAAAAAAAAAAAAAQAAAQ.jpg
687,A_8kq1QaJqZigAAAAAAAAAAAAAAQAAAQ.jpg
687,A_Z7ARTJWNZgcAAAAAAAAAAAAAAQAAAQ.jpg
687,A_KSuoQrvg9asAAAAAAAAAAAAAAQAAAQ.jpg
687,A_jTVjR5j3ssQAAAAAAAAAAAAAAQAAAQ.jpg
688,A_PSokQZ3YV1QAAAAAAAAAAAAAAQAAAQ.jpg
688,A_qrBKRqTryUwAAAAAAAAAAAAAAQAAAQ.jpg
688,A_J5ImT5FaS3wAAAAAAAAAAAAAAQAAAQ.jpg
688,A_Rga0RJNAYIcAAAAAAAAAAAAAAQAAAQ.jpg
688,A_SvcFQJ0ep9IAAAAAAAAAAAAAAQAAAQ.jpg
688,A_I-66Qp08niIAAAAAAAAAAAAAAQAAAQ.jpg
688,A_dLe8QqHarcUAAAAAAAAAAAAAAQAAAQ.jpg
689,A_i8dfQoTSXIQAAAAAAAAAAAAAAQAAAQ.jpg
689,A_QPgoT5uk2KgAAAAAAAAAAAAAAQAAAQ.jpg
689,A__4tCRKT4rb0AAAAAAAAAAAAAAQAAAQ.jpg
689,A_w9esTqe1mhEAAAAAAAAAAAAAAQAAAQ.jpg
689,A_bYilQ4gG9E0AAAAAAAAAAAAAAQAAAQ.jpg
689,A_8P6YRoFbSRMAAAAAAAAAAAAAAQAAAQ.jpg
689,A_7WtcT7B31OoAAAAAAAAAAAAAAQAAAQ.jpg
690,A_ZjNYQbN9eY8AAAAAAAAAAAAAAQAAAQ.jpg
690,A_IKfgTp8HG3oAAAAAAAAAAAAAAQAAAQ.jpg
690,A_eO8uS6bBdS4AAAAAAAAAAAAAAQAAAQ.jpg
690,A_Yec3Q74MxL0AAAAAAAAAAAAAAQAAAQ.jpg
690,A_LrJGTJCTFbgAAAAAAAAAAAAAAQAAAQ.jpg
690,A_BU7dTIX32LcAAAAAAAAAAAAAAQAAAQ.jpg
690,A_LiQSQI7tAPoAAAAAAAAAAAAAAQAAAQ.jpg
691,A_O857QJ-IheurRJFOlkMMSAAAAQAAAQ.jpg
691,A_O857QJ-IhesAAAAAAAAAAAAAAQAAAQ.jpg
691,A_O857QJ-IhesmKGRIsa4oQgAAAQAAAQ.jpg
691,A_rYEFRLiZvuMAAAAAAAAAAAAAAQAAAQ.jpg
691,A_jTAoS7TYl48AAAAAAAAAAAAAAQAAAQ.jpg
691,A_O857QJ-Iheua-ktIuCSSXwAAAQAAAQ.jpg
691,A_O857QJ-Ihesfd9hNl3LeawAAAQAAAQ.jpg
692,A_KDkzSZIKKogAAAAAAAAAAAAAAQAAAQ.jpg
692,A_N_CMRpRHH9EAAAAAAAAAAAAAAQAAAQ.jpg
692,A_j2KxQZSrP2EAAAAAAAAAAAAAAQAAAQ.jpg
692,A_nwXNSbgMsI8AAAAAAAAAAAAAAQAAAQ.jpg
692,A_7simT70rrr4AAAAAAAAAAAAAAQAAAQ.jpg
693,A_MS3_Tr7W0ZUAAAAAAAAAAAAAAQAAAQ.jpg
693,LDVxjVgETl2AvDeRrlqk7wAAACMAARAD.jpg
693,_469i0KeTBGd9LANTln5GQAAACMAARAD.jpg
693,uQYaU8H2QICbR2_aYFy6TgAAACMAARAD.jpg
693,yBuSYQgHSrapZiE07GSzVgAAACMAARAD.jpg
694,A_8nRJSLQPys0AAAAAAAAAAAAAAQAAAQ.jpg
694,A_-Ft_SoJ2NbcAAAAAAAAAAAAAAQAAAQ.jpg
694,A_DGjRTY2WeBUAAAAAAAAAAAAAAQAAAQ.jpg
694,A_qYpzTYDKsTcAAAAAAAAAAAAAAQAAAQ.jpg
694,A_hh2xQJCHoeUAAAAAAAAAAAAAAQAAAQ.jpg
695,A_gpFNR5MKkJwAAAAAAAAAAAAAAQAAAQ.jpg
695,A_VV6yR4z3R_EAAAAAAAAAAAAAAQAAAQ.jpg
695,A_VV6yR4z3R_Hr2MtMts1cugAAAQAAAQ.jpg
695,O1CN019zV8DB1OEjd5iojHd_!!0-mtopupload.jpg
695,A_gpFNR5MKkJyvBVFGqL5cfwAAAQAAAQ.jpg
696,5Uwa-VHdSN6GxhSLTaSKyQAAACMAARAD.jpg
696,0W-oV3d5TIuLgT8sFEzXXgAAACMAARAD.jpg
696,DEkqfYF3QYO_IqQ_Es8K7QAAACMAARAD.jpg
696,7ouVXHpBRy6iL2jnRrI_IwAAACMAARAD.jpg
696,A_YhTSTYdRgyYAAAAAAAAAAAAAAQAAAQ.jpg
697,A_-RTNQIH8zD0AAAAAAAAAAAAAAQAAAQ.jpg
697,A_zDkxTqpQQYgAAAAAAAAAAAAAAQAAAQ.jpg
697,A_BzFbTqbtpwsAAAAAAAAAAAAAAQAAAQ.jpg
697,A_Sn7aQb-1te0AAAAAAAAAAAAAAQAAAQ.jpg
697,A_7GNkQJHqVv8AAAAAAAAAAAAAAQAAAQ.jpg
698,A_3QyQRZjtkC8AAAAAAAAAAAAAAQAAAQ.jpg
698,A_JVK7SoLFOroAAAAAAAAAAAAAAQAAAQ.jpg
698,A_8Ss9S55d6rQAAAAAAAAAAAAAAQAAAQ.jpg
698,A_Ti35SpNrgrYAAAAAAAAAAAAAAQAAAQ.jpg
698,A_Sj8xSbQK2dYAAAAAAAAAAAAAAQAAAQ.jpg
699,A_E_ROS7N5H40AAAAAAAAAAAAAAQAAAQ.jpg
699,A_BTbQQoGb1koAAAAAAAAAAAAAAQAAAQ.jpg
699,A_bWBMT6g5duUAAAAAAAAAAAAAAQAAAQ.jpg
699,A_F6k3T7lJ0fsAAAAAAAAAAAAAAQAAAQ.jpg
699,A_G6IkQ6PHh4EAAAAAAAAAAAAAAQAAAQ.jpg
700,A_RVU4QYKmZJeWsyZFrNEclwAAAQAAAQ.jpg
700,A_Mr2UTqeD9rMAAAAAAAAAAAAAAQAAAQ.jpg
700,A_RVU4QYKmZJcAAAAAAAAAAAAAAQAAAQ.jpg
700,A_ww5iQJdolOAAAAAAAAAAAAAAAQAAAQ.jpg
700,A_Mr2UTqeD9rPacOxMmE99rAAAAQAAAQ.jpg
701,A_GU5uR6VJBOYAAAAAAAAAAAAAAQAAAQ.jpg
701,A_KaDrTaEJqd8AAAAAAAAAAAAAAQAAAQ.jpg
701,A_9t1-R5sYl8IAAAAAAAAAAAAAAQAAAQ.jpg
701,A_Ob1SQ4k3N94AAAAAAAAAAAAAAQAAAQ.jpg
701,A_6aR6QKEyQyYAAAAAAAAAAAAAAQAAAQ.jpg
702,z5bHbhngT6aCfRJXZkqNdAAAACMAARAD.jpg
702,Izn0ps_hRziHDnUMgimERAAAACMAARAD.jpg
702,PhnXV74QSMKJY4-XcTUElQAAACMAARAD.jpg
702,FsHzs7xGQ8qEiIcWc5_vcQAAACMAARAD.jpg
702,w-VtD0waSPSd2zIY40G11wAAACMAARAD.jpg
703,A_ZysoTo-x-N8AAAAAAAAAAAAAAQAAAQ.jpg
703,A_8A-tTaFTLBUAAAAAAAAAAAAAAQAAAQ.jpg
703,A_wb7-Rr9MNE4AAAAAAAAAAAAAAQAAAQ.jpg
703,A__gMCRpz-Wo0AAAAAAAAAAAAAAQAAAQ.jpg
703,A_LJIbRqmnnCEAAAAAAAAAAAAAAQAAAQ.jpg
704,A_YRYSRbgVGcMAAAAAAAAAAAAAAQAAAQ.jpg
704,A_t0kcQY3cM4MAAAAAAAAAAAAAAQAAAQ.jpg
704,A_BIEIT7ldhKMAAAAAAAAAAAAAAQAAAQ.jpg
704,A_ZWc_TKkoEOsAAAAAAAAAAAAAAQAAAQ.jpg
704,A_ZChPTqGRsSUAAAAAAAAAAAAAAQAAAQ.jpg
705,A_moZjQbQf8PIAAAAAAAAAAAAAAQAAAQ.jpg
705,A_J3UFRY4eOHEAAAAAAAAAAAAAAQAAAQ.jpg
705,A_oTO-SJQxuAkAAAAAAAAAAAAAAQAAAQ.jpg
705,A_VQCkS6xMwVMAAAAAAAAAAAAAAQAAAQ.jpg
705,A_CXF8ToD2TIcAAAAAAAAAAAAAAQAAAQ.jpg
706,A_1U9qR4ydIDsAAAAAAAAAAAAAAQAAAQ.jpg
706,A_pD_GQLbd9CwAAAAAAAAAAAAAAQAAAQ.jpg
706,A_imZMS5-tRD8AAAAAAAAAAAAAAQAAAQ.jpg
706,A_g8haR5oqzn8AAAAAAAAAAAAAAQAAAQ.jpg
706,A_kMVrQIphdokAAAAAAAAAAAAAAQAAAQ.jpg
707,A_GV8mTqCW9BQAAAAAAAAAAAAAAQAAAQ.jpg
707,A_6Nr_RKHV5vMAAAAAAAAAAAAAAQAAAQ.jpg
707,A_d52mQrAbFesAAAAAAAAAAAAAAQAAAQ.jpg
707,A_3_xRTJuj-TQAAAAAAAAAAAAAAQAAAQ.jpg
707,A_eZsxSbi1-xAAAAAAAAAAAAAAAQAAAQ.jpg
708,A_qSdiQqfhLLAAAAAAAAAAAAAAAQAAAQ.jpg
708,A_ivgxTKM1ajUAAAAAAAAAAAAAAQAAAQ.jpg
708,A_o-PPSIAupG8AAAAAAAAAAAAAAQAAAQ.jpg
708,A_GVhdQYIdhA4AAAAAAAAAAAAAAQAAAQ.jpg
708,A_12VYRZZRSCwAAAAAAAAAAAAAAQAAAQ.jpg
709,A_fqu5QZY99jgAAAAAAAAAAAAAAQAAAQ.jpg
709,A_QSeNTrPQrlwAAAAAAAAAAAAAAQAAAQ.jpg
709,A__AYUSZkh91MAAAAAAAAAAAAAAQAAAQ.jpg
709,A_G6HsSbrxuVkAAAAAAAAAAAAAAQAAAQ.jpg
709,A_Zd-KTIQIoxEAAAAAAAAAAAAAAQAAAQ.jpg
710,A_6YrpQK9fiMQAAAAAAAAAAAAAAQAAAQ.jpg
710,A_XSfAS44KnCgAAAAAAAAAAAAAAQAAAQ.jpg
710,A_v44-QabHRVMAAAAAAAAAAAAAAQAAAQ.jpg
710,A_fP49SrYpVzwAAAAAAAAAAAAAAQAAAQ.jpg
710,A_GFGvQJvS0HIAAAAAAAAAAAAAAQAAAQ.jpg
711,A_t5-gRplBG5EAAAAAAAAAAAAAAQAAAQ.jpg
711,A_YgJLQo8QM-QAAAAAAAAAAAAAAQAAAQ.jpg
711,A_t5-gRplBG5G2VqRPo0TzLgAAAQAAAQ.jpg
711,A_t5-gRplBG5E6q5hPpDNSIwAAAQAAAQ.jpg
711,A_t5-gRplBG5HMMKJBmVClcQAAAQAAAQ.jpg
712,A_zrQRTJkc7YwAAAAAAAAAAAAAAQAAAQ.jpg
712,A_fUOERbJcbxcAAAAAAAAAAAAAAQAAAQ.jpg
712,A_7fyUQooxHgwAAAAAAAAAAAAAAQAAAQ.jpg
712,A_5fXhQ5ubSRsAAAAAAAAAAAAAAQAAAQ.jpg
712,A_a_z1SbXoo2cAAAAAAAAAAAAAAQAAAQ.jpg
713,A_fYykQorbYMAAAAAAAAAAAAAAAQAAAQ.jpg
713,A_FbG2Toqk-tcAAAAAAAAAAAAAAQAAAQ.jpg
713,A_je03Rrk8JgYAAAAAAAAAAAAAAQAAAQ.jpg
713,A_1ofoRIRGM60AAAAAAAAAAAAAAQAAAQ.jpg
713,A_C_HhS6TisKMAAAAAAAAAAAAAAQAAAQ.jpg
714,A_e5kOQp3UP2gAAAAAAAAAAAAAAQAAAQ.jpg
714,A_xgTfQqjSQ40AAAAAAAAAAAAAAQAAAQ.jpg
714,A_1wosSLkkskwAAAAAAAAAAAAAAQAAAQ.jpg
714,A_YeYDQbdk_3AAAAAAAAAAAAAAAQAAAQ.jpg
714,A_aOi9RZvdPZ4AAAAAAAAAAAAAAQAAAQ.jpg
715,A_NouCQZd_prkAAAAAAAAAAAAAAQAAAQ.jpg
715,A_7CSjRr7sNucAAAAAAAAAAAAAAQAAAQ.jpg
715,A_L17pR7pIpqAAAAAAAAAAAAAAAQAAAQ.jpg
715,A_QqBiSb-Hd6YAAAAAAAAAAAAAAQAAAQ.jpg
715,A_VZFyTYH7LwwAAAAAAAAAAAAAAQAAAQ.jpg
716,A_XLObSYBQRAXVKCVHr9060wAAAQAAAQ.jpg
716,A_F8qfTIraQZlKc0dBkvnCXwAAAQAAAQ.jpg
716,A_XLObSYBQRAUAAAAAAAAAAAAAAQAAAQ.jpg
716,A_F8qfTIraQZkAAAAAAAAAAAAAAQAAAQ.jpg
716,A_F8qfTIraQZkeNGpIr-94rQAAAQAAAQ.jpg
717,A_iwYkRobvHLwAAAAAAAAAAAAAAQAAAQ.jpg
717,A_E6xIQo0OJzAAAAAAAAAAAAAAAQAAAQ.jpg
717,A_Tt4TQoFLnlEAAAAAAAAAAAAAAQAAAQ.jpg
717,A_TNR2Sp79CRUAAAAAAAAAAAAAAQAAAQ.jpg
717,A_HO91Rb5IIugAAAAAAAAAAAAAAQAAAQ.jpg
718,A_uVS4SZtxRgUAAAAAAAAAAAAAAQAAAQ.jpg
718,A_xOCeTrwX540AAAAAAAAAAAAAAQAAAQ.jpg
718,OwMsZ-uATF2iIgb-Uq16FAAAACMAARAD.jpg
718,DtOanm5ISS2lJ5aZGJenuwAAACMAARAD.jpg
718,bt3Ul8LSTpysXSY3Lby9iQAAACMAARAD.jpg
719,A_3OZSRbsWS_0AAAAAAAAAAAAAAQAAAQ.jpg
719,A_sAsMQY5siEkAAAAAAAAAAAAAAQAAAQ.jpg
719,A_a-jCQK_B9TQAAAAAAAAAAAAAAQAAAQ.jpg
719,A_Nf_cSrfi1EUAAAAAAAAAAAAAAQAAAQ.jpg
719,A_pBNZQoW-clgAAAAAAAAAAAAAAQAAAQ.jpg
720,A_FsLyTLZAf-4AAAAAAAAAAAAAAQAAAQ.jpg
720,A_k03ITJGOQSMAAAAAAAAAAAAAAQAAAQ.jpg
720,A_rsovQo9t1lsAAAAAAAAAAAAAAQAAAQ.jpg
720,A_6CbTSbP1XF8AAAAAAAAAAAAAAQAAAQ.jpg
720,A_Fc54TrH0CgkAAAAAAAAAAAAAAQAAAQ.jpg
721,A_nkT6RYY65uUAAAAAAAAAAAAAAQAAAQ.jpg
721,A_fWx0RYek7q0AAAAAAAAAAAAAAQAAAQ.jpg
721,A_aIKXTbD7cWUAAAAAAAAAAAAAAQAAAQ.jpg
721,A_-A8KTID3X2gAAAAAAAAAAAAAAQAAAQ.jpg
721,A_gf8_QpxucfMAAAAAAAAAAAAAAQAAAQ.jpg
722,j0A_kxGNRjG4H8rMhQs5pwAAACMAARAD.jpg
722,EZGEZUvDTVahr9QEhIfbfwAAACMAARAD.jpg
722,rOL2L2vvSJSXJbZUdFH-pQAAACMAARAD.jpg
722,x2jYHbDGRtiUWs3Qg1C61wAAACMAARAD.jpg
722,NoV5D88dTNOJVS1OG3yX4wAAACMAARAD.jpg
723,A_KrF3T44xPOIAAAAAAAAAAAAAAQAAAQ.jpg
723,A_ugVtSqBTzY8AAAAAAAAAAAAAAQAAAQ.jpg
723,A_MYNsS7ORKN8AAAAAAAAAAAAAAQAAAQ.jpg
723,A_EVQNQ7lfKr0AAAAAAAAAAAAAAQAAAQ.jpg
723,A_7p-1QbIDcA4AAAAAAAAAAAAAAQAAAQ.jpg
724,A_bStvTYycymEAAAAAAAAAAAAAAQAAAQ.jpg
724,A_xUKMRqSTDMEAAAAAAAAAAAAAAQAAAQ.jpg
724,A_2QAYTq_smvAAAAAAAAAAAAAAAQAAAQ.jpg
724,A_cKFDSKot58EAAAAAAAAAAAAAAQAAAQ.jpg
724,A_UqALS7ISCjcAAAAAAAAAAAAAAQAAAQ.jpg
725,A_m4ouTaSLXXUAAAAAAAAAAAAAAQAAAQ.jpg
725,A_vxoDT7y5E1wAAAAAAAAAAAAAAQAAAQ.jpg
725,A_VSnnQau1g4AAAAAAAAAAAAAAAQAAAQ.jpg
725,A_hnlmQY4GLWIAAAAAAAAAAAAAAQAAAQ.jpg
725,A_xDQZTJB87TAAAAAAAAAAAAAAAQAAAQ.jpg
726,A_NUkITata3g0AAAAAAAAAAAAAAQAAAQ.jpg
726,A_zG3bSqL9iQEAAAAAAAAAAAAAAQAAAQ.jpg
726,A_1kgWSqcW_SYAAAAAAAAAAAAAAQAAAQ.jpg
726,A_SgVeQa-ElkcAAAAAAAAAAAAAAQAAAQ.jpg
726,A_GPLzTItQveQAAAAAAAAAAAAAAQAAAQ.jpg
727,A_WfqSRJOKl0cAAAAAAAAAAAAAAQAAAQ.jpg
727,A_MMcuQbUzVnoAAAAAAAAAAAAAAQAAAQ.jpg
727,A_IjejSpAhd6wAAAAAAAAAAAAAAQAAAQ.jpg
727,A_ZoPeQ46FBTgAAAAAAAAAAAAAAQAAAQ.jpg
727,A_CidZR5qWUeIAAAAAAAAAAAAAAQAAAQ.jpg
728,A_aLE7QJQNUUEAAAAAAAAAAAAAAQAAAQ.jpg
728,A_ilNRTKPjcegAAAAAAAAAAAAAAQAAAQ.jpg
728,A_uSG2QppwUG0AAAAAAAAAAAAAAQAAAQ.jpg
728,A_LBVRTrl5Vq4AAAAAAAAAAAAAAQAAAQ.jpg
728,A_di0KRraP5qAAAAAAAAAAAAAAAQAAAQ.jpg
729,A_LEWUQ6yWDgcAAAAAAAAAAAAAAQAAAQ.jpg
729,A_K40CTKAwqj8AAAAAAAAAAAAAAQAAAQ.jpg
729,A_JeebRp3EiAIAAAAAAAAAAAAAAQAAAQ.jpg
729,A_IaUJTKYcEdgAAAAAAAAAAAAAAQAAAQ.jpg
729,A_oxNlS6WU6BwAAAAAAAAAAAAAAQAAAQ.jpg
730,A_5ACEQohkTVgAAAAAAAAAAAAAAQAAAQ.jpg
730,A_ZtA6TIHaiwIAAAAAAAAAAAAAAQAAAQ.jpg
730,A_AmTpSLD2toYAAAAAAAAAAAAAAQAAAQ.jpg
730,A_HdESSaNPU3gAAAAAAAAAAAAAAQAAAQ.jpg
730,A_hQLsSIjqxfMAAAAAAAAAAAAAAQAAAQ.jpg
731,A_5foUS7iCmMIAAAAAAAAAAAAAAQAAAQ.jpg
731,A_DUVmQJ7IGdQAAAAAAAAAAAAAAQAAAQ.jpg
731,A_f2PhTprZYu8AAAAAAAAAAAAAAQAAAQ.jpg
731,A_W8fjTbiQ0v0AAAAAAAAAAAAAAQAAAQ.jpg
731,A_SxVCQIBwmqQAAAAAAAAAAAAAAQAAAQ.jpg
732,A_20HzRL5P6rYAAAAAAAAAAAAAAQAAAQ.jpg
732,A_UkJXTpwMPpgAAAAAAAAAAAAAAQAAAQ.jpg
732,A_f5S1RapnOiUAAAAAAAAAAAAAAQAAAQ.jpg
732,A_gtUhQo4vPaYAAAAAAAAAAAAAAQAAAQ.jpg
732,A_OnrgRYhC4xAAAAAAAAAAAAAAAQAAAQ.jpg
733,A_PkMAQYR1nYsAAAAAAAAAAAAAAQAAAQ.jpg
733,A_PkMAQYR1nYuCKNpIuLlHRgAAAQAAAQ.jpg
733,A_iskmRa6FWNXlKmVJoThM6AAAAQAAAQ.jpg
733,A_PkMAQYR1nYvP5mNJrXm3cAAAAQAAAQ.jpg
733,A_iskmRa6FWNUAAAAAAAAAAAAAAQAAAQ.jpg
734,A_JvVKR6SWBXkAAAAAAAAAAAAAAQAAAQ.jpg
734,A_k-tTRqtTJ-wAAAAAAAAAAAAAAQAAAQ.jpg
734,A_E4NKTJspVsAAAAAAAAAAAAAAAQAAAQ.jpg
734,A_BWspSZSvNdUAAAAAAAAAAAAAAQAAAQ.jpg
734,A_ycuERoUrY5IAAAAAAAAAAAAAAQAAAQ.jpg
735,A_NdIERZ0p6G4AAAAAAAAAAAAAAQAAAQ.jpg
735,A_SWfnTLhkilIAAAAAAAAAAAAAAQAAAQ.jpg
735,A_heD3Q6WxKtIAAAAAAAAAAAAAAQAAAQ.jpg
735,A_D5YCSYV4ymsAAAAAAAAAAAAAAQAAAQ.jpg
735,A_KsZPRYFXwiIAAAAAAAAAAAAAAQAAAQ.jpg
736,A_b0goR696UDgAAAAAAAAAAAAAAQAAAQ.jpg
736,A_chE9RIw1Yt0AAAAAAAAAAAAAAQAAAQ.jpg
736,A_7qZwQLIm9NwAAAAAAAAAAAAAAQAAAQ.jpg
736,A_hCPWQoNwXeEAAAAAAAAAAAAAAQAAAQ.jpg
736,A_fHqARoaZ1dcAAAAAAAAAAAAAAQAAAQ.jpg
737,A_oOv1QblGOWkAAAAAAAAAAAAAAQAAAQ.jpg
737,A_35FkTYDgU9oAAAAAAAAAAAAAAQAAAQ.jpg
737,A_Ob0AQIzPHBcAAAAAAAAAAAAAAQAAAQ.jpg
737,A_K8AXR6YSz5cAAAAAAAAAAAAAAQAAAQ.jpg
737,A_o1XlRax1-HEAAAAAAAAAAAAAAQAAAQ.jpg
738,A_YyTqQ7AHiUIAAAAAAAAAAAAAAQAAAQ.jpg
738,A_2YfzQb_0lpYAAAAAAAAAAAAAAQAAAQ.jpg
738,A_ATFOS6MOLusAAAAAAAAAAAAAAQAAAQ.jpg
738,A_SpsqS5vcHxQAAAAAAAAAAAAAAQAAAQ.jpg
738,A_D1BVQYb6jjsAAAAAAAAAAAAAAQAAAQ.jpg
739,A_zTwxSLQmJy4AAAAAAAAAAAAAAQAAAQ.jpg
739,A_TL-NTqQYensAAAAAAAAAAAAAAQAAAQ.jpg
739,A_-E6DSqFk01cAAAAAAAAAAAAAAQAAAQ.jpg
739,A_ytOqQ5OleiIAAAAAAAAAAAAAAQAAAQ.jpg
739,A_UrWUTLAPAFkAAAAAAAAAAAAAAQAAAQ.jpg
740,A_0TL3Q6_M54EAAAAAAAAAAAAAAQAAAQ.jpg
740,A_3fGrSasDacEAAAAAAAAAAAAAAQAAAQ.jpg
740,A_rlFARapyrwAAAAAAAAAAAAAAAQAAAQ.jpg
740,A_bxQcT6eUToAAAAAAAAAAAAAAAQAAAQ.jpg
740,A_YWPJRJuvrOgAAAAAAAAAAAAAAQAAAQ.jpg
741,A_a0aTR4U5R5wAAAAAAAAAAAAAAQAAAQ.jpg
741,A_RwotT6rfqSQAAAAAAAAAAAAAAQAAAQ.jpg
741,A_kOt7QI62DJQAAAAAAAAAAAAAAQAAAQ.jpg
741,A_cAX5RrddgS0AAAAAAAAAAAAAAQAAAQ.jpg
741,A_7PCtRYnb4NQAAAAAAAAAAAAAAQAAAQ.jpg
742,A_VUfRSqt_MRPS8lFHu7fEzQAAAQAAAQ.jpg
742,A_SR6VS4I10AwU8aVBu8fTagAAAQAAAQ.jpg
742,A_JCbETZYzCGYAAAAAAAAAAAAAAQAAAQ.jpg
742,A_VUfRSqt_MRMAAAAAAAAAAAAAAQAAAQ.jpg
742,A_SR6VS4I10AwAAAAAAAAAAAAAAQAAAQ.jpg
743,A_layJQpJkOUlfo4BArNhKygAAAQAAAQ.jpg
743,A_layJQpJkOUkAAAAAAAAAAAAAAQAAAQ.jpg
743,A_layJQpJkOUl77ZFBsmoXNQAAAQAAAQ.jpg
743,A_IKE_SrZY0H0AAAAAAAAAAAAAAQAAAQ.jpg
743,A_t6GIRb3aN2gAAAAAAAAAAAAAAQAAAQ.jpg
744,A_XbdGQph0MhgAAAAAAAAAAAAAAQAAAQ.jpg
744,A_hScRQ6gDe4cAAAAAAAAAAAAAAQAAAQ.jpg
744,A_uQ7jSJWxbBUAAAAAAAAAAAAAAQAAAQ.jpg
744,A_8GlzTYCJ4q4AAAAAAAAAAAAAAQAAAQ.jpg
744,A_34DbSZGnxFsAAAAAAAAAAAAAAQAAAQ.jpg
745,A_brfgQJlXGW8AAAAAAAAAAAAAAQAAAQ.jpg
745,A_0MsTTajdnmUAAAAAAAAAAAAAAQAAAQ.jpg
745,A_-HmcTqVhWX0AAAAAAAAAAAAAAQAAAQ.jpg
745,A_BIPPRr1qABUAAAAAAAAAAAAAAQAAAQ.jpg
745,A_bzvvSpOm43QAAAAAAAAAAAAAAQAAAQ.jpg
746,A_9PiyS48BHtsAAAAAAAAAAAAAAQAAAQ.jpg
746,A_GLh0SKhh4GkAAAAAAAAAAAAAAQAAAQ.jpg
746,A_QUt8RpDAPJ8AAAAAAAAAAAAAAQAAAQ.jpg
746,A_JL1fRLzfcvcAAAAAAAAAAAAAAQAAAQ.jpg
746,A_edyqSpCdaUQAAAAAAAAAAAAAAQAAAQ.jpg
747,A_yCbfRKltuIMAAAAAAAAAAAAAAQAAAQ.jpg
747,A_u45_QIGtxH7oSlZOqotaGAAAAQAAAQ.jpg
747,A_u45_QIGtxH4AAAAAAAAAAAAAAQAAAQ.jpg
747,A_HyAaS4E7W4AAAAAAAAAAAAAAAQAAAQ.jpg
747,A_yCbfRKltuIOPjX1Krc-69AAAAQAAAQ.jpg
748,A_5wTmRauVFEi85GVEi9VRuAAAAQAAAQ.jpg
748,A_3pgJRblXAW2k37lIttqZ6QAAAQAAAQ.jpg
748,A_3pgJRblXAW0AAAAAAAAAAAAAAQAAAQ.jpg
748,A_3pgJRblXAW1wIWBGiQx7dQAAAQAAAQ.jpg
748,A_5wTmRauVFEgAAAAAAAAAAAAAAQAAAQ.jpg
749,A_7OjjTY7VAq8AAAAAAAAAAAAAAQAAAQ.jpg
749,A_tAodSZfY0lMAAAAAAAAAAAAAAQAAAQ.jpg
749,A_c6PPSr6jsZQAAAAAAAAAAAAAAQAAAQ.jpg
749,A_mrOMQ6MNlO8AAAAAAAAAAAAAAQAAAQ.jpg
749,A_DqQZT4DJod0AAAAAAAAAAAAAAQAAAQ.jpg
750,A_MNZKTpgmV6EAAAAAAAAAAAAAAQAAAQ.jpg
750,A__ZPcQ4NtC_UAAAAAAAAAAAAAAQAAAQ.jpg
750,A_M2oiRZNvCW4AAAAAAAAAAAAAAQAAAQ.jpg
750,A_pvdGRIlsudsAAAAAAAAAAAAAAQAAAQ.jpg
750,A_6qBcQYkhpmoAAAAAAAAAAAAAAQAAAQ.jpg
751,A_tYYCToGKFo8AAAAAAAAAAAAAAQAAAQ.jpg
751,A_1JcZSZrgE54AAAAAAAAAAAAAAQAAAQ.jpg
751,A_MZlySqcR5msAAAAAAAAAAAAAAQAAAQ.jpg
751,A_dJl5TIRY0ecAAAAAAAAAAAAAAQAAAQ.jpg
751,A_fnxZTbNaUQEAAAAAAAAAAAAAAQAAAQ.jpg
752,A_HQVNT7NbWmb8Z_NAsZMf8QAAAQAAAQ.jpg
752,A_HQVNT7NbWmbOLjtPr-QNFwAAAQAAAQ.jpg
752,A_S4r4S4NxpDEAAAAAAAAAAAAAAQAAAQ.jpg
752,A_HQVNT7NbWmYAAAAAAAAAAAAAAQAAAQ.jpg
752,A_HQVNT7NbWmZJMiZPmPjwVQAAAQAAAQ.jpg
753,A_VUI7QbCc0OIAAAAAAAAAAAAAAQAAAQ.jpg
753,A_C3YGRKfQHUwAAAAAAAAAAAAAAQAAAQ.jpg
753,A_KXHDRIwnxJQAAAAAAAAAAAAAAQAAAQ.jpg
753,A_INeFRLyhAo4AAAAAAAAAAAAAAQAAAQ.jpg
753,A_7vluR7XFfTgAAAAAAAAAAAAAAQAAAQ.jpg
754,A_cFiASbtUS7UAAAAAAAAAAAAAAQAAAQ.jpg
754,A_KY86RL3xxFwAAAAAAAAAAAAAAQAAAQ.jpg
754,A_mXu7T4PJWqoAAAAAAAAAAAAAAQAAAQ.jpg
754,A_mXu7T4PJWqrq9FxPgBtHLQAAAQAAAQ.jpg
754,A_65YoTay6_m8AAAAAAAAAAAAAAQAAAQ.jpg
755,A_SJUKSLiu8AYAAAAAAAAAAAAAAQAAAQ.jpg
755,A_dNddTpR4tlkAAAAAAAAAAAAAAQAAAQ.jpg
755,A_t40SR4BGsMoAAAAAAAAAAAAAAQAAAQ.jpg
755,A_aAwXR6U4j3MAAAAAAAAAAAAAAQAAAQ.jpg
755,A_HZddTKf3C5cAAAAAAAAAAAAAAQAAAQ.jpg
756,A_2_lhQZYE1SkAAAAAAAAAAAAAAQAAAQ.jpg
756,A_SckIRbSisIMAAAAAAAAAAAAAAQAAAQ.jpg
756,A_s29WS4twJ4IAAAAAAAAAAAAAAQAAAQ.jpg
756,A_TQMOSpEJ-XYAAAAAAAAAAAAAAQAAAQ.jpg
756,A_Mt7fQ51NDNcAAAAAAAAAAAAAAQAAAQ.jpg
757,A_CdqQT6Ey0a4AAAAAAAAAAAAAAQAAAQ.jpg
757,A_XzTVSKehwzwAAAAAAAAAAAAAAQAAAQ.jpg
757,A_fMKnSoM1QK0AAAAAAAAAAAAAAQAAAQ.jpg
757,A_izVrQJlv-r4AAAAAAAAAAAAAAQAAAQ.jpg
757,A_gqZAS49hkFgAAAAAAAAAAAAAAQAAAQ.jpg
758,A_KhSuQLQKViEAAAAAAAAAAAAAAQAAAQ.jpg
758,A_Ib60Spzg6koAAAAAAAAAAAAAAQAAAQ.jpg
758,A_Rgf2QILOGWwAAAAAAAAAAAAAAQAAAQ.jpg
758,A_wXjYS7cG5HoAAAAAAAAAAAAAAQAAAQ.jpg
758,A_eTUSSqTytYYAAAAAAAAAAAAAAQAAAQ.jpg
759,A_y2pBQ4AypgwAAAAAAAAAAAAAAQAAAQ.jpg
759,A_5He1TKJzfKcAAAAAAAAAAAAAAQAAAQ.jpg
759,A_RKpDTLey8mUAAAAAAAAAAAAAAQAAAQ.jpg
759,A_zJMVQYFpwgYAAAAAAAAAAAAAAQAAAQ.jpg
759,A_ajPITLQYHG4AAAAAAAAAAAAAAQAAAQ.jpg
760,A_kMgSTo6mX7QAAAAAAAAAAAAAAQAAAQ.jpg
760,A_xGbFQ5UkFnEAAAAAAAAAAAAAAQAAAQ.jpg
760,A_EKLXS4ITjpMAAAAAAAAAAAAAAQAAAQ.jpg
760,A_s4gSTKg8P8kAAAAAAAAAAAAAAQAAAQ.jpg
760,A_pzYESY_VlpwAAAAAAAAAAAAAAQAAAQ.jpg
761,A_bJbSS71eHVsAAAAAAAAAAAAAAQAAAQ.jpg
761,A_a2E-Q55U7FkAAAAAAAAAAAAAAQAAAQ.jpg
761,A_cuxnQ5-0KP4AAAAAAAAAAAAAAQAAAQ.jpg
761,A_up4vS71hfKEAAAAAAAAAAAAAAQAAAQ.jpg
761,A_Ff-oQb2UKbYAAAAAAAAAAAAAAQAAAQ.jpg
762,A_Mr3PSq0hZDUAAAAAAAAAAAAAAQAAAQ.jpg
762,A_MhQ2R7Z6bk8AAAAAAAAAAAAAAQAAAQ.jpg
762,A_bQ39T4G7Vk0AAAAAAAAAAAAAAQAAAQ.jpg
762,A_EKfyQKrP8jIAAAAAAAAAAAAAAQAAAQ.jpg
762,A_UexxTKH_3fsAAAAAAAAAAAAAAQAAAQ.jpg
763,_yJVMslrSeSoHYDpvluL5gAAACMAARAD.jpg
763,EKUWKaxOQK68sSN73yAGWwAAACMAARAD.jpg
763,IOpkVSO7TwOt2CO3ZabTawAAACMAARAD.jpg
763,T1vrMolrSYeGrbYHbwd_TAAAACMAARAD.jpg
763,lrO19_mxTfe8XDmltDXGAwAAACMAARAD.jpg
764,A_ZWTaTa6-2TUAAAAAAAAAAAAAAQAAAQ.jpg
764,A_i2cZQIK7HlwAAAAAAAAAAAAAAQAAAQ.jpg
764,A_cbxASaS0j3QAAAAAAAAAAAAAAQAAAQ.jpg
764,A_kubmQq5dYxUAAAAAAAAAAAAAAQAAAQ.jpg
764,A_mlnLTYl90q0AAAAAAAAAAAAAAQAAAQ.jpg
765,A_VyJlQbwjsEcAAAAAAAAAAAAAAQAAAQ.jpg
765,A_8K8_TIT1ObsAAAAAAAAAAAAAAQAAAQ.jpg
765,A_WPPHRZktSZ8AAAAAAAAAAAAAAQAAAQ.jpg
765,A_N6kMQr7Tcd8AAAAAAAAAAAAAAQAAAQ.jpg
765,A_K7J1RqfwCksAAAAAAAAAAAAAAQAAAQ.jpg
766,A_0Nk7TJ9lY-YAAAAAAAAAAAAAAQAAAQ.jpg
766,A_azmpSqGC7N0AAAAAAAAAAAAAAQAAAQ.jpg
766,A_3jhoTacoUkAAAAAAAAAAAAAAAQAAAQ.jpg
766,A_NvbURJkJk9MAAAAAAAAAAAAAAQAAAQ.jpg
766,A_6ehrTIyqXIMAAAAAAAAAAAAAAQAAAQ.jpg
767,A_Twh0TrPIFT4AAAAAAAAAAAAAAQAAAQ.jpg
767,A_eFvVQZv4Rq8AAAAAAAAAAAAAAQAAAQ.jpg
767,A_dg7fT6s9tcYAAAAAAAAAAAAAAQAAAQ.jpg
767,A_1Q7QS4K7F6MAAAAAAAAAAAAAAQAAAQ.jpg
767,A_0EVcTIZeI3AAAAAAAAAAAAAAAQAAAQ.jpg
768,A_a9UfSoRVADIAAAAAAAAAAAAAAQAAAQ.jpg
768,A_wyoxS5je7mQAAAAAAAAAAAAAAQAAAQ.jpg
768,A_pmGgSqOYnuQAAAAAAAAAAAAAAQAAAQ.jpg
768,A_kJFlSZy1Q4AAAAAAAAAAAAAAAQAAAQ.jpg
768,A_5inwSpstK_8AAAAAAAAAAAAAAQAAAQ.jpg
769,A_PahRRoHxkc4AAAAAAAAAAAAAAQAAAQ.jpg
769,A_VAryTbLWe1EAAAAAAAAAAAAAAQAAAQ.jpg
769,A_cixBQpyxaDYAAAAAAAAAAAAAAQAAAQ.jpg
769,A_guZBSqUbZRoAAAAAAAAAAAAAAQAAAQ.jpg
769,A_Ctr0Q7RfHFkAAAAAAAAAAAAAAQAAAQ.jpg
770,A_v3FdS46UqgoAAAAAAAAAAAAAAQAAAQ.jpg
770,A__5ZpSZNC8FMAAAAAAAAAAAAAAQAAAQ.jpg
770,A_rZo8TpRK1mcAAAAAAAAAAAAAAQAAAQ.jpg
770,A_D2HbQ73yMGYAAAAAAAAAAAAAAQAAAQ.jpg
770,A_LK72T7-fiQIAAAAAAAAAAAAAAQAAAQ.jpg
771,A_hny5SJckx8sAAAAAAAAAAAAAAQAAAQ.jpg
771,A_ZoBDS6lpAkkAAAAAAAAAAAAAAQAAAQ.jpg
771,A_GnBuSYUxev0iduBBvPgMPwAAAQAAAQ.jpg
771,A_GnBuSYUxev0AAAAAAAAAAAAAAQAAAQ.jpg
771,A_GnBuSYUxev3Id-lDrGkhCAAAAQAAAQ.jpg
772,A_bzUMSLmnKmsAAAAAAAAAAAAAAQAAAQ.jpg
772,A_nHSoQYgQJAcAAAAAAAAAAAAAAQAAAQ.jpg
772,A_M8GZSZhQfMoAAAAAAAAAAAAAAQAAAQ.jpg
772,A_Ns84SJBmuMIAAAAAAAAAAAAAAQAAAQ.jpg
772,A_LvgeSp8Ac7oAAAAAAAAAAAAAAQAAAQ.jpg
773,A_U50xTLQXtWoAAAAAAAAAAAAAAQAAAQ.jpg
773,A_WtFJT522KRMAAAAAAAAAAAAAAQAAAQ.jpg
773,A_Z7yASa1lW70AAAAAAAAAAAAAAQAAAQ.jpg
773,A_G6BTQ4aq_MwAAAAAAAAAAAAAAQAAAQ.jpg
773,A_pmbiSKI9OgQAAAAAAAAAAAAAAQAAAQ.jpg
774,A_bAdEQ4dHC4IAAAAAAAAAAAAAAQAAAQ.jpg
774,A_NeWmQa_52P4AAAAAAAAAAAAAAQAAAQ.jpg
774,A_PfGfQKaNGVwAAAAAAAAAAAAAAQAAAQ.jpg
774,A_cW0-SIolt7gAAAAAAAAAAAAAAQAAAQ.jpg
774,A_fIvZQIlF5zsAAAAAAAAAAAAAAQAAAQ.jpg
775,A_nCPWS7E6gB4AAAAAAAAAAAAAAQAAAQ.jpg
775,A_lgNURpu8E3YAAAAAAAAAAAAAAQAAAQ.jpg
775,A__M7KQbWU3iIAAAAAAAAAAAAAAQAAAQ.jpg
775,A_iHsJRbWpPAYAAAAAAAAAAAAAAQAAAQ.jpg
775,A_FDj1QJkNztcAAAAAAAAAAAAAAQAAAQ.jpg
776,A_LGqNR47byR0AAAAAAAAAAAAAAQAAAQ.jpg
776,A_NABcR7qBgwsAAAAAAAAAAAAAAQAAAQ.jpg
776,A_qGQwT5uQz_AAAAAAAAAAAAAAAQAAAQ.jpg
776,A_g9DkS7xpgaoAAAAAAAAAAAAAAQAAAQ.jpg
776,A_or84R7nsdAYAAAAAAAAAAAAAAQAAAQ.jpg
777,A_izw7QLWOdloAAAAAAAAAAAAAAQAAAQ.jpg
777,A_izw7QLWOdlqM53ZArdyPQAAAAQAAAQ.jpg
777,A_lFgyQIX7LYAAAAAAAAAAAAAAAQAAAQ.jpg
777,A_xpK7Q6OId88AAAAAAAAAAAAAAQAAAQ.jpg
777,A_iUWETr7_LT8AAAAAAAAAAAAAAQAAAQ.jpg
778,A_HoDpSIATgTMAAAAAAAAAAAAAAQAAAQ.jpg
778,A_ZS98SJTKPnUAAAAAAAAAAAAAAQAAAQ.jpg
778,A_F1dsRYHqZHYAAAAAAAAAAAAAAQAAAQ.jpg
778,A_OHD7SZMtDaYAAAAAAAAAAAAAAQAAAQ.jpg
778,A_RhjQQ7HtH6EAAAAAAAAAAAAAAQAAAQ.jpg
779,A_IyfHRr44_2IAAAAAAAAAAAAAAQAAAQ.jpg
779,A_OrRpRZg-UCoAAAAAAAAAAAAAAQAAAQ.jpg
779,A_F2PmSZM4gxoAAAAAAAAAAAAAAQAAAQ.jpg
779,A_L6zOSYrKWXUAAAAAAAAAAAAAAQAAAQ.jpg
779,A_Qj1KRrQD10UAAAAAAAAAAAAAAQAAAQ.jpg
780,A_qH-9RrCPqKYAAAAAAAAAAAAAAQAAAQ.jpg
780,A_CrbNSZaYgW8AAAAAAAAAAAAAAQAAAQ.jpg
780,A_sBETToK9hT0AAAAAAAAAAAAAAQAAAQ.jpg
780,A_SaDxSpWkgYIAAAAAAAAAAAAAAQAAAQ.jpg
780,A_1cmpRIaQErwAAAAAAAAAAAAAAQAAAQ.jpg
781,A_u-neSptCZRsAAAAAAAAAAAAAAQAAAQ.jpg
781,A__yu6QKTa9pMAAAAAAAAAAAAAAQAAAQ.jpg
781,A_50fVSKaqlhMAAAAAAAAAAAAAAQAAAQ.jpg
781,A_tCEQRaZ0Kq4AAAAAAAAAAAAAAQAAAQ.jpg
781,A_TlSSTJ1bFFIAAAAAAAAAAAAAAQAAAQ.jpg
782,A_qtkWQpTsHwYAAAAAAAAAAAAAAQAAAQ.jpg
782,A_RR_qQbqqlGwAAAAAAAAAAAAAAQAAAQ.jpg
782,A_zJ87SLZrNkMAAAAAAAAAAAAAAQAAAQ.jpg
782,A_G7dNSanilgcAAAAAAAAAAAAAAQAAAQ.jpg
782,A_UWQBS72ldfwAAAAAAAAAAAAAAQAAAQ.jpg
783,A_XDYzSI76LxpuqwpBsM-pOAAAAQAAAQ.jpg
783,A_2lh1RY_yHlUAAAAAAAAAAAAAAQAAAQ.jpg
783,A_XDYzSI76LxoAAAAAAAAAAAAAAQAAAQ.jpg
783,A_YCt4T7CkPQgwtLlFpGaj-gAAAQAAAQ.jpg
783,A_YCt4T7CkPQgAAAAAAAAAAAAAAQAAAQ.jpg
784,ACfmzqVgRFC1UJDMYqPeeAAAACMAARAD.jpg
784,XWnO3UUsRpW_hL_pFB5cLgAAACMAARAD.jpg
784,q98i1K1VS8OTs_cwaSlC2gAAACMAARAD.jpg
784,QEn0Pf9QReGjfxipjrIWZQAAACMAARAD.jpg
784,MrK_juuaSNuPsnM_DraTFQAAACMAARAD.jpg
785,uiJsIuM1QeqBcJeipKbzSwAAACMAARAD.jpg
785,r1vphDDPSsWKScZzGH9VXAAAACMAARAD.jpg
785,c_SJ1XreSFC5M-eVmmFApAAAACMAARAD.jpg
785,ZVsgTod4TTyDnXhh8IxLYAAAACMAARAD.jpg
785,HkXODLdqR3u05ELawrh6FAAAACMAARAD.jpg
786,7SlYt3XYTn-fzeoSIUZAMQAAACMAARAD.jpg
786,nuFti-nzTAiCnXaIKwLffAAAACMAARAD.jpg
786,CFSwx5f8SoWV_YtSipuafQAAACMAARAD.jpg
786,iQ73YRcsT0SlSBurlTmMUgAAACMAARAD.jpg
786,aMZEn9NGR4abRgwpHjpb-wAAACMAARAD.jpg
787,A_Y8-aRJ2GhV4AAAAAAAAAAAAAAQAAAQ.jpg
787,A_P6hnR7liLEEAAAAAAAAAAAAAAQAAAQ.jpg
787,A_k9QgRbB_ui4AAAAAAAAAAAAAAQAAAQ.jpg
787,A_Fb7JQYgGuCsAAAAAAAAAAAAAAQAAAQ.jpg
787,A_EqJ0RKsDUX4AAAAAAAAAAAAAAQAAAQ.jpg
788,O1CN01qOYj8w1es9Xd7kP4R_!!0-mtopupload.jpg
788,O1CN01DTLoMi1Ve6r1C2Kg3_!!0-mtopupload.jpg
788,O1CN01oWiw3a1ktQKo4fXIV_!!0-mtopupload.jpg
788,O1CN01TJxsUi1dnHiSJRrXt_!!0-mtopupload.jpg
788,O1CN01j0BzMu1DvMgyGaWq9_!!0-mtopupload.jpg
789,A_ZttPQ4RLdygAAAAAAAAAAAAAAQAAAQ.jpg
789,A_QR5vRJj4F3YAAAAAAAAAAAAAAQAAAQ.jpg
789,A_F8CgQahuL6wAAAAAAAAAAAAAAQAAAQ.jpg
789,A_yPW1TJ9C8N0AAAAAAAAAAAAAAQAAAQ.jpg
789,A_U-OrSIebyJQAAAAAAAAAAAAAAQAAAQ.jpg
790,A_MswMTrdJfcUAAAAAAAAAAAAAAQAAAQ.jpg
790,A_tJHOQpBbA44AAAAAAAAAAAAAAQAAAQ.jpg
790,A_6sDmS7Ja-JQAAAAAAAAAAAAAAQAAAQ.jpg
790,A_nx1FR6Lv1iQAAAAAAAAAAAAAAQAAAQ.jpg
790,A_lVoFSJRUOHwAAAAAAAAAAAAAAQAAAQ.jpg
791,A__QByQI37Pk0AAAAAAAAAAAAAAQAAAQ.jpg
791,A_SkhwS4QkLFUAAAAAAAAAAAAAAQAAAQ.jpg
791,A_JBZZTZnZwGgAAAAAAAAAAAAAAQAAAQ.jpg
791,A_vvVjRL_pIfQAAAAAAAAAAAAAAQAAAQ.jpg
791,A_mHRfQrd8vhYAAAAAAAAAAAAAAQAAAQ.jpg
792,A_rGVOQYxepScAAAAAAAAAAAAAAQAAAQ.jpg
792,A_yu-BQJQDoCMAAAAAAAAAAAAAAQAAAQ.jpg
792,A_PuZSTLmxLw8AAAAAAAAAAAAAAQAAAQ.jpg
792,A_8NFBT5h2iqIAAAAAAAAAAAAAAQAAAQ.jpg
792,A_Dq1JT74YrncAAAAAAAAAAAAAAQAAAQ.jpg
793,A_pXy6R56DlFkAAAAAAAAAAAAAAQAAAQ.jpg
793,A_xlyFQ7WeDjUAAAAAAAAAAAAAAQAAAQ.jpg
793,A_W2MaQbEn9pwAAAAAAAAAAAAAAQAAAQ.jpg
793,A_NV9-QZs7uDUAAAAAAAAAAAAAAQAAAQ.jpg
793,A_NPe4S4r0hmEAAAAAAAAAAAAAAQAAAQ.jpg
794,A_MV1LRbIcVq4AAAAAAAAAAAAAAQAAAQ.jpg
794,A_x62UTqk84LgAAAAAAAAAAAAAAQAAAQ.jpg
794,A_v-eOQIAGem8AAAAAAAAAAAAAAQAAAQ.jpg
794,A_O3HdRoitflkAAAAAAAAAAAAAAQAAAQ.jpg
794,A_f7c5SoXJb6cAAAAAAAAAAAAAAQAAAQ.jpg
795,iaSqXGVJSmGAPS6Ax7OolgAAACMAARAD.jpg
795,PtYMxRKCQ_Kr5or4ZEtCrgAAACMAARAD.jpg
795,Yndb2pCnTBObqPVRSMrCOgAAACMAARAD.jpg
795,K39uT5ExSeauYakexPI9pgAAACMAARAD.jpg
795,cCQqL-WIQSGv2ms-U9TwWAAAACMAARAD.jpg
796,A_BAT7R6U9xDAAAAAAAAAAAAAAAQAAAQ.jpg
796,A_BqVCQ40YOX0AAAAAAAAAAAAAAQAAAQ.jpg
796,A_eQMOQJsdPq4AAAAAAAAAAAAAAQAAAQ.jpg
796,A_j-4hSIaEo7QAAAAAAAAAAAAAAQAAAQ.jpg
796,A_04ZmT6Ep_8gAAAAAAAAAAAAAAQAAAQ.jpg
797,X5K7XXKZR6ChTAPfLvt8rAAAACMAARAD.jpg
797,0sLsWmU9SKqFKOwd4cQpSwAAACMAARAD.jpg
797,2JpLCNdHRWWnM2bmOYQyhAAAACMAARAD.jpg
797,3snmwtodTL2RTOIHRNduNQAAACMAARAD.jpg
797,BiMDFV31So-HbkgzkNWK4gAAACMAARAD.jpg
798,A_qrZcSoqlXrQAAAAAAAAAAAAAAQAAAQ.jpg
798,A_bJewR6-rSycAAAAAAAAAAAAAAQAAAQ.jpg
798,A_IJIHT4gmFrQAAAAAAAAAAAAAAQAAAQ.jpg
798,A_92sgSKdJ_UUAAAAAAAAAAAAAAQAAAQ.jpg
798,A_GkXCRKRluMYAAAAAAAAAAAAAAQAAAQ.jpg
799,A_mP68QqwiVL0AAAAAAAAAAAAAAQAAAQ.jpg
799,A_Ju80QbTYFC8AAAAAAAAAAAAAAQAAAQ.jpg
799,A_TECkT77_o3oAAAAAAAAAAAAAAQAAAQ.jpg
799,A_sVn7TYFYAOoAAAAAAAAAAAAAAQAAAQ.jpg
799,A_rd5PRazSFfQAAAAAAAAAAAAAAQAAAQ.jpg
800,A_94LmSJ1bKNoAAAAAAAAAAAAAAQAAAQ.jpg
800,A_WRkOTKGWTk8AAAAAAAAAAAAAAQAAAQ.jpg
800,A_QhCDRLE3A5AAAAAAAAAAAAAAAQAAAQ.jpg
800,A_tosgTY7pl-0AAAAAAAAAAAAAAQAAAQ.jpg
800,A_eXHiQYNLoPcAAAAAAAAAAAAAAQAAAQ.jpg
801,A_r7o0T5gfR0sAAAAAAAAAAAAAAQAAAQ.jpg
801,A_DVt2R6Q3pqIAAAAAAAAAAAAAAQAAAQ.jpg
801,A_QI-QRJ24_fkAAAAAAAAAAAAAAQAAAQ.jpg
801,A_dcgBS6mvWOIAAAAAAAAAAAAAAQAAAQ.jpg
801,A_r7o0T5gfR0uhWQdJkP7uNgAAAQAAAQ.jpg
802,n0KW432hT22YEjBnzEjIHwAAACMAARAD.jpg
802,8yIj9xLqSZmSd_RgwtYGOwAAACMAARAD.jpg
802,EUE-QNQoQHOKBzPqW0TqhwAAACMAARAD.jpg
802,XOc3f1qEQO-cV8kMEStuyAAAACMAARAD.jpg
802,F9LKttzFQU-_vpsteA4wTgAAACMAARAD.jpg
803,A_smcwQYYhAREAAAAAAAAAAAAAAQAAAQ.jpg
803,A_26b4Q6bv-toAAAAAAAAAAAAAAQAAAQ.jpg
803,A_0Zg1QLLvwhcAAAAAAAAAAAAAAQAAAQ.jpg
803,A_8EllR5RwN10AAAAAAAAAAAAAAQAAAQ.jpg
803,A_oBZfQ73IzFsAAAAAAAAAAAAAAQAAAQ.jpg
804,A_j1v9T61za4EAAAAAAAAAAAAAAQAAAQ.jpg
804,A_lISTT782DFEAAAAAAAAAAAAAAQAAAQ.jpg
804,A_HHX4TpdAsD8AAAAAAAAAAAAAAQAAAQ.jpg
804,A_bJMwTIaBTVYAAAAAAAAAAAAAAQAAAQ.jpg
804,A_b2uZTaNqEAgAAAAAAAAAAAAAAQAAAQ.jpg
805,A_Wj0dT66oeaEAAAAAAAAAAAAAAQAAAQ.jpg
805,A_OpYrSbl8c58AAAAAAAAAAAAAAQAAAQ.jpg
805,A_OotiQY06kMgAAAAAAAAAAAAAAQAAAQ.jpg
805,A_G2GgSq-3uQgAAAAAAAAAAAAAAQAAAQ.jpg
805,A_CAQlQp6CZagAAAAAAAAAAAAAAQAAAQ.jpg
806,A_15sHSroMt8gAAAAAAAAAAAAAAQAAAQ.jpg
806,A_GZs6TYox3GgAAAAAAAAAAAAAAQAAAQ.jpg
806,A_MTNLSZFR0doAAAAAAAAAAAAAAQAAAQ.jpg
806,A_HYMTRZI8PysAAAAAAAAAAAAAAQAAAQ.jpg
806,A_RShHSrvxZr4AAAAAAAAAAAAAAQAAAQ.jpg
807,A_1pAASpJ_oJgAAAAAAAAAAAAAAQAAAQ.jpg
807,A_f3EWTod-LKUAAAAAAAAAAAAAAQAAAQ.jpg
807,A_q9UlQ4jgc8oAAAAAAAAAAAAAAQAAAQ.jpg
807,A_ZVuFTYtHRJwAAAAAAAAAAAAAAQAAAQ.jpg
807,A_sEcySYKyfX8AAAAAAAAAAAAAAQAAAQ.jpg
808,A_qVn9Trb1z9wAAAAAAAAAAAAAAQAAAQ.jpg
808,A_obJET5kd7-MAAAAAAAAAAAAAAQAAAQ.jpg
808,A_TYA-Srtiur0AAAAAAAAAAAAAAQAAAQ.jpg
808,A_09eGSYVbrOQAAAAAAAAAAAAAAQAAAQ.jpg
808,A_nfmeQJmgIMAAAAAAAAAAAAAAAQAAAQ.jpg
809,A_LaumQZ3ToOQAAAAAAAAAAAAAAQAAAQ.jpg
809,A_8CzfRYuMC40AAAAAAAAAAAAAAQAAAQ.jpg
809,A_V6MdSKSDSLYAAAAAAAAAAAAAAQAAAQ.jpg
809,A_m59DQor6Wq4AAAAAAAAAAAAAAQAAAQ.jpg
809,A_CFkaRYOt72MAAAAAAAAAAAAAAQAAAQ.jpg
810,A_4yhEQKPpaqcAAAAAAAAAAAAAAQAAAQ.jpg
810,A_pDcmQLcvhskAAAAAAAAAAAAAAQAAAQ.jpg
810,A_fYyMQItTy6YAAAAAAAAAAAAAAQAAAQ.jpg
810,A_5QReQb-EJzIAAAAAAAAAAAAAAQAAAQ.jpg
810,A_t-boSqcz9VsAAAAAAAAAAAAAAQAAAQ.jpg
811,A_vdLBSquDGMoAAAAAAAAAAAAAAQAAAQ.jpg
811,A_BtA9TLkDKQQAAAAAAAAAAAAAAQAAAQ.jpg
811,A_LPwfSqExDVUAAAAAAAAAAAAAAQAAAQ.jpg
811,A_87QVQ6pK6nAAAAAAAAAAAAAAAQAAAQ.jpg
811,A_gkXASaIU9xwAAAAAAAAAAAAAAQAAAQ.jpg
812,A_ItpxT4CUPV8AAAAAAAAAAAAAAQAAAQ.jpg
812,A_fYHGTrTLwdQAAAAAAAAAAAAAAQAAAQ.jpg
812,A_wcxuT6n8UUEAAAAAAAAAAAAAAQAAAQ.jpg
812,A_S4rTQ4fjki8AAAAAAAAAAAAAAQAAAQ.jpg
812,A_qYDoS4VGFJ0AAAAAAAAAAAAAAQAAAQ.jpg
813,A_6AGFSYraVgUAAAAAAAAAAAAAAQAAAQ.jpg
813,A_IRaeQJATn1oAAAAAAAAAAAAAAQAAAQ.jpg
813,A_vUehS4tB-kYAAAAAAAAAAAAAAQAAAQ.jpg
813,A_QABXTIGG7P0AAAAAAAAAAAAAAQAAAQ.jpg
813,A_bFfRS4q1rUwAAAAAAAAAAAAAAQAAAQ.jpg
814,A_kyiXTbIuqMwAAAAAAAAAAAAAAQAAAQ.jpg
814,A_0YZMSbXiUvYAAAAAAAAAAAAAAQAAAQ.jpg
814,A_Y4njRIVljIgAAAAAAAAAAAAAAQAAAQ.jpg
814,A_CmsGSon67BMAAAAAAAAAAAAAAQAAAQ.jpg
814,A_aH7ZQaGfhQoAAAAAAAAAAAAAAQAAAQ.jpg
815,A_qC27RLRhkFQAAAAAAAAAAAAAAQAAAQ.jpg
815,A_myglS4eTAhUAAAAAAAAAAAAAAQAAAQ.jpg
815,A_eXx7S5ANAYYAAAAAAAAAAAAAAQAAAQ.jpg
815,A_KLVyRYPiJLkAAAAAAAAAAAAAAQAAAQ.jpg
815,A_r-_jSamjyl8AAAAAAAAAAAAAAQAAAQ.jpg
816,A_E3-DRYlloZ4AAAAAAAAAAAAAAQAAAQ.jpg
816,A_NS5JQbZa7LMAAAAAAAAAAAAAAQAAAQ.jpg
816,A_ENz1SbVoQTcAAAAAAAAAAAAAAQAAAQ.jpg
816,A_gLtQSZP6tP0AAAAAAAAAAAAAAQAAAQ.jpg
816,A_Bam4SZCsW4QAAAAAAAAAAAAAAQAAAQ.jpg
817,A_n4k3S7gyMQIAAAAAAAAAAAAAAQAAAQ.jpg
817,A_n4k3S7gyMQJIZ6ZImLSjUAAAAQAAAQ.jpg
817,A_IQmTSY5P-2kAAAAAAAAAAAAAAQAAAQ.jpg
817,A_dJfJT5fwHbYAAAAAAAAAAAAAAQAAAQ.jpg
817,A_JrvDS76KQFUAAAAAAAAAAAAAAQAAAQ.jpg
818,A_35gRS6rCbMkAAAAAAAAAAAAAAQAAAQ.jpg
818,A_HrEIQ5lO9GAAAAAAAAAAAAAAAQAAAQ.jpg
818,A_6zxXSrkQckAAAAAAAAAAAAAAAQAAAQ.jpg
818,A_fpI2TJv2oB0AAAAAAAAAAAAAAQAAAQ.jpg
818,A_bnijT4ftCYcAAAAAAAAAAAAAAQAAAQ.jpg
819,8CjNEafYRx2e6KuvPVEGswAAACMAARAD.jpg
819,biIb4y-MQEegyYrrq9g7uQAAACMAARAD.jpg
819,beIzNdi0SCi-Jp_biwkjRgAAACMAARAD.jpg
819,J-2ZF9soTBaMuymgEQLrWgAAACMAARAD.jpg
819,xSzZ9xPuSMONwgeadakwMgAAACMAARAD.jpg
820,A_qMpBS7JnrwsAAAAAAAAAAAAAAQAAAQ.jpg
820,A_HjDISoNRaUMAAAAAAAAAAAAAAQAAAQ.jpg
820,A_4OPCToFAQtcAAAAAAAAAAAAAAQAAAQ.jpg
820,A_V-VrToUxz1gAAAAAAAAAAAAAAQAAAQ.jpg
820,A_PKU_QKJHBFIAAAAAAAAAAAAAAQAAAQ.jpg
821,A_m8UQRLc8W5CH_n5AsEIXIAAAAQAAAQ.jpg
821,A_eqVVQqqu89gAAAAAAAAAAAAAAQAAAQ.jpg
821,A_OPDwR6JtBFgAAAAAAAAAAAAAAQAAAQ.jpg
821,A_Ma4sTrcxPqsAAAAAAAAAAAAAAQAAAQ.jpg
821,A_xVBTQpZcB1UAAAAAAAAAAAAAAQAAAQ.jpg
822,r_UlzOqUT5CofgPwnAbzaAAAACMAARAD.jpg
822,wKTHNaFfRZm8v7cEnR8e3gAAACMAARAD.jpg
822,4ARiNX6cSNCv0ZreAa447AAAACMAARAD.jpg
822,0QCCWEbQSyekYoFiWKnhbgAAACMAARAD.jpg
822,iaklXLZ8QVGAL9Pqihu78AAAACMAARAD.jpg
823,A_tHMVQq0lBrgAAAAAAAAAAAAAAQAAAQ.jpg
823,A_PXasSYc8nZ0AAAAAAAAAAAAAAQAAAQ.jpg
823,A_vfnhRKDg2g8AAAAAAAAAAAAAAQAAAQ.jpg
823,A_ZEv1Q6CF65gAAAAAAAAAAAAAAQAAAQ.jpg
823,A_2QNMTqBosycAAAAAAAAAAAAAAQAAAQ.jpg
824,A_ZMe5RKNou40AAAAAAAAAAAAAAQAAAQ.jpg
824,A_wv2oS6HvPNkAAAAAAAAAAAAAAQAAAQ.jpg
824,A_4G-8QYl4Jp8AAAAAAAAAAAAAAQAAAQ.jpg
824,A_2_pvTqQGuf4AAAAAAAAAAAAAAQAAAQ.jpg
824,A_FiVWR5QO17gAAAAAAAAAAAAAAQAAAQ.jpg
825,A_tn92TKMeXnoAAAAAAAAAAAAAAQAAAQ.jpg
825,A_7kV_RIzER58AAAAAAAAAAAAAAQAAAQ.jpg
825,A_681UQrdPGQYAAAAAAAAAAAAAAQAAAQ.jpg
825,A_GY-BSKKnNNEAAAAAAAAAAAAAAQAAAQ.jpg
825,A_7kV_RIzER58G-fJEsU5dAAAAAQAAAQ.jpg
826,A_D6iGQZ1t500AAAAAAAAAAAAAAQAAAQ.jpg
826,A_YgHRRKPtq2cAAAAAAAAAAAAAAQAAAQ.jpg
826,A_4XoOQ4YLDGIAAAAAAAAAAAAAAQAAAQ.jpg
826,A_bLeES4jrPb4AAAAAAAAAAAAAAQAAAQ.jpg
826,A_ka4aRYv1P6cAAAAAAAAAAAAAAQAAAQ.jpg
827,A_ZMS6SJfMewkAAAAAAAAAAAAAAQAAAQ.jpg
827,A_8221RaPUrVQAAAAAAAAAAAAAAQAAAQ.jpg
827,A_pcAQQYdpPcUAAAAAAAAAAAAAAQAAAQ.jpg
827,A_N4hBRYcuA8wAAAAAAAAAAAAAAQAAAQ.jpg
827,A_LgiIToziZOAAAAAAAAAAAAAAAQAAAQ.jpg
828,A_n_p4TLRa-5cAAAAAAAAAAAAAAQAAAQ.jpg
828,A_TzpMQJWEfiQAAAAAAAAAAAAAAQAAAQ.jpg
828,A_VqpwRL-de9MAAAAAAAAAAAAAAQAAAQ.jpg
828,A_Y04JTLuaZTsAAAAAAAAAAAAAAQAAAQ.jpg
828,A_SUyDT4xwQeEAAAAAAAAAAAAAAQAAAQ.jpg
829,A_VDq4R4z3LoEAAAAAAAAAAAAAAQAAAQ.jpg
829,A_xmr0TJFx7BAAAAAAAAAAAAAAAQAAAQ.jpg
829,A_jVviSKlLk4UAAAAAAAAAAAAAAQAAAQ.jpg
829,A_EWpGSL432h4AAAAAAAAAAAAAAQAAAQ.jpg
829,A_GcclT5ZNrkMAAAAAAAAAAAAAAQAAAQ.jpg
830,A_iqqzSoJeDEgAAAAAAAAAAAAAAQAAAQ.jpg
830,A_xskzRpbzxPkAAAAAAAAAAAAAAQAAAQ.jpg
830,A_lkyjTLD8hRIAAAAAAAAAAAAAAQAAAQ.jpg
830,A_GhDlQYEqbYsAAAAAAAAAAAAAAQAAAQ.jpg
830,A_q4yKTIvqstwAAAAAAAAAAAAAAQAAAQ.jpg
831,A_TgYVTbmGS00AAAAAAAAAAAAAAQAAAQ.jpg
831,A_YbPqRLxt8H4AAAAAAAAAAAAAAQAAAQ.jpg
831,A_W0_7RKrqgNoAAAAAAAAAAAAAAQAAAQ.jpg
831,A_IT2WT6PDCUYAAAAAAAAAAAAAAQAAAQ.jpg
831,A_Ci0XSKQ3X0MAAAAAAAAAAAAAAQAAAQ.jpg
832,A_mo2DTK8Ex1wAAAAAAAAAAAAAAQAAAQ.jpg
832,A_C2mXQ4tEniIAAAAAAAAAAAAAAQAAAQ.jpg
832,A_g8fTTpNwLFsAAAAAAAAAAAAAAQAAAQ.jpg
832,A_1GbkQL91RqoAAAAAAAAAAAAAAQAAAQ.jpg
832,A_CtxrRJ6ORGMAAAAAAAAAAAAAAQAAAQ.jpg
833,A_MDEkQZuIn0oAAAAAAAAAAAAAAQAAAQ.jpg
833,A_KZ73S6cCgQoAAAAAAAAAAAAAAQAAAQ.jpg
833,A_E_h6SrhNuPgAAAAAAAAAAAAAAQAAAQ.jpg
833,A_JQjzR5tVdFMAAAAAAAAAAAAAAQAAAQ.jpg
833,A_HIu5Qbt3SdMAAAAAAAAAAAAAAQAAAQ.jpg
834,A_EYWFTKl2NKMAAAAAAAAAAAAAAQAAAQ.jpg
834,A_PTXnRLOlNmoAAAAAAAAAAAAAAQAAAQ.jpg
834,A_3IFfTYgUvK0AAAAAAAAAAAAAAQAAAQ.jpg
834,A_YQF0T7-Q3JMAAAAAAAAAAAAAAQAAAQ.jpg
834,A_HrZDS5m0EVoAAAAAAAAAAAAAAQAAAQ.jpg
835,9DU7wooXQaSTTYarhxNX2wAAACMAARAD.jpg
835,EWjT5ZloSBaxBE1qOa379AAAACMAARAD.jpg
835,Kmik6u8rSAOP85owfOynygAAACMAARAD.jpg
835,ilQ4Q3JiQ_KvzutCT8aeTgAAACMAARAD.jpg
835,lhPHbdisTWq-5pSxK0yH9AAAACMAARAD.jpg
836,A_aEEATo9q9zoAAAAAAAAAAAAAAQAAAQ.jpg
836,A_cjSIQbn59LEAAAAAAAAAAAAAAQAAAQ.jpg
836,A_5bvTTbOAOOsAAAAAAAAAAAAAAQAAAQ.jpg
836,A_gGTZRYqKU1oAAAAAAAAAAAAAAQAAAQ.jpg
836,A_1C5FSKEx3mwAAAAAAAAAAAAAAQAAAQ.jpg
837,A_OiKTSqXpCJoAAAAAAAAAAAAAAQAAAQ.jpg
837,A_XIheSZxM7i8AAAAAAAAAAAAAAQAAAQ.jpg
837,A_eK0LSYyw1NwAAAAAAAAAAAAAAQAAAQ.jpg
837,A_5uhfTY7pog4AAAAAAAAAAAAAAQAAAQ.jpg
837,A_TwyPSJoOiIsAAAAAAAAAAAAAAQAAAQ.jpg
838,A_D5TjS65UxTsAAAAAAAAAAAAAAQAAAQ.jpg
838,A_O4WTT42zWu4AAAAAAAAAAAAAAQAAAQ.jpg
838,A_kUZJT7Ravb0AAAAAAAAAAAAAAQAAAQ.jpg
838,A_Uk8kTr50Of4AAAAAAAAAAAAAAQAAAQ.jpg
838,A_gTTwQLJ8qT4AAAAAAAAAAAAAAQAAAQ.jpg
839,A_xUoiRqB05KAAAAAAAAAAAAAAAQAAAQ.jpg
839,A_QrEtQLmDrjvVBG1DrqjT5gAAAQAAAQ.jpg
839,A_7wGDRL0i5MoT1WJChxzcDwAAAQAAAQ.jpg
839,A_QrEtQLmDrjsAAAAAAAAAAAAAAQAAAQ.jpg
839,A_7wGDRL0i5MozJ7NHnafnAQAAAQAAAQ.jpg
840,A_oxY3Q51mr9QAAAAAAAAAAAAAAQAAAQ.jpg
840,A_DgcQRb66dYEAAAAAAAAAAAAAAQAAAQ.jpg
840,A_yOzfRKDvDY4AAAAAAAAAAAAAAQAAAQ.jpg
840,A_iFEeTpZupMQAAAAAAAAAAAAAAQAAAQ.jpg
840,A_sEdKTI78EIMAAAAAAAAAAAAAAQAAAQ.jpg
841,A__TW5T5l_2g4AAAAAAAAAAAAAAQAAAQ.jpg
841,A_8oiyS4fB0-8AAAAAAAAAAAAAAQAAAQ.jpg
841,A_LGVTSKwU4XcAAAAAAAAAAAAAAQAAAQ.jpg
841,A_-VmDQq7P2LAAAAAAAAAAAAAAAQAAAQ.jpg
841,A_hLn6R7KUycUAAAAAAAAAAAAAAQAAAQ.jpg
842,d9tuz5DXQOK76K4ObeZeMgAAACMAARAD.jpg
842,Os7PaLOmSuSeOW9xz-NGsgAAACMAARED.jpg
842,LZ-uAe9kTJi90H16XgPwxwAAACMAARED.jpg
842,Jtr7a7o0QDmIFQC8NLn39AAAACMAARAD.jpg
842,Bn8w5NUwQdSCPSROnSgbggAAACMAARAD.jpg
843,A_TNh1RZ0wPaIAAAAAAAAAAAAAAQAAAQ.jpg
843,A_g2cWQrI45UMAAAAAAAAAAAAAAQAAAQ.jpg
843,A_WJpCTJnxQ6AAAAAAAAAAAAAAAQAAAQ.jpg
843,A_vDYGT48vztIAAAAAAAAAAAAAAQAAAQ.jpg
843,A_g5GzQpP_2DsAAAAAAAAAAAAAAQAAAQ.jpg
844,A_JcYORKSzQpkAAAAAAAAAAAAAAQAAAQ.jpg
844,A_GKBAR40lmwQAAAAAAAAAAAAAAQAAAQ.jpg
844,A_irbYTb-gPnyPW2xGrk6vbwAAAQAAAQ.jpg
844,A_ASJUQ7EqzQUAAAAAAAAAAAAAAQAAAQ.jpg
844,A_oMiUSYd5LI4AAAAAAAAAAAAAAQAAAQ.jpg
845,A_XqFERLzqJiAAAAAAAAAAAAAAAQAAAQ.jpg
845,A_kjjsQJJ5dMoAAAAAAAAAAAAAAQAAAQ.jpg
845,A_eHsJTqkEGLwAAAAAAAAAAAAAAQAAAQ.jpg
845,A_vv-EQoU8JLAAAAAAAAAAAAAAAQAAAQ.jpg
845,A_UxCZRK7StbIAAAAAAAAAAAAAAQAAAQ.jpg
846,A_3TqzQpzSxjUAAAAAAAAAAAAAAQAAAQ.jpg
846,Zedm0XzERruTK_d_0DGErwAAACMAARAD.jpg
846,A_Z0EXQ4mQTQUAAAAAAAAAAAAAAQAAAQ.jpg
846,A_DeyFS7rKLy8AAAAAAAAAAAAAAQAAAQ.jpg
846,A_NC83S4jCQtIAAAAAAAAAAAAAAQAAAQ.jpg
847,A_M1ngRb9IXB0AAAAAAAAAAAAAAQAAAQ.jpg
847,A_zx4rT4UvcswAAAAAAAAAAAAAAQAAAQ.jpg
847,A_5dg8Sa1DuvgAAAAAAAAAAAAAAQAAAQ.jpg
847,A_8oLzS4xgC2cAAAAAAAAAAAAAAQAAAQ.jpg
847,A_B6uIRJeVrRUAAAAAAAAAAAAAAQAAAQ.jpg
848,A_1WxGSLh3vgQAAAAAAAAAAAAAAQAAAQ.jpg
848,A_OJCfR6utVTUAAAAAAAAAAAAAAQAAAQ.jpg
848,A_6vvGT5hvR_gAAAAAAAAAAAAAAQAAAQ.jpg
848,A_RawwRp2uTHsAAAAAAAAAAAAAAQAAAQ.jpg
848,A_qENxQIk0qUsAAAAAAAAAAAAAAQAAAQ.jpg
849,A_NYDwQ6k69dsAAAAAAAAAAAAAAQAAAQ.jpg
849,A_IYNGR4iXVIcAAAAAAAAAAAAAAQAAAQ.jpg
849,A_2HfVRIq2GFUAAAAAAAAAAAAAAQAAAQ.jpg
849,A_0sogQZdZbjEAAAAAAAAAAAAAAQAAAQ.jpg
849,A_cg_KS5KK4-AAAAAAAAAAAAAAAQAAAQ.jpg
850,A_nkkjRqL0V7IAAAAAAAAAAAAAAQAAAQ.jpg
850,A_e39iT4i_24IAAAAAAAAAAAAAAQAAAQ.jpg
850,A_Ir9ETb34-0wAAAAAAAAAAAAAAQAAAQ.jpg
850,A_COneRK-NVfcAAAAAAAAAAAAAAQAAAQ.jpg
850,A_tQp1Qoxe97MAAAAAAAAAAAAAAQAAAQ.jpg
851,A_lsQVR4qwkCcAAAAAAAAAAAAAAQAAAQ.jpg
851,A_UJunRaMdruoAAAAAAAAAAAAAAQAAAQ.jpg
851,A_UJunRaMdruo3C9hEuXjEVwAAAQAAAQ.jpg
851,A_UJunRaMdruqiUwRImPTTagAAAQAAAQ.jpg
851,A_lsQVR4qwkCf4Z81GqCAFnAAAAQAAAQ.jpg
852,1ZTF2PdKRUSqvSJZONDP8gAAACMAARAD.jpg
852,lbwfVmF_TJ2ji2_cMMVNUwAAACMAARAD.jpg
852,rIiEVFpcQ1idlVeV42cdpQAAACMAARAD.jpg
852,_i6cQnrPRICsxBiZRRr8nAAAACMAARAD.jpg
852,8oB1RGWWSm-Y_NHMnxDXIAAAACMAARAD.jpg
853,A_9m8mQbh-rpEAAAAAAAAAAAAAAQAAAQ.jpg
853,A__PPEQrzjEuwAAAAAAAAAAAAAAQAAAQ.jpg
853,A_ywAVSJI0zEoAAAAAAAAAAAAAAQAAAQ.jpg
853,A_cM18RKgSSnAAAAAAAAAAAAAAAQAAAQ.jpg
853,A_OmKpQ6J-RkUAAAAAAAAAAAAAAQAAAQ.jpg
854,A_-9VHTrZSJpcAAAAAAAAAAAAAAQAAAQ.jpg
854,A_dL7LTLUundgAAAAAAAAAAAAAAQAAAQ.jpg
854,A_IyRETpe6W74AAAAAAAAAAAAAAQAAAQ.jpg
854,A_xLrLS5d4J0sAAAAAAAAAAAAAAQAAAQ.jpg
854,A_6shISqpqefMAAAAAAAAAAAAAAQAAAQ.jpg
855,A_zVE3Tqrbu3wAAAAAAAAAAAAAAQAAAQ.jpg
855,A_9D20T4lVf6gAAAAAAAAAAAAAAQAAAQ.jpg
855,A_zESGSZoybLwAAAAAAAAAAAAAAQAAAQ.jpg
855,A_tY5wSp7m1TsAAAAAAAAAAAAAAQAAAQ.jpg
855,A_aF2GSLF8TPIAAAAAAAAAAAAAAQAAAQ.jpg
856,A_dcblR733JCQAAAAAAAAAAAAAAQAAAQ.jpg
856,A_Qb4JQZGkGoMAAAAAAAAAAAAAAQAAAQ.jpg
856,A_6OySQrdP6fgAAAAAAAAAAAAAAQAAAQ.jpg
856,A_2KC8R7g-wSUAAAAAAAAAAAAAAQAAAQ.jpg
856,A_P-4zSJWtM8gAAAAAAAAAAAAAAQAAAQ.jpg
857,A_GRc8QayqBZsAAAAAAAAAAAAAAQAAAQ.jpg
857,A_tXYATaJIDBwAAAAAAAAAAAAAAQAAAQ.jpg
857,A_WodZSbRwRQcAAAAAAAAAAAAAAQAAAQ.jpg
857,A_ohxDTI5NpeQAAAAAAAAAAAAAAQAAAQ.jpg
857,A__gu2Saita0YAAAAAAAAAAAAAAQAAAQ.jpg
858,A_dKIqQre0IdAAAAAAAAAAAAAAAQAAAQ.jpg
858,A_RXllQpOK8lsAAAAAAAAAAAAAAQAAAQ.jpg
858,A_6SezS5mLs7oAAAAAAAAAAAAAAQAAAQ.jpg
858,A_Ya8JSpSff5sAAAAAAAAAAAAAAQAAAQ.jpg
858,A_LY8xR7XeoucAAAAAAAAAAAAAAQAAAQ.jpg
859,j1tIphj2TgySgZPQSoJRUwAAACMAARAD.jpg
859,mxI0QyXFRRSskvUEsKKMfQAAACMAARAD.jpg
859,fDf9Z24YTeGfYDvykvQZSwAAACMAARAD.jpg
859,qo2a8ZWiSSqUO1_B29LxlAAAACMAARAD.jpg
859,g_5GJzXtS92ztk5Vd2XiOQAAACMAARAD.jpg
860,A_-V8uSr5Dy4QAAAAAAAAAAAAAAQAAAQ.jpg
860,A_rfL6Ta8V7scAAAAAAAAAAAAAAQAAAQ.jpg
860,A__kBbTJmM4UQAAAAAAAAAAAAAAQAAAQ.jpg
860,A_EwxIQ4gNDx4AAAAAAAAAAAAAAQAAAQ.jpg
860,A_PmJYQZ2j4oUAAAAAAAAAAAAAAQAAAQ.jpg
861,A_tntARqdPYc8AAAAAAAAAAAAAAQAAAQ.jpg
861,A_ytb1QqfTdQkAAAAAAAAAAAAAAQAAAQ.jpg
861,A_2SvQQY_6y5QAAAAAAAAAAAAAAQAAAQ.jpg
861,A_jcxhTJQgKjUAAAAAAAAAAAAAAQAAAQ.jpg
861,A_rmBnSoIzsqkAAAAAAAAAAAAAAQAAAQ.jpg
862,A_-rADS5orBkEAAAAAAAAAAAAAAQAAAQ.jpg
862,A_kw7URKDfBmQAAAAAAAAAAAAAAQAAAQ.jpg
862,A_4bgHRJlg-e0AAAAAAAAAAAAAAQAAAQ.jpg
862,A_V0l9R6qdMOEAAAAAAAAAAAAAAQAAAQ.jpg
862,A_ZzFxSrznE5kAAAAAAAAAAAAAAQAAAQ.jpg
863,A_ZY7FQZrFG2gAAAAAAAAAAAAAAQAAAQ.jpg
863,A__Z-gR5LX1ZoAAAAAAAAAAAAAAQAAAQ.jpg
863,A_7wy0Q5337BcAAAAAAAAAAAAAAQAAAQ.jpg
863,A_rBW2R7N6flQAAAAAAAAAAAAAAQAAAQ.jpg
863,A_RNBUSKRObesAAAAAAAAAAAAAAQAAAQ.jpg
864,g7DVx7UmRhKscCXfp35tfQAAACMAARAD.jpg
864,tHBOHJtGRSufcK8qYJII6QAAACMAARAD.jpg
864,Z1y2GhE5QxGiSEg2ykYdcAAAACMAARAD.jpg
864,MSc6JTqSQlixq0vnBvKD_AAAACMAARAD.jpg
864,_ADxA3n0SyGQ89Ir3yzutAAAACMAARAD.jpg
865,A_-aG5TYJYGeoAAAAAAAAAAAAAAQAAAQ.jpg
865,A_qj_VT7yhI0sAAAAAAAAAAAAAAQAAAQ.jpg
865,A_ZcKDQrbp5-YAAAAAAAAAAAAAAQAAAQ.jpg
865,A_WZ4YTKGvsz8AAAAAAAAAAAAAAQAAAQ.jpg
865,A_l_nsTpKUw54AAAAAAAAAAAAAAQAAAQ.jpg
866,-T3kmxHsR_at5f59vfsPOgAAACMAARAD.jpg
866,pK-9dgmaRDqddSwAqRPQZwAAACMAARAD.jpg
866,A_4n7ESZHsl2kAAAAAAAAAAAAAAQAAAQ.jpg
866,Ne0j1GOTQuKXOqXXIs-LlQAAACMAARAD.jpg
866,p8_8UXyzRpybpDC8PBb50QAAACMAARAD.jpg
867,A_oQdQToJtgP8AAAAAAAAAAAAAAQAAAQ.jpg
867,A_qF2hTa1IJZ8AAAAAAAAAAAAAAQAAAQ.jpg
867,A_KtwBRb-zwg8AAAAAAAAAAAAAAQAAAQ.jpg
867,A_MRtPT7KT-vkAAAAAAAAAAAAAAQAAAQ.jpg
867,A_QYHSS6fwhBUAAAAAAAAAAAAAAQAAAQ.jpg
868,A_RaE0QYTwsIkAAAAAAAAAAAAAAQAAAQ.jpg
868,A_erU-QZm-JDgAAAAAAAAAAAAAAQAAAQ.jpg
868,A_DWwxTYSfEkYAAAAAAAAAAAAAAQAAAQ.jpg
868,A_mphjQa9ihE8AAAAAAAAAAAAAAQAAAQ.jpg
868,A_EFB-TL3VP38AAAAAAAAAAAAAAQAAAQ.jpg
869,A_P2cQRqSXrY5TeblFrT53sgAAAQAAAQ.jpg
869,A_P2cQRqSXrY55VxZFj9D0rQAAAQAAAQ.jpg
869,A_9MctT70w_-gAAAAAAAAAAAAAAQAAAQ.jpg
869,A_P2cQRqSXrY4AAAAAAAAAAAAAAQAAAQ.jpg
869,A_P2cQRqSXrY4Xjn5EqDG3NQAAAQAAAQ.jpg
870,A_ACkVQKBBO2kAAAAAAAAAAAAAAQAAAQ.jpg
870,A_vsFNS5kBxC8AAAAAAAAAAAAAAQAAAQ.jpg
870,A_i_QDSr5P-NAAAAAAAAAAAAAAAQAAAQ.jpg
870,A_uiJlToxIh0sAAAAAAAAAAAAAAQAAAQ.jpg
870,A_Ibo3QJfcDEcAAAAAAAAAAAAAAQAAAQ.jpg
871,A_6OyUSaccRnsAAAAAAAAAAAAAAQAAAQ.jpg
871,A_bo_8QoesLwQAAAAAAAAAAAAAAQAAAQ.jpg
871,A_p6UWRaoAOs4AAAAAAAAAAAAAAQAAAQ.jpg
871,A_IiS7SKIfLLEAAAAAAAAAAAAAAQAAAQ.jpg
871,A_7uUrTKwj_wwAAAAAAAAAAAAAAQAAAQ.jpg
872,A_TYHzSYTOQqgAAAAAAAAAAAAAAQAAAQ.jpg
872,A_ws4jRrLXZ5QAAAAAAAAAAAAAAQAAAQ.jpg
872,A_Ow8OT71oVAQAAAAAAAAAAAAAAQAAAQ.jpg
872,A_1_9pSqSf9uEAAAAAAAAAAAAAAQAAAQ.jpg
872,A_SwBKR59_BZoAAAAAAAAAAAAAAQAAAQ.jpg
873,A_f0YkSZCZbsQAAAAAAAAAAAAAAQAAAQ.jpg
873,A_kUbzQrD4XMoAAAAAAAAAAAAAAQAAAQ.jpg
873,A_A3mpR4B0brEAAAAAAAAAAAAAAQAAAQ.jpg
873,A_5NjWSZCOxOUAAAAAAAAAAAAAAQAAAQ.jpg
873,A_1WtSRoIkDH0AAAAAAAAAAAAAAQAAAQ.jpg
874,A_qNHxTbB7mc8AAAAAAAAAAAAAAQAAAQ.jpg
874,A_x2N7S46ESbcAAAAAAAAAAAAAAQAAAQ.jpg
874,A_ruyyRpqn7lIAAAAAAAAAAAAAAQAAAQ.jpg
874,A_RhMZQJyIeWsAAAAAAAAAAAAAAQAAAQ.jpg
874,A_Mi1QT4bso48AAAAAAAAAAAAAAQAAAQ.jpg
875,VAjY3KrFTKGtFhrNwUKAQgAAACMAARAD.jpg
875,tbdbr-lsTVu-9-ERy45QuQAAACMAARAD.jpg
875,oZBpNTOsQZieIXx-GvfmzgAAACMAARAD.jpg
875,x26VIfjiRKu4HKgfT3SbNQAAACMAARAD.jpg
875,Y3y_ISc7QgKFc20aj23X6gAAACMAARAD.jpg
876,bHPDNt7ZQIyQKY5Q9-C8yAAAACMAARAD.jpg
876,-4KUPUD3S7miiE0Ezt75MgAAACMAARAD.jpg
876,vMoJglQlSDubppf90DLAUwAAACMAARAD.jpg
876,wg1ThWR1Sc6puyFvl13S2gAAACMAARAD.jpg
876,pLoYre5PRHqrfFzJ4rfPtQAAACMAARAD.jpg
877,A_xut5RLLjEucAAAAAAAAAAAAAAQAAAQ.jpg
877,A_WVC_RLj8_JYAAAAAAAAAAAAAAQAAAQ.jpg
877,A_Yh-RQ5ersiwAAAAAAAAAAAAAAQAAAQ.jpg
877,A_i2KFTrjk05oAAAAAAAAAAAAAAQAAAQ.jpg
877,A_bQxrQaMSEPUAAAAAAAAAAAAAAQAAAQ.jpg
878,A_NGskSadIrD8AAAAAAAAAAAAAAQAAAQ.jpg
878,A_S3AeSp0hHvwAAAAAAAAAAAAAAQAAAQ.jpg
878,A_QGamSLehwaMAAAAAAAAAAAAAAQAAAQ.jpg
878,A_YFRwSqONOpUAAAAAAAAAAAAAAQAAAQ.jpg
878,A_s-GzSrjgxigAAAAAAAAAAAAAAQAAAQ.jpg
879,A_6qsDR4rfEjoAAAAAAAAAAAAAAQAAAQ.jpg
879,A_x4GOSKvSRQgAAAAAAAAAAAAAAQAAAQ.jpg
879,A_z-keS4wY-FMAAAAAAAAAAAAAAQAAAQ.jpg
879,A_KzqyTaqFTjcAAAAAAAAAAAAAAQAAAQ.jpg
879,A_-iIhS4o0Vp0AAAAAAAAAAAAAAQAAAQ.jpg
880,mQwoJYB4Rpu0YodRnP95SwAAACMAARAD.jpg
880,vdKRT3XaQD2xfgJoOrJZJwAAACMAARAD.jpg
880,5sNWXkTPQA6_HA9MbdUqAgAAACMAARAD.jpg
880,QeIOzBzvT9-tTtMLapx5TQAAACMAARAD.jpg
880,v6j7wYw_StSRC9rWEl_zdQAAACMAARAD.jpg
881,A_foepTKBGMChDw8tDp7M_4wAAAQAAAQ.jpg
881,A_E1-QT6rPA4oAAAAAAAAAAAAAAQAAAQ.jpg
881,A_foepTKBGMCgAAAAAAAAAAAAAAQAAAQ.jpg
881,A_foepTKBGMCgpFEtAiR6y2QAAAQAAAQ.jpg
881,O1CN01fC8FtG1GQczHPUYDh_!!0-mtopupload.jpg
882,A_t_EXSYODKPsAAAAAAAAAAAAAAQAAAQ.jpg
882,A_iBjuRLv28wIAAAAAAAAAAAAAAQAAAQ.jpg
882,A_I7rcSr8dsVYAAAAAAAAAAAAAAQAAAQ.jpg
882,A_D6cvTqPRaNYAAAAAAAAAAAAAAQAAAQ.jpg
882,A_ZiVlSravBzwAAAAAAAAAAAAAAQAAAQ.jpg
883,A_gtoIS5D8ClMAAAAAAAAAAAAAAQAAAQ.jpg
883,A_YmLnRqhUGYYAAAAAAAAAAAAAAQAAAQ.jpg
883,A_tn1kRKGLgEkAAAAAAAAAAAAAAQAAAQ.jpg
883,A_MtMqTbGJf2AAAAAAAAAAAAAAAQAAAQ.jpg
883,A_VNT3R60OIQgAAAAAAAAAAAAAAQAAAQ.jpg
884,A_Sx41RoQly-YAAAAAAAAAAAAAAQAAAQ.jpg
884,A__PJqQo7pcFEAAAAAAAAAAAAAAQAAAQ.jpg
884,A_02hcTZaLaa0AAAAAAAAAAAAAAQAAAQ.jpg
884,A_oYD5QqSzBBcAAAAAAAAAAAAAAQAAAQ.jpg
884,A_lE_3RKBZDm8AAAAAAAAAAAAAAQAAAQ.jpg
885,A_nWMZQp1hJUAAAAAAAAAAAAAAAQAAAQ.jpg
885,A_WVLvRoMofdMAAAAAAAAAAAAAAQAAAQ.jpg
885,A_JZpuS5yDCskAAAAAAAAAAAAAAQAAAQ.jpg
885,A_UCPuRo_CDxoAAAAAAAAAAAAAAQAAAQ.jpg
885,A_gcxITJdyf_kAAAAAAAAAAAAAAQAAAQ.jpg
886,fZp4p13qT5egN5BAZ6-OiQAAACMAARAD.jpg
886,sRuzf6V9RR644n_LEjt8yAAAACMAARAD.jpg
886,_m9FzvpnThirhOsAatjPaAAAACMAARAD.jpg
886,WJnFkzY-Td-aWijYvo8fmwAAACMAARAD.jpg
886,dFbelYNwQVKu1593oLTp3gAAACMAARAD.jpg
887,A_PXpIS5f5f1QAAAAAAAAAAAAAAQAAAQ.jpg
887,A_v-wCTYrLsGgAAAAAAAAAAAAAAQAAAQ.jpg
887,A_QO-XSaRlqZEAAAAAAAAAAAAAAQAAAQ.jpg
887,A__0xsQI2a5XYAAAAAAAAAAAAAAQAAAQ.jpg
887,A_ukTQQKDOKO8AAAAAAAAAAAAAAQAAAQ.jpg
888,A_U1IvS7KuwEUAAAAAAAAAAAAAAQAAAQ.jpg
888,A_cUP0TKjTy88AAAAAAAAAAAAAAQAAAQ.jpg
888,A__2pDTJmu4qUAAAAAAAAAAAAAAQAAAQ.jpg
888,A_P2JPTYvdW9UAAAAAAAAAAAAAAQAAAQ.jpg
888,A_iRz6SLYxrxcAAAAAAAAAAAAAAQAAAQ.jpg
889,A_GCRcQINZ-nUAAAAAAAAAAAAAAQAAAQ.jpg
889,A_VJU1T7IR_vMAAAAAAAAAAAAAAQAAAQ.jpg
889,A_0IBdQIO2_LUAAAAAAAAAAAAAAQAAAQ.jpg
889,A_E6XuSbcnceEAAAAAAAAAAAAAAQAAAQ.jpg
889,A_aowoR4_7PScAAAAAAAAAAAAAAQAAAQ.jpg
890,Yny_Vh66T_CNF-i3LDQYXgAAACMAARAD.jpg
890,skcerCtFSgyPDWyMer9VVAAAACMAARAD.jpg
890,wva7S2g0SGiCZvJmX2NabgAAACMAARAD.jpg
890,RDMhNE-ZTh2ntgFSQwBcxQAAACMAARED.jpg
890,Gp69dCBDRDu-I50vjuqsrwAAACMAARED.jpg
891,A_WiKGSJowvF8AAAAAAAAAAAAAAQAAAQ.jpg
891,A_4k0OTJf-ePoAAAAAAAAAAAAAAQAAAQ.jpg
891,A_doJCSqw0tPwAAAAAAAAAAAAAAQAAAQ.jpg
891,A_FRctR6GYy6gAAAAAAAAAAAAAAQAAAQ.jpg
891,A_6qqyS6G9B7UAAAAAAAAAAAAAAQAAAQ.jpg
892,A_RqgATbughekAAAAAAAAAAAAAAQAAAQ.jpg
892,A_6a09SJBTngYAAAAAAAAAAAAAAQAAAQ.jpg
892,A_lf53QoWNzhgAAAAAAAAAAAAAAQAAAQ.jpg
892,A_xDXqT6IGVz8AAAAAAAAAAAAAAQAAAQ.jpg
892,A_Y_ksRr_eKsMAAAAAAAAAAAAAAQAAAQ.jpg
893,A_VCO-RIQpnxMAAAAAAAAAAAAAAQAAAQ.jpg
893,A_eA3zS7i5RkQAAAAAAAAAAAAAAQAAAQ.jpg
893,A_rDrGTJVZbwsAAAAAAAAAAAAAAQAAAQ.jpg
893,A_tRgCTZtyRQgAAAAAAAAAAAAAAQAAAQ.jpg
893,A_bgyQT7GMmRgAAAAAAAAAAAAAAQAAAQ.jpg
894,A_Ut5sQZXcN5QAAAAAAAAAAAAAAQAAAQ.jpg
894,A_qP39T4hnpkMAAAAAAAAAAAAAAQAAAQ.jpg
894,A_D2dGSqUr3qAAAAAAAAAAAAAAAQAAAQ.jpg
894,A_X9LBSrSyJjcAAAAAAAAAAAAAAQAAAQ.jpg
894,A_wruXSaHv8WIAAAAAAAAAAAAAAQAAAQ.jpg
895,A_f-qHQrwBiEsAAAAAAAAAAAAAAQAAAQ.jpg
895,A_gDuTRa6fv1wAAAAAAAAAAAAAAQAAAQ.jpg
895,A_qRGaTp3rw9cAAAAAAAAAAAAAAQAAAQ.jpg
895,A_lfILSbeCN-0AAAAAAAAAAAAAAQAAAQ.jpg
895,A_-ni8RquXdF4AAAAAAAAAAAAAAQAAAQ.jpg
896,A_O46KSKe98LQAAAAAAAAAAAAAAQAAAQ.jpg
896,A_cJ7zQ7X7pRgAAAAAAAAAAAAAAQAAAQ.jpg
896,A_HIqoRb5XUKMAAAAAAAAAAAAAAQAAAQ.jpg
896,A_EvLZRpFopWcAAAAAAAAAAAAAAQAAAQ.jpg
896,A_PDtCSIOTEYEAAAAAAAAAAAAAAQAAAQ.jpg
897,A_W8oaQLqQTfkAAAAAAAAAAAAAAQAAAQ.jpg
897,A_4hkLTbkrXQ8AAAAAAAAAAAAAAQAAAQ.jpg
897,A_MVr_SoU0_pEAAAAAAAAAAAAAAQAAAQ.jpg
897,A_oPzWS7Dc0HUAAAAAAAAAAAAAAQAAAQ.jpg
897,A__W37TIJERdUAAAAAAAAAAAAAAQAAAQ.jpg
898,A_7fxBQL8XWGMAAAAAAAAAAAAAAQAAAQ.jpg
898,A_R0FXSYaDUEIAAAAAAAAAAAAAAQAAAQ.jpg
898,A_Loo_QKXHcAwAAAAAAAAAAAAAAQAAAQ.jpg
898,A_OPPKRaRtSSoAAAAAAAAAAAAAAQAAAQ.jpg
898,A_lKq_QZTqAHUAAAAAAAAAAAAAAQAAAQ.jpg
899,A_7tnZQLc81c0AAAAAAAAAAAAAAQAAAQ.jpg
899,A_WULAQZJf-cMAAAAAAAAAAAAAAQAAAQ.jpg
899,A_t51ERruapEmZ1QpGrHTFgwAAAQAAAQ.jpg
899,A_t51ERruapEkAAAAAAAAAAAAAAQAAAQ.jpg
899,A_U8edQYf0Do8AAAAAAAAAAAAAAQAAAQ.jpg
900,A_fqhQTIHUPkQAAAAAAAAAAAAAAQAAAQ.jpg
900,A_XXLDT7_9ZjkAAAAAAAAAAAAAAQAAAQ.jpg
900,A_F318RYyXp5MAAAAAAAAAAAAAAQAAAQ.jpg
900,A_1iKUQZWZK3UAAAAAAAAAAAAAAQAAAQ.jpg
900,A_ZuuWRYWPwSwAAAAAAAAAAAAAAQAAAQ.jpg
901,A_OGJrRIH7n38AAAAAAAAAAAAAAQAAAQ.jpg
901,A_ANdDRrMCMh0AAAAAAAAAAAAAAQAAAQ.jpg
901,A_WUW5QZ4_iyQAAAAAAAAAAAAAAQAAAQ.jpg
901,A_OV4rSrUaItUAAAAAAAAAAAAAAQAAAQ.jpg
901,A_k6M_QobJpKkAAAAAAAAAAAAAAQAAAQ.jpg
902,A_RDrPT7X3314AAAAAAAAAAAAAAQAAAQ.jpg
902,A_KuB4TqHmGykAAAAAAAAAAAAAAQAAAQ.jpg
902,A_xxRPSbdyn60AAAAAAAAAAAAAAQAAAQ.jpg
902,A_oKPYS5H9jhkAAAAAAAAAAAAAAQAAAQ.jpg
902,A_FlGcR4i0Y4cAAAAAAAAAAAAAAQAAAQ.jpg
903,A_bJW9Ta3M-qIAAAAAAAAAAAAAAQAAAQ.jpg
903,A_foOFQq9va6AAAAAAAAAAAAAAAQAAAQ.jpg
903,A_UusIR5gX-2wAAAAAAAAAAAAAAQAAAQ.jpg
903,A_Hy3tSKb3hEwAAAAAAAAAAAAAAQAAAQ.jpg
903,A_whSuQr6hCQMAAAAAAAAAAAAAAQAAAQ.jpg
904,A_qpq4QJDuETQAAAAAAAAAAAAAAQAAAQ.jpg
904,A_b2ewS7Mck-wAAAAAAAAAAAAAAQAAAQ.jpg
904,A_xSpAT5op-OEAAAAAAAAAAAAAAQAAAQ.jpg
904,A_YmPFQp7_eToAAAAAAAAAAAAAAQAAAQ.jpg
904,A_FI7dQrK4k-0AAAAAAAAAAAAAAQAAAQ.jpg
905,A__ew6TaGPdNcAAAAAAAAAAAAAAQAAAQ.jpg
905,A_5paWTY6Y5UsAAAAAAAAAAAAAAQAAAQ.jpg
905,A_yRPdSJJP5yMAAAAAAAAAAAAAAQAAAQ.jpg
905,A_KcRHRbHw8cEAAAAAAAAAAAAAAQAAAQ.jpg
905,A_lWcSRqUTR3gAAAAAAAAAAAAAAQAAAQ.jpg
906,A_lVLXQJfn1lYAAAAAAAAAAAAAAQAAAQ.jpg
906,A_Z-aFTqgYuqEAAAAAAAAAAAAAAQAAAQ.jpg
906,A_NS2wS7seH04AAAAAAAAAAAAAAQAAAQ.jpg
906,A_ZujcRrAaelkAAAAAAAAAAAAAAQAAAQ.jpg
906,A_ESazTpHwSTcAAAAAAAAAAAAAAQAAAQ.jpg
907,A__XXrS4ntl_YAAAAAAAAAAAAAAQAAAQ.jpg
907,A_EAp1T4ZUKgAAAAAAAAAAAAAAAQAAAQ.jpg
907,A_AVYoTrLmppcAAAAAAAAAAAAAAQAAAQ.jpg
907,A_3YKdR5Ltg6UAAAAAAAAAAAAAAQAAAQ.jpg
907,A_LTj2TonL8RkAAAAAAAAAAAAAAQAAAQ.jpg
908,1mvufAu7SCa8NhvkHYYdfAAAACMAARAD.jpg
908,V1hmBp5rTMKQP-nCgSMrdgAAACMAARAD.jpg
908,-QANByhxRGW9D2lGrHVlIAAAACMAARAD.jpg
908,DKmg21TITUOXhwcmBJ50-AAAACMAARAD.jpg
908,ddr6ef_uQqK1m0qwzDdJSgAAACMAARAD.jpg
909,A_r2-ZRKZGs1wAAAAAAAAAAAAAAQAAAQ.jpg
909,A_MiVzS6wWQWgAAAAAAAAAAAAAAQAAAQ.jpg
909,A_9B9FRqwnHOkAAAAAAAAAAAAAAQAAAQ.jpg
909,A_aciuQbTu1Z4AAAAAAAAAAAAAAQAAAQ.jpg
909,A_kB2OTLLPwPQAAAAAAAAAAAAAAQAAAQ.jpg
910,A_xV0YQZ_ivMsAAAAAAAAAAAAAAQAAAQ.jpg
910,A_1A-_T5fsxnkAAAAAAAAAAAAAAQAAAQ.jpg
910,A_tSeKS5OFmsYAAAAAAAAAAAAAAQAAAQ.jpg
910,A_CvHYRIl5L0sAAAAAAAAAAAAAAQAAAQ.jpg
910,A_UlpGQIki_VoAAAAAAAAAAAAAAQAAAQ.jpg
911,H-tUXFuGQWayGvNDyHeVXwAAACMAARAD.jpg
911,eMrS7LvuS1KQW40SedrswQAAACMAARAD.jpg
911,Cv4q_CkHS_eCzOjxZv00_QAAACMAARAD.jpg
911,mETAiqHWQamH60DZuz6SzAAAACMAARAD.jpg
911,MzP5D2wKRai_eDNn05GpTgAAACMAARAD.jpg
912,A_NZzlRZnOy7oAAAAAAAAAAAAAAQAAAQ.jpg
912,A_4YrAT7KNlBoAAAAAAAAAAAAAAQAAAQ.jpg
912,A_kh5NT6DY65gAAAAAAAAAAAAAAQAAAQ.jpg
912,A_uGEOSo13kqAAAAAAAAAAAAAAAQAAAQ.jpg
912,A_20LAT69Odm0AAAAAAAAAAAAAAQAAAQ.jpg
913,A_f1a0QYBbK8wAAAAAAAAAAAAAAQAAAQ.jpg
913,A_d5yFS5BHdbsAAAAAAAAAAAAAAQAAAQ.jpg
913,A_sYFhRLwPzNsAAAAAAAAAAAAAAQAAAQ.jpg
913,A_gfnEQqnGYDsAAAAAAAAAAAAAAQAAAQ.jpg
913,A_ignnR62AZ5YAAAAAAAAAAAAAAQAAAQ.jpg
914,A_V8sLS4ibetEAAAAAAAAAAAAAAQAAAQ.jpg
914,A_slPuSKQq_rsAAAAAAAAAAAAAAQAAAQ.jpg
914,A_I-lqTa2Gpo8AAAAAAAAAAAAAAQAAAQ.jpg
914,A_56lQT7l6ZYoAAAAAAAAAAAAAAQAAAQ.jpg
914,A_AsAxQZ_mb90AAAAAAAAAAAAAAQAAAQ.jpg
915,A_LM7cRJWJ2f0AAAAAAAAAAAAAAQAAAQ.jpg
915,A_JFBHTYCTWK8AAAAAAAAAAAAAAQAAAQ.jpg
915,A_93JEQ45IG8gAAAAAAAAAAAAAAQAAAQ.jpg
915,A_6HHRQInL95sAAAAAAAAAAAAAAQAAAQ.jpg
915,A_9NM4RrjyLrsAAAAAAAAAAAAAAQAAAQ.jpg
916,A_Qk1lR7n1sSYAAAAAAAAAAAAAAQAAAQ.jpg
916,A_ERv9RJ4BtLEAAAAAAAAAAAAAAQAAAQ.jpg
916,A_a8TkTL19aH8AAAAAAAAAAAAAAQAAAQ.jpg
916,A_ZpZgTZVRST0AAAAAAAAAAAAAAQAAAQ.jpg
916,A_SCeGQqz_UTAAAAAAAAAAAAAAAQAAAQ.jpg
917,A_XXcpR5lx8CIAAAAAAAAAAAAAAQAAAQ.jpg
917,A_yxkASKtrt54AAAAAAAAAAAAAAQAAAQ.jpg
917,A_o3HfQrPi7zYAAAAAAAAAAAAAAQAAAQ.jpg
917,A_QLLQR6KedtwAAAAAAAAAAAAAAQAAAQ.jpg
917,A_NdYgRqmG8y8AAAAAAAAAAAAAAQAAAQ.jpg
918,A_1aLrT4VQOA8AAAAAAAAAAAAAAQAAAQ.jpg
918,A_orFKQ5BJA3kAAAAAAAAAAAAAAQAAAQ.jpg
918,A_6wSxTZu1TCwAAAAAAAAAAAAAAQAAAQ.jpg
918,A_Bv--QqsI9hoAAAAAAAAAAAAAAQAAAQ.jpg
918,A_dBi0SbWI4PwAAAAAAAAAAAAAAQAAAQ.jpg
919,A_pxdgSIw59u4AAAAAAAAAAAAAAQAAAQ.jpg
919,A_9-81QpwhMG4AAAAAAAAAAAAAAQAAAQ.jpg
919,zLtYXVNnT8WNt5aQaBzxFgAAACMAARAD.jpg
919,koDz_hE3RxuamTIi03knaAAAACMAARAD.jpg
919,oSxgF4TFS4iR0s747WZzQgAAACMAARAD.jpg
920,A_DCU6RrMyJLEAAAAAAAAAAAAAAQAAAQ.jpg
920,A_UrezTIUkmVsAAAAAAAAAAAAAAQAAAQ.jpg
920,A_WAFgSYa81VoAAAAAAAAAAAAAAQAAAQ.jpg
920,A_prwUSKZhSc8AAAAAAAAAAAAAAQAAAQ.jpg
920,A_BRnuS762ykUAAAAAAAAAAAAAAQAAAQ.jpg
921,A__NAmRZgmbBwAAAAAAAAAAAAAAQAAAQ.jpg
921,A_BjfAT4mFlEoAAAAAAAAAAAAAAQAAAQ.jpg
921,A_WM7rRJcheJAAAAAAAAAAAAAAAQAAAQ.jpg
921,A_r1g0SadAddcAAAAAAAAAAAAAAQAAAQ.jpg
921,A_KzJSR6GwB_sAAAAAAAAAAAAAAQAAAQ.jpg
922,A_gxEHT4ci52MAAAAAAAAAAAAAAQAAAQ.jpg
922,A_K5K2SpNRARAAAAAAAAAAAAAAAQAAAQ.jpg
922,A_fRl5RqSALnYAAAAAAAAAAAAAAQAAAQ.jpg
922,A_DX8sQJxJNz4AAAAAAAAAAAAAAQAAAQ.jpg
922,A_6GNxS5fjGE4AAAAAAAAAAAAAAQAAAQ.jpg
923,A_imJ1SZDG-QsAAAAAAAAAAAAAAQAAAQ.jpg
923,A_yBpkQ4F6L24AAAAAAAAAAAAAAQAAAQ.jpg
923,A_4Zr3TZobJJMAAAAAAAAAAAAAAQAAAQ.jpg
923,A__VyJR6IeibwAAAAAAAAAAAAAAQAAAQ.jpg
923,A_ZQZQRYQnmogAAAAAAAAAAAAAAQAAAQ.jpg
924,A_wIfcQoS3_UoAAAAAAAAAAAAAAQAAAQ.jpg
924,A_sQ5qS6aEvlYAAAAAAAAAAAAAAQAAAQ.jpg
924,A_dmbcQ6Ja5SAAAAAAAAAAAAAAAQAAAQ.jpg
924,A_Onh9ToMOtyAAAAAAAAAAAAAAAQAAAQ.jpg
924,A_QzODQaS77DoAAAAAAAAAAAAAAQAAAQ.jpg
925,A_nPT0SodIgZsAAAAAAAAAAAAAAQAAAQ.jpg
925,A_k6XNR711QkoAAAAAAAAAAAAAAQAAAQ.jpg
925,A_vSw8QbJRHcQAAAAAAAAAAAAAAQAAAQ.jpg
925,A_KalFQaNp0j0AAAAAAAAAAAAAAQAAAQ.jpg
925,A_EncZSYA1s8EAAAAAAAAAAAAAAQAAAQ.jpg
926,A_9HIhRap1W5kAAAAAAAAAAAAAAQAAAQ.jpg
926,A_08zOQJkw-PwAAAAAAAAAAAAAAQAAAQ.jpg
926,A_zfojTJKFCjQAAAAAAAAAAAAAAQAAAQ.jpg
926,A_4dGzQ4nsBj8AAAAAAAAAAAAAAQAAAQ.jpg
926,A_BQIKSoOBa0AAAAAAAAAAAAAAAQAAAQ.jpg
927,l5IvmX2vQ86d51CWneEXUgAAACMAARAD.jpg
927,btBii8NYT82Eab4ipCZHRgAAACMAARAD.jpg
927,gFP0utlLQh25AE96PUgLqwAAACMAARAD.jpg
927,rFO8a7biS8aCBtQ77gqasgAAACMAARAD.jpg
927,pKGuH49MT6uYFRXeG0g24QAAACMAARAD.jpg
928,A_wUYUSJDzXVAAAAAAAAAAAAAAAQAAAQ.jpg
928,A_Ts3NRo3dO1XiQBJHnWSaPgAAAQAAAQ.jpg
928,A_Ts3NRo3dO1UAAAAAAAAAAAAAAQAAAQ.jpg
928,A_wUYUSJDzXVDZfuVGinYjfwAAAQAAAQ.jpg
928,A_Ts3NRo3dO1VWy3xHp95a4AAAAQAAAQ.jpg
929,A_pzglToFdjs0AAAAAAAAAAAAAAQAAAQ.jpg
929,A_LUHHTbDsVoAAAAAAAAAAAAAAAQAAAQ.jpg
929,A_l7pbQqdESZQAAAAAAAAAAAAAAQAAAQ.jpg
929,A_8f_WSYQcc_cAAAAAAAAAAAAAAQAAAQ.jpg
929,A_sbCTR5S7IQIAAAAAAAAAAAAAAQAAAQ.jpg
930,A_2JPfTIqWsa0AAAAAAAAAAAAAAQAAAQ.jpg
930,A_rJEmTpsQ3ycAAAAAAAAAAAAAAQAAAQ.jpg
930,A_9UPGSqz6PIYAAAAAAAAAAAAAAQAAAQ.jpg
930,A_K7c3TYl-ikgAAAAAAAAAAAAAAQAAAQ.jpg
930,A_yBrCSKPkQX0AAAAAAAAAAAAAAQAAAQ.jpg
931,A_YCuRRKB9I1kAAAAAAAAAAAAAAQAAAQ.jpg
931,A_ZmlAQoGjv4gAAAAAAAAAAAAAAQAAAQ.jpg
931,A_ZC63S7MqnUsAAAAAAAAAAAAAAQAAAQ.jpg
931,A_piQ0RZhEW3oAAAAAAAAAAAAAAQAAAQ.jpg
931,A_OjIVTqUXAMsAAAAAAAAAAAAAAQAAAQ.jpg
932,A_1pANQLdBMYwAAAAAAAAAAAAAAQAAAQ.jpg
932,A_4FqqR4HSAFIAAAAAAAAAAAAAAQAAAQ.jpg
932,A_hFWOSpz-KG4AAAAAAAAAAAAAAQAAAQ.jpg
932,A_mlnPTbJEAngAAAAAAAAAAAAAAQAAAQ.jpg
932,A_uNm7TreUD7QAAAAAAAAAAAAAAQAAAQ.jpg
933,A_TeSAQ6Yg7GkAAAAAAAAAAAAAAQAAAQ.jpg
933,A_gUO6TZyPLvUAAAAAAAAAAAAAAQAAAQ.jpg
933,A_6VnLSLnRP5gAAAAAAAAAAAAAAQAAAQ.jpg
933,A_SGfRTK8KOigAAAAAAAAAAAAAAQAAAQ.jpg
933,A_MG7TQ56jcNMAAAAAAAAAAAAAAQAAAQ.jpg
934,A_rRs-ToYYtGwAAAAAAAAAAAAAAQAAAQ.jpg
934,A_aheQTLdN7B4AAAAAAAAAAAAAAQAAAQ.jpg
934,A_oH0lToFm6RsAAAAAAAAAAAAAAQAAAQ.jpg
934,A_FI_QRIleszEAAAAAAAAAAAAAAQAAAQ.jpg
934,A_qM28RrG0GlQAAAAAAAAAAAAAAQAAAQ.jpg
935,A_8eWWRaptT-wAAAAAAAAAAAAAAQAAAQ.jpg
935,A_qyTmR7ih524AAAAAAAAAAAAAAQAAAQ.jpg
935,A_jlOzTYEEoHAAAAAAAAAAAAAAAQAAAQ.jpg
935,A_1tXXRLuFZxkAAAAAAAAAAAAAAQAAAQ.jpg
935,A_cBaNQ5f_fPMAAAAAAAAAAAAAAQAAAQ.jpg
936,PYrwUO2kSf-haM-g_0mCPAAAACMAARAD.jpg
936,I4dAJD5mSbGNrivx5X4WbgAAACMAARAD.jpg
936,f3e9cxcBRmCJndEX2p-ZPwAAACMAARAD.jpg
936,e-GRsAEeTMy9JZPAynxMfQAAACMAARAD.jpg
936,NOMrcdpPTUK9uielUVjwEgAAACMAARAD.jpg
937,A_W29GS64S4SEAAAAAAAAAAAAAAQAAAQ.jpg
937,A_lKUSSaZTyEQAAAAAAAAAAAAAAQAAAQ.jpg
937,A_RzanQKaB60IAAAAAAAAAAAAAAQAAAQ.jpg
937,A_LcMHRqjGAiAAAAAAAAAAAAAAAQAAAQ.jpg
937,A_SRGjRbTyW8cAAAAAAAAAAAAAAQAAAQ.jpg
938,A_o8_iTK4u6PMAAAAAAAAAAAAAAQAAAQ.jpg
938,A_449uT7DnKPcAAAAAAAAAAAAAAQAAAQ.jpg
938,A_6B39RKv2WvQAAAAAAAAAAAAAAQAAAQ.jpg
938,A_05woSqv5ghsAAAAAAAAAAAAAAQAAAQ.jpg
938,A_I74ZT79lXdYAAAAAAAAAAAAAAQAAAQ.jpg
939,A_OFcaSqbwhQAAAAAAAAAAAAAAAQAAAQ.jpg
939,A_r2akQqf5_CIAAAAAAAAAAAAAAQAAAQ.jpg
939,A_udB8QrgO-TIAAAAAAAAAAAAAAQAAAQ.jpg
939,A_NMMaSYcVAowAAAAAAAAAAAAAAQAAAQ.jpg
939,A_q7rYSLjxSI4AAAAAAAAAAAAAAQAAAQ.jpg
940,dCZwJU1lTA-LcKSY52EcTgAAACMAARAD.jpg
940,6pXevbBYTQWPPKgto-RWJwAAACMAARAD.jpg
940,vTxMEU32QoWjRBQQdyS3hAAAACMAARAD.jpg
940,_riFhJ_zTmaBgJlFgcol4QAAACMAARAD.jpg
940,Dn3lmMp1Q5C_uLN0MrCibgAAACMAARAD.jpg
941,A_FDY7SqOOj5oAAAAAAAAAAAAAAQAAAQ.jpg
941,A_aLSETYcSBawAAAAAAAAAAAAAAQAAAQ.jpg
941,A_8LN0Tq6EIIkAAAAAAAAAAAAAAQAAAQ.jpg
941,A_VcEFQbRMvOsAAAAAAAAAAAAAAQAAAQ.jpg
941,A_VcEFQbRMvOvNDYFIurNMTQAAAQAAAQ.jpg
942,tryK_nLnQ_epTTww_XVz9gAAACMAARAD.jpg
942,1L0xSfSyRUiHnti6ZkebXwAAACMAARAD.jpg
942,SFDtsDrXS5eUQ99AnPG4YQAAACMAARAD.jpg
942,EG4FRRKzQKuXtH8yElUumAAAACMAARAD.jpg
942,l92AhUyNRTGlK--HnTNTrgAAACMAARAD.jpg
943,A_EbGtRIJQjA4AAAAAAAAAAAAAAQAAAQ.jpg
943,A_0nUVRr8Q-goAAAAAAAAAAAAAAQAAAQ.jpg
943,A_Al13S4MsmU4AAAAAAAAAAAAAAQAAAQ.jpg
943,A_hNgOQZFKP9sAAAAAAAAAAAAAAQAAAQ.jpg
943,A_aGDfSK2V0SYAAAAAAAAAAAAAAQAAAQ.jpg
944,A_mZNTSZfLTzcAAAAAAAAAAAAAAQAAAQ.jpg
944,A_HggUR4kf9LwAAAAAAAAAAAAAAQAAAQ.jpg
944,A_cX1eQqoWsccAAAAAAAAAAAAAAQAAAQ.jpg
944,A_x2DjR68BNC8AAAAAAAAAAAAAAQAAAQ.jpg
944,A_8b-ySb2M6oYAAAAAAAAAAAAAAQAAAQ.jpg
945,A_lGoeSpw-sC0AAAAAAAAAAAAAAQAAAQ.jpg
945,A_T5XfSqDpzzQAAAAAAAAAAAAAAQAAAQ.jpg
945,A_zE2SToSwdUsAAAAAAAAAAAAAAQAAAQ.jpg
945,A_Wa4tSaOTO0gAAAAAAAAAAAAAAQAAAQ.jpg
945,A_HbcJRob6PCUAAAAAAAAAAAAAAQAAAQ.jpg
946,A_En8gQYCFHz0AAAAAAAAAAAAAAQAAAQ.jpg
946,A_WffyRoY7DFkAAAAAAAAAAAAAAQAAAQ.jpg
946,A_O4pnSrMCyXUAAAAAAAAAAAAAAQAAAQ.jpg
946,A_npN4S5FqbbEAAAAAAAAAAAAAAQAAAQ.jpg
946,A_OtbjRpw9FBwAAAAAAAAAAAAAAQAAAQ.jpg
947,A_XbwCTZBjci0AAAAAAAAAAAAAAQAAAQ.jpg
947,A__atDTKcV664AAAAAAAAAAAAAAQAAAQ.jpg
947,A_Nt-SR7xg_0EAAAAAAAAAAAAAAQAAAQ.jpg
947,A_Gw-ISIcJCoIAAAAAAAAAAAAAAQAAAQ.jpg
947,A_OGCJQq-DItwAAAAAAAAAAAAAAQAAAQ.jpg
948,A_2RbHQIgDTMoAAAAAAAAAAAAAAQAAAQ.jpg
948,A_Vg8ZRKFe6zIAAAAAAAAAAAAAAQAAAQ.jpg
948,A_OCFiTbSMz3oAAAAAAAAAAAAAAQAAAQ.jpg
948,A_33yMRI4vwGkAAAAAAAAAAAAAAQAAAQ.jpg
948,A_N_mbRaPTdroAAAAAAAAAAAAAAQAAAQ.jpg
949,A_Tmy5QLfFn-0AAAAAAAAAAAAAAQAAAQ.jpg
949,A_bq1NSrJZMUwAAAAAAAAAAAAAAQAAAQ.jpg
949,A_Jc7yRrB_xvIAAAAAAAAAAAAAAQAAAQ.jpg
949,A_FyWeR4Vwt-IAAAAAAAAAAAAAAQAAAQ.jpg
949,A_Uu2GRY8_KjcAAAAAAAAAAAAAAQAAAQ.jpg
950,A_W9cIR7QIVEsAAAAAAAAAAAAAAQAAAQ.jpg
950,A_gzHaQ4CmnSsAAAAAAAAAAAAAAQAAAQ.jpg
950,A_sd21SqWe4yYAAAAAAAAAAAAAAQAAAQ.jpg
950,A_e0vsSJUHT7QAAAAAAAAAAAAAAQAAAQ.jpg
950,A_OOs3R5vO0XsAAAAAAAAAAAAAAQAAAQ.jpg
951,A_-iEtRb-oRwsAAAAAAAAAAAAAAQAAAQ.jpg
951,A_Nk7YT66AKRsAAAAAAAAAAAAAAQAAAQ.jpg
951,A_LWz1Tr5cUFgAAAAAAAAAAAAAAQAAAQ.jpg
951,A_bbA4SrT0EdQAAAAAAAAAAAAAAQAAAQ.jpg
951,A_I6IMT5POcgYAAAAAAAAAAAAAAQAAAQ.jpg
952,VnZmMcK4Q36JHBLR8u7ZhgAAACMAARAD.jpg
952,iIPclheBSaCbq1bwCWOruAAAACMAARAD.jpg
952,20vALrZ-Q5mA7tqz3YUzGwAAACMAARAD.jpg
952,clLxQ0bwSdupR-4HynPAfQAAACMAARAD.jpg
952,C4kD2aFjSBCiM29zADgIegAAACMAARAD.jpg
953,A_xacFRYHT1yUAAAAAAAAAAAAAAQAAAQ.jpg
953,A_nB9GQqdg_tcAAAAAAAAAAAAAAQAAAQ.jpg
953,A_5afPT4JCgMQAAAAAAAAAAAAAAQAAAQ.jpg
953,A_BvqiRofmeo5qPrBKrpWmmwAAAQAAAQ.jpg
953,A_7wDnQL9605IAAAAAAAAAAAAAAQAAAQ.jpg
954,A_fhkcRKN4k6QAAAAAAAAAAAAAAQAAAQ.jpg
954,A_lCQuR4IF57IAAAAAAAAAAAAAAQAAAQ.jpg
954,A_5RVLTLHZOlkAAAAAAAAAAAAAAQAAAQ.jpg
954,A_sd0xSbkYP2YAAAAAAAAAAAAAAQAAAQ.jpg
954,A_OpGbQqeUX6oAAAAAAAAAAAAAAQAAAQ.jpg
955,A_XN1mRr1txpUAAAAAAAAAAAAAAQAAAQ.jpg
955,A_Q4vVQYUP6LBfadJJq_StHQAAAQAAAQ.jpg
955,A_wwQCQIweGxAAAAAAAAAAAAAAAQAAAQ.jpg
955,A_wwQCQIweGxA5qYdDucoBOQAAAQAAAQ.jpg
955,A_Q4vVQYUP6LAAAAAAAAAAAAAAAQAAAQ.jpg
956,A_zVQDRqqPxJ0AAAAAAAAAAAAAAQAAAQ.jpg
956,A_jLeXR43wgQoAAAAAAAAAAAAAAQAAAQ.jpg
956,A_BFXIQ7p72fMAAAAAAAAAAAAAAQAAAQ.jpg
956,A_7ufGQJzEcdgAAAAAAAAAAAAAAQAAAQ.jpg
956,A_NOVXQJCBTSkAAAAAAAAAAAAAAQAAAQ.jpg
957,A_DC6LQ6hhPHoAAAAAAAAAAAAAAQAAAQ.jpg
957,A_o7gKQ6fjiJ8AAAAAAAAAAAAAAQAAAQ.jpg
957,A_7KLWRZCbyV8AAAAAAAAAAAAAAQAAAQ.jpg
957,A_l4pST5VzfgUAAAAAAAAAAAAAAQAAAQ.jpg
957,A_5lf2R7J7LGYAAAAAAAAAAAAAAQAAAQ.jpg
958,A_bPxGSo9yR9gAAAAAAAAAAAAAAQAAAQ.jpg
958,A_tm-oRrlQEH0AAAAAAAAAAAAAAQAAAQ.jpg
958,A_3niKRoRXOvIAAAAAAAAAAAAAAQAAAQ.jpg
958,A_QHf9Qp6YhvYAAAAAAAAAAAAAAQAAAQ.jpg
958,A_PvxMS6tEx6YAAAAAAAAAAAAAAQAAAQ.jpg
959,A_QEU1RqInzQUAAAAAAAAAAAAAAQAAAQ.jpg
959,A_vsXdRrWUJrkAAAAAAAAAAAAAAQAAAQ.jpg
959,A_YSURTaj28dkAAAAAAAAAAAAAAQAAAQ.jpg
959,A_XmKJRpda1SIAAAAAAAAAAAAAAQAAAQ.jpg
959,A_VyRzTrEZ5xoAAAAAAAAAAAAAAQAAAQ.jpg
960,A_bM1YQYhMMmsAAAAAAAAAAAAAAQAAAQ.jpg
960,XZ5FsiUDSyeMzLoZStXOGgAAACMAARAD.jpg
960,2vYEyuJ9QXekFhtjMD7TuAAAACMAARAD.jpg
960,DWypY0vmQR-G_oCn6-mGPAAAACMAARAD.jpg
960,RYN9ln__SAumeIg3PaMP8wAAACMAARAD.jpg
961,A_IyWHRbImLLoAAAAAAAAAAAAAAQAAAQ.jpg
961,A_WeCtSL5C41kAAAAAAAAAAAAAAQAAAQ.jpg
961,A_feq_TohmxLIAAAAAAAAAAAAAAQAAAQ.jpg
961,A__RUYTqeklGMAAAAAAAAAAAAAAQAAAQ.jpg
961,A_beP4QZcqCqgAAAAAAAAAAAAAAQAAAQ.jpg
962,A_O3esTZlT0OUAAAAAAAAAAAAAAQAAAQ.jpg
962,A_Na70QJ5jIroAAAAAAAAAAAAAAQAAAQ.jpg
962,A_LM7wRrcuxKgAAAAAAAAAAAAAAQAAAQ.jpg
962,A_VvXFRLWMeUkAAAAAAAAAAAAAAQAAAQ.jpg
962,A_F33yQr7k1DsAAAAAAAAAAAAAAQAAAQ.jpg
963,A_zQySRoyO5C0AAAAAAAAAAAAAAQAAAQ.jpg
963,A_KtiwR7B0HTcAAAAAAAAAAAAAAQAAAQ.jpg
963,A_is7_Sr4s_6AAAAAAAAAAAAAAAQAAAQ.jpg
963,A__81QTbyhGRMAAAAAAAAAAAAAAQAAAQ.jpg
963,A_ZCq-TKbJuKAAAAAAAAAAAAAAAQAAAQ.jpg
964,A_cWq_R6SS0EYAAAAAAAAAAAAAAQAAAQ.jpg
964,A_8JrcTZWvIrIAAAAAAAAAAAAAAQAAAQ.jpg
964,A_50DFSaVAHQsAAAAAAAAAAAAAAQAAAQ.jpg
964,A_GFvDRLb1w54AAAAAAAAAAAAAAQAAAQ.jpg
964,A_Da0XSKOcO30AAAAAAAAAAAAAAQAAAQ.jpg
965,A_O0kITqPCDv4AAAAAAAAAAAAAAQAAAQ.jpg
965,A_PZdJS6nSEg0AAAAAAAAAAAAAAQAAAQ.jpg
965,A_zFsNR75j044AAAAAAAAAAAAAAQAAAQ.jpg
965,A_mAmKSqQ_KLIAAAAAAAAAAAAAAQAAAQ.jpg
965,A_2iTLQIindrsAAAAAAAAAAAAAAQAAAQ.jpg
966,A_2OKzSqaUjYQAAAAAAAAAAAAAAQAAAQ.jpg
966,A_AQaxS4c-rPUAAAAAAAAAAAAAAQAAAQ.jpg
966,A_IxHOSJGIe-AAAAAAAAAAAAAAAQAAAQ.jpg
966,A_j-NDSJJKr5kAAAAAAAAAAAAAAQAAAQ.jpg
966,A_l3HdTI9TPYEAAAAAAAAAAAAAAQAAAQ.jpg
967,A_K4AmTr5XVzcAAAAAAAAAAAAAAQAAAQ.jpg
967,A_KAqnQ6zt40sAAAAAAAAAAAAAAQAAAQ.jpg
967,A_hSIuQaaGMlYAAAAAAAAAAAAAAQAAAQ.jpg
967,A_O1JoQJ2zmk0AAAAAAAAAAAAAAQAAAQ.jpg
967,A_5spaTbWsSI4AAAAAAAAAAAAAAQAAAQ.jpg
968,A_lKKDQ4_uj2wAAAAAAAAAAAAAAQAAAQ.jpg
968,A_y9-YQqOhAB4AAAAAAAAAAAAAAQAAAQ.jpg
968,A_zQm8R49pHKwAAAAAAAAAAAAAAQAAAQ.jpg
968,A_AC12Spu_8IMAAAAAAAAAAAAAAQAAAQ.jpg
968,A_eREJT7nNFtUAAAAAAAAAAAAAAQAAAQ.jpg
969,A_vuXkRo1MBEQAAAAAAAAAAAAAAQAAAQ.jpg
969,A_-OLvRpzi8BYAAAAAAAAAAAAAAQAAAQ.jpg
969,A_5DsRRIgXonAAAAAAAAAAAAAAAQAAAQ.jpg
969,A_9lLYQbc8IuYAAAAAAAAAAAAAAQAAAQ.jpg
969,A_lmJkR6vmb3IAAAAAAAAAAAAAAQAAAQ.jpg
970,A_bwVtQKSoY9wAAAAAAAAAAAAAAQAAAQ.jpg
970,A_H7VuQ6e96rIAAAAAAAAAAAAAAQAAAQ.jpg
970,A_CrPTSK_KmeMAAAAAAAAAAAAAAQAAAQ.jpg
970,A_R4OpTqrqfeMAAAAAAAAAAAAAAQAAAQ.jpg
970,A_gakMT49ciwgAAAAAAAAAAAAAAQAAAQ.jpg
971,A_DqbdT7DcYSEAAAAAAAAAAAAAAQAAAQ.jpg
971,A_6JhASbXGGZgAAAAAAAAAAAAAAQAAAQ.jpg
971,A_6ihtS40rOZIAAAAAAAAAAAAAAQAAAQ.jpg
971,A_SDbvSa0XBkkAAAAAAAAAAAAAAQAAAQ.jpg
971,A_OEnBSKRzFxoAAAAAAAAAAAAAAQAAAQ.jpg
972,A_OqMVRY1QJMIAAAAAAAAAAAAAAQAAAQ.jpg
972,A_6s3KT7TWwwYAAAAAAAAAAAAAAQAAAQ.jpg
972,A_KJ8mR6-qji0AAAAAAAAAAAAAAQAAAQ.jpg
972,A_EHmZSY-KJhIAAAAAAAAAAAAAAQAAAQ.jpg
972,A_fGQNS6PnCioAAAAAAAAAAAAAAQAAAQ.jpg
973,A_dJ9BQZMS4VYAAAAAAAAAAAAAAQAAAQ.jpg
973,A_ab1qS477J6EAAAAAAAAAAAAAAQAAAQ.jpg
973,A_3PATTJkcb7EAAAAAAAAAAAAAAQAAAQ.jpg
973,A_dJ9BQZMS4VaLhXFChU9dOgAAAQAAAQ.jpg
973,A_ab1qS477J6HyBExKvp_JyQAAAQAAAQ.jpg
974,A_Vq5WRavK_BIAAAAAAAAAAAAAAQAAAQ.jpg
974,A_u5phQ5pkm1MAAAAAAAAAAAAAAQAAAQ.jpg
974,A_TsULRZlGCgQAAAAAAAAAAAAAAQAAAQ.jpg
974,A_f01rRIYG-voAAAAAAAAAAAAAAQAAAQ.jpg
974,A_i4zqTKl5ZzYAAAAAAAAAAAAAAQAAAQ.jpg
975,A_3RZzQ7eHh6wAAAAAAAAAAAAAAQAAAQ.jpg
975,A_PP-WSpTdCiMAAAAAAAAAAAAAAQAAAQ.jpg
975,A_605sRq_lt-oAAAAAAAAAAAAAAQAAAQ.jpg
975,A__fUtRIrJ_twAAAAAAAAAAAAAAQAAAQ.jpg
975,A_pJ3lR58HISMAAAAAAAAAAAAAAQAAAQ.jpg
976,A_1yz6T6KCvY4AAAAAAAAAAAAAAQAAAQ.jpg
976,A_xbTaR6PuROgAAAAAAAAAAAAAAQAAAQ.jpg
976,A_y0djQJGAKFcAAAAAAAAAAAAAAQAAAQ.jpg
976,A_LxX6SIWHODoAAAAAAAAAAAAAAQAAAQ.jpg
976,A_MFI6TaAFyg0AAAAAAAAAAAAAAQAAAQ.jpg
977,A_GV6jQYfHWVEAAAAAAAAAAAAAAQAAAQ.jpg
977,A_nnJaSIaXPdoAAAAAAAAAAAAAAQAAAQ.jpg
977,A_fQY0QLVlIYIAAAAAAAAAAAAAAQAAAQ.jpg
977,A_T-gFQIOVxNcAAAAAAAAAAAAAAQAAAQ.jpg
977,A_SOQmRK46gkcAAAAAAAAAAAAAAQAAAQ.jpg
978,A_TxR7TakrPxcAAAAAAAAAAAAAAQAAAQ.jpg
978,A_B_mnRqiSsngAAAAAAAAAAAAAAQAAAQ.jpg
978,A_ia3bTa792XoAAAAAAAAAAAAAAQAAAQ.jpg
978,A_kOwMRYKa7IMAAAAAAAAAAAAAAQAAAQ.jpg
978,A_mW2xQ4ZLx2IAAAAAAAAAAAAAAQAAAQ.jpg
979,A_RF0yQ7Y2cTEAAAAAAAAAAAAAAQAAAQ.jpg
979,A_-LwbRqc8BA0AAAAAAAAAAAAAAQAAAQ.jpg
979,A_jobdTrYQtj0AAAAAAAAAAAAAAQAAAQ.jpg
979,A_eU-HSroBx6UAAAAAAAAAAAAAAQAAAQ.jpg
979,A_QSslRIgVj1sAAAAAAAAAAAAAAQAAAQ.jpg
980,Z1KPlmWbQUmYDFZ9V4wwkgAAACMAARAD.jpg
980,Rv-3BnEnSf6gD51tXXer2wAAACMAARAD.jpg
980,r79fTo6bTwaH6HWPDmvSuAAAACMAARAD.jpg
980,wdjZFdXsRV-vh2v7B2ZMLAAAACMAARAD.jpg
980,6hmVKTJvTteOt_RWa_91fAAAACMAARAD.jpg
981,A_i0ehRosUaQgAAAAAAAAAAAAAAQAAAQ.jpg
981,A_kQm3RpC2iA4AAAAAAAAAAAAAAQAAAQ.jpg
981,A_0uceT6xeHRsAAAAAAAAAAAAAAQAAAQ.jpg
981,A_EqgERa-jKKoAAAAAAAAAAAAAAQAAAQ.jpg
981,A_tyHBSKeVme0AAAAAAAAAAAAAAQAAAQ.jpg
982,A_ZFTuSpkHvrsAAAAAAAAAAAAAAQAAAQ.jpg
982,A_jsJ4SY_owf8AAAAAAAAAAAAAAQAAAQ.jpg
982,A_PzI7TbcP34wAAAAAAAAAAAAAAQAAAQ.jpg
982,A_1_6mR4Nw6cAAAAAAAAAAAAAAAQAAAQ.jpg
982,A_CoWURYUXprEAAAAAAAAAAAAAAQAAAQ.jpg
983,A_YFByR4m2P2UAAAAAAAAAAAAAAQAAAQ.jpg
983,A_GJDKRZEv0ggAAAAAAAAAAAAAAQAAAQ.jpg
983,A_z0rbTq__SQcAAAAAAAAAAAAAAQAAAQ.jpg
983,A_2ZWKSrI_CIcAAAAAAAAAAAAAAQAAAQ.jpg
983,A_4h_aQ61VtU8AAAAAAAAAAAAAAQAAAQ.jpg
984,A_15TKT4cZb8YAAAAAAAAAAAAAAQAAAQ.jpg
984,A_XnNNS6wT2fQAAAAAAAAAAAAAAQAAAQ.jpg
984,A_UQmbSoI8aOoAAAAAAAAAAAAAAQAAAQ.jpg
984,A_tUiqRL9oMUkAAAAAAAAAAAAAAQAAAQ.jpg
984,A_-Q59Qr2ETkUAAAAAAAAAAAAAAQAAAQ.jpg
985,A_FpLJToiYu40AAAAAAAAAAAAAAQAAAQ.jpg
985,A_20kfT4P7UI8AAAAAAAAAAAAAAQAAAQ.jpg
985,A_IZ1RTZ8gz9AAAAAAAAAAAAAAAQAAAQ.jpg
985,A_nkC1SIaORF4AAAAAAAAAAAAAAQAAAQ.jpg
985,A_ZZfSTKpQim8AAAAAAAAAAAAAAQAAAQ.jpg
986,A_lO6gQq48I3MAAAAAAAAAAAAAAQAAAQ.jpg
986,A_eH1eQYcIFAYAAAAAAAAAAAAAAQAAAQ.jpg
986,A_AnEbT6abOU4AAAAAAAAAAAAAAQAAAQ.jpg
986,A_IYjMS71FBuYAAAAAAAAAAAAAAQAAAQ.jpg
986,A_TfvNSpdnczMAAAAAAAAAAAAAAQAAAQ.jpg
987,A_lhsMRZGRPVTyjMlDk7mUjAAAAQAAAQ.jpg
987,A_lhsMRZGRPVQAAAAAAAAAAAAAAQAAAQ.jpg
987,A_MN5AR4v6N7S-8JNHh7JeUwAAAQAAAQ.jpg
987,A_MN5AR4v6N7Q0G01MozZQfAAAAQAAAQ.jpg
987,WV-EPWueRkGkSKjSIQglMwAAACMAARAD.jpg
988,A_t-PgSZlKCdMAAAAAAAAAAAAAAQAAAQ.jpg
988,A_ksxWS7zmRt0AAAAAAAAAAAAAAQAAAQ.jpg
988,A_EDdFTLjZraMAAAAAAAAAAAAAAQAAAQ.jpg
988,A_QPvGTqMEQbAAAAAAAAAAAAAAAQAAAQ.jpg
988,A_pRESR4OG8YIAAAAAAAAAAAAAAQAAAQ.jpg
989,A_Y39BR4Zj5D0AAAAAAAAAAAAAAQAAAQ.jpg
989,A_N79JQI01AKkAAAAAAAAAAAAAAQAAAQ.jpg
989,A_pXDWR7W7gq4AAAAAAAAAAAAAAQAAAQ.jpg
989,A_q_zTRr2rpkMAAAAAAAAAAAAAAQAAAQ.jpg
989,A_EfrlQ7Ijyo8AAAAAAAAAAAAAAQAAAQ.jpg
990,A_4KDeR78pCWsAAAAAAAAAAAAAAQAAAQ.jpg
990,A_74mJQaW4NPYAAAAAAAAAAAAAAQAAAQ.jpg
990,A_13nFT5okWJwAAAAAAAAAAAAAAQAAAQ.jpg
990,A_W-45RYI-qQAAAAAAAAAAAAAAAQAAAQ.jpg
990,A_I_4TS6Hh6CIAAAAAAAAAAAAAAQAAAQ.jpg
991,A_-DeMQLI5_iAAAAAAAAAAAAAAAQAAAQ.jpg
991,A_ZqD7SIsiPfoAAAAAAAAAAAAAAQAAAQ.jpg
991,A_WD18TKcbDdkAAAAAAAAAAAAAAQAAAQ.jpg
991,A_NMRWS7wC-ZcAAAAAAAAAAAAAAQAAAQ.jpg
991,A_IYa4T5QPklQAAAAAAAAAAAAAAQAAAQ.jpg
992,A_XMo8RoWQc3oAAAAAAAAAAAAAAQAAAQ.jpg
992,A_xsvOQaeoSDEAAAAAAAAAAAAAAQAAAQ.jpg
992,A_JzOdSqGV0h0AAAAAAAAAAAAAAQAAAQ.jpg
992,A_21PAR43BC78AAAAAAAAAAAAAAQAAAQ.jpg
992,A_jm2uQ4i9Hy4AAAAAAAAAAAAAAQAAAQ.jpg
993,A_hFeYQpzEHy0AAAAAAAAAAAAAAQAAAQ.jpg
993,A_zNXaSqHcLgdhuc5FubEhugAAAQAAAQ.jpg
993,A_zNXaSqHcLgcAAAAAAAAAAAAAAQAAAQ.jpg
993,A_OgdlRqRtXFQAAAAAAAAAAAAAAQAAAQ.jpg
993,A_OgdlRqRtXFThZtxJsQdTrgAAAQAAAQ.jpg
994,A_FkMiRZK3bcMAAAAAAAAAAAAAAQAAAQ.jpg
994,A_AWbYSag_P18AAAAAAAAAAAAAAQAAAQ.jpg
994,A_IDq2R5ibyGUAAAAAAAAAAAAAAQAAAQ.jpg
994,A_hwNsSrwy_JUAAAAAAAAAAAAAAQAAAQ.jpg
994,A_uf4mS4ZIMSAAAAAAAAAAAAAAAQAAAQ.jpg
995,A_TFhgQKZ7dqwAAAAAAAAAAAAAAQAAAQ.jpg
995,A_JwedQ4QNgjAAAAAAAAAAAAAAAQAAAQ.jpg
995,A_69cTTomG-jkAAAAAAAAAAAAAAQAAAQ.jpg
995,A_4ZRjT7qC_bIAAAAAAAAAAAAAAQAAAQ.jpg
995,A_2c5TSbS2-8IAAAAAAAAAAAAAAQAAAQ.jpg
996,A_WjlbQbfYQrAAAAAAAAAAAAAAAQAAAQ.jpg
996,A_7dCxQJ5WB2oAAAAAAAAAAAAAAQAAAQ.jpg
996,A_EpvSQIKLQscAAAAAAAAAAAAAAQAAAQ.jpg
996,A__SWERq43jMoAAAAAAAAAAAAAAQAAAQ.jpg
996,A_mbDhSLJ_aQAAAAAAAAAAAAAAAQAAAQ.jpg
997,A__fyrTqBe9qsAAAAAAAAAAAAAAQAAAQ.jpg
997,A_GfhfTq8x_zMAAAAAAAAAAAAAAQAAAQ.jpg
997,A_XeXLTJYi2nAAAAAAAAAAAAAAAQAAAQ.jpg
997,A_7UcTSpYhAY8AAAAAAAAAAAAAAQAAAQ.jpg
997,A_W85fQLoVWfoAAAAAAAAAAAAAAQAAAQ.jpg
998,A_az96Qq2oufAAAAAAAAAAAAAAAQAAAQ.jpg
998,A_mOMiTLs3F4wAAAAAAAAAAAAAAQAAAQ.jpg
998,A_T9EzRpTVNEsAAAAAAAAAAAAAAQAAAQ.jpg
998,A_0ooHQJcpT_kAAAAAAAAAAAAAAQAAAQ.jpg
998,A_PiYBSbno2BwAAAAAAAAAAAAAAQAAAQ.jpg
999,wxuRGmwVR6yiXDP7Tk5LhwAAACMAARAD.jpg
999,d6cq3A66Q4iBo-xvZpaImwAAACMAARAD.jpg
999,wTdVP1GWRqmTFWBourP8EAAAACMAARAD.jpg
999,FFVDb_hHRTmJT8V8oVlK0gAAACMAARAD.jpg
999,i0n561GtSHy63jhtU8z7xQAAACMAARAD.jpg
1000,A_KV2HQJDTXQcAAAAAAAAAAAAAAQAAAQ.jpg
1000,A_mkoKT7J58sIAAAAAAAAAAAAAAQAAAQ.jpg
1000,A_L_hvQIeKazEAAAAAAAAAAAAAAQAAAQ.jpg
1000,A_KRMTRoBk9dMAAAAAAAAAAAAAAQAAAQ.jpg
1000,A_yNB6SbxynR4AAAAAAAAAAAAAAQAAAQ.jpg
1001,nknfttyXShyuLHpVirgCpQAAACMAARAD.jpg
1001,Eld30Rj1QH69xm_IP9pUugAAACMAARAD.jpg
1001,kPbuuBCzTvumWfFhfetDQAAAACMAARAD.jpg
1001,Zb-LslY_SPmzpFY-jQ6lDQAAACMAARAD.jpg
1001,wQ4druckS3SARmAGiN_I6AAAACMAARAD.jpg
1002,A_hiaGRJ0pBMIAAAAAAAAAAAAAAQAAAQ.jpg
1002,A_uiPiSofeVDoAAAAAAAAAAAAAAQAAAQ.jpg
1002,A_4-UIRb3aViYAAAAAAAAAAAAAAQAAAQ.jpg
1002,A_Vv20Taoot5MAAAAAAAAAAAAAAQAAAQ.jpg
1002,A_HjqQQYBOWwMAAAAAAAAAAAAAAQAAAQ.jpg
1003,A_0A98SY3LshYAAAAAAAAAAAAAAQAAAQ.jpg
1003,9HtyRDXRTWCVxgRLyC3tAAAAACMAARAD.jpg
1003,oERkookER6WAg8srnXT0hwAAACMAARAD.jpg
1003,S8VMt_6RSAemQNBbYQSn9gAAACMAARAD.jpg
1003,degcbCt2QhSBB6gzoX0KdAAAACMAARAD.jpg
1004,A_dpLUQ4huUh4AAAAAAAAAAAAAAQAAAQ.jpg
1004,A_7QvtQ6zQvEwAAAAAAAAAAAAAAQAAAQ.jpg
1004,A_hLzyQIL_jzQAAAAAAAAAAAAAAQAAAQ.jpg
1004,A_XARyQKg8eykAAAAAAAAAAAAAAQAAAQ.jpg
1004,A_xvLuT40tq1QAAAAAAAAAAAAAAQAAAQ.jpg
1005,A_Jq4sSpjJcE4AAAAAAAAAAAAAAQAAAQ.jpg
1005,A_AMo2S6JCWvcAAAAAAAAAAAAAAQAAAQ.jpg
1005,A_pqbrQpgBjk0AAAAAAAAAAAAAAQAAAQ.jpg
1005,A_5eaiSYl2jTMAAAAAAAAAAAAAAQAAAQ.jpg
1005,A_IBcHQZv_eEUAAAAAAAAAAAAAAQAAAQ.jpg
1006,A_LtGXSoUvaVQAAAAAAAAAAAAAAQAAAQ.jpg
1006,A_7oVASq92hbYAAAAAAAAAAAAAAQAAAQ.jpg
1006,A_eOaSRbQPqmUAAAAAAAAAAAAAAQAAAQ.jpg
1006,A_2u4DTYCCiCkAAAAAAAAAAAAAAQAAAQ.jpg
1006,A_SJEaS6CRHcAAAAAAAAAAAAAAAQAAAQ.jpg
1007,A_abCmQrrqiMsAAAAAAAAAAAAAAQAAAQ.jpg
1007,A_H0ThQqDi5CIAAAAAAAAAAAAAAQAAAQ.jpg
1007,A_GWTwQ513fCEAAAAAAAAAAAAAAQAAAQ.jpg
1007,A_9EVaS6Mk9d0AAAAAAAAAAAAAAQAAAQ.jpg
1007,A_Vkw-TLp2Y-0AAAAAAAAAAAAAAQAAAQ.jpg
1008,AEidmOH5Q9-pLlwcjqVNmAAAACMAARAD.jpg
1008,45MkrLYNRwy7G02OKvI_OgAAACMAARAD.jpg
1008,GxaU5Yq1QHiY9w4GTkaPmwAAACMAARAD.jpg
1008,qP3GUgzqRm-M1v7d6lwqSgAAACMAARAD.jpg
1008,TDH-rJm-TV6tl4NRE2F85wAAACMAARAD.jpg
1009,A_K_9GSJuTZZYAAAAAAAAAAAAAAQAAAQ.jpg
1009,A_KhzgT5FxuKwAAAAAAAAAAAAAAQAAAQ.jpg
1009,A_8ImyS61ycVIAAAAAAAAAAAAAAQAAAQ.jpg
1009,A_4FfqQ43K4qYAAAAAAAAAAAAAAQAAAQ.jpg
1009,A_0c_oR6_UXN0AAAAAAAAAAAAAAQAAAQ.jpg
1010,A_YiUfTaks2J0AAAAAAAAAAAAAAQAAAQ.jpg
1010,A_vuftQYYMaiQAAAAAAAAAAAAAAQAAAQ.jpg
1010,A_0awCQoGMTVMAAAAAAAAAAAAAAQAAAQ.jpg
1010,A_GDvCSqCVC_AAAAAAAAAAAAAAAQAAAQ.jpg
1010,A_vuftQYYMaiS0UABCsSQgGwAAAQAAAQ.jpg
1011,A_orLjQL1azK0AAAAAAAAAAAAAAQAAAQ.jpg
1011,A_QwKwRYEkLLcAAAAAAAAAAAAAAQAAAQ.jpg
1011,A_9z3QSY-gtH0AAAAAAAAAAAAAAQAAAQ.jpg
1011,A_coiZR6VOJBsAAAAAAAAAAAAAAQAAAQ.jpg
1011,A_PcQ8TYgRDHsAAAAAAAAAAAAAAQAAAQ.jpg
1012,A_jRfOSYjuUVEAAAAAAAAAAAAAAQAAAQ.jpg
1012,A_Hl4FRodS_j0AAAAAAAAAAAAAAQAAAQ.jpg
1012,A_Vfs7Qr02wtkAAAAAAAAAAAAAAQAAAQ.jpg
1012,A_qbIJRLPbTc4AAAAAAAAAAAAAAQAAAQ.jpg
1012,A_DphrTI1ToKUAAAAAAAAAAAAAAQAAAQ.jpg
1013,A_c77SS4j50wYAAAAAAAAAAAAAAQAAAQ.jpg
1013,A_yA2ORJ3BDjoAAAAAAAAAAAAAAQAAAQ.jpg
1013,A_k_kEQ5_YIB0AAAAAAAAAAAAAAQAAAQ.jpg
1013,A_DuYDRL0s-28AAAAAAAAAAAAAAQAAAQ.jpg
1013,A_aZJ6SbgtHKkAAAAAAAAAAAAAAQAAAQ.jpg
1014,A_dkn6TKMLUckAAAAAAAAAAAAAAQAAAQ.jpg
1014,A_5qvZTrHwhKsAAAAAAAAAAAAAAQAAAQ.jpg
1014,A_lb4_RJQe2xMBVW5LnKyq3AAAAQAAAQ.jpg
1014,A_2ZwEQ6T3ARoAAAAAAAAAAAAAAQAAAQ.jpg
1014,A_lb4_RJQe2xMAAAAAAAAAAAAAAQAAAQ.jpg
1015,A_KCtsSKPCMpkAAAAAAAAAAAAAAQAAAQ.jpg
1015,A_gJY9TYYzBIgAAAAAAAAAAAAAAQAAAQ.jpg
1015,A_LdePSag0WegAAAAAAAAAAAAAAQAAAQ.jpg
1015,A_r4veQJEOS14AAAAAAAAAAAAAAQAAAQ.jpg
1015,A_7LoGQJGnBuoAAAAAAAAAAAAAAQAAAQ.jpg
1016,A_daFjT4W9BV4AAAAAAAAAAAAAAQAAAQ.jpg
1016,A_sP1dQpG9B1QAAAAAAAAAAAAAAQAAAQ.jpg
1016,A_OudGTqTvHYMAAAAAAAAAAAAAAQAAAQ.jpg
1016,A_pF3DS4BcGvAAAAAAAAAAAAAAAQAAAQ.jpg
1016,A_G1yFTaUCm74AAAAAAAAAAAAAAQAAAQ.jpg
1017,A_budJQ7rZxO8AAAAAAAAAAAAAAQAAAQ.jpg
1017,A_cX-sRb0D6cYAAAAAAAAAAAAAAQAAAQ.jpg
1017,A_tRJ0SJaDEvAAAAAAAAAAAAAAAQAAAQ.jpg
1017,A_oryjTL8fpWoAAAAAAAAAAAAAAQAAAQ.jpg
1017,A_dYqzT5W2dhwAAAAAAAAAAAAAAQAAAQ.jpg
1018,A_6853SZ9-gskAAAAAAAAAAAAAAQAAAQ.jpg
1018,A_KVeLTr27i1wAAAAAAAAAAAAAAQAAAQ.jpg
1018,A_aXbNT76CNVQAAAAAAAAAAAAAAQAAAQ.jpg
1018,A_Ux7fSKTc11oAAAAAAAAAAAAAAQAAAQ.jpg
1018,A_mATOSbxRxigAAAAAAAAAAAAAAQAAAQ.jpg
1019,A_GvPZT448Ci0AAAAAAAAAAAAAAQAAAQ.jpg
1019,A_RqIDSIFzGAYAAAAAAAAAAAAAAQAAAQ.jpg
1019,A_Tg0cT7DwPSEAAAAAAAAAAAAAAQAAAQ.jpg
1019,A_-z11RooqHrUAAAAAAAAAAAAAAQAAAQ.jpg
1019,A_Iy6iTolVFxsAAAAAAAAAAAAAAQAAAQ.jpg
1020,A_xaK0RIe1a24AAAAAAAAAAAAAAQAAAQ.jpg
1020,A_SVnJR5dYU_IAAAAAAAAAAAAAAQAAAQ.jpg
1020,A_jxIoTYEKtqYAAAAAAAAAAAAAAQAAAQ.jpg
1020,A_XiofQZh_JvUAAAAAAAAAAAAAAQAAAQ.jpg
1020,A_FXafT7Q75AkAAAAAAAAAAAAAAQAAAQ.jpg
1021,VWoczM38QziD3XiZNFnrCgAAACMAARAD.jpg
1021,KdsgK0tfSTqrS5d5G_UX-gAAACMAARAD.jpg
1021,xvimY3nYSX26GSXIRiyhXwAAACMAARAD.jpg
1021,iXrh0-LSRbu526oHRNcwAwAAACMAARAD.jpg
1021,kj8Gd4cGTLWqoRGrG2aqdQAAACMAARAD.jpg
1022,A_vRTLQZCSvPMAAAAAAAAAAAAAAQAAAQ.jpg
1022,A_O4xzRrdOl1cAAAAAAAAAAAAAAQAAAQ.jpg
1022,A_x2bgRL9GrQUAAAAAAAAAAAAAAQAAAQ.jpg
1022,A_E7U3T4iZsaEAAAAAAAAAAAAAAQAAAQ.jpg
1022,A_vrBlRJISdZoAAAAAAAAAAAAAAQAAAQ.jpg
1023,4WkGU5EtQmyjKu4cmUeSTwAAACMAARAD.jpg
1023,3T-sriyOSliWIozUkbcadQAAACMAARAD.jpg
1023,VlkApD5zRXmMkx3o056X5QAAACMAARAD.jpg
1023,5Kqaxb7vTP-RT9bpPOBBLAAAACMAARAD.jpg
1023,rf-HuovDQn2ATB9Gh2ZvcwAAACMAARAD.jpg
1024,A_9siPR7Y9M_cAAAAAAAAAAAAAAQAAAQ.jpg
1024,A_Zvh3TJDVTaAAAAAAAAAAAAAAAQAAAQ.jpg
1024,A_x8puT7KmWNIAAAAAAAAAAAAAAQAAAQ.jpg
1024,A_6CDoRLPb7h4AAAAAAAAAAAAAAQAAAQ.jpg
1024,A_lKwTTKHxMSsAAAAAAAAAAAAAAQAAAQ.jpg
1025,A_KEQHT6n4q18AAAAAAAAAAAAAAQAAAQ.jpg
1025,A_jOv1T4YbhHsAAAAAAAAAAAAAAQAAAQ.jpg
1025,A_qhqxS43R1-wAAAAAAAAAAAAAAQAAAQ.jpg
1025,A_s4ZIQ6iyntsAAAAAAAAAAAAAAQAAAQ.jpg
1025,A_5LrZQYCNQn0AAAAAAAAAAAAAAQAAAQ.jpg
1026,A_1cStS7gR54MAAAAAAAAAAAAAAQAAAQ.jpg
1026,A_PO83QJVxuu8AAAAAAAAAAAAAAQAAAQ.jpg
1026,A_gt-MSaPEVTsAAAAAAAAAAAAAAQAAAQ.jpg
1026,A_Wiz2TqI0bgEAAAAAAAAAAAAAAQAAAQ.jpg
1026,A_xGdQRpRZl04AAAAAAAAAAAAAAQAAAQ.jpg
1027,A_Fy6mSI8QlmYAAAAAAAAAAAAAAQAAAQ.jpg
1027,A_1H1VQotPmZUAAAAAAAAAAAAAAQAAAQ.jpg
1027,A_8MApS7d1MKwAAAAAAAAAAAAAAQAAAQ.jpg
1027,A_AhlYQKZtBX8AAAAAAAAAAAAAAQAAAQ.jpg
1027,A_rU0QRJd61CgAAAAAAAAAAAAAAQAAAQ.jpg
1028,A_XgdqR6SU8rIAAAAAAAAAAAAAAQAAAQ.jpg
1028,A_sK8sRZGOuKUAAAAAAAAAAAAAAQAAAQ.jpg
1028,A_Z17rSpogJ8QAAAAAAAAAAAAAAQAAAQ.jpg
1028,A_a-0qRbWHUL4AAAAAAAAAAAAAAQAAAQ.jpg
1028,A_XE14QY7oyPEAAAAAAAAAAAAAAQAAAQ.jpg
1029,A_vXCFRaxjLZ8AAAAAAAAAAAAAAQAAAQ.jpg
1029,A_UdsSSYuOh2gAAAAAAAAAAAAAAQAAAQ.jpg
1029,A_V8S5QKscFIEAAAAAAAAAAAAAAQAAAQ.jpg
1029,A_zoUEQr5xKzoAAAAAAAAAAAAAAQAAAQ.jpg
1029,A_Gru5TKwOCtsAAAAAAAAAAAAAAQAAAQ.jpg
1030,A_7pB5TbDuIoAAAAAAAAAAAAAAAQAAAQ.jpg
1030,A_uRA6SYOgZxkAAAAAAAAAAAAAAQAAAQ.jpg
1030,A_gGjsRZ7qyv8AAAAAAAAAAAAAAQAAAQ.jpg
1030,A_XokGSLDIMF8AAAAAAAAAAAAAAQAAAQ.jpg
1030,A_lbraQ799DWoAAAAAAAAAAAAAAQAAAQ.jpg
1031,A_SkJcSrnN1pYAAAAAAAAAAAAAAQAAAQ.jpg
1031,A_yZutSZs0JbgAAAAAAAAAAAAAAQAAAQ.jpg
1031,A_R4zIR4Pg_S8AAAAAAAAAAAAAAQAAAQ.jpg
1031,A_EBnkRbpsLVoAAAAAAAAAAAAAAQAAAQ.jpg
1031,A_0mPaQIF8BJYAAAAAAAAAAAAAAQAAAQ.jpg
1032,A_IykGTr6o8bQAAAAAAAAAAAAAAQAAAQ.jpg
1032,A_JYuQRI7nt5UAAAAAAAAAAAAAAQAAAQ.jpg
1032,A_SI_xTKXMbQ0AAAAAAAAAAAAAAQAAAQ.jpg
1032,A_0dlTSaSqjKUAAAAAAAAAAAAAAQAAAQ.jpg
1032,A_bkAoR4jkTwkAAAAAAAAAAAAAAQAAAQ.jpg
1033,A_pA10Sb9J3-cAAAAAAAAAAAAAAQAAAQ.jpg
1033,A_iPyGSrZyXgAAAAAAAAAAAAAAAQAAAQ.jpg
1033,A_pWW1RrQnk80AAAAAAAAAAAAAAQAAAQ.jpg
1033,A_r9pVSZfSc9YAAAAAAAAAAAAAAQAAAQ.jpg
1033,A_51c9T5y5HmoAAAAAAAAAAAAAAQAAAQ.jpg
1034,UPA1fFbKQluMY6zDcxKfuQAAACMAARAD.jpg
1034,ilh4pYpzQzmZmqO-lDFiNAAAACMAARAD.jpg
1034,XrcSNjcLRYSe5myDNKc5mgAAACMAARAD.jpg
1034,ZzdYDLPlRfODKc1bvFMuXAAAACMAARAD.jpg
1034,yBbehdeoSEOqPAQ_4jk01AAAACMAARAD.jpg
1035,A_TxSwS5jm6FIAAAAAAAAAAAAAAQAAAQ.jpg
1035,A_USBvSbWSCXcAAAAAAAAAAAAAAQAAAQ.jpg
1035,A__b9gSKW-vBUAAAAAAAAAAAAAAQAAAQ.jpg
1035,A_-f53TpkEon8AAAAAAAAAAAAAAQAAAQ.jpg
1035,A_3OrUSYTJfhsAAAAAAAAAAAAAAQAAAQ.jpg
1036,A_Iw4TRaY73U8AAAAAAAAAAAAAAQAAAQ.jpg
1036,A_KuNQSJ4LrYwAAAAAAAAAAAAAAQAAAQ.jpg
1036,A_4L8tQJzZ-LU6bYFBl-OwUwAAAQAAAQ.jpg
1036,A_4L8tQJzZ-LUAAAAAAAAAAAAAAQAAAQ.jpg
1036,A_n3kZQbBQt5AAAAAAAAAAAAAAAQAAAQ.jpg
1037,A_PdrYSrmUUEUAAAAAAAAAAAAAAQAAAQ.jpg
1037,A_qiYzSpytMgsAAAAAAAAAAAAAAQAAAQ.jpg
1037,A_3riOTp_m3EMAAAAAAAAAAAAAAQAAAQ.jpg
1037,A_jxC6TLGQniUAAAAAAAAAAAAAAQAAAQ.jpg
1037,A_Kg60S4fXriwAAAAAAAAAAAAAAQAAAQ.jpg
1038,O1CN01SEpLS425MXpmdp836_!!0-mtopupload.jpg
1038,O1CN01zjRFNX1N8wyvRIbwS_!!0-mtopupload.jpg
1038,O1CN01yaSPyQ1eNT0RGF37a_!!0-mtopupload.jpg
1038,O1CN010NwVvS1YUtjlWAYhm_!!0-mtopupload.jpg
1038,O1CN01ay4BRW25UmxmDjon2_!!0-mtopupload.jpg
1039,A_lCyvS4ZaHKoAAAAAAAAAAAAAAQAAAQ.jpg
1039,A_nSc7Q7dEsi8AAAAAAAAAAAAAAQAAAQ.jpg
1039,A_V6rtSaAsTlYAAAAAAAAAAAAAAQAAAQ.jpg
1039,A_tYcFR5amuX8AAAAAAAAAAAAAAQAAAQ.jpg
1039,A_-IBnQaI3zJwAAAAAAAAAAAAAAQAAAQ.jpg
1040,A_jepGTJrggN4AAAAAAAAAAAAAAQAAAQ.jpg
1040,A_UiGzTZ26FGQAAAAAAAAAAAAAAQAAAQ.jpg
1040,A_Q0kkQIw9IEIAAAAAAAAAAAAAAQAAAQ.jpg
1040,A_GSf3R4SehXYAAAAAAAAAAAAAAQAAAQ.jpg
1040,A_j8i2R5TsvjYAAAAAAAAAAAAAAQAAAQ.jpg
1041,A__vFnTbIomEoAAAAAAAAAAAAAAQAAAQ.jpg
1041,A_X8PGTL5HSgAAAAAAAAAAAAAAAQAAAQ.jpg
1041,A_EYH4TYqEHNEAAAAAAAAAAAAAAQAAAQ.jpg
1041,A_EmLfRJZwKcwAAAAAAAAAAAAAAQAAAQ.jpg
1041,A_3b7yRJ2JbGgAAAAAAAAAAAAAAQAAAQ.jpg
1042,A_V8-7RbiQCvwAAAAAAAAAAAAAAQAAAQ.jpg
1042,A_m8OMQJR-sdwAAAAAAAAAAAAAAQAAAQ.jpg
1042,A_xbbNSZPqFBUAAAAAAAAAAAAAAQAAAQ.jpg
1042,A_Iy3fTaEr5MAAAAAAAAAAAAAAAQAAAQ.jpg
1042,A_lr6wSY9aKEAAAAAAAAAAAAAAAQAAAQ.jpg
1043,A_dKgiSrpGfusAAAAAAAAAAAAAAQAAAQ.jpg
1043,A_jdQoS5rOmdIZiL5LpXstXgAAAQAAAQ.jpg
1043,A__OQpTbm0AfMAAAAAAAAAAAAAAQAAAQ.jpg
1043,A_557uQpw9390AAAAAAAAAAAAAAQAAAQ.jpg
1043,A_JLp8S4zR6ysAAAAAAAAAAAAAAQAAAQ.jpg
1044,A_mnUdSYsx_icAAAAAAAAAAAAAAQAAAQ.jpg
1044,A__fEoSpfmYjkAAAAAAAAAAAAAAQAAAQ.jpg
1044,A_GdeNSYj3SZEAAAAAAAAAAAAAAQAAAQ.jpg
1044,A_wQccQbSCqooAAAAAAAAAAAAAAQAAAQ.jpg
1044,A_5WxeQLKeKmQAAAAAAAAAAAAAAQAAAQ.jpg
1045,A_VW6ARoZtyYUAAAAAAAAAAAAAAQAAAQ.jpg
1045,A_XMJoRLHqh5sAAAAAAAAAAAAAAQAAAQ.jpg
1045,A_SpvkTbEdmVMAAAAAAAAAAAAAAQAAAQ.jpg
1045,A_TB9-S7R8BV4AAAAAAAAAAAAAAQAAAQ.jpg
1045,A_UzCeTrTYi54AAAAAAAAAAAAAAQAAAQ.jpg
1046,A_p_UYQoKv9-4AAAAAAAAAAAAAAQAAAQ.jpg
1046,A_xYivS4zK6WQAAAAAAAAAAAAAAQAAAQ.jpg
1046,A_s0HPRrvoKD8AAAAAAAAAAAAAAQAAAQ.jpg
1046,A_3n04TJAnLpUAAAAAAAAAAAAAAQAAAQ.jpg
1046,A_Ea2USa03zN8AAAAAAAAAAAAAAQAAAQ.jpg
1047,A_ots8QYEknMcAAAAAAAAAAAAAAQAAAQ.jpg
1047,A_a78ASrWsNvgAAAAAAAAAAAAAAQAAAQ.jpg
1047,A_QACXQqT9uxsAAAAAAAAAAAAAAQAAAQ.jpg
1047,A_OLc0Ra2PPWIAAAAAAAAAAAAAAQAAAQ.jpg
1047,A_qjuDSKwwD3oAAAAAAAAAAAAAAQAAAQ.jpg
1048,A_JWeMR5lSqb1J9NhEm_OKQAAAAQAAAQ.jpg
1048,A_JWeMR5lSqb0sC0BCsw_KdAAAAQAAAQ.jpg
1048,A_JWeMR5lSqb0AAAAAAAAAAAAAAQAAAQ.jpg
1048,A_itQcS6DxtaMAAAAAAAAAAAAAAQAAAQ.jpg
1048,A_PYckS5pckvEAAAAAAAAAAAAAAQAAAQ.jpg
1049,A_YPR0QaJKGAMAAAAAAAAAAAAAAQAAAQ.jpg
1049,A_-Q8FRbkPPIIAAAAAAAAAAAAAAQAAAQ.jpg
1049,A_CJRHR47g0NkAAAAAAAAAAAAAAQAAAQ.jpg
1049,A_1lv6TLht74oAAAAAAAAAAAAAAQAAAQ.jpg
1049,A_SW_rSbEb204AAAAAAAAAAAAAAQAAAQ.jpg
1050,A_IuPWSrQoiwAAAAAAAAAAAAAAAQAAAQ.jpg
1050,A_OZybRLYz3VcAAAAAAAAAAAAAAQAAAQ.jpg
1050,A_L8mYR5soiu0AAAAAAAAAAAAAAQAAAQ.jpg
1050,A_mVYvQJ5cjegAAAAAAAAAAAAAAQAAAQ.jpg
1050,A_JdFiR6yvO-UAAAAAAAAAAAAAAQAAAQ.jpg
1051,A_5eN7S64dmukAAAAAAAAAAAAAAQAAAQ.jpg
1051,A_My-vTLYh0NoAAAAAAAAAAAAAAQAAAQ.jpg
1051,A__J0KRook3UgAAAAAAAAAAAAAAQAAAQ.jpg
1051,A_OoHcRIW1YIEAAAAAAAAAAAAAAQAAAQ.jpg
1051,A_YwrsRaJwpegAAAAAAAAAAAAAAQAAAQ.jpg
1052,A_uil2QJt0kbwAAAAAAAAAAAAAAQAAAQ.jpg
1052,A_Vk5qQJf1HrIAAAAAAAAAAAAAAQAAAQ.jpg
1052,A_gM3uTrDyC4kAAAAAAAAAAAAAAQAAAQ.jpg
1052,A_31BSQLWEJ8gAAAAAAAAAAAAAAQAAAQ.jpg
1052,A_X6MgRahMPOsAAAAAAAAAAAAAAQAAAQ.jpg
1053,A_hp5ZRIiwRJ4AAAAAAAAAAAAAAQAAAQ.jpg
1053,A_G4wUT7mlUqAAAAAAAAAAAAAAAQAAAQ.jpg
1053,A_bTPNQrnIoKkAAAAAAAAAAAAAAQAAAQ.jpg
1053,A_HYnNTYaO01AAAAAAAAAAAAAAAQAAAQ.jpg
1053,A_Glz_SYLyuXIAAAAAAAAAAAAAAQAAAQ.jpg
1054,A_OAGsT6zCtRUAAAAAAAAAAAAAAQAAAQ.jpg
1054,A_YXOITqqHWQoAAAAAAAAAAAAAAQAAAQ.jpg
1054,A_ve8aSrMEdfgAAAAAAAAAAAAAAQAAAQ.jpg
1054,A_UkWTTbWhTlgAAAAAAAAAAAAAAQAAAQ.jpg
1054,A_Uv-hTpcQtfYAAAAAAAAAAAAAAQAAAQ.jpg
1055,A_li8aSKHabggAAAAAAAAAAAAAAQAAAQ.jpg
1055,A_bgN5TZwzDiIAAAAAAAAAAAAAAQAAAQ.jpg
1055,A_RKEBTqXb-vkAAAAAAAAAAAAAAQAAAQ.jpg
1055,A_stqATYQ6MV8AAAAAAAAAAAAAAQAAAQ.jpg
1055,A_0vvbRJXM2egAAAAAAAAAAAAAAQAAAQ.jpg
1056,A_YBiOSYJBxUkAAAAAAAAAAAAAAQAAAQ.jpg
1056,A_FoiMTrDs4YsAAAAAAAAAAAAAAQAAAQ.jpg
1056,A_aNnVT7XEZ073xXtNlLVa1gAAAQAAAQ.jpg
1056,A_aNnVT7XEZ04AAAAAAAAAAAAAAQAAAQ.jpg
1056,A_9rI6QKWVMQMAAAAAAAAAAAAAAQAAAQ.jpg
1057,A_l8PVRrXdadIAAAAAAAAAAAAAAQAAAQ.jpg
1057,A_1OuOTptFqD0AAAAAAAAAAAAAAQAAAQ.jpg
1057,A_4PjBTbkOsrAAAAAAAAAAAAAAAQAAAQ.jpg
1057,A_AGKNTrLY13IAAAAAAAAAAAAAAQAAAQ.jpg
1057,A_AGvtSKC6Yy0AAAAAAAAAAAAAAQAAAQ.jpg
1058,A_7a7kQ6X33RkAAAAAAAAAAAAAAQAAAQ.jpg
1058,A_ECQTRpPezUgAAAAAAAAAAAAAAQAAAQ.jpg
1058,A_0eNbSK3RmCcAAAAAAAAAAAAAAQAAAQ.jpg
1058,A_YZ4oTrBvqtIAAAAAAAAAAAAAAQAAAQ.jpg
1058,A_M2lQRJIVYGMAAAAAAAAAAAAAAQAAAQ.jpg
1059,A_5aWXQLcIIzYAAAAAAAAAAAAAAQAAAQ.jpg
1059,A_Wpl4Q5eGdNoAAAAAAAAAAAAAAQAAAQ.jpg
1059,A_yQnMRLnRF3wAAAAAAAAAAAAAAQAAAQ.jpg
1059,A_DJOjRq91n2cAAAAAAAAAAAAAAQAAAQ.jpg
1059,A_kLdPR6XtoH0AAAAAAAAAAAAAAQAAAQ.jpg
1060,A_ZjLLSaSciqsAAAAAAAAAAAAAAQAAAQ.jpg
1060,A_4roaQ7P08ZkAAAAAAAAAAAAAAQAAAQ.jpg
1060,A_3d3CTJ03S8sAAAAAAAAAAAAAAQAAAQ.jpg
1060,A_dkymSrBoEbkAAAAAAAAAAAAAAQAAAQ.jpg
1060,A_-F_FQZhzJmEAAAAAAAAAAAAAAQAAAQ.jpg
1061,A_OtWpRKi_pqcAAAAAAAAAAAAAAQAAAQ.jpg
1061,A_mXRTTL9bIugAAAAAAAAAAAAAAQAAAQ.jpg
1061,A_8jLUSJcdiMEAAAAAAAAAAAAAAQAAAQ.jpg
1061,A_qR4DQKRs7ekAAAAAAAAAAAAAAQAAAQ.jpg
1061,A_CCxvTIHZQ18AAAAAAAAAAAAAAQAAAQ.jpg
1062,A_5-_ZTINqYWIAAAAAAAAAAAAAAQAAAQ.jpg
1062,A_D6ClSo1whfIAAAAAAAAAAAAAAQAAAQ.jpg
1062,A_CVVhTqE5e7EAAAAAAAAAAAAAAQAAAQ.jpg
1062,A_wjurS4v9Z-QAAAAAAAAAAAAAAQAAAQ.jpg
1062,A_fRGgTbHhsr8AAAAAAAAAAAAAAQAAAQ.jpg
1063,A_vi8WSaA3AAwAAAAAAAAAAAAAAQAAAQ.jpg
1063,A_vPXmTYYIJJoAAAAAAAAAAAAAAQAAAQ.jpg
1063,A_-2-3RI8muXgAAAAAAAAAAAAAAQAAAQ.jpg
1063,A_Nm4OTLhQ2BEAAAAAAAAAAAAAAQAAAQ.jpg
1063,A_iyHcRqrwpMIAAAAAAAAAAAAAAQAAAQ.jpg
1064,A_RkuHT5sOyDEAAAAAAAAAAAAAAQAAAQ.jpg
1064,A_tDZNR4ssymuwAaZLhwijogAAAQAAAQ.jpg
1064,A_AEqnR5WurE-tAQVAt0CdtQAAAQAAAQ.jpg
1064,A_AEqnR5WurE8w3yJOnvg56QAAAQAAAQ.jpg
1064,A_tDZNR4ssymsAAAAAAAAAAAAAAQAAAQ.jpg
1065,A_LTVeSo6AmC4AAAAAAAAAAAAAAQAAAQ.jpg
1065,A_4_MaSbclBeMAAAAAAAAAAAAAAQAAAQ.jpg
1065,A_PPZgSZ6jKY4AAAAAAAAAAAAAAQAAAQ.jpg
1065,A_bviJRZvAPVIAAAAAAAAAAAAAAQAAAQ.jpg
1065,A_Wk5UTIcAF88AAAAAAAAAAAAAAQAAAQ.jpg
1066,A_5KYsQayQ_PsAAAAAAAAAAAAAAQAAAQ.jpg
1066,A_Pp5zTZgb4HwAAAAAAAAAAAAAAQAAAQ.jpg
1066,A_tACJSJT0zukAAAAAAAAAAAAAAQAAAQ.jpg
1066,A_wsjAQIhSAnsAAAAAAAAAAAAAAQAAAQ.jpg
1066,A_xv4RSY6qgx8AAAAAAAAAAAAAAQAAAQ.jpg
1067,A_YKFuR5teobgAAAAAAAAAAAAAAQAAAQ.jpg
1067,A_919uQYcdXckAAAAAAAAAAAAAAQAAAQ.jpg
1067,A_ZQqpQrdrfJYAAAAAAAAAAAAAAQAAAQ.jpg
1067,A_fn-vTaH1pkMAAAAAAAAAAAAAAQAAAQ.jpg
1067,A_XYaLRJPWaecAAAAAAAAAAAAAAQAAAQ.jpg
1068,A_OKX5SKbp_KIAAAAAAAAAAAAAAQAAAQ.jpg
1068,A_w4tbSK-q-nEAAAAAAAAAAAAAAQAAAQ.jpg
1068,A_p3AmQ4Ha7WgAAAAAAAAAAAAAAQAAAQ.jpg
1068,A_buWLTLpkMiYAAAAAAAAAAAAAAQAAAQ.jpg
1068,A_vsZ3S4sIcMsAAAAAAAAAAAAAAQAAAQ.jpg
1069,gXY9cDrjStOlgjwqh6GD0AAAACMAARAD.jpg
1069,U-uXmc82RFe0uB8wtYZ_9AAAACMAARAD.jpg
1069,F466TxvFRfqm3Vv-bZBHAgAAACMAARAD.jpg
1069,sCLq_RhFS1iTt9PXEPXfdQAAACMAARAD.jpg
1069,yaIgrjwuS4O6slCG796pUAAAACMAARAD.jpg
1070,A_Def0RIsWMD8AAAAAAAAAAAAAAQAAAQ.jpg
1070,A_PPf9RI8utNEAAAAAAAAAAAAAAQAAAQ.jpg
1070,A_FIOITJ4QhwAAAAAAAAAAAAAAAQAAAQ.jpg
1070,A_YyyuTYh-SYIAAAAAAAAAAAAAAQAAAQ.jpg
1070,A_c6p_RI1sX70AAAAAAAAAAAAAAQAAAQ.jpg
1071,HFm4UepBTJ6ciYrnDTnaiwAAACMAARAD.jpg
1071,5XLMPSSFS8ey6aeWTJPROgAAACMAARAD.jpg
1071,Ich_aoBiRNaZvyqiKz5x1QAAACMAARAD.jpg
1071,El33Yi4bT62TsnZrydTVywAAACMAARAD.jpg
1071,vj5dKlk-SlGcDDVRAhy1LwAAACMAARAD.jpg
1072,A_MIYgTK2LrhQAAAAAAAAAAAAAAQAAAQ.jpg
1072,A_tFcSQ5qym40AAAAAAAAAAAAAAQAAAQ.jpg
1072,A_qCaaT7mG0pYAAAAAAAAAAAAAAQAAAQ.jpg
1072,A_u5Y9R7PxZbQAAAAAAAAAAAAAAQAAAQ.jpg
1072,A_IJyPS6NfW9QAAAAAAAAAAAAAAQAAAQ.jpg
1073,A_1f9ySppTNkQAAAAAAAAAAAAAAQAAAQ.jpg
1073,A_eyGbQqS2MZ4AAAAAAAAAAAAAAQAAAQ.jpg
1073,A_1f9ySppTNkRMDzVNpW407QAAAQAAAQ.jpg
1073,A_W9aPS4YaASQAAAAAAAAAAAAAAQAAAQ.jpg
1073,A_yHmxQ4btDGsAAAAAAAAAAAAAAQAAAQ.jpg
1074,A_oF8mQJrM8OgAAAAAAAAAAAAAAQAAAQ.jpg
1074,A_rY2GQq_zLkQAAAAAAAAAAAAAAQAAAQ.jpg
1074,A_p1StS6RcxCMAAAAAAAAAAAAAAQAAAQ.jpg
1074,A_oDTuSr95ZuoAAAAAAAAAAAAAAQAAAQ.jpg
1074,A_j3YLTKZtIc4AAAAAAAAAAAAAAQAAAQ.jpg
1075,A_gmA_Q5E0dMIAAAAAAAAAAAAAAQAAAQ.jpg
1075,A_d1iwSb-WRzUAAAAAAAAAAAAAAQAAAQ.jpg
1075,A_hsFwTZ-By7YAAAAAAAAAAAAAAQAAAQ.jpg
1075,A_PkN0TLCtlecAAAAAAAAAAAAAAQAAAQ.jpg
1075,A_rUPcRrzoVzAAAAAAAAAAAAAAAQAAAQ.jpg
1076,A_Wdv4RpYabZAAAAAAAAAAAAAAAQAAAQ.jpg
1076,A_TJXWR6yiNvEAAAAAAAAAAAAAAQAAAQ.jpg
1076,A_UeB3R71lXlIAAAAAAAAAAAAAAQAAAQ.jpg
1076,A_WRYMQ6ztzYoAAAAAAAAAAAAAAQAAAQ.jpg
1076,A_OudhQp7JGi4AAAAAAAAAAAAAAQAAAQ.jpg
1077,A_97tSSZ_MyPcAAAAAAAAAAAAAAQAAAQ.jpg
1077,A_Qg5dQbZE3hUAAAAAAAAAAAAAAQAAAQ.jpg
1077,A_xY3rRoIqcjMAAAAAAAAAAAAAAQAAAQ.jpg
1077,A_6NsER5kImDQAAAAAAAAAAAAAAQAAAQ.jpg
1077,A_c4O0R6sweDAAAAAAAAAAAAAAAQAAAQ.jpg
1078,A_JcJMRo59Sm8AAAAAAAAAAAAAAQAAAQ.jpg
1078,A_65kMT4Mu9doAAAAAAAAAAAAAAQAAAQ.jpg
1078,A_hLpoRpdaKu8AAAAAAAAAAAAAAQAAAQ.jpg
1078,A_bgxBRpokPZMAAAAAAAAAAAAAAQAAAQ.jpg
1078,A_6kj-RpYqcPMAAAAAAAAAAAAAAQAAAQ.jpg
1079,A_PjyJTrMxj7JaJoxHsIdYygAAAQAAAQ.jpg
1079,A_PjyJTrMxj7Iy-jZItZLEXAAAAQAAAQ.jpg
1079,A_n1W4TrlXGhoAAAAAAAAAAAAAAQAAAQ.jpg
1079,A_DfbrRao5kf4AAAAAAAAAAAAAAQAAAQ.jpg
1079,A_PjyJTrMxj7IAAAAAAAAAAAAAAQAAAQ.jpg
1080,A_IWrkRohVRp8AAAAAAAAAAAAAAQAAAQ.jpg
1080,A_Gu2hSJ21XQMAAAAAAAAAAAAAAQAAAQ.jpg
1080,A_RleaSrF72YoAAAAAAAAAAAAAAQAAAQ.jpg
1080,A_oh_iToB7r6AAAAAAAAAAAAAAAQAAAQ.jpg
1080,A_Ko_DQaaEx7kAAAAAAAAAAAAAAQAAAQ.jpg
1081,A_60hbQ668dQIAAAAAAAAAAAAAAQAAAQ.jpg
1081,A_cH1eSL7inGoAAAAAAAAAAAAAAQAAAQ.jpg
1081,A_epGUS5JT32sAAAAAAAAAAAAAAQAAAQ.jpg
1081,A_iGL9R4lWEsYAAAAAAAAAAAAAAQAAAQ.jpg
1081,A__pEIT6pryf4AAAAAAAAAAAAAAQAAAQ.jpg
1082,QvcLbsDpSvKcLiWGzlaEsAAAACMAARED.jpg
1082,rzL2DfumQwGQPSX2ijqbAgAAACMAARAD.jpg
1082,Rgvr6lyiRqWVL8JieIh8kAAAACMAARAD.jpg
1082,JFv4UXpRRaKtzSKP2kc8EAAAACMAARED.jpg
1082,ZXx8NQ-MQH-DfzmKhDYWmwAAACMAARAD.jpg
1083,A_btNdT5v0Up8AAAAAAAAAAAAAAQAAAQ.jpg
1083,A_JMpVQIPLGO0AAAAAAAAAAAAAAQAAAQ.jpg
1083,A_FgKSQokVHXAAAAAAAAAAAAAAAQAAAQ.jpg
1083,A_x8JOS4u7bs4AAAAAAAAAAAAAAQAAAQ.jpg
1083,A_N7XoSbxxVuoAAAAAAAAAAAAAAQAAAQ.jpg
1084,8fs2CGxZSHWmR6HKmPb5sAAAACMAARAD.jpg
1084,UpZNm85ASyWzTUKdpSvc0gAAACMAARAD.jpg
1084,FtGxgcSDRMGCD4Rija8SwgAAACMAARAD.jpg
1084,8YOY346kShKHirgD61-n-gAAACMAARAD.jpg
1084,UPRHoV_JQ3O_dsd2q-p8-AAAACMAARAD.jpg
1085,A_1b6ORKcIMgwAAAAAAAAAAAAAAQAAAQ.jpg
1085,A_DUpCQ6vDjPkAAAAAAAAAAAAAAQAAAQ.jpg
1085,A_xdlmSrk9CvMAAAAAAAAAAAAAAQAAAQ.jpg
1085,A_qhhtR72Dh78AAAAAAAAAAAAAAQAAAQ.jpg
1085,A_n5G8TpTkpsIAAAAAAAAAAAAAAQAAAQ.jpg
1086,A_pKCnQquexksAAAAAAAAAAAAAAQAAAQ.jpg
1086,A_a-tMRLNxwCkAAAAAAAAAAAAAAQAAAQ.jpg
1086,A_Jc7ER6FAPKAAAAAAAAAAAAAAAQAAAQ.jpg
1086,A_t0gqTpBpQ78AAAAAAAAAAAAAAQAAAQ.jpg
1086,A_edV7Sa-7BXkAAAAAAAAAAAAAAQAAAQ.jpg
1087,A_ncMyRYfzVT8AAAAAAAAAAAAAAQAAAQ.jpg
1087,A_2gu2S5AOvoQAAAAAAAAAAAAAAQAAAQ.jpg
1087,A_MwZvRondjb0AAAAAAAAAAAAAAQAAAQ.jpg
1087,A_3iYHQ74ICnUAAAAAAAAAAAAAAQAAAQ.jpg
1087,A_TeQRRZTbWcEAAAAAAAAAAAAAAQAAAQ.jpg
1088,AXFWEPoeRAiHJEyMgSYpKAAAACMAARAD.jpg
1088,gVTs-mkXSzyJBDbal4FbcAAAACMAARAD.jpg
1088,wOdCCZv2RqaAJtVz5xU3nwAAACMAARAD.jpg
1088,9J8kZFgORGyv8BM07KbPVQAAACMAARAD.jpg
1088,PCTkH_mRQrO5XThWj_HB_gAAACMAARAD.jpg
1089,A_sAViSqQ4H04AAAAAAAAAAAAAAQAAAQ.jpg
1089,A_ld_MRJQPGzwAAAAAAAAAAAAAAQAAAQ.jpg
1089,A_d2E2QoI65twAAAAAAAAAAAAAAQAAAQ.jpg
1089,A_FjgPTqd3oycAAAAAAAAAAAAAAQAAAQ.jpg
1089,A_pV9sR4eM3wAAAAAAAAAAAAAAAQAAAQ.jpg
1090,A_H8yLSYSTJ6gAAAAAAAAAAAAAAQAAAQ.jpg
1090,A_zCP_SLR8rZkAAAAAAAAAAAAAAQAAAQ.jpg
1090,A_SIDQS4HH4wMAAAAAAAAAAAAAAQAAAQ.jpg
1090,A_ubvzRLcy6KYAAAAAAAAAAAAAAQAAAQ.jpg
1090,A_tdKFRbWwg10AAAAAAAAAAAAAAQAAAQ.jpg
1091,sdCQ0E61RLyy_u1yQZRi7gAAACMAARAD.jpg
1091,_vkpe8yMQj-suZbVnRxJ7wAAACMAARAD.jpg
1091,B6vyySR2SYuM3honl_wTkQAAACMAARAD.jpg
1091,om3lbjtDSqaxjq6humSENAAAACMAARAD.jpg
1091,SmETf96iTw63WbnvK3W_YAAAACMAARAD.jpg
1092,A_GdveS4PrsAUAAAAAAAAAAAAAAQAAAQ.jpg
1092,A_Le8STI6g-m4AAAAAAAAAAAAAAQAAAQ.jpg
1092,A_Pur2TZQGap0AAAAAAAAAAAAAAQAAAQ.jpg
1092,A_-X8jSay5G8wAAAAAAAAAAAAAAQAAAQ.jpg
1092,A_b9PsRLQIc8kAAAAAAAAAAAAAAQAAAQ.jpg
1093,A_24zPQrmLBWsAAAAAAAAAAAAAAQAAAQ.jpg
1093,A_38a7R76vHsoAAAAAAAAAAAAAAQAAAQ.jpg
1093,A_Mpm_SqP95yMAAAAAAAAAAAAAAQAAAQ.jpg
1093,A_IxF1R44off0AAAAAAAAAAAAAAQAAAQ.jpg
1093,A_SVcZRIsgXvYAAAAAAAAAAAAAAQAAAQ.jpg
1094,A_TkAJSIaO-K4AAAAAAAAAAAAAAQAAAQ.jpg
1094,A_S7oPSKP7WukAAAAAAAAAAAAAAQAAAQ.jpg
1094,25CQt5_uTDeOO3DQjTJ-oAAAACMAARAD.jpg
1094,A_6OCbTbi_1u8AAAAAAAAAAAAAAQAAAQ.jpg
1094,A_wV9CRqKJPN8AAAAAAAAAAAAAAQAAAQ.jpg
1095,A_wr_sTYCvQZdgcfJBpTF9hAAAAQAAAQ.jpg
1095,A_S69GTKwC9YQAAAAAAAAAAAAAAQAAAQ.jpg
1095,A_k87NQqil2woAAAAAAAAAAAAAAQAAAQ.jpg
1095,A_wr_sTYCvQZcAAAAAAAAAAAAAAQAAAQ.jpg
1095,A_gW7JTI2zodQAAAAAAAAAAAAAAQAAAQ.jpg
1096,A_qh3YRLPqgHcAAAAAAAAAAAAAAQAAAQ.jpg
1096,A_TQNoRaN-8bsAAAAAAAAAAAAAAQAAAQ.jpg
1096,A_rfniQ79Rnh0AAAAAAAAAAAAAAQAAAQ.jpg
1096,A_9xQ-RLtZM0gAAAAAAAAAAAAAAQAAAQ.jpg
1096,A_bF2bSZmeB5UAAAAAAAAAAAAAAQAAAQ.jpg
1097,A_Mys_SbQnWsoAAAAAAAAAAAAAAQAAAQ.jpg
1097,A_1GAWQq4rXJsAAAAAAAAAAAAAAQAAAQ.jpg
1097,A_715MSIMGyDUAAAAAAAAAAAAAAQAAAQ.jpg
1097,A_5qOAQaqkhAoAAAAAAAAAAAAAAQAAAQ.jpg
1097,A_Yz5lSJ7XeO0AAAAAAAAAAAAAAQAAAQ.jpg
1098,A_-vZ1TLDt7f8AAAAAAAAAAAAAAQAAAQ.jpg
1098,A_RjPNQpoQnsUAAAAAAAAAAAAAAQAAAQ.jpg
1098,A_uTHzSJTRZqoAAAAAAAAAAAAAAQAAAQ.jpg
1098,A_or0vQY1MtoEAAAAAAAAAAAAAAQAAAQ.jpg
1098,A_NZ67S61xhzgAAAAAAAAAAAAAAQAAAQ.jpg
1099,A_icdcSZS8sL8AAAAAAAAAAAAAAQAAAQ.jpg
1099,A__mSSRJPeG_oAAAAAAAAAAAAAAQAAAQ.jpg
1099,A_8aJ2T4AZeP4AAAAAAAAAAAAAAQAAAQ.jpg
1099,A_rN-zQYU5mkcAAAAAAAAAAAAAAQAAAQ.jpg
1099,A_noF5RKuyLo4AAAAAAAAAAAAAAQAAAQ.jpg
1100,A_gstyTqy7GckAAAAAAAAAAAAAAQAAAQ.jpg
1100,A_X47OQqJ0kNwAAAAAAAAAAAAAAQAAAQ.jpg
1100,A_d7JdSatYD2IAAAAAAAAAAAAAAQAAAQ.jpg
1100,A_CLq5QLmsRzoAAAAAAAAAAAAAAQAAAQ.jpg
1100,A_p_DISILE12QAAAAAAAAAAAAAAQAAAQ.jpg
1101,A_4qYZTbQRKjkAAAAAAAAAAAAAAQAAAQ.jpg
1101,A_gIQQRqsfEvwAAAAAAAAAAAAAAQAAAQ.jpg
1101,A_5wM5TIe8COkAAAAAAAAAAAAAAQAAAQ.jpg
1101,A_IETiRaUmTJ0AAAAAAAAAAAAAAQAAAQ.jpg
1101,A_cO-gTLZL-b4AAAAAAAAAAAAAAQAAAQ.jpg
1102,A_ODxySbMXPe8AAAAAAAAAAAAAAQAAAQ.jpg
1102,A_VivgTJjSArkAAAAAAAAAAAAAAQAAAQ.jpg
1102,A_sOJQTKOrrOIAAAAAAAAAAAAAAQAAAQ.jpg
1102,A_RO1fR6F-L9gAAAAAAAAAAAAAAQAAAQ.jpg
1102,A_SSQ3RqC7hpMAAAAAAAAAAAAAAQAAAQ.jpg
1103,A_iayXTJKIG6QAAAAAAAAAAAAAAQAAAQ.jpg
1103,A_FL8iSoB32Z5u8MNGv0zDTgAAAQAAAQ.jpg
1103,A_WXpjT4jh7T0AAAAAAAAAAAAAAQAAAQ.jpg
1103,A_WXpjT4jh7T1VzHBGq2BREgAAAQAAAQ.jpg
1103,A_FL8iSoB32Z7MAptHnTYoHAAAAQAAAQ.jpg
1104,A_t-L9Qbpb8B0AAAAAAAAAAAAAAQAAAQ.jpg
1104,A_0M9eRJGl86YAAAAAAAAAAAAAAQAAAQ.jpg
1104,A_bKh7S5_aoLAAAAAAAAAAAAAAAQAAAQ.jpg
1104,A_z1ntRKK_DRAAAAAAAAAAAAAAAQAAAQ.jpg
1104,A_E6oOQKsBuUcAAAAAAAAAAAAAAQAAAQ.jpg
1105,A_d9XKT5bgdjkAAAAAAAAAAAAAAQAAAQ.jpg
1105,A_roWQR668rkYAAAAAAAAAAAAAAQAAAQ.jpg
1105,A_V_SJRZrY_dcAAAAAAAAAAAAAAQAAAQ.jpg
1105,A_WE47R6-tWsIAAAAAAAAAAAAAAQAAAQ.jpg
1105,A_bxoTSouAg0cAAAAAAAAAAAAAAQAAAQ.jpg
1106,A_BifxT5iFr6AAAAAAAAAAAAAAAQAAAQ.jpg
1106,A_Mu0DS7k8kNQAAAAAAAAAAAAAAQAAAQ.jpg
1106,A_mZcJQ7dYTWYAAAAAAAAAAAAAAQAAAQ.jpg
1106,A_kNxbQIjXrjUAAAAAAAAAAAAAAQAAAQ.jpg
1106,A_att1Rr8q37oAAAAAAAAAAAAAAQAAAQ.jpg
1107,A_qIx-T4RweQwAAAAAAAAAAAAAAQAAAQ.jpg
1107,A_FcQ0QqURocsAAAAAAAAAAAAAAQAAAQ.jpg
1107,A_KV6PRKnOES8AAAAAAAAAAAAAAQAAAQ.jpg
1107,A_k3XRT4dPTl0AAAAAAAAAAAAAAQAAAQ.jpg
1107,A_FcQ0QqURocu0RWVJgfBUcAAAAQAAAQ.jpg
1108,A_iKwNQrvvX20AAAAAAAAAAAAAAQAAAQ.jpg
1108,A_IjlXQ4yOsn0AAAAAAAAAAAAAAQAAAQ.jpg
1108,A_qn0rT7F8gC0AAAAAAAAAAAAAAQAAAQ.jpg
1108,A_VSFBQqalerIAAAAAAAAAAAAAAQAAAQ.jpg
1108,A_jMIdS7-NLgQAAAAAAAAAAAAAAQAAAQ.jpg
1109,A_QlgkQptIBXAAAAAAAAAAAAAAAQAAAQ.jpg
1109,A_wHfvSZZGj9oAAAAAAAAAAAAAAQAAAQ.jpg
1109,A_QQQNRJYkYgIAAAAAAAAAAAAAAQAAAQ.jpg
1109,A_aLmFQLtEG9QAAAAAAAAAAAAAAQAAAQ.jpg
1109,A_UreHQKzOW34AAAAAAAAAAAAAAQAAAQ.jpg
1110,O1CN01iXL1IF1g5itIgXOee_!!0-mtopupload.jpg
1110,O1CN01YEMR1H1bgIRWQod02_!!0-mtopupload.jpg
1110,O1CN01TU5ZpO28dtgk7zbkH_!!0-mtopupload.jpg
1110,O1CN01YkqTMI27OUkekfQ7j_!!0-mtopupload.jpg
1110,O1CN014VSXna1N7ZnRJgrXx_!!6000000001523-0-antinsbiocamera.jpg
1111,A_RQYdRYswh3QAAAAAAAAAAAAAAQAAAQ.jpg
1111,A_W_0RTq7-DnYAAAAAAAAAAAAAAQAAAQ.jpg
1111,A_CNcnSbEQ_wMAAAAAAAAAAAAAAQAAAQ.jpg
1111,A_fXjfS4xiHOcAAAAAAAAAAAAAAQAAAQ.jpg
1111,A_lLMjQ5Dwav0AAAAAAAAAAAAAAQAAAQ.jpg
1112,A_wzWcRJLElvIAAAAAAAAAAAAAAQAAAQ.jpg
1112,A_K8JAQ7ZeTJoAAAAAAAAAAAAAAQAAAQ.jpg
1112,A_bvuXTIFoSsAAAAAAAAAAAAAAAQAAAQ.jpg
1112,A_nYVPR4Cf2scAAAAAAAAAAAAAAQAAAQ.jpg
1112,A_aqF9S680s58AAAAAAAAAAAAAAQAAAQ.jpg
1113,A_pTLoSbI-qgsAAAAAAAAAAAAAAQAAAQ.jpg
1113,A_Nx_YRITqZxkAAAAAAAAAAAAAAQAAAQ.jpg
1113,A_kM5NTbL0CyxPX-pKuCGF2wAAAQAAAQ.jpg
1113,A_kM5NTbL0CywAAAAAAAAAAAAAAQAAAQ.jpg
1113,A_kM5NTbL0CyxoFdlNpGb7VQAAAQAAAQ.jpg
1114,A_77c1T6rfTUsAAAAAAAAAAAAAAQAAAQ.jpg
1114,A_R8wxTZVz8xAAAAAAAAAAAAAAAQAAAQ.jpg
1114,A_wBmETba-oHMAAAAAAAAAAAAAAQAAAQ.jpg
1114,A_IQhZS7MZ5UsAAAAAAAAAAAAAAQAAAQ.jpg
1114,A_2G71SpJ-EHIAAAAAAAAAAAAAAQAAAQ.jpg
1115,A_HbbBQrufhlEAAAAAAAAAAAAAAQAAAQ.jpg
1115,A_-69GQYdVNIUAAAAAAAAAAAAAAQAAAQ.jpg
1115,A_l2suSroD4ScAAAAAAAAAAAAAAQAAAQ.jpg
1115,A_nInvSZTpjMsAAAAAAAAAAAAAAQAAAQ.jpg
1115,A_hGW5Q5KFr6QAAAAAAAAAAAAAAQAAAQ.jpg
1116,A_wOS-TLMxjHQAAAAAAAAAAAAAAQAAAQ.jpg
1116,A_VG-YQpuexSkAAAAAAAAAAAAAAQAAAQ.jpg
1116,A_g_xgR7cIalsAAAAAAAAAAAAAAQAAAQ.jpg
1116,A_FbEDQoYuBQMAAAAAAAAAAAAAAQAAAQ.jpg
1116,A_m_i3RbJrDxIAAAAAAAAAAAAAAQAAAQ.jpg
1117,A_8J07S5DzStQAAAAAAAAAAAAAAQAAAQ.jpg
1117,A_dlmgRo_oldUAAAAAAAAAAAAAAQAAAQ.jpg
1117,A_k7DxT5Gz6SIAAAAAAAAAAAAAAQAAAQ.jpg
1117,A_G7VjTZACiQYAAAAAAAAAAAAAAQAAAQ.jpg
1117,A_NLiSTYMj0WkAAAAAAAAAAAAAAQAAAQ.jpg
1118,A_MxiKSY7NNlMAAAAAAAAAAAAAAQAAAQ.jpg
1118,A_tJ7STa6V5ToAAAAAAAAAAAAAAQAAAQ.jpg
1118,A_7PN5T65vO68AAAAAAAAAAAAAAQAAAQ.jpg
1118,A_iXq8QJCeCy4AAAAAAAAAAAAAAQAAAQ.jpg
1118,A_KTuVQ67_wFIAAAAAAAAAAAAAAQAAAQ.jpg
1119,A_auvNT4cpdIMAAAAAAAAAAAAAAQAAAQ.jpg
1119,A_LjyiSZfGsfAAAAAAAAAAAAAAAQAAAQ.jpg
1119,A_HMWOTLVvaEMAAAAAAAAAAAAAAQAAAQ.jpg
1119,A_Uy_bRKThl3AAAAAAAAAAAAAAAQAAAQ.jpg
1119,A_D5NHQrZZVOkAAAAAAAAAAAAAAQAAAQ.jpg
1120,A_B2LfSLr20SMAAAAAAAAAAAAAAQAAAQ.jpg
1120,A_M2CvQLv1G3EAAAAAAAAAAAAAAQAAAQ.jpg
1120,A_lxlDRaC4NWUAAAAAAAAAAAAAAQAAAQ.jpg
1120,A_pRjjS6safMIAAAAAAAAAAAAAAQAAAQ.jpg
1120,A_hue4RIPIyfQAAAAAAAAAAAAAAQAAAQ.jpg
1121,A_zVhtRYf9rE8AAAAAAAAAAAAAAQAAAQ.jpg
1121,A_9KINTJ4iGFoAAAAAAAAAAAAAAQAAAQ.jpg
1121,A_5letRIenFlQAAAAAAAAAAAAAAQAAAQ.jpg
1121,A_dodfTa33rYcAAAAAAAAAAAAAAQAAAQ.jpg
1121,A_37WhSJw2554AAAAAAAAAAAAAAQAAAQ.jpg
1122,GwOYXAEDRLeyg7wC_0LgDwAAACMAARAD.jpg
1122,Y1vUQQVTRxOOQHWY8wHIwgAAACMAARAD.jpg
1122,n9xD4oOsRXWSqDZAC7smVAAAACMAARAD.jpg
1122,onsSjDDzRqG31NT0rRs_swAAACMAARAD.jpg
1122,m_5zhRkbSMu5vw7llt8mkwAAACMAARAD.jpg
1123,A_hWLLS5w4jVMAAAAAAAAAAAAAAQAAAQ.jpg
1123,A_t5c5RJFt1hgAAAAAAAAAAAAAAQAAAQ.jpg
1123,A_GF4IS5opT4YAAAAAAAAAAAAAAQAAAQ.jpg
1123,A_ihMBQJo2iAQAAAAAAAAAAAAAAQAAAQ.jpg
1123,A_yReATZoqUFsAAAAAAAAAAAAAAQAAAQ.jpg
1124,A_iOH2RIMF9QQAAAAAAAAAAAAAAQAAAQ.jpg
1124,A_1qQoSLlGCgsAAAAAAAAAAAAAAQAAAQ.jpg
1124,A_CRw-SrjNmvwAAAAAAAAAAAAAAQAAAQ.jpg
1124,A_lp5iQKYLtB0AAAAAAAAAAAAAAQAAAQ.jpg
1124,A_uyR-QqCOapAAAAAAAAAAAAAAAQAAAQ.jpg
1125,VBelDTUsSOa_WDtLCujT-QAAACMAARAD.jpg
1125,kXvo9eWdTUmjYfBJIhdYpgAAACMAARAD.jpg
1125,Rkc6HMMeQl-M61il9DO3NwAAACMAARAD.jpg
1125,iHeFsL3kRaCAcO0AHdSHKgAAACMAARAD.jpg
1125,nlrpVOlBQiWK-z93mS_eEAAAACMAARAD.jpg
1126,A_HhxyQL9gYGUAAAAAAAAAAAAAAQAAAQ.jpg
1126,A_VY3_TYOVHjgAAAAAAAAAAAAAAQAAAQ.jpg
1126,A_5GTsRr6O_88AAAAAAAAAAAAAAQAAAQ.jpg
1126,A_aCCFTrbmTJkAAAAAAAAAAAAAAQAAAQ.jpg
1126,A_GRyhSZMqY4gAAAAAAAAAAAAAAQAAAQ.jpg
1127,A_cv_aSrKbrR4AAAAAAAAAAAAAAQAAAQ.jpg
1127,A_uWw2SqTXfnIAAAAAAAAAAAAAAQAAAQ.jpg
1127,A_Q8xwT5SqAD8AAAAAAAAAAAAAAQAAAQ.jpg
1127,A_baWZQYv0CFoAAAAAAAAAAAAAAQAAAQ.jpg
1127,A_dkuGSojetMAAAAAAAAAAAAAAAQAAAQ.jpg
1128,Rf7tyWImSdOeNPLdNNw81AAAACMAARAD.jpg
1128,JuZecnM8SX-aFwF6_S36uQAAACMAARAD.jpg
1128,yppK_1ImSAq3JjoqR695RAAAACMAARAD.jpg
1128,4KQpBzyZSamVwTWTXe2TfwAAACMAARAD.jpg
1128,tjAEi3wKTxKGmCTKTlhASAAAACMAARAD.jpg
1129,A_EPZKQ52lIGIAAAAAAAAAAAAAAQAAAQ.jpg
1129,A_E6ntT6znRYwAAAAAAAAAAAAAAQAAAQ.jpg
1129,A_AO6YR580vhYAAAAAAAAAAAAAAQAAAQ.jpg
1129,A_p8NaRIvLJY4AAAAAAAAAAAAAAQAAAQ.jpg
1129,A_UC12RLXlvd0AAAAAAAAAAAAAAQAAAQ.jpg
1130,A_Vr07SYCFzBIAAAAAAAAAAAAAAQAAAQ.jpg
1130,A_tinpT6sfDeIAAAAAAAAAAAAAAQAAAQ.jpg
1130,A_f_EJTYYcAxsAAAAAAAAAAAAAAQAAAQ.jpg
1130,A_mVa2T6hHzikAAAAAAAAAAAAAAQAAAQ.jpg
1130,A_FCSKRaG0K14AAAAAAAAAAAAAAQAAAQ.jpg
1131,BieKW3AnT7yzHj1qpyQpNwAAACMAARAD.jpg
1131,iXA77hbXRxmp6xoyhGjMqAAAACMAARED.jpg
1131,Nw0bGokPTOe7Hhg_2q8cHwAAACMAARAD.jpg
1131,PZsDikb1SfKGwli6OvdsrQAAACMAARED.jpg
1131,A_FB_GTII7q0KZpxFOk3A8TgAAAQAAAQ.jpg
1132,A_0VuDQ6Qr4kcAAAAAAAAAAAAAAQAAAQ.jpg
1132,A_7ko_QaZqrJAAAAAAAAAAAAAAAQAAAQ.jpg
1132,A_0LicRalf-TUAAAAAAAAAAAAAAQAAAQ.jpg
1132,A_n8nqRIyaMpUAAAAAAAAAAAAAAQAAAQ.jpg
1132,A_6ngMS5mACEMAAAAAAAAAAAAAAQAAAQ.jpg
1133,A_H3wARpYFufUAAAAAAAAAAAAAAQAAAQ.jpg
1133,A_ZL8USZgYNmcAAAAAAAAAAAAAAQAAAQ.jpg
1133,A_ad8nT5yT3DAAAAAAAAAAAAAAAQAAAQ.jpg
1133,A_snkTTr2aumcAAAAAAAAAAAAAAQAAAQ.jpg
1133,A_yYlOQ60uc-EAAAAAAAAAAAAAAQAAAQ.jpg
1134,A_Ki-aRoaGsIAAAAAAAAAAAAAAAQAAAQ.jpg
1134,A_yqp3R7FppsgAAAAAAAAAAAAAAQAAAQ.jpg
1134,A_OkYTRYiRulIAAAAAAAAAAAAAAQAAAQ.jpg
1134,A_2HGfSpijN2cAAAAAAAAAAAAAAQAAAQ.jpg
1134,A_PspRQIvXpFQAAAAAAAAAAAAAAQAAAQ.jpg
1135,A_e-mTQJFBuAIAAAAAAAAAAAAAAQAAAQ.jpg
1135,A_r6uPTbLU0D4AAAAAAAAAAAAAAQAAAQ.jpg
1135,A_8N2MQo0gQp0AAAAAAAAAAAAAAQAAAQ.jpg
1135,A_DlsSSImSBywAAAAAAAAAAAAAAQAAAQ.jpg
1135,A_MfnkSquf4P8AAAAAAAAAAAAAAQAAAQ.jpg
1136,niyuB9PYTUmGSkyv6erpDgAAACMAARAD.jpg
1136,jn5DUfy6SdGNumPJVEJ_pAAAACMAARAD.jpg
1136,NGtELFtjTbKCiQNq0VSqZQAAACMAARAD.jpg
1136,QEqh4Jk4SsqmL6upthIf2AAAACMAARAD.jpg
1136,H_R9uwtCTDuerXsDoBJ_7AAAACMAARAD.jpg
1137,A_3c3OQ6cpdwcAAAAAAAAAAAAAAQAAAQ.jpg
1137,A_cQnJSL6koPgAAAAAAAAAAAAAAQAAAQ.jpg
1137,A_xKgBRrxe-64AAAAAAAAAAAAAAQAAAQ.jpg
1137,A_-WSZT5AnDHIAAAAAAAAAAAAAAQAAAQ.jpg
1137,A_hZCRTrdq6R4AAAAAAAAAAAAAAQAAAQ.jpg
1138,A_7N1oT5xPAMkAAAAAAAAAAAAAAQAAAQ.jpg
1138,A__ai_QZ9hC9UAAAAAAAAAAAAAAQAAAQ.jpg
1138,A_VjhnQKwjl5QAAAAAAAAAAAAAAQAAAQ.jpg
1138,A_In9bTaj1L0YAAAAAAAAAAAAAAQAAAQ.jpg
1138,A_GZqTTZYMtUEAAAAAAAAAAAAAAQAAAQ.jpg
1139,A_gxRLQJMwYrAAAAAAAAAAAAAAAQAAAQ.jpg
1139,A_OdThSaaYy_UAAAAAAAAAAAAAAQAAAQ.jpg
1139,A_dTsyT5TabDMAAAAAAAAAAAAAAQAAAQ.jpg
1139,A_vMKGRLnsnyUAAAAAAAAAAAAAAQAAAQ.jpg
1139,A_oVgvSK7l35QAAAAAAAAAAAAAAQAAAQ.jpg
1140,A_BD90SrLoKeb6IOJBurzX9AAAAQAAAQ.jpg
1140,A_2srEQaqVAmUAAAAAAAAAAAAAAQAAAQ.jpg
1140,A_hR-_QKCcOpIAAAAAAAAAAAAAAQAAAQ.jpg
1140,A_ZMvSRbbOmRAAAAAAAAAAAAAAAQAAAQ.jpg
1140,A_BD90SrLoKeaXEnpFnm3RTwAAAQAAAQ.jpg
1141,A_FYh5S5dd_PcAAAAAAAAAAAAAAQAAAQ.jpg
1141,A_QEHmTbrjVF4AAAAAAAAAAAAAAQAAAQ.jpg
1141,A_5vDaSopUHmsAAAAAAAAAAAAAAQAAAQ.jpg
1141,A_DxCcQqOewKoAAAAAAAAAAAAAAQAAAQ.jpg
1141,A_4v-YS6NYh_kAAAAAAAAAAAAAAQAAAQ.jpg
1142,A_oAFLRLtmsdMAAAAAAAAAAAAAAQAAAQ.jpg
1142,A_GpbuTINdHbkAAAAAAAAAAAAAAQAAAQ.jpg
1142,A_4hKFSK-po2AAAAAAAAAAAAAAAQAAAQ.jpg
1142,A_cvAHQreY99wAAAAAAAAAAAAAAQAAAQ.jpg
1142,A_oJ7MS5eKfysAAAAAAAAAAAAAAQAAAQ.jpg
1143,A_Tx2KTLr_bp4AAAAAAAAAAAAAAQAAAQ.jpg
1143,A_KiTNRorGC14AAAAAAAAAAAAAAQAAAQ.jpg
1143,A_Adq2Tblm43IAAAAAAAAAAAAAAQAAAQ.jpg
1143,A_r_PURJzlhUMAAAAAAAAAAAAAAQAAAQ.jpg
1143,A_8UZ3TpJ_z-gAAAAAAAAAAAAAAQAAAQ.jpg
1144,A_3YkPR7d1mM4AAAAAAAAAAAAAAQAAAQ.jpg
1144,A_jE7qR53o724AAAAAAAAAAAAAAQAAAQ.jpg
1144,A_xUN1RYw7jcgAAAAAAAAAAAAAAQAAAQ.jpg
1144,A_yR34Tpr7oEMAAAAAAAAAAAAAAQAAAQ.jpg
1144,A_VWAQSakHPuwAAAAAAAAAAAAAAQAAAQ.jpg
1145,A_uNq4R5igZiYAAAAAAAAAAAAAAQAAAQ.jpg
1145,A_9xWURpsJeFYAAAAAAAAAAAAAAQAAAQ.jpg
1145,A_VfYkR6UtUhoAAAAAAAAAAAAAAQAAAQ.jpg
1145,A_RqGaT4tgB8sAAAAAAAAAAAAAAQAAAQ.jpg
1145,A_4910TIsR69wAAAAAAAAAAAAAAQAAAQ.jpg
1146,A_4bAGQ5rIlD8AAAAAAAAAAAAAAQAAAQ.jpg
1146,A_RvVtRbtYj6oAAAAAAAAAAAAAAQAAAQ.jpg
1146,A_9ROOTYvMawQAAAAAAAAAAAAAAQAAAQ.jpg
1146,A_jRWTTb005m8AAAAAAAAAAAAAAQAAAQ.jpg
1146,A_KgGMT4o9QZ0AAAAAAAAAAAAAAQAAAQ.jpg
1147,A_4B2HQZpsjLsAAAAAAAAAAAAAAQAAAQ.jpg
1147,A_EPFITaWMYkcAAAAAAAAAAAAAAQAAAQ.jpg
1147,A_wTBHQLVTWpIAAAAAAAAAAAAAAQAAAQ.jpg
1147,A_g-7bTKBvwZgAAAAAAAAAAAAAAQAAAQ.jpg
1147,A_hZmCRZCUR1kAAAAAAAAAAAAAAQAAAQ.jpg
1148,A_hUSJRZQvaFAAAAAAAAAAAAAAAQAAAQ.jpg
1148,A_SUGxRYMFoUkAAAAAAAAAAAAAAQAAAQ.jpg
1148,A_r09ITaFOZuUAAAAAAAAAAAAAAQAAAQ.jpg
1148,A_9pHZSop6_4kAAAAAAAAAAAAAAQAAAQ.jpg
1148,A_o9XlR7bXHzYAAAAAAAAAAAAAAQAAAQ.jpg
1149,_j4Fy_LZRVOy7heP3qZFtwAAACMAARED.jpg
1149,NYbUe8k4QKa9GWHArdbD3AAAACMAARED.jpg
1149,nemBfspqTmSwG-8dIHJOtwAAACMAARAD.jpg
1149,87Ud4sAjRnikKgOBK4lZ0AAAACMAARED.jpg
1149,crnZHu4lQMmj6VWzCaw6TgAAACMAARAD.jpg
1150,A_ccDFRJJgbtIAAAAAAAAAAAAAAQAAAQ.jpg
1150,A_a9r9Rpz61BcAAAAAAAAAAAAAAQAAAQ.jpg
1150,A_BTGhRL3hvxwAAAAAAAAAAAAAAQAAAQ.jpg
1150,A_VSe4QrbJjMcAAAAAAAAAAAAAAQAAAQ.jpg
1150,A_ARs4S5uu-scAAAAAAAAAAAAAAQAAAQ.jpg
1151,A_Zq-wSaT7ot8AAAAAAAAAAAAAAQAAAQ.jpg
1151,A_kiLeTKqEGUkAAAAAAAAAAAAAAQAAAQ.jpg
1151,A_xNCNSreklsIAAAAAAAAAAAAAAQAAAQ.jpg
1151,A_l_WDRZSqqCQAAAAAAAAAAAAAAQAAAQ.jpg
1151,A_gBw2Q6_QWsUAAAAAAAAAAAAAAQAAAQ.jpg
1152,A_wOfbQoNWSAQAAAAAAAAAAAAAAQAAAQ.jpg
1152,A_rGSuTZXVuRUAAAAAAAAAAAAAAQAAAQ.jpg
1152,A_2PhBQZl-wekAAAAAAAAAAAAAAQAAAQ.jpg
1152,A_7OgCTLT7J9AAAAAAAAAAAAAAAQAAAQ.jpg
1152,A_rGSuTZXVuRUGn2pDh9p9vgAAAQAAAQ.jpg
1153,A_FSCJRYy3dFwAAAAAAAAAAAAAAQAAAQ.jpg
1153,A_wlP4RZZzpEgAAAAAAAAAAAAAAQAAAQ.jpg
1153,A_jXO8TqgUNaEAAAAAAAAAAAAAAQAAAQ.jpg
1153,A_gOJ8T7kQaDgAAAAAAAAAAAAAAQAAAQ.jpg
1153,A_hsJDSo4xcbkAAAAAAAAAAAAAAQAAAQ.jpg
1154,FqkFbyh3S-iRdiuoyQkTsQAAACMAARAD.jpg
1154,O4evSscSQOaRanT5DclZ5wAAACMAARAD.jpg
1154,cOr4Q-vIToudfDTJK_hYsQAAACMAARAD.jpg
1154,Fv9FYvAkQc6AGTP11upBrwAAACMAARAD.jpg
1154,A_PXxiSIQQDWkAAAAAAAAAAAAAAQAAAQ.jpg
1155,A_8HNgToSMI-0AAAAAAAAAAAAAAQAAAQ.jpg
1155,A_Aw59RY7js60AAAAAAAAAAAAAAQAAAQ.jpg
1155,A_tTIcQp5givIAAAAAAAAAAAAAAQAAAQ.jpg
1155,A_pGBkRrTqPD0AAAAAAAAAAAAAAQAAAQ.jpg
1155,A_MjewSKBgq9EAAAAAAAAAAAAAAQAAAQ.jpg
1156,NHtoXmJsQbC2oYEEvNh-agAAACMAARAD.jpg
1156,7B--srC_TKKKH1ccdVhHJQAAACMAARAD.jpg
1156,eQT1_8OmRpKNZ41LUV90mQAAACMAARAD.jpg
1156,2iEC5ZrsSa2JpfKnTQbADQAAACMAARAD.jpg
1156,dRX2p0mwRrumfcxLhB9tHAAAACMAARAD.jpg
1157,A_hwdWQq75_mQAAAAAAAAAAAAAAQAAAQ.jpg
1157,A_KKQgQ7mQpz4AAAAAAAAAAAAAAQAAAQ.jpg
1157,A_PLpYQbchnYsAAAAAAAAAAAAAAQAAAQ.jpg
1157,A_kqGGQIlQbEIAAAAAAAAAAAAAAQAAAQ.jpg
1157,A_6xTOT6mkZzUAAAAAAAAAAAAAAQAAAQ.jpg
1158,A_gleuQrcJ404AAAAAAAAAAAAAAQAAAQ.jpg
1158,A_ojwmQZn-s4QAAAAAAAAAAAAAAQAAAQ.jpg
1158,A_VSHyQ5E3b6kAAAAAAAAAAAAAAQAAAQ.jpg
1158,A_wNo8Squ-ZpAAAAAAAAAAAAAAAQAAAQ.jpg
1158,A_kPvdTbagJ9MAAAAAAAAAAAAAAQAAAQ.jpg
1159,A_3hHGTIRrcnwAAAAAAAAAAAAAAQAAAQ.jpg
1159,A_ErnBQ6DQzEoAAAAAAAAAAAAAAQAAAQ.jpg
1159,A_3BuiQbibhO8AAAAAAAAAAAAAAQAAAQ.jpg
1159,A_rsioTJ5AOrcAAAAAAAAAAAAAAQAAAQ.jpg
1159,A_PKUBTpVo1sQAAAAAAAAAAAAAAQAAAQ.jpg
1160,A_846cT62QLOEAAAAAAAAAAAAAAQAAAQ.jpg
1160,A_3muFRpfosX0AAAAAAAAAAAAAAQAAAQ.jpg
1160,A_OtoGQIQE13QAAAAAAAAAAAAAAQAAAQ.jpg
1160,A_qQf9R5n-NaZuA4BJgsZMVwAAAQAAAQ.jpg
1160,A_qQf9R5n-NaYAAAAAAAAAAAAAAQAAAQ.jpg
1161,A_vzFyQL-m9f0AAAAAAAAAAAAAAQAAAQ.jpg
1161,A_p05OT6oYxSoAAAAAAAAAAAAAAQAAAQ.jpg
1161,A_h8ycS56cyH0AAAAAAAAAAAAAAQAAAQ.jpg
1161,A_bPvCSq08KBsAAAAAAAAAAAAAAQAAAQ.jpg
1161,A_qo9KQ6YZpa0AAAAAAAAAAAAAAQAAAQ.jpg
1162,A_m8smT6igYF8AAAAAAAAAAAAAAQAAAQ.jpg
1162,A_8wJfSLcHUG4AAAAAAAAAAAAAAQAAAQ.jpg
1162,A_4OAEQbtm3HIAAAAAAAAAAAAAAQAAAQ.jpg
1162,A_q7aRSpBENVQAAAAAAAAAAAAAAQAAAQ.jpg
1162,A_ymJiRJSSrC0AAAAAAAAAAAAAAQAAAQ.jpg
1163,A__YxFR6NzEjQAAAAAAAAAAAAAAQAAAQ.jpg
1163,A__YxFR6NzEjQecYhCqT3cqQAAAQAAAQ.jpg
1163,A_akXfRKCJyToAAAAAAAAAAAAAAQAAAQ.jpg
1163,A_pOfiQ7jDy15GaENDjjN7nQAAAQAAAQ.jpg
1163,A_pOfiQ7jDy14AAAAAAAAAAAAAAQAAAQ.jpg
1164,A_JiP8RIdhMFgAAAAAAAAAAAAAAQAAAQ.jpg
1164,A_ap0DRppYXI0AAAAAAAAAAAAAAQAAAQ.jpg
1164,A_Vu_PRqVmM8AAAAAAAAAAAAAAAQAAAQ.jpg
1164,A__z-iTZs2YvEAAAAAAAAAAAAAAQAAAQ.jpg
1164,A_bmExSKHslRkAAAAAAAAAAAAAAQAAAQ.jpg
1165,A_WgcxSLmAZ9YAAAAAAAAAAAAAAQAAAQ.jpg
1165,A_lWreSpZxhyAAAAAAAAAAAAAAAQAAAQ.jpg
1165,A_SXGPT6VlGv0AAAAAAAAAAAAAAQAAAQ.jpg
1165,A_HmXwR5kRF3UAAAAAAAAAAAAAAQAAAQ.jpg
1165,A_Ba6QQqFUsP4AAAAAAAAAAAAAAQAAAQ.jpg
1166,A_2n3hQr-JmJQAAAAAAAAAAAAAAQAAAQ.jpg
1166,A_mbl7SbkDKR4AAAAAAAAAAAAAAQAAAQ.jpg
1166,A_cFBbQb-i068AAAAAAAAAAAAAAQAAAQ.jpg
1166,A_-iUaTI4TKcgAAAAAAAAAAAAAAQAAAQ.jpg
1166,A_EZU5Q47i9PQAAAAAAAAAAAAAAQAAAQ.jpg
1167,A_dLjnR7Wqd6IAAAAAAAAAAAAAAQAAAQ.jpg
1167,A_Rh_cT7z_w7wAAAAAAAAAAAAAAQAAAQ.jpg
1167,A_LUkoSJrXkSUAAAAAAAAAAAAAAQAAAQ.jpg
1167,A_jJAcQ7WPCaYAAAAAAAAAAAAAAQAAAQ.jpg
1167,A_Va1UTrmeizMAAAAAAAAAAAAAAQAAAQ.jpg
1168,A_d1iSRoW_qgQAAAAAAAAAAAAAAQAAAQ.jpg
1168,A_KQxIT7wL_kgAAAAAAAAAAAAAAQAAAQ.jpg
1168,A_fR9dQ5HrbU4AAAAAAAAAAAAAAQAAAQ.jpg
1168,A_KNPtSqaKcSkAAAAAAAAAAAAAAQAAAQ.jpg
1168,A_rSzhRpb8U-sAAAAAAAAAAAAAAQAAAQ.jpg
1169,A_PYU8Qr4rH5YAAAAAAAAAAAAAAQAAAQ.jpg
1169,A_v-mDS7qZe7oAAAAAAAAAAAAAAQAAAQ.jpg
1169,A_wgQ0TJWkZmUAAAAAAAAAAAAAAQAAAQ.jpg
1169,A_Tt6HTJdxA1kAAAAAAAAAAAAAAQAAAQ.jpg
1169,A_YlkgQbNnNSoAAAAAAAAAAAAAAQAAAQ.jpg
1170,z7SRCrsfQqCFkfL-WxvKkAAAACMAARAD.jpg
1170,WmmQfVkFSa6ES7uWWRqn-gAAACMAARAD.jpg
1170,WpudhUmPQtCbPSRoq9BnHgAAACMAARAD.jpg
1170,8Qwjp3LcQ3iDOb7i9kMsegAAACMAARAD.jpg
1170,ejYUJjUrTHmLuE2JKdcsRgAAACMAARAD.jpg
1171,A_qK0OTL76_bMAAAAAAAAAAAAAAQAAAQ.jpg
1171,A_20a-RY7U9B0AAAAAAAAAAAAAAQAAAQ.jpg
1171,A_GKxxTacH56QAAAAAAAAAAAAAAQAAAQ.jpg
1171,A_FxEiTbFDhBMAAAAAAAAAAAAAAQAAAQ.jpg
1171,A_fDM3T7_Er0wAAAAAAAAAAAAAAQAAAQ.jpg
1172,O1CN01fjcDg01yHK0TN1bE3_!!0-mtopupload.jpg
1172,O1CN01FwhDIF1wj8peOpsqy_!!0-mtopupload.jpg
1172,O1CN018y9zNy1b2RyzTX0bZ_!!0-mtopupload.jpg
1172,O1CN017Zqu3U1WkLrs8drP0_!!0-mtopupload.jpg
1172,O1CN01i3vtpY1iOA4ELUKNq_!!0-mtopupload.jpg
1172,O1CN01ukFKMv1kRwZQAdP64_!!0-mtopupload.jpg
1173,A_z0kCQr_tfJQAAAAAAAAAAAAAAQAAAQ.jpg
1173,A_-sFNQYiDmkoAAAAAAAAAAAAAAQAAAQ.jpg
1173,A_uMyGRoe6OD4AAAAAAAAAAAAAAQAAAQ.jpg
1173,A_DC12To5UBZwAAAAAAAAAAAAAAQAAAQ.jpg
1173,A_wmmCTbdk_3cAAAAAAAAAAAAAAQAAAQ.jpg
1173,A_vxNlQoSOcesAAAAAAAAAAAAAAQAAAQ.jpg
1174,A_z9eNSqTAEzAAAAAAAAAAAAAAAQAAAQ.jpg
1174,A_a9EBQ5lnoo0AAAAAAAAAAAAAAQAAAQ.jpg
1174,A_2DA2SZLf5vEAAAAAAAAAAAAAAQAAAQ.jpg
1174,A_UIM0T5DUSJMAAAAAAAAAAAAAAQAAAQ.jpg
1174,A_7HodQI2rtSUAAAAAAAAAAAAAAQAAAQ.jpg
1174,A_K0ldRalVubcAAAAAAAAAAAAAAQAAAQ.jpg
1175,A_Kon7SakBEH4AAAAAAAAAAAAAAQAAAQ.jpg
1175,A_g9o_RrSonkcAAAAAAAAAAAAAAQAAAQ.jpg
1175,A_Kz9WTLtYMqQAAAAAAAAAAAAAAQAAAQ.jpg
1175,A_rqlSTbb2yeIAAAAAAAAAAAAAAQAAAQ.jpg
1175,A_m8sWQpOHV-EAAAAAAAAAAAAAAQAAAQ.jpg
1175,A_M6rDSaJqguwAAAAAAAAAAAAAAQAAAQ.jpg
1176,A_qpwOTZvgL9EAAAAAAAAAAAAAAQAAAQ.jpg
1176,A_0fKgSYxegzcAAAAAAAAAAAAAAQAAAQ.jpg
1176,A_qlKSQJ59vsgAAAAAAAAAAAAAAQAAAQ.jpg
1176,A_m-aWTY3Ot-AAAAAAAAAAAAAAAQAAAQ.jpg
1176,A_YzaKT4AwIvIAAAAAAAAAAAAAAQAAAQ.jpg
1176,A_D9w_QbDG9s4AAAAAAAAAAAAAAQAAAQ.jpg
1177,vGAKq-TMTNeV5LTAlBj5ggAAACMAARAD.jpg
1177,ydJW6409RSKvBzpK1xzS0QAAACMAARAD.jpg
1177,fcg3fFELSXuinicx0-hYRQAAACMAARAD.jpg
1177,FjU3DCiVRJi-p0oNR-tAGgAAACMAARAD.jpg
1177,5H_5JzzcTemv0Pp6LV4d1AAAACMAARAD.jpg
1177,xwiaT4SHTLGOVAZCtHq9yQAAACMAARAD.jpg
1178,A_T2lFRJy5a2gAAAAAAAAAAAAAAQAAAQ.jpg
1178,A_naL1RJ86jCoAAAAAAAAAAAAAAQAAAQ.jpg
1178,A_hs3nRoC1zt8AAAAAAAAAAAAAAQAAAQ.jpg
1178,A_OeVtR5t3G6UAAAAAAAAAAAAAAQAAAQ.jpg
1178,A_S8r-QoOdnNoAAAAAAAAAAAAAAQAAAQ.jpg
1178,A_gPk9T4n_WewAAAAAAAAAAAAAAQAAAQ.jpg
1179,A_sw55T7tdUW8AAAAAAAAAAAAAAQAAAQ.jpg
1179,A_A3vxSa7MGD4AAAAAAAAAAAAAAQAAAQ.jpg
1179,A_Hp9BSaTeieAAAAAAAAAAAAAAAQAAAQ.jpg
1179,A_Um2XSIT6uxYAAAAAAAAAAAAAAQAAAQ.jpg
1179,A_44TlTKCIdBoAAAAAAAAAAAAAAQAAAQ.jpg
1179,A__FI5Q5Jfi3EAAAAAAAAAAAAAAQAAAQ.jpg
1180,A_juPfTZQWNPEAAAAAAAAAAAAAAQAAAQ.jpg
1180,A_GIwlTbJGP0EAAAAAAAAAAAAAAQAAAQ.jpg
1180,A_pWwkQowUWlcAAAAAAAAAAAAAAQAAAQ.jpg
1180,A_JWHxRYpbCRgAAAAAAAAAAAAAAQAAAQ.jpg
1180,A_87ZNTKwrTcYAAAAAAAAAAAAAAQAAAQ.jpg
1180,A_1328TKphdQgAAAAAAAAAAAAAAQAAAQ.jpg
1181,A_YOLjSLCb05sAAAAAAAAAAAAAAQAAAQ.jpg
1181,A_l-VLRK4I89oAAAAAAAAAAAAAAQAAAQ.jpg
1181,A_UtCkTIobIZgAAAAAAAAAAAAAAQAAAQ.jpg
1181,A_XgEbSbazAp8AAAAAAAAAAAAAAQAAAQ.jpg
1181,A_HTNURIoNl30AAAAAAAAAAAAAAQAAAQ.jpg
1181,A_7WinQJg-1OcAAAAAAAAAAAAAAQAAAQ.jpg
1182,A_kQDWQJm3qKQAAAAAAAAAAAAAAQAAAQ.jpg
1182,A_kJ_2RJ5mMIMAAAAAAAAAAAAAAQAAAQ.jpg
1182,A_OkeCQptuOYkAAAAAAAAAAAAAAQAAAQ.jpg
1182,A_9rUXTan94pAAAAAAAAAAAAAAAQAAAQ.jpg
1182,A_djD3Q5SP9N0AAAAAAAAAAAAAAQAAAQ.jpg
1182,A_aU59RJLl9L4AAAAAAAAAAAAAAQAAAQ.jpg
1183,A_A17DRrV-btsAAAAAAAAAAAAAAQAAAQ.jpg
1183,A_2f4ZRqel34oAAAAAAAAAAAAAAQAAAQ.jpg
1183,A_KtrxQJE_sIMAAAAAAAAAAAAAAQAAAQ.jpg
1183,A_OXKzSYUtbyoAAAAAAAAAAAAAAQAAAQ.jpg
1183,A_d-HpRbQdU1YAAAAAAAAAAAAAAQAAAQ.jpg
1183,A_T0RwQ6RpE-AAAAAAAAAAAAAAAQAAAQ.jpg
1184,A_l2j4RaCCgj4AAAAAAAAAAAAAAQAAAQ.jpg
1184,A_-6tiTb6_VSoAAAAAAAAAAAAAAQAAAQ.jpg
1184,A_ZBuhRJ_erngAAAAAAAAAAAAAAQAAAQ.jpg
1184,A_cY_dQKTxLZIAAAAAAAAAAAAAAQAAAQ.jpg
1184,A_DV2SR5jhC0wAAAAAAAAAAAAAAQAAAQ.jpg
1184,A_8U4ITbf42r4AAAAAAAAAAAAAAQAAAQ.jpg
1185,A_GNYnToAhNA8AAAAAAAAAAAAAAQAAAQ.jpg
1185,A_PQ-mQpRZPwgAAAAAAAAAAAAAAQAAAQ.jpg
1185,A_gaFyQKDOiR8AAAAAAAAAAAAAAQAAAQ.jpg
1185,A_qr-cQJhu1vcAAAAAAAAAAAAAAQAAAQ.jpg
1185,A_ey1NQqwj2xkAAAAAAAAAAAAAAQAAAQ.jpg
1185,A_XV1ZT5Stg9YAAAAAAAAAAAAAAQAAAQ.jpg
1186,A_KdR7So14o4sAAAAAAAAAAAAAAQAAAQ.jpg
1186,A_6KB1R5-AhUgAAAAAAAAAAAAAAQAAAQ.jpg
1186,A_S4LDTLYmuK0AAAAAAAAAAAAAAQAAAQ.jpg
1186,A_DJoqQr7L5-IAAAAAAAAAAAAAAQAAAQ.jpg
1186,A_0MTNRpRpwNIAAAAAAAAAAAAAAQAAAQ.jpg
1186,A_Zan-RbGxxB0AAAAAAAAAAAAAAQAAAQ.jpg
1187,A_D6eZR70Dw9MAAAAAAAAAAAAAAQAAAQ.jpg
1187,A_60h2TaONPo8AAAAAAAAAAAAAAQAAAQ.jpg
1187,A_Dl-rQYisXAQAAAAAAAAAAAAAAQAAAQ.jpg
1187,A_nwlKT4igLyQAAAAAAAAAAAAAAQAAAQ.jpg
1187,A_fR07TIw_Lx0AAAAAAAAAAAAAAQAAAQ.jpg
1187,A_Urt9TpyTclsAAAAAAAAAAAAAAQAAAQ.jpg
1188,A_wpTZRJrKEPsAAAAAAAAAAAAAAQAAAQ.jpg
1188,A_96HDTpXfEp0AAAAAAAAAAAAAAQAAAQ.jpg
1188,A_6DRKTb5hhmYAAAAAAAAAAAAAAQAAAQ.jpg
1188,A_hmzySYUBMZIAAAAAAAAAAAAAAQAAAQ.jpg
1188,A_Ui6VSa-i0jgAAAAAAAAAAAAAAQAAAQ.jpg
1188,A_zSt_TZGlWdoAAAAAAAAAAAAAAQAAAQ.jpg
1189,A_cHCiQbPdurUAAAAAAAAAAAAAAQAAAQ.jpg
1189,A_wOpJTqcwk4QAAAAAAAAAAAAAAQAAAQ.jpg
1189,A_DOZRQIHcpw0AAAAAAAAAAAAAAQAAAQ.jpg
1189,A_pO8kQqJBt3EAAAAAAAAAAAAAAQAAAQ.jpg
1189,A_tFWpS7wqAh0AAAAAAAAAAAAAAQAAAQ.jpg
1189,A_d04cQ7TfTSEAAAAAAAAAAAAAAQAAAQ.jpg
1190,A_l7TnSbKoau8AAAAAAAAAAAAAAQAAAQ.jpg
1190,A_h4c5Sad3a7IAAAAAAAAAAAAAAQAAAQ.jpg
1190,A_gceJT5IcfZ4AAAAAAAAAAAAAAQAAAQ.jpg
1190,A_Hn4STI9pSQMAAAAAAAAAAAAAAQAAAQ.jpg
1190,A_vnXSQKJqb1QAAAAAAAAAAAAAAQAAAQ.jpg
1190,A_HpuYSqu1uvMAAAAAAAAAAAAAAQAAAQ.jpg
1191,A_VKWZTI04Y7wAAAAAAAAAAAAAAQAAAQ.jpg
1191,A_gh7QT5Mx8uUAAAAAAAAAAAAAAQAAAQ.jpg
1191,A_RDX7SYBqMVwAAAAAAAAAAAAAAQAAAQ.jpg
1191,A_ufHTQ6U54sAAAAAAAAAAAAAAAQAAAQ.jpg
1191,A_4gPcTqwkpLYAAAAAAAAAAAAAAQAAAQ.jpg
1191,A_eQMGQYpNRSIAAAAAAAAAAAAAAQAAAQ.jpg
1192,A_jifTQ68G374AAAAAAAAAAAAAAQAAAQ.jpg
1192,A_YQaOR4fTfKQAAAAAAAAAAAAAAQAAAQ.jpg
1192,A_X-X-Tq1BLFsAAAAAAAAAAAAAAQAAAQ.jpg
1192,A_UM9FRqczn4sAAAAAAAAAAAAAAQAAAQ.jpg
1192,A_FOOWRLdgH6EAAAAAAAAAAAAAAQAAAQ.jpg
1192,A_SE5MTp9TUMsAAAAAAAAAAAAAAQAAAQ.jpg
1193,A_BA6tQ66OKSUAAAAAAAAAAAAAAQAAAQ.jpg
1193,A_CKxEQpBINjYAAAAAAAAAAAAAAQAAAQ.jpg
1193,A_HeLsQKQMu50AAAAAAAAAAAAAAQAAAQ.jpg
1193,A_UGBKSZHI2xkAAAAAAAAAAAAAAQAAAQ.jpg
1193,A_atr-Q7oa0ywAAAAAAAAAAAAAAQAAAQ.jpg
1193,A_dej1SoczgZ0AAAAAAAAAAAAAAQAAAQ.jpg
1194,A_qL1DQ52JFAsAAAAAAAAAAAAAAQAAAQ.jpg
1194,A_srDSRYqJNiUAAAAAAAAAAAAAAQAAAQ.jpg
1194,A_UVLcS7GdN0sAAAAAAAAAAAAAAQAAAQ.jpg
1194,A_RzqRQprkIBoAAAAAAAAAAAAAAQAAAQ.jpg
1194,A_J-7MTKEefysAAAAAAAAAAAAAAQAAAQ.jpg
1194,A_Z_9gQIR_rVkAAAAAAAAAAAAAAQAAAQ.jpg
1195,A_dIlQSIobnFAAAAAAAAAAAAAAAQAAAQ.jpg
1195,A_6CUMTK6sWtwAAAAAAAAAAAAAAQAAAQ.jpg
1195,A_hCWqSaUTmIkAAAAAAAAAAAAAAQAAAQ.jpg
1195,A_DsowTrYbJyAAAAAAAAAAAAAAAQAAAQ.jpg
1195,A_bBofSp4thsQAAAAAAAAAAAAAAQAAAQ.jpg
1195,A_qiavTY4V5OwAAAAAAAAAAAAAAQAAAQ.jpg
1196,A_EVAPRrwpj30AAAAAAAAAAAAAAQAAAQ.jpg
1196,A_rdsOTar7H-kAAAAAAAAAAAAAAQAAAQ.jpg
1196,A_0-1yQb8M0NoAAAAAAAAAAAAAAQAAAQ.jpg
1196,A_GhJrQqvVGfAAAAAAAAAAAAAAAQAAAQ.jpg
1196,A_EtEwQb8aGLUAAAAAAAAAAAAAAQAAAQ.jpg
1196,A_0elSSaRbFWQAAAAAAAAAAAAAAQAAAQ.jpg
1197,A_SD6EQ6H3_WcAAAAAAAAAAAAAAQAAAQ.jpg
1197,A_Zt9yT7lqoQMAAAAAAAAAAAAAAQAAAQ.jpg
1197,A_iHgnS6_U93kAAAAAAAAAAAAAAQAAAQ.jpg
1197,A_oSb4R7rSOcQAAAAAAAAAAAAAAQAAAQ.jpg
1197,A_ZovJRIoln2wAAAAAAAAAAAAAAQAAAQ.jpg
1197,A_GNvgRp7nzOkAAAAAAAAAAAAAAQAAAQ.jpg
1198,A_TRvMSK9h_7YAAAAAAAAAAAAAAQAAAQ.jpg
1198,A_QQwbSY54pOsAAAAAAAAAAAAAAQAAAQ.jpg
1198,A_y0pUQad8WowAAAAAAAAAAAAAAQAAAQ.jpg
1198,A_dNSRRpBZtmMAAAAAAAAAAAAAAQAAAQ.jpg
1198,A_Yr4LQpnqCAEAAAAAAAAAAAAAAQAAAQ.jpg
1198,A_CosPQIcz5XEAAAAAAAAAAAAAAQAAAQ.jpg
1199,A_d6BLRrCLDYEAAAAAAAAAAAAAAQAAAQ.jpg
1199,A_2wBqTpzmeL3VldlEs7raLQAAAQAAAQ.jpg
1199,A_VNPxS4voAo4AAAAAAAAAAAAAAQAAAQ.jpg
1199,A_2wBqTpzmeL0AAAAAAAAAAAAAAQAAAQ.jpg
1199,A_9FlLRZb9wXUAAAAAAAAAAAAAAQAAAQ.jpg
1199,A_ab2UR5VE8pYAAAAAAAAAAAAAAQAAAQ.jpg
1200,A_qjHLQ4LPJS8AAAAAAAAAAAAAAQAAAQ.jpg
1200,A__DuWR5Z1Kp8AAAAAAAAAAAAAAQAAAQ.jpg
1200,A_W-xaT78i22MAAAAAAAAAAAAAAQAAAQ.jpg
1200,A_WBiBQpmmEtAAAAAAAAAAAAAAAQAAAQ.jpg
1200,A_-bJ-Q4552o0AAAAAAAAAAAAAAQAAAQ.jpg
1200,A_u4OeSpbepPAAAAAAAAAAAAAAAQAAAQ.jpg
1201,A_5aAtRZYw7_wAAAAAAAAAAAAAAQAAAQ.jpg
1201,A_CnahQLiQvNQAAAAAAAAAAAAAAQAAAQ.jpg
1201,A_OuUyQI8epH8AAAAAAAAAAAAAAQAAAQ.jpg
1201,A_MVpnTJIllNYAAAAAAAAAAAAAAQAAAQ.jpg
1201,A_8hQJTq1WHRsAAAAAAAAAAAAAAQAAAQ.jpg
1201,A_3lkvTpO3RQYAAAAAAAAAAAAAAQAAAQ.jpg
1202,4AGq8NKSRuOp1uokfOiJnwAAACMAARAD.jpg
1202,A_cutQQr13fwsAAAAAAAAAAAAAAQAAAQ.jpg
1202,A_rrfrRI4sTLIAAAAAAAAAAAAAAQAAAQ.jpg
1202,gpZWgwFPRP-Iq02OHwMZPgAAACMAARAD.jpg
1202,A_Uh4ZRZjAbOAAAAAAAAAAAAAAAQAAAQ.jpg
1202,A_sQf-QYhSGZIAAAAAAAAAAAAAAQAAAQ.jpg
1203,A_laKWT4G-AeYAAAAAAAAAAAAAAQAAAQ.jpg
1203,A_jC3STZwXP58AAAAAAAAAAAAAAQAAAQ.jpg
1203,A_rIp5QoMBGOQAAAAAAAAAAAAAAQAAAQ.jpg
1203,A_GpPxSZ7FJvMAAAAAAAAAAAAAAQAAAQ.jpg
1203,A_HBC_SqXcNasAAAAAAAAAAAAAAQAAAQ.jpg
1203,A_8MxtS7nrx5oAAAAAAAAAAAAAAQAAAQ.jpg
1204,EIpoK14ATmCiS-H_pM6kvAAAACMAARAD.jpg
1204,Sz6t1kxuSjqrB9PpBED6oAAAACMAARED.jpg
1204,4zN2JMNhQYWDS2AtX0u64wAAACMAARAD.jpg
1204,2G8MIAaDRluIS-ucQOWdigAAACMAARAD.jpg
1204,P-Bqr9U1Tqa9eJtGWudTxgAAACMAARAD.jpg
1204,IlaouobwQyib5LO0My4xMAAAACMAARAD.jpg
1205,A_dKLgQptthFkAAAAAAAAAAAAAAQAAAQ.jpg
1205,A_mcPlS6cWS-wAAAAAAAAAAAAAAQAAAQ.jpg
1205,A_GGwZR7_S7yYAAAAAAAAAAAAAAQAAAQ.jpg
1205,A_B70bT5SypHUAAAAAAAAAAAAAAQAAAQ.jpg
1205,A_lUxgRJaTT48AAAAAAAAAAAAAAQAAAQ.jpg
1205,A_K2LMQq9uAPcAAAAAAAAAAAAAAQAAAQ.jpg
1206,55fo6TlLS8mFijkrYINs0AAAACMAARAD.jpg
1206,BmtxLNdXTdqX4SH1-mkYHQAAACMAARAD.jpg
1206,I-4jbqVlSyeXyWm3u8uXGQAAACMAARAD.jpg
1206,dE5D0FnIS42ZuBi1OUZO3AAAACMAARAD.jpg
1206,VH_MJsWWTsmHaQP-fiUEjwAAACMAARAD.jpg
1206,dNTm6a6ZQU-tMrEpqKmLXwAAACMAARAD.jpg
1207,A_Ej53QIThr-wAAAAAAAAAAAAAAQAAAQ.jpg
1207,A_YSQWSIXD3cQAAAAAAAAAAAAAAQAAAQ.jpg
1207,A_EvDCT75_gY4AAAAAAAAAAAAAAQAAAQ.jpg
1207,A_r8U0Tp2-P0MAAAAAAAAAAAAAAQAAAQ.jpg
1207,A_FAjZTYOIvbUAAAAAAAAAAAAAAQAAAQ.jpg
1207,A_IOFuS4ljD_MAAAAAAAAAAAAAAQAAAQ.jpg
1208,A_w8x7SaCEWdkAAAAAAAAAAAAAAQAAAQ.jpg
1208,A_9EM2TajlqXoAAAAAAAAAAAAAAQAAAQ.jpg
1208,A_wI14S5Qnc-kAAAAAAAAAAAAAAQAAAQ.jpg
1208,A_dfRbQI26OtwAAAAAAAAAAAAAAQAAAQ.jpg
1208,A_oIudQY-doeoAAAAAAAAAAAAAAQAAAQ.jpg
1208,A_QXekTrSGlYAAAAAAAAAAAAAAAQAAAQ.jpg
1209,A_MfvYSISsOaYAAAAAAAAAAAAAAQAAAQ.jpg
1209,A_uFYOR6hS8Q8AAAAAAAAAAAAAAQAAAQ.jpg
1209,A_3R5AT4k8aW0AAAAAAAAAAAAAAQAAAQ.jpg
1209,A_19KTRKsU1bgAAAAAAAAAAAAAAQAAAQ.jpg
1209,A_MWErSYMDBZQAAAAAAAAAAAAAAQAAAQ.jpg
1209,A_mOfuTre90ooAAAAAAAAAAAAAAQAAAQ.jpg
1210,A_IMTVR4woMBkAAAAAAAAAAAAAAQAAAQ.jpg
1210,A_6_GGQrcmmBAAAAAAAAAAAAAAAQAAAQ.jpg
1210,A_krhJT7X9SC0AAAAAAAAAAAAAAQAAAQ.jpg
1210,A_YQOgTaaY1XgAAAAAAAAAAAAAAQAAAQ.jpg
1210,A_hnjSQ6SWtEUAAAAAAAAAAAAAAQAAAQ.jpg
1210,A_mtcjT5-8fxIAAAAAAAAAAAAAAQAAAQ.jpg
1211,A_C4yWR6KggDwAAAAAAAAAAAAAAQAAAQ.jpg
1211,A_O-HYQbAzM04AAAAAAAAAAAAAAQAAAQ.jpg
1211,A_noVFRIHyvJQAAAAAAAAAAAAAAQAAAQ.jpg
1211,A_1UNRTpDrXocAAAAAAAAAAAAAAQAAAQ.jpg
1211,A_6wWbR7D5KboAAAAAAAAAAAAAAQAAAQ.jpg
1211,A_UbkTQI6a8oMAAAAAAAAAAAAAAQAAAQ.jpg
1212,A_9maORbkQQNoAAAAAAAAAAAAAAQAAAQ.jpg
1212,A_JZpaTZWaJs8AAAAAAAAAAAAAAQAAAQ.jpg
1212,A_WFX-R60X0GEAAAAAAAAAAAAAAQAAAQ.jpg
1212,A_NloJTpjGmzjncmZIj3dViAAAAQAAAQ.jpg
1212,A_WFX-R60X0GE0GDJMjg5KkAAAAQAAAQ.jpg
1212,A_NloJTpjGmzgAAAAAAAAAAAAAAQAAAQ.jpg
1213,A_ZLTNQ5wA3nfUqBpHgJS9MQAAAQAAAQ.jpg
1213,A_wMMDQIdbntYAAAAAAAAAAAAAAQAAAQ.jpg
1213,A_ZLTNQ5wA3ndGXjRCsAnKcwAAAQAAAQ.jpg
1213,A_wMMDQIdbntYV1_RPvr7IlAAAAQAAAQ.jpg
1213,A_Vj6TRJ-ZsmwAAAAAAAAAAAAAAQAAAQ.jpg
1213,A_ZLTNQ5wA3ncNnJxCvdxuZQAAAQAAAQ.jpg
1214,A_jcJHTp85KP3Y3pFEtvZWcAAAAQAAAQ.jpg
1214,A_jcJHTp85KP0AAAAAAAAAAAAAAQAAAQ.jpg
1214,A_W-HLSo2GkJIAAAAAAAAAAAAAAQAAAQ.jpg
1214,A_0GHaQ5v1mnFBBtxPokPDawAAAQAAAQ.jpg
1214,A_9_VjT5AcH1cAAAAAAAAAAAAAAQAAAQ.jpg
1214,A_jcJHTp85KP1kygxCgRGH9AAAAQAAAQ.jpg
1215,A_zOObQob7uGMAAAAAAAAAAAAAAQAAAQ.jpg
1215,A_8gUmSoxIHOIAAAAAAAAAAAAAAQAAAQ.jpg
1215,A_5dhIRrfer5YAAAAAAAAAAAAAAQAAAQ.jpg
1215,A_fw0nSIvq86cAAAAAAAAAAAAAAQAAAQ.jpg
1215,A_vU42Q7tLTYYAAAAAAAAAAAAAAQAAAQ.jpg
1215,A_eUwvR77C5UwAAAAAAAAAAAAAAQAAAQ.jpg
1216,A_ysxzSpSaAJ0AAAAAAAAAAAAAAQAAAQ.jpg
1216,A_EN1PTpOOkWkAAAAAAAAAAAAAAQAAAQ.jpg
1216,A_3sPRTprtYa8AAAAAAAAAAAAAAQAAAQ.jpg
1216,A_CMybSaizJokAAAAAAAAAAAAAAQAAAQ.jpg
1216,A_05j1Q7VInwsAAAAAAAAAAAAAAQAAAQ.jpg
1216,A_J1z5T53U6AcAAAAAAAAAAAAAAQAAAQ.jpg
1217,A_BjK-Q5Y-6PIAAAAAAAAAAAAAAQAAAQ.jpg
1217,A_WIkoSofHxNkAAAAAAAAAAAAAAQAAAQ.jpg
1217,A_JAkWS63CU4MAAAAAAAAAAAAAAQAAAQ.jpg
1217,A_EcV-QL_t4UAAAAAAAAAAAAAAAQAAAQ.jpg
1217,A_GLFkSoz8JgAAAAAAAAAAAAAAAQAAAQ.jpg
1217,A_zVV9QJHiLggAAAAAAAAAAAAAAQAAAQ.jpg
1218,A_JFQFRqCRuosXeWdMn9bYtQAAAQAAAQ.jpg
1218,A_BXDpSpUjofgAAAAAAAAAAAAAAQAAAQ.jpg
1218,8quPjI33SE-iyYx4UOnjkQAAACMAARAD.jpg
1218,A_JFQFRqCRuov5T45LkZ8d6wAAAQAAAQ.jpg
1218,A_JFQFRqCRuosAAAAAAAAAAAAAAQAAAQ.jpg
1218,A_JFQFRqCRuouu-ldCkHSAIAAAAQAAAQ.jpg
1219,A_a0W5TbtRiX4AAAAAAAAAAAAAAQAAAQ.jpg
1219,A_QvWcTaeceMIAAAAAAAAAAAAAAQAAAQ.jpg
1219,A_VRkpTYGugAYAAAAAAAAAAAAAAQAAAQ.jpg
1219,A_Uga7SbOpyY0AAAAAAAAAAAAAAQAAAQ.jpg
1219,A_aKs_R7ladhcAAAAAAAAAAAAAAQAAAQ.jpg
1219,A_QR05Sq93mfIAAAAAAAAAAAAAAQAAAQ.jpg
1220,32mJ2Fl5TkCqbcWzhvZbowAAACMAARAD.jpg
1220,unXpdCHiSwq1IsIo2bI8PAAAACMAARAD.jpg
1220,1yv1XFmYQIqGC3ETpIuU2QAAACMAARAD.jpg
1220,bLTeDYoJSBixVjfTNNJNCwAAACMAARAD.jpg
1220,PXhnsQ6BSAW7VRUKjS1fswAAACMAARAD.jpg
1220,bFGitjnDRq-tq8QMMSegPgAAACMAARAD.jpg
1221,nJgaXjMbQz6gOoKCxrXfQAAAACMAARAD.jpg
1221,VhTnM3vfTZ-8xD9trXiLSAAAACMAARAD.jpg
1221,YogXrvTpT3CF9S-8BEORggAAACMAARAD.jpg
1221,5Ex230jYRSyT4TtBSWJ8EwAAACMAARAD.jpg
1221,Nr4fpTnSRWGdwsellE27SQAAACMAARAD.jpg
1221,B4vLF17OQ7iz0JDSOsJBYwAAACMAARAD.jpg
1222,spShQhU4QW2E7C_-GrtwBwAAACMAARAD.jpg
1222,tZ9Ffj0eTdiamVFL64HrAwAAACMAARAD.jpg
1222,dyxtW91GQ3m1hwcxGe6xNQAAACMAARAD.jpg
1222,qgavx9MpTKmRS4fnYbYGyQAAACMAARAD.jpg
1222,_Gk8A1x2SNG4u7FHq0Ix4wAAACMAARAD.jpg
1222,bMTOZCIyTXCpPa4ub3bHTQAAACMAARAD.jpg
1223,A_yqalTI6j368AAAAAAAAAAAAAAQAAAQ.jpg
1223,A_f0N3RpGHGX4AAAAAAAAAAAAAAQAAAQ.jpg
1223,A_GY4mTYZYWJ0AAAAAAAAAAAAAAQAAAQ.jpg
1223,A_H2d7SazIiaAAAAAAAAAAAAAAAQAAAQ.jpg
1223,A_zkBxSpasz7MAAAAAAAAAAAAAAQAAAQ.jpg
1223,A_rZkOR6rZ9rgAAAAAAAAAAAAAAQAAAQ.jpg
1224,A_hbD0T7EIoRYAAAAAAAAAAAAAAQAAAQ.jpg
1224,A_ul0zRLO4ulQAAAAAAAAAAAAAAQAAAQ.jpg
1224,A_Uj6uSofgBi8AAAAAAAAAAAAAAQAAAQ.jpg
1224,A_JJxfRa1-EmUAAAAAAAAAAAAAAQAAAQ.jpg
1224,A_pGC9TI631dMAAAAAAAAAAAAAAQAAAQ.jpg
1224,A_kcFGTZE2RQoAAAAAAAAAAAAAAQAAAQ.jpg
1225,A_jC-uQI9wmRgAAAAAAAAAAAAAAQAAAQ.jpg
1225,A_lMdgRabNaFYAAAAAAAAAAAAAAQAAAQ.jpg
1225,A_bviuQLcssIIAAAAAAAAAAAAAAQAAAQ.jpg
1225,A_IeYBSaupD3QAAAAAAAAAAAAAAQAAAQ.jpg
1225,A_JvhQSaZL14UAAAAAAAAAAAAAAQAAAQ.jpg
1225,A_29WIRrT3Pg4AAAAAAAAAAAAAAQAAAQ.jpg
1226,A_rXDyRppz13cAAAAAAAAAAAAAAQAAAQ.jpg
1226,A_5P07RJ-PIlkAAAAAAAAAAAAAAQAAAQ.jpg
1226,A_oTz0Q6Q2sBMAAAAAAAAAAAAAAQAAAQ.jpg
1226,A_p4flTrdsBe8AAAAAAAAAAAAAAQAAAQ.jpg
1226,A_5zh3RYWgmsoAAAAAAAAAAAAAAQAAAQ.jpg
1226,A_yAvwQ7uJzdYAAAAAAAAAAAAAAQAAAQ.jpg
1227,A_N0ukQ4h4un4AAAAAAAAAAAAAAQAAAQ.jpg
1227,A_D6LoTIKJagkAAAAAAAAAAAAAAQAAAQ.jpg
1227,A_0WXUTLnvAfUAAAAAAAAAAAAAAQAAAQ.jpg
1227,A_6J5kQJhOduUAAAAAAAAAAAAAAQAAAQ.jpg
1227,A_p9HhS7p0Ow0AAAAAAAAAAAAAAQAAAQ.jpg
1227,A_fbzVQ5muvQIAAAAAAAAAAAAAAQAAAQ.jpg
1228,A_ywmfQoWVLnUAAAAAAAAAAAAAAQAAAQ.jpg
1228,A_50XaQoPLKsYAAAAAAAAAAAAAAQAAAQ.jpg
1228,A_XfLkRYLFXGAAAAAAAAAAAAAAAQAAAQ.jpg
1228,A_8SMFQ4ABOP4AAAAAAAAAAAAAAQAAAQ.jpg
1228,A_SbRDQbZ63xkAAAAAAAAAAAAAAQAAAQ.jpg
1228,A_XM12Tbb-EPQAAAAAAAAAAAAAAQAAAQ.jpg
1229,A_TY-_RJN0r98AAAAAAAAAAAAAAQAAAQ.jpg
1229,A_xKkVSpQDOR8AAAAAAAAAAAAAAQAAAQ.jpg
1229,A_zfe6Ta1sN6AAAAAAAAAAAAAAAQAAAQ.jpg
1229,A_eKPdQ7NuzWMAAAAAAAAAAAAAAQAAAQ.jpg
1229,A_ytyQTJU6ZKYAAAAAAAAAAAAAAQAAAQ.jpg
1229,A_bgtWT6j_LKkAAAAAAAAAAAAAAQAAAQ.jpg
1230,A_9SFeTb8NkdwAAAAAAAAAAAAAAQAAAQ.jpg
1230,A_hOPkQ74MAngAAAAAAAAAAAAAAQAAAQ.jpg
1230,A_6xKYQ5BLeRAAAAAAAAAAAAAAAQAAAQ.jpg
1230,A_S33KQZXSRKEAAAAAAAAAAAAAAQAAAQ.jpg
1230,A_eCGwQpnlatEAAAAAAAAAAAAAAQAAAQ.jpg
1230,A_FOIbSaYkQ0MAAAAAAAAAAAAAAQAAAQ.jpg
1231,A_VsaDTIsMA8AAAAAAAAAAAAAAAQAAAQ.jpg
1231,A_UIUSR7SsVxQAAAAAAAAAAAAAAQAAAQ.jpg
1231,A_hFIsQqIAQwEAAAAAAAAAAAAAAQAAAQ.jpg
1231,A_9C0_SY5HMwYAAAAAAAAAAAAAAQAAAQ.jpg
1231,A_-gLFTpM2eMUAAAAAAAAAAAAAAQAAAQ.jpg
1231,A_ArkTQ6Dnr04AAAAAAAAAAAAAAQAAAQ.jpg
1232,A_K1SDTrzJRsMAAAAAAAAAAAAAAQAAAQ.jpg
1232,A_Ieo9SKFx2U0AAAAAAAAAAAAAAQAAAQ.jpg
1232,A_gGmBSI0ev4IAAAAAAAAAAAAAAQAAAQ.jpg
1232,A_BRtzS61gGD4AAAAAAAAAAAAAAQAAAQ.jpg
1232,A_GN8FS4YXEKMAAAAAAAAAAAAAAQAAAQ.jpg
1232,A_begRQ7mAMWEAAAAAAAAAAAAAAQAAAQ.jpg
1233,A_xt-fRpljCNgAAAAAAAAAAAAAAQAAAQ.jpg
1233,A_cwILQL0IAHcAAAAAAAAAAAAAAQAAAQ.jpg
1233,A_qK3GTKpbnwAAAAAAAAAAAAAAAQAAAQ.jpg
1233,A_-YHERL8k2FUAAAAAAAAAAAAAAQAAAQ.jpg
1233,A_J29lTq0PoBYAAAAAAAAAAAAAAQAAAQ.jpg
1233,A_Z7bIS7KQQFUAAAAAAAAAAAAAAQAAAQ.jpg
1234,A_wPnAQIK6lFQAAAAAAAAAAAAAAQAAAQ.jpg
1234,A_7I0SQrB2PW8AAAAAAAAAAAAAAQAAAQ.jpg
1234,A_SqQTTY_3jwUAAAAAAAAAAAAAAQAAAQ.jpg
1234,A_92iARaRRPR8AAAAAAAAAAAAAAQAAAQ.jpg
1234,A_tZlpQLPXXpQAAAAAAAAAAAAAAQAAAQ.jpg
1234,A_PFW9QJAztYYAAAAAAAAAAAAAAQAAAQ.jpg
1235,A_vXcfRYxmGwMAAAAAAAAAAAAAAQAAAQ.jpg
1235,A_LZQHRJnzs8kAAAAAAAAAAAAAAQAAAQ.jpg
1235,A_AxC7T5vfyIoAAAAAAAAAAAAAAQAAAQ.jpg
1235,A_7agWQomXiksAAAAAAAAAAAAAAQAAAQ.jpg
1235,A_PkYjToCAA08AAAAAAAAAAAAAAQAAAQ.jpg
1235,A_DKclRY0LfJ8AAAAAAAAAAAAAAQAAAQ.jpg
1236,A_Hr8iQJfMnWAAAAAAAAAAAAAAAQAAAQ.jpg
1236,A_gFTnQbOQfY8AAAAAAAAAAAAAAQAAAQ.jpg
1236,A_-8egQoGBdtoAAAAAAAAAAAAAAQAAAQ.jpg
1236,A_wrCkQIW0mVgAAAAAAAAAAAAAAQAAAQ.jpg
1236,A__MyoS6tXD44AAAAAAAAAAAAAAQAAAQ.jpg
1236,A_0tvJRLe5_mUAAAAAAAAAAAAAAQAAAQ.jpg
1237,A_0DqmSI5YLTYAAAAAAAAAAAAAAQAAAQ.jpg
1237,A_D5prT4UpL5EAAAAAAAAAAAAAAQAAAQ.jpg
1237,A_0mFaQoSKPVgAAAAAAAAAAAAAAQAAAQ.jpg
1237,A_FblDSrIyEzUAAAAAAAAAAAAAAQAAAQ.jpg
1237,A_zwTrTZWKybsAAAAAAAAAAAAAAQAAAQ.jpg
1237,A__DG-QaId_tcAAAAAAAAAAAAAAQAAAQ.jpg
1238,A_Md8QTJnt4HsAAAAAAAAAAAAAAQAAAQ.jpg
1238,A_SyljToXBtGgAAAAAAAAAAAAAAQAAAQ.jpg
1238,A_Er7KSKT6V0IAAAAAAAAAAAAAAQAAAQ.jpg
1238,A_roDNRZHSdREAAAAAAAAAAAAAAQAAAQ.jpg
1238,A_usXqRrG0zfAAAAAAAAAAAAAAAQAAAQ.jpg
1238,A_D_R0SK73894AAAAAAAAAAAAAAQAAAQ.jpg
1239,A_pICTQLbIAwkAAAAAAAAAAAAAAQAAAQ.jpg
1239,A_fdNlRZAJ1LIAAAAAAAAAAAAAAQAAAQ.jpg
1239,A_g1RJRYomLtCGJS5AnNEITgAAAQAAAQ.jpg
1239,A_00INR7szioMAAAAAAAAAAAAAAQAAAQ.jpg
1239,A_dBt-RKWXGVIAAAAAAAAAAAAAAQAAAQ.jpg
1239,A_g1RJRYomLtAAAAAAAAAAAAAAAQAAAQ.jpg
1240,A_MfjWQa58yzwAAAAAAAAAAAAAAQAAAQ.jpg
1240,A_llXqTpsSgWwAAAAAAAAAAAAAAQAAAQ.jpg
1240,A_bU78Tpd1tvMAAAAAAAAAAAAAAQAAAQ.jpg
1240,A_UQQgTbu6c8UAAAAAAAAAAAAAAQAAAQ.jpg
1240,A_VgR1Q7EKYp8AAAAAAAAAAAAAAQAAAQ.jpg
1240,A_bWQgQawVwX4AAAAAAAAAAAAAAQAAAQ.jpg
1241,A_TwpZTY7QUIUAAAAAAAAAAAAAAQAAAQ.jpg
1241,A_qltmS7ZNsLUAAAAAAAAAAAAAAQAAAQ.jpg
1241,A__zLJQayQmP0AAAAAAAAAAAAAAQAAAQ.jpg
1241,A_voYkQZD7EsEAAAAAAAAAAAAAAQAAAQ.jpg
1241,A_LQIQSpDZ01wAAAAAAAAAAAAAAQAAAQ.jpg
1241,A_9T8iRZsNnOoAAAAAAAAAAAAAAQAAAQ.jpg
1242,A_F67BSool6_AAAAAAAAAAAAAAAQAAAQ.jpg
1242,A_ANj4S6gZrSgAAAAAAAAAAAAAAQAAAQ.jpg
1242,A_bRXsTaHKnjsAAAAAAAAAAAAAAQAAAQ.jpg
1242,A_JiCCQqK4VcEAAAAAAAAAAAAAAQAAAQ.jpg
1242,A_7Rs9Q46XFoAAAAAAAAAAAAAAAQAAAQ.jpg
1242,A_jjT_Q5XInXYAAAAAAAAAAAAAAQAAAQ.jpg
1243,A_5X2gQreyAEgAAAAAAAAAAAAAAQAAAQ.jpg
1243,A_sfE-TqYrEMMAAAAAAAAAAAAAAQAAAQ.jpg
1243,A_H_ulSqKIeUgAAAAAAAAAAAAAAQAAAQ.jpg
1243,A_72l5RJml1agAAAAAAAAAAAAAAQAAAQ.jpg
1243,A_f8MgS5sAGg0AAAAAAAAAAAAAAQAAAQ.jpg
1243,A_V_QRSLt5ASoAAAAAAAAAAAAAAQAAAQ.jpg
1244,A_RI1UQ5lyw1EAAAAAAAAAAAAAAQAAAQ.jpg
1244,A_9_SYSrcxl1UAAAAAAAAAAAAAAQAAAQ.jpg
1244,A_LlQfQ5eZYSAAAAAAAAAAAAAAAQAAAQ.jpg
1244,A_J9o_QJCEnBQAAAAAAAAAAAAAAQAAAQ.jpg
1244,A_eqkkQptcgkUAAAAAAAAAAAAAAQAAAQ.jpg
1244,A_o3aNQ59nIZoAAAAAAAAAAAAAAQAAAQ.jpg
1245,A_e3GqTpb-UCYAAAAAAAAAAAAAAQAAAQ.jpg
1245,A_NdSjRoOfRX4AAAAAAAAAAAAAAQAAAQ.jpg
1245,A_W9fQSKt4JzUAAAAAAAAAAAAAAQAAAQ.jpg
1245,A_Fs6DTJ51k3oAAAAAAAAAAAAAAQAAAQ.jpg
1245,A_1Sm2RrE0saQAAAAAAAAAAAAAAQAAAQ.jpg
1245,A_aMDbQ5OmVQ4AAAAAAAAAAAAAAQAAAQ.jpg
1246,A_j_V4R55jT3AAAAAAAAAAAAAAAQAAAQ.jpg
1246,A_tXnbSLxsqkoAAAAAAAAAAAAAAQAAAQ.jpg
1246,A_-HPcQKsgKR8AAAAAAAAAAAAAAQAAAQ.jpg
1246,A_-ZsZRYceA08AAAAAAAAAAAAAAQAAAQ.jpg
1246,A_IeYUSZHnPzOciWNLuhXRvwAAAQAAAQ.jpg
1246,A_IeYUSZHnPzMAAAAAAAAAAAAAAQAAAQ.jpg
1247,A_-pSrT6xClQcAAAAAAAAAAAAAAQAAAQ.jpg
1247,A__NR8QZ1qcjQAAAAAAAAAAAAAAQAAAQ.jpg
1247,A_rMDcQZ59WB8AAAAAAAAAAAAAAQAAAQ.jpg
1247,A_4ZfXQLOWYBsAAAAAAAAAAAAAAQAAAQ.jpg
1247,A_zjM2TKZ3uLYAAAAAAAAAAAAAAQAAAQ.jpg
1247,A_Nz6LSIyEYioAAAAAAAAAAAAAAQAAAQ.jpg
1248,A_Go8dQad5WMQAAAAAAAAAAAAAAQAAAQ.jpg
1248,A_jZ1QQ773-Q8AAAAAAAAAAAAAAQAAAQ.jpg
1248,A_t6YXSrkNSwoAAAAAAAAAAAAAAQAAAQ.jpg
1248,A_T5AVSb-PcwMAAAAAAAAAAAAAAQAAAQ.jpg
1248,A_LWb7SL9pX8IAAAAAAAAAAAAAAQAAAQ.jpg
1248,A_vdO2RolMKVcAAAAAAAAAAAAAAQAAAQ.jpg
1249,A_Jz60TodhpGjXzl5IpWUeAQAAAQAAAQ.jpg
1249,A_FbS7RJkTRPNfx85Au_Zp3gAAAQAAAQ.jpg
1249,A_Jz60TodhpGgUYFBLnH7ZnAAAAQAAAQ.jpg
1249,A_FbS7RJkTRPMAAAAAAAAAAAAAAQAAAQ.jpg
1249,CsysDwi5QjeJ03Wvg2F9SAAAACMAARAD.jpg
1249,yzkrh0IDQUS0CKZZtweE0gAAACMAARAD.jpg
1250,A_1y6dQaZsLNQAAAAAAAAAAAAAAQAAAQ.jpg
1250,A_qwMrRIrUjOkAAAAAAAAAAAAAAQAAAQ.jpg
1250,A_nIZXQ4X15HUAAAAAAAAAAAAAAQAAAQ.jpg
1250,A_NJrCQ405yccAAAAAAAAAAAAAAQAAAQ.jpg
1250,A__hNgQJmrLXkAAAAAAAAAAAAAAQAAAQ.jpg
1250,A_o6tyRpwL8I0AAAAAAAAAAAAAAQAAAQ.jpg
1251,A_iK_RRJMtR_0AAAAAAAAAAAAAAQAAAQ.jpg
1251,A_N7TMSppc4iUAAAAAAAAAAAAAAQAAAQ.jpg
1251,A_wivkSpYnjv0AAAAAAAAAAAAAAQAAAQ.jpg
1251,A_LEfrSbQwIUwAAAAAAAAAAAAAAQAAAQ.jpg
1251,A_5XhqT50fyW4AAAAAAAAAAAAAAQAAAQ.jpg
1251,A_UH_uSo5LjOsAAAAAAAAAAAAAAQAAAQ.jpg
1252,A_ogroTKEURIMAAAAAAAAAAAAAAQAAAQ.jpg
1252,A_SUrFSpyat3oAAAAAAAAAAAAAAQAAAQ.jpg
1252,A_lZcdSrXwlt8AAAAAAAAAAAAAAQAAAQ.jpg
1252,A_FhdITbO2NLEAAAAAAAAAAAAAAQAAAQ.jpg
1252,A_X04IS5gYN1UAAAAAAAAAAAAAAQAAAQ.jpg
1252,A_f93rT43JBg0AAAAAAAAAAAAAAQAAAQ.jpg
1253,A_bjTUS6o38jQAAAAAAAAAAAAAAQAAAQ.jpg
1253,A_HCX2Trvkdz8AAAAAAAAAAAAAAQAAAQ.jpg
1253,A_y6yGT6qZ-m4AAAAAAAAAAAAAAQAAAQ.jpg
1253,A_Saa1T617BOoAAAAAAAAAAAAAAQAAAQ.jpg
1253,A_J1SrQIrDKEsAAAAAAAAAAAAAAQAAAQ.jpg
1253,A_wDwzTJgE4z0AAAAAAAAAAAAAAQAAAQ.jpg
1254,A_yqmVSY6yhroAAAAAAAAAAAAAAQAAAQ.jpg
1254,A_IHGMTadv9ZoAAAAAAAAAAAAAAQAAAQ.jpg
1254,A_kxbuQLGIcJoAAAAAAAAAAAAAAQAAAQ.jpg
1254,A_T4bSRYC3eRoAAAAAAAAAAAAAAQAAAQ.jpg
1254,A_4COnRIftFtkAAAAAAAAAAAAAAQAAAQ.jpg
1254,A_FgqDQY4q28cAAAAAAAAAAAAAAQAAAQ.jpg
1255,A_H9sqSpSYeukAAAAAAAAAAAAAAQAAAQ.jpg
1255,A_dx0gTp9A5A0AAAAAAAAAAAAAAQAAAQ.jpg
1255,A_5_qBQLdMUykAAAAAAAAAAAAAAQAAAQ.jpg
1255,A_qmTVSqXlh7UAAAAAAAAAAAAAAQAAAQ.jpg
1255,A_O8KZRLhoNGMAAAAAAAAAAAAAAQAAAQ.jpg
1255,A_2W5zQLpISkcAAAAAAAAAAAAAAQAAAQ.jpg
1256,A_jO7PT6D764gAAAAAAAAAAAAAAQAAAQ.jpg
1256,A_WRZPRYHu6xsAAAAAAAAAAAAAAQAAAQ.jpg
1256,A_RNCjTKWjh0YAAAAAAAAAAAAAAQAAAQ.jpg
1256,A_ESFIRqtAdmEAAAAAAAAAAAAAAQAAAQ.jpg
1256,A_fXp1S7xHV6YAAAAAAAAAAAAAAQAAAQ.jpg
1256,A_NLtxRaP1d6wAAAAAAAAAAAAAAQAAAQ.jpg
1257,tJDuEYiaTTSKF7b-QNnRbgAAACMAARAD.jpg
1257,x22XN24XQiaxAuBA2h4LVQAAACMAARAD.jpg
1257,YKrsyS6qRZ-rCTySE0CuoAAAACMAARAD.jpg
1257,CKbkmQ4qQU2iTWtu0-Ek3gAAACMAARAD.jpg
1257,HqCc8PT8QMalF5QdbcP9UwAAACMAARAD.jpg
1257,PYuk0PscTpKyg5nsQBOYZgAAACMAARAD.jpg
1258,A_2TkOSZj4Q5QAAAAAAAAAAAAAAQAAAQ.jpg
1258,A_-bFhSYWyHW8AAAAAAAAAAAAAAQAAAQ.jpg
1258,A_AWdZQa13iPIAAAAAAAAAAAAAAQAAAQ.jpg
1258,A_3felTbn-u0kAAAAAAAAAAAAAAQAAAQ.jpg
1258,A_rHPMQIrXUkgAAAAAAAAAAAAAAQAAAQ.jpg
1258,A_hqAJQ6LPFncAAAAAAAAAAAAAAQAAAQ.jpg
1259,uI5fw6x6QLSNO_eB4fXEZwAAACMAARAD.jpg
1259,lYGQmBMSTy-dsdIl44yVLQAAACMAARAD.jpg
1259,tQd1XCVwSy27_2CRPo0NAAAAACMAARAD.jpg
1259,crE-yGuKTyaiQLaA4borcAAAACMAARAD.jpg
1259,ZHZk4AZQS--WR22W_HmhtwAAACMAARAD.jpg
1259,x8Wo4mizQyiMb9ZQPKg2hgAAACMAARAD.jpg
1260,A_VVyqSqssGX8AAAAAAAAAAAAAAQAAAQ.jpg
1260,A_fiAjSYGYmikAAAAAAAAAAAAAAQAAAQ.jpg
1260,A_mwutT7LdQ9IAAAAAAAAAAAAAAQAAAQ.jpg
1260,A_h8BxQ7-OJWAAAAAAAAAAAAAAAQAAAQ.jpg
1260,A_qcBdQZZoAUcAAAAAAAAAAAAAAQAAAQ.jpg
1260,A_tqW9T6Gr5LAAAAAAAAAAAAAAAQAAAQ.jpg
1261,A_GtTURpEqgsQAAAAAAAAAAAAAAQAAAQ.jpg
1261,A_cKL1QqoK8C4AAAAAAAAAAAAAAQAAAQ.jpg
1261,A__UAoQbHt2SIAAAAAAAAAAAAAAQAAAQ.jpg
1261,A_S1K7SaRCgmsAAAAAAAAAAAAAAQAAAQ.jpg
1261,A_egMEQo8dtdIAAAAAAAAAAAAAAQAAAQ.jpg
1261,A_BBKYSI37po4AAAAAAAAAAAAAAQAAAQ.jpg
1262,A_eKNXQLRk11AAAAAAAAAAAAAAAQAAAQ.jpg
1262,A_Uqn1Qq1RIzkAAAAAAAAAAAAAAQAAAQ.jpg
1262,A_vsngRpRhfFsAAAAAAAAAAAAAAQAAAQ.jpg
1262,A_5fm-SLP_qg8AAAAAAAAAAAAAAQAAAQ.jpg
1262,A_xev2QKoaebgAAAAAAAAAAAAAAQAAAQ.jpg
1262,A_HngbSJVJVYUAAAAAAAAAAAAAAQAAAQ.jpg
1263,A_Oa8eT5Wc8OgAAAAAAAAAAAAAAQAAAQ.jpg
1263,A_StnfT7ASR9gAAAAAAAAAAAAAAQAAAQ.jpg
1263,A_D9o9T7zICSYbaeZMlwxEKQAAAQAAAQ.jpg
1263,A_4b6sSYdVNY4AAAAAAAAAAAAAAQAAAQ.jpg
1263,A_D9o9T7zICSYAAAAAAAAAAAAAAQAAAQ.jpg
1263,A_WidRS5aubWEAAAAAAAAAAAAAAQAAAQ.jpg
1264,A_j3DbSYcsPaAAAAAAAAAAAAAAAQAAAQ.jpg
1264,A_spNeTrbTaesAAAAAAAAAAAAAAQAAAQ.jpg
1264,A_Y4XwSLpSghkAAAAAAAAAAAAAAQAAAQ.jpg
1264,A_VR95Q4yGMG0AAAAAAAAAAAAAAQAAAQ.jpg
1264,A_sKuhSojVYo8AAAAAAAAAAAAAAQAAAQ.jpg
1264,A_pjQHSIF6MY0AAAAAAAAAAAAAAQAAAQ.jpg
1265,A_biEZSZF2Fp0AAAAAAAAAAAAAAQAAAQ.jpg
1265,A_7aSXR6UMp8sAAAAAAAAAAAAAAQAAAQ.jpg
1265,A_OtRZSqObW10AAAAAAAAAAAAAAQAAAQ.jpg
1265,A_jdqPRo2GPt0AAAAAAAAAAAAAAQAAAQ.jpg
1265,A_E-xxRLjoDi0AAAAAAAAAAAAAAQAAAQ.jpg
1265,A_lDYjR5tMHXsAAAAAAAAAAAAAAQAAAQ.jpg
1266,A_8cyFQ4uebTYAAAAAAAAAAAAAAQAAAQ.jpg
1266,A_iHzcS4F1IysAAAAAAAAAAAAAAQAAAQ.jpg
1266,A_7dttRYIKAKQAAAAAAAAAAAAAAQAAAQ.jpg
1266,A_GPn_QKLHezwAAAAAAAAAAAAAAQAAAQ.jpg
1266,A_CkzESoa57iMAAAAAAAAAAAAAAQAAAQ.jpg
1266,A_B416T40hjHAAAAAAAAAAAAAAAQAAAQ.jpg
1267,A_7YkuQ4_prsMAAAAAAAAAAAAAAQAAAQ.jpg
1267,A_wEzeR4yAYOUAAAAAAAAAAAAAAQAAAQ.jpg
1267,A_N994QIXZ_D0AAAAAAAAAAAAAAQAAAQ.jpg
1267,A_gCrJTKWF4KgAAAAAAAAAAAAAAQAAAQ.jpg
1267,A_CSAAQqCz9coAAAAAAAAAAAAAAQAAAQ.jpg
1267,A_TG_YSLyoKf4AAAAAAAAAAAAAAQAAAQ.jpg
1268,A_CjU5SoWF2L0AAAAAAAAAAAAAAQAAAQ.jpg
1268,A_Ah0RSqD5FGsAAAAAAAAAAAAAAQAAAQ.jpg
1268,A_OVixS5gitWkAAAAAAAAAAAAAAQAAAQ.jpg
1268,A_3RTJT4kY-YoAAAAAAAAAAAAAAQAAAQ.jpg
1268,A_Q0c_QIvmCAoAAAAAAAAAAAAAAQAAAQ.jpg
1268,A_zjktQp-czbsAAAAAAAAAAAAAAQAAAQ.jpg
1269,A_0VjnQoOyQFYAAAAAAAAAAAAAAQAAAQ.jpg
1269,A_6tRLRIMlZcAAAAAAAAAAAAAAAQAAAQ.jpg
1269,A_DRG9SbIn_7sAAAAAAAAAAAAAAQAAAQ.jpg
1269,A_qDygQaMbmCsAAAAAAAAAAAAAAQAAAQ.jpg
1269,A_ldQSTr1mNAcAAAAAAAAAAAAAAQAAAQ.jpg
1269,A_2zQ8SKw0HmwAAAAAAAAAAAAAAQAAAQ.jpg
1270,jV3ehro-TYitsrnBzUlcVgAAACMAARAD.jpg
1270,6s492Y5LR5Kto8OzVdvpHQAAACMAARAD.jpg
1270,AG7rU6obTP2cA80UVvA9VgAAACMAARAD.jpg
1270,C5W99xn9Rpmnq-8QffgzswAAACMAARAD.jpg
1270,5tv9hCixSeCiHja6EI7b6AAAACMAARAD.jpg
1270,gssR255rQKW-hXQD0Y7E_AAAACMAARAD.jpg
1271,A_C_r4QL5_wX0AAAAAAAAAAAAAAQAAAQ.jpg
1271,A_5SyITq15BGgAAAAAAAAAAAAAAQAAAQ.jpg
1271,A_C0vvSpWL_JsAAAAAAAAAAAAAAQAAAQ.jpg
1271,A_CfJDTJ9aiOAAAAAAAAAAAAAAAQAAAQ.jpg
1271,A_yb38S7eVwa8AAAAAAAAAAAAAAQAAAQ.jpg
1271,A_pWOlQZby4GYAAAAAAAAAAAAAAQAAAQ.jpg
1272,A_twQYRK5U5dUAAAAAAAAAAAAAAQAAAQ.jpg
1272,A_PXh2Q7BkVC0AAAAAAAAAAAAAAQAAAQ.jpg
1272,A_ymwwSJZai5IAAAAAAAAAAAAAAQAAAQ.jpg
1272,A_MzYDRI1zIykAAAAAAAAAAAAAAQAAAQ.jpg
1272,A_JeVRS799a2wAAAAAAAAAAAAAAQAAAQ.jpg
1272,A_BdbARbNUADgAAAAAAAAAAAAAAQAAAQ.jpg
1273,A_otkrQ6x55ioAAAAAAAAAAAAAAQAAAQ.jpg
1273,A_B3wzTov3pPQAAAAAAAAAAAAAAQAAAQ.jpg
1273,A_RZTaRK3bJIcAAAAAAAAAAAAAAQAAAQ.jpg
1273,A_JVqvTaADYeMAAAAAAAAAAAAAAQAAAQ.jpg
1273,A_q0dFR7cGWkQAAAAAAAAAAAAAAQAAAQ.jpg
1273,A_2lrgQ5piRFsAAAAAAAAAAAAAAQAAAQ.jpg
1274,A_olotS4XoJFkAAAAAAAAAAAAAAQAAAQ.jpg
1274,A_56etSoqz9lkAAAAAAAAAAAAAAQAAAQ.jpg
1274,A_HAtPTLANbMAAAAAAAAAAAAAAAQAAAQ.jpg
1274,A_icEHSLdCQo8AAAAAAAAAAAAAAQAAAQ.jpg
1274,A_8gLsQ6KuwHQAAAAAAAAAAAAAAQAAAQ.jpg
1274,A_A29dTpQ8IOwAAAAAAAAAAAAAAQAAAQ.jpg
1275,A_L_fMQ4YgTbUAAAAAAAAAAAAAAQAAAQ.jpg
1275,A_8xTQSLkd18MAAAAAAAAAAAAAAQAAAQ.jpg
1275,A_wsMpQbMfJyAAAAAAAAAAAAAAAQAAAQ.jpg
1275,A_k_RPQYZRrkAAAAAAAAAAAAAAAQAAAQ.jpg
1275,A_Ka1IRZhFoOoAAAAAAAAAAAAAAQAAAQ.jpg
1275,A_lXDEQaoW4GsAAAAAAAAAAAAAAQAAAQ.jpg
1276,A_0eHqSotZJB4AAAAAAAAAAAAAAQAAAQ.jpg
1276,A_6BoNTIj6Zn8AAAAAAAAAAAAAAQAAAQ.jpg
1276,A_NfYdSZ8-0FYAAAAAAAAAAAAAAQAAAQ.jpg
1276,A_9jzqQrTHgCQAAAAAAAAAAAAAAQAAAQ.jpg
1276,A_-zpLRbA5T7QAAAAAAAAAAAAAAQAAAQ.jpg
1276,A_demMTaFj7p8AAAAAAAAAAAAAAQAAAQ.jpg
1277,A_JQmhRLsCpowAAAAAAAAAAAAAAQAAAQ.jpg
1277,A_zz-aSZh8rzMAAAAAAAAAAAAAAQAAAQ.jpg
1277,A_gR_YR4d18TQAAAAAAAAAAAAAAQAAAQ.jpg
1277,A_eLCGTJtC0LMAAAAAAAAAAAAAAQAAAQ.jpg
1277,A_D-WxSLxg0XwAAAAAAAAAAAAAAQAAAQ.jpg
1277,A_F-Y6SLy3q3kAAAAAAAAAAAAAAQAAAQ.jpg
1278,hc_8dM3TTzeQxx1wn6w2ogAAACMAARAD.jpg
1278,KtjlPeKCRb-0vismjLY7MgAAACMAARED.jpg
1278,hL3x2UFYTb-fOuBIwUKJMAAAACMAARED.jpg
1278,imqELfCBQ0anyzmOWFa77wAAACMAARAD.jpg
1278,gO5e4wDlTpSBMkBADWucyQAAACMAARED.jpg
1278,40cC6HWzRva34jaC_YZZAwAAACMAARED.jpg
1279,jljP-9JORDyajV3g_xwG_wAAACMAARAD.jpg
1279,t7OjT-JkTe-fdqtZnMC8oAAAACMAARAD.jpg
1279,kI8JptLQRmKD74_JZNiHXQAAACMAARAD.jpg
1279,nAi--2AISa2-kG4iYClrZAAAACMAARAD.jpg
1279,J4N-el7oSxaafAyjuSBgGAAAACMAARAD.jpg
1279,8QdADX6zQ3mS9dmE-VCOBgAAACMAARAD.jpg
1280,A_WRYZRKOZPL4AAAAAAAAAAAAAAQAAAQ.jpg
1280,A_5RnLQp7mKNsAAAAAAAAAAAAAAQAAAQ.jpg
1280,A_enA1RrPs6TgAAAAAAAAAAAAAAQAAAQ.jpg
1280,A_7zNRSYbqsoAAAAAAAAAAAAAAAQAAAQ.jpg
1280,A_b-8qRr28s_QAAAAAAAAAAAAAAQAAAQ.jpg
1280,A_TnpqRIoO1cIAAAAAAAAAAAAAAQAAAQ.jpg
1281,A_IfS8TqroUEgAAAAAAAAAAAAAAQAAAQ.jpg
1281,A_SwDLSLSKMi8AAAAAAAAAAAAAAQAAAQ.jpg
1281,A_iJVwTais0UgAAAAAAAAAAAAAAQAAAQ.jpg
1281,A_5ObjSaWgNVgAAAAAAAAAAAAAAQAAAQ.jpg
1281,A_n4mzQqZYsskAAAAAAAAAAAAAAQAAAQ.jpg
1281,A_k6J1RpHE-uEAAAAAAAAAAAAAAQAAAQ.jpg
1282,MfYoqfAzSxyKWkDANp68IQAAACMAARAD.jpg
1282,YoSHu2JrTOO6hQ5gU0XFegAAACMAARAD.jpg
1282,wOtJM1xTQZ6YLMlLIsR6RQAAACMAARAD.jpg
1282,uKy0yW2aSKGHTpR2lfUysQAAACMAARAD.jpg
1282,3TWmN3cgR6O-z4Ry4M-TngAAACMAARAD.jpg
1282,ysnTdNgkTQ2KcesYGinCrgAAACMAARAD.jpg
1283,A_1KykSqIp3y0AAAAAAAAAAAAAAQAAAQ.jpg
1283,A_oU0aQJ48IRsAAAAAAAAAAAAAAQAAAQ.jpg
1283,A_vjMsQZpQaTkAAAAAAAAAAAAAAQAAAQ.jpg
1283,A_jDBmTIN3O1EAAAAAAAAAAAAAAQAAAQ.jpg
1283,A_cIYGQ7AY1_4AAAAAAAAAAAAAAQAAAQ.jpg
1283,A_wbFXSqEkpSMAAAAAAAAAAAAAAQAAAQ.jpg
1284,A_LASnRL9zIE4AAAAAAAAAAAAAAQAAAQ.jpg
1284,LNlPtwVGSl-ipHGlshPDWAAAACMAARAD.jpg
1284,8Qw6qRpuSFiqsPEqj_LOpwAAACMAARAD.jpg
1284,HuSWm8MwS8C21fYeSVVyagAAACMAARAD.jpg
1284,lFnXbsgySbe-RMVrti88KQAAACMAARAD.jpg
1284,PKvgCxspT06mVkCupz9C2QAAACMAARAD.jpg
1285,A_4uZrQJsALPQAAAAAAAAAAAAAAQAAAQ.jpg
1285,A_0Z_BTJTyxrUAAAAAAAAAAAAAAQAAAQ.jpg
1285,A_9nbgRqR5TioAAAAAAAAAAAAAAQAAAQ.jpg
1285,A_z-jkQpRk3FkAAAAAAAAAAAAAAQAAAQ.jpg
1285,A_qQm9SqhVmh8AAAAAAAAAAAAAAQAAAQ.jpg
1285,A_Ak6wQLMJZPUAAAAAAAAAAAAAAQAAAQ.jpg
1286,A_p01WSpLvktkAAAAAAAAAAAAAAQAAAQ.jpg
1286,A_HfAITJMN8P8AAAAAAAAAAAAAAQAAAQ.jpg
1286,A_EVPKRbZgOYgAAAAAAAAAAAAAAQAAAQ.jpg
1286,A_TQ2VSpdE9mMAAAAAAAAAAAAAAQAAAQ.jpg
1286,A_Rc01QbuRw5YAAAAAAAAAAAAAAQAAAQ.jpg
1286,A_g3QTTLBYHsUAAAAAAAAAAAAAAQAAAQ.jpg
1287,A_gYglR7OJR9MAAAAAAAAAAAAAAQAAAQ.jpg
1287,A_bGEYTpbq2xsAAAAAAAAAAAAAAQAAAQ.jpg
1287,A_c7PhTYy24i4AAAAAAAAAAAAAAQAAAQ.jpg
1287,A__FEKTZUF1Y8AAAAAAAAAAAAAAQAAAQ.jpg
1287,A_a5OsTbYWWVQAAAAAAAAAAAAAAQAAAQ.jpg
1287,A_g55DSKHkNDkAAAAAAAAAAAAAAQAAAQ.jpg
1288,A_nJFYQIdXJJIAAAAAAAAAAAAAAQAAAQ.jpg
1288,A_ZytaRL6DIcQAAAAAAAAAAAAAAQAAAQ.jpg
1288,A_rphdRInnC2cAAAAAAAAAAAAAAQAAAQ.jpg
1288,A_ZkMGSr_0kyQAAAAAAAAAAAAAAQAAAQ.jpg
1288,A_Y6qGQYFvMP0AAAAAAAAAAAAAAQAAAQ.jpg
1288,A_ZLO-T6B44-QAAAAAAAAAAAAAAQAAAQ.jpg
1289,A_AMHwR48il0gAAAAAAAAAAAAAAQAAAQ.jpg
1289,A_TgAqQpXQPWgAAAAAAAAAAAAAAQAAAQ.jpg
1289,A_to61RICU3tgAAAAAAAAAAAAAAQAAAQ.jpg
1289,A_16FyRKAdZCwAAAAAAAAAAAAAAQAAAQ.jpg
1289,A_UA5VQr9DJc0AAAAAAAAAAAAAAQAAAQ.jpg
1289,A_TA9aSIHyoewAAAAAAAAAAAAAAQAAAQ.jpg
1290,A_f2fKQbfNF8MAAAAAAAAAAAAAAQAAAQ.jpg
1290,A_Sm0gS7RP30QAAAAAAAAAAAAAAQAAAQ.jpg
1290,A_1GuMQarIxOsAAAAAAAAAAAAAAQAAAQ.jpg
1290,A_Cx8AT5HA35gAAAAAAAAAAAAAAQAAAQ.jpg
1290,A_T_xdRoOUXqsAAAAAAAAAAAAAAQAAAQ.jpg
1290,A_UXmITL-h8LMAAAAAAAAAAAAAAQAAAQ.jpg
1291,A_-V96Qa0QThkAAAAAAAAAAAAAAQAAAQ.jpg
1291,A_vaaqQKunbZkAAAAAAAAAAAAAAQAAAQ.jpg
1291,A_bFgKSZ1-WbEAAAAAAAAAAAAAAQAAAQ.jpg
1291,A_vA8kSp4KcUUAAAAAAAAAAAAAAQAAAQ.jpg
1291,A_WNgORoRRamAAAAAAAAAAAAAAAQAAAQ.jpg
1291,A_hKxiQrUhfZUAAAAAAAAAAAAAAQAAAQ.jpg
1292,A_FyXHS6lwH00AAAAAAAAAAAAAAQAAAQ.jpg
1292,A_GWDtRJ-PEYIAAAAAAAAAAAAAAQAAAQ.jpg
1292,A_f7WbRLWc904AAAAAAAAAAAAAAQAAAQ.jpg
1292,A_E3hiQIEwtSkAAAAAAAAAAAAAAQAAAQ.jpg
1292,A_mQvKR47IcpkAAAAAAAAAAAAAAQAAAQ.jpg
1292,A_s3DKToWP_5UAAAAAAAAAAAAAAQAAAQ.jpg
1293,A_rZCET7Bcu5YAAAAAAAAAAAAAAQAAAQ.jpg
1293,A_xK0XQo9bd_wAAAAAAAAAAAAAAQAAAQ.jpg
1293,A_G_d-SZ5LZZsAAAAAAAAAAAAAAQAAAQ.jpg
1293,A_CoL5S4nhAgMAAAAAAAAAAAAAAQAAAQ.jpg
1293,A_k6FNQbcqp4YAAAAAAAAAAAAAAQAAAQ.jpg
1293,A_cKTpQK7jeCMAAAAAAAAAAAAAAQAAAQ.jpg
1294,A_mFi6TLRxJ9cAAAAAAAAAAAAAAQAAAQ.jpg
1294,A_XSjzR59VqvHRlAVGm_RBAAAAAQAAAQ.jpg
1294,A_Kg8hQIvTubMAAAAAAAAAAAAAAQAAAQ.jpg
1294,A_aR-qQ6LgCM4AAAAAAAAAAAAAAQAAAQ.jpg
1294,A_qE1fTpJ19QIAAAAAAAAAAAAAAQAAAQ.jpg
1294,A_UE-JSb_9FMYAAAAAAAAAAAAAAQAAAQ.jpg
1295,A_phjfSK7C04wAAAAAAAAAAAAAAQAAAQ.jpg
1295,A_7PWcRpT6-noAAAAAAAAAAAAAAQAAAQ.jpg
1295,A_yusuSowwe7sAAAAAAAAAAAAAAQAAAQ.jpg
1295,A_zxzNQqQfYAMAAAAAAAAAAAAAAQAAAQ.jpg
1295,A_cy6BT7zBon8AAAAAAAAAAAAAAQAAAQ.jpg
1295,A_kNnVT6iAT-oAAAAAAAAAAAAAAQAAAQ.jpg
1296,A_KW5iQISstkQAAAAAAAAAAAAAAQAAAQ.jpg
1296,A_NnDDQ68F5F8AAAAAAAAAAAAAAQAAAQ.jpg
1296,A_p1EvTo6QQ7MAAAAAAAAAAAAAAQAAAQ.jpg
1296,A_t87cQqq5PeYAAAAAAAAAAAAAAQAAAQ.jpg
1296,A_RzQdRY8vhLkAAAAAAAAAAAAAAQAAAQ.jpg
1296,A_LsbQTaqu05YAAAAAAAAAAAAAAQAAAQ.jpg
1297,A_xx0YQr5BNq8AAAAAAAAAAAAAAQAAAQ.jpg
1297,A_stmPT54njmIAAAAAAAAAAAAAAQAAAQ.jpg
1297,A_stmPT54njmIU_RNLpIBqvAAAAQAAAQ.jpg
1297,A_zxwhSKLMsogAAAAAAAAAAAAAAQAAAQ.jpg
1297,A_m4UIQaz3nSYAAAAAAAAAAAAAAQAAAQ.jpg
1297,A_stmPT54njmJQA21MkONSVgAAAQAAAQ.jpg
1298,A_zMhHRKUhSuErdB5Pt_ADkgAAAQAAAQ.jpg
1298,A_zMhHRKUhSuE7jzBNqjIYmQAAAQAAAQ.jpg
1298,A_JKoXS5qMLWUAAAAAAAAAAAAAAQAAAQ.jpg
1298,A_zMhHRKUhSuEAAAAAAAAAAAAAAQAAAQ.jpg
1298,A_JKoXS5qMLWXZM1xIuGy1bAAAAQAAAQ.jpg
1298,A_5zUtS5frsf4AAAAAAAAAAAAAAQAAAQ.jpg
1299,A_b-wTSqGrNAEAAAAAAAAAAAAAAQAAAQ.jpg
1299,A_SJTyRbZbs-8AAAAAAAAAAAAAAQAAAQ.jpg
1299,A_WAmwRrFJUhUAAAAAAAAAAAAAAQAAAQ.jpg
1299,A_9BKdSKvV9UEAAAAAAAAAAAAAAQAAAQ.jpg
1299,A_TYp9Q40PjSUAAAAAAAAAAAAAAQAAAQ.jpg
1299,A_-mntSLpmrZwAAAAAAAAAAAAAAQAAAQ.jpg
1300,FzycvDuPSGu-ef2sruqE3wAAACMAARAD.jpg
1300,0RdU88SNSb2s-y4NxFgNfwAAACMAARAD.jpg
1300,f4a1-1TxSRStvQAki3vjjQAAACMAARAD.jpg
1300,Xep9PWi-TnyRkBu-1lOpugAAACMAARAD.jpg
1300,qt9ydc-FTHqABlnv0E338AAAACMAARAD.jpg
1300,_QZZGgcwSouH-KhMhR6KcAAAACMAARAD.jpg
1301,A_8AsaQ4dMoL0AAAAAAAAAAAAAAQAAAQ.jpg
1301,A_ffXuTIdlCWcAAAAAAAAAAAAAAQAAAQ.jpg
1301,A_uJmSS6jwC_EAAAAAAAAAAAAAAQAAAQ.jpg
1301,A_J1qLRIBVPRwAAAAAAAAAAAAAAQAAAQ.jpg
1301,A_fNviRZaQBUIAAAAAAAAAAAAAAQAAAQ.jpg
1301,A_tXSZTIQiK3YAAAAAAAAAAAAAAQAAAQ.jpg
1302,A_cKM9Tog7d3gAAAAAAAAAAAAAAQAAAQ.jpg
1302,A_y3o0T5zshLsAAAAAAAAAAAAAAQAAAQ.jpg
1302,A_yo0qQ6lU6HsAAAAAAAAAAAAAAQAAAQ.jpg
1302,A_7boYR4gvvhMAAAAAAAAAAAAAAQAAAQ.jpg
1302,A_TiDfT7B8BmwAAAAAAAAAAAAAAQAAAQ.jpg
1302,A_T1teTI7MnHUAAAAAAAAAAAAAAQAAAQ.jpg
1303,A_XNHHSZlJH00AAAAAAAAAAAAAAQAAAQ.jpg
1303,A__2g8SIdev1YAAAAAAAAAAAAAAQAAAQ.jpg
1303,A_ChqmSJ1Ok-IAAAAAAAAAAAAAAQAAAQ.jpg
1303,A_SdoSTYqbvSUAAAAAAAAAAAAAAQAAAQ.jpg
1303,A_Rww6Rra53Y8AAAAAAAAAAAAAAQAAAQ.jpg
1303,A_Uzk2SrABsKIAAAAAAAAAAAAAAQAAAQ.jpg
1304,A_xvAiTaIgyiIAAAAAAAAAAAAAAQAAAQ.jpg
1304,A_EUqYT7AVrh4AAAAAAAAAAAAAAQAAAQ.jpg
1304,A_cXEhQ5lI-kAAAAAAAAAAAAAAAQAAAQ.jpg
1304,A_uskbRJwK4XwAAAAAAAAAAAAAAQAAAQ.jpg
1304,A_D5vXRpubIH4AAAAAAAAAAAAAAQAAAQ.jpg
1304,A_cdBQTbPmNRcAAAAAAAAAAAAAAQAAAQ.jpg
1305,zGfOrLgJRWq4z48tv9EHeQAAACMAARAD.jpg
1305,WONvMSM7TiuLnaBmvKNEiAAAACMAARAD.jpg
1305,WNf53_8ITqK97-33UL-ISgAAACMAARAD.jpg
1305,ee9SWo2zTeyS2Xh3WfHGaQAAACMAARAD.jpg
1305,oUwFV4MkS2S9joIua_wkvwAAACMAARAD.jpg
1305,8uu1FfYMQXe3pxQOcXQR9gAAACMAARAD.jpg
1306,A_0SWCTYxPcBoAAAAAAAAAAAAAAQAAAQ.jpg
1306,A_0ZuNSaLNy7EAAAAAAAAAAAAAAQAAAQ.jpg
1306,A_cU0aRI8xDi0AAAAAAAAAAAAAAQAAAQ.jpg
1306,A_kEkzS6WBDdQAAAAAAAAAAAAAAQAAAQ.jpg
1306,A_Fk7aSIVdPRsAAAAAAAAAAAAAAQAAAQ.jpg
1306,A_c8JATZGzi1cAAAAAAAAAAAAAAQAAAQ.jpg
1307,A_wPiZSI8pSBIAAAAAAAAAAAAAAQAAAQ.jpg
1307,A_N57xRZ6tBnwAAAAAAAAAAAAAAQAAAQ.jpg
1307,A_OeVhQYZQBVoAAAAAAAAAAAAAAQAAAQ.jpg
1307,A_p1e5QJ0g4lgAAAAAAAAAAAAAAQAAAQ.jpg
1307,A_Sgy4Q5WINnoAAAAAAAAAAAAAAQAAAQ.jpg
1307,A_D7ODTa7POC4AAAAAAAAAAAAAAQAAAQ.jpg
1308,A_6bWnTrslKhwAAAAAAAAAAAAAAQAAAQ.jpg
1308,A_7zzVQYVHFHgAAAAAAAAAAAAAAQAAAQ.jpg
1308,A_wdK2RIoM3SQAAAAAAAAAAAAAAQAAAQ.jpg
1308,A__sCTTLlfQsMAAAAAAAAAAAAAAQAAAQ.jpg
1308,A_3AbSRaIVmvwAAAAAAAAAAAAAAQAAAQ.jpg
1308,A_sqlbQYqQlFAAAAAAAAAAAAAAAQAAAQ.jpg
1309,A_XMPcQI5Fqs0AAAAAAAAAAAAAAQAAAQ.jpg
1309,A_Ws9rTr4ssSIAAAAAAAAAAAAAAQAAAQ.jpg
1309,A_cwDhQLizVhEAAAAAAAAAAAAAAQAAAQ.jpg
1309,A_9OP_RqOi65cAAAAAAAAAAAAAAQAAAQ.jpg
1309,A_T7tpTqdx0wcAAAAAAAAAAAAAAQAAAQ.jpg
1309,A_-XUaRqtBWX4AAAAAAAAAAAAAAQAAAQ.jpg
1310,A_WDLkR6ptwJYAAAAAAAAAAAAAAQAAAQ.jpg
1310,A_izLaT4q7z-8AAAAAAAAAAAAAAQAAAQ.jpg
1310,A_puDYQoa6ZyAAAAAAAAAAAAAAAQAAAQ.jpg
1310,A_n5qWSYMC0SYAAAAAAAAAAAAAAQAAAQ.jpg
1310,A_4dqvS7ABM9IAAAAAAAAAAAAAAQAAAQ.jpg
1310,A_0-ELRoJDoOAAAAAAAAAAAAAAAQAAAQ.jpg
1311,A_7TXVT6R41bwAAAAAAAAAAAAAAQAAAQ.jpg
1311,A_j72ARLb_6boAAAAAAAAAAAAAAQAAAQ.jpg
1311,A_a7OnT702SKIAAAAAAAAAAAAAAQAAAQ.jpg
1311,A_AuorQ4yCMh0AAAAAAAAAAAAAAQAAAQ.jpg
1311,A_SHknSoOqca0AAAAAAAAAAAAAAQAAAQ.jpg
1311,A_Gr90SJv0YeoAAAAAAAAAAAAAAQAAAQ.jpg
1312,A_bC75RrqgubUAAAAAAAAAAAAAAQAAAQ.jpg
1312,A_yrFZSaXtfAEAAAAAAAAAAAAAAQAAAQ.jpg
1312,A_yOJ6Q4IO9mcAAAAAAAAAAAAAAQAAAQ.jpg
1312,A_4mW0Q5rIZpgAAAAAAAAAAAAAAQAAAQ.jpg
1312,A_AKdFRp5BRZYAAAAAAAAAAAAAAQAAAQ.jpg
1312,A_s-BYTbC6hKgAAAAAAAAAAAAAAQAAAQ.jpg
1313,A_tjIQQ4rItcQAAAAAAAAAAAAAAQAAAQ.jpg
1313,A_OgM_S7d4Lu0AAAAAAAAAAAAAAQAAAQ.jpg
1313,A_04oDR5lbyT4AAAAAAAAAAAAAAQAAAQ.jpg
1313,A_v2AMTqrkHXgAAAAAAAAAAAAAAQAAAQ.jpg
1313,A_EfL_QYa84I4AAAAAAAAAAAAAAQAAAQ.jpg
1313,A__ufMSoUmcLcAAAAAAAAAAAAAAQAAAQ.jpg
1314,RIZCEXosSOm6gQj1pn6RSAAAACMAARAD.jpg
1314,HqDGqYKiSIyabK5pfkisgQAAACMAARAD.jpg
1314,HekMXIAUTl2HXeAFu4VTAgAAACMAARAD.jpg
1314,A2fZWAEeTfWyTqA6MlIezgAAACMAARAD.jpg
1314,FqQ7Yv3sQqamD1XqNUNQeQAAACMAARAD.jpg
1314,8Sk3KFu_QmSMZX_JxB-X2QAAACMAARAD.jpg
1315,A_4rz3RZuMxDMAAAAAAAAAAAAAAQAAAQ.jpg
1315,A_wr26TqasgdEAAAAAAAAAAAAAAQAAAQ.jpg
1315,A_KwVMSYgdftIAAAAAAAAAAAAAAQAAAQ.jpg
1315,A_0ZuDSZ13H_cAAAAAAAAAAAAAAQAAAQ.jpg
1315,A_NbXcRJayORUAAAAAAAAAAAAAAQAAAQ.jpg
1315,A_vEWFRJ2pIzwAAAAAAAAAAAAAAQAAAQ.jpg
1316,w9YQq4_NScePMhUzHiU7ugAAACMAARAD.jpg
1316,YDkF-IExTl-pKxGA-asCwwAAACMAARAD.jpg
1316,_YxN02DfQ7OUYkwftQP0QQAAACMAARAD.jpg
1316,aa7CED-ZTiSSG_-WFIoMkwAAACMAARAD.jpg
1316,pb5VFO7UQBWHMuwgRE5PHgAAACMAARAD.jpg
1316,hoWp7-3lQi-3jCssfpyVaAAAACMAARAD.jpg
1317,A_M2dJTrQsL7gAAAAAAAAAAAAAAQAAAQ.jpg
1317,A_z7uTTKANmKQAAAAAAAAAAAAAAQAAAQ.jpg
1317,A_a0R0R5IAcOEAAAAAAAAAAAAAAQAAAQ.jpg
1317,A_yuLVT43MzcgAAAAAAAAAAAAAAQAAAQ.jpg
1317,A_AVz3Sb7iIKwAAAAAAAAAAAAAAQAAAQ.jpg
1317,A_hqBxRo7pAs4AAAAAAAAAAAAAAQAAAQ.jpg
1318,A_RPqaQYB6kjQAAAAAAAAAAAAAAQAAAQ.jpg
1318,A_XiKLT6SCDZsAAAAAAAAAAAAAAQAAAQ.jpg
1318,A_SUhQQqbmlOwAAAAAAAAAAAAAAQAAAQ.jpg
1318,A_zR9xTI8bns0AAAAAAAAAAAAAAQAAAQ.jpg
1318,A_z_sFRp0sqQIAAAAAAAAAAAAAAQAAAQ.jpg
1318,A_mbl_QJe6wqwAAAAAAAAAAAAAAQAAAQ.jpg
1319,A_S0zwTqouBekAAAAAAAAAAAAAAQAAAQ.jpg
1319,A_cKh6QbFC51wAAAAAAAAAAAAAAQAAAQ.jpg
1319,A_KXFaQ7PvD3gAAAAAAAAAAAAAAQAAAQ.jpg
1319,A_AgMeSbS1YrMAAAAAAAAAAAAAAQAAAQ.jpg
1319,A_VJVSRaHUMhcAAAAAAAAAAAAAAQAAAQ.jpg
1319,A_tmV0SKPNXSUAAAAAAAAAAAAAAQAAAQ.jpg
1320,A_URYeRZOpe68AAAAAAAAAAAAAAQAAAQ.jpg
1320,A_4OwVSaVoxg4AAAAAAAAAAAAAAQAAAQ.jpg
1320,A_ewXCQJhfsF0AAAAAAAAAAAAAAQAAAQ.jpg
1320,A_Or1GTqTym0AAAAAAAAAAAAAAAQAAAQ.jpg
1320,A_BUCBRov7kcoAAAAAAAAAAAAAAQAAAQ.jpg
1320,A_r5lyTqEh9NQAAAAAAAAAAAAAAQAAAQ.jpg
1321,A_s1uuSboGX58AAAAAAAAAAAAAAQAAAQ.jpg
1321,A_pTBdRpDG19IAAAAAAAAAAAAAAQAAAQ.jpg
1321,A_kLiUS4oxWiEAAAAAAAAAAAAAAQAAAQ.jpg
1321,A_Li70RYXYOToAAAAAAAAAAAAAAQAAAQ.jpg
1321,A_IXO-TKQX2Z0AAAAAAAAAAAAAAQAAAQ.jpg
1321,A_KjDbQJVMoCMAAAAAAAAAAAAAAQAAAQ.jpg
1322,A_b8rTTZnRnF8AAAAAAAAAAAAAAQAAAQ.jpg
1322,A_dxCNSp4IGbAAAAAAAAAAAAAAAQAAAQ.jpg
1322,A_stIeTZ6xLSQAAAAAAAAAAAAAAQAAAQ.jpg
1322,A_pgK-T52w7eYAAAAAAAAAAAAAAQAAAQ.jpg
1322,A_TlQXRagTGKcAAAAAAAAAAAAAAQAAAQ.jpg
1322,A_aOn9RpOdtFIAAAAAAAAAAAAAAQAAAQ.jpg
1323,A_UxuKRYc2x7YAAAAAAAAAAAAAAQAAAQ.jpg
1323,A_RaRvSLwdvtQAAAAAAAAAAAAAAQAAAQ.jpg
1323,A_hDlVQZkfoCwAAAAAAAAAAAAAAQAAAQ.jpg
1323,A_g9LKSo8QMHyeCIdHtLdTyQAAAQAAAQ.jpg
1323,A_BozJTaHtlVkAAAAAAAAAAAAAAQAAAQ.jpg
1323,A_g9LKSo8QMHwAAAAAAAAAAAAAAQAAAQ.jpg
1324,frdTcr-kQKe_ugKUa32pmwAAACMAARAD.jpg
1324,a_y5GjiXSBqOEP8KG75kswAAACMAARED.jpg
1324,95yWrxU0SHOjvzfmAl1GjwAAACMAARAD.jpg
1324,uxwfx91iR5GKZanJd9Z42wAAACMAARAD.jpg
1324,s-goRr4zRqihodt8c49wvwAAACMAARAD.jpg
1324,9EtIyANfQc61eEfskXaVGQAAACMAARED.jpg
1325,A_rZL0S6dvFYvlzupIll1R-AAAAQAAAQ.jpg
1325,A_rZL0S6dvFYsAAAAAAAAAAAAAAQAAAQ.jpg
1325,A_jB9eRYoChjwAAAAAAAAAAAAAAQAAAQ.jpg
1325,A_92a6Tq_Mr68AAAAAAAAAAAAAAQAAAQ.jpg
1325,A_0aCUSY5NN4IAAAAAAAAAAAAAAQAAAQ.jpg
1325,A_AAb-SaRo2rwAAAAAAAAAAAAAAQAAAQ.jpg
1326,A_s3yWQZRsWqMAAAAAAAAAAAAAAQAAAQ.jpg
1326,A_KxBVRZ_49dEAAAAAAAAAAAAAAQAAAQ.jpg
1326,A_Oj4CRqQrUiU9b2pImURI-AAAAQAAAQ.jpg
1326,A_Oj4CRqQrUiUAAAAAAAAAAAAAAQAAAQ.jpg
1326,A_5z1SRIthrRMAAAAAAAAAAAAAAQAAAQ.jpg
1326,A_o8ipRYjXiXQAAAAAAAAAAAAAAQAAAQ.jpg
1327,8bqSm5suQB-TkC66R2F-lgAAACMAARAD.jpg
1327,Ej2g9nnhTLyYvf0RFPPZMgAAACMAARAD.jpg
1327,ZAn-g8hsST-RLZKUI_1_YgAAACMAARAD.jpg
1327,gioGl7mwSCab39gMX8ARnAAAACMAARAD.jpg
1327,omt8M0kmRMSuRUW91x_fLgAAACMAARAD.jpg
1327,1u5RC96DSSGhP-caETvXfQAAACMAARAD.jpg
1328,A_JFf0QpMDxLUAAAAAAAAAAAAAAQAAAQ.jpg
1328,A_AoHdR7FLKwgAAAAAAAAAAAAAAQAAAQ.jpg
1328,A_XkL2TbqrMEwAAAAAAAAAAAAAAQAAAQ.jpg
1328,A_FVWOQa45oeMAAAAAAAAAAAAAAQAAAQ.jpg
1328,A_uY8RT48iBmoAAAAAAAAAAAAAAQAAAQ.jpg
1328,A_BP63Qp6wXyUAAAAAAAAAAAAAAQAAAQ.jpg
1329,A_sjosRJ0wPVkAAAAAAAAAAAAAAQAAAQ.jpg
1329,A_ItmHSrXG59IAAAAAAAAAAAAAAQAAAQ.jpg
1329,A_HII8R5WzRQ4AAAAAAAAAAAAAAQAAAQ.jpg
1329,A_uSLAQKtJDr4AAAAAAAAAAAAAAQAAAQ.jpg
1329,A_Q6HgTaP6E2QAAAAAAAAAAAAAAQAAAQ.jpg
1329,A_89xmRqt7JDgAAAAAAAAAAAAAAQAAAQ.jpg
1330,A_BvagTqt2xW0AAAAAAAAAAAAAAQAAAQ.jpg
1330,A_CMb2RJx-GToAAAAAAAAAAAAAAQAAAQ.jpg
1330,A_mELMSZX6_9YAAAAAAAAAAAAAAQAAAQ.jpg
1330,A_4UKXTpg0lCgAAAAAAAAAAAAAAQAAAQ.jpg
1330,A_FdfjQKuVE-EAAAAAAAAAAAAAAQAAAQ.jpg
1330,A_miO8RI_sLsIAAAAAAAAAAAAAAQAAAQ.jpg
1331,A_h0UnRoWDbBQAAAAAAAAAAAAAAQAAAQ.jpg
1331,A_2SYrSID-5CkAAAAAAAAAAAAAAQAAAQ.jpg
1331,A_YaJOSrbcB5YAAAAAAAAAAAAAAQAAAQ.jpg
1331,A_Mr_oTZ8LdmUAAAAAAAAAAAAAAQAAAQ.jpg
1331,A_MOgETIoFAqQAAAAAAAAAAAAAAQAAAQ.jpg
1331,A_K-1tRZOChRUAAAAAAAAAAAAAAQAAAQ.jpg
1332,A_gBKETKn8DvwAAAAAAAAAAAAAAQAAAQ.jpg
1332,A_m2BwRaFdErIAAAAAAAAAAAAAAQAAAQ.jpg
1332,A_Fz8gR48e7YwAAAAAAAAAAAAAAQAAAQ.jpg
1332,A_l8urSJ3Y_ZMAAAAAAAAAAAAAAQAAAQ.jpg
1332,A_2JASQbN8i68AAAAAAAAAAAAAAQAAAQ.jpg
1332,A_0ZBaRKtusuAAAAAAAAAAAAAAAQAAAQ.jpg
1333,A_hB7UQZ1wHGQAAAAAAAAAAAAAAQAAAQ.jpg
1333,A_LC73QKKHtxsAAAAAAAAAAAAAAQAAAQ.jpg
1333,A_T_ZjQpBDIJEAAAAAAAAAAAAAAQAAAQ.jpg
1333,A_zRxmTpGb1kMAAAAAAAAAAAAAAQAAAQ.jpg
1333,A_k4waQ5pENTsAAAAAAAAAAAAAAQAAAQ.jpg
1333,A_dZG9Q4576q8AAAAAAAAAAAAAAQAAAQ.jpg
1334,A_03AFSaoCIYMAAAAAAAAAAAAAAQAAAQ.jpg
1334,A_bRcAQpqLS8kAAAAAAAAAAAAAAQAAAQ.jpg
1334,A__cLMQbU4SS0AAAAAAAAAAAAAAQAAAQ.jpg
1334,A_95Z4QIMBISQAAAAAAAAAAAAAAQAAAQ.jpg
1334,A_g-92SYG_mcMAAAAAAAAAAAAAAQAAAQ.jpg
1334,A_oZO5TK174JsAAAAAAAAAAAAAAQAAAQ.jpg
1335,A_mFe3QKV54XcAAAAAAAAAAAAAAQAAAQ.jpg
1335,A_LaJXSLgvcWABL0VDvY1hqgAAAQAAAQ.jpg
1335,A_LaJXSLgvcWAAAAAAAAAAAAAAAQAAAQ.jpg
1335,A_uo1iTaASRHgAAAAAAAAAAAAAAQAAAQ.jpg
1335,A_guRwTo_PyEAAAAAAAAAAAAAAAQAAAQ.jpg
1335,A_j8CBQYr_ECQAAAAAAAAAAAAAAQAAAQ.jpg
1336,NpL0Hs0eTzGvq6-Kp2J-RwAAACMAARAD.jpg
1336,BnMTwNDZTDic7PE_4wP9cwAAACMAARAD.jpg
1336,wIszWZIYQC224vOq0XhO2gAAACMAARAD.jpg
1336,Kaf40bOpT5G9tQ2a92m9aQAAACMAARAD.jpg
1336,4mdzWDyRQ82GuQWRmzSQBQAAACMAARAD.jpg
1336,5-dDbF_HS_O0O2_34lIV9AAAACMAARAD.jpg
1337,A_Hu1zSa0hFccAAAAAAAAAAAAAAQAAAQ.jpg
1337,A_OcK3SrWHKYAAAAAAAAAAAAAAAQAAAQ.jpg
1337,A_UBDTSZ2Vh-YAAAAAAAAAAAAAAQAAAQ.jpg
1337,A_I0duQIGPqIUAAAAAAAAAAAAAAQAAAQ.jpg
1337,A_Hu1zSa0hFcdm4cpMozBtlgAAAQAAAQ.jpg
1337,A_jwl4QaUztl0AAAAAAAAAAAAAAQAAAQ.jpg
1338,elfhVqTdQpWv6R3PsHqMjQAAACMAARAD.jpg
1338,frarTD7lTOqgeRc7RMPqNQAAACMAARAD.jpg
1338,jjWLPK10Q3S11BG3fnopQgAAACMAARAD.jpg
1338,KhYwboiXREiuD9ad__7GDwAAACMAARAD.jpg
1338,YFn8FC0cQFGTffeP-0YugAAAACMAARAD.jpg
1338,8HPPNmXFR0O3msRIxa8WnQAAACMAARAD.jpg
1339,A_lPHeQo7aiawAAAAAAAAAAAAAAQAAAQ.jpg
1339,A_1AcjS7HMufYAAAAAAAAAAAAAAQAAAQ.jpg
1339,A_jUAxSpWjluMAAAAAAAAAAAAAAQAAAQ.jpg
1339,A_nec0R4X7desAAAAAAAAAAAAAAQAAAQ.jpg
1339,A_9TXZTICb-ssAAAAAAAAAAAAAAQAAAQ.jpg
1339,A_HFprSoUoL2gAAAAAAAAAAAAAAQAAAQ.jpg
1340,36L3Z5XgRFWtMVjSmPOSTwAAACMAARAD.jpg
1340,VExaZWAxSUuI3YKpQvrnIgAAACMAARAD.jpg
1340,6RjEAJmWRo2IAW2PEigq5wAAACMAARAD.jpg
1340,8fDO2NZcTqetpeRD2liw8gAAACMAARAD.jpg
1340,nkgYYoZXQzq6kUQOjL6cQgAAACMAARAD.jpg
1340,xW1Mn56mRh-OB69ayDWmoQAAACMAARAD.jpg
1341,A_CJEPQZwY7_LC6f1Fh61-vQAAAQAAAQ.jpg
1341,A_--O-TYvJMXwAAAAAAAAAAAAAAQAAAQ.jpg
1341,A_CJEPQZwY7_IAAAAAAAAAAAAAAQAAAQ.jpg
1341,A_Vg6lSL6paE4AAAAAAAAAAAAAAQAAAQ.jpg
1341,A_V4M-S5Mt__QAAAAAAAAAAAAAAQAAAQ.jpg
1341,A_2PylSJ1j8RIAAAAAAAAAAAAAAQAAAQ.jpg
1342,QQxyNEuVSAWRtd0Fk3TSiAAAACMAARAD.jpg
1342,j00zrtFURoqtClI52lMJUAAAACMAARAD.jpg
1342,UGSrDzPcQN2snR0B29V38AAAACMAARAD.jpg
1342,4PnTMDonSgyab2bzQ-yK9wAAACMAARAD.jpg
1342,uwbM_KZaT4WXCQZJ66Ib_QAAACMAARAD.jpg
1342,J1O8TQTwTPSajGqg9HcALwAAACMAARAD.jpg
1343,A_OqmKRqgaZiAAAAAAAAAAAAAAAQAAAQ.jpg
1343,A_e6DJRYXhaSoAAAAAAAAAAAAAAQAAAQ.jpg
1343,A_pvSeTrQ9cjEAAAAAAAAAAAAAAQAAAQ.jpg
1343,A_0gczRYEcMd0AAAAAAAAAAAAAAQAAAQ.jpg
1343,A_mhYFS7uBQCIAAAAAAAAAAAAAAQAAAQ.jpg
1343,A_lv0eRrxAXNwAAAAAAAAAAAAAAQAAAQ.jpg
1344,A_tnVbTq1hG0IAAAAAAAAAAAAAAQAAAQ.jpg
1344,A_G93uT5tp26QAAAAAAAAAAAAAAQAAAQ.jpg
1344,A_hAP5R7hp_CkAAAAAAAAAAAAAAQAAAQ.jpg
1344,A_LvVhRqiGvcIAAAAAAAAAAAAAAQAAAQ.jpg
1344,A_waonRYbJYOwAAAAAAAAAAAAAAQAAAQ.jpg
1344,A_jejVTopHAJoAAAAAAAAAAAAAAQAAAQ.jpg
1345,A_HdTBQ4sX5vwAAAAAAAAAAAAAAQAAAQ.jpg
1345,A_KQwhSbAW-YwAAAAAAAAAAAAAAQAAAQ.jpg
1345,A_DkWtQphhpucAAAAAAAAAAAAAAQAAAQ.jpg
1345,A_YeEaTrUro9IAAAAAAAAAAAAAAQAAAQ.jpg
1345,A_kKmNR65xnvsAAAAAAAAAAAAAAQAAAQ.jpg
1345,A_SnWNTb004p4AAAAAAAAAAAAAAQAAAQ.jpg
1346,A_O8IBS7bcXMAAAAAAAAAAAAAAAQAAAQ.jpg
1346,A_zXH8RZzfr1cAAAAAAAAAAAAAAQAAAQ.jpg
1346,A_shkqRbKm6LgAAAAAAAAAAAAAAQAAAQ.jpg
1346,A_VfpjQZM4v8EAAAAAAAAAAAAAAQAAAQ.jpg
1346,A_jBgOSoE5gk8AAAAAAAAAAAAAAQAAAQ.jpg
1346,A_NpaSRqrF3DwAAAAAAAAAAAAAAQAAAQ.jpg
1347,A__iSlQZS0IuEAAAAAAAAAAAAAAQAAAQ.jpg
1347,A_XRkvR6_24JoAAAAAAAAAAAAAAQAAAQ.jpg
1347,A_BquTQbUQF58AAAAAAAAAAAAAAQAAAQ.jpg
1347,A_zj1HS5Be7c4AAAAAAAAAAAAAAQAAAQ.jpg
1347,A_rlcDQb1PUYMAAAAAAAAAAAAAAQAAAQ.jpg
1347,A_SB5pT6dIdz0AAAAAAAAAAAAAAQAAAQ.jpg
1348,A_C3FBR7ESg0MAAAAAAAAAAAAAAQAAAQ.jpg
1348,A_fgxxT7gC-zwAAAAAAAAAAAAAAQAAAQ.jpg
1348,A_BH18R5ERvpkAAAAAAAAAAAAAAQAAAQ.jpg
1348,A_Q6uIR7KZBo4AAAAAAAAAAAAAAQAAAQ.jpg
1348,A_g3YhTbvJ9A8AAAAAAAAAAAAAAQAAAQ.jpg
1348,A_CKcESIEZPPsAAAAAAAAAAAAAAQAAAQ.jpg
1349,A_QQI2TrP_nAAAAAAAAAAAAAAAAQAAAQ.jpg
1349,A_y69QS6pCZp0AAAAAAAAAAAAAAQAAAQ.jpg
1349,A_UBFIRp0LaJAAAAAAAAAAAAAAAQAAAQ.jpg
1349,A_pfnXQq9r3uoAAAAAAAAAAAAAAQAAAQ.jpg
1349,A_s6j_S4D_Q5cAAAAAAAAAAAAAAQAAAQ.jpg
1349,A_JTXPTI39PMkAAAAAAAAAAAAAAQAAAQ.jpg
1350,A_aDWaRJ0Cte4AAAAAAAAAAAAAAQAAAQ.jpg
1350,A_gvZqQKxzVa4AAAAAAAAAAAAAAQAAAQ.jpg
1350,A_9AyaT5Y4vaoAAAAAAAAAAAAAAQAAAQ.jpg
1350,A_cWO0Sb2sA9gAAAAAAAAAAAAAAQAAAQ.jpg
1350,A_7FcUTJfZ-EEAAAAAAAAAAAAAAQAAAQ.jpg
1350,A_6McDRL0y-v8AAAAAAAAAAAAAAQAAAQ.jpg
1351,A_sltnS47XRVEAAAAAAAAAAAAAAQAAAQ.jpg
1351,A_zmLbTK7Eq7wAAAAAAAAAAAAAAQAAAQ.jpg
1351,A_GsfXSomQxTQAAAAAAAAAAAAAAQAAAQ.jpg
1351,A_tB9JQ6SKjKYAAAAAAAAAAAAAAQAAAQ.jpg
1351,A_9BCoRZPtd4kAAAAAAAAAAAAAAQAAAQ.jpg
1351,A_RkkmTYGR2GgAAAAAAAAAAAAAAQAAAQ.jpg
1352,A_hAAHRLBv6kUAAAAAAAAAAAAAAQAAAQ.jpg
1352,A_D4eMSbEh5C8AAAAAAAAAAAAAAQAAAQ.jpg
1352,A_oGUWTJP5TlUAAAAAAAAAAAAAAQAAAQ.jpg
1352,A_osC4T6WDCO8AAAAAAAAAAAAAAQAAAQ.jpg
1352,A_p7msSIPIoxsAAAAAAAAAAAAAAQAAAQ.jpg
1352,A_p5ntSLcrva4AAAAAAAAAAAAAAQAAAQ.jpg
1353,A_bmK8TYWpYpoAAAAAAAAAAAAAAQAAAQ.jpg
1353,A_nvhUSpQWokYAAAAAAAAAAAAAAQAAAQ.jpg
1353,A_7qXtTLRKBLsAAAAAAAAAAAAAAQAAAQ.jpg
1353,A_RxhpTqk6BKsAAAAAAAAAAAAAAQAAAQ.jpg
1353,A_tmZ3QpBor3sAAAAAAAAAAAAAAQAAAQ.jpg
1353,A_LKyVRYb174gAAAAAAAAAAAAAAQAAAQ.jpg
1354,A_LFzLT7mHIM8AAAAAAAAAAAAAAQAAAQ.jpg
1354,A_iFNfS4GsUIAAAAAAAAAAAAAAAQAAAQ.jpg
1354,A_FraFT4NK-OwAAAAAAAAAAAAAAQAAAQ.jpg
1354,A_5JaUS5e0nHAAAAAAAAAAAAAAAQAAAQ.jpg
1354,A_cexvRK__-1MAAAAAAAAAAAAAAQAAAQ.jpg
1354,A_P3qUR6v9jfsAAAAAAAAAAAAAAQAAAQ.jpg
1355,A_7kJbS6bLFokAAAAAAAAAAAAAAQAAAQ.jpg
1355,A_qaJ-TItVSXQAAAAAAAAAAAAAAQAAAQ.jpg
1355,A_TETcSo4ZDCgAAAAAAAAAAAAAAQAAAQ.jpg
1355,A_79Y3T534mhsAAAAAAAAAAAAAAQAAAQ.jpg
1355,A_xteZTaHHkAYAAAAAAAAAAAAAAQAAAQ.jpg
1355,A__rJuT4Ht2V0AAAAAAAAAAAAAAQAAAQ.jpg
1356,A_yhhDQbrQfGd8ld9BhzssNAAAAQAAAQ.jpg
1356,A_IqiWR62avL8AAAAAAAAAAAAAAQAAAQ.jpg
1356,A_Xrx1SIEgz8YAAAAAAAAAAAAAAQAAAQ.jpg
1356,A_yhhDQbrQfGclRShOv4OoLQAAAQAAAQ.jpg
1356,A_yhhDQbrQfGcAAAAAAAAAAAAAAQAAAQ.jpg
1356,A_xVWGSYgcMQkAAAAAAAAAAAAAAQAAAQ.jpg
1357,dsoIAzfXQvGCsWjUbb4X8AAAACMAARAD.jpg
1357,25_WUrUGSRSwEQtlCIA78gAAACMAARAD.jpg
1357,9Z0hAJwqQ_Sp0MUIGh4b1wAAACMAARAD.jpg
1357,otcaKuZmTvi_QxerP6VRdAAAACMAARAD.jpg
1357,LkTAGmb3TGuGGZHU52brUQAAACMAARAD.jpg
1357,X7bAJ7tFSBG_4F661zvLggAAACMAARAD.jpg
1358,-6WHQxGYR3ej96FqYNv-hAAAACMAARAD.jpg
1358,g1oOHJOvS4qxd5DGYu64FgAAACMAARAD.jpg
1358,HMN8oNTtTIaofpt7eRl3dwAAACMAARAD.jpg
1358,XDjg9OcHR_imQ2hoka747gAAACMAARAD.jpg
1358,qHnFLmDMQMiYxAn70xvcRwAAACMAARAD.jpg
1358,MkS_FJIUSj-AkfBJ2KVoEwAAACMAARAD.jpg
1359,QiREoZZIR4-HVb2IYPQWXwAAACMAARED.jpg
1359,qvyQGoFhTm69RSHS-41E9QAAACMAARAD.jpg
1359,rPNyWMgLSMewMHD2BSt6gAAAACMAARAD.jpg
1359,wsFUWtimSpau8CNMYn1IEAAAACMAARAD.jpg
1359,W2GbcBOXQ8S9PGJqLQppPQAAACMAARED.jpg
1359,NEaQDqOzRj2kGdWgt4KrigAAACMAARAD.jpg
1360,A_uNzLSLfbVYsAAAAAAAAAAAAAAQAAAQ.jpg
1360,A_BuqfTqOcdvkAAAAAAAAAAAAAAQAAAQ.jpg
1360,A__euTTbzk1_QAAAAAAAAAAAAAAQAAAQ.jpg
1360,A_-JpBS6Eepe4AAAAAAAAAAAAAAQAAAQ.jpg
1360,A_FjITQKM8yiQAAAAAAAAAAAAAAQAAAQ.jpg
1360,A_OStdQqQjUL8AAAAAAAAAAAAAAQAAAQ.jpg
1361,A__QqmTIAyqmIAAAAAAAAAAAAAAQAAAQ.jpg
1361,5xr55tW6SGCb4W78k-0IXwAAACMAARAD.jpg
1361,oO24Om4hRGmWxTCA3nJ4iwAAACMAARAD.jpg
1361,Z_Hv1amYSOKoJUJcV5cxjwAAACMAARAD.jpg
1361,UB-NZRT8SxapdoqCNWuvvAAAACMAARAD.jpg
1361,tk4mOGEERLCxkiRM1WOXuwAAACMAARAD.jpg
1362,A_OrR4RrU6OP0AAAAAAAAAAAAAAQAAAQ.jpg
1362,A_4h3wQKJ5JDUAAAAAAAAAAAAAAQAAAQ.jpg
1362,A_PR05ToNQKfQAAAAAAAAAAAAAAQAAAQ.jpg
1362,A_fGXbTY1iJoEAAAAAAAAAAAAAAQAAAQ.jpg
1362,A_EkWETZHkU5kAAAAAAAAAAAAAAQAAAQ.jpg
1362,A_8ZqeTLmaayAAAAAAAAAAAAAAAQAAAQ.jpg
1363,A_xjiuTJsJUpsAAAAAAAAAAAAAAQAAAQ.jpg
1363,A_TcbgToJZ2O0AAAAAAAAAAAAAAQAAAQ.jpg
1363,A_Hd0LRLVyFxQAAAAAAAAAAAAAAQAAAQ.jpg
1363,A_P5b9TYwVLCMAAAAAAAAAAAAAAQAAAQ.jpg
1363,A_5BrdQ7yMxs4AAAAAAAAAAAAAAQAAAQ.jpg
1363,A_StpkT6djYVMAAAAAAAAAAAAAAQAAAQ.jpg
1364,A_5TYSRLGnvfEAAAAAAAAAAAAAAQAAAQ.jpg
1364,A_NbMERImKF5IAAAAAAAAAAAAAAQAAAQ.jpg
1364,A_hiF9SJL03uIAAAAAAAAAAAAAAQAAAQ.jpg
1364,A_c_ljRZmOJuEAAAAAAAAAAAAAAQAAAQ.jpg
1364,A_00wGQ6p8j_UAAAAAAAAAAAAAAQAAAQ.jpg
1364,A_oWLETqhT6YIAAAAAAAAAAAAAAQAAAQ.jpg
1365,A_7mlCRqiHNywAAAAAAAAAAAAAAQAAAQ.jpg
1365,A__OQTR7tlKikAAAAAAAAAAAAAAQAAAQ.jpg
1365,A_Wc20RKKu6mgAAAAAAAAAAAAAAQAAAQ.jpg
1365,A_0t4nQKnH940AAAAAAAAAAAAAAQAAAQ.jpg
1365,A_gMo-T6IQdv0AAAAAAAAAAAAAAQAAAQ.jpg
1365,A_YrcgQoK0NyIAAAAAAAAAAAAAAQAAAQ.jpg
1366,A_JzxkRq5CL7UKXIZGrRlzfQAAAQAAAQ.jpg
1366,A_g-_gS6bU8hYAAAAAAAAAAAAAAQAAAQ.jpg
1366,A_chnJTr6v4Y8AAAAAAAAAAAAAAQAAAQ.jpg
1366,A_JzxkRq5CL7UAAAAAAAAAAAAAAQAAAQ.jpg
1366,A_05zKQb6bySIAAAAAAAAAAAAAAQAAAQ.jpg
1366,A_chnJTr6v4Y9vQqpAmLZa1AAAAQAAAQ.jpg
1367,A_lfw2QZuTKukAAAAAAAAAAAAAAQAAAQ.jpg
1367,A_30HzTpg2gJoAAAAAAAAAAAAAAQAAAQ.jpg
1367,A_qrG3Qr9WQnwAAAAAAAAAAAAAAQAAAQ.jpg
1367,A_o6_aR5P_rB8AAAAAAAAAAAAAAQAAAQ.jpg
1367,A_BelDQrZMthQAAAAAAAAAAAAAAQAAAQ.jpg
1367,A_XQs-QoHKkXEAAAAAAAAAAAAAAQAAAQ.jpg
1368,A_HylzQ4MvXaYAAAAAAAAAAAAAAQAAAQ.jpg
1368,A_y4kFR5GWHFQAAAAAAAAAAAAAAQAAAQ.jpg
1368,A_HPLCS6zhfDUAAAAAAAAAAAAAAQAAAQ.jpg
1368,A_w5yBQq07ZGQAAAAAAAAAAAAAAQAAAQ.jpg
1368,A_rmRYSoi_81sAAAAAAAAAAAAAAQAAAQ.jpg
1368,A__jF0T41lCBMAAAAAAAAAAAAAAQAAAQ.jpg
1369,nLPicZeITKm4SZnyM0IhZAAAACMAARAD.jpg
1369,CGF0IrWnSRGBFZV0QP-bbAAAACMAARAD.jpg
1369,P5hxM2vbRp-Tj8clXHs-NQAAACMAARAD.jpg
1369,qOv8xeZkRVeDHmMZ8t0QaAAAACMAARAD.jpg
1369,eVAexCuGQ-2ZHt6vXBAIlwAAACMAARAD.jpg
1369,XX6adT1pTv6LJ-Njrj_c1wAAACMAARAD.jpg
1370,A_vbb5RrhFhKkAAAAAAAAAAAAAAQAAAQ.jpg
1370,A_21V8SYT5XQkAAAAAAAAAAAAAAQAAAQ.jpg
1370,A_yv0pSqUhddwAAAAAAAAAAAAAAQAAAQ.jpg
1370,A_OGJ2Sr0EVdYAAAAAAAAAAAAAAQAAAQ.jpg
1370,A_V03gR7K90bIAAAAAAAAAAAAAAQAAAQ.jpg
1370,A_OwX6S7nJKi4AAAAAAAAAAAAAAQAAAQ.jpg
1371,A_dI4zSai8yk8AAAAAAAAAAAAAAQAAAQ.jpg
1371,A_VV-4R7Xfd1CSPTlGqoBE1gAAAQAAAQ.jpg
1371,A_dI4zSai8yk-dZNBKqTLbdAAAAQAAAQ.jpg
1371,A_Y1ryTIb8npX6SU9Br3TwMgAAAQAAAQ.jpg
1371,A_Y1ryTIb8npUAAAAAAAAAAAAAAQAAAQ.jpg
1371,A_VV-4R7Xfd1AAAAAAAAAAAAAAAQAAAQ.jpg
1372,A__9DkRL2nqzgAAAAAAAAAAAAAAQAAAQ.jpg
1372,A_Ver0Ro7tFCYAAAAAAAAAAAAAAQAAAQ.jpg
1372,A_Wr88S7xNzFIAAAAAAAAAAAAAAQAAAQ.jpg
1372,A_qA51SrJMwRIAAAAAAAAAAAAAAQAAAQ.jpg
1372,A_x8o-SK34p18AAAAAAAAAAAAAAQAAAQ.jpg
1372,A_vcbAQrSa0GIAAAAAAAAAAAAAAQAAAQ.jpg
1373,A_0RXtQrcbVQMAAAAAAAAAAAAAAQAAAQ.jpg
1373,A_DYI0S469juQAAAAAAAAAAAAAAQAAAQ.jpg
1373,A_048mQIy0UMoAAAAAAAAAAAAAAQAAAQ.jpg
1373,A_QZE9RZrlk7wAAAAAAAAAAAAAAQAAAQ.jpg
1373,A_TneoSKTv7UkAAAAAAAAAAAAAAQAAAQ.jpg
1373,A_Naw9Q6w007QAAAAAAAAAAAAAAQAAAQ.jpg
1374,A_i86wS72-_lQAAAAAAAAAAAAAAQAAAQ.jpg
1374,A_r28UTJfMFeoAAAAAAAAAAAAAAQAAAQ.jpg
1374,A_lTNbTYEaGsMAAAAAAAAAAAAAAQAAAQ.jpg
1374,A_S11EQYn7Fj8AAAAAAAAAAAAAAQAAAQ.jpg
1374,A_Wa5hTLtdsh8AAAAAAAAAAAAAAQAAAQ.jpg
1374,A_-9qCR4mbl08AAAAAAAAAAAAAAQAAAQ.jpg
1375,A_KTLqT5wpOLMAAAAAAAAAAAAAAQAAAQ.jpg
1375,A_HblBQpqvsuIAAAAAAAAAAAAAAQAAAQ.jpg
1375,A_3Gb6Qa923JQAAAAAAAAAAAAAAQAAAQ.jpg
1375,A_dN7FSZa9E6kAAAAAAAAAAAAAAQAAAQ.jpg
1375,A_SBeaQLvJMpwAAAAAAAAAAAAAAQAAAQ.jpg
1375,A_lzVvRL-LTpYAAAAAAAAAAAAAAQAAAQ.jpg
1376,A_lvCUQay2busAAAAAAAAAAAAAAQAAAQ.jpg
1376,eHBYLvENTQGKAnE0v0CurwAAACMAARAD.jpg
1376,dsoua9awQ96zA43Lqf2KVgAAACMAARAD.jpg
1376,do9fiCurQMewDq6x14MTlgAAACMAARAD.jpg
1376,5Oscl8XJRRC2rytTlGL-0AAAACMAARAD.jpg
1376,A_m0WPTqxk5q8AAAAAAAAAAAAAAQAAAQ.jpg
1377,A_fCtlTa7af0gAAAAAAAAAAAAAAQAAAQ.jpg
1377,A_Z9O5TZhkv2IAAAAAAAAAAAAAAQAAAQ.jpg
1377,A_tnTVTK86bn0AAAAAAAAAAAAAAQAAAQ.jpg
1377,A_CFppRq-ikRoAAAAAAAAAAAAAAQAAAQ.jpg
1377,A_CgA9TI6N9eIAAAAAAAAAAAAAAQAAAQ.jpg
1377,A_sUiCS7uVW54AAAAAAAAAAAAAAQAAAQ.jpg
1378,A_WKq6RIpKJSwAAAAAAAAAAAAAAQAAAQ.jpg
1378,A_s6NBRJVoqogAAAAAAAAAAAAAAQAAAQ.jpg
1378,A_UmpNSa_VTuYAAAAAAAAAAAAAAQAAAQ.jpg
1378,A_N13KR4j5Yt8AAAAAAAAAAAAAAQAAAQ.jpg
1378,A_kJWgSJRDpycAAAAAAAAAAAAAAQAAAQ.jpg
1378,A_B5PLRYT7qakAAAAAAAAAAAAAAQAAAQ.jpg
1379,A_oD9KQ7tl8HsAAAAAAAAAAAAAAQAAAQ.jpg
1379,A_7w30T4PSpVgAAAAAAAAAAAAAAQAAAQ.jpg
1379,A_6-hyT6yKsd8AAAAAAAAAAAAAAQAAAQ.jpg
1379,A_QYfVToXTeu0AAAAAAAAAAAAAAQAAAQ.jpg
1379,A_XhFbQoM2GvIAAAAAAAAAAAAAAQAAAQ.jpg
1379,A__pBPR5UaDJ8AAAAAAAAAAAAAAQAAAQ.jpg
1380,A_-iZQTKAWibIAAAAAAAAAAAAAAQAAAQ.jpg
1380,A_xigkRLl7oW4AAAAAAAAAAAAAAQAAAQ.jpg
1380,A_WL-9S6XUXP8AAAAAAAAAAAAAAQAAAQ.jpg
1380,A_OxUmQoSZMqwAAAAAAAAAAAAAAQAAAQ.jpg
1380,A_ix1XQKP3U4UAAAAAAAAAAAAAAQAAAQ.jpg
1380,A_des9TqTtlVkAAAAAAAAAAAAAAQAAAQ.jpg
1381,A_bZNnSJorqvMAAAAAAAAAAAAAAQAAAQ.jpg
1381,A_H_zgSYO_OSwAAAAAAAAAAAAAAQAAAQ.jpg
1381,A_ngf3S4H6_NkAAAAAAAAAAAAAAQAAAQ.jpg
1381,A_Y5j1R78FBNEAAAAAAAAAAAAAAQAAAQ.jpg
1381,A_lhr8T5PNQm0AAAAAAAAAAAAAAQAAAQ.jpg
1381,A_AQhlTojyuDEAAAAAAAAAAAAAAQAAAQ.jpg
1382,A_7HBeTrXQsH0AAAAAAAAAAAAAAQAAAQ.jpg
1382,A_MkJtQKVpPRIAAAAAAAAAAAAAAQAAAQ.jpg
1382,A_OauCQr_5X8UAAAAAAAAAAAAAAQAAAQ.jpg
1382,A_ZQs8RZuoJBoAAAAAAAAAAAAAAQAAAQ.jpg
1382,A_gnzFTrJMNnQAAAAAAAAAAAAAAQAAAQ.jpg
1382,A_ByB_RpYeWmsAAAAAAAAAAAAAAQAAAQ.jpg
1383,A_AB0vQqatlaMAAAAAAAAAAAAAAQAAAQ.jpg
1383,A_P-NXTr4se6gAAAAAAAAAAAAAAQAAAQ.jpg
1383,A_EhJNRrpu2Z0AAAAAAAAAAAAAAQAAAQ.jpg
1383,A_aBdGT4bei2QAAAAAAAAAAAAAAQAAAQ.jpg
1383,A_SQeJQr1DQCoAAAAAAAAAAAAAAQAAAQ.jpg
1383,A_KvIqQII-39YAAAAAAAAAAAAAAQAAAQ.jpg
1384,A__-KSSaYDssAAAAAAAAAAAAAAAQAAAQ.jpg
1384,A_L9_gSaoQ_w8AAAAAAAAAAAAAAQAAAQ.jpg
1384,A_zKdmS4FZbfkAAAAAAAAAAAAAAQAAAQ.jpg
1384,A_J1ksRYG75GoAAAAAAAAAAAAAAQAAAQ.jpg
1384,A_CC3tRqsji7gAAAAAAAAAAAAAAQAAAQ.jpg
1384,A_nKQBTJiTOPkAAAAAAAAAAAAAAQAAAQ.jpg
1385,A_6QTZTZmBrqAAAAAAAAAAAAAAAQAAAQ.jpg
1385,A_NDzHTLNzG5MAAAAAAAAAAAAAAQAAAQ.jpg
1385,A_9kHiQJnyRo4AAAAAAAAAAAAAAQAAAQ.jpg
1385,A_3TwiRJY6T9oAAAAAAAAAAAAAAQAAAQ.jpg
1385,A_V9dzTZ0oezwAAAAAAAAAAAAAAQAAAQ.jpg
1385,A_KRnoQ5ccGD4AAAAAAAAAAAAAAQAAAQ.jpg
1386,A_BAxDTpRHSnwAAAAAAAAAAAAAAQAAAQ.jpg
1386,A_MwufRZG5iJ8AAAAAAAAAAAAAAQAAAQ.jpg
1386,A_vtg4QphXQk8AAAAAAAAAAAAAAQAAAQ.jpg
1386,A_ob2HSriDloEAAAAAAAAAAAAAAQAAAQ.jpg
1386,A_TACLS6bGmFUAAAAAAAAAAAAAAQAAAQ.jpg
1386,A_MGtdT6XD3YAAAAAAAAAAAAAAAQAAAQ.jpg
1387,A_BoE9RJCkeVUAAAAAAAAAAAAAAQAAAQ.jpg
1387,A_TIBEQZKlgbsAAAAAAAAAAAAAAQAAAQ.jpg
1387,A_Vb0FSquZ6YkAAAAAAAAAAAAAAQAAAQ.jpg
1387,A_9ewsTpupch0AAAAAAAAAAAAAAQAAAQ.jpg
1387,A_Mxe5T4Zt64cAAAAAAAAAAAAAAQAAAQ.jpg
1387,A_mt3oRoMfsrEAAAAAAAAAAAAAAQAAAQ.jpg
1388,A_JhozTLdUXBAAAAAAAAAAAAAAAQAAAQ.jpg
1388,rMWpilyUToW_ESjYFAiCGwAAACMAARAD.jpg
1388,A_2V9eS67BcuUAAAAAAAAAAAAAAQAAAQ.jpg
1388,ZyHG3kTpSISXJaNBidsZFQAAACMAARAD.jpg
1388,njtY4KL6SaGt4JXiaTK7hgAAACMAARAD.jpg
1388,A_SVMaQLMJtYIAAAAAAAAAAAAAAQAAAQ.jpg
1389,A_fKn_SJlVzk8AAAAAAAAAAAAAAQAAAQ.jpg
1389,A_hG-AQqJyNKkAAAAAAAAAAAAAAQAAAQ.jpg
1389,A_lGgOR4Oe32UAAAAAAAAAAAAAAQAAAQ.jpg
1389,A_76m-RZH9-rYAAAAAAAAAAAAAAQAAAQ.jpg
1389,A_gWzlTqoUv50AAAAAAAAAAAAAAQAAAQ.jpg
1389,A_dOGsSqcc4psAAAAAAAAAAAAAAQAAAQ.jpg
1390,A_i7AkRLef484AAAAAAAAAAAAAAQAAAQ.jpg
1390,A_X5hASJq4FlIAAAAAAAAAAAAAAQAAAQ.jpg
1390,A_IMYWSosTeskAAAAAAAAAAAAAAQAAAQ.jpg
1390,A_qbU3SpMKod4AAAAAAAAAAAAAAQAAAQ.jpg
1390,A_wcRmTIDKqJAAAAAAAAAAAAAAAQAAAQ.jpg
1390,A_EzsXSL1ECOQAAAAAAAAAAAAAAQAAAQ.jpg
1391,A_iDkPR7B0h_IAAAAAAAAAAAAAAQAAAQ.jpg
1391,A_GMLtS7vMkDMAAAAAAAAAAAAAAQAAAQ.jpg
1391,A_gpwRSb16XloAAAAAAAAAAAAAAQAAAQ.jpg
1391,A_Yl1ZSL-Lto8AAAAAAAAAAAAAAQAAAQ.jpg
1391,A_r0rxRqzUNowAAAAAAAAAAAAAAQAAAQ.jpg
1391,A_IP6uQrnPTq0AAAAAAAAAAAAAAQAAAQ.jpg
1392,A_qB4QT6PpWG8AAAAAAAAAAAAAAQAAAQ.jpg
1392,A_ds1XTZvQ5xIAAAAAAAAAAAAAAQAAAQ.jpg
1392,A_N0opT5roVPAAAAAAAAAAAAAAAQAAAQ.jpg
1392,A_yowNRYq4KGcAAAAAAAAAAAAAAQAAAQ.jpg
1392,A_Uw6pRLOcnFcAAAAAAAAAAAAAAQAAAQ.jpg
1392,A_hInTRKW7vi0AAAAAAAAAAAAAAQAAAQ.jpg
1393,A_ev-6R48IIx0AAAAAAAAAAAAAAQAAAQ.jpg
1393,A_-fnOTrhcN3oAAAAAAAAAAAAAAQAAAQ.jpg
1393,A_TfvQTrtOPDQAAAAAAAAAAAAAAQAAAQ.jpg
1393,A_XSdhTajB4_kAAAAAAAAAAAAAAQAAAQ.jpg
1393,A_dWv2RbF20pgAAAAAAAAAAAAAAQAAAQ.jpg
1393,A_ICEKRaeF7YIAAAAAAAAAAAAAAQAAAQ.jpg
1394,A_DLIAQKcBAyYAAAAAAAAAAAAAAQAAAQ.jpg
1394,A_ytOxT7NilIsAAAAAAAAAAAAAAQAAAQ.jpg
1394,A_GFTOSYiPrqYAAAAAAAAAAAAAAQAAAQ.jpg
1394,A_JVyUR7w6Td0AAAAAAAAAAAAAAQAAAQ.jpg
1394,A_y8PMQofn1wsAAAAAAAAAAAAAAQAAAQ.jpg
1394,A_5x9gRIcmjIsAAAAAAAAAAAAAAQAAAQ.jpg
1395,A_CYraTbeA8PYAAAAAAAAAAAAAAQAAAQ.jpg
1395,A_q3_rR6k-lYMAAAAAAAAAAAAAAQAAAQ.jpg
1395,A_sJaYS4HRJsQAAAAAAAAAAAAAAQAAAQ.jpg
1395,A_WB6uRqwOQD8AAAAAAAAAAAAAAQAAAQ.jpg
1395,A_5IoZTb3Daq8AAAAAAAAAAAAAAQAAAQ.jpg
1395,A_ycyzRpZPTpUAAAAAAAAAAAAAAQAAAQ.jpg
1396,A_LJALQ5tQhGoAAAAAAAAAAAAAAQAAAQ.jpg
1396,A_DTn9RaIFKaUAAAAAAAAAAAAAAQAAAQ.jpg
1396,A_T1kYQ7qQrxcAAAAAAAAAAAAAAQAAAQ.jpg
1396,A_x0gcTpulbY8AAAAAAAAAAAAAAQAAAQ.jpg
1396,A_DpAcQ6ZefVMAAAAAAAAAAAAAAQAAAQ.jpg
1396,A_CXMsQL5lJd8AAAAAAAAAAAAAAQAAAQ.jpg
1397,A_BMEtTpAKIZUAAAAAAAAAAAAAAQAAAQ.jpg
1397,A_8F6fTqWbVLkAAAAAAAAAAAAAAQAAAQ.jpg
1397,A_SDD3Q6kABacAAAAAAAAAAAAAAQAAAQ.jpg
1397,A_d4wUQoUvZxsAAAAAAAAAAAAAAQAAAQ.jpg
1397,A_tgVnS7L93MwAAAAAAAAAAAAAAQAAAQ.jpg
1397,A_29ykT6cSV_gAAAAAAAAAAAAAAQAAAQ.jpg
1398,A_2zMUSqlxKlkAAAAAAAAAAAAAAQAAAQ.jpg
1398,A_YwS1QpL6r00AAAAAAAAAAAAAAQAAAQ.jpg
1398,A_YwS1QpL6r01b6sxKihNftwAAAQAAAQ.jpg
1398,A_Km6WQabbG9cAAAAAAAAAAAAAAQAAAQ.jpg
1398,A_yFmGSo2bp-cAAAAAAAAAAAAAAQAAAQ.jpg
1398,A_IdUASo3kSSUAAAAAAAAAAAAAAQAAAQ.jpg
1399,A_8PPFSJLo4y0AAAAAAAAAAAAAAQAAAQ.jpg
1399,A__iVyQa-Ul-kAAAAAAAAAAAAAAQAAAQ.jpg
1399,A_aYeATJcaX1MAAAAAAAAAAAAAAQAAAQ.jpg
1399,A_OQH-TZVbsjsAAAAAAAAAAAAAAQAAAQ.jpg
1399,A_rXoUTpGp2akAAAAAAAAAAAAAAQAAAQ.jpg
1399,A_1cY0SJWiw2gAAAAAAAAAAAAAAQAAAQ.jpg
1400,A_yBncQYqQkt4AAAAAAAAAAAAAAQAAAQ.jpg
1400,A_Y2VTRawsj20AAAAAAAAAAAAAAQAAAQ.jpg
1400,A_YGM9RqelARIAAAAAAAAAAAAAAQAAAQ.jpg
1400,A_Sdv3QYReNXkAAAAAAAAAAAAAAQAAAQ.jpg
1400,A_13kDRrNTRTIAAAAAAAAAAAAAAQAAAQ.jpg
1400,A_VcXdQZCQUrIAAAAAAAAAAAAAAQAAAQ.jpg
1401,A_fVZwT4oJteAAAAAAAAAAAAAAAQAAAQ.jpg
1401,A_ZhFOTLvWldQAAAAAAAAAAAAAAQAAAQ.jpg
1401,A_mEEyRI2A9fMAAAAAAAAAAAAAAQAAAQ.jpg
1401,A_Q8HDR58ZuAwAAAAAAAAAAAAAAQAAAQ.jpg
1401,A_nrfAQ5bLQPoAAAAAAAAAAAAAAQAAAQ.jpg
1401,A_7iu8TpXAj0QAAAAAAAAAAAAAAQAAAQ.jpg
1402,A_muDGRIJTyNcAAAAAAAAAAAAAAQAAAQ.jpg
1402,A_tiodTJuNpegAAAAAAAAAAAAAAQAAAQ.jpg
1402,A_GJH7T7H_iloAAAAAAAAAAAAAAQAAAQ.jpg
1402,A_BHAZQqSI3N4AAAAAAAAAAAAAAQAAAQ.jpg
1402,A_vKhxQLRWwhkAAAAAAAAAAAAAAQAAAQ.jpg
1402,A_mbdXS47FykQAAAAAAAAAAAAAAQAAAQ.jpg
1403,A_Z4zcS4aqMeIAAAAAAAAAAAAAAQAAAQ.jpg
1403,A_1YVzSbIROi8AAAAAAAAAAAAAAQAAAQ.jpg
1403,A_q3NGSb8R88wAAAAAAAAAAAAAAQAAAQ.jpg
1403,A_LSiaQrNCrMkAAAAAAAAAAAAAAQAAAQ.jpg
1403,A__xmgSopzWN8AAAAAAAAAAAAAAQAAAQ.jpg
1403,A_mwbHSqmRhcQAAAAAAAAAAAAAAQAAAQ.jpg
1404,A_iPsbSr7C5DcAAAAAAAAAAAAAAQAAAQ.jpg
1404,A_bv-GT6sWBVEAAAAAAAAAAAAAAQAAAQ.jpg
1404,A_7_k1RLN9nvMAAAAAAAAAAAAAAQAAAQ.jpg
1404,A_Db7ZTbup1uwAAAAAAAAAAAAAAQAAAQ.jpg
1404,A_2iAoQIypnLoAAAAAAAAAAAAAAQAAAQ.jpg
1404,A_PrB1S52mSxAAAAAAAAAAAAAAAQAAAQ.jpg
1405,A_tnp-TKnLdn4AAAAAAAAAAAAAAQAAAQ.jpg
1405,A_2fEAQ6wRV78AAAAAAAAAAAAAAQAAAQ.jpg
1405,A_cG_XSostq6UAAAAAAAAAAAAAAQAAAQ.jpg
1405,A__-5CSqwIXuQAAAAAAAAAAAAAAQAAAQ.jpg
1405,A_2bxUSqLc6wAAAAAAAAAAAAAAAQAAAQ.jpg
1405,A_mVW5RI4asboAAAAAAAAAAAAAAQAAAQ.jpg
1406,A_uJ6ISJ1NElsAAAAAAAAAAAAAAQAAAQ.jpg
1406,A_aDKBQ7mM76cAAAAAAAAAAAAAAQAAAQ.jpg
1406,A_-JEPRbD0J4AAAAAAAAAAAAAAAQAAAQ.jpg
1406,A_cRO-RpI4ux8AAAAAAAAAAAAAAQAAAQ.jpg
1406,A_g-xBTZf8gWoAAAAAAAAAAAAAAQAAAQ.jpg
1406,A_ACqjTY_SpjgAAAAAAAAAAAAAAQAAAQ.jpg
1407,A_TKDrRJ6csBwAAAAAAAAAAAAAAQAAAQ.jpg
1407,A_SWT7TpEfSXoAAAAAAAAAAAAAAQAAAQ.jpg
1407,A_FSyZQ40qPbEAAAAAAAAAAAAAAQAAAQ.jpg
1407,A_YDlYRYBLgbQAAAAAAAAAAAAAAQAAAQ.jpg
1407,A_h-8AQKUCJ6wAAAAAAAAAAAAAAQAAAQ.jpg
1407,A_dNP4R4O9ASkAAAAAAAAAAAAAAQAAAQ.jpg
1408,A_FhkKRo6fxbsAAAAAAAAAAAAAAQAAAQ.jpg
1408,A_7B2HSpMadEgAAAAAAAAAAAAAAQAAAQ.jpg
1408,A_4lT3QpjRRVEAAAAAAAAAAAAAAQAAAQ.jpg
1408,A_YRDWQrX8B_UAAAAAAAAAAAAAAQAAAQ.jpg
1408,A_bZBRQL1eeLIAAAAAAAAAAAAAAQAAAQ.jpg
1408,A_SsADSplZuU0AAAAAAAAAAAAAAQAAAQ.jpg
1409,A_SU_3R4a-QnYAAAAAAAAAAAAAAQAAAQ.jpg
1409,A_BbMtSbuC4rkAAAAAAAAAAAAAAQAAAQ.jpg
1409,A_KRefSIqxAhMAAAAAAAAAAAAAAQAAAQ.jpg
1409,A_9SxdQYnmGb8AAAAAAAAAAAAAAQAAAQ.jpg
1409,A_MLC0SYv23fwAAAAAAAAAAAAAAQAAAQ.jpg
1409,A_DY8LQqsgHUkAAAAAAAAAAAAAAQAAAQ.jpg
1410,A_0jiiRbW7afUAAAAAAAAAAAAAAQAAAQ.jpg
1410,A_3HV_SoaRBjcAAAAAAAAAAAAAAQAAAQ.jpg
1410,A_osmfTY9zXYgAAAAAAAAAAAAAAQAAAQ.jpg
1410,A_I-uhS4pzzngAAAAAAAAAAAAAAQAAAQ.jpg
1410,A_7uWzQaplAc4AAAAAAAAAAAAAAQAAAQ.jpg
1410,A_qXnRSq_alQ0AAAAAAAAAAAAAAQAAAQ.jpg
1411,A_UixUQJGzJ6AAAAAAAAAAAAAAAQAAAQ.jpg
1411,A_kjIITIS-f1QAAAAAAAAAAAAAAQAAAQ.jpg
1411,A_kRgtTKT8j2YAAAAAAAAAAAAAAQAAAQ.jpg
1411,A_eyX9SoPYLnUAAAAAAAAAAAAAAQAAAQ.jpg
1411,A_qi_5T4aATlcAAAAAAAAAAAAAAQAAAQ.jpg
1411,A_iGqzSrLtlcMAAAAAAAAAAAAAAQAAAQ.jpg
1412,A_MOhrQLLyVDYAAAAAAAAAAAAAAQAAAQ.jpg
1412,A_spOYSaQ52GMAAAAAAAAAAAAAAQAAAQ.jpg
1412,A_uUKRRIhcetkAAAAAAAAAAAAAAQAAAQ.jpg
1412,A_6r0MSZSuGksAAAAAAAAAAAAAAQAAAQ.jpg
1412,A_-BFZSoRxTq0AAAAAAAAAAAAAAQAAAQ.jpg
1412,A_PD58S5qjNQoAAAAAAAAAAAAAAQAAAQ.jpg
1413,A_z3KSSqDlw1QAAAAAAAAAAAAAAQAAAQ.jpg
1413,A_c_7LRYptgZ4AAAAAAAAAAAAAAQAAAQ.jpg
1413,A_AZo8QKwUkYAAAAAAAAAAAAAAAQAAAQ.jpg
1413,A_2QqWQqUlH60AAAAAAAAAAAAAAQAAAQ.jpg
1413,A_FGfzSpRlJ9AAAAAAAAAAAAAAAQAAAQ.jpg
1413,A_gmv7RZlv2wwAAAAAAAAAAAAAAQAAAQ.jpg
1414,A_plhwSYSpPVIAAAAAAAAAAAAAAQAAAQ.jpg
1414,A_OT8IQIP4z90AAAAAAAAAAAAAAQAAAQ.jpg
1414,A_e6vmTbdC-9oAAAAAAAAAAAAAAQAAAQ.jpg
1414,A_En5pQIHy308AAAAAAAAAAAAAAQAAAQ.jpg
1414,A_DycSQ4vvV68AAAAAAAAAAAAAAQAAAQ.jpg
1414,A_tdauTaw260cAAAAAAAAAAAAAAQAAAQ.jpg
1415,A_41GqSJs5RO4AAAAAAAAAAAAAAQAAAQ.jpg
1415,A_4ERZQIbzN0oAAAAAAAAAAAAAAQAAAQ.jpg
1415,A_P2osQYmaO-sAAAAAAAAAAAAAAQAAAQ.jpg
1415,A_K4WSQ7vM7ccAAAAAAAAAAAAAAQAAAQ.jpg
1415,A_NuL2TKMEwowAAAAAAAAAAAAAAQAAAQ.jpg
1415,A_dMj3SrywR0MAAAAAAAAAAAAAAQAAAQ.jpg
1416,A_BTUkT4Eo6pQAAAAAAAAAAAAAAQAAAQ.jpg
1416,A_higyRahZ3-cAAAAAAAAAAAAAAQAAAQ.jpg
1416,A_pZKQQ6RiMPMAAAAAAAAAAAAAAQAAAQ.jpg
1416,A_88GIR4a9ssoAAAAAAAAAAAAAAQAAAQ.jpg
1416,A_JywcTrmEceIAAAAAAAAAAAAAAQAAAQ.jpg
1416,A_HrtOQaj2IdIAAAAAAAAAAAAAAQAAAQ.jpg
1417,A_OxJLQbA5qOUAAAAAAAAAAAAAAQAAAQ.jpg
1417,A_ryBhQJmZFnUAAAAAAAAAAAAAAQAAAQ.jpg
1417,A_FEs-Ro6DnjoAAAAAAAAAAAAAAQAAAQ.jpg
1417,A_2_HRRLUDXZsAAAAAAAAAAAAAAQAAAQ.jpg
1417,A_KYy1R7vQUokAAAAAAAAAAAAAAQAAAQ.jpg
1417,A_jHKHTLW4rOcAAAAAAAAAAAAAAQAAAQ.jpg
1418,A_DEkJRYlXFNsAAAAAAAAAAAAAAQAAAQ.jpg
1418,A_HTT-TokpzUQAAAAAAAAAAAAAAQAAAQ.jpg
1418,A_WbF9SqahUZUAAAAAAAAAAAAAAQAAAQ.jpg
1418,A_gO6RRJre4hoAAAAAAAAAAAAAAQAAAQ.jpg
1418,A_ZX7pT4uWMgsAAAAAAAAAAAAAAQAAAQ.jpg
1418,A__V74SLTYzbMAAAAAAAAAAAAAAQAAAQ.jpg
1419,A_5x75Rah9DIkAAAAAAAAAAAAAAQAAAQ.jpg
1419,A_Tq4LQ449vfgAAAAAAAAAAAAAAQAAAQ.jpg
1419,A_OssPT5JNclsAAAAAAAAAAAAAAQAAAQ.jpg
1419,A_P_orQb_1tnYAAAAAAAAAAAAAAQAAAQ.jpg
1419,A_JO5ZSKO_S7YAAAAAAAAAAAAAAQAAAQ.jpg
1419,A_KlKMQ7YwUQUAAAAAAAAAAAAAAQAAAQ.jpg
1420,A_QodUQrrQR2YAAAAAAAAAAAAAAQAAAQ.jpg
1420,A_Bwx0RKWjg0sAAAAAAAAAAAAAAQAAAQ.jpg
1420,A_5GYYRZ6SqLkAAAAAAAAAAAAAAQAAAQ.jpg
1420,A_0RBhTJcWtikAAAAAAAAAAAAAAQAAAQ.jpg
1420,A_LTsOT5XBs1cAAAAAAAAAAAAAAQAAAQ.jpg
1420,A_RU49RpH8I6MAAAAAAAAAAAAAAQAAAQ.jpg
1421,A_hZtcTJN4JNsAAAAAAAAAAAAAAQAAAQ.jpg
1421,A_Ib-dTZ1rkF4AAAAAAAAAAAAAAQAAAQ.jpg
1421,A_I8uqQ7SlDm0AAAAAAAAAAAAAAQAAAQ.jpg
1421,A_nw_7QLxh6h4AAAAAAAAAAAAAAQAAAQ.jpg
1421,A_7RZWQ61W43wAAAAAAAAAAAAAAQAAAQ.jpg
1421,A_437OSrredWUAAAAAAAAAAAAAAQAAAQ.jpg
1422,A_y8iFSJzwNJ4AAAAAAAAAAAAAAQAAAQ.jpg
1422,A_7t6EQYxDYbYAAAAAAAAAAAAAAQAAAQ.jpg
1422,A_DNjCS6LPySIAAAAAAAAAAAAAAQAAAQ.jpg
1422,A_FeBCQrUGfIcAAAAAAAAAAAAAAQAAAQ.jpg
1422,A_R094QKfEc7UAAAAAAAAAAAAAAQAAAQ.jpg
1422,A_zKqLQoDmJo0AAAAAAAAAAAAAAQAAAQ.jpg
1423,A_-fGnSJLpn7kAAAAAAAAAAAAAAQAAAQ.jpg
1423,A_WPQkRZyeXvoAAAAAAAAAAAAAAQAAAQ.jpg
1423,A_Zg2QToXslCsAAAAAAAAAAAAAAQAAAQ.jpg
1423,A_sEMKS4Zum5UAAAAAAAAAAAAAAQAAAQ.jpg
1423,A__OfaT7yTwxUAAAAAAAAAAAAAAQAAAQ.jpg
1423,A_xgEcQJU0HaoAAAAAAAAAAAAAAQAAAQ.jpg
1424,A_WxikTrz0dTUAAAAAAAAAAAAAAQAAAQ.jpg
1424,A_MKWJQLqyZ8cAAAAAAAAAAAAAAQAAAQ.jpg
1424,A_Efp6QLrSZ-gAAAAAAAAAAAAAAQAAAQ.jpg
1424,A_xzWOSL6pNFAAAAAAAAAAAAAAAQAAAQ.jpg
1424,A_u5XySKZ9cywAAAAAAAAAAAAAAQAAAQ.jpg
1424,A_gyLzR4cxZpIAAAAAAAAAAAAAAQAAAQ.jpg
1425,A_YdltQ4U0sNcAAAAAAAAAAAAAAQAAAQ.jpg
1425,A_M9P2TpZaQRMAAAAAAAAAAAAAAQAAAQ.jpg
1425,A_SPVDQZ3l49AAAAAAAAAAAAAAAQAAAQ.jpg
1425,A_UHH0So61ecgAAAAAAAAAAAAAAQAAAQ.jpg
1425,A_3uJrSJQRo58AAAAAAAAAAAAAAQAAAQ.jpg
1425,A_aDhQT4JRtKIAAAAAAAAAAAAAAQAAAQ.jpg
1426,A_mwleR627z8oAAAAAAAAAAAAAAQAAAQ.jpg
1426,A_yaQwRrApyMQAAAAAAAAAAAAAAQAAAQ.jpg
1426,A_eBxrT7u84_YAAAAAAAAAAAAAAQAAAQ.jpg
1426,A_Q2ygQ7cJQygAAAAAAAAAAAAAAQAAAQ.jpg
1426,A_jPNWSL4MPycAAAAAAAAAAAAAAQAAAQ.jpg
1426,A_q9E-TreZOpcAAAAAAAAAAAAAAQAAAQ.jpg
1427,A_Fe62T5TAJ7UAAAAAAAAAAAAAAQAAAQ.jpg
1427,A_UKkIRaJ9WRsAAAAAAAAAAAAAAQAAAQ.jpg
1427,A_cnG9T6Dm4UIAAAAAAAAAAAAAAQAAAQ.jpg
1427,A_zcYfTIvp2lMAAAAAAAAAAAAAAQAAAQ.jpg
1427,A__5f3Qa27j5YAAAAAAAAAAAAAAQAAAQ.jpg
1427,A_ceTJQKFD4CcAAAAAAAAAAAAAAQAAAQ.jpg
1428,A_1LQLSI-tEM4AAAAAAAAAAAAAAQAAAQ.jpg
1428,A_PKCVSakmtxUAAAAAAAAAAAAAAQAAAQ.jpg
1428,A_7MhsTIG0_08AAAAAAAAAAAAAAQAAAQ.jpg
1428,A_LFTBTrq2so4AAAAAAAAAAAAAAQAAAQ.jpg
1428,A_eaJbRIsiIAcAAAAAAAAAAAAAAQAAAQ.jpg
1428,A_Nt0WS7-bibUAAAAAAAAAAAAAAQAAAQ.jpg
1429,A__dC3S5as98wAAAAAAAAAAAAAAQAAAQ.jpg
1429,A_BT-TSJ2u3kMAAAAAAAAAAAAAAQAAAQ.jpg
1429,A_wmoBRoo-T8IAAAAAAAAAAAAAAQAAAQ.jpg
1429,A_q1-cSYaye8AAAAAAAAAAAAAAAQAAAQ.jpg
1429,A_dmmqQrIoeIMAAAAAAAAAAAAAAQAAAQ.jpg
1429,A_vgbBT4flQykAAAAAAAAAAAAAAQAAAQ.jpg
1430,A_CXUcR6GYNjkAAAAAAAAAAAAAAQAAAQ.jpg
1430,A_YgagTY77Px8AAAAAAAAAAAAAAQAAAQ.jpg
1430,A_avXxR4A0gikAAAAAAAAAAAAAAQAAAQ.jpg
1430,A_TQs9RbfFYCkAAAAAAAAAAAAAAQAAAQ.jpg
1430,A_CbtxSYI7W3wAAAAAAAAAAAAAAQAAAQ.jpg
1430,A_lYW0R4XDx60AAAAAAAAAAAAAAQAAAQ.jpg
1431,A_CaW2Rr7FxicAAAAAAAAAAAAAAQAAAQ.jpg
1431,A_hD3uRIAU8WkAAAAAAAAAAAAAAQAAAQ.jpg
1431,A_Yr4NS4nQky8AAAAAAAAAAAAAAQAAAQ.jpg
1431,A_izqHSKPN0SsAAAAAAAAAAAAAAQAAAQ.jpg
1431,A_Pgp4TYloAOwAAAAAAAAAAAAAAQAAAQ.jpg
1431,A_iWCAS7hDyJEAAAAAAAAAAAAAAQAAAQ.jpg
1432,JikNLX13RouEBv1bQPnkMAAAACMAARAD.jpg
1432,wlvKhmPsRnuzCvy0hg9dSQAAACMAARAD.jpg
1432,T3Ow5yM2ThqSP6KFh8RfwAAAACMAARAD.jpg
1432,rXxlFn69QMONIxtgsZJajQAAACMAARAD.jpg
1432,dGG2aRuKRkqEOETt9YkP4gAAACMAARAD.jpg
1432,7YkNrZhwSFKUwj4wGuhjBwAAACMAARAD.jpg
1433,A_-cgBQ7nWdC4AAAAAAAAAAAAAAQAAAQ.jpg
1433,A_8SymQq9cMdAAAAAAAAAAAAAAAQAAAQ.jpg
1433,A_rdK1TpMuf28AAAAAAAAAAAAAAQAAAQ.jpg
1433,A_ToioR6w5lKgAAAAAAAAAAAAAAQAAAQ.jpg
1433,A_UvfzQoniuIkAAAAAAAAAAAAAAQAAAQ.jpg
1433,A_UHv6TJv2h5cAAAAAAAAAAAAAAQAAAQ.jpg
1434,A_PIcHTa2SqFsAAAAAAAAAAAAAAQAAAQ.jpg
1434,A_i8kmSqzWZtEAAAAAAAAAAAAAAQAAAQ.jpg
1434,A_MVBqSa4_cZAAAAAAAAAAAAAAAQAAAQ.jpg
1434,A_2YPaRq8ajt8AAAAAAAAAAAAAAQAAAQ.jpg
1434,A_6JGwQau_WNoAAAAAAAAAAAAAAQAAAQ.jpg
1434,A_OQeoS4r3iwoAAAAAAAAAAAAAAQAAAQ.jpg
1435,A_8FKeQo04k4IAAAAAAAAAAAAAAQAAAQ.jpg
1435,A_ahcnSoV8REQAAAAAAAAAAAAAAQAAAQ.jpg
1435,A_N1bgTpTlLkIAAAAAAAAAAAAAAQAAAQ.jpg
1435,A_jKAHQ6HeOiMAAAAAAAAAAAAAAQAAAQ.jpg
1435,A_lOYRTrARg8kAAAAAAAAAAAAAAQAAAQ.jpg
1435,A_5QphQrKDPQgAAAAAAAAAAAAAAQAAAQ.jpg
1436,A_63UvQ4t84sQAAAAAAAAAAAAAAQAAAQ.jpg
1436,A_KG1fRooRKKoAAAAAAAAAAAAAAQAAAQ.jpg
1436,A_opSGQJhnNSMAAAAAAAAAAAAAAQAAAQ.jpg
1436,A_pBcpQ5u7crsAAAAAAAAAAAAAAQAAAQ.jpg
1436,A_USsBT7LiLzQAAAAAAAAAAAAAAQAAAQ.jpg
1436,A_MtxfT4wtikgAAAAAAAAAAAAAAQAAAQ.jpg
1437,A_VPDvSqwWeHQAAAAAAAAAAAAAAQAAAQ.jpg
1437,A_8jMWRbavcW0AAAAAAAAAAAAAAQAAAQ.jpg
1437,A_vTQoRLws130AAAAAAAAAAAAAAQAAAQ.jpg
1437,A__LYISrzZ_GIAAAAAAAAAAAAAAQAAAQ.jpg
1437,A_ISDtSpuDW6MAAAAAAAAAAAAAAQAAAQ.jpg
1437,A_Ez49RbdLdmcAAAAAAAAAAAAAAQAAAQ.jpg
1438,A_7zpaTrXCE1sAAAAAAAAAAAAAAQAAAQ.jpg
1438,A_LgsSS74u2ZUAAAAAAAAAAAAAAQAAAQ.jpg
1438,A_ZKeCRqrD48cAAAAAAAAAAAAAAQAAAQ.jpg
1438,A_qWCCR7R42PUAAAAAAAAAAAAAAQAAAQ.jpg
1438,A_LUknQ5zwlPEAAAAAAAAAAAAAAQAAAQ.jpg
1438,A_xkbbR6DqPbwAAAAAAAAAAAAAAQAAAQ.jpg
1439,A_HlrvTLj4tU8AAAAAAAAAAAAAAQAAAQ.jpg
1439,A_FZxTQJDVbkYAAAAAAAAAAAAAAQAAAQ.jpg
1439,A_bIcBTZ3tUqEAAAAAAAAAAAAAAQAAAQ.jpg
1439,A_h0e0SItXSKwAAAAAAAAAAAAAAQAAAQ.jpg
1439,A_meIyTZfLrbEAAAAAAAAAAAAAAQAAAQ.jpg
1439,A_P5EBT4AQhZcAAAAAAAAAAAAAAQAAAQ.jpg
1440,A_gZaiTKWdZY4AAAAAAAAAAAAAAQAAAQ.jpg
1440,A_b2ToRI08f5UAAAAAAAAAAAAAAQAAAQ.jpg
1440,A_6rXsToXOMygAAAAAAAAAAAAAAQAAAQ.jpg
1440,A_1P0yR4ETeMMAAAAAAAAAAAAAAQAAAQ.jpg
1440,A_ZT5FQpIeXlQAAAAAAAAAAAAAAQAAAQ.jpg
1440,A_3JWtT62FzhAAAAAAAAAAAAAAAQAAAQ.jpg
1441,xBdVq70UQVmGuGbRAbLiKAAAACMAARAD.jpg
1441,Gy5X3mM5RdSB0CqW4GSoGwAAACMAARAD.jpg
1441,OjXGrQwIRLe0jn5ENTl1XwAAACMAARAD.jpg
1441,f6GMYs9cRVe3Vy5EDVVBpgAAACMAARAD.jpg
1441,qyqNN_HDShqToEUCAcDKYQAAACMAARAD.jpg
1441,GkKIt_19Rh2gdu0uxH4mbgAAACMAARAD.jpg
1442,A_dQdlSJStdV8AAAAAAAAAAAAAAQAAAQ.jpg
1442,A_1OujSoSRAr8AAAAAAAAAAAAAAQAAAQ.jpg
1442,A_SXh7Qo_BhxkAAAAAAAAAAAAAAQAAAQ.jpg
1442,A_48nEQqmxm1UAAAAAAAAAAAAAAQAAAQ.jpg
1442,A_VQ4tRoLu4e4AAAAAAAAAAAAAAQAAAQ.jpg
1442,A_EBtBR7SR8xIAAAAAAAAAAAAAAQAAAQ.jpg
1443,A_h0wES7JMcj8AAAAAAAAAAAAAAQAAAQ.jpg
1443,A_pNVfTIS6svkAAAAAAAAAAAAAAQAAAQ.jpg
1443,A_wxWxSZH1r_QAAAAAAAAAAAAAAQAAAQ.jpg
1443,A_FTXOTL2SfYwAAAAAAAAAAAAAAQAAAQ.jpg
1443,A_w7bqQ6XbEQoAAAAAAAAAAAAAAQAAAQ.jpg
1443,A_qAmbQo1B3boAAAAAAAAAAAAAAQAAAQ.jpg
1444,A_TaFsSK1IhcIAAAAAAAAAAAAAAQAAAQ.jpg
1444,A_oEAqSaEmWGMAAAAAAAAAAAAAAQAAAQ.jpg
1444,A_6XZZT6vaEZ4AAAAAAAAAAAAAAQAAAQ.jpg
1444,A_ZBNoSpCehbIAAAAAAAAAAAAAAQAAAQ.jpg
1444,A_PLH0TI0npUYAAAAAAAAAAAAAAQAAAQ.jpg
1444,A_4vgZSoQuhPgAAAAAAAAAAAAAAQAAAQ.jpg
1445,A_1XV-TI8AFDMAAAAAAAAAAAAAAQAAAQ.jpg
1445,A_8vypTI74gzgAAAAAAAAAAAAAAQAAAQ.jpg
1445,A_Pdg4R4YxRpwAAAAAAAAAAAAAAQAAAQ.jpg
1445,A_Kgq_SLzseBQAAAAAAAAAAAAAAQAAAQ.jpg
1445,A_CAlCTIVL_TQAAAAAAAAAAAAAAQAAAQ.jpg
1445,A_GSRPQoJj7dwAAAAAAAAAAAAAAQAAAQ.jpg
1446,A_a-RNSrOUV5IAAAAAAAAAAAAAAQAAAQ.jpg
1446,A_ivfcQaWsgdsAAAAAAAAAAAAAAQAAAQ.jpg
1446,A_oVKNTpeuTjMAAAAAAAAAAAAAAQAAAQ.jpg
1446,A_AK9lSaWJ_m0AAAAAAAAAAAAAAQAAAQ.jpg
1446,A_I5KDRLmGgB8AAAAAAAAAAAAAAQAAAQ.jpg
1446,A_SRVGQbrSpNYAAAAAAAAAAAAAAQAAAQ.jpg
1447,A_URuNQJscuisAAAAAAAAAAAAAAQAAAQ.jpg
1447,A_Hi3cQLCHj2wAAAAAAAAAAAAAAQAAAQ.jpg
1447,A_1vE2T5QGHN4AAAAAAAAAAAAAAQAAAQ.jpg
1447,A_Y7LpQZ9WcMQAAAAAAAAAAAAAAQAAAQ.jpg
1447,A_zIdqT5wAadAAAAAAAAAAAAAAAQAAAQ.jpg
1447,A_02oeQZQGpSIAAAAAAAAAAAAAAQAAAQ.jpg
1448,A_JUa9QZwAOOgAAAAAAAAAAAAAAQAAAQ.jpg
1448,A_OdypSY5DoYwAAAAAAAAAAAAAAQAAAQ.jpg
1448,A_qdWxRaREskIAAAAAAAAAAAAAAQAAAQ.jpg
1448,A_jlGaToiTR1cAAAAAAAAAAAAAAQAAAQ.jpg
1448,A_82YISZVTz64AAAAAAAAAAAAAAQAAAQ.jpg
1448,A_5lrdQqJOweIAAAAAAAAAAAAAAQAAAQ.jpg
1449,A_e69VSbQ41GQAAAAAAAAAAAAAAQAAAQ.jpg
1449,A_kCm8SqJ4xbQAAAAAAAAAAAAAAQAAAQ.jpg
1449,A_ncTYTqtScNEAAAAAAAAAAAAAAQAAAQ.jpg
1449,A_9Hj6Q4nQNhEAAAAAAAAAAAAAAQAAAQ.jpg
1449,A_jyxVSZAdZnkAAAAAAAAAAAAAAQAAAQ.jpg
1449,A_CkzZSIBF3KYAAAAAAAAAAAAAAQAAAQ.jpg
1450,A_n9rlSYbLOVMAAAAAAAAAAAAAAQAAAQ.jpg
1450,A_QMXJRr8rzh4AAAAAAAAAAAAAAQAAAQ.jpg
1450,A_o-mERLc_dPYAAAAAAAAAAAAAAQAAAQ.jpg
1450,A_57b6Sb8-FAYAAAAAAAAAAAAAAQAAAQ.jpg
1450,A_1iq-SaD4TSYAAAAAAAAAAAAAAQAAAQ.jpg
1450,A_He2nSrEFR1YAAAAAAAAAAAAAAQAAAQ.jpg
1451,A_K0FxT6aY5N8AAAAAAAAAAAAAAQAAAQ.jpg
1451,A_FliWQ7H5vocAAAAAAAAAAAAAAQAAAQ.jpg
1451,A_7HFFRY87DBIAAAAAAAAAAAAAAQAAAQ.jpg
1451,A_WD_RToG7TiEAAAAAAAAAAAAAAQAAAQ.jpg
1451,A_uqQZTalXwHYAAAAAAAAAAAAAAQAAAQ.jpg
1451,A_DAaRSIZ4OM0AAAAAAAAAAAAAAQAAAQ.jpg
1452,A_wSWmTr7_FucAAAAAAAAAAAAAAQAAAQ.jpg
1452,A_7z2dSpjqRhsAAAAAAAAAAAAAAQAAAQ.jpg
1452,A_YhBkQq-gKQAAAAAAAAAAAAAAAQAAAQ.jpg
1452,A_5dNJRaepYnUAAAAAAAAAAAAAAQAAAQ.jpg
1452,A_TYT0T4Fvp38AAAAAAAAAAAAAAQAAAQ.jpg
1452,A_lq89RbvKMb8AAAAAAAAAAAAAAQAAAQ.jpg
1453,A_FtPrQpzl3BAAAAAAAAAAAAAAAQAAAQ.jpg
1453,A_8RO8SZ_cRhQAAAAAAAAAAAAAAQAAAQ.jpg
1453,A_Qee6TYh_N0AAAAAAAAAAAAAAAQAAAQ.jpg
1453,A_CHCqQrj2mVQAAAAAAAAAAAAAAQAAAQ.jpg
1453,A_zfSUS4jx5k4AAAAAAAAAAAAAAQAAAQ.jpg
1453,A_7t5MRrn6fyUAAAAAAAAAAAAAAQAAAQ.jpg
1454,A_3vZpQYswJPEAAAAAAAAAAAAAAQAAAQ.jpg
1454,A_PM4uTLm28AgAAAAAAAAAAAAAAQAAAQ.jpg
1454,A_reG_T7bejwwAAAAAAAAAAAAAAQAAAQ.jpg
1454,A_m6o3TaR9GfMAAAAAAAAAAAAAAQAAAQ.jpg
1454,A_4OdZTY_C4z8AAAAAAAAAAAAAAQAAAQ.jpg
1454,A_1BkkT5s3pZkAAAAAAAAAAAAAAQAAAQ.jpg
1455,A_IgaXRJ1OsMYAAAAAAAAAAAAAAQAAAQ.jpg
1455,A_HHmHS7TxQaEAAAAAAAAAAAAAAQAAAQ.jpg
1455,A_2yTCT6348MsAAAAAAAAAAAAAAQAAAQ.jpg
1455,A_fJ6qQJnwL64AAAAAAAAAAAAAAQAAAQ.jpg
1455,A_vbu_TpWL6WUAAAAAAAAAAAAAAQAAAQ.jpg
1455,A_2FZXTozgPmkAAAAAAAAAAAAAAQAAAQ.jpg
1456,igBDl6ziSdODf-fpbtEL1wAAACMAARAD.jpg
1456,sXCLxmKsRfaVAGlXbY1y3wAAACMAARAD.jpg
1456,obyrOEluQJ2NMnX7G7GA0wAAACMAARAD.jpg
1456,IJnfoTCGRzy_PnKxNA20FAAAACMAARAD.jpg
1456,U1EDgPaORkycuNu19c1crAAAACMAARAD.jpg
1456,yUud5fmzR3q6UJMUV6hLQwAAACMAARAD.jpg
1457,bcn92ETmR3OJk3KR9IsmiQAAACMAARAD.jpg
1457,8iDXzLM4RtOtrlot95uL0AAAACMAARAD.jpg
1457,J1CtsgliQ_Wz7dWKjUh9SwAAACMAARAD.jpg
1457,AxQOGcN4RkCPWfcMhYgBuQAAACMAARAD.jpg
1457,0GdWO5icQbKwpuwrEKLdgwAAACMAARAD.jpg
1457,p_poUnC6T06GTFnucmRJSwAAACMAARAD.jpg
1458,A_Sh8kTJUrbZoAAAAAAAAAAAAAAQAAAQ.jpg
1458,A_SsVBRJzukC8AAAAAAAAAAAAAAQAAAQ.jpg
1458,A_hPGSRoU0C8kAAAAAAAAAAAAAAQAAAQ.jpg
1458,A__iBTRLnSgRsAAAAAAAAAAAAAAQAAAQ.jpg
1458,A_gWrIQ4S447oAAAAAAAAAAAAAAQAAAQ.jpg
1458,A_vBLvSIjsr5oAAAAAAAAAAAAAAQAAAQ.jpg
1459,A_lPwKS7HXTIUAAAAAAAAAAAAAAQAAAQ.jpg
1459,A_D_SeQ4c--GwAAAAAAAAAAAAAAQAAAQ.jpg
1459,A_p1FURL5LiRoAAAAAAAAAAAAAAQAAAQ.jpg
1459,A_BUqXSoHm6xYAAAAAAAAAAAAAAQAAAQ.jpg
1459,A_m_SBTJ0x4UgAAAAAAAAAAAAAAQAAAQ.jpg
1459,A_mo3GRaXrNTgAAAAAAAAAAAAAAQAAAQ.jpg
1460,kD-WZuK9Rae4NoG1n7HHwAAAACMAARAD.jpg
1460,7ACCezYsSqiEz-zehRjeGAAAACMAARAD.jpg
1460,VjekR6ueSNOq94VvNYUcgAAAACMAARAD.jpg
1460,1DUlr4dURtqhdRrCS69ZgAAAACMAARAD.jpg
1460,C7LFRq-yQ3al5ElDQWDhUAAAACMAARAD.jpg
1460,IsIe7tHGSEe9XWBTYTZTqwAAACMAARAD.jpg
1461,A_HXWXTZxti_gAAAAAAAAAAAAAAQAAAQ.jpg
1461,A_aEr8SogcnnIAAAAAAAAAAAAAAQAAAQ.jpg
1461,A_4gGXSpGmh1YAAAAAAAAAAAAAAQAAAQ.jpg
1461,A_YfwbQJ4I5K8AAAAAAAAAAAAAAQAAAQ.jpg
1461,A_aA69SpvZhQQAAAAAAAAAAAAAAQAAAQ.jpg
1461,A_viZgTZtLdIkAAAAAAAAAAAAAAQAAAQ.jpg
1462,A_cUEKTLA6SR4AAAAAAAAAAAAAAQAAAQ.jpg
1462,A_e7dMTaR9QaEAAAAAAAAAAAAAAQAAAQ.jpg
1462,A_iyCnSJYS2eQAAAAAAAAAAAAAAQAAAQ.jpg
1462,A_4cscRbyF-t8AAAAAAAAAAAAAAQAAAQ.jpg
1462,A_8P78SYHj8vsAAAAAAAAAAAAAAQAAAQ.jpg
1462,A_c1QXTK5OHUMAAAAAAAAAAAAAAQAAAQ.jpg
1463,A_S7r7Srj5r_wAAAAAAAAAAAAAAQAAAQ.jpg
1463,A_7dSiR56sjZkAAAAAAAAAAAAAAQAAAQ.jpg
1463,A_KkNnR5qXorcAAAAAAAAAAAAAAQAAAQ.jpg
1463,A_9Wo1SqHv_yIAAAAAAAAAAAAAAQAAAQ.jpg
1463,A_xl9CQIhvmFsAAAAAAAAAAAAAAQAAAQ.jpg
1463,A_i-nLRI_4Z-QAAAAAAAAAAAAAAQAAAQ.jpg
1464,A_EsHfTJi2lYUAAAAAAAAAAAAAAQAAAQ.jpg
1464,A_cbghTYuoEzQAAAAAAAAAAAAAAQAAAQ.jpg
1464,A_ZPyVR5KHewAAAAAAAAAAAAAAAQAAAQ.jpg
1464,A__ZWPQJQKX10AAAAAAAAAAAAAAQAAAQ.jpg
1464,A_Jt0NQ7kxnNgAAAAAAAAAAAAAAQAAAQ.jpg
1464,A_Xt5tQpzDINoAAAAAAAAAAAAAAQAAAQ.jpg
1465,Z1qDRVboSz625P_djDkBSwAAACMAARAD.jpg
1465,IvmXxLWaQd-LKBYjjNz-zwAAACMAARAD.jpg
1465,Tt0AYk7ASkeS8q4TGaZ2FAAAACMAARAD.jpg
1465,32oZCggVTXitEpu5VNf6FAAAACMAARAD.jpg
1465,RZ0pi9gnRguCbwW_2IFLegAAACMAARAD.jpg
1465,bSowLH_QSz-W1UMpKjz0owAAACMAARAD.jpg
1466,kVx_E1ohTniMFhLQU_YaagAAACMAARAD.jpg
1466,zQs0kBsAS2mS20h_2hp37AAAACMAARAD.jpg
1466,8qks6YhlRy-wDJtrkIZaIgAAACMAARAD.jpg
1466,shv8oNWbQzuuIU83B0uJKAAAACMAARAD.jpg
1466,HO658TQUQEWkFzwQclWO6QAAACMAARAD.jpg
1466,2d-0eWw0TDKv5kSoh012ogAAACMAARAD.jpg
1467,A_oLSJS49B_k4AAAAAAAAAAAAAAQAAAQ.jpg
1467,A_KBNRRqQe8vsAAAAAAAAAAAAAAQAAAQ.jpg
1467,A_4rjUSryl48IAAAAAAAAAAAAAAQAAAQ.jpg
1467,A_6aJ8Sa2FS-YAAAAAAAAAAAAAAQAAAQ.jpg
1467,A_4gn2Q6opsTUAAAAAAAAAAAAAAQAAAQ.jpg
1467,A_lU5xT7JfAoEAAAAAAAAAAAAAAQAAAQ.jpg
1468,A_FYeLRIlqv1sAAAAAAAAAAAAAAQAAAQ.jpg
1468,A_pUauTrONA4lSN5NPuoRqAAAAAQAAAQ.jpg
1468,A_KtVrTIFqvwEAAAAAAAAAAAAAAQAAAQ.jpg
1468,A_0d9RQp7aDvQAAAAAAAAAAAAAAQAAAQ.jpg
1468,A_QQBWQ5OgNqcAAAAAAAAAAAAAAQAAAQ.jpg
1468,A_pUauTrONA4kAAAAAAAAAAAAAAQAAAQ.jpg
1469,A_pMrhQLroe0IAAAAAAAAAAAAAAQAAAQ.jpg
1469,A_mSuHQqYkujMAAAAAAAAAAAAAAQAAAQ.jpg
1469,A_3skiQIpmWr0AAAAAAAAAAAAAAQAAAQ.jpg
1469,A_GtpMTbLtVR4AAAAAAAAAAAAAAQAAAQ.jpg
1469,A_M4T5Q43L2qAAAAAAAAAAAAAAAQAAAQ.jpg
1469,A_bLPoRob0He8AAAAAAAAAAAAAAQAAAQ.jpg
1470,A_ePq8Ras0owIAAAAAAAAAAAAAAQAAAQ.jpg
1470,A_JDCBRYXWhPEAAAAAAAAAAAAAAQAAAQ.jpg
1470,A_XJPfQZIMlRoAAAAAAAAAAAAAAQAAAQ.jpg
1470,A_mHpGR5oYn_kAAAAAAAAAAAAAAQAAAQ.jpg
1470,A_DcniRp1IRU0AAAAAAAAAAAAAAQAAAQ.jpg
1470,A_TfOESrI_z3wAAAAAAAAAAAAAAQAAAQ.jpg
1471,QdzTTlrGTCCQ1F9xM9w-rwAAACMAARED.jpg
1471,PWdM972oTLS4wJJ319jekgAAACMAARED.jpg
1471,6g8v5a03RwKTmcG_80RgNwAAACMAARED.jpg
1471,K36qV-IBRmOVon1zVvZi5gAAACMAARAD.jpg
1471,T9sfxIkpSdiBNdMd91kAeAAAACMAARAD.jpg
1471,6FeS5IF9S-6wW1rE2DkkNgAAACMAARAD.jpg
1472,A_VsLNT7sWz3wAAAAAAAAAAAAAAQAAAQ.jpg
1472,A_b1QxQpUO7yYAAAAAAAAAAAAAAQAAAQ.jpg
1472,A_CUlQSpIInD0AAAAAAAAAAAAAAQAAAQ.jpg
1472,A_ffGlTZG85-QAAAAAAAAAAAAAAQAAAQ.jpg
1472,A_-MVkTKb4CY0AAAAAAAAAAAAAAQAAAQ.jpg
1472,A_8g2uSoogj9AAAAAAAAAAAAAAAQAAAQ.jpg
1473,lk6TjulLSlK2EtPG2bOT1wAAACMAARAD.jpg
1473,pJMeyxnvRPOCrS-s9zDN6AAAACMAARAD.jpg
1473,eub05Tg8Ri20vTxIGswtRwAAACMAARAD.jpg
1473,i_qZgpvUQ6CuKFZzKixaaQAAACMAARAD.jpg
1473,9OMvA3NtSGCRN6ymcLH-cAAAACMAARAD.jpg
1473,M00cOfTlQD-7SbSDoVEZiwAAACMAARAD.jpg
1474,A_GBRjRJz7PoIAAAAAAAAAAAAAAQAAAQ.jpg
1474,A_s_pGQJkJX7cAAAAAAAAAAAAAAQAAAQ.jpg
1474,A_3bzNSLXJbYOwMn1EhM5NdAAAAQAAAQ.jpg
1474,A_Y3QbRJDhWOYAAAAAAAAAAAAAAQAAAQ.jpg
1474,A_3bzNSLXJbYMAAAAAAAAAAAAAAQAAAQ.jpg
1474,A_t7pjSY5KeJwAAAAAAAAAAAAAAQAAAQ.jpg
1475,A_Zo3FTaoKRGMAAAAAAAAAAAAAAQAAAQ.jpg
1475,A_TLSkT501MYQAAAAAAAAAAAAAAQAAAQ.jpg
1475,A_Rx6HR586O4sAAAAAAAAAAAAAAQAAAQ.jpg
1475,A_XTPLTJ9RiO4AAAAAAAAAAAAAAQAAAQ.jpg
1475,A_UGJ9TY8666oAAAAAAAAAAAAAAQAAAQ.jpg
1475,A_FWz-SLCNxIMAAAAAAAAAAAAAAQAAAQ.jpg
1476,A_hdpuRLEj1idQCwdMtulO4QAAAQAAAQ.jpg
1476,A_QzE_Q4Jhu9wAAAAAAAAAAAAAAQAAAQ.jpg
1476,A_hdpuRLEj1icAAAAAAAAAAAAAAQAAAQ.jpg
1476,A_82BHQ5VJpoQAAAAAAAAAAAAAAQAAAQ.jpg
1476,A_hdpuRLEj1id2OI1JoO1-QAAAAQAAAQ.jpg
1476,A_vLt5Tr-DehsAAAAAAAAAAAAAAQAAAQ.jpg
1477,oAlUaNt0SoOd1pDlZebq6QAAACMAARAD.jpg
1477,46wgkuZZT6eVVCnVPQgrpgAAACMAARAD.jpg
1477,i9DxLNTFRVa_ErPFgVJ3uAAAACMAARAD.jpg
1477,xEkROLFrT8eZz88qyGMUDgAAACMAARAD.jpg
1477,w3FwASvhSDy_zI6aKPh33gAAACMAARAD.jpg
1477,elFmGazMSCiTA9cBKwcuMwAAACMAARAD.jpg
1478,A_8TLTSrYPUTUAAAAAAAAAAAAAAQAAAQ.jpg
1478,A_6h2TSpG2xLAAAAAAAAAAAAAAAQAAAQ.jpg
1478,A_DLk9QaFF3W0AAAAAAAAAAAAAAQAAAQ.jpg
1478,A_k02wRqflDJcAAAAAAAAAAAAAAQAAAQ.jpg
1478,A_h3xWQb_tMC0AAAAAAAAAAAAAAQAAAQ.jpg
1478,A_iTDeS5OoNC4AAAAAAAAAAAAAAQAAAQ.jpg
1479,A_WcuHSKIfpFcAAAAAAAAAAAAAAQAAAQ.jpg
1479,A_y6cGQZTV6wkAAAAAAAAAAAAAAQAAAQ.jpg
1479,A_2oJSS7TmnnsAAAAAAAAAAAAAAQAAAQ.jpg
1479,A_I4uaQKtPPhAAAAAAAAAAAAAAAQAAAQ.jpg
1479,A_hV6oRqWGM8sAAAAAAAAAAAAAAQAAAQ.jpg
1479,A_24StS7TQoCsAAAAAAAAAAAAAAQAAAQ.jpg
1480,A_HRkFRZKRfK4AAAAAAAAAAAAAAQAAAQ.jpg
1480,A_m7-sRo3H-HgAAAAAAAAAAAAAAQAAAQ.jpg
1480,A_ytKZR43YYx0AAAAAAAAAAAAAAQAAAQ.jpg
1480,A_6anUTaPKAZ0AAAAAAAAAAAAAAQAAAQ.jpg
1480,A__EmvQZaIrk0AAAAAAAAAAAAAAQAAAQ.jpg
1480,A_3C7oQa_cOiMAAAAAAAAAAAAAAQAAAQ.jpg
1481,A_hYZoTq_XxmAAAAAAAAAAAAAAAQAAAQ.jpg
1481,A_B17tQL9G7GBxlR5AvcHBegAAAQAAAQ.jpg
1481,A_3S3LTZgdkc8AAAAAAAAAAAAAAQAAAQ.jpg
1481,A_3S3LTZgdkc9UCstAt954pwAAAQAAAQ.jpg
1481,A_B17tQL9G7GAAAAAAAAAAAAAAAQAAAQ.jpg
1481,A_M6uVTLJ2EukAAAAAAAAAAAAAAQAAAQ.jpg
1482,A_jReTTbRAdgMAAAAAAAAAAAAAAQAAAQ.jpg
1482,A_0xRaQ4mC4A0AAAAAAAAAAAAAAQAAAQ.jpg
1482,A_BM-IS64L6owAAAAAAAAAAAAAAQAAAQ.jpg
1482,A__cl2QLO2llEAAAAAAAAAAAAAAQAAAQ.jpg
1482,A_8qvqS61s-g4AAAAAAAAAAAAAAQAAAQ.jpg
1482,A_m30KQICzj5QAAAAAAAAAAAAAAQAAAQ.jpg
1483,A_xTY-S4O2kyYAAAAAAAAAAAAAAQAAAQ.jpg
1483,A_Ysu4QqIqPYkAAAAAAAAAAAAAAQAAAQ.jpg
1483,A_MqoKS5Y6Hm8AAAAAAAAAAAAAAQAAAQ.jpg
1483,A_lPjNSaZ7r9wAAAAAAAAAAAAAAQAAAQ.jpg
1483,A_50hVQpJOh38AAAAAAAAAAAAAAQAAAQ.jpg
1483,A_723fTJwuqewAAAAAAAAAAAAAAQAAAQ.jpg
1484,A_fpLuRr0nwKkAAAAAAAAAAAAAAQAAAQ.jpg
1484,A_MPg-Tqt0h4UAAAAAAAAAAAAAAQAAAQ.jpg
1484,A_9z7ISKHMk40AAAAAAAAAAAAAAQAAAQ.jpg
1484,A_W2IxTrShf0MAAAAAAAAAAAAAAQAAAQ.jpg
1484,A_8yHrSI9wXtsAAAAAAAAAAAAAAQAAAQ.jpg
1484,A_K3lrQrI1-gIAAAAAAAAAAAAAAQAAAQ.jpg
1485,A_33L3RYDwFfYAAAAAAAAAAAAAAQAAAQ.jpg
1485,A_TFw1RY0S3r8AAAAAAAAAAAAAAQAAAQ.jpg
1485,A_k02XTah-AqkAAAAAAAAAAAAAAQAAAQ.jpg
1485,A_WJZqQYuskC4AAAAAAAAAAAAAAQAAAQ.jpg
1485,A_uzHRSJ5nN_cAAAAAAAAAAAAAAQAAAQ.jpg
1485,A_PNRuRprSSG4AAAAAAAAAAAAAAQAAAQ.jpg
1486,A_LngHSpFXTD4AAAAAAAAAAAAAAQAAAQ.jpg
1486,A_M-KbRYPdAHoAAAAAAAAAAAAAAQAAAQ.jpg
1486,A_C1q8QJNLNrEAAAAAAAAAAAAAAQAAAQ.jpg
1486,A_VW4rTbmlHh8AAAAAAAAAAAAAAQAAAQ.jpg
1486,A_ZlCjSaYPrmAAAAAAAAAAAAAAAQAAAQ.jpg
1486,A_acoIRKkS4KMAAAAAAAAAAAAAAQAAAQ.jpg
1487,A_olfhSYntr84AAAAAAAAAAAAAAQAAAQ.jpg
1487,A_b4GpSbjTmGoAAAAAAAAAAAAAAQAAAQ.jpg
1487,A_XHurTYV1xScAAAAAAAAAAAAAAQAAAQ.jpg
1487,A_iAk4T7b-HD4AAAAAAAAAAAAAAQAAAQ.jpg
1487,A_BUreSr9QuYgAAAAAAAAAAAAAAQAAAQ.jpg
1487,A_aMsUT5Uw1pYAAAAAAAAAAAAAAQAAAQ.jpg
1488,A_9f9RQYMEDW8AAAAAAAAAAAAAAQAAAQ.jpg
1488,A_peVaRKhGG6EAAAAAAAAAAAAAAQAAAQ.jpg
1488,A_C0HtTLNKeLkAAAAAAAAAAAAAAQAAAQ.jpg
1488,A_KhFwTKJ4XWwAAAAAAAAAAAAAAQAAAQ.jpg
1488,A_nxAwQ7FMivcAAAAAAAAAAAAAAQAAAQ.jpg
1488,A_45ZeSYlRX04AAAAAAAAAAAAAAQAAAQ.jpg
1489,A_fdXCTprSOxYAAAAAAAAAAAAAAQAAAQ.jpg
1489,A_fAd6Q6jPCKAAAAAAAAAAAAAAAQAAAQ.jpg
1489,A_DOgCRJB2qgIAAAAAAAAAAAAAAQAAAQ.jpg
1489,A_Ij0mS4-M_jMAAAAAAAAAAAAAAQAAAQ.jpg
1489,A_TdNTTqxkNsEAAAAAAAAAAAAAAQAAAQ.jpg
1489,A_YkhcSryYe2cAAAAAAAAAAAAAAQAAAQ.jpg
1490,A_V3ppS6VZwMoAAAAAAAAAAAAAAQAAAQ.jpg
1490,A_gzSGTYTpSLkAAAAAAAAAAAAAAQAAAQ.jpg
1490,A_ACH-Ta-cq-oAAAAAAAAAAAAAAQAAAQ.jpg
1490,A_vAl2Q52NU9MAAAAAAAAAAAAAAQAAAQ.jpg
1490,A_Tgc3Sb0KwMEAAAAAAAAAAAAAAQAAAQ.jpg
1490,A__53oQqKI9vwAAAAAAAAAAAAAAQAAAQ.jpg
1491,A_OcaLQYiU_1EAAAAAAAAAAAAAAQAAAQ.jpg
1491,A_Cl0sQ69mrY4AAAAAAAAAAAAAAQAAAQ.jpg
1491,A_nZIFTqwyAG0AAAAAAAAAAAAAAQAAAQ.jpg
1491,A_CRqJQKCtnOMAAAAAAAAAAAAAAQAAAQ.jpg
1491,A_Vhx1SK59uV8AAAAAAAAAAAAAAQAAAQ.jpg
1491,A_zE7OR59AboMAAAAAAAAAAAAAAQAAAQ.jpg
1492,A_LRDNQb_6khoAAAAAAAAAAAAAAQAAAQ.jpg
1492,A_zd7bSJAblkwAAAAAAAAAAAAAAQAAAQ.jpg
1492,A_fhlXTKaMzqIAAAAAAAAAAAAAAQAAAQ.jpg
1492,A_NjG2SqOfUE4AAAAAAAAAAAAAAQAAAQ.jpg
1492,A_2M0vSKrxwocAAAAAAAAAAAAAAQAAAQ.jpg
1492,A_GdTOQ6xnzZMAAAAAAAAAAAAAAQAAAQ.jpg
1493,A_GDdvSZPa7M0AAAAAAAAAAAAAAQAAAQ.jpg
1493,A_EL3MTLdLMz8AAAAAAAAAAAAAAQAAAQ.jpg
1493,A_5pjuQ6bpF44AAAAAAAAAAAAAAQAAAQ.jpg
1493,A_b1eiQ4BovAEAAAAAAAAAAAAAAQAAAQ.jpg
1493,A_EgytQoIRmCEAAAAAAAAAAAAAAQAAAQ.jpg
1493,A_5rhHQ4uH0DUAAAAAAAAAAAAAAQAAAQ.jpg
1494,A_qcBWSoqyLrEAAAAAAAAAAAAAAQAAAQ.jpg
1494,A_sDy8TZweP6MAAAAAAAAAAAAAAQAAAQ.jpg
1494,A_v9o_T5ly55wAAAAAAAAAAAAAAQAAAQ.jpg
1494,A_pNAcQKJ6yH4AAAAAAAAAAAAAAQAAAQ.jpg
1494,A_YFdnQ5CoPhgAAAAAAAAAAAAAAQAAAQ.jpg
1494,A_bJUVQLWonskAAAAAAAAAAAAAAQAAAQ.jpg
1495,A_BFoHTKmmZckAAAAAAAAAAAAAAQAAAQ.jpg
1495,A_7TWPT4_hkwwAAAAAAAAAAAAAAQAAAQ.jpg
1495,A_CWhQSqgeUq4AAAAAAAAAAAAAAQAAAQ.jpg
1495,A_bKPlQL4w2iUAAAAAAAAAAAAAAQAAAQ.jpg
1495,A_ahGrQpcJLS8AAAAAAAAAAAAAAQAAAQ.jpg
1495,A_AcFbQoqDqRwAAAAAAAAAAAAAAQAAAQ.jpg
1496,A_t6AyT4K76akAAAAAAAAAAAAAAQAAAQ.jpg
1496,A_-RuUS7F6LpsAAAAAAAAAAAAAAQAAAQ.jpg
1496,A_K9CLR4e8IykAAAAAAAAAAAAAAQAAAQ.jpg
1496,A_5j8qQIocWUwAAAAAAAAAAAAAAQAAAQ.jpg
1496,A_DhQlQKr7slQAAAAAAAAAAAAAAQAAAQ.jpg
1496,A_qzxeRo3Av5AAAAAAAAAAAAAAAQAAAQ.jpg
1497,A_uOCiT40f578AAAAAAAAAAAAAAQAAAQ.jpg
1497,A_1WHrSb70BwYAAAAAAAAAAAAAAQAAAQ.jpg
1497,A_LaERT6Vg6P0AAAAAAAAAAAAAAQAAAQ.jpg
1497,A_tjfGT6CxgFAAAAAAAAAAAAAAAQAAAQ.jpg
1497,A_1ruyQ7LcAuoAAAAAAAAAAAAAAQAAAQ.jpg
1497,A_GFtPRKYwYKQAAAAAAAAAAAAAAQAAAQ.jpg
1498,8BujMxsVRvWOAhf1DW4HXgAAACMAARAD.jpg
1498,RJaJONp-R9-6Wg29qPh_MQAAACMAARAD.jpg
1498,ORZnfTwMTGmDKW-_9Zm_cAAAACMAARAD.jpg
1498,zusOFo_RSsqRAqtrfJ1fEgAAACMAARAD.jpg
1498,s5_LPbJATXy82lMu1uSeJQAAACMAARAD.jpg
1498,xPWXoOz0RJ2uGy381aUq9wAAACMAARAD.jpg
1499,J9zK50Y5RvujoRzPnQkXBAAAACMAARAD.jpg
1499,2A23mcKTRe6iwvdle-DnoQAAACMAARAD.jpg
1499,A_Lzq7RaU4LI8AAAAAAAAAAAAAAQAAAQ.jpg
1499,A_59V-S7ievU8AAAAAAAAAAAAAAQAAAQ.jpg
1499,A_6nznR7Ek9MQAAAAAAAAAAAAAAQAAAQ.jpg
1499,A_2nNMSZOEYsQAAAAAAAAAAAAAAQAAAQ.jpg
1499,A_plIEQ4aQaFEAAAAAAAAAAAAAAQAAAQ.jpg
1499,A_hxoTSL4Np6AAAAAAAAAAAAAAAQAAAQ.jpg
1499,dTUY37UVRheaLCsCQ6X01AAAACMAARAD.jpg
1499,A_H4FeQZ5TNVIAAAAAAAAAAAAAAQAAAQ.jpg
