imageA,imageB,label,dogA,dogB
A_ccDFRJJgbtIAAAAAAAAAAAAAAQAAAQ.jpg,A_BTGhRL3hvxwAAAAAAAAAAAAAAQAAAQ.jpg,1,0,0
A_ccDFRJJgbtIAAAAAAAAAAAAAAQAAAQ.jpg,A_VSe4QrbJjMcAAAAAAAAAAAAAAQAAAQ.jpg,1,0,0
A_ccDFRJJgbtIAAAAAAAAAAAAAAQAAAQ.jpg,A_ARs4S5uu-scAAAAAAAAAAAAAAQAAAQ.jpg,1,0,0
A_BTGhRL3hvxwAAAAAAAAAAAAAAQAAAQ.jpg,A_VSe4QrbJjMcAAAAAAAAAAAAAAQAAAQ.jpg,1,0,0
A_BTGhRL3hvxwAAAAAAAAAAAAAAQAAAQ.jpg,A_ARs4S5uu-scAAAAAAAAAAAAAAQAAAQ.jpg,1,0,0
A_VSe4QrbJjMcAAAAAAAAAAAAAAQAAAQ.jpg,A_ARs4S5uu-scAAAAAAAAAAAAAAQAAAQ.jpg,1,0,0
A_xNCNSreklsIAAAAAAAAAAAAAAQAAAQ.jpg,A_gBw2Q6_QWsUAAAAAAAAAAAAAAQAAAQ.jpg,1,1,1
A_xNCNSreklsIAAAAAAAAAAAAAAQAAAQ.jpg,A_l_WDRZSqqCQAAAAAAAAAAAAAAQAAAQ.jpg,1,1,1
A_xNCNSreklsIAAAAAAAAAAAAAAQAAAQ.jpg,A_kiLeTKqEGUkAAAAAAAAAAAAAAQAAAQ.jpg,1,1,1
A_gBw2Q6_QWsUAAAAAAAAAAAAAAQAAAQ.jpg,A_l_WDRZSqqCQAAAAAAAAAAAAAAQAAAQ.jpg,1,1,1
A_gBw2Q6_QWsUAAAAAAAAAAAAAAQAAAQ.jpg,A_kiLeTKqEGUkAAAAAAAAAAAAAAQAAAQ.jpg,1,1,1
A_l_WDRZSqqCQAAAAAAAAAAAAAAQAAAQ.jpg,A_kiLeTKqEGUkAAAAAAAAAAAAAAQAAAQ.jpg,1,1,1
A_rGSuTZXVuRUGn2pDh9p9vgAAAQAAAQ.jpg,A_rGSuTZXVuRUAAAAAAAAAAAAAAQAAAQ.jpg,1,2,2
A_rGSuTZXVuRUGn2pDh9p9vgAAAQAAAQ.jpg,A_wOfbQoNWSAQAAAAAAAAAAAAAAQAAAQ.jpg,1,2,2
A_rGSuTZXVuRUGn2pDh9p9vgAAAQAAAQ.jpg,A_7OgCTLT7J9AAAAAAAAAAAAAAAQAAAQ.jpg,1,2,2
A_rGSuTZXVuRUAAAAAAAAAAAAAAQAAAQ.jpg,A_wOfbQoNWSAQAAAAAAAAAAAAAAQAAAQ.jpg,1,2,2
A_rGSuTZXVuRUAAAAAAAAAAAAAAQAAAQ.jpg,A_7OgCTLT7J9AAAAAAAAAAAAAAAQAAAQ.jpg,1,2,2
A_wOfbQoNWSAQAAAAAAAAAAAAAAQAAAQ.jpg,A_7OgCTLT7J9AAAAAAAAAAAAAAAQAAAQ.jpg,1,2,2
A_jXO8TqgUNaEAAAAAAAAAAAAAAQAAAQ.jpg,A_wlP4RZZzpEgAAAAAAAAAAAAAAQAAAQ.jpg,1,3,3
A_jXO8TqgUNaEAAAAAAAAAAAAAAQAAAQ.jpg,A_FSCJRYy3dFwAAAAAAAAAAAAAAQAAAQ.jpg,1,3,3
A_jXO8TqgUNaEAAAAAAAAAAAAAAQAAAQ.jpg,A_hsJDSo4xcbkAAAAAAAAAAAAAAQAAAQ.jpg,1,3,3
A_wlP4RZZzpEgAAAAAAAAAAAAAAQAAAQ.jpg,A_FSCJRYy3dFwAAAAAAAAAAAAAAQAAAQ.jpg,1,3,3
A_wlP4RZZzpEgAAAAAAAAAAAAAAQAAAQ.jpg,A_hsJDSo4xcbkAAAAAAAAAAAAAAQAAAQ.jpg,1,3,3
A_FSCJRYy3dFwAAAAAAAAAAAAAAQAAAQ.jpg,A_hsJDSo4xcbkAAAAAAAAAAAAAAQAAAQ.jpg,1,3,3
cOr4Q-vIToudfDTJK_hYsQAAACMAARAD.jpg,A_PXxiSIQQDWkAAAAAAAAAAAAAAQAAAQ.jpg,1,4,4
cOr4Q-vIToudfDTJK_hYsQAAACMAARAD.jpg,O4evSscSQOaRanT5DclZ5wAAACMAARAD.jpg,1,4,4
cOr4Q-vIToudfDTJK_hYsQAAACMAARAD.jpg,Fv9FYvAkQc6AGTP11upBrwAAACMAARAD.jpg,1,4,4
A_PXxiSIQQDWkAAAAAAAAAAAAAAQAAAQ.jpg,O4evSscSQOaRanT5DclZ5wAAACMAARAD.jpg,1,4,4
A_PXxiSIQQDWkAAAAAAAAAAAAAAQAAAQ.jpg,Fv9FYvAkQc6AGTP11upBrwAAACMAARAD.jpg,1,4,4
O4evSscSQOaRanT5DclZ5wAAACMAARAD.jpg,Fv9FYvAkQc6AGTP11upBrwAAACMAARAD.jpg,1,4,4
A_pGBkRrTqPD0AAAAAAAAAAAAAAQAAAQ.jpg,A_Aw59RY7js60AAAAAAAAAAAAAAQAAAQ.jpg,1,5,5
A_pGBkRrTqPD0AAAAAAAAAAAAAAQAAAQ.jpg,A_8HNgToSMI-0AAAAAAAAAAAAAAQAAAQ.jpg,1,5,5
A_pGBkRrTqPD0AAAAAAAAAAAAAAQAAAQ.jpg,A_MjewSKBgq9EAAAAAAAAAAAAAAQAAAQ.jpg,1,5,5
A_Aw59RY7js60AAAAAAAAAAAAAAQAAAQ.jpg,A_8HNgToSMI-0AAAAAAAAAAAAAAQAAAQ.jpg,1,5,5
A_Aw59RY7js60AAAAAAAAAAAAAAQAAAQ.jpg,A_MjewSKBgq9EAAAAAAAAAAAAAAQAAAQ.jpg,1,5,5
A_8HNgToSMI-0AAAAAAAAAAAAAAQAAAQ.jpg,A_MjewSKBgq9EAAAAAAAAAAAAAAQAAAQ.jpg,1,5,5
dRX2p0mwRrumfcxLhB9tHAAAACMAARAD.jpg,2iEC5ZrsSa2JpfKnTQbADQAAACMAARAD.jpg,1,6,6
dRX2p0mwRrumfcxLhB9tHAAAACMAARAD.jpg,NHtoXmJsQbC2oYEEvNh-agAAACMAARAD.jpg,1,6,6
dRX2p0mwRrumfcxLhB9tHAAAACMAARAD.jpg,7B--srC_TKKKH1ccdVhHJQAAACMAARAD.jpg,1,6,6
2iEC5ZrsSa2JpfKnTQbADQAAACMAARAD.jpg,NHtoXmJsQbC2oYEEvNh-agAAACMAARAD.jpg,1,6,6
2iEC5ZrsSa2JpfKnTQbADQAAACMAARAD.jpg,7B--srC_TKKKH1ccdVhHJQAAACMAARAD.jpg,1,6,6
NHtoXmJsQbC2oYEEvNh-agAAACMAARAD.jpg,7B--srC_TKKKH1ccdVhHJQAAACMAARAD.jpg,1,6,6
A_kqGGQIlQbEIAAAAAAAAAAAAAAQAAAQ.jpg,A_hwdWQq75_mQAAAAAAAAAAAAAAQAAAQ.jpg,1,7,7
A_kqGGQIlQbEIAAAAAAAAAAAAAAQAAAQ.jpg,A_PLpYQbchnYsAAAAAAAAAAAAAAQAAAQ.jpg,1,7,7
A_kqGGQIlQbEIAAAAAAAAAAAAAAQAAAQ.jpg,A_6xTOT6mkZzUAAAAAAAAAAAAAAQAAAQ.jpg,1,7,7
A_hwdWQq75_mQAAAAAAAAAAAAAAQAAAQ.jpg,A_PLpYQbchnYsAAAAAAAAAAAAAAQAAAQ.jpg,1,7,7
A_hwdWQq75_mQAAAAAAAAAAAAAAQAAAQ.jpg,A_6xTOT6mkZzUAAAAAAAAAAAAAAQAAAQ.jpg,1,7,7
A_PLpYQbchnYsAAAAAAAAAAAAAAQAAAQ.jpg,A_6xTOT6mkZzUAAAAAAAAAAAAAAQAAAQ.jpg,1,7,7
A_ojwmQZn-s4QAAAAAAAAAAAAAAQAAAQ.jpg,A_wNo8Squ-ZpAAAAAAAAAAAAAAAQAAAQ.jpg,1,8,8
A_ojwmQZn-s4QAAAAAAAAAAAAAAQAAAQ.jpg,A_gleuQrcJ404AAAAAAAAAAAAAAQAAAQ.jpg,1,8,8
A_ojwmQZn-s4QAAAAAAAAAAAAAAQAAAQ.jpg,A_kPvdTbagJ9MAAAAAAAAAAAAAAQAAAQ.jpg,1,8,8
A_wNo8Squ-ZpAAAAAAAAAAAAAAAQAAAQ.jpg,A_gleuQrcJ404AAAAAAAAAAAAAAQAAAQ.jpg,1,8,8
A_wNo8Squ-ZpAAAAAAAAAAAAAAAQAAAQ.jpg,A_kPvdTbagJ9MAAAAAAAAAAAAAAQAAAQ.jpg,1,8,8
A_gleuQrcJ404AAAAAAAAAAAAAAQAAAQ.jpg,A_kPvdTbagJ9MAAAAAAAAAAAAAAQAAAQ.jpg,1,8,8
A_3BuiQbibhO8AAAAAAAAAAAAAAQAAAQ.jpg,A_rsioTJ5AOrcAAAAAAAAAAAAAAQAAAQ.jpg,1,9,9
A_3BuiQbibhO8AAAAAAAAAAAAAAQAAAQ.jpg,A_3hHGTIRrcnwAAAAAAAAAAAAAAQAAAQ.jpg,1,9,9
A_3BuiQbibhO8AAAAAAAAAAAAAAQAAAQ.jpg,A_ErnBQ6DQzEoAAAAAAAAAAAAAAQAAAQ.jpg,1,9,9
A_rsioTJ5AOrcAAAAAAAAAAAAAAQAAAQ.jpg,A_3hHGTIRrcnwAAAAAAAAAAAAAAQAAAQ.jpg,1,9,9
A_rsioTJ5AOrcAAAAAAAAAAAAAAQAAAQ.jpg,A_ErnBQ6DQzEoAAAAAAAAAAAAAAQAAAQ.jpg,1,9,9
A_3hHGTIRrcnwAAAAAAAAAAAAAAQAAAQ.jpg,A_ErnBQ6DQzEoAAAAAAAAAAAAAAQAAAQ.jpg,1,9,9
A_qQf9R5n-NaZuA4BJgsZMVwAAAQAAAQ.jpg,A_OtoGQIQE13QAAAAAAAAAAAAAAQAAAQ.jpg,1,10,10
A_qQf9R5n-NaZuA4BJgsZMVwAAAQAAAQ.jpg,A_846cT62QLOEAAAAAAAAAAAAAAQAAAQ.jpg,1,10,10
A_qQf9R5n-NaZuA4BJgsZMVwAAAQAAAQ.jpg,A_3muFRpfosX0AAAAAAAAAAAAAAQAAAQ.jpg,1,10,10
A_OtoGQIQE13QAAAAAAAAAAAAAAQAAAQ.jpg,A_846cT62QLOEAAAAAAAAAAAAAAQAAAQ.jpg,1,10,10
A_OtoGQIQE13QAAAAAAAAAAAAAAQAAAQ.jpg,A_3muFRpfosX0AAAAAAAAAAAAAAQAAAQ.jpg,1,10,10
A_846cT62QLOEAAAAAAAAAAAAAAQAAAQ.jpg,A_3muFRpfosX0AAAAAAAAAAAAAAQAAAQ.jpg,1,10,10
A_qo9KQ6YZpa0AAAAAAAAAAAAAAQAAAQ.jpg,A_vzFyQL-m9f0AAAAAAAAAAAAAAQAAAQ.jpg,1,11,11
A_qo9KQ6YZpa0AAAAAAAAAAAAAAQAAAQ.jpg,A_p05OT6oYxSoAAAAAAAAAAAAAAQAAAQ.jpg,1,11,11
A_qo9KQ6YZpa0AAAAAAAAAAAAAAQAAAQ.jpg,A_h8ycS56cyH0AAAAAAAAAAAAAAQAAAQ.jpg,1,11,11
A_vzFyQL-m9f0AAAAAAAAAAAAAAQAAAQ.jpg,A_p05OT6oYxSoAAAAAAAAAAAAAAQAAAQ.jpg,1,11,11
A_vzFyQL-m9f0AAAAAAAAAAAAAAQAAAQ.jpg,A_h8ycS56cyH0AAAAAAAAAAAAAAQAAAQ.jpg,1,11,11
A_p05OT6oYxSoAAAAAAAAAAAAAAQAAAQ.jpg,A_h8ycS56cyH0AAAAAAAAAAAAAAQAAAQ.jpg,1,11,11
A_m8smT6igYF8AAAAAAAAAAAAAAQAAAQ.jpg,A_4OAEQbtm3HIAAAAAAAAAAAAAAQAAAQ.jpg,1,12,12
A_m8smT6igYF8AAAAAAAAAAAAAAQAAAQ.jpg,A_8wJfSLcHUG4AAAAAAAAAAAAAAQAAAQ.jpg,1,12,12
A_m8smT6igYF8AAAAAAAAAAAAAAQAAAQ.jpg,A_q7aRSpBENVQAAAAAAAAAAAAAAQAAAQ.jpg,1,12,12
A_4OAEQbtm3HIAAAAAAAAAAAAAAQAAAQ.jpg,A_8wJfSLcHUG4AAAAAAAAAAAAAAQAAAQ.jpg,1,12,12
A_4OAEQbtm3HIAAAAAAAAAAAAAAQAAAQ.jpg,A_q7aRSpBENVQAAAAAAAAAAAAAAQAAAQ.jpg,1,12,12
A_8wJfSLcHUG4AAAAAAAAAAAAAAQAAAQ.jpg,A_q7aRSpBENVQAAAAAAAAAAAAAAQAAAQ.jpg,1,12,12
A__YxFR6NzEjQAAAAAAAAAAAAAAQAAAQ.jpg,A_pOfiQ7jDy15GaENDjjN7nQAAAQAAAQ.jpg,1,13,13
A__YxFR6NzEjQAAAAAAAAAAAAAAQAAAQ.jpg,A_pOfiQ7jDy14AAAAAAAAAAAAAAQAAAQ.jpg,1,13,13
A__YxFR6NzEjQAAAAAAAAAAAAAAQAAAQ.jpg,A__YxFR6NzEjQecYhCqT3cqQAAAQAAAQ.jpg,1,13,13
A_pOfiQ7jDy15GaENDjjN7nQAAAQAAAQ.jpg,A_pOfiQ7jDy14AAAAAAAAAAAAAAQAAAQ.jpg,1,13,13
A_pOfiQ7jDy15GaENDjjN7nQAAAQAAAQ.jpg,A__YxFR6NzEjQecYhCqT3cqQAAAQAAAQ.jpg,1,13,13
A_pOfiQ7jDy14AAAAAAAAAAAAAAQAAAQ.jpg,A__YxFR6NzEjQecYhCqT3cqQAAAQAAAQ.jpg,1,13,13
A_JiP8RIdhMFgAAAAAAAAAAAAAAQAAAQ.jpg,A_bmExSKHslRkAAAAAAAAAAAAAAQAAAQ.jpg,1,14,14
A_JiP8RIdhMFgAAAAAAAAAAAAAAQAAAQ.jpg,A__z-iTZs2YvEAAAAAAAAAAAAAAQAAAQ.jpg,1,14,14
A_JiP8RIdhMFgAAAAAAAAAAAAAAQAAAQ.jpg,A_Vu_PRqVmM8AAAAAAAAAAAAAAAQAAAQ.jpg,1,14,14
A_bmExSKHslRkAAAAAAAAAAAAAAQAAAQ.jpg,A__z-iTZs2YvEAAAAAAAAAAAAAAQAAAQ.jpg,1,14,14
A_bmExSKHslRkAAAAAAAAAAAAAAQAAAQ.jpg,A_Vu_PRqVmM8AAAAAAAAAAAAAAAQAAAQ.jpg,1,14,14
A__z-iTZs2YvEAAAAAAAAAAAAAAQAAAQ.jpg,A_Vu_PRqVmM8AAAAAAAAAAAAAAAQAAAQ.jpg,1,14,14
A_lWreSpZxhyAAAAAAAAAAAAAAAQAAAQ.jpg,A_Ba6QQqFUsP4AAAAAAAAAAAAAAQAAAQ.jpg,1,15,15
A_lWreSpZxhyAAAAAAAAAAAAAAAQAAAQ.jpg,A_WgcxSLmAZ9YAAAAAAAAAAAAAAQAAAQ.jpg,1,15,15
A_lWreSpZxhyAAAAAAAAAAAAAAAQAAAQ.jpg,A_SXGPT6VlGv0AAAAAAAAAAAAAAQAAAQ.jpg,1,15,15
A_Ba6QQqFUsP4AAAAAAAAAAAAAAQAAAQ.jpg,A_WgcxSLmAZ9YAAAAAAAAAAAAAAQAAAQ.jpg,1,15,15
A_Ba6QQqFUsP4AAAAAAAAAAAAAAQAAAQ.jpg,A_SXGPT6VlGv0AAAAAAAAAAAAAAQAAAQ.jpg,1,15,15
A_WgcxSLmAZ9YAAAAAAAAAAAAAAQAAAQ.jpg,A_SXGPT6VlGv0AAAAAAAAAAAAAAQAAAQ.jpg,1,15,15
A_EZU5Q47i9PQAAAAAAAAAAAAAAQAAAQ.jpg,A_mbl7SbkDKR4AAAAAAAAAAAAAAQAAAQ.jpg,1,16,16
A_EZU5Q47i9PQAAAAAAAAAAAAAAQAAAQ.jpg,A_2n3hQr-JmJQAAAAAAAAAAAAAAQAAAQ.jpg,1,16,16
A_EZU5Q47i9PQAAAAAAAAAAAAAAQAAAQ.jpg,A_cFBbQb-i068AAAAAAAAAAAAAAQAAAQ.jpg,1,16,16
A_mbl7SbkDKR4AAAAAAAAAAAAAAQAAAQ.jpg,A_2n3hQr-JmJQAAAAAAAAAAAAAAQAAAQ.jpg,1,16,16
A_mbl7SbkDKR4AAAAAAAAAAAAAAQAAAQ.jpg,A_cFBbQb-i068AAAAAAAAAAAAAAQAAAQ.jpg,1,16,16
A_2n3hQr-JmJQAAAAAAAAAAAAAAQAAAQ.jpg,A_cFBbQb-i068AAAAAAAAAAAAAAQAAAQ.jpg,1,16,16
A_Va1UTrmeizMAAAAAAAAAAAAAAQAAAQ.jpg,A_Rh_cT7z_w7wAAAAAAAAAAAAAAQAAAQ.jpg,1,17,17
A_Va1UTrmeizMAAAAAAAAAAAAAAQAAAQ.jpg,A_LUkoSJrXkSUAAAAAAAAAAAAAAQAAAQ.jpg,1,17,17
A_Va1UTrmeizMAAAAAAAAAAAAAAQAAAQ.jpg,A_dLjnR7Wqd6IAAAAAAAAAAAAAAQAAAQ.jpg,1,17,17
A_Rh_cT7z_w7wAAAAAAAAAAAAAAQAAAQ.jpg,A_LUkoSJrXkSUAAAAAAAAAAAAAAQAAAQ.jpg,1,17,17
A_Rh_cT7z_w7wAAAAAAAAAAAAAAQAAAQ.jpg,A_dLjnR7Wqd6IAAAAAAAAAAAAAAQAAAQ.jpg,1,17,17
A_LUkoSJrXkSUAAAAAAAAAAAAAAQAAAQ.jpg,A_dLjnR7Wqd6IAAAAAAAAAAAAAAQAAAQ.jpg,1,17,17
A_fR9dQ5HrbU4AAAAAAAAAAAAAAQAAAQ.jpg,A_d1iSRoW_qgQAAAAAAAAAAAAAAQAAAQ.jpg,1,18,18
A_fR9dQ5HrbU4AAAAAAAAAAAAAAQAAAQ.jpg,A_KNPtSqaKcSkAAAAAAAAAAAAAAQAAAQ.jpg,1,18,18
A_fR9dQ5HrbU4AAAAAAAAAAAAAAQAAAQ.jpg,A_KQxIT7wL_kgAAAAAAAAAAAAAAQAAAQ.jpg,1,18,18
A_d1iSRoW_qgQAAAAAAAAAAAAAAQAAAQ.jpg,A_KNPtSqaKcSkAAAAAAAAAAAAAAQAAAQ.jpg,1,18,18
A_d1iSRoW_qgQAAAAAAAAAAAAAAQAAAQ.jpg,A_KQxIT7wL_kgAAAAAAAAAAAAAAQAAAQ.jpg,1,18,18
A_KNPtSqaKcSkAAAAAAAAAAAAAAQAAAQ.jpg,A_KQxIT7wL_kgAAAAAAAAAAAAAAQAAAQ.jpg,1,18,18
A_YlkgQbNnNSoAAAAAAAAAAAAAAQAAAQ.jpg,A_v-mDS7qZe7oAAAAAAAAAAAAAAQAAAQ.jpg,1,19,19
A_YlkgQbNnNSoAAAAAAAAAAAAAAQAAAQ.jpg,A_Tt6HTJdxA1kAAAAAAAAAAAAAAQAAAQ.jpg,1,19,19
A_YlkgQbNnNSoAAAAAAAAAAAAAAQAAAQ.jpg,A_PYU8Qr4rH5YAAAAAAAAAAAAAAQAAAQ.jpg,1,19,19
A_v-mDS7qZe7oAAAAAAAAAAAAAAQAAAQ.jpg,A_Tt6HTJdxA1kAAAAAAAAAAAAAAQAAAQ.jpg,1,19,19
A_v-mDS7qZe7oAAAAAAAAAAAAAAQAAAQ.jpg,A_PYU8Qr4rH5YAAAAAAAAAAAAAAQAAAQ.jpg,1,19,19
A_Tt6HTJdxA1kAAAAAAAAAAAAAAQAAAQ.jpg,A_PYU8Qr4rH5YAAAAAAAAAAAAAAQAAAQ.jpg,1,19,19
8Qwjp3LcQ3iDOb7i9kMsegAAACMAARAD.jpg,ejYUJjUrTHmLuE2JKdcsRgAAACMAARAD.jpg,1,20,20
8Qwjp3LcQ3iDOb7i9kMsegAAACMAARAD.jpg,WpudhUmPQtCbPSRoq9BnHgAAACMAARAD.jpg,1,20,20
8Qwjp3LcQ3iDOb7i9kMsegAAACMAARAD.jpg,WmmQfVkFSa6ES7uWWRqn-gAAACMAARAD.jpg,1,20,20
ejYUJjUrTHmLuE2JKdcsRgAAACMAARAD.jpg,WpudhUmPQtCbPSRoq9BnHgAAACMAARAD.jpg,1,20,20
ejYUJjUrTHmLuE2JKdcsRgAAACMAARAD.jpg,WmmQfVkFSa6ES7uWWRqn-gAAACMAARAD.jpg,1,20,20
WpudhUmPQtCbPSRoq9BnHgAAACMAARAD.jpg,WmmQfVkFSa6ES7uWWRqn-gAAACMAARAD.jpg,1,20,20
A_fDM3T7_Er0wAAAAAAAAAAAAAAQAAAQ.jpg,A_qK0OTL76_bMAAAAAAAAAAAAAAQAAAQ.jpg,1,21,21
A_fDM3T7_Er0wAAAAAAAAAAAAAAQAAAQ.jpg,A_FxEiTbFDhBMAAAAAAAAAAAAAAQAAAQ.jpg,1,21,21
A_fDM3T7_Er0wAAAAAAAAAAAAAAQAAAQ.jpg,A_GKxxTacH56QAAAAAAAAAAAAAAQAAAQ.jpg,1,21,21
A_qK0OTL76_bMAAAAAAAAAAAAAAQAAAQ.jpg,A_FxEiTbFDhBMAAAAAAAAAAAAAAQAAAQ.jpg,1,21,21
A_qK0OTL76_bMAAAAAAAAAAAAAAQAAAQ.jpg,A_GKxxTacH56QAAAAAAAAAAAAAAQAAAQ.jpg,1,21,21
A_FxEiTbFDhBMAAAAAAAAAAAAAAQAAAQ.jpg,A_GKxxTacH56QAAAAAAAAAAAAAAQAAAQ.jpg,1,21,21
O1CN018y9zNy1b2RyzTX0bZ_!!0-mtopupload.jpg,O1CN01FwhDIF1wj8peOpsqy_!!0-mtopupload.jpg,1,22,22
O1CN018y9zNy1b2RyzTX0bZ_!!0-mtopupload.jpg,O1CN01i3vtpY1iOA4ELUKNq_!!0-mtopupload.jpg,1,22,22
O1CN018y9zNy1b2RyzTX0bZ_!!0-mtopupload.jpg,O1CN017Zqu3U1WkLrs8drP0_!!0-mtopupload.jpg,1,22,22
O1CN01FwhDIF1wj8peOpsqy_!!0-mtopupload.jpg,O1CN01i3vtpY1iOA4ELUKNq_!!0-mtopupload.jpg,1,22,22
O1CN01FwhDIF1wj8peOpsqy_!!0-mtopupload.jpg,O1CN017Zqu3U1WkLrs8drP0_!!0-mtopupload.jpg,1,22,22
O1CN01i3vtpY1iOA4ELUKNq_!!0-mtopupload.jpg,O1CN017Zqu3U1WkLrs8drP0_!!0-mtopupload.jpg,1,22,22
A_DC12To5UBZwAAAAAAAAAAAAAAQAAAQ.jpg,A_vxNlQoSOcesAAAAAAAAAAAAAAQAAAQ.jpg,1,23,23
A_DC12To5UBZwAAAAAAAAAAAAAAQAAAQ.jpg,A_uMyGRoe6OD4AAAAAAAAAAAAAAQAAAQ.jpg,1,23,23
A_DC12To5UBZwAAAAAAAAAAAAAAQAAAQ.jpg,A_z0kCQr_tfJQAAAAAAAAAAAAAAQAAAQ.jpg,1,23,23
A_vxNlQoSOcesAAAAAAAAAAAAAAQAAAQ.jpg,A_uMyGRoe6OD4AAAAAAAAAAAAAAQAAAQ.jpg,1,23,23
A_vxNlQoSOcesAAAAAAAAAAAAAAQAAAQ.jpg,A_z0kCQr_tfJQAAAAAAAAAAAAAAQAAAQ.jpg,1,23,23
A_uMyGRoe6OD4AAAAAAAAAAAAAAQAAAQ.jpg,A_z0kCQr_tfJQAAAAAAAAAAAAAAQAAAQ.jpg,1,23,23
A_UIM0T5DUSJMAAAAAAAAAAAAAAQAAAQ.jpg,A_K0ldRalVubcAAAAAAAAAAAAAAQAAAQ.jpg,1,24,24
A_UIM0T5DUSJMAAAAAAAAAAAAAAQAAAQ.jpg,A_2DA2SZLf5vEAAAAAAAAAAAAAAQAAAQ.jpg,1,24,24
A_UIM0T5DUSJMAAAAAAAAAAAAAAQAAAQ.jpg,A_7HodQI2rtSUAAAAAAAAAAAAAAQAAAQ.jpg,1,24,24
A_K0ldRalVubcAAAAAAAAAAAAAAQAAAQ.jpg,A_2DA2SZLf5vEAAAAAAAAAAAAAAQAAAQ.jpg,1,24,24
A_K0ldRalVubcAAAAAAAAAAAAAAQAAAQ.jpg,A_7HodQI2rtSUAAAAAAAAAAAAAAQAAAQ.jpg,1,24,24
A_2DA2SZLf5vEAAAAAAAAAAAAAAQAAAQ.jpg,A_7HodQI2rtSUAAAAAAAAAAAAAAQAAAQ.jpg,1,24,24
A_M6rDSaJqguwAAAAAAAAAAAAAAQAAAQ.jpg,A_Kz9WTLtYMqQAAAAAAAAAAAAAAQAAAQ.jpg,1,25,25
A_M6rDSaJqguwAAAAAAAAAAAAAAQAAAQ.jpg,A_m8sWQpOHV-EAAAAAAAAAAAAAAQAAAQ.jpg,1,25,25
A_M6rDSaJqguwAAAAAAAAAAAAAAQAAAQ.jpg,A_g9o_RrSonkcAAAAAAAAAAAAAAQAAAQ.jpg,1,25,25
A_Kz9WTLtYMqQAAAAAAAAAAAAAAQAAAQ.jpg,A_m8sWQpOHV-EAAAAAAAAAAAAAAQAAAQ.jpg,1,25,25
A_Kz9WTLtYMqQAAAAAAAAAAAAAAQAAAQ.jpg,A_g9o_RrSonkcAAAAAAAAAAAAAAQAAAQ.jpg,1,25,25
A_m8sWQpOHV-EAAAAAAAAAAAAAAQAAAQ.jpg,A_g9o_RrSonkcAAAAAAAAAAAAAAQAAAQ.jpg,1,25,25
A_m-aWTY3Ot-AAAAAAAAAAAAAAAQAAAQ.jpg,A_qpwOTZvgL9EAAAAAAAAAAAAAAQAAAQ.jpg,1,26,26
A_m-aWTY3Ot-AAAAAAAAAAAAAAAQAAAQ.jpg,A_0fKgSYxegzcAAAAAAAAAAAAAAQAAAQ.jpg,1,26,26
A_m-aWTY3Ot-AAAAAAAAAAAAAAAQAAAQ.jpg,A_D9w_QbDG9s4AAAAAAAAAAAAAAQAAAQ.jpg,1,26,26
A_qpwOTZvgL9EAAAAAAAAAAAAAAQAAAQ.jpg,A_0fKgSYxegzcAAAAAAAAAAAAAAQAAAQ.jpg,1,26,26
A_qpwOTZvgL9EAAAAAAAAAAAAAAQAAAQ.jpg,A_D9w_QbDG9s4AAAAAAAAAAAAAAQAAAQ.jpg,1,26,26
A_0fKgSYxegzcAAAAAAAAAAAAAAQAAAQ.jpg,A_D9w_QbDG9s4AAAAAAAAAAAAAAQAAAQ.jpg,1,26,26
xwiaT4SHTLGOVAZCtHq9yQAAACMAARAD.jpg,FjU3DCiVRJi-p0oNR-tAGgAAACMAARAD.jpg,1,27,27
xwiaT4SHTLGOVAZCtHq9yQAAACMAARAD.jpg,ydJW6409RSKvBzpK1xzS0QAAACMAARAD.jpg,1,27,27
xwiaT4SHTLGOVAZCtHq9yQAAACMAARAD.jpg,fcg3fFELSXuinicx0-hYRQAAACMAARAD.jpg,1,27,27
FjU3DCiVRJi-p0oNR-tAGgAAACMAARAD.jpg,ydJW6409RSKvBzpK1xzS0QAAACMAARAD.jpg,1,27,27
FjU3DCiVRJi-p0oNR-tAGgAAACMAARAD.jpg,fcg3fFELSXuinicx0-hYRQAAACMAARAD.jpg,1,27,27
ydJW6409RSKvBzpK1xzS0QAAACMAARAD.jpg,fcg3fFELSXuinicx0-hYRQAAACMAARAD.jpg,1,27,27
A_naL1RJ86jCoAAAAAAAAAAAAAAQAAAQ.jpg,A_gPk9T4n_WewAAAAAAAAAAAAAAQAAAQ.jpg,1,28,28
A_naL1RJ86jCoAAAAAAAAAAAAAAQAAAQ.jpg,A_S8r-QoOdnNoAAAAAAAAAAAAAAQAAAQ.jpg,1,28,28
A_naL1RJ86jCoAAAAAAAAAAAAAAQAAAQ.jpg,A_T2lFRJy5a2gAAAAAAAAAAAAAAQAAAQ.jpg,1,28,28
A_gPk9T4n_WewAAAAAAAAAAAAAAQAAAQ.jpg,A_S8r-QoOdnNoAAAAAAAAAAAAAAQAAAQ.jpg,1,28,28
A_gPk9T4n_WewAAAAAAAAAAAAAAQAAAQ.jpg,A_T2lFRJy5a2gAAAAAAAAAAAAAAQAAAQ.jpg,1,28,28
A_S8r-QoOdnNoAAAAAAAAAAAAAAQAAAQ.jpg,A_T2lFRJy5a2gAAAAAAAAAAAAAAQAAAQ.jpg,1,28,28
A_A3vxSa7MGD4AAAAAAAAAAAAAAQAAAQ.jpg,A_Hp9BSaTeieAAAAAAAAAAAAAAAQAAAQ.jpg,1,29,29
A_A3vxSa7MGD4AAAAAAAAAAAAAAQAAAQ.jpg,A_sw55T7tdUW8AAAAAAAAAAAAAAQAAAQ.jpg,1,29,29
A_A3vxSa7MGD4AAAAAAAAAAAAAAQAAAQ.jpg,A__FI5Q5Jfi3EAAAAAAAAAAAAAAQAAAQ.jpg,1,29,29
A_Hp9BSaTeieAAAAAAAAAAAAAAAQAAAQ.jpg,A_sw55T7tdUW8AAAAAAAAAAAAAAQAAAQ.jpg,1,29,29
A_Hp9BSaTeieAAAAAAAAAAAAAAAQAAAQ.jpg,A__FI5Q5Jfi3EAAAAAAAAAAAAAAQAAAQ.jpg,1,29,29
A_sw55T7tdUW8AAAAAAAAAAAAAAQAAAQ.jpg,A__FI5Q5Jfi3EAAAAAAAAAAAAAAQAAAQ.jpg,1,29,29
A_1328TKphdQgAAAAAAAAAAAAAAQAAAQ.jpg,A_87ZNTKwrTcYAAAAAAAAAAAAAAQAAAQ.jpg,1,30,30
A_1328TKphdQgAAAAAAAAAAAAAAQAAAQ.jpg,A_GIwlTbJGP0EAAAAAAAAAAAAAAQAAAQ.jpg,1,30,30
A_1328TKphdQgAAAAAAAAAAAAAAQAAAQ.jpg,A_juPfTZQWNPEAAAAAAAAAAAAAAQAAAQ.jpg,1,30,30
A_87ZNTKwrTcYAAAAAAAAAAAAAAQAAAQ.jpg,A_GIwlTbJGP0EAAAAAAAAAAAAAAQAAAQ.jpg,1,30,30
A_87ZNTKwrTcYAAAAAAAAAAAAAAQAAAQ.jpg,A_juPfTZQWNPEAAAAAAAAAAAAAAQAAAQ.jpg,1,30,30
A_GIwlTbJGP0EAAAAAAAAAAAAAAQAAAQ.jpg,A_juPfTZQWNPEAAAAAAAAAAAAAAQAAAQ.jpg,1,30,30
A_7WinQJg-1OcAAAAAAAAAAAAAAQAAAQ.jpg,A_HTNURIoNl30AAAAAAAAAAAAAAQAAAQ.jpg,1,31,31
A_7WinQJg-1OcAAAAAAAAAAAAAAQAAAQ.jpg,A_l-VLRK4I89oAAAAAAAAAAAAAAQAAAQ.jpg,1,31,31
A_7WinQJg-1OcAAAAAAAAAAAAAAQAAAQ.jpg,A_YOLjSLCb05sAAAAAAAAAAAAAAQAAAQ.jpg,1,31,31
A_HTNURIoNl30AAAAAAAAAAAAAAQAAAQ.jpg,A_l-VLRK4I89oAAAAAAAAAAAAAAQAAAQ.jpg,1,31,31
A_HTNURIoNl30AAAAAAAAAAAAAAQAAAQ.jpg,A_YOLjSLCb05sAAAAAAAAAAAAAAQAAAQ.jpg,1,31,31
A_l-VLRK4I89oAAAAAAAAAAAAAAQAAAQ.jpg,A_YOLjSLCb05sAAAAAAAAAAAAAAQAAAQ.jpg,1,31,31
A_9rUXTan94pAAAAAAAAAAAAAAAQAAAQ.jpg,A_OkeCQptuOYkAAAAAAAAAAAAAAQAAAQ.jpg,1,32,32
A_9rUXTan94pAAAAAAAAAAAAAAAQAAAQ.jpg,A_kQDWQJm3qKQAAAAAAAAAAAAAAQAAAQ.jpg,1,32,32
A_9rUXTan94pAAAAAAAAAAAAAAAQAAAQ.jpg,A_aU59RJLl9L4AAAAAAAAAAAAAAQAAAQ.jpg,1,32,32
A_OkeCQptuOYkAAAAAAAAAAAAAAQAAAQ.jpg,A_kQDWQJm3qKQAAAAAAAAAAAAAAQAAAQ.jpg,1,32,32
A_OkeCQptuOYkAAAAAAAAAAAAAAQAAAQ.jpg,A_aU59RJLl9L4AAAAAAAAAAAAAAQAAAQ.jpg,1,32,32
A_kQDWQJm3qKQAAAAAAAAAAAAAAQAAAQ.jpg,A_aU59RJLl9L4AAAAAAAAAAAAAAQAAAQ.jpg,1,32,32
A_A17DRrV-btsAAAAAAAAAAAAAAQAAAQ.jpg,A_KtrxQJE_sIMAAAAAAAAAAAAAAQAAAQ.jpg,1,33,33
A_A17DRrV-btsAAAAAAAAAAAAAAQAAAQ.jpg,A_2f4ZRqel34oAAAAAAAAAAAAAAQAAAQ.jpg,1,33,33
A_A17DRrV-btsAAAAAAAAAAAAAAQAAAQ.jpg,A_d-HpRbQdU1YAAAAAAAAAAAAAAQAAAQ.jpg,1,33,33
A_KtrxQJE_sIMAAAAAAAAAAAAAAQAAAQ.jpg,A_2f4ZRqel34oAAAAAAAAAAAAAAQAAAQ.jpg,1,33,33
A_KtrxQJE_sIMAAAAAAAAAAAAAAQAAAQ.jpg,A_d-HpRbQdU1YAAAAAAAAAAAAAAQAAAQ.jpg,1,33,33
A_2f4ZRqel34oAAAAAAAAAAAAAAQAAAQ.jpg,A_d-HpRbQdU1YAAAAAAAAAAAAAAQAAAQ.jpg,1,33,33
A_-6tiTb6_VSoAAAAAAAAAAAAAAQAAAQ.jpg,A_DV2SR5jhC0wAAAAAAAAAAAAAAQAAAQ.jpg,1,34,34
A_-6tiTb6_VSoAAAAAAAAAAAAAAQAAAQ.jpg,A_cY_dQKTxLZIAAAAAAAAAAAAAAQAAAQ.jpg,1,34,34
A_-6tiTb6_VSoAAAAAAAAAAAAAAQAAAQ.jpg,A_ZBuhRJ_erngAAAAAAAAAAAAAAQAAAQ.jpg,1,34,34
A_DV2SR5jhC0wAAAAAAAAAAAAAAQAAAQ.jpg,A_cY_dQKTxLZIAAAAAAAAAAAAAAQAAAQ.jpg,1,34,34
A_DV2SR5jhC0wAAAAAAAAAAAAAAQAAAQ.jpg,A_ZBuhRJ_erngAAAAAAAAAAAAAAQAAAQ.jpg,1,34,34
A_cY_dQKTxLZIAAAAAAAAAAAAAAQAAAQ.jpg,A_ZBuhRJ_erngAAAAAAAAAAAAAAQAAAQ.jpg,1,34,34
A_PQ-mQpRZPwgAAAAAAAAAAAAAAQAAAQ.jpg,A_ey1NQqwj2xkAAAAAAAAAAAAAAQAAAQ.jpg,1,35,35
A_PQ-mQpRZPwgAAAAAAAAAAAAAAQAAAQ.jpg,A_qr-cQJhu1vcAAAAAAAAAAAAAAQAAAQ.jpg,1,35,35
A_PQ-mQpRZPwgAAAAAAAAAAAAAAQAAAQ.jpg,A_GNYnToAhNA8AAAAAAAAAAAAAAQAAAQ.jpg,1,35,35
A_ey1NQqwj2xkAAAAAAAAAAAAAAQAAAQ.jpg,A_qr-cQJhu1vcAAAAAAAAAAAAAAQAAAQ.jpg,1,35,35
A_ey1NQqwj2xkAAAAAAAAAAAAAAQAAAQ.jpg,A_GNYnToAhNA8AAAAAAAAAAAAAAQAAAQ.jpg,1,35,35
A_qr-cQJhu1vcAAAAAAAAAAAAAAQAAAQ.jpg,A_GNYnToAhNA8AAAAAAAAAAAAAAQAAAQ.jpg,1,35,35
A_6KB1R5-AhUgAAAAAAAAAAAAAAQAAAQ.jpg,A_DJoqQr7L5-IAAAAAAAAAAAAAAQAAAQ.jpg,1,36,36
A_6KB1R5-AhUgAAAAAAAAAAAAAAQAAAQ.jpg,A_0MTNRpRpwNIAAAAAAAAAAAAAAQAAAQ.jpg,1,36,36
A_6KB1R5-AhUgAAAAAAAAAAAAAAQAAAQ.jpg,A_S4LDTLYmuK0AAAAAAAAAAAAAAQAAAQ.jpg,1,36,36
A_DJoqQr7L5-IAAAAAAAAAAAAAAQAAAQ.jpg,A_0MTNRpRpwNIAAAAAAAAAAAAAAQAAAQ.jpg,1,36,36
A_DJoqQr7L5-IAAAAAAAAAAAAAAQAAAQ.jpg,A_S4LDTLYmuK0AAAAAAAAAAAAAAQAAAQ.jpg,1,36,36
A_0MTNRpRpwNIAAAAAAAAAAAAAAQAAAQ.jpg,A_S4LDTLYmuK0AAAAAAAAAAAAAAQAAAQ.jpg,1,36,36
A_60h2TaONPo8AAAAAAAAAAAAAAQAAAQ.jpg,A_nwlKT4igLyQAAAAAAAAAAAAAAQAAAQ.jpg,1,37,37
A_60h2TaONPo8AAAAAAAAAAAAAAQAAAQ.jpg,A_Dl-rQYisXAQAAAAAAAAAAAAAAQAAAQ.jpg,1,37,37
A_60h2TaONPo8AAAAAAAAAAAAAAQAAAQ.jpg,A_Urt9TpyTclsAAAAAAAAAAAAAAQAAAQ.jpg,1,37,37
A_nwlKT4igLyQAAAAAAAAAAAAAAQAAAQ.jpg,A_Dl-rQYisXAQAAAAAAAAAAAAAAQAAAQ.jpg,1,37,37
A_nwlKT4igLyQAAAAAAAAAAAAAAQAAAQ.jpg,A_Urt9TpyTclsAAAAAAAAAAAAAAQAAAQ.jpg,1,37,37
A_Dl-rQYisXAQAAAAAAAAAAAAAAQAAAQ.jpg,A_Urt9TpyTclsAAAAAAAAAAAAAAQAAAQ.jpg,1,37,37
A_zSt_TZGlWdoAAAAAAAAAAAAAAQAAAQ.jpg,A_96HDTpXfEp0AAAAAAAAAAAAAAQAAAQ.jpg,1,38,38
A_zSt_TZGlWdoAAAAAAAAAAAAAAQAAAQ.jpg,A_6DRKTb5hhmYAAAAAAAAAAAAAAQAAAQ.jpg,1,38,38
A_zSt_TZGlWdoAAAAAAAAAAAAAAQAAAQ.jpg,A_wpTZRJrKEPsAAAAAAAAAAAAAAQAAAQ.jpg,1,38,38
A_96HDTpXfEp0AAAAAAAAAAAAAAQAAAQ.jpg,A_6DRKTb5hhmYAAAAAAAAAAAAAAQAAAQ.jpg,1,38,38
A_96HDTpXfEp0AAAAAAAAAAAAAAQAAAQ.jpg,A_wpTZRJrKEPsAAAAAAAAAAAAAAQAAAQ.jpg,1,38,38
A_6DRKTb5hhmYAAAAAAAAAAAAAAQAAAQ.jpg,A_wpTZRJrKEPsAAAAAAAAAAAAAAQAAAQ.jpg,1,38,38
A_tFWpS7wqAh0AAAAAAAAAAAAAAQAAAQ.jpg,A_cHCiQbPdurUAAAAAAAAAAAAAAQAAAQ.jpg,1,39,39
A_tFWpS7wqAh0AAAAAAAAAAAAAAQAAAQ.jpg,A_DOZRQIHcpw0AAAAAAAAAAAAAAQAAAQ.jpg,1,39,39
A_tFWpS7wqAh0AAAAAAAAAAAAAAQAAAQ.jpg,A_pO8kQqJBt3EAAAAAAAAAAAAAAQAAAQ.jpg,1,39,39
A_cHCiQbPdurUAAAAAAAAAAAAAAQAAAQ.jpg,A_DOZRQIHcpw0AAAAAAAAAAAAAAQAAAQ.jpg,1,39,39
A_cHCiQbPdurUAAAAAAAAAAAAAAQAAAQ.jpg,A_pO8kQqJBt3EAAAAAAAAAAAAAAQAAAQ.jpg,1,39,39
A_DOZRQIHcpw0AAAAAAAAAAAAAAQAAAQ.jpg,A_pO8kQqJBt3EAAAAAAAAAAAAAAQAAAQ.jpg,1,39,39
A_Hn4STI9pSQMAAAAAAAAAAAAAAQAAAQ.jpg,A_l7TnSbKoau8AAAAAAAAAAAAAAQAAAQ.jpg,1,40,40
A_Hn4STI9pSQMAAAAAAAAAAAAAAQAAAQ.jpg,A_h4c5Sad3a7IAAAAAAAAAAAAAAQAAAQ.jpg,1,40,40
A_Hn4STI9pSQMAAAAAAAAAAAAAAQAAAQ.jpg,A_gceJT5IcfZ4AAAAAAAAAAAAAAQAAAQ.jpg,1,40,40
A_l7TnSbKoau8AAAAAAAAAAAAAAQAAAQ.jpg,A_h4c5Sad3a7IAAAAAAAAAAAAAAQAAAQ.jpg,1,40,40
A_l7TnSbKoau8AAAAAAAAAAAAAAQAAAQ.jpg,A_gceJT5IcfZ4AAAAAAAAAAAAAAQAAAQ.jpg,1,40,40
A_h4c5Sad3a7IAAAAAAAAAAAAAAQAAAQ.jpg,A_gceJT5IcfZ4AAAAAAAAAAAAAAQAAAQ.jpg,1,40,40
A_VKWZTI04Y7wAAAAAAAAAAAAAAQAAAQ.jpg,A_RDX7SYBqMVwAAAAAAAAAAAAAAQAAAQ.jpg,1,41,41
A_VKWZTI04Y7wAAAAAAAAAAAAAAQAAAQ.jpg,A_eQMGQYpNRSIAAAAAAAAAAAAAAQAAAQ.jpg,1,41,41
A_VKWZTI04Y7wAAAAAAAAAAAAAAQAAAQ.jpg,A_gh7QT5Mx8uUAAAAAAAAAAAAAAQAAAQ.jpg,1,41,41
A_RDX7SYBqMVwAAAAAAAAAAAAAAQAAAQ.jpg,A_eQMGQYpNRSIAAAAAAAAAAAAAAQAAAQ.jpg,1,41,41
A_RDX7SYBqMVwAAAAAAAAAAAAAAQAAAQ.jpg,A_gh7QT5Mx8uUAAAAAAAAAAAAAAQAAAQ.jpg,1,41,41
A_eQMGQYpNRSIAAAAAAAAAAAAAAQAAAQ.jpg,A_gh7QT5Mx8uUAAAAAAAAAAAAAAQAAAQ.jpg,1,41,41
A_X-X-Tq1BLFsAAAAAAAAAAAAAAQAAAQ.jpg,A_UM9FRqczn4sAAAAAAAAAAAAAAQAAAQ.jpg,1,42,42
A_X-X-Tq1BLFsAAAAAAAAAAAAAAQAAAQ.jpg,A_SE5MTp9TUMsAAAAAAAAAAAAAAQAAAQ.jpg,1,42,42
A_X-X-Tq1BLFsAAAAAAAAAAAAAAQAAAQ.jpg,A_FOOWRLdgH6EAAAAAAAAAAAAAAQAAAQ.jpg,1,42,42
A_UM9FRqczn4sAAAAAAAAAAAAAAQAAAQ.jpg,A_SE5MTp9TUMsAAAAAAAAAAAAAAQAAAQ.jpg,1,42,42
A_UM9FRqczn4sAAAAAAAAAAAAAAQAAAQ.jpg,A_FOOWRLdgH6EAAAAAAAAAAAAAAQAAAQ.jpg,1,42,42
A_SE5MTp9TUMsAAAAAAAAAAAAAAQAAAQ.jpg,A_FOOWRLdgH6EAAAAAAAAAAAAAAQAAAQ.jpg,1,42,42
A_HeLsQKQMu50AAAAAAAAAAAAAAQAAAQ.jpg,A_BA6tQ66OKSUAAAAAAAAAAAAAAQAAAQ.jpg,1,43,43
A_HeLsQKQMu50AAAAAAAAAAAAAAQAAAQ.jpg,A_dej1SoczgZ0AAAAAAAAAAAAAAQAAAQ.jpg,1,43,43
A_HeLsQKQMu50AAAAAAAAAAAAAAQAAAQ.jpg,A_atr-Q7oa0ywAAAAAAAAAAAAAAQAAAQ.jpg,1,43,43
A_BA6tQ66OKSUAAAAAAAAAAAAAAQAAAQ.jpg,A_dej1SoczgZ0AAAAAAAAAAAAAAQAAAQ.jpg,1,43,43
A_BA6tQ66OKSUAAAAAAAAAAAAAAQAAAQ.jpg,A_atr-Q7oa0ywAAAAAAAAAAAAAAQAAAQ.jpg,1,43,43
A_dej1SoczgZ0AAAAAAAAAAAAAAQAAAQ.jpg,A_atr-Q7oa0ywAAAAAAAAAAAAAAQAAAQ.jpg,1,43,43
A_qL1DQ52JFAsAAAAAAAAAAAAAAQAAAQ.jpg,A_J-7MTKEefysAAAAAAAAAAAAAAQAAAQ.jpg,1,44,44
A_qL1DQ52JFAsAAAAAAAAAAAAAAQAAAQ.jpg,A_UVLcS7GdN0sAAAAAAAAAAAAAAQAAAQ.jpg,1,44,44
A_qL1DQ52JFAsAAAAAAAAAAAAAAQAAAQ.jpg,A_srDSRYqJNiUAAAAAAAAAAAAAAQAAAQ.jpg,1,44,44
A_J-7MTKEefysAAAAAAAAAAAAAAQAAAQ.jpg,A_UVLcS7GdN0sAAAAAAAAAAAAAAQAAAQ.jpg,1,44,44
A_J-7MTKEefysAAAAAAAAAAAAAAQAAAQ.jpg,A_srDSRYqJNiUAAAAAAAAAAAAAAQAAAQ.jpg,1,44,44
A_UVLcS7GdN0sAAAAAAAAAAAAAAQAAAQ.jpg,A_srDSRYqJNiUAAAAAAAAAAAAAAQAAAQ.jpg,1,44,44
A_bBofSp4thsQAAAAAAAAAAAAAAQAAAQ.jpg,A_6CUMTK6sWtwAAAAAAAAAAAAAAQAAAQ.jpg,1,45,45
A_bBofSp4thsQAAAAAAAAAAAAAAQAAAQ.jpg,A_dIlQSIobnFAAAAAAAAAAAAAAAQAAAQ.jpg,1,45,45
A_bBofSp4thsQAAAAAAAAAAAAAAQAAAQ.jpg,A_DsowTrYbJyAAAAAAAAAAAAAAAQAAAQ.jpg,1,45,45
A_6CUMTK6sWtwAAAAAAAAAAAAAAQAAAQ.jpg,A_dIlQSIobnFAAAAAAAAAAAAAAAQAAAQ.jpg,1,45,45
A_6CUMTK6sWtwAAAAAAAAAAAAAAQAAAQ.jpg,A_DsowTrYbJyAAAAAAAAAAAAAAAQAAAQ.jpg,1,45,45
A_dIlQSIobnFAAAAAAAAAAAAAAAQAAAQ.jpg,A_DsowTrYbJyAAAAAAAAAAAAAAAQAAAQ.jpg,1,45,45
A_GhJrQqvVGfAAAAAAAAAAAAAAAQAAAQ.jpg,A_EVAPRrwpj30AAAAAAAAAAAAAAQAAAQ.jpg,1,46,46
A_GhJrQqvVGfAAAAAAAAAAAAAAAQAAAQ.jpg,A_EtEwQb8aGLUAAAAAAAAAAAAAAQAAAQ.jpg,1,46,46
A_GhJrQqvVGfAAAAAAAAAAAAAAAQAAAQ.jpg,A_rdsOTar7H-kAAAAAAAAAAAAAAQAAAQ.jpg,1,46,46
A_EVAPRrwpj30AAAAAAAAAAAAAAQAAAQ.jpg,A_EtEwQb8aGLUAAAAAAAAAAAAAAQAAAQ.jpg,1,46,46
A_EVAPRrwpj30AAAAAAAAAAAAAAQAAAQ.jpg,A_rdsOTar7H-kAAAAAAAAAAAAAAQAAAQ.jpg,1,46,46
A_EtEwQb8aGLUAAAAAAAAAAAAAAQAAAQ.jpg,A_rdsOTar7H-kAAAAAAAAAAAAAAQAAAQ.jpg,1,46,46
A_iHgnS6_U93kAAAAAAAAAAAAAAQAAAQ.jpg,A_SD6EQ6H3_WcAAAAAAAAAAAAAAQAAAQ.jpg,1,47,47
A_iHgnS6_U93kAAAAAAAAAAAAAAQAAAQ.jpg,A_ZovJRIoln2wAAAAAAAAAAAAAAQAAAQ.jpg,1,47,47
A_iHgnS6_U93kAAAAAAAAAAAAAAQAAAQ.jpg,A_Zt9yT7lqoQMAAAAAAAAAAAAAAQAAAQ.jpg,1,47,47
A_SD6EQ6H3_WcAAAAAAAAAAAAAAQAAAQ.jpg,A_ZovJRIoln2wAAAAAAAAAAAAAAQAAAQ.jpg,1,47,47
A_SD6EQ6H3_WcAAAAAAAAAAAAAAQAAAQ.jpg,A_Zt9yT7lqoQMAAAAAAAAAAAAAAQAAAQ.jpg,1,47,47
A_ZovJRIoln2wAAAAAAAAAAAAAAQAAAQ.jpg,A_Zt9yT7lqoQMAAAAAAAAAAAAAAQAAAQ.jpg,1,47,47
A_QQwbSY54pOsAAAAAAAAAAAAAAQAAAQ.jpg,A_TRvMSK9h_7YAAAAAAAAAAAAAAQAAAQ.jpg,1,48,48
A_QQwbSY54pOsAAAAAAAAAAAAAAQAAAQ.jpg,A_y0pUQad8WowAAAAAAAAAAAAAAQAAAQ.jpg,1,48,48
A_QQwbSY54pOsAAAAAAAAAAAAAAQAAAQ.jpg,A_Yr4LQpnqCAEAAAAAAAAAAAAAAQAAAQ.jpg,1,48,48
A_TRvMSK9h_7YAAAAAAAAAAAAAAQAAAQ.jpg,A_y0pUQad8WowAAAAAAAAAAAAAAQAAAQ.jpg,1,48,48
A_TRvMSK9h_7YAAAAAAAAAAAAAAQAAAQ.jpg,A_Yr4LQpnqCAEAAAAAAAAAAAAAAQAAAQ.jpg,1,48,48
A_y0pUQad8WowAAAAAAAAAAAAAAQAAAQ.jpg,A_Yr4LQpnqCAEAAAAAAAAAAAAAAQAAAQ.jpg,1,48,48
A_2wBqTpzmeL3VldlEs7raLQAAAQAAAQ.jpg,A_9FlLRZb9wXUAAAAAAAAAAAAAAQAAAQ.jpg,1,49,49
A_2wBqTpzmeL3VldlEs7raLQAAAQAAAQ.jpg,A_ab2UR5VE8pYAAAAAAAAAAAAAAQAAAQ.jpg,1,49,49
A_2wBqTpzmeL3VldlEs7raLQAAAQAAAQ.jpg,A_VNPxS4voAo4AAAAAAAAAAAAAAQAAAQ.jpg,1,49,49
A_9FlLRZb9wXUAAAAAAAAAAAAAAQAAAQ.jpg,A_ab2UR5VE8pYAAAAAAAAAAAAAAQAAAQ.jpg,1,49,49
A_9FlLRZb9wXUAAAAAAAAAAAAAAQAAAQ.jpg,A_VNPxS4voAo4AAAAAAAAAAAAAAQAAAQ.jpg,1,49,49
A_ab2UR5VE8pYAAAAAAAAAAAAAAQAAAQ.jpg,A_VNPxS4voAo4AAAAAAAAAAAAAAQAAAQ.jpg,1,49,49
A_-bJ-Q4552o0AAAAAAAAAAAAAAQAAAQ.jpg,A__DuWR5Z1Kp8AAAAAAAAAAAAAAQAAAQ.jpg,1,50,50
A_-bJ-Q4552o0AAAAAAAAAAAAAAQAAAQ.jpg,A_WBiBQpmmEtAAAAAAAAAAAAAAAQAAAQ.jpg,1,50,50
A_-bJ-Q4552o0AAAAAAAAAAAAAAQAAAQ.jpg,A_W-xaT78i22MAAAAAAAAAAAAAAQAAAQ.jpg,1,50,50
A__DuWR5Z1Kp8AAAAAAAAAAAAAAQAAAQ.jpg,A_WBiBQpmmEtAAAAAAAAAAAAAAAQAAAQ.jpg,1,50,50
A__DuWR5Z1Kp8AAAAAAAAAAAAAAQAAAQ.jpg,A_W-xaT78i22MAAAAAAAAAAAAAAQAAAQ.jpg,1,50,50
A_WBiBQpmmEtAAAAAAAAAAAAAAAQAAAQ.jpg,A_W-xaT78i22MAAAAAAAAAAAAAAQAAAQ.jpg,1,50,50
A_OuUyQI8epH8AAAAAAAAAAAAAAQAAAQ.jpg,A_8hQJTq1WHRsAAAAAAAAAAAAAAQAAAQ.jpg,1,51,51
A_OuUyQI8epH8AAAAAAAAAAAAAAQAAAQ.jpg,A_5aAtRZYw7_wAAAAAAAAAAAAAAQAAAQ.jpg,1,51,51
A_OuUyQI8epH8AAAAAAAAAAAAAAQAAAQ.jpg,A_MVpnTJIllNYAAAAAAAAAAAAAAQAAAQ.jpg,1,51,51
A_8hQJTq1WHRsAAAAAAAAAAAAAAQAAAQ.jpg,A_5aAtRZYw7_wAAAAAAAAAAAAAAQAAAQ.jpg,1,51,51
A_8hQJTq1WHRsAAAAAAAAAAAAAAQAAAQ.jpg,A_MVpnTJIllNYAAAAAAAAAAAAAAQAAAQ.jpg,1,51,51
A_5aAtRZYw7_wAAAAAAAAAAAAAAQAAAQ.jpg,A_MVpnTJIllNYAAAAAAAAAAAAAAQAAAQ.jpg,1,51,51
gpZWgwFPRP-Iq02OHwMZPgAAACMAARAD.jpg,A_cutQQr13fwsAAAAAAAAAAAAAAQAAAQ.jpg,1,52,52
gpZWgwFPRP-Iq02OHwMZPgAAACMAARAD.jpg,A_Uh4ZRZjAbOAAAAAAAAAAAAAAAQAAAQ.jpg,1,52,52
gpZWgwFPRP-Iq02OHwMZPgAAACMAARAD.jpg,4AGq8NKSRuOp1uokfOiJnwAAACMAARAD.jpg,1,52,52
A_cutQQr13fwsAAAAAAAAAAAAAAQAAAQ.jpg,A_Uh4ZRZjAbOAAAAAAAAAAAAAAAQAAAQ.jpg,1,52,52
A_cutQQr13fwsAAAAAAAAAAAAAAQAAAQ.jpg,4AGq8NKSRuOp1uokfOiJnwAAACMAARAD.jpg,1,52,52
A_Uh4ZRZjAbOAAAAAAAAAAAAAAAQAAAQ.jpg,4AGq8NKSRuOp1uokfOiJnwAAACMAARAD.jpg,1,52,52
A_GpPxSZ7FJvMAAAAAAAAAAAAAAQAAAQ.jpg,A_HBC_SqXcNasAAAAAAAAAAAAAAQAAAQ.jpg,1,53,53
A_GpPxSZ7FJvMAAAAAAAAAAAAAAQAAAQ.jpg,A_rIp5QoMBGOQAAAAAAAAAAAAAAQAAAQ.jpg,1,53,53
A_GpPxSZ7FJvMAAAAAAAAAAAAAAQAAAQ.jpg,A_8MxtS7nrx5oAAAAAAAAAAAAAAQAAAQ.jpg,1,53,53
A_HBC_SqXcNasAAAAAAAAAAAAAAQAAAQ.jpg,A_rIp5QoMBGOQAAAAAAAAAAAAAAQAAAQ.jpg,1,53,53
A_HBC_SqXcNasAAAAAAAAAAAAAAQAAAQ.jpg,A_8MxtS7nrx5oAAAAAAAAAAAAAAQAAAQ.jpg,1,53,53
A_rIp5QoMBGOQAAAAAAAAAAAAAAQAAAQ.jpg,A_8MxtS7nrx5oAAAAAAAAAAAAAAQAAAQ.jpg,1,53,53
Sz6t1kxuSjqrB9PpBED6oAAAACMAARED.jpg,EIpoK14ATmCiS-H_pM6kvAAAACMAARAD.jpg,1,54,54
Sz6t1kxuSjqrB9PpBED6oAAAACMAARED.jpg,4zN2JMNhQYWDS2AtX0u64wAAACMAARAD.jpg,1,54,54
Sz6t1kxuSjqrB9PpBED6oAAAACMAARED.jpg,2G8MIAaDRluIS-ucQOWdigAAACMAARAD.jpg,1,54,54
EIpoK14ATmCiS-H_pM6kvAAAACMAARAD.jpg,4zN2JMNhQYWDS2AtX0u64wAAACMAARAD.jpg,1,54,54
EIpoK14ATmCiS-H_pM6kvAAAACMAARAD.jpg,2G8MIAaDRluIS-ucQOWdigAAACMAARAD.jpg,1,54,54
4zN2JMNhQYWDS2AtX0u64wAAACMAARAD.jpg,2G8MIAaDRluIS-ucQOWdigAAACMAARAD.jpg,1,54,54
A_lUxgRJaTT48AAAAAAAAAAAAAAQAAAQ.jpg,A_mcPlS6cWS-wAAAAAAAAAAAAAAQAAAQ.jpg,1,55,55
A_lUxgRJaTT48AAAAAAAAAAAAAAQAAAQ.jpg,A_GGwZR7_S7yYAAAAAAAAAAAAAAQAAAQ.jpg,1,55,55
A_lUxgRJaTT48AAAAAAAAAAAAAAQAAAQ.jpg,A_B70bT5SypHUAAAAAAAAAAAAAAQAAAQ.jpg,1,55,55
A_mcPlS6cWS-wAAAAAAAAAAAAAAQAAAQ.jpg,A_GGwZR7_S7yYAAAAAAAAAAAAAAQAAAQ.jpg,1,55,55
A_mcPlS6cWS-wAAAAAAAAAAAAAAQAAAQ.jpg,A_B70bT5SypHUAAAAAAAAAAAAAAQAAAQ.jpg,1,55,55
A_GGwZR7_S7yYAAAAAAAAAAAAAAQAAAQ.jpg,A_B70bT5SypHUAAAAAAAAAAAAAAQAAAQ.jpg,1,55,55
55fo6TlLS8mFijkrYINs0AAAACMAARAD.jpg,dE5D0FnIS42ZuBi1OUZO3AAAACMAARAD.jpg,1,56,56
55fo6TlLS8mFijkrYINs0AAAACMAARAD.jpg,dNTm6a6ZQU-tMrEpqKmLXwAAACMAARAD.jpg,1,56,56
55fo6TlLS8mFijkrYINs0AAAACMAARAD.jpg,I-4jbqVlSyeXyWm3u8uXGQAAACMAARAD.jpg,1,56,56
dE5D0FnIS42ZuBi1OUZO3AAAACMAARAD.jpg,dNTm6a6ZQU-tMrEpqKmLXwAAACMAARAD.jpg,1,56,56
dE5D0FnIS42ZuBi1OUZO3AAAACMAARAD.jpg,I-4jbqVlSyeXyWm3u8uXGQAAACMAARAD.jpg,1,56,56
dNTm6a6ZQU-tMrEpqKmLXwAAACMAARAD.jpg,I-4jbqVlSyeXyWm3u8uXGQAAACMAARAD.jpg,1,56,56
A_r8U0Tp2-P0MAAAAAAAAAAAAAAQAAAQ.jpg,A_EvDCT75_gY4AAAAAAAAAAAAAAQAAAQ.jpg,1,57,57
A_r8U0Tp2-P0MAAAAAAAAAAAAAAQAAAQ.jpg,A_IOFuS4ljD_MAAAAAAAAAAAAAAQAAAQ.jpg,1,57,57
A_r8U0Tp2-P0MAAAAAAAAAAAAAAQAAAQ.jpg,A_Ej53QIThr-wAAAAAAAAAAAAAAQAAAQ.jpg,1,57,57
A_EvDCT75_gY4AAAAAAAAAAAAAAQAAAQ.jpg,A_IOFuS4ljD_MAAAAAAAAAAAAAAQAAAQ.jpg,1,57,57
A_EvDCT75_gY4AAAAAAAAAAAAAAQAAAQ.jpg,A_Ej53QIThr-wAAAAAAAAAAAAAAQAAAQ.jpg,1,57,57
A_IOFuS4ljD_MAAAAAAAAAAAAAAQAAAQ.jpg,A_Ej53QIThr-wAAAAAAAAAAAAAAQAAAQ.jpg,1,57,57
A_oIudQY-doeoAAAAAAAAAAAAAAQAAAQ.jpg,A_w8x7SaCEWdkAAAAAAAAAAAAAAQAAAQ.jpg,1,58,58
A_oIudQY-doeoAAAAAAAAAAAAAAQAAAQ.jpg,A_9EM2TajlqXoAAAAAAAAAAAAAAQAAAQ.jpg,1,58,58
A_oIudQY-doeoAAAAAAAAAAAAAAQAAAQ.jpg,A_dfRbQI26OtwAAAAAAAAAAAAAAQAAAQ.jpg,1,58,58
A_w8x7SaCEWdkAAAAAAAAAAAAAAQAAAQ.jpg,A_9EM2TajlqXoAAAAAAAAAAAAAAQAAAQ.jpg,1,58,58
A_w8x7SaCEWdkAAAAAAAAAAAAAAQAAAQ.jpg,A_dfRbQI26OtwAAAAAAAAAAAAAAQAAAQ.jpg,1,58,58
A_9EM2TajlqXoAAAAAAAAAAAAAAQAAAQ.jpg,A_dfRbQI26OtwAAAAAAAAAAAAAAQAAAQ.jpg,1,58,58
A_uFYOR6hS8Q8AAAAAAAAAAAAAAQAAAQ.jpg,A_MfvYSISsOaYAAAAAAAAAAAAAAQAAAQ.jpg,1,59,59
A_uFYOR6hS8Q8AAAAAAAAAAAAAAQAAAQ.jpg,A_3R5AT4k8aW0AAAAAAAAAAAAAAQAAAQ.jpg,1,59,59
A_uFYOR6hS8Q8AAAAAAAAAAAAAAQAAAQ.jpg,A_19KTRKsU1bgAAAAAAAAAAAAAAQAAAQ.jpg,1,59,59
A_MfvYSISsOaYAAAAAAAAAAAAAAQAAAQ.jpg,A_3R5AT4k8aW0AAAAAAAAAAAAAAQAAAQ.jpg,1,59,59
A_MfvYSISsOaYAAAAAAAAAAAAAAQAAAQ.jpg,A_19KTRKsU1bgAAAAAAAAAAAAAAQAAAQ.jpg,1,59,59
A_3R5AT4k8aW0AAAAAAAAAAAAAAQAAAQ.jpg,A_19KTRKsU1bgAAAAAAAAAAAAAAQAAAQ.jpg,1,59,59
A_krhJT7X9SC0AAAAAAAAAAAAAAQAAAQ.jpg,A_IMTVR4woMBkAAAAAAAAAAAAAAQAAAQ.jpg,1,60,60
A_krhJT7X9SC0AAAAAAAAAAAAAAQAAAQ.jpg,A_YQOgTaaY1XgAAAAAAAAAAAAAAQAAAQ.jpg,1,60,60
A_krhJT7X9SC0AAAAAAAAAAAAAAQAAAQ.jpg,A_mtcjT5-8fxIAAAAAAAAAAAAAAQAAAQ.jpg,1,60,60
A_IMTVR4woMBkAAAAAAAAAAAAAAQAAAQ.jpg,A_YQOgTaaY1XgAAAAAAAAAAAAAAQAAAQ.jpg,1,60,60
A_IMTVR4woMBkAAAAAAAAAAAAAAQAAAQ.jpg,A_mtcjT5-8fxIAAAAAAAAAAAAAAQAAAQ.jpg,1,60,60
A_YQOgTaaY1XgAAAAAAAAAAAAAAQAAAQ.jpg,A_mtcjT5-8fxIAAAAAAAAAAAAAAQAAAQ.jpg,1,60,60
A_6wWbR7D5KboAAAAAAAAAAAAAAQAAAQ.jpg,A_C4yWR6KggDwAAAAAAAAAAAAAAQAAAQ.jpg,1,61,61
A_6wWbR7D5KboAAAAAAAAAAAAAAQAAAQ.jpg,A_UbkTQI6a8oMAAAAAAAAAAAAAAQAAAQ.jpg,1,61,61
A_6wWbR7D5KboAAAAAAAAAAAAAAQAAAQ.jpg,A_O-HYQbAzM04AAAAAAAAAAAAAAQAAAQ.jpg,1,61,61
A_C4yWR6KggDwAAAAAAAAAAAAAAQAAAQ.jpg,A_UbkTQI6a8oMAAAAAAAAAAAAAAQAAAQ.jpg,1,61,61
A_C4yWR6KggDwAAAAAAAAAAAAAAQAAAQ.jpg,A_O-HYQbAzM04AAAAAAAAAAAAAAQAAAQ.jpg,1,61,61
A_UbkTQI6a8oMAAAAAAAAAAAAAAQAAAQ.jpg,A_O-HYQbAzM04AAAAAAAAAAAAAAQAAAQ.jpg,1,61,61
A_WFX-R60X0GEAAAAAAAAAAAAAAQAAAQ.jpg,A_WFX-R60X0GE0GDJMjg5KkAAAAQAAAQ.jpg,1,62,62
A_WFX-R60X0GEAAAAAAAAAAAAAAQAAAQ.jpg,A_NloJTpjGmzjncmZIj3dViAAAAQAAAQ.jpg,1,62,62
A_WFX-R60X0GEAAAAAAAAAAAAAAQAAAQ.jpg,A_NloJTpjGmzgAAAAAAAAAAAAAAQAAAQ.jpg,1,62,62
A_WFX-R60X0GE0GDJMjg5KkAAAAQAAAQ.jpg,A_NloJTpjGmzjncmZIj3dViAAAAQAAAQ.jpg,1,62,62
A_WFX-R60X0GE0GDJMjg5KkAAAAQAAAQ.jpg,A_NloJTpjGmzgAAAAAAAAAAAAAAQAAAQ.jpg,1,62,62
A_NloJTpjGmzjncmZIj3dViAAAAQAAAQ.jpg,A_NloJTpjGmzgAAAAAAAAAAAAAAQAAAQ.jpg,1,62,62
A_wMMDQIdbntYV1_RPvr7IlAAAAQAAAQ.jpg,A_ZLTNQ5wA3ndGXjRCsAnKcwAAAQAAAQ.jpg,1,63,63
A_wMMDQIdbntYV1_RPvr7IlAAAAQAAAQ.jpg,A_wMMDQIdbntYAAAAAAAAAAAAAAQAAAQ.jpg,1,63,63
A_wMMDQIdbntYV1_RPvr7IlAAAAQAAAQ.jpg,A_ZLTNQ5wA3ncNnJxCvdxuZQAAAQAAAQ.jpg,1,63,63
A_ZLTNQ5wA3ndGXjRCsAnKcwAAAQAAAQ.jpg,A_wMMDQIdbntYAAAAAAAAAAAAAAQAAAQ.jpg,1,63,63
A_ZLTNQ5wA3ndGXjRCsAnKcwAAAQAAAQ.jpg,A_ZLTNQ5wA3ncNnJxCvdxuZQAAAQAAAQ.jpg,1,63,63
A_wMMDQIdbntYAAAAAAAAAAAAAAQAAAQ.jpg,A_ZLTNQ5wA3ncNnJxCvdxuZQAAAQAAAQ.jpg,1,63,63
A_jcJHTp85KP3Y3pFEtvZWcAAAAQAAAQ.jpg,A_jcJHTp85KP0AAAAAAAAAAAAAAQAAAQ.jpg,1,64,64
A_jcJHTp85KP3Y3pFEtvZWcAAAAQAAAQ.jpg,A_0GHaQ5v1mnFBBtxPokPDawAAAQAAAQ.jpg,1,64,64
A_jcJHTp85KP3Y3pFEtvZWcAAAAQAAAQ.jpg,A_W-HLSo2GkJIAAAAAAAAAAAAAAQAAAQ.jpg,1,64,64
A_jcJHTp85KP0AAAAAAAAAAAAAAQAAAQ.jpg,A_0GHaQ5v1mnFBBtxPokPDawAAAQAAAQ.jpg,1,64,64
A_jcJHTp85KP0AAAAAAAAAAAAAAQAAAQ.jpg,A_W-HLSo2GkJIAAAAAAAAAAAAAAQAAAQ.jpg,1,64,64
A_0GHaQ5v1mnFBBtxPokPDawAAAQAAAQ.jpg,A_W-HLSo2GkJIAAAAAAAAAAAAAAQAAAQ.jpg,1,64,64
A_fw0nSIvq86cAAAAAAAAAAAAAAQAAAQ.jpg,A_eUwvR77C5UwAAAAAAAAAAAAAAQAAAQ.jpg,1,65,65
A_fw0nSIvq86cAAAAAAAAAAAAAAQAAAQ.jpg,A_5dhIRrfer5YAAAAAAAAAAAAAAQAAAQ.jpg,1,65,65
A_fw0nSIvq86cAAAAAAAAAAAAAAQAAAQ.jpg,A_zOObQob7uGMAAAAAAAAAAAAAAQAAAQ.jpg,1,65,65
A_eUwvR77C5UwAAAAAAAAAAAAAAQAAAQ.jpg,A_5dhIRrfer5YAAAAAAAAAAAAAAQAAAQ.jpg,1,65,65
A_eUwvR77C5UwAAAAAAAAAAAAAAQAAAQ.jpg,A_zOObQob7uGMAAAAAAAAAAAAAAQAAAQ.jpg,1,65,65
A_5dhIRrfer5YAAAAAAAAAAAAAAQAAAQ.jpg,A_zOObQob7uGMAAAAAAAAAAAAAAQAAAQ.jpg,1,65,65
A_EN1PTpOOkWkAAAAAAAAAAAAAAQAAAQ.jpg,A_CMybSaizJokAAAAAAAAAAAAAAQAAAQ.jpg,1,66,66
A_EN1PTpOOkWkAAAAAAAAAAAAAAQAAAQ.jpg,A_3sPRTprtYa8AAAAAAAAAAAAAAQAAAQ.jpg,1,66,66
A_EN1PTpOOkWkAAAAAAAAAAAAAAQAAAQ.jpg,A_ysxzSpSaAJ0AAAAAAAAAAAAAAQAAAQ.jpg,1,66,66
A_CMybSaizJokAAAAAAAAAAAAAAQAAAQ.jpg,A_3sPRTprtYa8AAAAAAAAAAAAAAQAAAQ.jpg,1,66,66
A_CMybSaizJokAAAAAAAAAAAAAAQAAAQ.jpg,A_ysxzSpSaAJ0AAAAAAAAAAAAAAQAAAQ.jpg,1,66,66
A_3sPRTprtYa8AAAAAAAAAAAAAAQAAAQ.jpg,A_ysxzSpSaAJ0AAAAAAAAAAAAAAQAAAQ.jpg,1,66,66
A_zVV9QJHiLggAAAAAAAAAAAAAAQAAAQ.jpg,A_EcV-QL_t4UAAAAAAAAAAAAAAAQAAAQ.jpg,1,67,67
A_zVV9QJHiLggAAAAAAAAAAAAAAQAAAQ.jpg,A_WIkoSofHxNkAAAAAAAAAAAAAAQAAAQ.jpg,1,67,67
A_zVV9QJHiLggAAAAAAAAAAAAAAQAAAQ.jpg,A_JAkWS63CU4MAAAAAAAAAAAAAAQAAAQ.jpg,1,67,67
A_EcV-QL_t4UAAAAAAAAAAAAAAAQAAAQ.jpg,A_WIkoSofHxNkAAAAAAAAAAAAAAQAAAQ.jpg,1,67,67
A_EcV-QL_t4UAAAAAAAAAAAAAAAQAAAQ.jpg,A_JAkWS63CU4MAAAAAAAAAAAAAAQAAAQ.jpg,1,67,67
A_WIkoSofHxNkAAAAAAAAAAAAAAQAAAQ.jpg,A_JAkWS63CU4MAAAAAAAAAAAAAAQAAAQ.jpg,1,67,67
A_JFQFRqCRuosAAAAAAAAAAAAAAQAAAQ.jpg,A_JFQFRqCRuouu-ldCkHSAIAAAAQAAAQ.jpg,1,68,68
A_JFQFRqCRuosAAAAAAAAAAAAAAQAAAQ.jpg,8quPjI33SE-iyYx4UOnjkQAAACMAARAD.jpg,1,68,68
A_JFQFRqCRuosAAAAAAAAAAAAAAQAAAQ.jpg,A_BXDpSpUjofgAAAAAAAAAAAAAAQAAAQ.jpg,1,68,68
A_JFQFRqCRuouu-ldCkHSAIAAAAQAAAQ.jpg,8quPjI33SE-iyYx4UOnjkQAAACMAARAD.jpg,1,68,68
A_JFQFRqCRuouu-ldCkHSAIAAAAQAAAQ.jpg,A_BXDpSpUjofgAAAAAAAAAAAAAAQAAAQ.jpg,1,68,68
8quPjI33SE-iyYx4UOnjkQAAACMAARAD.jpg,A_BXDpSpUjofgAAAAAAAAAAAAAAQAAAQ.jpg,1,68,68
A_Uga7SbOpyY0AAAAAAAAAAAAAAQAAAQ.jpg,A_QR05Sq93mfIAAAAAAAAAAAAAAQAAAQ.jpg,1,69,69
A_Uga7SbOpyY0AAAAAAAAAAAAAAQAAAQ.jpg,A_a0W5TbtRiX4AAAAAAAAAAAAAAQAAAQ.jpg,1,69,69
A_Uga7SbOpyY0AAAAAAAAAAAAAAQAAAQ.jpg,A_aKs_R7ladhcAAAAAAAAAAAAAAQAAAQ.jpg,1,69,69
A_QR05Sq93mfIAAAAAAAAAAAAAAQAAAQ.jpg,A_a0W5TbtRiX4AAAAAAAAAAAAAAQAAAQ.jpg,1,69,69
A_QR05Sq93mfIAAAAAAAAAAAAAAQAAAQ.jpg,A_aKs_R7ladhcAAAAAAAAAAAAAAQAAAQ.jpg,1,69,69
A_a0W5TbtRiX4AAAAAAAAAAAAAAQAAAQ.jpg,A_aKs_R7ladhcAAAAAAAAAAAAAAQAAAQ.jpg,1,69,69
unXpdCHiSwq1IsIo2bI8PAAAACMAARAD.jpg,bFGitjnDRq-tq8QMMSegPgAAACMAARAD.jpg,1,70,70
unXpdCHiSwq1IsIo2bI8PAAAACMAARAD.jpg,1yv1XFmYQIqGC3ETpIuU2QAAACMAARAD.jpg,1,70,70
unXpdCHiSwq1IsIo2bI8PAAAACMAARAD.jpg,PXhnsQ6BSAW7VRUKjS1fswAAACMAARAD.jpg,1,70,70
bFGitjnDRq-tq8QMMSegPgAAACMAARAD.jpg,1yv1XFmYQIqGC3ETpIuU2QAAACMAARAD.jpg,1,70,70
bFGitjnDRq-tq8QMMSegPgAAACMAARAD.jpg,PXhnsQ6BSAW7VRUKjS1fswAAACMAARAD.jpg,1,70,70
1yv1XFmYQIqGC3ETpIuU2QAAACMAARAD.jpg,PXhnsQ6BSAW7VRUKjS1fswAAACMAARAD.jpg,1,70,70
B4vLF17OQ7iz0JDSOsJBYwAAACMAARAD.jpg,YogXrvTpT3CF9S-8BEORggAAACMAARAD.jpg,1,71,71
B4vLF17OQ7iz0JDSOsJBYwAAACMAARAD.jpg,VhTnM3vfTZ-8xD9trXiLSAAAACMAARAD.jpg,1,71,71
B4vLF17OQ7iz0JDSOsJBYwAAACMAARAD.jpg,Nr4fpTnSRWGdwsellE27SQAAACMAARAD.jpg,1,71,71
YogXrvTpT3CF9S-8BEORggAAACMAARAD.jpg,VhTnM3vfTZ-8xD9trXiLSAAAACMAARAD.jpg,1,71,71
YogXrvTpT3CF9S-8BEORggAAACMAARAD.jpg,Nr4fpTnSRWGdwsellE27SQAAACMAARAD.jpg,1,71,71
VhTnM3vfTZ-8xD9trXiLSAAAACMAARAD.jpg,Nr4fpTnSRWGdwsellE27SQAAACMAARAD.jpg,1,71,71
spShQhU4QW2E7C_-GrtwBwAAACMAARAD.jpg,bMTOZCIyTXCpPa4ub3bHTQAAACMAARAD.jpg,1,72,72
spShQhU4QW2E7C_-GrtwBwAAACMAARAD.jpg,tZ9Ffj0eTdiamVFL64HrAwAAACMAARAD.jpg,1,72,72
spShQhU4QW2E7C_-GrtwBwAAACMAARAD.jpg,dyxtW91GQ3m1hwcxGe6xNQAAACMAARAD.jpg,1,72,72
bMTOZCIyTXCpPa4ub3bHTQAAACMAARAD.jpg,tZ9Ffj0eTdiamVFL64HrAwAAACMAARAD.jpg,1,72,72
bMTOZCIyTXCpPa4ub3bHTQAAACMAARAD.jpg,dyxtW91GQ3m1hwcxGe6xNQAAACMAARAD.jpg,1,72,72
tZ9Ffj0eTdiamVFL64HrAwAAACMAARAD.jpg,dyxtW91GQ3m1hwcxGe6xNQAAACMAARAD.jpg,1,72,72
A_H2d7SazIiaAAAAAAAAAAAAAAAQAAAQ.jpg,A_f0N3RpGHGX4AAAAAAAAAAAAAAQAAAQ.jpg,1,73,73
A_H2d7SazIiaAAAAAAAAAAAAAAAQAAAQ.jpg,A_yqalTI6j368AAAAAAAAAAAAAAQAAAQ.jpg,1,73,73
A_H2d7SazIiaAAAAAAAAAAAAAAAQAAAQ.jpg,A_rZkOR6rZ9rgAAAAAAAAAAAAAAQAAAQ.jpg,1,73,73
A_f0N3RpGHGX4AAAAAAAAAAAAAAQAAAQ.jpg,A_yqalTI6j368AAAAAAAAAAAAAAQAAAQ.jpg,1,73,73
A_f0N3RpGHGX4AAAAAAAAAAAAAAQAAAQ.jpg,A_rZkOR6rZ9rgAAAAAAAAAAAAAAQAAAQ.jpg,1,73,73
A_yqalTI6j368AAAAAAAAAAAAAAQAAAQ.jpg,A_rZkOR6rZ9rgAAAAAAAAAAAAAAQAAAQ.jpg,1,73,73
A_ul0zRLO4ulQAAAAAAAAAAAAAAQAAAQ.jpg,A_hbD0T7EIoRYAAAAAAAAAAAAAAQAAAQ.jpg,1,74,74
A_ul0zRLO4ulQAAAAAAAAAAAAAAQAAAQ.jpg,A_JJxfRa1-EmUAAAAAAAAAAAAAAQAAAQ.jpg,1,74,74
A_ul0zRLO4ulQAAAAAAAAAAAAAAQAAAQ.jpg,A_pGC9TI631dMAAAAAAAAAAAAAAQAAAQ.jpg,1,74,74
A_hbD0T7EIoRYAAAAAAAAAAAAAAQAAAQ.jpg,A_JJxfRa1-EmUAAAAAAAAAAAAAAQAAAQ.jpg,1,74,74
A_hbD0T7EIoRYAAAAAAAAAAAAAAQAAAQ.jpg,A_pGC9TI631dMAAAAAAAAAAAAAAQAAAQ.jpg,1,74,74
A_JJxfRa1-EmUAAAAAAAAAAAAAAQAAAQ.jpg,A_pGC9TI631dMAAAAAAAAAAAAAAQAAAQ.jpg,1,74,74
A_JvhQSaZL14UAAAAAAAAAAAAAAQAAAQ.jpg,A_29WIRrT3Pg4AAAAAAAAAAAAAAQAAAQ.jpg,1,75,75
A_JvhQSaZL14UAAAAAAAAAAAAAAQAAAQ.jpg,A_jC-uQI9wmRgAAAAAAAAAAAAAAQAAAQ.jpg,1,75,75
A_JvhQSaZL14UAAAAAAAAAAAAAAQAAAQ.jpg,A_IeYBSaupD3QAAAAAAAAAAAAAAQAAAQ.jpg,1,75,75
A_29WIRrT3Pg4AAAAAAAAAAAAAAQAAAQ.jpg,A_jC-uQI9wmRgAAAAAAAAAAAAAAQAAAQ.jpg,1,75,75
A_29WIRrT3Pg4AAAAAAAAAAAAAAQAAAQ.jpg,A_IeYBSaupD3QAAAAAAAAAAAAAAQAAAQ.jpg,1,75,75
A_jC-uQI9wmRgAAAAAAAAAAAAAAQAAAQ.jpg,A_IeYBSaupD3QAAAAAAAAAAAAAAQAAAQ.jpg,1,75,75
A_oTz0Q6Q2sBMAAAAAAAAAAAAAAQAAAQ.jpg,A_5zh3RYWgmsoAAAAAAAAAAAAAAQAAAQ.jpg,1,76,76
A_oTz0Q6Q2sBMAAAAAAAAAAAAAAQAAAQ.jpg,A_p4flTrdsBe8AAAAAAAAAAAAAAQAAAQ.jpg,1,76,76
A_oTz0Q6Q2sBMAAAAAAAAAAAAAAQAAAQ.jpg,A_5P07RJ-PIlkAAAAAAAAAAAAAAQAAAQ.jpg,1,76,76
A_5zh3RYWgmsoAAAAAAAAAAAAAAQAAAQ.jpg,A_p4flTrdsBe8AAAAAAAAAAAAAAQAAAQ.jpg,1,76,76
A_5zh3RYWgmsoAAAAAAAAAAAAAAQAAAQ.jpg,A_5P07RJ-PIlkAAAAAAAAAAAAAAQAAAQ.jpg,1,76,76
A_p4flTrdsBe8AAAAAAAAAAAAAAQAAAQ.jpg,A_5P07RJ-PIlkAAAAAAAAAAAAAAQAAAQ.jpg,1,76,76
A_D6LoTIKJagkAAAAAAAAAAAAAAQAAAQ.jpg,A_6J5kQJhOduUAAAAAAAAAAAAAAQAAAQ.jpg,1,77,77
A_D6LoTIKJagkAAAAAAAAAAAAAAQAAAQ.jpg,A_fbzVQ5muvQIAAAAAAAAAAAAAAQAAAQ.jpg,1,77,77
A_D6LoTIKJagkAAAAAAAAAAAAAAQAAAQ.jpg,A_N0ukQ4h4un4AAAAAAAAAAAAAAQAAAQ.jpg,1,77,77
A_6J5kQJhOduUAAAAAAAAAAAAAAQAAAQ.jpg,A_fbzVQ5muvQIAAAAAAAAAAAAAAQAAAQ.jpg,1,77,77
A_6J5kQJhOduUAAAAAAAAAAAAAAQAAAQ.jpg,A_N0ukQ4h4un4AAAAAAAAAAAAAAQAAAQ.jpg,1,77,77
A_fbzVQ5muvQIAAAAAAAAAAAAAAQAAAQ.jpg,A_N0ukQ4h4un4AAAAAAAAAAAAAAQAAAQ.jpg,1,77,77
A_SbRDQbZ63xkAAAAAAAAAAAAAAQAAAQ.jpg,A_XfLkRYLFXGAAAAAAAAAAAAAAAQAAAQ.jpg,1,78,78
A_SbRDQbZ63xkAAAAAAAAAAAAAAQAAAQ.jpg,A_ywmfQoWVLnUAAAAAAAAAAAAAAQAAAQ.jpg,1,78,78
A_SbRDQbZ63xkAAAAAAAAAAAAAAQAAAQ.jpg,A_8SMFQ4ABOP4AAAAAAAAAAAAAAQAAAQ.jpg,1,78,78
A_XfLkRYLFXGAAAAAAAAAAAAAAAQAAAQ.jpg,A_ywmfQoWVLnUAAAAAAAAAAAAAAQAAAQ.jpg,1,78,78
A_XfLkRYLFXGAAAAAAAAAAAAAAAQAAAQ.jpg,A_8SMFQ4ABOP4AAAAAAAAAAAAAAQAAAQ.jpg,1,78,78
A_ywmfQoWVLnUAAAAAAAAAAAAAAQAAAQ.jpg,A_8SMFQ4ABOP4AAAAAAAAAAAAAAQAAAQ.jpg,1,78,78
A_zfe6Ta1sN6AAAAAAAAAAAAAAAQAAAQ.jpg,A_xKkVSpQDOR8AAAAAAAAAAAAAAQAAAQ.jpg,1,79,79
A_zfe6Ta1sN6AAAAAAAAAAAAAAAQAAAQ.jpg,A_eKPdQ7NuzWMAAAAAAAAAAAAAAQAAAQ.jpg,1,79,79
A_zfe6Ta1sN6AAAAAAAAAAAAAAAQAAAQ.jpg,A_TY-_RJN0r98AAAAAAAAAAAAAAQAAAQ.jpg,1,79,79
A_xKkVSpQDOR8AAAAAAAAAAAAAAQAAAQ.jpg,A_eKPdQ7NuzWMAAAAAAAAAAAAAAQAAAQ.jpg,1,79,79
A_xKkVSpQDOR8AAAAAAAAAAAAAAQAAAQ.jpg,A_TY-_RJN0r98AAAAAAAAAAAAAAQAAAQ.jpg,1,79,79
A_eKPdQ7NuzWMAAAAAAAAAAAAAAQAAAQ.jpg,A_TY-_RJN0r98AAAAAAAAAAAAAAQAAAQ.jpg,1,79,79
A_eCGwQpnlatEAAAAAAAAAAAAAAQAAAQ.jpg,A_S33KQZXSRKEAAAAAAAAAAAAAAQAAAQ.jpg,1,80,80
A_eCGwQpnlatEAAAAAAAAAAAAAAQAAAQ.jpg,A_FOIbSaYkQ0MAAAAAAAAAAAAAAQAAAQ.jpg,1,80,80
A_eCGwQpnlatEAAAAAAAAAAAAAAQAAAQ.jpg,A_6xKYQ5BLeRAAAAAAAAAAAAAAAQAAAQ.jpg,1,80,80
A_S33KQZXSRKEAAAAAAAAAAAAAAQAAAQ.jpg,A_FOIbSaYkQ0MAAAAAAAAAAAAAAQAAAQ.jpg,1,80,80
A_S33KQZXSRKEAAAAAAAAAAAAAAQAAAQ.jpg,A_6xKYQ5BLeRAAAAAAAAAAAAAAAQAAAQ.jpg,1,80,80
A_FOIbSaYkQ0MAAAAAAAAAAAAAAQAAAQ.jpg,A_6xKYQ5BLeRAAAAAAAAAAAAAAAQAAAQ.jpg,1,80,80
A_9C0_SY5HMwYAAAAAAAAAAAAAAQAAAQ.jpg,A_UIUSR7SsVxQAAAAAAAAAAAAAAQAAAQ.jpg,1,81,81
A_9C0_SY5HMwYAAAAAAAAAAAAAAQAAAQ.jpg,A_hFIsQqIAQwEAAAAAAAAAAAAAAQAAAQ.jpg,1,81,81
A_9C0_SY5HMwYAAAAAAAAAAAAAAQAAAQ.jpg,A_-gLFTpM2eMUAAAAAAAAAAAAAAQAAAQ.jpg,1,81,81
A_UIUSR7SsVxQAAAAAAAAAAAAAAQAAAQ.jpg,A_hFIsQqIAQwEAAAAAAAAAAAAAAQAAAQ.jpg,1,81,81
A_UIUSR7SsVxQAAAAAAAAAAAAAAQAAAQ.jpg,A_-gLFTpM2eMUAAAAAAAAAAAAAAQAAAQ.jpg,1,81,81
A_hFIsQqIAQwEAAAAAAAAAAAAAAQAAAQ.jpg,A_-gLFTpM2eMUAAAAAAAAAAAAAAQAAAQ.jpg,1,81,81
A_BRtzS61gGD4AAAAAAAAAAAAAAQAAAQ.jpg,A_Ieo9SKFx2U0AAAAAAAAAAAAAAQAAAQ.jpg,1,82,82
A_BRtzS61gGD4AAAAAAAAAAAAAAQAAAQ.jpg,A_GN8FS4YXEKMAAAAAAAAAAAAAAQAAAQ.jpg,1,82,82
A_BRtzS61gGD4AAAAAAAAAAAAAAQAAAQ.jpg,A_K1SDTrzJRsMAAAAAAAAAAAAAAQAAAQ.jpg,1,82,82
A_Ieo9SKFx2U0AAAAAAAAAAAAAAQAAAQ.jpg,A_GN8FS4YXEKMAAAAAAAAAAAAAAQAAAQ.jpg,1,82,82
A_Ieo9SKFx2U0AAAAAAAAAAAAAAQAAAQ.jpg,A_K1SDTrzJRsMAAAAAAAAAAAAAAQAAAQ.jpg,1,82,82
A_GN8FS4YXEKMAAAAAAAAAAAAAAQAAAQ.jpg,A_K1SDTrzJRsMAAAAAAAAAAAAAAQAAAQ.jpg,1,82,82
A_qK3GTKpbnwAAAAAAAAAAAAAAAQAAAQ.jpg,A_cwILQL0IAHcAAAAAAAAAAAAAAQAAAQ.jpg,1,83,83
A_qK3GTKpbnwAAAAAAAAAAAAAAAQAAAQ.jpg,A_Z7bIS7KQQFUAAAAAAAAAAAAAAQAAAQ.jpg,1,83,83
A_qK3GTKpbnwAAAAAAAAAAAAAAAQAAAQ.jpg,A_xt-fRpljCNgAAAAAAAAAAAAAAQAAAQ.jpg,1,83,83
A_cwILQL0IAHcAAAAAAAAAAAAAAQAAAQ.jpg,A_Z7bIS7KQQFUAAAAAAAAAAAAAAQAAAQ.jpg,1,83,83
A_cwILQL0IAHcAAAAAAAAAAAAAAQAAAQ.jpg,A_xt-fRpljCNgAAAAAAAAAAAAAAQAAAQ.jpg,1,83,83
A_Z7bIS7KQQFUAAAAAAAAAAAAAAQAAAQ.jpg,A_xt-fRpljCNgAAAAAAAAAAAAAAQAAAQ.jpg,1,83,83
A_wPnAQIK6lFQAAAAAAAAAAAAAAQAAAQ.jpg,A_92iARaRRPR8AAAAAAAAAAAAAAQAAAQ.jpg,1,84,84
A_wPnAQIK6lFQAAAAAAAAAAAAAAQAAAQ.jpg,A_SqQTTY_3jwUAAAAAAAAAAAAAAQAAAQ.jpg,1,84,84
A_wPnAQIK6lFQAAAAAAAAAAAAAAQAAAQ.jpg,A_tZlpQLPXXpQAAAAAAAAAAAAAAQAAAQ.jpg,1,84,84
A_92iARaRRPR8AAAAAAAAAAAAAAQAAAQ.jpg,A_SqQTTY_3jwUAAAAAAAAAAAAAAQAAAQ.jpg,1,84,84
A_92iARaRRPR8AAAAAAAAAAAAAAQAAAQ.jpg,A_tZlpQLPXXpQAAAAAAAAAAAAAAQAAAQ.jpg,1,84,84
A_SqQTTY_3jwUAAAAAAAAAAAAAAQAAAQ.jpg,A_tZlpQLPXXpQAAAAAAAAAAAAAAQAAAQ.jpg,1,84,84
A_AxC7T5vfyIoAAAAAAAAAAAAAAQAAAQ.jpg,A_7agWQomXiksAAAAAAAAAAAAAAQAAAQ.jpg,1,85,85
A_AxC7T5vfyIoAAAAAAAAAAAAAAQAAAQ.jpg,A_vXcfRYxmGwMAAAAAAAAAAAAAAQAAAQ.jpg,1,85,85
A_AxC7T5vfyIoAAAAAAAAAAAAAAQAAAQ.jpg,A_LZQHRJnzs8kAAAAAAAAAAAAAAQAAAQ.jpg,1,85,85
A_7agWQomXiksAAAAAAAAAAAAAAQAAAQ.jpg,A_vXcfRYxmGwMAAAAAAAAAAAAAAQAAAQ.jpg,1,85,85
A_7agWQomXiksAAAAAAAAAAAAAAQAAAQ.jpg,A_LZQHRJnzs8kAAAAAAAAAAAAAAQAAAQ.jpg,1,85,85
A_vXcfRYxmGwMAAAAAAAAAAAAAAQAAAQ.jpg,A_LZQHRJnzs8kAAAAAAAAAAAAAAQAAAQ.jpg,1,85,85
A__MyoS6tXD44AAAAAAAAAAAAAAQAAAQ.jpg,A_wrCkQIW0mVgAAAAAAAAAAAAAAQAAAQ.jpg,1,86,86
A__MyoS6tXD44AAAAAAAAAAAAAAQAAAQ.jpg,A_0tvJRLe5_mUAAAAAAAAAAAAAAQAAAQ.jpg,1,86,86
A__MyoS6tXD44AAAAAAAAAAAAAAQAAAQ.jpg,A_Hr8iQJfMnWAAAAAAAAAAAAAAAQAAAQ.jpg,1,86,86
A_wrCkQIW0mVgAAAAAAAAAAAAAAQAAAQ.jpg,A_0tvJRLe5_mUAAAAAAAAAAAAAAQAAAQ.jpg,1,86,86
A_wrCkQIW0mVgAAAAAAAAAAAAAAQAAAQ.jpg,A_Hr8iQJfMnWAAAAAAAAAAAAAAAQAAAQ.jpg,1,86,86
A_0tvJRLe5_mUAAAAAAAAAAAAAAQAAAQ.jpg,A_Hr8iQJfMnWAAAAAAAAAAAAAAAQAAAQ.jpg,1,86,86
A_D5prT4UpL5EAAAAAAAAAAAAAAQAAAQ.jpg,A__DG-QaId_tcAAAAAAAAAAAAAAQAAAQ.jpg,1,87,87
A_D5prT4UpL5EAAAAAAAAAAAAAAQAAAQ.jpg,A_0mFaQoSKPVgAAAAAAAAAAAAAAQAAAQ.jpg,1,87,87
A_D5prT4UpL5EAAAAAAAAAAAAAAQAAAQ.jpg,A_0DqmSI5YLTYAAAAAAAAAAAAAAQAAAQ.jpg,1,87,87
A__DG-QaId_tcAAAAAAAAAAAAAAQAAAQ.jpg,A_0mFaQoSKPVgAAAAAAAAAAAAAAQAAAQ.jpg,1,87,87
A__DG-QaId_tcAAAAAAAAAAAAAAQAAAQ.jpg,A_0DqmSI5YLTYAAAAAAAAAAAAAAQAAAQ.jpg,1,87,87
A_0mFaQoSKPVgAAAAAAAAAAAAAAQAAAQ.jpg,A_0DqmSI5YLTYAAAAAAAAAAAAAAQAAAQ.jpg,1,87,87
A_usXqRrG0zfAAAAAAAAAAAAAAAQAAAQ.jpg,A_roDNRZHSdREAAAAAAAAAAAAAAQAAAQ.jpg,1,88,88
A_usXqRrG0zfAAAAAAAAAAAAAAAQAAAQ.jpg,A_Md8QTJnt4HsAAAAAAAAAAAAAAQAAAQ.jpg,1,88,88
A_usXqRrG0zfAAAAAAAAAAAAAAAQAAAQ.jpg,A_SyljToXBtGgAAAAAAAAAAAAAAQAAAQ.jpg,1,88,88
A_roDNRZHSdREAAAAAAAAAAAAAAQAAAQ.jpg,A_Md8QTJnt4HsAAAAAAAAAAAAAAQAAAQ.jpg,1,88,88
A_roDNRZHSdREAAAAAAAAAAAAAAQAAAQ.jpg,A_SyljToXBtGgAAAAAAAAAAAAAAQAAAQ.jpg,1,88,88
A_Md8QTJnt4HsAAAAAAAAAAAAAAQAAAQ.jpg,A_SyljToXBtGgAAAAAAAAAAAAAAQAAAQ.jpg,1,88,88
A_fdNlRZAJ1LIAAAAAAAAAAAAAAQAAAQ.jpg,A_g1RJRYomLtCGJS5AnNEITgAAAQAAAQ.jpg,1,89,89
A_fdNlRZAJ1LIAAAAAAAAAAAAAAQAAAQ.jpg,A_00INR7szioMAAAAAAAAAAAAAAQAAAQ.jpg,1,89,89
A_fdNlRZAJ1LIAAAAAAAAAAAAAAQAAAQ.jpg,A_pICTQLbIAwkAAAAAAAAAAAAAAQAAAQ.jpg,1,89,89
A_g1RJRYomLtCGJS5AnNEITgAAAQAAAQ.jpg,A_00INR7szioMAAAAAAAAAAAAAAQAAAQ.jpg,1,89,89
A_g1RJRYomLtCGJS5AnNEITgAAAQAAAQ.jpg,A_pICTQLbIAwkAAAAAAAAAAAAAAQAAAQ.jpg,1,89,89
A_00INR7szioMAAAAAAAAAAAAAAQAAAQ.jpg,A_pICTQLbIAwkAAAAAAAAAAAAAAQAAAQ.jpg,1,89,89
A_VgR1Q7EKYp8AAAAAAAAAAAAAAQAAAQ.jpg,A_bWQgQawVwX4AAAAAAAAAAAAAAQAAAQ.jpg,1,90,90
A_VgR1Q7EKYp8AAAAAAAAAAAAAAQAAAQ.jpg,A_MfjWQa58yzwAAAAAAAAAAAAAAQAAAQ.jpg,1,90,90
A_VgR1Q7EKYp8AAAAAAAAAAAAAAQAAAQ.jpg,A_llXqTpsSgWwAAAAAAAAAAAAAAQAAAQ.jpg,1,90,90
A_bWQgQawVwX4AAAAAAAAAAAAAAQAAAQ.jpg,A_MfjWQa58yzwAAAAAAAAAAAAAAQAAAQ.jpg,1,90,90
A_bWQgQawVwX4AAAAAAAAAAAAAAQAAAQ.jpg,A_llXqTpsSgWwAAAAAAAAAAAAAAQAAAQ.jpg,1,90,90
A_MfjWQa58yzwAAAAAAAAAAAAAAQAAAQ.jpg,A_llXqTpsSgWwAAAAAAAAAAAAAAQAAAQ.jpg,1,90,90
A_9T8iRZsNnOoAAAAAAAAAAAAAAQAAAQ.jpg,A_LQIQSpDZ01wAAAAAAAAAAAAAAQAAAQ.jpg,1,91,91
A_9T8iRZsNnOoAAAAAAAAAAAAAAQAAAQ.jpg,A__zLJQayQmP0AAAAAAAAAAAAAAQAAAQ.jpg,1,91,91
A_9T8iRZsNnOoAAAAAAAAAAAAAAQAAAQ.jpg,A_qltmS7ZNsLUAAAAAAAAAAAAAAQAAAQ.jpg,1,91,91
A_LQIQSpDZ01wAAAAAAAAAAAAAAQAAAQ.jpg,A__zLJQayQmP0AAAAAAAAAAAAAAQAAAQ.jpg,1,91,91
A_LQIQSpDZ01wAAAAAAAAAAAAAAQAAAQ.jpg,A_qltmS7ZNsLUAAAAAAAAAAAAAAQAAAQ.jpg,1,91,91
A__zLJQayQmP0AAAAAAAAAAAAAAQAAAQ.jpg,A_qltmS7ZNsLUAAAAAAAAAAAAAAQAAAQ.jpg,1,91,91
A_F67BSool6_AAAAAAAAAAAAAAAQAAAQ.jpg,A_jjT_Q5XInXYAAAAAAAAAAAAAAQAAAQ.jpg,1,92,92
A_F67BSool6_AAAAAAAAAAAAAAAQAAAQ.jpg,A_7Rs9Q46XFoAAAAAAAAAAAAAAAQAAAQ.jpg,1,92,92
A_F67BSool6_AAAAAAAAAAAAAAAQAAAQ.jpg,A_ANj4S6gZrSgAAAAAAAAAAAAAAQAAAQ.jpg,1,92,92
A_jjT_Q5XInXYAAAAAAAAAAAAAAQAAAQ.jpg,A_7Rs9Q46XFoAAAAAAAAAAAAAAAQAAAQ.jpg,1,92,92
A_jjT_Q5XInXYAAAAAAAAAAAAAAQAAAQ.jpg,A_ANj4S6gZrSgAAAAAAAAAAAAAAQAAAQ.jpg,1,92,92
A_7Rs9Q46XFoAAAAAAAAAAAAAAAQAAAQ.jpg,A_ANj4S6gZrSgAAAAAAAAAAAAAAQAAAQ.jpg,1,92,92
A_5X2gQreyAEgAAAAAAAAAAAAAAQAAAQ.jpg,A_sfE-TqYrEMMAAAAAAAAAAAAAAQAAAQ.jpg,1,93,93
A_5X2gQreyAEgAAAAAAAAAAAAAAQAAAQ.jpg,A_H_ulSqKIeUgAAAAAAAAAAAAAAQAAAQ.jpg,1,93,93
A_5X2gQreyAEgAAAAAAAAAAAAAAQAAAQ.jpg,A_f8MgS5sAGg0AAAAAAAAAAAAAAQAAAQ.jpg,1,93,93
A_sfE-TqYrEMMAAAAAAAAAAAAAAQAAAQ.jpg,A_H_ulSqKIeUgAAAAAAAAAAAAAAQAAAQ.jpg,1,93,93
A_sfE-TqYrEMMAAAAAAAAAAAAAAQAAAQ.jpg,A_f8MgS5sAGg0AAAAAAAAAAAAAAQAAAQ.jpg,1,93,93
A_H_ulSqKIeUgAAAAAAAAAAAAAAQAAAQ.jpg,A_f8MgS5sAGg0AAAAAAAAAAAAAAQAAAQ.jpg,1,93,93
A_o3aNQ59nIZoAAAAAAAAAAAAAAQAAAQ.jpg,A_eqkkQptcgkUAAAAAAAAAAAAAAQAAAQ.jpg,1,94,94
A_o3aNQ59nIZoAAAAAAAAAAAAAAQAAAQ.jpg,A_J9o_QJCEnBQAAAAAAAAAAAAAAQAAAQ.jpg,1,94,94
A_o3aNQ59nIZoAAAAAAAAAAAAAAQAAAQ.jpg,A_LlQfQ5eZYSAAAAAAAAAAAAAAAQAAAQ.jpg,1,94,94
A_eqkkQptcgkUAAAAAAAAAAAAAAQAAAQ.jpg,A_J9o_QJCEnBQAAAAAAAAAAAAAAQAAAQ.jpg,1,94,94
A_eqkkQptcgkUAAAAAAAAAAAAAAQAAAQ.jpg,A_LlQfQ5eZYSAAAAAAAAAAAAAAAQAAAQ.jpg,1,94,94
A_J9o_QJCEnBQAAAAAAAAAAAAAAQAAAQ.jpg,A_LlQfQ5eZYSAAAAAAAAAAAAAAAQAAAQ.jpg,1,94,94
A_Fs6DTJ51k3oAAAAAAAAAAAAAAQAAAQ.jpg,A_W9fQSKt4JzUAAAAAAAAAAAAAAQAAAQ.jpg,1,95,95
A_Fs6DTJ51k3oAAAAAAAAAAAAAAQAAAQ.jpg,A_1Sm2RrE0saQAAAAAAAAAAAAAAQAAAQ.jpg,1,95,95
A_Fs6DTJ51k3oAAAAAAAAAAAAAAQAAAQ.jpg,A_aMDbQ5OmVQ4AAAAAAAAAAAAAAQAAAQ.jpg,1,95,95
A_W9fQSKt4JzUAAAAAAAAAAAAAAQAAAQ.jpg,A_1Sm2RrE0saQAAAAAAAAAAAAAAQAAAQ.jpg,1,95,95
A_W9fQSKt4JzUAAAAAAAAAAAAAAQAAAQ.jpg,A_aMDbQ5OmVQ4AAAAAAAAAAAAAAQAAAQ.jpg,1,95,95
A_1Sm2RrE0saQAAAAAAAAAAAAAAQAAAQ.jpg,A_aMDbQ5OmVQ4AAAAAAAAAAAAAAQAAAQ.jpg,1,95,95
A_IeYUSZHnPzOciWNLuhXRvwAAAQAAAQ.jpg,A_-ZsZRYceA08AAAAAAAAAAAAAAQAAAQ.jpg,1,96,96
A_IeYUSZHnPzOciWNLuhXRvwAAAQAAAQ.jpg,A_-HPcQKsgKR8AAAAAAAAAAAAAAQAAAQ.jpg,1,96,96
A_IeYUSZHnPzOciWNLuhXRvwAAAQAAAQ.jpg,A_j_V4R55jT3AAAAAAAAAAAAAAAQAAAQ.jpg,1,96,96
A_-ZsZRYceA08AAAAAAAAAAAAAAQAAAQ.jpg,A_-HPcQKsgKR8AAAAAAAAAAAAAAQAAAQ.jpg,1,96,96
A_-ZsZRYceA08AAAAAAAAAAAAAAQAAAQ.jpg,A_j_V4R55jT3AAAAAAAAAAAAAAAQAAAQ.jpg,1,96,96
A_-HPcQKsgKR8AAAAAAAAAAAAAAQAAAQ.jpg,A_j_V4R55jT3AAAAAAAAAAAAAAAQAAAQ.jpg,1,96,96
A__NR8QZ1qcjQAAAAAAAAAAAAAAQAAAQ.jpg,A_zjM2TKZ3uLYAAAAAAAAAAAAAAQAAAQ.jpg,1,97,97
A__NR8QZ1qcjQAAAAAAAAAAAAAAQAAAQ.jpg,A_-pSrT6xClQcAAAAAAAAAAAAAAQAAAQ.jpg,1,97,97
A__NR8QZ1qcjQAAAAAAAAAAAAAAQAAAQ.jpg,A_rMDcQZ59WB8AAAAAAAAAAAAAAQAAAQ.jpg,1,97,97
A_zjM2TKZ3uLYAAAAAAAAAAAAAAQAAAQ.jpg,A_-pSrT6xClQcAAAAAAAAAAAAAAQAAAQ.jpg,1,97,97
A_zjM2TKZ3uLYAAAAAAAAAAAAAAQAAAQ.jpg,A_rMDcQZ59WB8AAAAAAAAAAAAAAQAAAQ.jpg,1,97,97
A_-pSrT6xClQcAAAAAAAAAAAAAAQAAAQ.jpg,A_rMDcQZ59WB8AAAAAAAAAAAAAAQAAAQ.jpg,1,97,97
A_T5AVSb-PcwMAAAAAAAAAAAAAAQAAAQ.jpg,A_vdO2RolMKVcAAAAAAAAAAAAAAQAAAQ.jpg,1,98,98
A_T5AVSb-PcwMAAAAAAAAAAAAAAQAAAQ.jpg,A_jZ1QQ773-Q8AAAAAAAAAAAAAAQAAAQ.jpg,1,98,98
A_T5AVSb-PcwMAAAAAAAAAAAAAAQAAAQ.jpg,A_LWb7SL9pX8IAAAAAAAAAAAAAAQAAAQ.jpg,1,98,98
A_vdO2RolMKVcAAAAAAAAAAAAAAQAAAQ.jpg,A_jZ1QQ773-Q8AAAAAAAAAAAAAAQAAAQ.jpg,1,98,98
A_vdO2RolMKVcAAAAAAAAAAAAAAQAAAQ.jpg,A_LWb7SL9pX8IAAAAAAAAAAAAAAQAAAQ.jpg,1,98,98
A_jZ1QQ773-Q8AAAAAAAAAAAAAAQAAAQ.jpg,A_LWb7SL9pX8IAAAAAAAAAAAAAAQAAAQ.jpg,1,98,98
A_Jz60TodhpGgUYFBLnH7ZnAAAAQAAAQ.jpg,A_FbS7RJkTRPMAAAAAAAAAAAAAAQAAAQ.jpg,1,99,99
A_Jz60TodhpGgUYFBLnH7ZnAAAAQAAAQ.jpg,CsysDwi5QjeJ03Wvg2F9SAAAACMAARAD.jpg,1,99,99
A_Jz60TodhpGgUYFBLnH7ZnAAAAQAAAQ.jpg,A_Jz60TodhpGjXzl5IpWUeAQAAAQAAAQ.jpg,1,99,99
A_FbS7RJkTRPMAAAAAAAAAAAAAAQAAAQ.jpg,CsysDwi5QjeJ03Wvg2F9SAAAACMAARAD.jpg,1,99,99
A_FbS7RJkTRPMAAAAAAAAAAAAAAQAAAQ.jpg,A_Jz60TodhpGjXzl5IpWUeAQAAAQAAAQ.jpg,1,99,99
CsysDwi5QjeJ03Wvg2F9SAAAACMAARAD.jpg,A_Jz60TodhpGjXzl5IpWUeAQAAAQAAAQ.jpg,1,99,99
A__hNgQJmrLXkAAAAAAAAAAAAAAQAAAQ.jpg,A_1y6dQaZsLNQAAAAAAAAAAAAAAQAAAQ.jpg,1,100,100
A__hNgQJmrLXkAAAAAAAAAAAAAAQAAAQ.jpg,A_o6tyRpwL8I0AAAAAAAAAAAAAAQAAAQ.jpg,1,100,100
A__hNgQJmrLXkAAAAAAAAAAAAAAQAAAQ.jpg,A_qwMrRIrUjOkAAAAAAAAAAAAAAQAAAQ.jpg,1,100,100
A_1y6dQaZsLNQAAAAAAAAAAAAAAQAAAQ.jpg,A_o6tyRpwL8I0AAAAAAAAAAAAAAQAAAQ.jpg,1,100,100
A_1y6dQaZsLNQAAAAAAAAAAAAAAQAAAQ.jpg,A_qwMrRIrUjOkAAAAAAAAAAAAAAQAAAQ.jpg,1,100,100
A_o6tyRpwL8I0AAAAAAAAAAAAAAQAAAQ.jpg,A_qwMrRIrUjOkAAAAAAAAAAAAAAQAAAQ.jpg,1,100,100
A_UH_uSo5LjOsAAAAAAAAAAAAAAQAAAQ.jpg,A_iK_RRJMtR_0AAAAAAAAAAAAAAQAAAQ.jpg,1,101,101
A_UH_uSo5LjOsAAAAAAAAAAAAAAQAAAQ.jpg,A_N7TMSppc4iUAAAAAAAAAAAAAAQAAAQ.jpg,1,101,101
A_UH_uSo5LjOsAAAAAAAAAAAAAAQAAAQ.jpg,A_wivkSpYnjv0AAAAAAAAAAAAAAQAAAQ.jpg,1,101,101
A_iK_RRJMtR_0AAAAAAAAAAAAAAQAAAQ.jpg,A_N7TMSppc4iUAAAAAAAAAAAAAAQAAAQ.jpg,1,101,101
A_iK_RRJMtR_0AAAAAAAAAAAAAAQAAAQ.jpg,A_wivkSpYnjv0AAAAAAAAAAAAAAQAAAQ.jpg,1,101,101
A_N7TMSppc4iUAAAAAAAAAAAAAAQAAAQ.jpg,A_wivkSpYnjv0AAAAAAAAAAAAAAQAAAQ.jpg,1,101,101
A_SUrFSpyat3oAAAAAAAAAAAAAAQAAAQ.jpg,A_f93rT43JBg0AAAAAAAAAAAAAAQAAAQ.jpg,1,102,102
A_SUrFSpyat3oAAAAAAAAAAAAAAQAAAQ.jpg,A_ogroTKEURIMAAAAAAAAAAAAAAQAAAQ.jpg,1,102,102
A_SUrFSpyat3oAAAAAAAAAAAAAAQAAAQ.jpg,A_FhdITbO2NLEAAAAAAAAAAAAAAQAAAQ.jpg,1,102,102
A_f93rT43JBg0AAAAAAAAAAAAAAQAAAQ.jpg,A_ogroTKEURIMAAAAAAAAAAAAAAQAAAQ.jpg,1,102,102
A_f93rT43JBg0AAAAAAAAAAAAAAQAAAQ.jpg,A_FhdITbO2NLEAAAAAAAAAAAAAAQAAAQ.jpg,1,102,102
A_ogroTKEURIMAAAAAAAAAAAAAAQAAAQ.jpg,A_FhdITbO2NLEAAAAAAAAAAAAAAQAAAQ.jpg,1,102,102
A_bjTUS6o38jQAAAAAAAAAAAAAAQAAAQ.jpg,A_y6yGT6qZ-m4AAAAAAAAAAAAAAQAAAQ.jpg,1,103,103
A_bjTUS6o38jQAAAAAAAAAAAAAAQAAAQ.jpg,A_Saa1T617BOoAAAAAAAAAAAAAAQAAAQ.jpg,1,103,103
A_bjTUS6o38jQAAAAAAAAAAAAAAQAAAQ.jpg,A_HCX2Trvkdz8AAAAAAAAAAAAAAQAAAQ.jpg,1,103,103
A_y6yGT6qZ-m4AAAAAAAAAAAAAAQAAAQ.jpg,A_Saa1T617BOoAAAAAAAAAAAAAAQAAAQ.jpg,1,103,103
A_y6yGT6qZ-m4AAAAAAAAAAAAAAQAAAQ.jpg,A_HCX2Trvkdz8AAAAAAAAAAAAAAQAAAQ.jpg,1,103,103
A_Saa1T617BOoAAAAAAAAAAAAAAQAAAQ.jpg,A_HCX2Trvkdz8AAAAAAAAAAAAAAQAAAQ.jpg,1,103,103
A_IHGMTadv9ZoAAAAAAAAAAAAAAQAAAQ.jpg,A_yqmVSY6yhroAAAAAAAAAAAAAAQAAAQ.jpg,1,104,104
A_IHGMTadv9ZoAAAAAAAAAAAAAAQAAAQ.jpg,A_FgqDQY4q28cAAAAAAAAAAAAAAQAAAQ.jpg,1,104,104
A_IHGMTadv9ZoAAAAAAAAAAAAAAQAAAQ.jpg,A_4COnRIftFtkAAAAAAAAAAAAAAQAAAQ.jpg,1,104,104
A_yqmVSY6yhroAAAAAAAAAAAAAAQAAAQ.jpg,A_FgqDQY4q28cAAAAAAAAAAAAAAQAAAQ.jpg,1,104,104
A_yqmVSY6yhroAAAAAAAAAAAAAAQAAAQ.jpg,A_4COnRIftFtkAAAAAAAAAAAAAAQAAAQ.jpg,1,104,104
A_FgqDQY4q28cAAAAAAAAAAAAAAQAAAQ.jpg,A_4COnRIftFtkAAAAAAAAAAAAAAQAAAQ.jpg,1,104,104
A_2W5zQLpISkcAAAAAAAAAAAAAAQAAAQ.jpg,A_qmTVSqXlh7UAAAAAAAAAAAAAAQAAAQ.jpg,1,105,105
A_2W5zQLpISkcAAAAAAAAAAAAAAQAAAQ.jpg,A_dx0gTp9A5A0AAAAAAAAAAAAAAQAAAQ.jpg,1,105,105
A_2W5zQLpISkcAAAAAAAAAAAAAAQAAAQ.jpg,A_O8KZRLhoNGMAAAAAAAAAAAAAAQAAAQ.jpg,1,105,105
A_qmTVSqXlh7UAAAAAAAAAAAAAAQAAAQ.jpg,A_dx0gTp9A5A0AAAAAAAAAAAAAAQAAAQ.jpg,1,105,105
A_qmTVSqXlh7UAAAAAAAAAAAAAAQAAAQ.jpg,A_O8KZRLhoNGMAAAAAAAAAAAAAAQAAAQ.jpg,1,105,105
A_dx0gTp9A5A0AAAAAAAAAAAAAAQAAAQ.jpg,A_O8KZRLhoNGMAAAAAAAAAAAAAAQAAAQ.jpg,1,105,105
A_NLtxRaP1d6wAAAAAAAAAAAAAAQAAAQ.jpg,A_jO7PT6D764gAAAAAAAAAAAAAAQAAAQ.jpg,1,106,106
A_NLtxRaP1d6wAAAAAAAAAAAAAAQAAAQ.jpg,A_ESFIRqtAdmEAAAAAAAAAAAAAAQAAAQ.jpg,1,106,106
A_NLtxRaP1d6wAAAAAAAAAAAAAAQAAAQ.jpg,A_fXp1S7xHV6YAAAAAAAAAAAAAAQAAAQ.jpg,1,106,106
A_jO7PT6D764gAAAAAAAAAAAAAAQAAAQ.jpg,A_ESFIRqtAdmEAAAAAAAAAAAAAAQAAAQ.jpg,1,106,106
A_jO7PT6D764gAAAAAAAAAAAAAAQAAAQ.jpg,A_fXp1S7xHV6YAAAAAAAAAAAAAAQAAAQ.jpg,1,106,106
A_ESFIRqtAdmEAAAAAAAAAAAAAAQAAAQ.jpg,A_fXp1S7xHV6YAAAAAAAAAAAAAAQAAAQ.jpg,1,106,106
tJDuEYiaTTSKF7b-QNnRbgAAACMAARAD.jpg,YKrsyS6qRZ-rCTySE0CuoAAAACMAARAD.jpg,1,107,107
tJDuEYiaTTSKF7b-QNnRbgAAACMAARAD.jpg,HqCc8PT8QMalF5QdbcP9UwAAACMAARAD.jpg,1,107,107
tJDuEYiaTTSKF7b-QNnRbgAAACMAARAD.jpg,PYuk0PscTpKyg5nsQBOYZgAAACMAARAD.jpg,1,107,107
YKrsyS6qRZ-rCTySE0CuoAAAACMAARAD.jpg,HqCc8PT8QMalF5QdbcP9UwAAACMAARAD.jpg,1,107,107
YKrsyS6qRZ-rCTySE0CuoAAAACMAARAD.jpg,PYuk0PscTpKyg5nsQBOYZgAAACMAARAD.jpg,1,107,107
HqCc8PT8QMalF5QdbcP9UwAAACMAARAD.jpg,PYuk0PscTpKyg5nsQBOYZgAAACMAARAD.jpg,1,107,107
A_hqAJQ6LPFncAAAAAAAAAAAAAAQAAAQ.jpg,A_-bFhSYWyHW8AAAAAAAAAAAAAAQAAAQ.jpg,1,108,108
A_hqAJQ6LPFncAAAAAAAAAAAAAAQAAAQ.jpg,A_3felTbn-u0kAAAAAAAAAAAAAAQAAAQ.jpg,1,108,108
A_hqAJQ6LPFncAAAAAAAAAAAAAAQAAAQ.jpg,A_2TkOSZj4Q5QAAAAAAAAAAAAAAQAAAQ.jpg,1,108,108
A_-bFhSYWyHW8AAAAAAAAAAAAAAQAAAQ.jpg,A_3felTbn-u0kAAAAAAAAAAAAAAQAAAQ.jpg,1,108,108
A_-bFhSYWyHW8AAAAAAAAAAAAAAQAAAQ.jpg,A_2TkOSZj4Q5QAAAAAAAAAAAAAAQAAAQ.jpg,1,108,108
A_3felTbn-u0kAAAAAAAAAAAAAAQAAAQ.jpg,A_2TkOSZj4Q5QAAAAAAAAAAAAAAQAAAQ.jpg,1,108,108
tQd1XCVwSy27_2CRPo0NAAAAACMAARAD.jpg,uI5fw6x6QLSNO_eB4fXEZwAAACMAARAD.jpg,1,109,109
tQd1XCVwSy27_2CRPo0NAAAAACMAARAD.jpg,x8Wo4mizQyiMb9ZQPKg2hgAAACMAARAD.jpg,1,109,109
tQd1XCVwSy27_2CRPo0NAAAAACMAARAD.jpg,crE-yGuKTyaiQLaA4borcAAAACMAARAD.jpg,1,109,109
uI5fw6x6QLSNO_eB4fXEZwAAACMAARAD.jpg,x8Wo4mizQyiMb9ZQPKg2hgAAACMAARAD.jpg,1,109,109
uI5fw6x6QLSNO_eB4fXEZwAAACMAARAD.jpg,crE-yGuKTyaiQLaA4borcAAAACMAARAD.jpg,1,109,109
x8Wo4mizQyiMb9ZQPKg2hgAAACMAARAD.jpg,crE-yGuKTyaiQLaA4borcAAAACMAARAD.jpg,1,109,109
A_fiAjSYGYmikAAAAAAAAAAAAAAQAAAQ.jpg,A_VVyqSqssGX8AAAAAAAAAAAAAAQAAAQ.jpg,1,110,110
A_fiAjSYGYmikAAAAAAAAAAAAAAQAAAQ.jpg,A_qcBdQZZoAUcAAAAAAAAAAAAAAQAAAQ.jpg,1,110,110
A_fiAjSYGYmikAAAAAAAAAAAAAAQAAAQ.jpg,A_mwutT7LdQ9IAAAAAAAAAAAAAAQAAAQ.jpg,1,110,110
A_VVyqSqssGX8AAAAAAAAAAAAAAQAAAQ.jpg,A_qcBdQZZoAUcAAAAAAAAAAAAAAQAAAQ.jpg,1,110,110
A_VVyqSqssGX8AAAAAAAAAAAAAAQAAAQ.jpg,A_mwutT7LdQ9IAAAAAAAAAAAAAAQAAAQ.jpg,1,110,110
A_qcBdQZZoAUcAAAAAAAAAAAAAAQAAAQ.jpg,A_mwutT7LdQ9IAAAAAAAAAAAAAAQAAAQ.jpg,1,110,110
A__UAoQbHt2SIAAAAAAAAAAAAAAQAAAQ.jpg,A_cKL1QqoK8C4AAAAAAAAAAAAAAQAAAQ.jpg,1,111,111
A__UAoQbHt2SIAAAAAAAAAAAAAAQAAAQ.jpg,A_GtTURpEqgsQAAAAAAAAAAAAAAQAAAQ.jpg,1,111,111
A__UAoQbHt2SIAAAAAAAAAAAAAAQAAAQ.jpg,A_S1K7SaRCgmsAAAAAAAAAAAAAAQAAAQ.jpg,1,111,111
A_cKL1QqoK8C4AAAAAAAAAAAAAAQAAAQ.jpg,A_GtTURpEqgsQAAAAAAAAAAAAAAQAAAQ.jpg,1,111,111
A_cKL1QqoK8C4AAAAAAAAAAAAAAQAAAQ.jpg,A_S1K7SaRCgmsAAAAAAAAAAAAAAQAAAQ.jpg,1,111,111
A_GtTURpEqgsQAAAAAAAAAAAAAAQAAAQ.jpg,A_S1K7SaRCgmsAAAAAAAAAAAAAAQAAAQ.jpg,1,111,111
A_eKNXQLRk11AAAAAAAAAAAAAAAQAAAQ.jpg,A_vsngRpRhfFsAAAAAAAAAAAAAAQAAAQ.jpg,1,112,112
A_eKNXQLRk11AAAAAAAAAAAAAAAQAAAQ.jpg,A_HngbSJVJVYUAAAAAAAAAAAAAAQAAAQ.jpg,1,112,112
A_eKNXQLRk11AAAAAAAAAAAAAAAQAAAQ.jpg,A_Uqn1Qq1RIzkAAAAAAAAAAAAAAQAAAQ.jpg,1,112,112
A_vsngRpRhfFsAAAAAAAAAAAAAAQAAAQ.jpg,A_HngbSJVJVYUAAAAAAAAAAAAAAQAAAQ.jpg,1,112,112
A_vsngRpRhfFsAAAAAAAAAAAAAAQAAAQ.jpg,A_Uqn1Qq1RIzkAAAAAAAAAAAAAAQAAAQ.jpg,1,112,112
A_HngbSJVJVYUAAAAAAAAAAAAAAQAAAQ.jpg,A_Uqn1Qq1RIzkAAAAAAAAAAAAAAQAAAQ.jpg,1,112,112
A_WidRS5aubWEAAAAAAAAAAAAAAQAAAQ.jpg,A_D9o9T7zICSYAAAAAAAAAAAAAAQAAAQ.jpg,1,113,113
A_WidRS5aubWEAAAAAAAAAAAAAAQAAAQ.jpg,A_D9o9T7zICSYbaeZMlwxEKQAAAQAAAQ.jpg,1,113,113
A_WidRS5aubWEAAAAAAAAAAAAAAQAAAQ.jpg,A_Oa8eT5Wc8OgAAAAAAAAAAAAAAQAAAQ.jpg,1,113,113
A_D9o9T7zICSYAAAAAAAAAAAAAAQAAAQ.jpg,A_D9o9T7zICSYbaeZMlwxEKQAAAQAAAQ.jpg,1,113,113
A_D9o9T7zICSYAAAAAAAAAAAAAAQAAAQ.jpg,A_Oa8eT5Wc8OgAAAAAAAAAAAAAAQAAAQ.jpg,1,113,113
A_D9o9T7zICSYbaeZMlwxEKQAAAQAAAQ.jpg,A_Oa8eT5Wc8OgAAAAAAAAAAAAAAQAAAQ.jpg,1,113,113
A_j3DbSYcsPaAAAAAAAAAAAAAAAQAAAQ.jpg,A_VR95Q4yGMG0AAAAAAAAAAAAAAQAAAQ.jpg,1,114,114
A_j3DbSYcsPaAAAAAAAAAAAAAAAQAAAQ.jpg,A_Y4XwSLpSghkAAAAAAAAAAAAAAQAAAQ.jpg,1,114,114
A_j3DbSYcsPaAAAAAAAAAAAAAAAQAAAQ.jpg,A_spNeTrbTaesAAAAAAAAAAAAAAQAAAQ.jpg,1,114,114
A_VR95Q4yGMG0AAAAAAAAAAAAAAQAAAQ.jpg,A_Y4XwSLpSghkAAAAAAAAAAAAAAQAAAQ.jpg,1,114,114
A_VR95Q4yGMG0AAAAAAAAAAAAAAQAAAQ.jpg,A_spNeTrbTaesAAAAAAAAAAAAAAQAAAQ.jpg,1,114,114
A_Y4XwSLpSghkAAAAAAAAAAAAAAQAAAQ.jpg,A_spNeTrbTaesAAAAAAAAAAAAAAQAAAQ.jpg,1,114,114
A_biEZSZF2Fp0AAAAAAAAAAAAAAQAAAQ.jpg,A_jdqPRo2GPt0AAAAAAAAAAAAAAQAAAQ.jpg,1,115,115
A_biEZSZF2Fp0AAAAAAAAAAAAAAQAAAQ.jpg,A_E-xxRLjoDi0AAAAAAAAAAAAAAQAAAQ.jpg,1,115,115
A_biEZSZF2Fp0AAAAAAAAAAAAAAQAAAQ.jpg,A_7aSXR6UMp8sAAAAAAAAAAAAAAQAAAQ.jpg,1,115,115
A_jdqPRo2GPt0AAAAAAAAAAAAAAQAAAQ.jpg,A_E-xxRLjoDi0AAAAAAAAAAAAAAQAAAQ.jpg,1,115,115
A_jdqPRo2GPt0AAAAAAAAAAAAAAQAAAQ.jpg,A_7aSXR6UMp8sAAAAAAAAAAAAAAQAAAQ.jpg,1,115,115
A_E-xxRLjoDi0AAAAAAAAAAAAAAQAAAQ.jpg,A_7aSXR6UMp8sAAAAAAAAAAAAAAQAAAQ.jpg,1,115,115
A_7dttRYIKAKQAAAAAAAAAAAAAAQAAAQ.jpg,A_CkzESoa57iMAAAAAAAAAAAAAAQAAAQ.jpg,1,116,116
A_7dttRYIKAKQAAAAAAAAAAAAAAQAAAQ.jpg,A_GPn_QKLHezwAAAAAAAAAAAAAAQAAAQ.jpg,1,116,116
A_7dttRYIKAKQAAAAAAAAAAAAAAQAAAQ.jpg,A_B416T40hjHAAAAAAAAAAAAAAAQAAAQ.jpg,1,116,116
A_CkzESoa57iMAAAAAAAAAAAAAAQAAAQ.jpg,A_GPn_QKLHezwAAAAAAAAAAAAAAQAAAQ.jpg,1,116,116
A_CkzESoa57iMAAAAAAAAAAAAAAQAAAQ.jpg,A_B416T40hjHAAAAAAAAAAAAAAAQAAAQ.jpg,1,116,116
A_GPn_QKLHezwAAAAAAAAAAAAAAQAAAQ.jpg,A_B416T40hjHAAAAAAAAAAAAAAAQAAAQ.jpg,1,116,116
A_7YkuQ4_prsMAAAAAAAAAAAAAAQAAAQ.jpg,A_CSAAQqCz9coAAAAAAAAAAAAAAQAAAQ.jpg,1,117,117
A_7YkuQ4_prsMAAAAAAAAAAAAAAQAAAQ.jpg,A_wEzeR4yAYOUAAAAAAAAAAAAAAQAAAQ.jpg,1,117,117
A_7YkuQ4_prsMAAAAAAAAAAAAAAQAAAQ.jpg,A_gCrJTKWF4KgAAAAAAAAAAAAAAQAAAQ.jpg,1,117,117
A_CSAAQqCz9coAAAAAAAAAAAAAAQAAAQ.jpg,A_wEzeR4yAYOUAAAAAAAAAAAAAAQAAAQ.jpg,1,117,117
A_CSAAQqCz9coAAAAAAAAAAAAAAQAAAQ.jpg,A_gCrJTKWF4KgAAAAAAAAAAAAAAQAAAQ.jpg,1,117,117
A_wEzeR4yAYOUAAAAAAAAAAAAAAQAAAQ.jpg,A_gCrJTKWF4KgAAAAAAAAAAAAAAQAAAQ.jpg,1,117,117
A_zjktQp-czbsAAAAAAAAAAAAAAQAAAQ.jpg,A_OVixS5gitWkAAAAAAAAAAAAAAQAAAQ.jpg,1,118,118
A_zjktQp-czbsAAAAAAAAAAAAAAQAAAQ.jpg,A_CjU5SoWF2L0AAAAAAAAAAAAAAQAAAQ.jpg,1,118,118
A_zjktQp-czbsAAAAAAAAAAAAAAQAAAQ.jpg,A_Q0c_QIvmCAoAAAAAAAAAAAAAAQAAAQ.jpg,1,118,118
A_OVixS5gitWkAAAAAAAAAAAAAAQAAAQ.jpg,A_CjU5SoWF2L0AAAAAAAAAAAAAAQAAAQ.jpg,1,118,118
A_OVixS5gitWkAAAAAAAAAAAAAAQAAAQ.jpg,A_Q0c_QIvmCAoAAAAAAAAAAAAAAQAAAQ.jpg,1,118,118
A_CjU5SoWF2L0AAAAAAAAAAAAAAQAAAQ.jpg,A_Q0c_QIvmCAoAAAAAAAAAAAAAAQAAAQ.jpg,1,118,118
A_qDygQaMbmCsAAAAAAAAAAAAAAQAAAQ.jpg,A_2zQ8SKw0HmwAAAAAAAAAAAAAAQAAAQ.jpg,1,119,119
A_qDygQaMbmCsAAAAAAAAAAAAAAQAAAQ.jpg,A_DRG9SbIn_7sAAAAAAAAAAAAAAQAAAQ.jpg,1,119,119
A_qDygQaMbmCsAAAAAAAAAAAAAAQAAAQ.jpg,A_0VjnQoOyQFYAAAAAAAAAAAAAAQAAAQ.jpg,1,119,119
A_2zQ8SKw0HmwAAAAAAAAAAAAAAQAAAQ.jpg,A_DRG9SbIn_7sAAAAAAAAAAAAAAQAAAQ.jpg,1,119,119
A_2zQ8SKw0HmwAAAAAAAAAAAAAAQAAAQ.jpg,A_0VjnQoOyQFYAAAAAAAAAAAAAAQAAAQ.jpg,1,119,119
A_DRG9SbIn_7sAAAAAAAAAAAAAAQAAAQ.jpg,A_0VjnQoOyQFYAAAAAAAAAAAAAAQAAAQ.jpg,1,119,119
jV3ehro-TYitsrnBzUlcVgAAACMAARAD.jpg,C5W99xn9Rpmnq-8QffgzswAAACMAARAD.jpg,1,120,120
jV3ehro-TYitsrnBzUlcVgAAACMAARAD.jpg,gssR255rQKW-hXQD0Y7E_AAAACMAARAD.jpg,1,120,120
jV3ehro-TYitsrnBzUlcVgAAACMAARAD.jpg,5tv9hCixSeCiHja6EI7b6AAAACMAARAD.jpg,1,120,120
C5W99xn9Rpmnq-8QffgzswAAACMAARAD.jpg,gssR255rQKW-hXQD0Y7E_AAAACMAARAD.jpg,1,120,120
C5W99xn9Rpmnq-8QffgzswAAACMAARAD.jpg,5tv9hCixSeCiHja6EI7b6AAAACMAARAD.jpg,1,120,120
gssR255rQKW-hXQD0Y7E_AAAACMAARAD.jpg,5tv9hCixSeCiHja6EI7b6AAAACMAARAD.jpg,1,120,120
A_C_r4QL5_wX0AAAAAAAAAAAAAAQAAAQ.jpg,A_C0vvSpWL_JsAAAAAAAAAAAAAAQAAAQ.jpg,1,121,121
A_C_r4QL5_wX0AAAAAAAAAAAAAAQAAAQ.jpg,A_pWOlQZby4GYAAAAAAAAAAAAAAQAAAQ.jpg,1,121,121
A_C_r4QL5_wX0AAAAAAAAAAAAAAQAAAQ.jpg,A_CfJDTJ9aiOAAAAAAAAAAAAAAAQAAAQ.jpg,1,121,121
A_C0vvSpWL_JsAAAAAAAAAAAAAAQAAAQ.jpg,A_pWOlQZby4GYAAAAAAAAAAAAAAQAAAQ.jpg,1,121,121
A_C0vvSpWL_JsAAAAAAAAAAAAAAQAAAQ.jpg,A_CfJDTJ9aiOAAAAAAAAAAAAAAAQAAAQ.jpg,1,121,121
A_pWOlQZby4GYAAAAAAAAAAAAAAQAAAQ.jpg,A_CfJDTJ9aiOAAAAAAAAAAAAAAAQAAAQ.jpg,1,121,121
A_ymwwSJZai5IAAAAAAAAAAAAAAQAAAQ.jpg,A_BdbARbNUADgAAAAAAAAAAAAAAQAAAQ.jpg,1,122,122
A_ymwwSJZai5IAAAAAAAAAAAAAAQAAAQ.jpg,A_PXh2Q7BkVC0AAAAAAAAAAAAAAQAAAQ.jpg,1,122,122
A_ymwwSJZai5IAAAAAAAAAAAAAAQAAAQ.jpg,A_MzYDRI1zIykAAAAAAAAAAAAAAQAAAQ.jpg,1,122,122
A_BdbARbNUADgAAAAAAAAAAAAAAQAAAQ.jpg,A_PXh2Q7BkVC0AAAAAAAAAAAAAAQAAAQ.jpg,1,122,122
A_BdbARbNUADgAAAAAAAAAAAAAAQAAAQ.jpg,A_MzYDRI1zIykAAAAAAAAAAAAAAQAAAQ.jpg,1,122,122
A_PXh2Q7BkVC0AAAAAAAAAAAAAAQAAAQ.jpg,A_MzYDRI1zIykAAAAAAAAAAAAAAQAAAQ.jpg,1,122,122
A_2lrgQ5piRFsAAAAAAAAAAAAAAQAAAQ.jpg,A_otkrQ6x55ioAAAAAAAAAAAAAAQAAAQ.jpg,1,123,123
A_2lrgQ5piRFsAAAAAAAAAAAAAAQAAAQ.jpg,A_RZTaRK3bJIcAAAAAAAAAAAAAAQAAAQ.jpg,1,123,123
A_2lrgQ5piRFsAAAAAAAAAAAAAAQAAAQ.jpg,A_q0dFR7cGWkQAAAAAAAAAAAAAAQAAAQ.jpg,1,123,123
A_otkrQ6x55ioAAAAAAAAAAAAAAQAAAQ.jpg,A_RZTaRK3bJIcAAAAAAAAAAAAAAQAAAQ.jpg,1,123,123
A_otkrQ6x55ioAAAAAAAAAAAAAAQAAAQ.jpg,A_q0dFR7cGWkQAAAAAAAAAAAAAAQAAAQ.jpg,1,123,123
A_RZTaRK3bJIcAAAAAAAAAAAAAAQAAAQ.jpg,A_q0dFR7cGWkQAAAAAAAAAAAAAAQAAAQ.jpg,1,123,123
A_icEHSLdCQo8AAAAAAAAAAAAAAQAAAQ.jpg,A_A29dTpQ8IOwAAAAAAAAAAAAAAQAAAQ.jpg,1,124,124
A_icEHSLdCQo8AAAAAAAAAAAAAAQAAAQ.jpg,A_8gLsQ6KuwHQAAAAAAAAAAAAAAQAAAQ.jpg,1,124,124
A_icEHSLdCQo8AAAAAAAAAAAAAAQAAAQ.jpg,A_olotS4XoJFkAAAAAAAAAAAAAAQAAAQ.jpg,1,124,124
A_A29dTpQ8IOwAAAAAAAAAAAAAAQAAAQ.jpg,A_8gLsQ6KuwHQAAAAAAAAAAAAAAQAAAQ.jpg,1,124,124
A_A29dTpQ8IOwAAAAAAAAAAAAAAQAAAQ.jpg,A_olotS4XoJFkAAAAAAAAAAAAAAQAAAQ.jpg,1,124,124
A_8gLsQ6KuwHQAAAAAAAAAAAAAAQAAAQ.jpg,A_olotS4XoJFkAAAAAAAAAAAAAAQAAAQ.jpg,1,124,124
A_L_fMQ4YgTbUAAAAAAAAAAAAAAQAAAQ.jpg,A_Ka1IRZhFoOoAAAAAAAAAAAAAAQAAAQ.jpg,1,125,125
A_L_fMQ4YgTbUAAAAAAAAAAAAAAQAAAQ.jpg,A_lXDEQaoW4GsAAAAAAAAAAAAAAQAAAQ.jpg,1,125,125
A_L_fMQ4YgTbUAAAAAAAAAAAAAAQAAAQ.jpg,A_8xTQSLkd18MAAAAAAAAAAAAAAQAAAQ.jpg,1,125,125
A_Ka1IRZhFoOoAAAAAAAAAAAAAAQAAAQ.jpg,A_lXDEQaoW4GsAAAAAAAAAAAAAAQAAAQ.jpg,1,125,125
A_Ka1IRZhFoOoAAAAAAAAAAAAAAQAAAQ.jpg,A_8xTQSLkd18MAAAAAAAAAAAAAAQAAAQ.jpg,1,125,125
A_lXDEQaoW4GsAAAAAAAAAAAAAAQAAAQ.jpg,A_8xTQSLkd18MAAAAAAAAAAAAAAQAAAQ.jpg,1,125,125
A_NfYdSZ8-0FYAAAAAAAAAAAAAAQAAAQ.jpg,A_demMTaFj7p8AAAAAAAAAAAAAAQAAAQ.jpg,1,126,126
A_NfYdSZ8-0FYAAAAAAAAAAAAAAQAAAQ.jpg,A_6BoNTIj6Zn8AAAAAAAAAAAAAAQAAAQ.jpg,1,126,126
A_NfYdSZ8-0FYAAAAAAAAAAAAAAQAAAQ.jpg,A_9jzqQrTHgCQAAAAAAAAAAAAAAQAAAQ.jpg,1,126,126
A_demMTaFj7p8AAAAAAAAAAAAAAQAAAQ.jpg,A_6BoNTIj6Zn8AAAAAAAAAAAAAAQAAAQ.jpg,1,126,126
A_demMTaFj7p8AAAAAAAAAAAAAAQAAAQ.jpg,A_9jzqQrTHgCQAAAAAAAAAAAAAAQAAAQ.jpg,1,126,126
A_6BoNTIj6Zn8AAAAAAAAAAAAAAQAAAQ.jpg,A_9jzqQrTHgCQAAAAAAAAAAAAAAQAAAQ.jpg,1,126,126
A_gR_YR4d18TQAAAAAAAAAAAAAAQAAAQ.jpg,A_zz-aSZh8rzMAAAAAAAAAAAAAAQAAAQ.jpg,1,127,127
A_gR_YR4d18TQAAAAAAAAAAAAAAQAAAQ.jpg,A_eLCGTJtC0LMAAAAAAAAAAAAAAQAAAQ.jpg,1,127,127
A_gR_YR4d18TQAAAAAAAAAAAAAAQAAAQ.jpg,A_F-Y6SLy3q3kAAAAAAAAAAAAAAQAAAQ.jpg,1,127,127
A_zz-aSZh8rzMAAAAAAAAAAAAAAQAAAQ.jpg,A_eLCGTJtC0LMAAAAAAAAAAAAAAQAAAQ.jpg,1,127,127
A_zz-aSZh8rzMAAAAAAAAAAAAAAQAAAQ.jpg,A_F-Y6SLy3q3kAAAAAAAAAAAAAAQAAAQ.jpg,1,127,127
A_eLCGTJtC0LMAAAAAAAAAAAAAAQAAAQ.jpg,A_F-Y6SLy3q3kAAAAAAAAAAAAAAQAAAQ.jpg,1,127,127
hL3x2UFYTb-fOuBIwUKJMAAAACMAARED.jpg,KtjlPeKCRb-0vismjLY7MgAAACMAARED.jpg,1,128,128
hL3x2UFYTb-fOuBIwUKJMAAAACMAARED.jpg,hc_8dM3TTzeQxx1wn6w2ogAAACMAARAD.jpg,1,128,128
hL3x2UFYTb-fOuBIwUKJMAAAACMAARED.jpg,40cC6HWzRva34jaC_YZZAwAAACMAARED.jpg,1,128,128
KtjlPeKCRb-0vismjLY7MgAAACMAARED.jpg,hc_8dM3TTzeQxx1wn6w2ogAAACMAARAD.jpg,1,128,128
KtjlPeKCRb-0vismjLY7MgAAACMAARED.jpg,40cC6HWzRva34jaC_YZZAwAAACMAARED.jpg,1,128,128
hc_8dM3TTzeQxx1wn6w2ogAAACMAARAD.jpg,40cC6HWzRva34jaC_YZZAwAAACMAARED.jpg,1,128,128
J4N-el7oSxaafAyjuSBgGAAAACMAARAD.jpg,jljP-9JORDyajV3g_xwG_wAAACMAARAD.jpg,1,129,129
J4N-el7oSxaafAyjuSBgGAAAACMAARAD.jpg,kI8JptLQRmKD74_JZNiHXQAAACMAARAD.jpg,1,129,129
J4N-el7oSxaafAyjuSBgGAAAACMAARAD.jpg,t7OjT-JkTe-fdqtZnMC8oAAAACMAARAD.jpg,1,129,129
jljP-9JORDyajV3g_xwG_wAAACMAARAD.jpg,kI8JptLQRmKD74_JZNiHXQAAACMAARAD.jpg,1,129,129
jljP-9JORDyajV3g_xwG_wAAACMAARAD.jpg,t7OjT-JkTe-fdqtZnMC8oAAAACMAARAD.jpg,1,129,129
kI8JptLQRmKD74_JZNiHXQAAACMAARAD.jpg,t7OjT-JkTe-fdqtZnMC8oAAAACMAARAD.jpg,1,129,129
A_TnpqRIoO1cIAAAAAAAAAAAAAAQAAAQ.jpg,A_5RnLQp7mKNsAAAAAAAAAAAAAAQAAAQ.jpg,1,130,130
A_TnpqRIoO1cIAAAAAAAAAAAAAAQAAAQ.jpg,A_7zNRSYbqsoAAAAAAAAAAAAAAAQAAAQ.jpg,1,130,130
A_TnpqRIoO1cIAAAAAAAAAAAAAAQAAAQ.jpg,A_b-8qRr28s_QAAAAAAAAAAAAAAQAAAQ.jpg,1,130,130
A_5RnLQp7mKNsAAAAAAAAAAAAAAQAAAQ.jpg,A_7zNRSYbqsoAAAAAAAAAAAAAAAQAAAQ.jpg,1,130,130
A_5RnLQp7mKNsAAAAAAAAAAAAAAQAAAQ.jpg,A_b-8qRr28s_QAAAAAAAAAAAAAAQAAAQ.jpg,1,130,130
A_7zNRSYbqsoAAAAAAAAAAAAAAAQAAAQ.jpg,A_b-8qRr28s_QAAAAAAAAAAAAAAQAAAQ.jpg,1,130,130
A_iJVwTais0UgAAAAAAAAAAAAAAQAAAQ.jpg,A_IfS8TqroUEgAAAAAAAAAAAAAAQAAAQ.jpg,1,131,131
A_iJVwTais0UgAAAAAAAAAAAAAAQAAAQ.jpg,A_n4mzQqZYsskAAAAAAAAAAAAAAQAAAQ.jpg,1,131,131
A_iJVwTais0UgAAAAAAAAAAAAAAQAAAQ.jpg,A_k6J1RpHE-uEAAAAAAAAAAAAAAQAAAQ.jpg,1,131,131
A_IfS8TqroUEgAAAAAAAAAAAAAAQAAAQ.jpg,A_n4mzQqZYsskAAAAAAAAAAAAAAQAAAQ.jpg,1,131,131
A_IfS8TqroUEgAAAAAAAAAAAAAAQAAAQ.jpg,A_k6J1RpHE-uEAAAAAAAAAAAAAAQAAAQ.jpg,1,131,131
A_n4mzQqZYsskAAAAAAAAAAAAAAQAAAQ.jpg,A_k6J1RpHE-uEAAAAAAAAAAAAAAQAAAQ.jpg,1,131,131
3TWmN3cgR6O-z4Ry4M-TngAAACMAARAD.jpg,MfYoqfAzSxyKWkDANp68IQAAACMAARAD.jpg,1,132,132
3TWmN3cgR6O-z4Ry4M-TngAAACMAARAD.jpg,uKy0yW2aSKGHTpR2lfUysQAAACMAARAD.jpg,1,132,132
3TWmN3cgR6O-z4Ry4M-TngAAACMAARAD.jpg,ysnTdNgkTQ2KcesYGinCrgAAACMAARAD.jpg,1,132,132
MfYoqfAzSxyKWkDANp68IQAAACMAARAD.jpg,uKy0yW2aSKGHTpR2lfUysQAAACMAARAD.jpg,1,132,132
MfYoqfAzSxyKWkDANp68IQAAACMAARAD.jpg,ysnTdNgkTQ2KcesYGinCrgAAACMAARAD.jpg,1,132,132
uKy0yW2aSKGHTpR2lfUysQAAACMAARAD.jpg,ysnTdNgkTQ2KcesYGinCrgAAACMAARAD.jpg,1,132,132
A_wbFXSqEkpSMAAAAAAAAAAAAAAQAAAQ.jpg,A_oU0aQJ48IRsAAAAAAAAAAAAAAQAAAQ.jpg,1,133,133
A_wbFXSqEkpSMAAAAAAAAAAAAAAQAAAQ.jpg,A_jDBmTIN3O1EAAAAAAAAAAAAAAQAAAQ.jpg,1,133,133
A_wbFXSqEkpSMAAAAAAAAAAAAAAQAAAQ.jpg,A_vjMsQZpQaTkAAAAAAAAAAAAAAQAAAQ.jpg,1,133,133
A_oU0aQJ48IRsAAAAAAAAAAAAAAQAAAQ.jpg,A_jDBmTIN3O1EAAAAAAAAAAAAAAQAAAQ.jpg,1,133,133
A_oU0aQJ48IRsAAAAAAAAAAAAAAQAAAQ.jpg,A_vjMsQZpQaTkAAAAAAAAAAAAAAQAAAQ.jpg,1,133,133
A_jDBmTIN3O1EAAAAAAAAAAAAAAQAAAQ.jpg,A_vjMsQZpQaTkAAAAAAAAAAAAAAQAAAQ.jpg,1,133,133
lFnXbsgySbe-RMVrti88KQAAACMAARAD.jpg,LNlPtwVGSl-ipHGlshPDWAAAACMAARAD.jpg,1,134,134
lFnXbsgySbe-RMVrti88KQAAACMAARAD.jpg,PKvgCxspT06mVkCupz9C2QAAACMAARAD.jpg,1,134,134
lFnXbsgySbe-RMVrti88KQAAACMAARAD.jpg,HuSWm8MwS8C21fYeSVVyagAAACMAARAD.jpg,1,134,134
LNlPtwVGSl-ipHGlshPDWAAAACMAARAD.jpg,PKvgCxspT06mVkCupz9C2QAAACMAARAD.jpg,1,134,134
LNlPtwVGSl-ipHGlshPDWAAAACMAARAD.jpg,HuSWm8MwS8C21fYeSVVyagAAACMAARAD.jpg,1,134,134
PKvgCxspT06mVkCupz9C2QAAACMAARAD.jpg,HuSWm8MwS8C21fYeSVVyagAAACMAARAD.jpg,1,134,134
A_4uZrQJsALPQAAAAAAAAAAAAAAQAAAQ.jpg,A_qQm9SqhVmh8AAAAAAAAAAAAAAQAAAQ.jpg,1,135,135
A_4uZrQJsALPQAAAAAAAAAAAAAAQAAAQ.jpg,A_Ak6wQLMJZPUAAAAAAAAAAAAAAQAAAQ.jpg,1,135,135
A_4uZrQJsALPQAAAAAAAAAAAAAAQAAAQ.jpg,A_0Z_BTJTyxrUAAAAAAAAAAAAAAQAAAQ.jpg,1,135,135
A_qQm9SqhVmh8AAAAAAAAAAAAAAQAAAQ.jpg,A_Ak6wQLMJZPUAAAAAAAAAAAAAAQAAAQ.jpg,1,135,135
A_qQm9SqhVmh8AAAAAAAAAAAAAAQAAAQ.jpg,A_0Z_BTJTyxrUAAAAAAAAAAAAAAQAAAQ.jpg,1,135,135
A_Ak6wQLMJZPUAAAAAAAAAAAAAAQAAAQ.jpg,A_0Z_BTJTyxrUAAAAAAAAAAAAAAQAAAQ.jpg,1,135,135
A_g3QTTLBYHsUAAAAAAAAAAAAAAQAAAQ.jpg,A_EVPKRbZgOYgAAAAAAAAAAAAAAQAAAQ.jpg,1,136,136
A_g3QTTLBYHsUAAAAAAAAAAAAAAQAAAQ.jpg,A_Rc01QbuRw5YAAAAAAAAAAAAAAQAAAQ.jpg,1,136,136
A_g3QTTLBYHsUAAAAAAAAAAAAAAQAAAQ.jpg,A_p01WSpLvktkAAAAAAAAAAAAAAQAAAQ.jpg,1,136,136
A_EVPKRbZgOYgAAAAAAAAAAAAAAQAAAQ.jpg,A_Rc01QbuRw5YAAAAAAAAAAAAAAQAAAQ.jpg,1,136,136
A_EVPKRbZgOYgAAAAAAAAAAAAAAQAAAQ.jpg,A_p01WSpLvktkAAAAAAAAAAAAAAQAAAQ.jpg,1,136,136
A_Rc01QbuRw5YAAAAAAAAAAAAAAQAAAQ.jpg,A_p01WSpLvktkAAAAAAAAAAAAAAQAAAQ.jpg,1,136,136
A_a5OsTbYWWVQAAAAAAAAAAAAAAQAAAQ.jpg,A_g55DSKHkNDkAAAAAAAAAAAAAAQAAAQ.jpg,1,137,137
A_a5OsTbYWWVQAAAAAAAAAAAAAAQAAAQ.jpg,A__FEKTZUF1Y8AAAAAAAAAAAAAAQAAAQ.jpg,1,137,137
A_a5OsTbYWWVQAAAAAAAAAAAAAAQAAAQ.jpg,A_c7PhTYy24i4AAAAAAAAAAAAAAQAAAQ.jpg,1,137,137
A_g55DSKHkNDkAAAAAAAAAAAAAAQAAAQ.jpg,A__FEKTZUF1Y8AAAAAAAAAAAAAAQAAAQ.jpg,1,137,137
A_g55DSKHkNDkAAAAAAAAAAAAAAQAAAQ.jpg,A_c7PhTYy24i4AAAAAAAAAAAAAAQAAAQ.jpg,1,137,137
A__FEKTZUF1Y8AAAAAAAAAAAAAAQAAAQ.jpg,A_c7PhTYy24i4AAAAAAAAAAAAAAQAAAQ.jpg,1,137,137
A_ZkMGSr_0kyQAAAAAAAAAAAAAAQAAAQ.jpg,A_rphdRInnC2cAAAAAAAAAAAAAAQAAAQ.jpg,1,138,138
A_ZkMGSr_0kyQAAAAAAAAAAAAAAQAAAQ.jpg,A_nJFYQIdXJJIAAAAAAAAAAAAAAQAAAQ.jpg,1,138,138
A_ZkMGSr_0kyQAAAAAAAAAAAAAAQAAAQ.jpg,A_Y6qGQYFvMP0AAAAAAAAAAAAAAQAAAQ.jpg,1,138,138
A_rphdRInnC2cAAAAAAAAAAAAAAQAAAQ.jpg,A_nJFYQIdXJJIAAAAAAAAAAAAAAQAAAQ.jpg,1,138,138
A_rphdRInnC2cAAAAAAAAAAAAAAQAAAQ.jpg,A_Y6qGQYFvMP0AAAAAAAAAAAAAAQAAAQ.jpg,1,138,138
A_nJFYQIdXJJIAAAAAAAAAAAAAAQAAAQ.jpg,A_Y6qGQYFvMP0AAAAAAAAAAAAAAQAAAQ.jpg,1,138,138
A_AMHwR48il0gAAAAAAAAAAAAAAQAAAQ.jpg,A_TgAqQpXQPWgAAAAAAAAAAAAAAQAAAQ.jpg,1,139,139
A_AMHwR48il0gAAAAAAAAAAAAAAQAAAQ.jpg,A_16FyRKAdZCwAAAAAAAAAAAAAAQAAAQ.jpg,1,139,139
A_AMHwR48il0gAAAAAAAAAAAAAAQAAAQ.jpg,A_to61RICU3tgAAAAAAAAAAAAAAQAAAQ.jpg,1,139,139
A_TgAqQpXQPWgAAAAAAAAAAAAAAQAAAQ.jpg,A_16FyRKAdZCwAAAAAAAAAAAAAAQAAAQ.jpg,1,139,139
A_TgAqQpXQPWgAAAAAAAAAAAAAAQAAAQ.jpg,A_to61RICU3tgAAAAAAAAAAAAAAQAAAQ.jpg,1,139,139
A_16FyRKAdZCwAAAAAAAAAAAAAAQAAAQ.jpg,A_to61RICU3tgAAAAAAAAAAAAAAQAAAQ.jpg,1,139,139
A_T_xdRoOUXqsAAAAAAAAAAAAAAQAAAQ.jpg,A_UXmITL-h8LMAAAAAAAAAAAAAAQAAAQ.jpg,1,140,140
A_T_xdRoOUXqsAAAAAAAAAAAAAAQAAAQ.jpg,A_Cx8AT5HA35gAAAAAAAAAAAAAAQAAAQ.jpg,1,140,140
A_T_xdRoOUXqsAAAAAAAAAAAAAAQAAAQ.jpg,A_Sm0gS7RP30QAAAAAAAAAAAAAAQAAAQ.jpg,1,140,140
A_UXmITL-h8LMAAAAAAAAAAAAAAQAAAQ.jpg,A_Cx8AT5HA35gAAAAAAAAAAAAAAQAAAQ.jpg,1,140,140
A_UXmITL-h8LMAAAAAAAAAAAAAAQAAAQ.jpg,A_Sm0gS7RP30QAAAAAAAAAAAAAAQAAAQ.jpg,1,140,140
A_Cx8AT5HA35gAAAAAAAAAAAAAAQAAAQ.jpg,A_Sm0gS7RP30QAAAAAAAAAAAAAAQAAAQ.jpg,1,140,140
A_vaaqQKunbZkAAAAAAAAAAAAAAQAAAQ.jpg,A_vA8kSp4KcUUAAAAAAAAAAAAAAQAAAQ.jpg,1,141,141
A_vaaqQKunbZkAAAAAAAAAAAAAAQAAAQ.jpg,A_WNgORoRRamAAAAAAAAAAAAAAAQAAAQ.jpg,1,141,141
A_vaaqQKunbZkAAAAAAAAAAAAAAQAAAQ.jpg,A_hKxiQrUhfZUAAAAAAAAAAAAAAQAAAQ.jpg,1,141,141
A_vA8kSp4KcUUAAAAAAAAAAAAAAQAAAQ.jpg,A_WNgORoRRamAAAAAAAAAAAAAAAQAAAQ.jpg,1,141,141
A_vA8kSp4KcUUAAAAAAAAAAAAAAQAAAQ.jpg,A_hKxiQrUhfZUAAAAAAAAAAAAAAQAAAQ.jpg,1,141,141
A_WNgORoRRamAAAAAAAAAAAAAAAQAAAQ.jpg,A_hKxiQrUhfZUAAAAAAAAAAAAAAQAAAQ.jpg,1,141,141
A_s3DKToWP_5UAAAAAAAAAAAAAAQAAAQ.jpg,A_f7WbRLWc904AAAAAAAAAAAAAAQAAAQ.jpg,1,142,142
A_s3DKToWP_5UAAAAAAAAAAAAAAQAAAQ.jpg,A_GWDtRJ-PEYIAAAAAAAAAAAAAAQAAAQ.jpg,1,142,142
A_s3DKToWP_5UAAAAAAAAAAAAAAQAAAQ.jpg,A_FyXHS6lwH00AAAAAAAAAAAAAAQAAAQ.jpg,1,142,142
A_f7WbRLWc904AAAAAAAAAAAAAAQAAAQ.jpg,A_GWDtRJ-PEYIAAAAAAAAAAAAAAQAAAQ.jpg,1,142,142
A_f7WbRLWc904AAAAAAAAAAAAAAQAAAQ.jpg,A_FyXHS6lwH00AAAAAAAAAAAAAAQAAAQ.jpg,1,142,142
A_GWDtRJ-PEYIAAAAAAAAAAAAAAQAAAQ.jpg,A_FyXHS6lwH00AAAAAAAAAAAAAAQAAAQ.jpg,1,142,142
A_cKTpQK7jeCMAAAAAAAAAAAAAAQAAAQ.jpg,A_G_d-SZ5LZZsAAAAAAAAAAAAAAQAAAQ.jpg,1,143,143
A_cKTpQK7jeCMAAAAAAAAAAAAAAQAAAQ.jpg,A_xK0XQo9bd_wAAAAAAAAAAAAAAQAAAQ.jpg,1,143,143
A_cKTpQK7jeCMAAAAAAAAAAAAAAQAAAQ.jpg,A_rZCET7Bcu5YAAAAAAAAAAAAAAQAAAQ.jpg,1,143,143
A_G_d-SZ5LZZsAAAAAAAAAAAAAAQAAAQ.jpg,A_xK0XQo9bd_wAAAAAAAAAAAAAAQAAAQ.jpg,1,143,143
A_G_d-SZ5LZZsAAAAAAAAAAAAAAQAAAQ.jpg,A_rZCET7Bcu5YAAAAAAAAAAAAAAQAAAQ.jpg,1,143,143
A_xK0XQo9bd_wAAAAAAAAAAAAAAQAAAQ.jpg,A_rZCET7Bcu5YAAAAAAAAAAAAAAQAAAQ.jpg,1,143,143
A_Kg8hQIvTubMAAAAAAAAAAAAAAQAAAQ.jpg,A_mFi6TLRxJ9cAAAAAAAAAAAAAAQAAAQ.jpg,1,144,144
A_Kg8hQIvTubMAAAAAAAAAAAAAAQAAAQ.jpg,A_XSjzR59VqvHRlAVGm_RBAAAAAQAAAQ.jpg,1,144,144
A_Kg8hQIvTubMAAAAAAAAAAAAAAQAAAQ.jpg,A_UE-JSb_9FMYAAAAAAAAAAAAAAQAAAQ.jpg,1,144,144
A_mFi6TLRxJ9cAAAAAAAAAAAAAAQAAAQ.jpg,A_XSjzR59VqvHRlAVGm_RBAAAAAQAAAQ.jpg,1,144,144
A_mFi6TLRxJ9cAAAAAAAAAAAAAAQAAAQ.jpg,A_UE-JSb_9FMYAAAAAAAAAAAAAAQAAAQ.jpg,1,144,144
A_XSjzR59VqvHRlAVGm_RBAAAAAQAAAQ.jpg,A_UE-JSb_9FMYAAAAAAAAAAAAAAQAAAQ.jpg,1,144,144
A_cy6BT7zBon8AAAAAAAAAAAAAAQAAAQ.jpg,A_yusuSowwe7sAAAAAAAAAAAAAAQAAAQ.jpg,1,145,145
A_cy6BT7zBon8AAAAAAAAAAAAAAQAAAQ.jpg,A_7PWcRpT6-noAAAAAAAAAAAAAAQAAAQ.jpg,1,145,145
A_cy6BT7zBon8AAAAAAAAAAAAAAQAAAQ.jpg,A_phjfSK7C04wAAAAAAAAAAAAAAQAAAQ.jpg,1,145,145
A_yusuSowwe7sAAAAAAAAAAAAAAQAAAQ.jpg,A_7PWcRpT6-noAAAAAAAAAAAAAAQAAAQ.jpg,1,145,145
A_yusuSowwe7sAAAAAAAAAAAAAAQAAAQ.jpg,A_phjfSK7C04wAAAAAAAAAAAAAAQAAAQ.jpg,1,145,145
A_7PWcRpT6-noAAAAAAAAAAAAAAQAAAQ.jpg,A_phjfSK7C04wAAAAAAAAAAAAAAQAAAQ.jpg,1,145,145
A_NnDDQ68F5F8AAAAAAAAAAAAAAQAAAQ.jpg,A_KW5iQISstkQAAAAAAAAAAAAAAQAAAQ.jpg,1,146,146
A_NnDDQ68F5F8AAAAAAAAAAAAAAQAAAQ.jpg,A_LsbQTaqu05YAAAAAAAAAAAAAAQAAAQ.jpg,1,146,146
A_NnDDQ68F5F8AAAAAAAAAAAAAAQAAAQ.jpg,A_t87cQqq5PeYAAAAAAAAAAAAAAQAAAQ.jpg,1,146,146
A_KW5iQISstkQAAAAAAAAAAAAAAQAAAQ.jpg,A_LsbQTaqu05YAAAAAAAAAAAAAAQAAAQ.jpg,1,146,146
A_KW5iQISstkQAAAAAAAAAAAAAAQAAAQ.jpg,A_t87cQqq5PeYAAAAAAAAAAAAAAQAAAQ.jpg,1,146,146
A_LsbQTaqu05YAAAAAAAAAAAAAAQAAAQ.jpg,A_t87cQqq5PeYAAAAAAAAAAAAAAQAAAQ.jpg,1,146,146
A_xx0YQr5BNq8AAAAAAAAAAAAAAQAAAQ.jpg,A_zxwhSKLMsogAAAAAAAAAAAAAAQAAAQ.jpg,1,147,147
A_xx0YQr5BNq8AAAAAAAAAAAAAAQAAAQ.jpg,A_stmPT54njmIU_RNLpIBqvAAAAQAAAQ.jpg,1,147,147
A_xx0YQr5BNq8AAAAAAAAAAAAAAQAAAQ.jpg,A_stmPT54njmIAAAAAAAAAAAAAAQAAAQ.jpg,1,147,147
A_zxwhSKLMsogAAAAAAAAAAAAAAQAAAQ.jpg,A_stmPT54njmIU_RNLpIBqvAAAAQAAAQ.jpg,1,147,147
A_zxwhSKLMsogAAAAAAAAAAAAAAQAAAQ.jpg,A_stmPT54njmIAAAAAAAAAAAAAAQAAAQ.jpg,1,147,147
A_stmPT54njmIU_RNLpIBqvAAAAQAAAQ.jpg,A_stmPT54njmIAAAAAAAAAAAAAAQAAAQ.jpg,1,147,147
A_JKoXS5qMLWXZM1xIuGy1bAAAAQAAAQ.jpg,A_zMhHRKUhSuE7jzBNqjIYmQAAAQAAAQ.jpg,1,148,148
A_JKoXS5qMLWXZM1xIuGy1bAAAAQAAAQ.jpg,A_5zUtS5frsf4AAAAAAAAAAAAAAQAAAQ.jpg,1,148,148
A_JKoXS5qMLWXZM1xIuGy1bAAAAQAAAQ.jpg,A_zMhHRKUhSuErdB5Pt_ADkgAAAQAAAQ.jpg,1,148,148
A_zMhHRKUhSuE7jzBNqjIYmQAAAQAAAQ.jpg,A_5zUtS5frsf4AAAAAAAAAAAAAAQAAAQ.jpg,1,148,148
A_zMhHRKUhSuE7jzBNqjIYmQAAAQAAAQ.jpg,A_zMhHRKUhSuErdB5Pt_ADkgAAAQAAAQ.jpg,1,148,148
A_5zUtS5frsf4AAAAAAAAAAAAAAQAAAQ.jpg,A_zMhHRKUhSuErdB5Pt_ADkgAAAQAAAQ.jpg,1,148,148
A_WAmwRrFJUhUAAAAAAAAAAAAAAQAAAQ.jpg,A_-mntSLpmrZwAAAAAAAAAAAAAAQAAAQ.jpg,1,149,149
A_WAmwRrFJUhUAAAAAAAAAAAAAAQAAAQ.jpg,A_b-wTSqGrNAEAAAAAAAAAAAAAAQAAAQ.jpg,1,149,149
A_WAmwRrFJUhUAAAAAAAAAAAAAAQAAAQ.jpg,A_SJTyRbZbs-8AAAAAAAAAAAAAAQAAAQ.jpg,1,149,149
A_-mntSLpmrZwAAAAAAAAAAAAAAQAAAQ.jpg,A_b-wTSqGrNAEAAAAAAAAAAAAAAQAAAQ.jpg,1,149,149
A_-mntSLpmrZwAAAAAAAAAAAAAAQAAAQ.jpg,A_SJTyRbZbs-8AAAAAAAAAAAAAAQAAAQ.jpg,1,149,149
A_b-wTSqGrNAEAAAAAAAAAAAAAAQAAAQ.jpg,A_SJTyRbZbs-8AAAAAAAAAAAAAAQAAAQ.jpg,1,149,149
f4a1-1TxSRStvQAki3vjjQAAACMAARAD.jpg,Xep9PWi-TnyRkBu-1lOpugAAACMAARAD.jpg,1,150,150
f4a1-1TxSRStvQAki3vjjQAAACMAARAD.jpg,qt9ydc-FTHqABlnv0E338AAAACMAARAD.jpg,1,150,150
f4a1-1TxSRStvQAki3vjjQAAACMAARAD.jpg,FzycvDuPSGu-ef2sruqE3wAAACMAARAD.jpg,1,150,150
Xep9PWi-TnyRkBu-1lOpugAAACMAARAD.jpg,qt9ydc-FTHqABlnv0E338AAAACMAARAD.jpg,1,150,150
Xep9PWi-TnyRkBu-1lOpugAAACMAARAD.jpg,FzycvDuPSGu-ef2sruqE3wAAACMAARAD.jpg,1,150,150
qt9ydc-FTHqABlnv0E338AAAACMAARAD.jpg,FzycvDuPSGu-ef2sruqE3wAAACMAARAD.jpg,1,150,150
A_uJmSS6jwC_EAAAAAAAAAAAAAAQAAAQ.jpg,A_tXSZTIQiK3YAAAAAAAAAAAAAAQAAAQ.jpg,1,151,151
A_uJmSS6jwC_EAAAAAAAAAAAAAAQAAAQ.jpg,A_fNviRZaQBUIAAAAAAAAAAAAAAQAAAQ.jpg,1,151,151
A_uJmSS6jwC_EAAAAAAAAAAAAAAQAAAQ.jpg,A_J1qLRIBVPRwAAAAAAAAAAAAAAQAAAQ.jpg,1,151,151
A_tXSZTIQiK3YAAAAAAAAAAAAAAQAAAQ.jpg,A_fNviRZaQBUIAAAAAAAAAAAAAAQAAAQ.jpg,1,151,151
A_tXSZTIQiK3YAAAAAAAAAAAAAAQAAAQ.jpg,A_J1qLRIBVPRwAAAAAAAAAAAAAAQAAAQ.jpg,1,151,151
A_fNviRZaQBUIAAAAAAAAAAAAAAQAAAQ.jpg,A_J1qLRIBVPRwAAAAAAAAAAAAAAQAAAQ.jpg,1,151,151
A_yo0qQ6lU6HsAAAAAAAAAAAAAAQAAAQ.jpg,A_y3o0T5zshLsAAAAAAAAAAAAAAQAAAQ.jpg,1,152,152
A_yo0qQ6lU6HsAAAAAAAAAAAAAAQAAAQ.jpg,A_7boYR4gvvhMAAAAAAAAAAAAAAQAAAQ.jpg,1,152,152
A_yo0qQ6lU6HsAAAAAAAAAAAAAAQAAAQ.jpg,A_TiDfT7B8BmwAAAAAAAAAAAAAAQAAAQ.jpg,1,152,152
A_y3o0T5zshLsAAAAAAAAAAAAAAQAAAQ.jpg,A_7boYR4gvvhMAAAAAAAAAAAAAAQAAAQ.jpg,1,152,152
A_y3o0T5zshLsAAAAAAAAAAAAAAQAAAQ.jpg,A_TiDfT7B8BmwAAAAAAAAAAAAAAQAAAQ.jpg,1,152,152
A_7boYR4gvvhMAAAAAAAAAAAAAAQAAAQ.jpg,A_TiDfT7B8BmwAAAAAAAAAAAAAAQAAAQ.jpg,1,152,152
A__2g8SIdev1YAAAAAAAAAAAAAAQAAAQ.jpg,A_ChqmSJ1Ok-IAAAAAAAAAAAAAAQAAAQ.jpg,1,153,153
A__2g8SIdev1YAAAAAAAAAAAAAAQAAAQ.jpg,A_XNHHSZlJH00AAAAAAAAAAAAAAQAAAQ.jpg,1,153,153
A__2g8SIdev1YAAAAAAAAAAAAAAQAAAQ.jpg,A_Uzk2SrABsKIAAAAAAAAAAAAAAQAAAQ.jpg,1,153,153
A_ChqmSJ1Ok-IAAAAAAAAAAAAAAQAAAQ.jpg,A_XNHHSZlJH00AAAAAAAAAAAAAAQAAAQ.jpg,1,153,153
A_ChqmSJ1Ok-IAAAAAAAAAAAAAAQAAAQ.jpg,A_Uzk2SrABsKIAAAAAAAAAAAAAAQAAAQ.jpg,1,153,153
A_XNHHSZlJH00AAAAAAAAAAAAAAQAAAQ.jpg,A_Uzk2SrABsKIAAAAAAAAAAAAAAQAAAQ.jpg,1,153,153
A_EUqYT7AVrh4AAAAAAAAAAAAAAQAAAQ.jpg,A_cdBQTbPmNRcAAAAAAAAAAAAAAQAAAQ.jpg,1,154,154
A_EUqYT7AVrh4AAAAAAAAAAAAAAQAAAQ.jpg,A_xvAiTaIgyiIAAAAAAAAAAAAAAQAAAQ.jpg,1,154,154
A_EUqYT7AVrh4AAAAAAAAAAAAAAQAAAQ.jpg,A_D5vXRpubIH4AAAAAAAAAAAAAAQAAAQ.jpg,1,154,154
A_cdBQTbPmNRcAAAAAAAAAAAAAAQAAAQ.jpg,A_xvAiTaIgyiIAAAAAAAAAAAAAAQAAAQ.jpg,1,154,154
A_cdBQTbPmNRcAAAAAAAAAAAAAAQAAAQ.jpg,A_D5vXRpubIH4AAAAAAAAAAAAAAQAAAQ.jpg,1,154,154
A_xvAiTaIgyiIAAAAAAAAAAAAAAQAAAQ.jpg,A_D5vXRpubIH4AAAAAAAAAAAAAAQAAAQ.jpg,1,154,154
8uu1FfYMQXe3pxQOcXQR9gAAACMAARAD.jpg,WNf53_8ITqK97-33UL-ISgAAACMAARAD.jpg,1,155,155
8uu1FfYMQXe3pxQOcXQR9gAAACMAARAD.jpg,zGfOrLgJRWq4z48tv9EHeQAAACMAARAD.jpg,1,155,155
8uu1FfYMQXe3pxQOcXQR9gAAACMAARAD.jpg,oUwFV4MkS2S9joIua_wkvwAAACMAARAD.jpg,1,155,155
WNf53_8ITqK97-33UL-ISgAAACMAARAD.jpg,zGfOrLgJRWq4z48tv9EHeQAAACMAARAD.jpg,1,155,155
WNf53_8ITqK97-33UL-ISgAAACMAARAD.jpg,oUwFV4MkS2S9joIua_wkvwAAACMAARAD.jpg,1,155,155
zGfOrLgJRWq4z48tv9EHeQAAACMAARAD.jpg,oUwFV4MkS2S9joIua_wkvwAAACMAARAD.jpg,1,155,155
A_cU0aRI8xDi0AAAAAAAAAAAAAAQAAAQ.jpg,A_Fk7aSIVdPRsAAAAAAAAAAAAAAQAAAQ.jpg,1,156,156
A_cU0aRI8xDi0AAAAAAAAAAAAAAQAAAQ.jpg,A_0ZuNSaLNy7EAAAAAAAAAAAAAAQAAAQ.jpg,1,156,156
A_cU0aRI8xDi0AAAAAAAAAAAAAAQAAAQ.jpg,A_kEkzS6WBDdQAAAAAAAAAAAAAAQAAAQ.jpg,1,156,156
A_Fk7aSIVdPRsAAAAAAAAAAAAAAQAAAQ.jpg,A_0ZuNSaLNy7EAAAAAAAAAAAAAAQAAAQ.jpg,1,156,156
A_Fk7aSIVdPRsAAAAAAAAAAAAAAQAAAQ.jpg,A_kEkzS6WBDdQAAAAAAAAAAAAAAQAAAQ.jpg,1,156,156
A_0ZuNSaLNy7EAAAAAAAAAAAAAAQAAAQ.jpg,A_kEkzS6WBDdQAAAAAAAAAAAAAAQAAAQ.jpg,1,156,156
A_D7ODTa7POC4AAAAAAAAAAAAAAQAAAQ.jpg,A_Sgy4Q5WINnoAAAAAAAAAAAAAAQAAAQ.jpg,1,157,157
A_D7ODTa7POC4AAAAAAAAAAAAAAQAAAQ.jpg,A_wPiZSI8pSBIAAAAAAAAAAAAAAQAAAQ.jpg,1,157,157
A_D7ODTa7POC4AAAAAAAAAAAAAAQAAAQ.jpg,A_N57xRZ6tBnwAAAAAAAAAAAAAAQAAAQ.jpg,1,157,157
A_Sgy4Q5WINnoAAAAAAAAAAAAAAQAAAQ.jpg,A_wPiZSI8pSBIAAAAAAAAAAAAAAQAAAQ.jpg,1,157,157
A_Sgy4Q5WINnoAAAAAAAAAAAAAAQAAAQ.jpg,A_N57xRZ6tBnwAAAAAAAAAAAAAAQAAAQ.jpg,1,157,157
A_wPiZSI8pSBIAAAAAAAAAAAAAAQAAAQ.jpg,A_N57xRZ6tBnwAAAAAAAAAAAAAAQAAAQ.jpg,1,157,157
A_6bWnTrslKhwAAAAAAAAAAAAAAQAAAQ.jpg,A_3AbSRaIVmvwAAAAAAAAAAAAAAQAAAQ.jpg,1,158,158
A_6bWnTrslKhwAAAAAAAAAAAAAAQAAAQ.jpg,A_7zzVQYVHFHgAAAAAAAAAAAAAAQAAAQ.jpg,1,158,158
A_6bWnTrslKhwAAAAAAAAAAAAAAQAAAQ.jpg,A__sCTTLlfQsMAAAAAAAAAAAAAAQAAAQ.jpg,1,158,158
A_3AbSRaIVmvwAAAAAAAAAAAAAAQAAAQ.jpg,A_7zzVQYVHFHgAAAAAAAAAAAAAAQAAAQ.jpg,1,158,158
A_3AbSRaIVmvwAAAAAAAAAAAAAAQAAAQ.jpg,A__sCTTLlfQsMAAAAAAAAAAAAAAQAAAQ.jpg,1,158,158
A_7zzVQYVHFHgAAAAAAAAAAAAAAQAAAQ.jpg,A__sCTTLlfQsMAAAAAAAAAAAAAAQAAAQ.jpg,1,158,158
A_cwDhQLizVhEAAAAAAAAAAAAAAQAAAQ.jpg,A_Ws9rTr4ssSIAAAAAAAAAAAAAAQAAAQ.jpg,1,159,159
A_cwDhQLizVhEAAAAAAAAAAAAAAQAAAQ.jpg,A_-XUaRqtBWX4AAAAAAAAAAAAAAQAAAQ.jpg,1,159,159
A_cwDhQLizVhEAAAAAAAAAAAAAAQAAAQ.jpg,A_T7tpTqdx0wcAAAAAAAAAAAAAAQAAAQ.jpg,1,159,159
A_Ws9rTr4ssSIAAAAAAAAAAAAAAQAAAQ.jpg,A_-XUaRqtBWX4AAAAAAAAAAAAAAQAAAQ.jpg,1,159,159
A_Ws9rTr4ssSIAAAAAAAAAAAAAAQAAAQ.jpg,A_T7tpTqdx0wcAAAAAAAAAAAAAAQAAAQ.jpg,1,159,159
A_-XUaRqtBWX4AAAAAAAAAAAAAAQAAAQ.jpg,A_T7tpTqdx0wcAAAAAAAAAAAAAAQAAAQ.jpg,1,159,159
A_izLaT4q7z-8AAAAAAAAAAAAAAQAAAQ.jpg,A_WDLkR6ptwJYAAAAAAAAAAAAAAQAAAQ.jpg,1,160,160
A_izLaT4q7z-8AAAAAAAAAAAAAAQAAAQ.jpg,A_puDYQoa6ZyAAAAAAAAAAAAAAAQAAAQ.jpg,1,160,160
A_izLaT4q7z-8AAAAAAAAAAAAAAQAAAQ.jpg,A_0-ELRoJDoOAAAAAAAAAAAAAAAQAAAQ.jpg,1,160,160
A_WDLkR6ptwJYAAAAAAAAAAAAAAQAAAQ.jpg,A_puDYQoa6ZyAAAAAAAAAAAAAAAQAAAQ.jpg,1,160,160
A_WDLkR6ptwJYAAAAAAAAAAAAAAQAAAQ.jpg,A_0-ELRoJDoOAAAAAAAAAAAAAAAQAAAQ.jpg,1,160,160
A_puDYQoa6ZyAAAAAAAAAAAAAAAQAAAQ.jpg,A_0-ELRoJDoOAAAAAAAAAAAAAAAQAAAQ.jpg,1,160,160
A_a7OnT702SKIAAAAAAAAAAAAAAQAAAQ.jpg,A_7TXVT6R41bwAAAAAAAAAAAAAAQAAAQ.jpg,1,161,161
A_a7OnT702SKIAAAAAAAAAAAAAAQAAAQ.jpg,A_AuorQ4yCMh0AAAAAAAAAAAAAAQAAAQ.jpg,1,161,161
A_a7OnT702SKIAAAAAAAAAAAAAAQAAAQ.jpg,A_j72ARLb_6boAAAAAAAAAAAAAAQAAAQ.jpg,1,161,161
A_7TXVT6R41bwAAAAAAAAAAAAAAQAAAQ.jpg,A_AuorQ4yCMh0AAAAAAAAAAAAAAQAAAQ.jpg,1,161,161
A_7TXVT6R41bwAAAAAAAAAAAAAAQAAAQ.jpg,A_j72ARLb_6boAAAAAAAAAAAAAAQAAAQ.jpg,1,161,161
A_AuorQ4yCMh0AAAAAAAAAAAAAAQAAAQ.jpg,A_j72ARLb_6boAAAAAAAAAAAAAAQAAAQ.jpg,1,161,161
A_4mW0Q5rIZpgAAAAAAAAAAAAAAQAAAQ.jpg,A_yrFZSaXtfAEAAAAAAAAAAAAAAQAAAQ.jpg,1,162,162
A_4mW0Q5rIZpgAAAAAAAAAAAAAAQAAAQ.jpg,A_s-BYTbC6hKgAAAAAAAAAAAAAAQAAAQ.jpg,1,162,162
A_4mW0Q5rIZpgAAAAAAAAAAAAAAQAAAQ.jpg,A_AKdFRp5BRZYAAAAAAAAAAAAAAQAAAQ.jpg,1,162,162
A_yrFZSaXtfAEAAAAAAAAAAAAAAQAAAQ.jpg,A_s-BYTbC6hKgAAAAAAAAAAAAAAQAAAQ.jpg,1,162,162
A_yrFZSaXtfAEAAAAAAAAAAAAAAQAAAQ.jpg,A_AKdFRp5BRZYAAAAAAAAAAAAAAQAAAQ.jpg,1,162,162
A_s-BYTbC6hKgAAAAAAAAAAAAAAQAAAQ.jpg,A_AKdFRp5BRZYAAAAAAAAAAAAAAQAAAQ.jpg,1,162,162
A_v2AMTqrkHXgAAAAAAAAAAAAAAQAAAQ.jpg,A_tjIQQ4rItcQAAAAAAAAAAAAAAQAAAQ.jpg,1,163,163
A_v2AMTqrkHXgAAAAAAAAAAAAAAQAAAQ.jpg,A_04oDR5lbyT4AAAAAAAAAAAAAAQAAAQ.jpg,1,163,163
A_v2AMTqrkHXgAAAAAAAAAAAAAAQAAAQ.jpg,A_EfL_QYa84I4AAAAAAAAAAAAAAQAAAQ.jpg,1,163,163
A_tjIQQ4rItcQAAAAAAAAAAAAAAQAAAQ.jpg,A_04oDR5lbyT4AAAAAAAAAAAAAAQAAAQ.jpg,1,163,163
A_tjIQQ4rItcQAAAAAAAAAAAAAAQAAAQ.jpg,A_EfL_QYa84I4AAAAAAAAAAAAAAQAAAQ.jpg,1,163,163
A_04oDR5lbyT4AAAAAAAAAAAAAAQAAAQ.jpg,A_EfL_QYa84I4AAAAAAAAAAAAAAQAAAQ.jpg,1,163,163
A2fZWAEeTfWyTqA6MlIezgAAACMAARAD.jpg,HekMXIAUTl2HXeAFu4VTAgAAACMAARAD.jpg,1,164,164
A2fZWAEeTfWyTqA6MlIezgAAACMAARAD.jpg,FqQ7Yv3sQqamD1XqNUNQeQAAACMAARAD.jpg,1,164,164
A2fZWAEeTfWyTqA6MlIezgAAACMAARAD.jpg,RIZCEXosSOm6gQj1pn6RSAAAACMAARAD.jpg,1,164,164
HekMXIAUTl2HXeAFu4VTAgAAACMAARAD.jpg,FqQ7Yv3sQqamD1XqNUNQeQAAACMAARAD.jpg,1,164,164
HekMXIAUTl2HXeAFu4VTAgAAACMAARAD.jpg,RIZCEXosSOm6gQj1pn6RSAAAACMAARAD.jpg,1,164,164
FqQ7Yv3sQqamD1XqNUNQeQAAACMAARAD.jpg,RIZCEXosSOm6gQj1pn6RSAAAACMAARAD.jpg,1,164,164
A_vEWFRJ2pIzwAAAAAAAAAAAAAAQAAAQ.jpg,A_wr26TqasgdEAAAAAAAAAAAAAAQAAAQ.jpg,1,165,165
A_vEWFRJ2pIzwAAAAAAAAAAAAAAQAAAQ.jpg,A_4rz3RZuMxDMAAAAAAAAAAAAAAQAAAQ.jpg,1,165,165
A_vEWFRJ2pIzwAAAAAAAAAAAAAAQAAAQ.jpg,A_KwVMSYgdftIAAAAAAAAAAAAAAQAAAQ.jpg,1,165,165
A_wr26TqasgdEAAAAAAAAAAAAAAQAAAQ.jpg,A_4rz3RZuMxDMAAAAAAAAAAAAAAQAAAQ.jpg,1,165,165
A_wr26TqasgdEAAAAAAAAAAAAAAQAAAQ.jpg,A_KwVMSYgdftIAAAAAAAAAAAAAAQAAAQ.jpg,1,165,165
A_4rz3RZuMxDMAAAAAAAAAAAAAAQAAAQ.jpg,A_KwVMSYgdftIAAAAAAAAAAAAAAQAAAQ.jpg,1,165,165
aa7CED-ZTiSSG_-WFIoMkwAAACMAARAD.jpg,w9YQq4_NScePMhUzHiU7ugAAACMAARAD.jpg,1,166,166
aa7CED-ZTiSSG_-WFIoMkwAAACMAARAD.jpg,YDkF-IExTl-pKxGA-asCwwAAACMAARAD.jpg,1,166,166
aa7CED-ZTiSSG_-WFIoMkwAAACMAARAD.jpg,_YxN02DfQ7OUYkwftQP0QQAAACMAARAD.jpg,1,166,166
w9YQq4_NScePMhUzHiU7ugAAACMAARAD.jpg,YDkF-IExTl-pKxGA-asCwwAAACMAARAD.jpg,1,166,166
w9YQq4_NScePMhUzHiU7ugAAACMAARAD.jpg,_YxN02DfQ7OUYkwftQP0QQAAACMAARAD.jpg,1,166,166
YDkF-IExTl-pKxGA-asCwwAAACMAARAD.jpg,_YxN02DfQ7OUYkwftQP0QQAAACMAARAD.jpg,1,166,166
A_M2dJTrQsL7gAAAAAAAAAAAAAAQAAAQ.jpg,A_a0R0R5IAcOEAAAAAAAAAAAAAAQAAAQ.jpg,1,167,167
A_M2dJTrQsL7gAAAAAAAAAAAAAAQAAAQ.jpg,A_hqBxRo7pAs4AAAAAAAAAAAAAAQAAAQ.jpg,1,167,167
A_M2dJTrQsL7gAAAAAAAAAAAAAAQAAAQ.jpg,A_yuLVT43MzcgAAAAAAAAAAAAAAQAAAQ.jpg,1,167,167
A_a0R0R5IAcOEAAAAAAAAAAAAAAQAAAQ.jpg,A_hqBxRo7pAs4AAAAAAAAAAAAAAQAAAQ.jpg,1,167,167
A_a0R0R5IAcOEAAAAAAAAAAAAAAQAAAQ.jpg,A_yuLVT43MzcgAAAAAAAAAAAAAAQAAAQ.jpg,1,167,167
A_hqBxRo7pAs4AAAAAAAAAAAAAAQAAAQ.jpg,A_yuLVT43MzcgAAAAAAAAAAAAAAQAAAQ.jpg,1,167,167
A_XiKLT6SCDZsAAAAAAAAAAAAAAQAAAQ.jpg,A_z_sFRp0sqQIAAAAAAAAAAAAAAQAAAQ.jpg,1,168,168
A_XiKLT6SCDZsAAAAAAAAAAAAAAQAAAQ.jpg,A_RPqaQYB6kjQAAAAAAAAAAAAAAQAAAQ.jpg,1,168,168
A_XiKLT6SCDZsAAAAAAAAAAAAAAQAAAQ.jpg,A_mbl_QJe6wqwAAAAAAAAAAAAAAQAAAQ.jpg,1,168,168
A_z_sFRp0sqQIAAAAAAAAAAAAAAQAAAQ.jpg,A_RPqaQYB6kjQAAAAAAAAAAAAAAQAAAQ.jpg,1,168,168
A_z_sFRp0sqQIAAAAAAAAAAAAAAQAAAQ.jpg,A_mbl_QJe6wqwAAAAAAAAAAAAAAQAAAQ.jpg,1,168,168
A_RPqaQYB6kjQAAAAAAAAAAAAAAQAAAQ.jpg,A_mbl_QJe6wqwAAAAAAAAAAAAAAQAAAQ.jpg,1,168,168
A_AgMeSbS1YrMAAAAAAAAAAAAAAQAAAQ.jpg,A_cKh6QbFC51wAAAAAAAAAAAAAAQAAAQ.jpg,1,169,169
A_AgMeSbS1YrMAAAAAAAAAAAAAAQAAAQ.jpg,A_tmV0SKPNXSUAAAAAAAAAAAAAAQAAAQ.jpg,1,169,169
A_AgMeSbS1YrMAAAAAAAAAAAAAAQAAAQ.jpg,A_KXFaQ7PvD3gAAAAAAAAAAAAAAQAAAQ.jpg,1,169,169
A_cKh6QbFC51wAAAAAAAAAAAAAAQAAAQ.jpg,A_tmV0SKPNXSUAAAAAAAAAAAAAAQAAAQ.jpg,1,169,169
A_cKh6QbFC51wAAAAAAAAAAAAAAQAAAQ.jpg,A_KXFaQ7PvD3gAAAAAAAAAAAAAAQAAAQ.jpg,1,169,169
A_tmV0SKPNXSUAAAAAAAAAAAAAAQAAAQ.jpg,A_KXFaQ7PvD3gAAAAAAAAAAAAAAQAAAQ.jpg,1,169,169
A_r5lyTqEh9NQAAAAAAAAAAAAAAQAAAQ.jpg,A_BUCBRov7kcoAAAAAAAAAAAAAAQAAAQ.jpg,1,170,170
A_r5lyTqEh9NQAAAAAAAAAAAAAAQAAAQ.jpg,A_4OwVSaVoxg4AAAAAAAAAAAAAAQAAAQ.jpg,1,170,170
A_r5lyTqEh9NQAAAAAAAAAAAAAAQAAAQ.jpg,A_Or1GTqTym0AAAAAAAAAAAAAAAQAAAQ.jpg,1,170,170
A_BUCBRov7kcoAAAAAAAAAAAAAAQAAAQ.jpg,A_4OwVSaVoxg4AAAAAAAAAAAAAAQAAAQ.jpg,1,170,170
A_BUCBRov7kcoAAAAAAAAAAAAAAQAAAQ.jpg,A_Or1GTqTym0AAAAAAAAAAAAAAAQAAAQ.jpg,1,170,170
A_4OwVSaVoxg4AAAAAAAAAAAAAAQAAAQ.jpg,A_Or1GTqTym0AAAAAAAAAAAAAAAQAAAQ.jpg,1,170,170
A_Li70RYXYOToAAAAAAAAAAAAAAQAAAQ.jpg,A_KjDbQJVMoCMAAAAAAAAAAAAAAQAAAQ.jpg,1,171,171
A_Li70RYXYOToAAAAAAAAAAAAAAQAAAQ.jpg,A_pTBdRpDG19IAAAAAAAAAAAAAAQAAAQ.jpg,1,171,171
A_Li70RYXYOToAAAAAAAAAAAAAAQAAAQ.jpg,A_s1uuSboGX58AAAAAAAAAAAAAAQAAAQ.jpg,1,171,171
A_KjDbQJVMoCMAAAAAAAAAAAAAAQAAAQ.jpg,A_pTBdRpDG19IAAAAAAAAAAAAAAQAAAQ.jpg,1,171,171
A_KjDbQJVMoCMAAAAAAAAAAAAAAQAAAQ.jpg,A_s1uuSboGX58AAAAAAAAAAAAAAQAAAQ.jpg,1,171,171
A_pTBdRpDG19IAAAAAAAAAAAAAAQAAAQ.jpg,A_s1uuSboGX58AAAAAAAAAAAAAAQAAAQ.jpg,1,171,171
A_TlQXRagTGKcAAAAAAAAAAAAAAQAAAQ.jpg,A_stIeTZ6xLSQAAAAAAAAAAAAAAQAAAQ.jpg,1,172,172
A_TlQXRagTGKcAAAAAAAAAAAAAAQAAAQ.jpg,A_dxCNSp4IGbAAAAAAAAAAAAAAAQAAAQ.jpg,1,172,172
A_TlQXRagTGKcAAAAAAAAAAAAAAQAAAQ.jpg,A_aOn9RpOdtFIAAAAAAAAAAAAAAQAAAQ.jpg,1,172,172
A_stIeTZ6xLSQAAAAAAAAAAAAAAQAAAQ.jpg,A_dxCNSp4IGbAAAAAAAAAAAAAAAQAAAQ.jpg,1,172,172
A_stIeTZ6xLSQAAAAAAAAAAAAAAQAAAQ.jpg,A_aOn9RpOdtFIAAAAAAAAAAAAAAQAAAQ.jpg,1,172,172
A_dxCNSp4IGbAAAAAAAAAAAAAAAQAAAQ.jpg,A_aOn9RpOdtFIAAAAAAAAAAAAAAQAAAQ.jpg,1,172,172
A_hDlVQZkfoCwAAAAAAAAAAAAAAQAAAQ.jpg,A_BozJTaHtlVkAAAAAAAAAAAAAAQAAAQ.jpg,1,173,173
A_hDlVQZkfoCwAAAAAAAAAAAAAAQAAAQ.jpg,A_g9LKSo8QMHwAAAAAAAAAAAAAAQAAAQ.jpg,1,173,173
A_hDlVQZkfoCwAAAAAAAAAAAAAAQAAAQ.jpg,A_RaRvSLwdvtQAAAAAAAAAAAAAAQAAAQ.jpg,1,173,173
A_BozJTaHtlVkAAAAAAAAAAAAAAQAAAQ.jpg,A_g9LKSo8QMHwAAAAAAAAAAAAAAQAAAQ.jpg,1,173,173
A_BozJTaHtlVkAAAAAAAAAAAAAAQAAAQ.jpg,A_RaRvSLwdvtQAAAAAAAAAAAAAAQAAAQ.jpg,1,173,173
A_g9LKSo8QMHwAAAAAAAAAAAAAAQAAAQ.jpg,A_RaRvSLwdvtQAAAAAAAAAAAAAAQAAAQ.jpg,1,173,173
95yWrxU0SHOjvzfmAl1GjwAAACMAARAD.jpg,s-goRr4zRqihodt8c49wvwAAACMAARAD.jpg,1,174,174
95yWrxU0SHOjvzfmAl1GjwAAACMAARAD.jpg,frdTcr-kQKe_ugKUa32pmwAAACMAARAD.jpg,1,174,174
95yWrxU0SHOjvzfmAl1GjwAAACMAARAD.jpg,uxwfx91iR5GKZanJd9Z42wAAACMAARAD.jpg,1,174,174
s-goRr4zRqihodt8c49wvwAAACMAARAD.jpg,frdTcr-kQKe_ugKUa32pmwAAACMAARAD.jpg,1,174,174
s-goRr4zRqihodt8c49wvwAAACMAARAD.jpg,uxwfx91iR5GKZanJd9Z42wAAACMAARAD.jpg,1,174,174
frdTcr-kQKe_ugKUa32pmwAAACMAARAD.jpg,uxwfx91iR5GKZanJd9Z42wAAACMAARAD.jpg,1,174,174
A_92a6Tq_Mr68AAAAAAAAAAAAAAQAAAQ.jpg,A_jB9eRYoChjwAAAAAAAAAAAAAAQAAAQ.jpg,1,175,175
A_92a6Tq_Mr68AAAAAAAAAAAAAAQAAAQ.jpg,A_0aCUSY5NN4IAAAAAAAAAAAAAAQAAAQ.jpg,1,175,175
A_92a6Tq_Mr68AAAAAAAAAAAAAAQAAAQ.jpg,A_rZL0S6dvFYvlzupIll1R-AAAAQAAAQ.jpg,1,175,175
A_jB9eRYoChjwAAAAAAAAAAAAAAQAAAQ.jpg,A_0aCUSY5NN4IAAAAAAAAAAAAAAQAAAQ.jpg,1,175,175
A_jB9eRYoChjwAAAAAAAAAAAAAAQAAAQ.jpg,A_rZL0S6dvFYvlzupIll1R-AAAAQAAAQ.jpg,1,175,175
A_0aCUSY5NN4IAAAAAAAAAAAAAAQAAAQ.jpg,A_rZL0S6dvFYvlzupIll1R-AAAAQAAAQ.jpg,1,175,175
A_Oj4CRqQrUiU9b2pImURI-AAAAQAAAQ.jpg,A_o8ipRYjXiXQAAAAAAAAAAAAAAQAAAQ.jpg,1,176,176
A_Oj4CRqQrUiU9b2pImURI-AAAAQAAAQ.jpg,A_5z1SRIthrRMAAAAAAAAAAAAAAQAAAQ.jpg,1,176,176
A_Oj4CRqQrUiU9b2pImURI-AAAAQAAAQ.jpg,A_KxBVRZ_49dEAAAAAAAAAAAAAAQAAAQ.jpg,1,176,176
A_o8ipRYjXiXQAAAAAAAAAAAAAAQAAAQ.jpg,A_5z1SRIthrRMAAAAAAAAAAAAAAQAAAQ.jpg,1,176,176
A_o8ipRYjXiXQAAAAAAAAAAAAAAQAAAQ.jpg,A_KxBVRZ_49dEAAAAAAAAAAAAAAQAAAQ.jpg,1,176,176
A_5z1SRIthrRMAAAAAAAAAAAAAAQAAAQ.jpg,A_KxBVRZ_49dEAAAAAAAAAAAAAAQAAAQ.jpg,1,176,176
omt8M0kmRMSuRUW91x_fLgAAACMAARAD.jpg,1u5RC96DSSGhP-caETvXfQAAACMAARAD.jpg,1,177,177
omt8M0kmRMSuRUW91x_fLgAAACMAARAD.jpg,gioGl7mwSCab39gMX8ARnAAAACMAARAD.jpg,1,177,177
omt8M0kmRMSuRUW91x_fLgAAACMAARAD.jpg,8bqSm5suQB-TkC66R2F-lgAAACMAARAD.jpg,1,177,177
1u5RC96DSSGhP-caETvXfQAAACMAARAD.jpg,gioGl7mwSCab39gMX8ARnAAAACMAARAD.jpg,1,177,177
1u5RC96DSSGhP-caETvXfQAAACMAARAD.jpg,8bqSm5suQB-TkC66R2F-lgAAACMAARAD.jpg,1,177,177
gioGl7mwSCab39gMX8ARnAAAACMAARAD.jpg,8bqSm5suQB-TkC66R2F-lgAAACMAARAD.jpg,1,177,177
A_XkL2TbqrMEwAAAAAAAAAAAAAAQAAAQ.jpg,A_uY8RT48iBmoAAAAAAAAAAAAAAQAAAQ.jpg,1,178,178
A_XkL2TbqrMEwAAAAAAAAAAAAAAQAAAQ.jpg,A_AoHdR7FLKwgAAAAAAAAAAAAAAQAAAQ.jpg,1,178,178
A_XkL2TbqrMEwAAAAAAAAAAAAAAQAAAQ.jpg,A_JFf0QpMDxLUAAAAAAAAAAAAAAQAAAQ.jpg,1,178,178
A_uY8RT48iBmoAAAAAAAAAAAAAAQAAAQ.jpg,A_AoHdR7FLKwgAAAAAAAAAAAAAAQAAAQ.jpg,1,178,178
A_uY8RT48iBmoAAAAAAAAAAAAAAQAAAQ.jpg,A_JFf0QpMDxLUAAAAAAAAAAAAAAQAAAQ.jpg,1,178,178
A_AoHdR7FLKwgAAAAAAAAAAAAAAQAAAQ.jpg,A_JFf0QpMDxLUAAAAAAAAAAAAAAQAAAQ.jpg,1,178,178
A_HII8R5WzRQ4AAAAAAAAAAAAAAQAAAQ.jpg,A_uSLAQKtJDr4AAAAAAAAAAAAAAQAAAQ.jpg,1,179,179
A_HII8R5WzRQ4AAAAAAAAAAAAAAQAAAQ.jpg,A_sjosRJ0wPVkAAAAAAAAAAAAAAQAAAQ.jpg,1,179,179
A_HII8R5WzRQ4AAAAAAAAAAAAAAQAAAQ.jpg,A_ItmHSrXG59IAAAAAAAAAAAAAAQAAAQ.jpg,1,179,179
A_uSLAQKtJDr4AAAAAAAAAAAAAAQAAAQ.jpg,A_sjosRJ0wPVkAAAAAAAAAAAAAAQAAAQ.jpg,1,179,179
A_uSLAQKtJDr4AAAAAAAAAAAAAAQAAAQ.jpg,A_ItmHSrXG59IAAAAAAAAAAAAAAQAAAQ.jpg,1,179,179
A_sjosRJ0wPVkAAAAAAAAAAAAAAQAAAQ.jpg,A_ItmHSrXG59IAAAAAAAAAAAAAAQAAAQ.jpg,1,179,179
A_miO8RI_sLsIAAAAAAAAAAAAAAQAAAQ.jpg,A_mELMSZX6_9YAAAAAAAAAAAAAAQAAAQ.jpg,1,180,180
A_miO8RI_sLsIAAAAAAAAAAAAAAQAAAQ.jpg,A_BvagTqt2xW0AAAAAAAAAAAAAAQAAAQ.jpg,1,180,180
A_miO8RI_sLsIAAAAAAAAAAAAAAQAAAQ.jpg,A_CMb2RJx-GToAAAAAAAAAAAAAAQAAAQ.jpg,1,180,180
A_mELMSZX6_9YAAAAAAAAAAAAAAQAAAQ.jpg,A_BvagTqt2xW0AAAAAAAAAAAAAAQAAAQ.jpg,1,180,180
A_mELMSZX6_9YAAAAAAAAAAAAAAQAAAQ.jpg,A_CMb2RJx-GToAAAAAAAAAAAAAAQAAAQ.jpg,1,180,180
A_BvagTqt2xW0AAAAAAAAAAAAAAQAAAQ.jpg,A_CMb2RJx-GToAAAAAAAAAAAAAAQAAAQ.jpg,1,180,180
A_h0UnRoWDbBQAAAAAAAAAAAAAAQAAAQ.jpg,A_YaJOSrbcB5YAAAAAAAAAAAAAAQAAAQ.jpg,1,181,181
A_h0UnRoWDbBQAAAAAAAAAAAAAAQAAAQ.jpg,A_Mr_oTZ8LdmUAAAAAAAAAAAAAAQAAAQ.jpg,1,181,181
A_h0UnRoWDbBQAAAAAAAAAAAAAAQAAAQ.jpg,A_K-1tRZOChRUAAAAAAAAAAAAAAQAAAQ.jpg,1,181,181
A_YaJOSrbcB5YAAAAAAAAAAAAAAQAAAQ.jpg,A_Mr_oTZ8LdmUAAAAAAAAAAAAAAQAAAQ.jpg,1,181,181
A_YaJOSrbcB5YAAAAAAAAAAAAAAQAAAQ.jpg,A_K-1tRZOChRUAAAAAAAAAAAAAAQAAAQ.jpg,1,181,181
A_Mr_oTZ8LdmUAAAAAAAAAAAAAAQAAAQ.jpg,A_K-1tRZOChRUAAAAAAAAAAAAAAQAAAQ.jpg,1,181,181
A_gBKETKn8DvwAAAAAAAAAAAAAAQAAAQ.jpg,A_0ZBaRKtusuAAAAAAAAAAAAAAAQAAAQ.jpg,1,182,182
A_gBKETKn8DvwAAAAAAAAAAAAAAQAAAQ.jpg,A_m2BwRaFdErIAAAAAAAAAAAAAAQAAAQ.jpg,1,182,182
A_gBKETKn8DvwAAAAAAAAAAAAAAQAAAQ.jpg,A_l8urSJ3Y_ZMAAAAAAAAAAAAAAQAAAQ.jpg,1,182,182
A_0ZBaRKtusuAAAAAAAAAAAAAAAQAAAQ.jpg,A_m2BwRaFdErIAAAAAAAAAAAAAAQAAAQ.jpg,1,182,182
A_0ZBaRKtusuAAAAAAAAAAAAAAAQAAAQ.jpg,A_l8urSJ3Y_ZMAAAAAAAAAAAAAAQAAAQ.jpg,1,182,182
A_m2BwRaFdErIAAAAAAAAAAAAAAQAAAQ.jpg,A_l8urSJ3Y_ZMAAAAAAAAAAAAAAQAAAQ.jpg,1,182,182
A_hB7UQZ1wHGQAAAAAAAAAAAAAAQAAAQ.jpg,A_zRxmTpGb1kMAAAAAAAAAAAAAAQAAAQ.jpg,1,183,183
A_hB7UQZ1wHGQAAAAAAAAAAAAAAQAAAQ.jpg,A_dZG9Q4576q8AAAAAAAAAAAAAAQAAAQ.jpg,1,183,183
A_hB7UQZ1wHGQAAAAAAAAAAAAAAQAAAQ.jpg,A_LC73QKKHtxsAAAAAAAAAAAAAAQAAAQ.jpg,1,183,183
A_zRxmTpGb1kMAAAAAAAAAAAAAAQAAAQ.jpg,A_dZG9Q4576q8AAAAAAAAAAAAAAQAAAQ.jpg,1,183,183
A_zRxmTpGb1kMAAAAAAAAAAAAAAQAAAQ.jpg,A_LC73QKKHtxsAAAAAAAAAAAAAAQAAAQ.jpg,1,183,183
A_dZG9Q4576q8AAAAAAAAAAAAAAQAAAQ.jpg,A_LC73QKKHtxsAAAAAAAAAAAAAAQAAAQ.jpg,1,183,183
A_03AFSaoCIYMAAAAAAAAAAAAAAQAAAQ.jpg,A_bRcAQpqLS8kAAAAAAAAAAAAAAQAAAQ.jpg,1,184,184
A_03AFSaoCIYMAAAAAAAAAAAAAAQAAAQ.jpg,A_oZO5TK174JsAAAAAAAAAAAAAAQAAAQ.jpg,1,184,184
A_03AFSaoCIYMAAAAAAAAAAAAAAQAAAQ.jpg,A_95Z4QIMBISQAAAAAAAAAAAAAAQAAAQ.jpg,1,184,184
A_bRcAQpqLS8kAAAAAAAAAAAAAAQAAAQ.jpg,A_oZO5TK174JsAAAAAAAAAAAAAAQAAAQ.jpg,1,184,184
A_bRcAQpqLS8kAAAAAAAAAAAAAAQAAAQ.jpg,A_95Z4QIMBISQAAAAAAAAAAAAAAQAAAQ.jpg,1,184,184
A_oZO5TK174JsAAAAAAAAAAAAAAQAAAQ.jpg,A_95Z4QIMBISQAAAAAAAAAAAAAAQAAAQ.jpg,1,184,184
A_mFe3QKV54XcAAAAAAAAAAAAAAQAAAQ.jpg,A_uo1iTaASRHgAAAAAAAAAAAAAAQAAAQ.jpg,1,185,185
A_mFe3QKV54XcAAAAAAAAAAAAAAQAAAQ.jpg,A_LaJXSLgvcWAAAAAAAAAAAAAAAQAAAQ.jpg,1,185,185
A_mFe3QKV54XcAAAAAAAAAAAAAAQAAAQ.jpg,A_LaJXSLgvcWABL0VDvY1hqgAAAQAAAQ.jpg,1,185,185
A_uo1iTaASRHgAAAAAAAAAAAAAAQAAAQ.jpg,A_LaJXSLgvcWAAAAAAAAAAAAAAAQAAAQ.jpg,1,185,185
A_uo1iTaASRHgAAAAAAAAAAAAAAQAAAQ.jpg,A_LaJXSLgvcWABL0VDvY1hqgAAAQAAAQ.jpg,1,185,185
A_LaJXSLgvcWAAAAAAAAAAAAAAAQAAAQ.jpg,A_LaJXSLgvcWABL0VDvY1hqgAAAQAAAQ.jpg,1,185,185
Kaf40bOpT5G9tQ2a92m9aQAAACMAARAD.jpg,BnMTwNDZTDic7PE_4wP9cwAAACMAARAD.jpg,1,186,186
Kaf40bOpT5G9tQ2a92m9aQAAACMAARAD.jpg,4mdzWDyRQ82GuQWRmzSQBQAAACMAARAD.jpg,1,186,186
Kaf40bOpT5G9tQ2a92m9aQAAACMAARAD.jpg,5-dDbF_HS_O0O2_34lIV9AAAACMAARAD.jpg,1,186,186
BnMTwNDZTDic7PE_4wP9cwAAACMAARAD.jpg,4mdzWDyRQ82GuQWRmzSQBQAAACMAARAD.jpg,1,186,186
BnMTwNDZTDic7PE_4wP9cwAAACMAARAD.jpg,5-dDbF_HS_O0O2_34lIV9AAAACMAARAD.jpg,1,186,186
4mdzWDyRQ82GuQWRmzSQBQAAACMAARAD.jpg,5-dDbF_HS_O0O2_34lIV9AAAACMAARAD.jpg,1,186,186
A_Hu1zSa0hFcdm4cpMozBtlgAAAQAAAQ.jpg,A_Hu1zSa0hFccAAAAAAAAAAAAAAQAAAQ.jpg,1,187,187
A_Hu1zSa0hFcdm4cpMozBtlgAAAQAAAQ.jpg,A_jwl4QaUztl0AAAAAAAAAAAAAAQAAAQ.jpg,1,187,187
A_Hu1zSa0hFcdm4cpMozBtlgAAAQAAAQ.jpg,A_I0duQIGPqIUAAAAAAAAAAAAAAQAAAQ.jpg,1,187,187
A_Hu1zSa0hFccAAAAAAAAAAAAAAQAAAQ.jpg,A_jwl4QaUztl0AAAAAAAAAAAAAAQAAAQ.jpg,1,187,187
A_Hu1zSa0hFccAAAAAAAAAAAAAAQAAAQ.jpg,A_I0duQIGPqIUAAAAAAAAAAAAAAQAAAQ.jpg,1,187,187
A_jwl4QaUztl0AAAAAAAAAAAAAAQAAAQ.jpg,A_I0duQIGPqIUAAAAAAAAAAAAAAQAAAQ.jpg,1,187,187
jjWLPK10Q3S11BG3fnopQgAAACMAARAD.jpg,YFn8FC0cQFGTffeP-0YugAAAACMAARAD.jpg,1,188,188
jjWLPK10Q3S11BG3fnopQgAAACMAARAD.jpg,frarTD7lTOqgeRc7RMPqNQAAACMAARAD.jpg,1,188,188
jjWLPK10Q3S11BG3fnopQgAAACMAARAD.jpg,KhYwboiXREiuD9ad__7GDwAAACMAARAD.jpg,1,188,188
YFn8FC0cQFGTffeP-0YugAAAACMAARAD.jpg,frarTD7lTOqgeRc7RMPqNQAAACMAARAD.jpg,1,188,188
YFn8FC0cQFGTffeP-0YugAAAACMAARAD.jpg,KhYwboiXREiuD9ad__7GDwAAACMAARAD.jpg,1,188,188
frarTD7lTOqgeRc7RMPqNQAAACMAARAD.jpg,KhYwboiXREiuD9ad__7GDwAAACMAARAD.jpg,1,188,188
A_lPHeQo7aiawAAAAAAAAAAAAAAQAAAQ.jpg,A_nec0R4X7desAAAAAAAAAAAAAAQAAAQ.jpg,1,189,189
A_lPHeQo7aiawAAAAAAAAAAAAAAQAAAQ.jpg,A_9TXZTICb-ssAAAAAAAAAAAAAAQAAAQ.jpg,1,189,189
A_lPHeQo7aiawAAAAAAAAAAAAAAQAAAQ.jpg,A_1AcjS7HMufYAAAAAAAAAAAAAAQAAAQ.jpg,1,189,189
A_nec0R4X7desAAAAAAAAAAAAAAQAAAQ.jpg,A_9TXZTICb-ssAAAAAAAAAAAAAAQAAAQ.jpg,1,189,189
A_nec0R4X7desAAAAAAAAAAAAAAQAAAQ.jpg,A_1AcjS7HMufYAAAAAAAAAAAAAAQAAAQ.jpg,1,189,189
A_9TXZTICb-ssAAAAAAAAAAAAAAQAAAQ.jpg,A_1AcjS7HMufYAAAAAAAAAAAAAAQAAAQ.jpg,1,189,189
VExaZWAxSUuI3YKpQvrnIgAAACMAARAD.jpg,36L3Z5XgRFWtMVjSmPOSTwAAACMAARAD.jpg,1,190,190
VExaZWAxSUuI3YKpQvrnIgAAACMAARAD.jpg,xW1Mn56mRh-OB69ayDWmoQAAACMAARAD.jpg,1,190,190
VExaZWAxSUuI3YKpQvrnIgAAACMAARAD.jpg,8fDO2NZcTqetpeRD2liw8gAAACMAARAD.jpg,1,190,190
36L3Z5XgRFWtMVjSmPOSTwAAACMAARAD.jpg,xW1Mn56mRh-OB69ayDWmoQAAACMAARAD.jpg,1,190,190
36L3Z5XgRFWtMVjSmPOSTwAAACMAARAD.jpg,8fDO2NZcTqetpeRD2liw8gAAACMAARAD.jpg,1,190,190
xW1Mn56mRh-OB69ayDWmoQAAACMAARAD.jpg,8fDO2NZcTqetpeRD2liw8gAAACMAARAD.jpg,1,190,190
A_CJEPQZwY7_LC6f1Fh61-vQAAAQAAAQ.jpg,A_V4M-S5Mt__QAAAAAAAAAAAAAAQAAAQ.jpg,1,191,191
A_CJEPQZwY7_LC6f1Fh61-vQAAAQAAAQ.jpg,A_CJEPQZwY7_IAAAAAAAAAAAAAAQAAAQ.jpg,1,191,191
A_CJEPQZwY7_LC6f1Fh61-vQAAAQAAAQ.jpg,A_2PylSJ1j8RIAAAAAAAAAAAAAAQAAAQ.jpg,1,191,191
A_V4M-S5Mt__QAAAAAAAAAAAAAAQAAAQ.jpg,A_CJEPQZwY7_IAAAAAAAAAAAAAAQAAAQ.jpg,1,191,191
A_V4M-S5Mt__QAAAAAAAAAAAAAAQAAAQ.jpg,A_2PylSJ1j8RIAAAAAAAAAAAAAAQAAAQ.jpg,1,191,191
A_CJEPQZwY7_IAAAAAAAAAAAAAAQAAAQ.jpg,A_2PylSJ1j8RIAAAAAAAAAAAAAAQAAAQ.jpg,1,191,191
UGSrDzPcQN2snR0B29V38AAAACMAARAD.jpg,uwbM_KZaT4WXCQZJ66Ib_QAAACMAARAD.jpg,1,192,192
UGSrDzPcQN2snR0B29V38AAAACMAARAD.jpg,QQxyNEuVSAWRtd0Fk3TSiAAAACMAARAD.jpg,1,192,192
UGSrDzPcQN2snR0B29V38AAAACMAARAD.jpg,J1O8TQTwTPSajGqg9HcALwAAACMAARAD.jpg,1,192,192
uwbM_KZaT4WXCQZJ66Ib_QAAACMAARAD.jpg,QQxyNEuVSAWRtd0Fk3TSiAAAACMAARAD.jpg,1,192,192
uwbM_KZaT4WXCQZJ66Ib_QAAACMAARAD.jpg,J1O8TQTwTPSajGqg9HcALwAAACMAARAD.jpg,1,192,192
QQxyNEuVSAWRtd0Fk3TSiAAAACMAARAD.jpg,J1O8TQTwTPSajGqg9HcALwAAACMAARAD.jpg,1,192,192
A_mhYFS7uBQCIAAAAAAAAAAAAAAQAAAQ.jpg,A_e6DJRYXhaSoAAAAAAAAAAAAAAQAAAQ.jpg,1,193,193
A_mhYFS7uBQCIAAAAAAAAAAAAAAQAAAQ.jpg,A_0gczRYEcMd0AAAAAAAAAAAAAAQAAAQ.jpg,1,193,193
A_mhYFS7uBQCIAAAAAAAAAAAAAAQAAAQ.jpg,A_lv0eRrxAXNwAAAAAAAAAAAAAAQAAAQ.jpg,1,193,193
A_e6DJRYXhaSoAAAAAAAAAAAAAAQAAAQ.jpg,A_0gczRYEcMd0AAAAAAAAAAAAAAQAAAQ.jpg,1,193,193
A_e6DJRYXhaSoAAAAAAAAAAAAAAQAAAQ.jpg,A_lv0eRrxAXNwAAAAAAAAAAAAAAQAAAQ.jpg,1,193,193
A_0gczRYEcMd0AAAAAAAAAAAAAAQAAAQ.jpg,A_lv0eRrxAXNwAAAAAAAAAAAAAAQAAAQ.jpg,1,193,193
A_jejVTopHAJoAAAAAAAAAAAAAAQAAAQ.jpg,A_tnVbTq1hG0IAAAAAAAAAAAAAAQAAAQ.jpg,1,194,194
A_jejVTopHAJoAAAAAAAAAAAAAAQAAAQ.jpg,A_waonRYbJYOwAAAAAAAAAAAAAAQAAAQ.jpg,1,194,194
A_jejVTopHAJoAAAAAAAAAAAAAAQAAAQ.jpg,A_LvVhRqiGvcIAAAAAAAAAAAAAAQAAAQ.jpg,1,194,194
A_tnVbTq1hG0IAAAAAAAAAAAAAAQAAAQ.jpg,A_waonRYbJYOwAAAAAAAAAAAAAAQAAAQ.jpg,1,194,194
A_tnVbTq1hG0IAAAAAAAAAAAAAAQAAAQ.jpg,A_LvVhRqiGvcIAAAAAAAAAAAAAAQAAAQ.jpg,1,194,194
A_waonRYbJYOwAAAAAAAAAAAAAAQAAAQ.jpg,A_LvVhRqiGvcIAAAAAAAAAAAAAAQAAAQ.jpg,1,194,194
A_kKmNR65xnvsAAAAAAAAAAAAAAQAAAQ.jpg,A_KQwhSbAW-YwAAAAAAAAAAAAAAQAAAQ.jpg,1,195,195
A_kKmNR65xnvsAAAAAAAAAAAAAAQAAAQ.jpg,A_SnWNTb004p4AAAAAAAAAAAAAAQAAAQ.jpg,1,195,195
A_kKmNR65xnvsAAAAAAAAAAAAAAQAAAQ.jpg,A_DkWtQphhpucAAAAAAAAAAAAAAQAAAQ.jpg,1,195,195
A_KQwhSbAW-YwAAAAAAAAAAAAAAQAAAQ.jpg,A_SnWNTb004p4AAAAAAAAAAAAAAQAAAQ.jpg,1,195,195
A_KQwhSbAW-YwAAAAAAAAAAAAAAQAAAQ.jpg,A_DkWtQphhpucAAAAAAAAAAAAAAQAAAQ.jpg,1,195,195
A_SnWNTb004p4AAAAAAAAAAAAAAQAAAQ.jpg,A_DkWtQphhpucAAAAAAAAAAAAAAQAAAQ.jpg,1,195,195
A_NpaSRqrF3DwAAAAAAAAAAAAAAQAAAQ.jpg,A_VfpjQZM4v8EAAAAAAAAAAAAAAQAAAQ.jpg,1,196,196
A_NpaSRqrF3DwAAAAAAAAAAAAAAQAAAQ.jpg,A_jBgOSoE5gk8AAAAAAAAAAAAAAQAAAQ.jpg,1,196,196
A_NpaSRqrF3DwAAAAAAAAAAAAAAQAAAQ.jpg,A_O8IBS7bcXMAAAAAAAAAAAAAAAQAAAQ.jpg,1,196,196
A_VfpjQZM4v8EAAAAAAAAAAAAAAQAAAQ.jpg,A_jBgOSoE5gk8AAAAAAAAAAAAAAQAAAQ.jpg,1,196,196
A_VfpjQZM4v8EAAAAAAAAAAAAAAQAAAQ.jpg,A_O8IBS7bcXMAAAAAAAAAAAAAAAQAAAQ.jpg,1,196,196
A_jBgOSoE5gk8AAAAAAAAAAAAAAQAAAQ.jpg,A_O8IBS7bcXMAAAAAAAAAAAAAAAQAAAQ.jpg,1,196,196
A__iSlQZS0IuEAAAAAAAAAAAAAAQAAAQ.jpg,A_SB5pT6dIdz0AAAAAAAAAAAAAAQAAAQ.jpg,1,197,197
A__iSlQZS0IuEAAAAAAAAAAAAAAQAAAQ.jpg,A_zj1HS5Be7c4AAAAAAAAAAAAAAQAAAQ.jpg,1,197,197
A__iSlQZS0IuEAAAAAAAAAAAAAAQAAAQ.jpg,A_BquTQbUQF58AAAAAAAAAAAAAAQAAAQ.jpg,1,197,197
A_SB5pT6dIdz0AAAAAAAAAAAAAAQAAAQ.jpg,A_zj1HS5Be7c4AAAAAAAAAAAAAAQAAAQ.jpg,1,197,197
A_SB5pT6dIdz0AAAAAAAAAAAAAAQAAAQ.jpg,A_BquTQbUQF58AAAAAAAAAAAAAAQAAAQ.jpg,1,197,197
A_zj1HS5Be7c4AAAAAAAAAAAAAAQAAAQ.jpg,A_BquTQbUQF58AAAAAAAAAAAAAAQAAAQ.jpg,1,197,197
A_CKcESIEZPPsAAAAAAAAAAAAAAQAAAQ.jpg,A_BH18R5ERvpkAAAAAAAAAAAAAAQAAAQ.jpg,1,198,198
A_CKcESIEZPPsAAAAAAAAAAAAAAQAAAQ.jpg,A_g3YhTbvJ9A8AAAAAAAAAAAAAAQAAAQ.jpg,1,198,198
A_CKcESIEZPPsAAAAAAAAAAAAAAQAAAQ.jpg,A_fgxxT7gC-zwAAAAAAAAAAAAAAQAAAQ.jpg,1,198,198
A_BH18R5ERvpkAAAAAAAAAAAAAAQAAAQ.jpg,A_g3YhTbvJ9A8AAAAAAAAAAAAAAQAAAQ.jpg,1,198,198
A_BH18R5ERvpkAAAAAAAAAAAAAAQAAAQ.jpg,A_fgxxT7gC-zwAAAAAAAAAAAAAAQAAAQ.jpg,1,198,198
A_g3YhTbvJ9A8AAAAAAAAAAAAAAQAAAQ.jpg,A_fgxxT7gC-zwAAAAAAAAAAAAAAQAAAQ.jpg,1,198,198
A_JTXPTI39PMkAAAAAAAAAAAAAAQAAAQ.jpg,A_pfnXQq9r3uoAAAAAAAAAAAAAAQAAAQ.jpg,1,199,199
A_JTXPTI39PMkAAAAAAAAAAAAAAQAAAQ.jpg,A_UBFIRp0LaJAAAAAAAAAAAAAAAQAAAQ.jpg,1,199,199
A_JTXPTI39PMkAAAAAAAAAAAAAAQAAAQ.jpg,A_QQI2TrP_nAAAAAAAAAAAAAAAAQAAAQ.jpg,1,199,199
A_pfnXQq9r3uoAAAAAAAAAAAAAAQAAAQ.jpg,A_UBFIRp0LaJAAAAAAAAAAAAAAAQAAAQ.jpg,1,199,199
A_pfnXQq9r3uoAAAAAAAAAAAAAAQAAAQ.jpg,A_QQI2TrP_nAAAAAAAAAAAAAAAAQAAAQ.jpg,1,199,199
A_UBFIRp0LaJAAAAAAAAAAAAAAAQAAAQ.jpg,A_QQI2TrP_nAAAAAAAAAAAAAAAAQAAAQ.jpg,1,199,199
A_cWO0Sb2sA9gAAAAAAAAAAAAAAQAAAQ.jpg,A_7FcUTJfZ-EEAAAAAAAAAAAAAAQAAAQ.jpg,1,200,200
A_cWO0Sb2sA9gAAAAAAAAAAAAAAQAAAQ.jpg,A_aDWaRJ0Cte4AAAAAAAAAAAAAAQAAAQ.jpg,1,200,200
A_cWO0Sb2sA9gAAAAAAAAAAAAAAQAAAQ.jpg,A_6McDRL0y-v8AAAAAAAAAAAAAAQAAAQ.jpg,1,200,200
A_7FcUTJfZ-EEAAAAAAAAAAAAAAQAAAQ.jpg,A_aDWaRJ0Cte4AAAAAAAAAAAAAAQAAAQ.jpg,1,200,200
A_7FcUTJfZ-EEAAAAAAAAAAAAAAQAAAQ.jpg,A_6McDRL0y-v8AAAAAAAAAAAAAAQAAAQ.jpg,1,200,200
A_aDWaRJ0Cte4AAAAAAAAAAAAAAQAAAQ.jpg,A_6McDRL0y-v8AAAAAAAAAAAAAAQAAAQ.jpg,1,200,200
A_tB9JQ6SKjKYAAAAAAAAAAAAAAQAAAQ.jpg,A_GsfXSomQxTQAAAAAAAAAAAAAAQAAAQ.jpg,1,201,201
A_tB9JQ6SKjKYAAAAAAAAAAAAAAQAAAQ.jpg,A_RkkmTYGR2GgAAAAAAAAAAAAAAQAAAQ.jpg,1,201,201
A_tB9JQ6SKjKYAAAAAAAAAAAAAAQAAAQ.jpg,A_sltnS47XRVEAAAAAAAAAAAAAAQAAAQ.jpg,1,201,201
A_GsfXSomQxTQAAAAAAAAAAAAAAQAAAQ.jpg,A_RkkmTYGR2GgAAAAAAAAAAAAAAQAAAQ.jpg,1,201,201
A_GsfXSomQxTQAAAAAAAAAAAAAAQAAAQ.jpg,A_sltnS47XRVEAAAAAAAAAAAAAAQAAAQ.jpg,1,201,201
A_RkkmTYGR2GgAAAAAAAAAAAAAAQAAAQ.jpg,A_sltnS47XRVEAAAAAAAAAAAAAAQAAAQ.jpg,1,201,201
A_oGUWTJP5TlUAAAAAAAAAAAAAAQAAAQ.jpg,A_p7msSIPIoxsAAAAAAAAAAAAAAQAAAQ.jpg,1,202,202
A_oGUWTJP5TlUAAAAAAAAAAAAAAQAAAQ.jpg,A_osC4T6WDCO8AAAAAAAAAAAAAAQAAAQ.jpg,1,202,202
A_oGUWTJP5TlUAAAAAAAAAAAAAAQAAAQ.jpg,A_hAAHRLBv6kUAAAAAAAAAAAAAAQAAAQ.jpg,1,202,202
A_p7msSIPIoxsAAAAAAAAAAAAAAQAAAQ.jpg,A_osC4T6WDCO8AAAAAAAAAAAAAAQAAAQ.jpg,1,202,202
A_p7msSIPIoxsAAAAAAAAAAAAAAQAAAQ.jpg,A_hAAHRLBv6kUAAAAAAAAAAAAAAQAAAQ.jpg,1,202,202
A_osC4T6WDCO8AAAAAAAAAAAAAAQAAAQ.jpg,A_hAAHRLBv6kUAAAAAAAAAAAAAAQAAAQ.jpg,1,202,202
A_tmZ3QpBor3sAAAAAAAAAAAAAAQAAAQ.jpg,A_nvhUSpQWokYAAAAAAAAAAAAAAQAAAQ.jpg,1,203,203
A_tmZ3QpBor3sAAAAAAAAAAAAAAQAAAQ.jpg,A_LKyVRYb174gAAAAAAAAAAAAAAQAAAQ.jpg,1,203,203
A_tmZ3QpBor3sAAAAAAAAAAAAAAQAAAQ.jpg,A_RxhpTqk6BKsAAAAAAAAAAAAAAQAAAQ.jpg,1,203,203
A_nvhUSpQWokYAAAAAAAAAAAAAAQAAAQ.jpg,A_LKyVRYb174gAAAAAAAAAAAAAAQAAAQ.jpg,1,203,203
A_nvhUSpQWokYAAAAAAAAAAAAAAQAAAQ.jpg,A_RxhpTqk6BKsAAAAAAAAAAAAAAQAAAQ.jpg,1,203,203
A_LKyVRYb174gAAAAAAAAAAAAAAQAAAQ.jpg,A_RxhpTqk6BKsAAAAAAAAAAAAAAQAAAQ.jpg,1,203,203
A_FraFT4NK-OwAAAAAAAAAAAAAAQAAAQ.jpg,A_cexvRK__-1MAAAAAAAAAAAAAAQAAAQ.jpg,1,204,204
A_FraFT4NK-OwAAAAAAAAAAAAAAQAAAQ.jpg,A_P3qUR6v9jfsAAAAAAAAAAAAAAQAAAQ.jpg,1,204,204
A_FraFT4NK-OwAAAAAAAAAAAAAAQAAAQ.jpg,A_5JaUS5e0nHAAAAAAAAAAAAAAAQAAAQ.jpg,1,204,204
A_cexvRK__-1MAAAAAAAAAAAAAAQAAAQ.jpg,A_P3qUR6v9jfsAAAAAAAAAAAAAAQAAAQ.jpg,1,204,204
A_cexvRK__-1MAAAAAAAAAAAAAAQAAAQ.jpg,A_5JaUS5e0nHAAAAAAAAAAAAAAAQAAAQ.jpg,1,204,204
A_P3qUR6v9jfsAAAAAAAAAAAAAAQAAAQ.jpg,A_5JaUS5e0nHAAAAAAAAAAAAAAAQAAAQ.jpg,1,204,204
A_7kJbS6bLFokAAAAAAAAAAAAAAQAAAQ.jpg,A_TETcSo4ZDCgAAAAAAAAAAAAAAQAAAQ.jpg,1,205,205
A_7kJbS6bLFokAAAAAAAAAAAAAAQAAAQ.jpg,A_xteZTaHHkAYAAAAAAAAAAAAAAQAAAQ.jpg,1,205,205
A_7kJbS6bLFokAAAAAAAAAAAAAAQAAAQ.jpg,A_79Y3T534mhsAAAAAAAAAAAAAAQAAAQ.jpg,1,205,205
A_TETcSo4ZDCgAAAAAAAAAAAAAAQAAAQ.jpg,A_xteZTaHHkAYAAAAAAAAAAAAAAQAAAQ.jpg,1,205,205
A_TETcSo4ZDCgAAAAAAAAAAAAAAQAAAQ.jpg,A_79Y3T534mhsAAAAAAAAAAAAAAQAAAQ.jpg,1,205,205
A_xteZTaHHkAYAAAAAAAAAAAAAAQAAAQ.jpg,A_79Y3T534mhsAAAAAAAAAAAAAAQAAAQ.jpg,1,205,205
A_xVWGSYgcMQkAAAAAAAAAAAAAAQAAAQ.jpg,A_Xrx1SIEgz8YAAAAAAAAAAAAAAQAAAQ.jpg,1,206,206
A_xVWGSYgcMQkAAAAAAAAAAAAAAQAAAQ.jpg,A_yhhDQbrQfGd8ld9BhzssNAAAAQAAAQ.jpg,1,206,206
A_xVWGSYgcMQkAAAAAAAAAAAAAAQAAAQ.jpg,A_yhhDQbrQfGcAAAAAAAAAAAAAAQAAAQ.jpg,1,206,206
A_Xrx1SIEgz8YAAAAAAAAAAAAAAQAAAQ.jpg,A_yhhDQbrQfGd8ld9BhzssNAAAAQAAAQ.jpg,1,206,206
A_Xrx1SIEgz8YAAAAAAAAAAAAAAQAAAQ.jpg,A_yhhDQbrQfGcAAAAAAAAAAAAAAQAAAQ.jpg,1,206,206
A_yhhDQbrQfGd8ld9BhzssNAAAAQAAAQ.jpg,A_yhhDQbrQfGcAAAAAAAAAAAAAAQAAAQ.jpg,1,206,206
9Z0hAJwqQ_Sp0MUIGh4b1wAAACMAARAD.jpg,X7bAJ7tFSBG_4F661zvLggAAACMAARAD.jpg,1,207,207
9Z0hAJwqQ_Sp0MUIGh4b1wAAACMAARAD.jpg,LkTAGmb3TGuGGZHU52brUQAAACMAARAD.jpg,1,207,207
9Z0hAJwqQ_Sp0MUIGh4b1wAAACMAARAD.jpg,otcaKuZmTvi_QxerP6VRdAAAACMAARAD.jpg,1,207,207
X7bAJ7tFSBG_4F661zvLggAAACMAARAD.jpg,LkTAGmb3TGuGGZHU52brUQAAACMAARAD.jpg,1,207,207
X7bAJ7tFSBG_4F661zvLggAAACMAARAD.jpg,otcaKuZmTvi_QxerP6VRdAAAACMAARAD.jpg,1,207,207
LkTAGmb3TGuGGZHU52brUQAAACMAARAD.jpg,otcaKuZmTvi_QxerP6VRdAAAACMAARAD.jpg,1,207,207
XDjg9OcHR_imQ2hoka747gAAACMAARAD.jpg,-6WHQxGYR3ej96FqYNv-hAAAACMAARAD.jpg,1,208,208
XDjg9OcHR_imQ2hoka747gAAACMAARAD.jpg,MkS_FJIUSj-AkfBJ2KVoEwAAACMAARAD.jpg,1,208,208
XDjg9OcHR_imQ2hoka747gAAACMAARAD.jpg,qHnFLmDMQMiYxAn70xvcRwAAACMAARAD.jpg,1,208,208
-6WHQxGYR3ej96FqYNv-hAAAACMAARAD.jpg,MkS_FJIUSj-AkfBJ2KVoEwAAACMAARAD.jpg,1,208,208
-6WHQxGYR3ej96FqYNv-hAAAACMAARAD.jpg,qHnFLmDMQMiYxAn70xvcRwAAACMAARAD.jpg,1,208,208
MkS_FJIUSj-AkfBJ2KVoEwAAACMAARAD.jpg,qHnFLmDMQMiYxAn70xvcRwAAACMAARAD.jpg,1,208,208
rPNyWMgLSMewMHD2BSt6gAAAACMAARAD.jpg,NEaQDqOzRj2kGdWgt4KrigAAACMAARAD.jpg,1,209,209
rPNyWMgLSMewMHD2BSt6gAAAACMAARAD.jpg,W2GbcBOXQ8S9PGJqLQppPQAAACMAARED.jpg,1,209,209
rPNyWMgLSMewMHD2BSt6gAAAACMAARAD.jpg,qvyQGoFhTm69RSHS-41E9QAAACMAARAD.jpg,1,209,209
NEaQDqOzRj2kGdWgt4KrigAAACMAARAD.jpg,W2GbcBOXQ8S9PGJqLQppPQAAACMAARED.jpg,1,209,209
NEaQDqOzRj2kGdWgt4KrigAAACMAARAD.jpg,qvyQGoFhTm69RSHS-41E9QAAACMAARAD.jpg,1,209,209
W2GbcBOXQ8S9PGJqLQppPQAAACMAARED.jpg,qvyQGoFhTm69RSHS-41E9QAAACMAARAD.jpg,1,209,209
A_OStdQqQjUL8AAAAAAAAAAAAAAQAAAQ.jpg,A_-JpBS6Eepe4AAAAAAAAAAAAAAQAAAQ.jpg,1,210,210
A_OStdQqQjUL8AAAAAAAAAAAAAAQAAAQ.jpg,A__euTTbzk1_QAAAAAAAAAAAAAAQAAAQ.jpg,1,210,210
A_OStdQqQjUL8AAAAAAAAAAAAAAQAAAQ.jpg,A_FjITQKM8yiQAAAAAAAAAAAAAAQAAAQ.jpg,1,210,210
A_-JpBS6Eepe4AAAAAAAAAAAAAAQAAAQ.jpg,A__euTTbzk1_QAAAAAAAAAAAAAAQAAAQ.jpg,1,210,210
A_-JpBS6Eepe4AAAAAAAAAAAAAAQAAAQ.jpg,A_FjITQKM8yiQAAAAAAAAAAAAAAQAAAQ.jpg,1,210,210
A__euTTbzk1_QAAAAAAAAAAAAAAQAAAQ.jpg,A_FjITQKM8yiQAAAAAAAAAAAAAAQAAAQ.jpg,1,210,210
Z_Hv1amYSOKoJUJcV5cxjwAAACMAARAD.jpg,UB-NZRT8SxapdoqCNWuvvAAAACMAARAD.jpg,1,211,211
Z_Hv1amYSOKoJUJcV5cxjwAAACMAARAD.jpg,tk4mOGEERLCxkiRM1WOXuwAAACMAARAD.jpg,1,211,211
Z_Hv1amYSOKoJUJcV5cxjwAAACMAARAD.jpg,5xr55tW6SGCb4W78k-0IXwAAACMAARAD.jpg,1,211,211
UB-NZRT8SxapdoqCNWuvvAAAACMAARAD.jpg,tk4mOGEERLCxkiRM1WOXuwAAACMAARAD.jpg,1,211,211
UB-NZRT8SxapdoqCNWuvvAAAACMAARAD.jpg,5xr55tW6SGCb4W78k-0IXwAAACMAARAD.jpg,1,211,211
tk4mOGEERLCxkiRM1WOXuwAAACMAARAD.jpg,5xr55tW6SGCb4W78k-0IXwAAACMAARAD.jpg,1,211,211
A_8ZqeTLmaayAAAAAAAAAAAAAAAQAAAQ.jpg,A_EkWETZHkU5kAAAAAAAAAAAAAAQAAAQ.jpg,1,212,212
A_8ZqeTLmaayAAAAAAAAAAAAAAAQAAAQ.jpg,A_OrR4RrU6OP0AAAAAAAAAAAAAAQAAAQ.jpg,1,212,212
A_8ZqeTLmaayAAAAAAAAAAAAAAAQAAAQ.jpg,A_PR05ToNQKfQAAAAAAAAAAAAAAQAAAQ.jpg,1,212,212
A_EkWETZHkU5kAAAAAAAAAAAAAAQAAAQ.jpg,A_OrR4RrU6OP0AAAAAAAAAAAAAAQAAAQ.jpg,1,212,212
A_EkWETZHkU5kAAAAAAAAAAAAAAQAAAQ.jpg,A_PR05ToNQKfQAAAAAAAAAAAAAAQAAAQ.jpg,1,212,212
A_OrR4RrU6OP0AAAAAAAAAAAAAAQAAAQ.jpg,A_PR05ToNQKfQAAAAAAAAAAAAAAQAAAQ.jpg,1,212,212
A_5BrdQ7yMxs4AAAAAAAAAAAAAAQAAAQ.jpg,A_Hd0LRLVyFxQAAAAAAAAAAAAAAQAAAQ.jpg,1,213,213
A_5BrdQ7yMxs4AAAAAAAAAAAAAAQAAAQ.jpg,A_StpkT6djYVMAAAAAAAAAAAAAAQAAAQ.jpg,1,213,213
A_5BrdQ7yMxs4AAAAAAAAAAAAAAQAAAQ.jpg,A_TcbgToJZ2O0AAAAAAAAAAAAAAQAAAQ.jpg,1,213,213
A_Hd0LRLVyFxQAAAAAAAAAAAAAAQAAAQ.jpg,A_StpkT6djYVMAAAAAAAAAAAAAAQAAAQ.jpg,1,213,213
A_Hd0LRLVyFxQAAAAAAAAAAAAAAQAAAQ.jpg,A_TcbgToJZ2O0AAAAAAAAAAAAAAQAAAQ.jpg,1,213,213
A_StpkT6djYVMAAAAAAAAAAAAAAQAAAQ.jpg,A_TcbgToJZ2O0AAAAAAAAAAAAAAQAAAQ.jpg,1,213,213
A_00wGQ6p8j_UAAAAAAAAAAAAAAQAAAQ.jpg,A_NbMERImKF5IAAAAAAAAAAAAAAQAAAQ.jpg,1,214,214
A_00wGQ6p8j_UAAAAAAAAAAAAAAQAAAQ.jpg,A_oWLETqhT6YIAAAAAAAAAAAAAAQAAAQ.jpg,1,214,214
A_00wGQ6p8j_UAAAAAAAAAAAAAAQAAAQ.jpg,A_hiF9SJL03uIAAAAAAAAAAAAAAQAAAQ.jpg,1,214,214
A_NbMERImKF5IAAAAAAAAAAAAAAQAAAQ.jpg,A_oWLETqhT6YIAAAAAAAAAAAAAAQAAAQ.jpg,1,214,214
A_NbMERImKF5IAAAAAAAAAAAAAAQAAAQ.jpg,A_hiF9SJL03uIAAAAAAAAAAAAAAQAAAQ.jpg,1,214,214
A_oWLETqhT6YIAAAAAAAAAAAAAAQAAAQ.jpg,A_hiF9SJL03uIAAAAAAAAAAAAAAQAAAQ.jpg,1,214,214
A__OQTR7tlKikAAAAAAAAAAAAAAQAAAQ.jpg,A_7mlCRqiHNywAAAAAAAAAAAAAAQAAAQ.jpg,1,215,215
A__OQTR7tlKikAAAAAAAAAAAAAAQAAAQ.jpg,A_0t4nQKnH940AAAAAAAAAAAAAAQAAAQ.jpg,1,215,215
A__OQTR7tlKikAAAAAAAAAAAAAAQAAAQ.jpg,A_YrcgQoK0NyIAAAAAAAAAAAAAAQAAAQ.jpg,1,215,215
A_7mlCRqiHNywAAAAAAAAAAAAAAQAAAQ.jpg,A_0t4nQKnH940AAAAAAAAAAAAAAQAAAQ.jpg,1,215,215
A_7mlCRqiHNywAAAAAAAAAAAAAAQAAAQ.jpg,A_YrcgQoK0NyIAAAAAAAAAAAAAAQAAAQ.jpg,1,215,215
A_0t4nQKnH940AAAAAAAAAAAAAAQAAAQ.jpg,A_YrcgQoK0NyIAAAAAAAAAAAAAAQAAAQ.jpg,1,215,215
A_JzxkRq5CL7UAAAAAAAAAAAAAAQAAAQ.jpg,A_05zKQb6bySIAAAAAAAAAAAAAAQAAAQ.jpg,1,216,216
A_JzxkRq5CL7UAAAAAAAAAAAAAAQAAAQ.jpg,A_chnJTr6v4Y8AAAAAAAAAAAAAAQAAAQ.jpg,1,216,216
A_JzxkRq5CL7UAAAAAAAAAAAAAAQAAAQ.jpg,A_JzxkRq5CL7UKXIZGrRlzfQAAAQAAAQ.jpg,1,216,216
A_05zKQb6bySIAAAAAAAAAAAAAAQAAAQ.jpg,A_chnJTr6v4Y8AAAAAAAAAAAAAAQAAAQ.jpg,1,216,216
A_05zKQb6bySIAAAAAAAAAAAAAAQAAAQ.jpg,A_JzxkRq5CL7UKXIZGrRlzfQAAAQAAAQ.jpg,1,216,216
A_chnJTr6v4Y8AAAAAAAAAAAAAAQAAAQ.jpg,A_JzxkRq5CL7UKXIZGrRlzfQAAAQAAAQ.jpg,1,216,216
A_BelDQrZMthQAAAAAAAAAAAAAAQAAAQ.jpg,A_lfw2QZuTKukAAAAAAAAAAAAAAQAAAQ.jpg,1,217,217
A_BelDQrZMthQAAAAAAAAAAAAAAQAAAQ.jpg,A_XQs-QoHKkXEAAAAAAAAAAAAAAQAAAQ.jpg,1,217,217
A_BelDQrZMthQAAAAAAAAAAAAAAQAAAQ.jpg,A_o6_aR5P_rB8AAAAAAAAAAAAAAQAAAQ.jpg,1,217,217
A_lfw2QZuTKukAAAAAAAAAAAAAAQAAAQ.jpg,A_XQs-QoHKkXEAAAAAAAAAAAAAAQAAAQ.jpg,1,217,217
A_lfw2QZuTKukAAAAAAAAAAAAAAQAAAQ.jpg,A_o6_aR5P_rB8AAAAAAAAAAAAAAQAAAQ.jpg,1,217,217
A_XQs-QoHKkXEAAAAAAAAAAAAAAQAAAQ.jpg,A_o6_aR5P_rB8AAAAAAAAAAAAAAQAAAQ.jpg,1,217,217
A_rmRYSoi_81sAAAAAAAAAAAAAAQAAAQ.jpg,A__jF0T41lCBMAAAAAAAAAAAAAAQAAAQ.jpg,1,218,218
A_rmRYSoi_81sAAAAAAAAAAAAAAQAAAQ.jpg,A_w5yBQq07ZGQAAAAAAAAAAAAAAQAAAQ.jpg,1,218,218
A_rmRYSoi_81sAAAAAAAAAAAAAAQAAAQ.jpg,A_HPLCS6zhfDUAAAAAAAAAAAAAAQAAAQ.jpg,1,218,218
A__jF0T41lCBMAAAAAAAAAAAAAAQAAAQ.jpg,A_w5yBQq07ZGQAAAAAAAAAAAAAAQAAAQ.jpg,1,218,218
A__jF0T41lCBMAAAAAAAAAAAAAAQAAAQ.jpg,A_HPLCS6zhfDUAAAAAAAAAAAAAAQAAAQ.jpg,1,218,218
A_w5yBQq07ZGQAAAAAAAAAAAAAAQAAAQ.jpg,A_HPLCS6zhfDUAAAAAAAAAAAAAAQAAAQ.jpg,1,218,218
eVAexCuGQ-2ZHt6vXBAIlwAAACMAARAD.jpg,XX6adT1pTv6LJ-Njrj_c1wAAACMAARAD.jpg,1,219,219
eVAexCuGQ-2ZHt6vXBAIlwAAACMAARAD.jpg,qOv8xeZkRVeDHmMZ8t0QaAAAACMAARAD.jpg,1,219,219
eVAexCuGQ-2ZHt6vXBAIlwAAACMAARAD.jpg,CGF0IrWnSRGBFZV0QP-bbAAAACMAARAD.jpg,1,219,219
XX6adT1pTv6LJ-Njrj_c1wAAACMAARAD.jpg,qOv8xeZkRVeDHmMZ8t0QaAAAACMAARAD.jpg,1,219,219
XX6adT1pTv6LJ-Njrj_c1wAAACMAARAD.jpg,CGF0IrWnSRGBFZV0QP-bbAAAACMAARAD.jpg,1,219,219
qOv8xeZkRVeDHmMZ8t0QaAAAACMAARAD.jpg,CGF0IrWnSRGBFZV0QP-bbAAAACMAARAD.jpg,1,219,219
A_OwX6S7nJKi4AAAAAAAAAAAAAAQAAAQ.jpg,A_21V8SYT5XQkAAAAAAAAAAAAAAQAAAQ.jpg,1,220,220
A_OwX6S7nJKi4AAAAAAAAAAAAAAQAAAQ.jpg,A_vbb5RrhFhKkAAAAAAAAAAAAAAQAAAQ.jpg,1,220,220
A_OwX6S7nJKi4AAAAAAAAAAAAAAQAAAQ.jpg,A_V03gR7K90bIAAAAAAAAAAAAAAQAAAQ.jpg,1,220,220
A_21V8SYT5XQkAAAAAAAAAAAAAAQAAAQ.jpg,A_vbb5RrhFhKkAAAAAAAAAAAAAAQAAAQ.jpg,1,220,220
A_21V8SYT5XQkAAAAAAAAAAAAAAQAAAQ.jpg,A_V03gR7K90bIAAAAAAAAAAAAAAQAAAQ.jpg,1,220,220
A_vbb5RrhFhKkAAAAAAAAAAAAAAQAAAQ.jpg,A_V03gR7K90bIAAAAAAAAAAAAAAQAAAQ.jpg,1,220,220
A_dI4zSai8yk-dZNBKqTLbdAAAAQAAAQ.jpg,A_dI4zSai8yk8AAAAAAAAAAAAAAQAAAQ.jpg,1,221,221
A_dI4zSai8yk-dZNBKqTLbdAAAAQAAAQ.jpg,A_Y1ryTIb8npX6SU9Br3TwMgAAAQAAAQ.jpg,1,221,221
A_dI4zSai8yk-dZNBKqTLbdAAAAQAAAQ.jpg,A_VV-4R7Xfd1AAAAAAAAAAAAAAAQAAAQ.jpg,1,221,221
A_dI4zSai8yk8AAAAAAAAAAAAAAQAAAQ.jpg,A_Y1ryTIb8npX6SU9Br3TwMgAAAQAAAQ.jpg,1,221,221
A_dI4zSai8yk8AAAAAAAAAAAAAAQAAAQ.jpg,A_VV-4R7Xfd1AAAAAAAAAAAAAAAQAAAQ.jpg,1,221,221
A_Y1ryTIb8npX6SU9Br3TwMgAAAQAAAQ.jpg,A_VV-4R7Xfd1AAAAAAAAAAAAAAAQAAAQ.jpg,1,221,221
A_qA51SrJMwRIAAAAAAAAAAAAAAQAAAQ.jpg,A_Ver0Ro7tFCYAAAAAAAAAAAAAAQAAAQ.jpg,1,222,222
A_qA51SrJMwRIAAAAAAAAAAAAAAQAAAQ.jpg,A_vcbAQrSa0GIAAAAAAAAAAAAAAQAAAQ.jpg,1,222,222
A_qA51SrJMwRIAAAAAAAAAAAAAAQAAAQ.jpg,A__9DkRL2nqzgAAAAAAAAAAAAAAQAAAQ.jpg,1,222,222
A_Ver0Ro7tFCYAAAAAAAAAAAAAAQAAAQ.jpg,A_vcbAQrSa0GIAAAAAAAAAAAAAAQAAAQ.jpg,1,222,222
A_Ver0Ro7tFCYAAAAAAAAAAAAAAQAAAQ.jpg,A__9DkRL2nqzgAAAAAAAAAAAAAAQAAAQ.jpg,1,222,222
A_vcbAQrSa0GIAAAAAAAAAAAAAAQAAAQ.jpg,A__9DkRL2nqzgAAAAAAAAAAAAAAQAAAQ.jpg,1,222,222
A_0RXtQrcbVQMAAAAAAAAAAAAAAQAAAQ.jpg,A_QZE9RZrlk7wAAAAAAAAAAAAAAQAAAQ.jpg,1,223,223
A_0RXtQrcbVQMAAAAAAAAAAAAAAQAAAQ.jpg,A_TneoSKTv7UkAAAAAAAAAAAAAAQAAAQ.jpg,1,223,223
A_0RXtQrcbVQMAAAAAAAAAAAAAAQAAAQ.jpg,A_048mQIy0UMoAAAAAAAAAAAAAAQAAAQ.jpg,1,223,223
A_QZE9RZrlk7wAAAAAAAAAAAAAAQAAAQ.jpg,A_TneoSKTv7UkAAAAAAAAAAAAAAQAAAQ.jpg,1,223,223
A_QZE9RZrlk7wAAAAAAAAAAAAAAQAAAQ.jpg,A_048mQIy0UMoAAAAAAAAAAAAAAQAAAQ.jpg,1,223,223
A_TneoSKTv7UkAAAAAAAAAAAAAAQAAAQ.jpg,A_048mQIy0UMoAAAAAAAAAAAAAAQAAAQ.jpg,1,223,223
A_i86wS72-_lQAAAAAAAAAAAAAAQAAAQ.jpg,A_Wa5hTLtdsh8AAAAAAAAAAAAAAQAAAQ.jpg,1,224,224
A_i86wS72-_lQAAAAAAAAAAAAAAQAAAQ.jpg,A_lTNbTYEaGsMAAAAAAAAAAAAAAQAAAQ.jpg,1,224,224
A_i86wS72-_lQAAAAAAAAAAAAAAQAAAQ.jpg,A_S11EQYn7Fj8AAAAAAAAAAAAAAQAAAQ.jpg,1,224,224
A_Wa5hTLtdsh8AAAAAAAAAAAAAAQAAAQ.jpg,A_lTNbTYEaGsMAAAAAAAAAAAAAAQAAAQ.jpg,1,224,224
A_Wa5hTLtdsh8AAAAAAAAAAAAAAQAAAQ.jpg,A_S11EQYn7Fj8AAAAAAAAAAAAAAQAAAQ.jpg,1,224,224
A_lTNbTYEaGsMAAAAAAAAAAAAAAQAAAQ.jpg,A_S11EQYn7Fj8AAAAAAAAAAAAAAQAAAQ.jpg,1,224,224
A_HblBQpqvsuIAAAAAAAAAAAAAAQAAAQ.jpg,A_dN7FSZa9E6kAAAAAAAAAAAAAAQAAAQ.jpg,1,225,225
A_HblBQpqvsuIAAAAAAAAAAAAAAQAAAQ.jpg,A_SBeaQLvJMpwAAAAAAAAAAAAAAQAAAQ.jpg,1,225,225
A_HblBQpqvsuIAAAAAAAAAAAAAAQAAAQ.jpg,A_lzVvRL-LTpYAAAAAAAAAAAAAAQAAAQ.jpg,1,225,225
A_dN7FSZa9E6kAAAAAAAAAAAAAAQAAAQ.jpg,A_SBeaQLvJMpwAAAAAAAAAAAAAAQAAAQ.jpg,1,225,225
A_dN7FSZa9E6kAAAAAAAAAAAAAAQAAAQ.jpg,A_lzVvRL-LTpYAAAAAAAAAAAAAAQAAAQ.jpg,1,225,225
A_SBeaQLvJMpwAAAAAAAAAAAAAAQAAAQ.jpg,A_lzVvRL-LTpYAAAAAAAAAAAAAAQAAAQ.jpg,1,225,225
5Oscl8XJRRC2rytTlGL-0AAAACMAARAD.jpg,dsoua9awQ96zA43Lqf2KVgAAACMAARAD.jpg,1,226,226
5Oscl8XJRRC2rytTlGL-0AAAACMAARAD.jpg,A_lvCUQay2busAAAAAAAAAAAAAAQAAAQ.jpg,1,226,226
5Oscl8XJRRC2rytTlGL-0AAAACMAARAD.jpg,do9fiCurQMewDq6x14MTlgAAACMAARAD.jpg,1,226,226
dsoua9awQ96zA43Lqf2KVgAAACMAARAD.jpg,A_lvCUQay2busAAAAAAAAAAAAAAQAAAQ.jpg,1,226,226
dsoua9awQ96zA43Lqf2KVgAAACMAARAD.jpg,do9fiCurQMewDq6x14MTlgAAACMAARAD.jpg,1,226,226
A_lvCUQay2busAAAAAAAAAAAAAAQAAAQ.jpg,do9fiCurQMewDq6x14MTlgAAACMAARAD.jpg,1,226,226
A_Z9O5TZhkv2IAAAAAAAAAAAAAAQAAAQ.jpg,A_CgA9TI6N9eIAAAAAAAAAAAAAAQAAAQ.jpg,1,227,227
A_Z9O5TZhkv2IAAAAAAAAAAAAAAQAAAQ.jpg,A_CFppRq-ikRoAAAAAAAAAAAAAAQAAAQ.jpg,1,227,227
A_Z9O5TZhkv2IAAAAAAAAAAAAAAQAAAQ.jpg,A_sUiCS7uVW54AAAAAAAAAAAAAAQAAAQ.jpg,1,227,227
A_CgA9TI6N9eIAAAAAAAAAAAAAAQAAAQ.jpg,A_CFppRq-ikRoAAAAAAAAAAAAAAQAAAQ.jpg,1,227,227
A_CgA9TI6N9eIAAAAAAAAAAAAAAQAAAQ.jpg,A_sUiCS7uVW54AAAAAAAAAAAAAAQAAAQ.jpg,1,227,227
A_CFppRq-ikRoAAAAAAAAAAAAAAQAAAQ.jpg,A_sUiCS7uVW54AAAAAAAAAAAAAAQAAAQ.jpg,1,227,227
A_N13KR4j5Yt8AAAAAAAAAAAAAAQAAAQ.jpg,A_B5PLRYT7qakAAAAAAAAAAAAAAQAAAQ.jpg,1,228,228
A_N13KR4j5Yt8AAAAAAAAAAAAAAQAAAQ.jpg,A_kJWgSJRDpycAAAAAAAAAAAAAAQAAAQ.jpg,1,228,228
A_N13KR4j5Yt8AAAAAAAAAAAAAAQAAAQ.jpg,A_s6NBRJVoqogAAAAAAAAAAAAAAQAAAQ.jpg,1,228,228
A_B5PLRYT7qakAAAAAAAAAAAAAAQAAAQ.jpg,A_kJWgSJRDpycAAAAAAAAAAAAAAQAAAQ.jpg,1,228,228
A_B5PLRYT7qakAAAAAAAAAAAAAAQAAAQ.jpg,A_s6NBRJVoqogAAAAAAAAAAAAAAQAAAQ.jpg,1,228,228
A_kJWgSJRDpycAAAAAAAAAAAAAAQAAAQ.jpg,A_s6NBRJVoqogAAAAAAAAAAAAAAQAAAQ.jpg,1,228,228
A__pBPR5UaDJ8AAAAAAAAAAAAAAQAAAQ.jpg,A_7w30T4PSpVgAAAAAAAAAAAAAAQAAAQ.jpg,1,229,229
A__pBPR5UaDJ8AAAAAAAAAAAAAAQAAAQ.jpg,A_QYfVToXTeu0AAAAAAAAAAAAAAQAAAQ.jpg,1,229,229
A__pBPR5UaDJ8AAAAAAAAAAAAAAQAAAQ.jpg,A_XhFbQoM2GvIAAAAAAAAAAAAAAQAAAQ.jpg,1,229,229
A_7w30T4PSpVgAAAAAAAAAAAAAAQAAAQ.jpg,A_QYfVToXTeu0AAAAAAAAAAAAAAQAAAQ.jpg,1,229,229
A_7w30T4PSpVgAAAAAAAAAAAAAAQAAAQ.jpg,A_XhFbQoM2GvIAAAAAAAAAAAAAAQAAAQ.jpg,1,229,229
A_QYfVToXTeu0AAAAAAAAAAAAAAQAAAQ.jpg,A_XhFbQoM2GvIAAAAAAAAAAAAAAQAAAQ.jpg,1,229,229
A_OxUmQoSZMqwAAAAAAAAAAAAAAQAAAQ.jpg,A_xigkRLl7oW4AAAAAAAAAAAAAAQAAAQ.jpg,1,230,230
A_OxUmQoSZMqwAAAAAAAAAAAAAAQAAAQ.jpg,A_-iZQTKAWibIAAAAAAAAAAAAAAQAAAQ.jpg,1,230,230
A_OxUmQoSZMqwAAAAAAAAAAAAAAQAAAQ.jpg,A_des9TqTtlVkAAAAAAAAAAAAAAQAAAQ.jpg,1,230,230
A_xigkRLl7oW4AAAAAAAAAAAAAAQAAAQ.jpg,A_-iZQTKAWibIAAAAAAAAAAAAAAQAAAQ.jpg,1,230,230
A_xigkRLl7oW4AAAAAAAAAAAAAAQAAAQ.jpg,A_des9TqTtlVkAAAAAAAAAAAAAAQAAAQ.jpg,1,230,230
A_-iZQTKAWibIAAAAAAAAAAAAAAQAAAQ.jpg,A_des9TqTtlVkAAAAAAAAAAAAAAQAAAQ.jpg,1,230,230
A_H_zgSYO_OSwAAAAAAAAAAAAAAQAAAQ.jpg,A_lhr8T5PNQm0AAAAAAAAAAAAAAQAAAQ.jpg,1,231,231
A_H_zgSYO_OSwAAAAAAAAAAAAAAQAAAQ.jpg,A_AQhlTojyuDEAAAAAAAAAAAAAAQAAAQ.jpg,1,231,231
A_H_zgSYO_OSwAAAAAAAAAAAAAAQAAAQ.jpg,A_bZNnSJorqvMAAAAAAAAAAAAAAQAAAQ.jpg,1,231,231
A_lhr8T5PNQm0AAAAAAAAAAAAAAQAAAQ.jpg,A_AQhlTojyuDEAAAAAAAAAAAAAAQAAAQ.jpg,1,231,231
A_lhr8T5PNQm0AAAAAAAAAAAAAAQAAAQ.jpg,A_bZNnSJorqvMAAAAAAAAAAAAAAQAAAQ.jpg,1,231,231
A_AQhlTojyuDEAAAAAAAAAAAAAAQAAAQ.jpg,A_bZNnSJorqvMAAAAAAAAAAAAAAQAAAQ.jpg,1,231,231
A_MkJtQKVpPRIAAAAAAAAAAAAAAQAAAQ.jpg,A_gnzFTrJMNnQAAAAAAAAAAAAAAQAAAQ.jpg,1,232,232
A_MkJtQKVpPRIAAAAAAAAAAAAAAQAAAQ.jpg,A_ByB_RpYeWmsAAAAAAAAAAAAAAQAAAQ.jpg,1,232,232
A_MkJtQKVpPRIAAAAAAAAAAAAAAQAAAQ.jpg,A_ZQs8RZuoJBoAAAAAAAAAAAAAAQAAAQ.jpg,1,232,232
A_gnzFTrJMNnQAAAAAAAAAAAAAAQAAAQ.jpg,A_ByB_RpYeWmsAAAAAAAAAAAAAAQAAAQ.jpg,1,232,232
A_gnzFTrJMNnQAAAAAAAAAAAAAAQAAAQ.jpg,A_ZQs8RZuoJBoAAAAAAAAAAAAAAQAAAQ.jpg,1,232,232
A_ByB_RpYeWmsAAAAAAAAAAAAAAQAAAQ.jpg,A_ZQs8RZuoJBoAAAAAAAAAAAAAAQAAAQ.jpg,1,232,232
A_aBdGT4bei2QAAAAAAAAAAAAAAQAAAQ.jpg,A_SQeJQr1DQCoAAAAAAAAAAAAAAQAAAQ.jpg,1,233,233
A_aBdGT4bei2QAAAAAAAAAAAAAAQAAAQ.jpg,A_AB0vQqatlaMAAAAAAAAAAAAAAQAAAQ.jpg,1,233,233
A_aBdGT4bei2QAAAAAAAAAAAAAAQAAAQ.jpg,A_EhJNRrpu2Z0AAAAAAAAAAAAAAQAAAQ.jpg,1,233,233
A_SQeJQr1DQCoAAAAAAAAAAAAAAQAAAQ.jpg,A_AB0vQqatlaMAAAAAAAAAAAAAAQAAAQ.jpg,1,233,233
A_SQeJQr1DQCoAAAAAAAAAAAAAAQAAAQ.jpg,A_EhJNRrpu2Z0AAAAAAAAAAAAAAQAAAQ.jpg,1,233,233
A_AB0vQqatlaMAAAAAAAAAAAAAAQAAAQ.jpg,A_EhJNRrpu2Z0AAAAAAAAAAAAAAQAAAQ.jpg,1,233,233
A__-KSSaYDssAAAAAAAAAAAAAAAQAAAQ.jpg,A_nKQBTJiTOPkAAAAAAAAAAAAAAQAAAQ.jpg,1,234,234
A__-KSSaYDssAAAAAAAAAAAAAAAQAAAQ.jpg,A_CC3tRqsji7gAAAAAAAAAAAAAAQAAAQ.jpg,1,234,234
A__-KSSaYDssAAAAAAAAAAAAAAAQAAAQ.jpg,A_L9_gSaoQ_w8AAAAAAAAAAAAAAQAAAQ.jpg,1,234,234
A_nKQBTJiTOPkAAAAAAAAAAAAAAQAAAQ.jpg,A_CC3tRqsji7gAAAAAAAAAAAAAAQAAAQ.jpg,1,234,234
A_nKQBTJiTOPkAAAAAAAAAAAAAAQAAAQ.jpg,A_L9_gSaoQ_w8AAAAAAAAAAAAAAQAAAQ.jpg,1,234,234
A_CC3tRqsji7gAAAAAAAAAAAAAAQAAAQ.jpg,A_L9_gSaoQ_w8AAAAAAAAAAAAAAQAAAQ.jpg,1,234,234
A_3TwiRJY6T9oAAAAAAAAAAAAAAQAAAQ.jpg,A_V9dzTZ0oezwAAAAAAAAAAAAAAQAAAQ.jpg,1,235,235
A_3TwiRJY6T9oAAAAAAAAAAAAAAQAAAQ.jpg,A_KRnoQ5ccGD4AAAAAAAAAAAAAAQAAAQ.jpg,1,235,235
A_3TwiRJY6T9oAAAAAAAAAAAAAAQAAAQ.jpg,A_NDzHTLNzG5MAAAAAAAAAAAAAAQAAAQ.jpg,1,235,235
A_V9dzTZ0oezwAAAAAAAAAAAAAAQAAAQ.jpg,A_KRnoQ5ccGD4AAAAAAAAAAAAAAQAAAQ.jpg,1,235,235
A_V9dzTZ0oezwAAAAAAAAAAAAAAQAAAQ.jpg,A_NDzHTLNzG5MAAAAAAAAAAAAAAQAAAQ.jpg,1,235,235
A_KRnoQ5ccGD4AAAAAAAAAAAAAAQAAAQ.jpg,A_NDzHTLNzG5MAAAAAAAAAAAAAAQAAAQ.jpg,1,235,235
A_MGtdT6XD3YAAAAAAAAAAAAAAAQAAAQ.jpg,A_BAxDTpRHSnwAAAAAAAAAAAAAAQAAAQ.jpg,1,236,236
A_MGtdT6XD3YAAAAAAAAAAAAAAAQAAAQ.jpg,A_ob2HSriDloEAAAAAAAAAAAAAAQAAAQ.jpg,1,236,236
A_MGtdT6XD3YAAAAAAAAAAAAAAAQAAAQ.jpg,A_MwufRZG5iJ8AAAAAAAAAAAAAAQAAAQ.jpg,1,236,236
A_BAxDTpRHSnwAAAAAAAAAAAAAAQAAAQ.jpg,A_ob2HSriDloEAAAAAAAAAAAAAAQAAAQ.jpg,1,236,236
A_BAxDTpRHSnwAAAAAAAAAAAAAAQAAAQ.jpg,A_MwufRZG5iJ8AAAAAAAAAAAAAAQAAAQ.jpg,1,236,236
A_ob2HSriDloEAAAAAAAAAAAAAAQAAAQ.jpg,A_MwufRZG5iJ8AAAAAAAAAAAAAAQAAAQ.jpg,1,236,236
A_Mxe5T4Zt64cAAAAAAAAAAAAAAQAAAQ.jpg,A_TIBEQZKlgbsAAAAAAAAAAAAAAQAAAQ.jpg,1,237,237
A_Mxe5T4Zt64cAAAAAAAAAAAAAAQAAAQ.jpg,A_mt3oRoMfsrEAAAAAAAAAAAAAAQAAAQ.jpg,1,237,237
A_Mxe5T4Zt64cAAAAAAAAAAAAAAQAAAQ.jpg,A_Vb0FSquZ6YkAAAAAAAAAAAAAAQAAAQ.jpg,1,237,237
A_TIBEQZKlgbsAAAAAAAAAAAAAAQAAAQ.jpg,A_mt3oRoMfsrEAAAAAAAAAAAAAAQAAAQ.jpg,1,237,237
A_TIBEQZKlgbsAAAAAAAAAAAAAAQAAAQ.jpg,A_Vb0FSquZ6YkAAAAAAAAAAAAAAQAAAQ.jpg,1,237,237
A_mt3oRoMfsrEAAAAAAAAAAAAAAQAAAQ.jpg,A_Vb0FSquZ6YkAAAAAAAAAAAAAAQAAAQ.jpg,1,237,237
ZyHG3kTpSISXJaNBidsZFQAAACMAARAD.jpg,A_JhozTLdUXBAAAAAAAAAAAAAAAQAAAQ.jpg,1,238,238
ZyHG3kTpSISXJaNBidsZFQAAACMAARAD.jpg,A_SVMaQLMJtYIAAAAAAAAAAAAAAQAAAQ.jpg,1,238,238
ZyHG3kTpSISXJaNBidsZFQAAACMAARAD.jpg,rMWpilyUToW_ESjYFAiCGwAAACMAARAD.jpg,1,238,238
A_JhozTLdUXBAAAAAAAAAAAAAAAQAAAQ.jpg,A_SVMaQLMJtYIAAAAAAAAAAAAAAQAAAQ.jpg,1,238,238
A_JhozTLdUXBAAAAAAAAAAAAAAAQAAAQ.jpg,rMWpilyUToW_ESjYFAiCGwAAACMAARAD.jpg,1,238,238
A_SVMaQLMJtYIAAAAAAAAAAAAAAQAAAQ.jpg,rMWpilyUToW_ESjYFAiCGwAAACMAARAD.jpg,1,238,238
A_76m-RZH9-rYAAAAAAAAAAAAAAQAAAQ.jpg,A_fKn_SJlVzk8AAAAAAAAAAAAAAQAAAQ.jpg,1,239,239
A_76m-RZH9-rYAAAAAAAAAAAAAAQAAAQ.jpg,A_gWzlTqoUv50AAAAAAAAAAAAAAQAAAQ.jpg,1,239,239
A_76m-RZH9-rYAAAAAAAAAAAAAAQAAAQ.jpg,A_hG-AQqJyNKkAAAAAAAAAAAAAAQAAAQ.jpg,1,239,239
A_fKn_SJlVzk8AAAAAAAAAAAAAAQAAAQ.jpg,A_gWzlTqoUv50AAAAAAAAAAAAAAQAAAQ.jpg,1,239,239
A_fKn_SJlVzk8AAAAAAAAAAAAAAQAAAQ.jpg,A_hG-AQqJyNKkAAAAAAAAAAAAAAQAAAQ.jpg,1,239,239
A_gWzlTqoUv50AAAAAAAAAAAAAAQAAAQ.jpg,A_hG-AQqJyNKkAAAAAAAAAAAAAAQAAAQ.jpg,1,239,239
A_i7AkRLef484AAAAAAAAAAAAAAQAAAQ.jpg,A_qbU3SpMKod4AAAAAAAAAAAAAAQAAAQ.jpg,1,240,240
A_i7AkRLef484AAAAAAAAAAAAAAQAAAQ.jpg,A_wcRmTIDKqJAAAAAAAAAAAAAAAQAAAQ.jpg,1,240,240
A_i7AkRLef484AAAAAAAAAAAAAAQAAAQ.jpg,A_X5hASJq4FlIAAAAAAAAAAAAAAQAAAQ.jpg,1,240,240
A_qbU3SpMKod4AAAAAAAAAAAAAAQAAAQ.jpg,A_wcRmTIDKqJAAAAAAAAAAAAAAAQAAAQ.jpg,1,240,240
A_qbU3SpMKod4AAAAAAAAAAAAAAQAAAQ.jpg,A_X5hASJq4FlIAAAAAAAAAAAAAAQAAAQ.jpg,1,240,240
A_wcRmTIDKqJAAAAAAAAAAAAAAAQAAAQ.jpg,A_X5hASJq4FlIAAAAAAAAAAAAAAQAAAQ.jpg,1,240,240
A_gpwRSb16XloAAAAAAAAAAAAAAQAAAQ.jpg,A_Yl1ZSL-Lto8AAAAAAAAAAAAAAQAAAQ.jpg,1,241,241
A_gpwRSb16XloAAAAAAAAAAAAAAQAAAQ.jpg,A_r0rxRqzUNowAAAAAAAAAAAAAAQAAAQ.jpg,1,241,241
A_gpwRSb16XloAAAAAAAAAAAAAAQAAAQ.jpg,A_GMLtS7vMkDMAAAAAAAAAAAAAAQAAAQ.jpg,1,241,241
A_Yl1ZSL-Lto8AAAAAAAAAAAAAAQAAAQ.jpg,A_r0rxRqzUNowAAAAAAAAAAAAAAQAAAQ.jpg,1,241,241
A_Yl1ZSL-Lto8AAAAAAAAAAAAAAQAAAQ.jpg,A_GMLtS7vMkDMAAAAAAAAAAAAAAQAAAQ.jpg,1,241,241
A_r0rxRqzUNowAAAAAAAAAAAAAAQAAAQ.jpg,A_GMLtS7vMkDMAAAAAAAAAAAAAAQAAAQ.jpg,1,241,241
A_Uw6pRLOcnFcAAAAAAAAAAAAAAQAAAQ.jpg,A_ds1XTZvQ5xIAAAAAAAAAAAAAAQAAAQ.jpg,1,242,242
A_Uw6pRLOcnFcAAAAAAAAAAAAAAQAAAQ.jpg,A_N0opT5roVPAAAAAAAAAAAAAAAQAAAQ.jpg,1,242,242
A_Uw6pRLOcnFcAAAAAAAAAAAAAAQAAAQ.jpg,A_qB4QT6PpWG8AAAAAAAAAAAAAAQAAAQ.jpg,1,242,242
A_ds1XTZvQ5xIAAAAAAAAAAAAAAQAAAQ.jpg,A_N0opT5roVPAAAAAAAAAAAAAAAQAAAQ.jpg,1,242,242
A_ds1XTZvQ5xIAAAAAAAAAAAAAAQAAAQ.jpg,A_qB4QT6PpWG8AAAAAAAAAAAAAAQAAAQ.jpg,1,242,242
A_N0opT5roVPAAAAAAAAAAAAAAAQAAAQ.jpg,A_qB4QT6PpWG8AAAAAAAAAAAAAAQAAAQ.jpg,1,242,242
A_dWv2RbF20pgAAAAAAAAAAAAAAQAAAQ.jpg,A_-fnOTrhcN3oAAAAAAAAAAAAAAQAAAQ.jpg,1,243,243
A_dWv2RbF20pgAAAAAAAAAAAAAAQAAAQ.jpg,A_XSdhTajB4_kAAAAAAAAAAAAAAQAAAQ.jpg,1,243,243
A_dWv2RbF20pgAAAAAAAAAAAAAAQAAAQ.jpg,A_TfvQTrtOPDQAAAAAAAAAAAAAAQAAAQ.jpg,1,243,243
A_-fnOTrhcN3oAAAAAAAAAAAAAAQAAAQ.jpg,A_XSdhTajB4_kAAAAAAAAAAAAAAQAAAQ.jpg,1,243,243
A_-fnOTrhcN3oAAAAAAAAAAAAAAQAAAQ.jpg,A_TfvQTrtOPDQAAAAAAAAAAAAAAQAAAQ.jpg,1,243,243
A_XSdhTajB4_kAAAAAAAAAAAAAAQAAAQ.jpg,A_TfvQTrtOPDQAAAAAAAAAAAAAAQAAAQ.jpg,1,243,243
A_ytOxT7NilIsAAAAAAAAAAAAAAQAAAQ.jpg,A_5x9gRIcmjIsAAAAAAAAAAAAAAQAAAQ.jpg,1,244,244
A_ytOxT7NilIsAAAAAAAAAAAAAAQAAAQ.jpg,A_DLIAQKcBAyYAAAAAAAAAAAAAAQAAAQ.jpg,1,244,244
A_ytOxT7NilIsAAAAAAAAAAAAAAQAAAQ.jpg,A_y8PMQofn1wsAAAAAAAAAAAAAAQAAAQ.jpg,1,244,244
A_5x9gRIcmjIsAAAAAAAAAAAAAAQAAAQ.jpg,A_DLIAQKcBAyYAAAAAAAAAAAAAAQAAAQ.jpg,1,244,244
A_5x9gRIcmjIsAAAAAAAAAAAAAAQAAAQ.jpg,A_y8PMQofn1wsAAAAAAAAAAAAAAQAAAQ.jpg,1,244,244
A_DLIAQKcBAyYAAAAAAAAAAAAAAQAAAQ.jpg,A_y8PMQofn1wsAAAAAAAAAAAAAAQAAAQ.jpg,1,244,244
A_CYraTbeA8PYAAAAAAAAAAAAAAQAAAQ.jpg,A_WB6uRqwOQD8AAAAAAAAAAAAAAQAAAQ.jpg,1,245,245
A_CYraTbeA8PYAAAAAAAAAAAAAAQAAAQ.jpg,A_5IoZTb3Daq8AAAAAAAAAAAAAAQAAAQ.jpg,1,245,245
A_CYraTbeA8PYAAAAAAAAAAAAAAQAAAQ.jpg,A_q3_rR6k-lYMAAAAAAAAAAAAAAQAAAQ.jpg,1,245,245
A_WB6uRqwOQD8AAAAAAAAAAAAAAQAAAQ.jpg,A_5IoZTb3Daq8AAAAAAAAAAAAAAQAAAQ.jpg,1,245,245
A_WB6uRqwOQD8AAAAAAAAAAAAAAQAAAQ.jpg,A_q3_rR6k-lYMAAAAAAAAAAAAAAQAAAQ.jpg,1,245,245
A_5IoZTb3Daq8AAAAAAAAAAAAAAQAAAQ.jpg,A_q3_rR6k-lYMAAAAAAAAAAAAAAQAAAQ.jpg,1,245,245
A_DTn9RaIFKaUAAAAAAAAAAAAAAQAAAQ.jpg,A_LJALQ5tQhGoAAAAAAAAAAAAAAQAAAQ.jpg,1,246,246
A_DTn9RaIFKaUAAAAAAAAAAAAAAQAAAQ.jpg,A_DpAcQ6ZefVMAAAAAAAAAAAAAAQAAAQ.jpg,1,246,246
A_DTn9RaIFKaUAAAAAAAAAAAAAAQAAAQ.jpg,A_T1kYQ7qQrxcAAAAAAAAAAAAAAQAAAQ.jpg,1,246,246
A_LJALQ5tQhGoAAAAAAAAAAAAAAQAAAQ.jpg,A_DpAcQ6ZefVMAAAAAAAAAAAAAAQAAAQ.jpg,1,246,246
A_LJALQ5tQhGoAAAAAAAAAAAAAAQAAAQ.jpg,A_T1kYQ7qQrxcAAAAAAAAAAAAAAQAAAQ.jpg,1,246,246
A_DpAcQ6ZefVMAAAAAAAAAAAAAAQAAAQ.jpg,A_T1kYQ7qQrxcAAAAAAAAAAAAAAQAAAQ.jpg,1,246,246
A_BMEtTpAKIZUAAAAAAAAAAAAAAQAAAQ.jpg,A_29ykT6cSV_gAAAAAAAAAAAAAAQAAAQ.jpg,1,247,247
A_BMEtTpAKIZUAAAAAAAAAAAAAAQAAAQ.jpg,A_tgVnS7L93MwAAAAAAAAAAAAAAQAAAQ.jpg,1,247,247
A_BMEtTpAKIZUAAAAAAAAAAAAAAQAAAQ.jpg,A_SDD3Q6kABacAAAAAAAAAAAAAAQAAAQ.jpg,1,247,247
A_29ykT6cSV_gAAAAAAAAAAAAAAQAAAQ.jpg,A_tgVnS7L93MwAAAAAAAAAAAAAAQAAAQ.jpg,1,247,247
A_29ykT6cSV_gAAAAAAAAAAAAAAQAAAQ.jpg,A_SDD3Q6kABacAAAAAAAAAAAAAAQAAAQ.jpg,1,247,247
A_tgVnS7L93MwAAAAAAAAAAAAAAQAAAQ.jpg,A_SDD3Q6kABacAAAAAAAAAAAAAAQAAAQ.jpg,1,247,247
A_IdUASo3kSSUAAAAAAAAAAAAAAQAAAQ.jpg,A_YwS1QpL6r01b6sxKihNftwAAAQAAAQ.jpg,1,248,248
A_IdUASo3kSSUAAAAAAAAAAAAAAQAAAQ.jpg,A_Km6WQabbG9cAAAAAAAAAAAAAAQAAAQ.jpg,1,248,248
A_IdUASo3kSSUAAAAAAAAAAAAAAQAAAQ.jpg,A_yFmGSo2bp-cAAAAAAAAAAAAAAQAAAQ.jpg,1,248,248
A_YwS1QpL6r01b6sxKihNftwAAAQAAAQ.jpg,A_Km6WQabbG9cAAAAAAAAAAAAAAQAAAQ.jpg,1,248,248
A_YwS1QpL6r01b6sxKihNftwAAAQAAAQ.jpg,A_yFmGSo2bp-cAAAAAAAAAAAAAAQAAAQ.jpg,1,248,248
A_Km6WQabbG9cAAAAAAAAAAAAAAQAAAQ.jpg,A_yFmGSo2bp-cAAAAAAAAAAAAAAQAAAQ.jpg,1,248,248
A_aYeATJcaX1MAAAAAAAAAAAAAAQAAAQ.jpg,A__iVyQa-Ul-kAAAAAAAAAAAAAAQAAAQ.jpg,1,249,249
A_aYeATJcaX1MAAAAAAAAAAAAAAQAAAQ.jpg,A_1cY0SJWiw2gAAAAAAAAAAAAAAQAAAQ.jpg,1,249,249
A_aYeATJcaX1MAAAAAAAAAAAAAAQAAAQ.jpg,A_rXoUTpGp2akAAAAAAAAAAAAAAQAAAQ.jpg,1,249,249
A__iVyQa-Ul-kAAAAAAAAAAAAAAQAAAQ.jpg,A_1cY0SJWiw2gAAAAAAAAAAAAAAQAAAQ.jpg,1,249,249
A__iVyQa-Ul-kAAAAAAAAAAAAAAQAAAQ.jpg,A_rXoUTpGp2akAAAAAAAAAAAAAAQAAAQ.jpg,1,249,249
A_1cY0SJWiw2gAAAAAAAAAAAAAAQAAAQ.jpg,A_rXoUTpGp2akAAAAAAAAAAAAAAQAAAQ.jpg,1,249,249
A_Sdv3QYReNXkAAAAAAAAAAAAAAQAAAQ.jpg,A_YGM9RqelARIAAAAAAAAAAAAAAQAAAQ.jpg,1,250,250
A_Sdv3QYReNXkAAAAAAAAAAAAAAQAAAQ.jpg,A_VcXdQZCQUrIAAAAAAAAAAAAAAQAAAQ.jpg,1,250,250
A_Sdv3QYReNXkAAAAAAAAAAAAAAQAAAQ.jpg,A_yBncQYqQkt4AAAAAAAAAAAAAAQAAAQ.jpg,1,250,250
A_YGM9RqelARIAAAAAAAAAAAAAAQAAAQ.jpg,A_VcXdQZCQUrIAAAAAAAAAAAAAAQAAAQ.jpg,1,250,250
A_YGM9RqelARIAAAAAAAAAAAAAAQAAAQ.jpg,A_yBncQYqQkt4AAAAAAAAAAAAAAQAAAQ.jpg,1,250,250
A_VcXdQZCQUrIAAAAAAAAAAAAAAQAAAQ.jpg,A_yBncQYqQkt4AAAAAAAAAAAAAAQAAAQ.jpg,1,250,250
A_ZhFOTLvWldQAAAAAAAAAAAAAAQAAAQ.jpg,A_Q8HDR58ZuAwAAAAAAAAAAAAAAQAAAQ.jpg,1,251,251
A_ZhFOTLvWldQAAAAAAAAAAAAAAQAAAQ.jpg,A_7iu8TpXAj0QAAAAAAAAAAAAAAQAAAQ.jpg,1,251,251
A_ZhFOTLvWldQAAAAAAAAAAAAAAQAAAQ.jpg,A_mEEyRI2A9fMAAAAAAAAAAAAAAQAAAQ.jpg,1,251,251
A_Q8HDR58ZuAwAAAAAAAAAAAAAAQAAAQ.jpg,A_7iu8TpXAj0QAAAAAAAAAAAAAAQAAAQ.jpg,1,251,251
A_Q8HDR58ZuAwAAAAAAAAAAAAAAQAAAQ.jpg,A_mEEyRI2A9fMAAAAAAAAAAAAAAQAAAQ.jpg,1,251,251
A_7iu8TpXAj0QAAAAAAAAAAAAAAQAAAQ.jpg,A_mEEyRI2A9fMAAAAAAAAAAAAAAQAAAQ.jpg,1,251,251
A_GJH7T7H_iloAAAAAAAAAAAAAAQAAAQ.jpg,A_tiodTJuNpegAAAAAAAAAAAAAAQAAAQ.jpg,1,252,252
A_GJH7T7H_iloAAAAAAAAAAAAAAQAAAQ.jpg,A_vKhxQLRWwhkAAAAAAAAAAAAAAQAAAQ.jpg,1,252,252
A_GJH7T7H_iloAAAAAAAAAAAAAAQAAAQ.jpg,A_mbdXS47FykQAAAAAAAAAAAAAAQAAAQ.jpg,1,252,252
A_tiodTJuNpegAAAAAAAAAAAAAAQAAAQ.jpg,A_vKhxQLRWwhkAAAAAAAAAAAAAAQAAAQ.jpg,1,252,252
A_tiodTJuNpegAAAAAAAAAAAAAAQAAAQ.jpg,A_mbdXS47FykQAAAAAAAAAAAAAAQAAAQ.jpg,1,252,252
A_vKhxQLRWwhkAAAAAAAAAAAAAAQAAAQ.jpg,A_mbdXS47FykQAAAAAAAAAAAAAAQAAAQ.jpg,1,252,252
A_mwbHSqmRhcQAAAAAAAAAAAAAAQAAAQ.jpg,A_q3NGSb8R88wAAAAAAAAAAAAAAQAAAQ.jpg,1,253,253
A_mwbHSqmRhcQAAAAAAAAAAAAAAQAAAQ.jpg,A_1YVzSbIROi8AAAAAAAAAAAAAAQAAAQ.jpg,1,253,253
A_mwbHSqmRhcQAAAAAAAAAAAAAAQAAAQ.jpg,A_Z4zcS4aqMeIAAAAAAAAAAAAAAQAAAQ.jpg,1,253,253
A_q3NGSb8R88wAAAAAAAAAAAAAAQAAAQ.jpg,A_1YVzSbIROi8AAAAAAAAAAAAAAQAAAQ.jpg,1,253,253
A_q3NGSb8R88wAAAAAAAAAAAAAAQAAAQ.jpg,A_Z4zcS4aqMeIAAAAAAAAAAAAAAQAAAQ.jpg,1,253,253
A_1YVzSbIROi8AAAAAAAAAAAAAAQAAAQ.jpg,A_Z4zcS4aqMeIAAAAAAAAAAAAAAQAAAQ.jpg,1,253,253
A_Db7ZTbup1uwAAAAAAAAAAAAAAQAAAQ.jpg,A_iPsbSr7C5DcAAAAAAAAAAAAAAQAAAQ.jpg,1,254,254
A_Db7ZTbup1uwAAAAAAAAAAAAAAQAAAQ.jpg,A_2iAoQIypnLoAAAAAAAAAAAAAAQAAAQ.jpg,1,254,254
A_Db7ZTbup1uwAAAAAAAAAAAAAAQAAAQ.jpg,A_bv-GT6sWBVEAAAAAAAAAAAAAAQAAAQ.jpg,1,254,254
A_iPsbSr7C5DcAAAAAAAAAAAAAAQAAAQ.jpg,A_2iAoQIypnLoAAAAAAAAAAAAAAQAAAQ.jpg,1,254,254
A_iPsbSr7C5DcAAAAAAAAAAAAAAQAAAQ.jpg,A_bv-GT6sWBVEAAAAAAAAAAAAAAQAAAQ.jpg,1,254,254
A_2iAoQIypnLoAAAAAAAAAAAAAAQAAAQ.jpg,A_bv-GT6sWBVEAAAAAAAAAAAAAAQAAAQ.jpg,1,254,254
A_mVW5RI4asboAAAAAAAAAAAAAAQAAAQ.jpg,A__-5CSqwIXuQAAAAAAAAAAAAAAQAAAQ.jpg,1,255,255
A_mVW5RI4asboAAAAAAAAAAAAAAQAAAQ.jpg,A_2bxUSqLc6wAAAAAAAAAAAAAAAQAAAQ.jpg,1,255,255
A_mVW5RI4asboAAAAAAAAAAAAAAQAAAQ.jpg,A_2fEAQ6wRV78AAAAAAAAAAAAAAQAAAQ.jpg,1,255,255
A__-5CSqwIXuQAAAAAAAAAAAAAAQAAAQ.jpg,A_2bxUSqLc6wAAAAAAAAAAAAAAAQAAAQ.jpg,1,255,255
A__-5CSqwIXuQAAAAAAAAAAAAAAQAAAQ.jpg,A_2fEAQ6wRV78AAAAAAAAAAAAAAQAAAQ.jpg,1,255,255
A_2bxUSqLc6wAAAAAAAAAAAAAAAQAAAQ.jpg,A_2fEAQ6wRV78AAAAAAAAAAAAAAQAAAQ.jpg,1,255,255
A_ACqjTY_SpjgAAAAAAAAAAAAAAQAAAQ.jpg,A_aDKBQ7mM76cAAAAAAAAAAAAAAQAAAQ.jpg,1,256,256
A_ACqjTY_SpjgAAAAAAAAAAAAAAQAAAQ.jpg,A_g-xBTZf8gWoAAAAAAAAAAAAAAQAAAQ.jpg,1,256,256
A_ACqjTY_SpjgAAAAAAAAAAAAAAQAAAQ.jpg,A_uJ6ISJ1NElsAAAAAAAAAAAAAAQAAAQ.jpg,1,256,256
A_aDKBQ7mM76cAAAAAAAAAAAAAAQAAAQ.jpg,A_g-xBTZf8gWoAAAAAAAAAAAAAAQAAAQ.jpg,1,256,256
A_aDKBQ7mM76cAAAAAAAAAAAAAAQAAAQ.jpg,A_uJ6ISJ1NElsAAAAAAAAAAAAAAQAAAQ.jpg,1,256,256
A_g-xBTZf8gWoAAAAAAAAAAAAAAQAAAQ.jpg,A_uJ6ISJ1NElsAAAAAAAAAAAAAAQAAAQ.jpg,1,256,256
A_dNP4R4O9ASkAAAAAAAAAAAAAAQAAAQ.jpg,A_TKDrRJ6csBwAAAAAAAAAAAAAAQAAAQ.jpg,1,257,257
A_dNP4R4O9ASkAAAAAAAAAAAAAAQAAAQ.jpg,A_h-8AQKUCJ6wAAAAAAAAAAAAAAQAAAQ.jpg,1,257,257
A_dNP4R4O9ASkAAAAAAAAAAAAAAQAAAQ.jpg,A_FSyZQ40qPbEAAAAAAAAAAAAAAQAAAQ.jpg,1,257,257
A_TKDrRJ6csBwAAAAAAAAAAAAAAQAAAQ.jpg,A_h-8AQKUCJ6wAAAAAAAAAAAAAAQAAAQ.jpg,1,257,257
A_TKDrRJ6csBwAAAAAAAAAAAAAAQAAAQ.jpg,A_FSyZQ40qPbEAAAAAAAAAAAAAAQAAAQ.jpg,1,257,257
A_h-8AQKUCJ6wAAAAAAAAAAAAAAQAAAQ.jpg,A_FSyZQ40qPbEAAAAAAAAAAAAAAQAAAQ.jpg,1,257,257
A_YRDWQrX8B_UAAAAAAAAAAAAAAQAAAQ.jpg,A_4lT3QpjRRVEAAAAAAAAAAAAAAQAAAQ.jpg,1,258,258
A_YRDWQrX8B_UAAAAAAAAAAAAAAQAAAQ.jpg,A_SsADSplZuU0AAAAAAAAAAAAAAQAAAQ.jpg,1,258,258
A_YRDWQrX8B_UAAAAAAAAAAAAAAQAAAQ.jpg,A_7B2HSpMadEgAAAAAAAAAAAAAAQAAAQ.jpg,1,258,258
A_4lT3QpjRRVEAAAAAAAAAAAAAAQAAAQ.jpg,A_SsADSplZuU0AAAAAAAAAAAAAAQAAAQ.jpg,1,258,258
A_4lT3QpjRRVEAAAAAAAAAAAAAAQAAAQ.jpg,A_7B2HSpMadEgAAAAAAAAAAAAAAQAAAQ.jpg,1,258,258
A_SsADSplZuU0AAAAAAAAAAAAAAQAAAQ.jpg,A_7B2HSpMadEgAAAAAAAAAAAAAAQAAAQ.jpg,1,258,258
A_9SxdQYnmGb8AAAAAAAAAAAAAAQAAAQ.jpg,A_KRefSIqxAhMAAAAAAAAAAAAAAQAAAQ.jpg,1,259,259
A_9SxdQYnmGb8AAAAAAAAAAAAAAQAAAQ.jpg,A_SU_3R4a-QnYAAAAAAAAAAAAAAQAAAQ.jpg,1,259,259
A_9SxdQYnmGb8AAAAAAAAAAAAAAQAAAQ.jpg,A_BbMtSbuC4rkAAAAAAAAAAAAAAQAAAQ.jpg,1,259,259
A_KRefSIqxAhMAAAAAAAAAAAAAAQAAAQ.jpg,A_SU_3R4a-QnYAAAAAAAAAAAAAAQAAAQ.jpg,1,259,259
A_KRefSIqxAhMAAAAAAAAAAAAAAQAAAQ.jpg,A_BbMtSbuC4rkAAAAAAAAAAAAAAQAAAQ.jpg,1,259,259
A_SU_3R4a-QnYAAAAAAAAAAAAAAQAAAQ.jpg,A_BbMtSbuC4rkAAAAAAAAAAAAAAQAAAQ.jpg,1,259,259
A_0jiiRbW7afUAAAAAAAAAAAAAAQAAAQ.jpg,A_I-uhS4pzzngAAAAAAAAAAAAAAQAAAQ.jpg,1,260,260
A_0jiiRbW7afUAAAAAAAAAAAAAAQAAAQ.jpg,A_3HV_SoaRBjcAAAAAAAAAAAAAAQAAAQ.jpg,1,260,260
A_0jiiRbW7afUAAAAAAAAAAAAAAQAAAQ.jpg,A_7uWzQaplAc4AAAAAAAAAAAAAAQAAAQ.jpg,1,260,260
A_I-uhS4pzzngAAAAAAAAAAAAAAQAAAQ.jpg,A_3HV_SoaRBjcAAAAAAAAAAAAAAQAAAQ.jpg,1,260,260
A_I-uhS4pzzngAAAAAAAAAAAAAAQAAAQ.jpg,A_7uWzQaplAc4AAAAAAAAAAAAAAQAAAQ.jpg,1,260,260
A_3HV_SoaRBjcAAAAAAAAAAAAAAQAAAQ.jpg,A_7uWzQaplAc4AAAAAAAAAAAAAAQAAAQ.jpg,1,260,260
A_kRgtTKT8j2YAAAAAAAAAAAAAAQAAAQ.jpg,A_kjIITIS-f1QAAAAAAAAAAAAAAQAAAQ.jpg,1,261,261
A_kRgtTKT8j2YAAAAAAAAAAAAAAQAAAQ.jpg,A_qi_5T4aATlcAAAAAAAAAAAAAAQAAAQ.jpg,1,261,261
A_kRgtTKT8j2YAAAAAAAAAAAAAAQAAAQ.jpg,A_iGqzSrLtlcMAAAAAAAAAAAAAAQAAAQ.jpg,1,261,261
A_kjIITIS-f1QAAAAAAAAAAAAAAQAAAQ.jpg,A_qi_5T4aATlcAAAAAAAAAAAAAAQAAAQ.jpg,1,261,261
A_kjIITIS-f1QAAAAAAAAAAAAAAQAAAQ.jpg,A_iGqzSrLtlcMAAAAAAAAAAAAAAQAAAQ.jpg,1,261,261
A_qi_5T4aATlcAAAAAAAAAAAAAAQAAAQ.jpg,A_iGqzSrLtlcMAAAAAAAAAAAAAAQAAAQ.jpg,1,261,261
A_MOhrQLLyVDYAAAAAAAAAAAAAAQAAAQ.jpg,A_PD58S5qjNQoAAAAAAAAAAAAAAQAAAQ.jpg,1,262,262
A_MOhrQLLyVDYAAAAAAAAAAAAAAQAAAQ.jpg,A_uUKRRIhcetkAAAAAAAAAAAAAAQAAAQ.jpg,1,262,262
A_MOhrQLLyVDYAAAAAAAAAAAAAAQAAAQ.jpg,A_6r0MSZSuGksAAAAAAAAAAAAAAQAAAQ.jpg,1,262,262
A_PD58S5qjNQoAAAAAAAAAAAAAAQAAAQ.jpg,A_uUKRRIhcetkAAAAAAAAAAAAAAQAAAQ.jpg,1,262,262
A_PD58S5qjNQoAAAAAAAAAAAAAAQAAAQ.jpg,A_6r0MSZSuGksAAAAAAAAAAAAAAQAAAQ.jpg,1,262,262
A_uUKRRIhcetkAAAAAAAAAAAAAAQAAAQ.jpg,A_6r0MSZSuGksAAAAAAAAAAAAAAQAAAQ.jpg,1,262,262
A_c_7LRYptgZ4AAAAAAAAAAAAAAQAAAQ.jpg,A_FGfzSpRlJ9AAAAAAAAAAAAAAAQAAAQ.jpg,1,263,263
A_c_7LRYptgZ4AAAAAAAAAAAAAAQAAAQ.jpg,A_gmv7RZlv2wwAAAAAAAAAAAAAAQAAAQ.jpg,1,263,263
A_c_7LRYptgZ4AAAAAAAAAAAAAAQAAAQ.jpg,A_z3KSSqDlw1QAAAAAAAAAAAAAAQAAAQ.jpg,1,263,263
A_FGfzSpRlJ9AAAAAAAAAAAAAAAQAAAQ.jpg,A_gmv7RZlv2wwAAAAAAAAAAAAAAQAAAQ.jpg,1,263,263
A_FGfzSpRlJ9AAAAAAAAAAAAAAAQAAAQ.jpg,A_z3KSSqDlw1QAAAAAAAAAAAAAAQAAAQ.jpg,1,263,263
A_gmv7RZlv2wwAAAAAAAAAAAAAAQAAAQ.jpg,A_z3KSSqDlw1QAAAAAAAAAAAAAAQAAAQ.jpg,1,263,263
A_e6vmTbdC-9oAAAAAAAAAAAAAAQAAAQ.jpg,A_plhwSYSpPVIAAAAAAAAAAAAAAQAAAQ.jpg,1,264,264
A_e6vmTbdC-9oAAAAAAAAAAAAAAQAAAQ.jpg,A_OT8IQIP4z90AAAAAAAAAAAAAAQAAAQ.jpg,1,264,264
A_e6vmTbdC-9oAAAAAAAAAAAAAAQAAAQ.jpg,A_tdauTaw260cAAAAAAAAAAAAAAQAAAQ.jpg,1,264,264
A_plhwSYSpPVIAAAAAAAAAAAAAAQAAAQ.jpg,A_OT8IQIP4z90AAAAAAAAAAAAAAQAAAQ.jpg,1,264,264
A_plhwSYSpPVIAAAAAAAAAAAAAAQAAAQ.jpg,A_tdauTaw260cAAAAAAAAAAAAAAQAAAQ.jpg,1,264,264
A_OT8IQIP4z90AAAAAAAAAAAAAAQAAAQ.jpg,A_tdauTaw260cAAAAAAAAAAAAAAQAAAQ.jpg,1,264,264
A_dMj3SrywR0MAAAAAAAAAAAAAAQAAAQ.jpg,A_41GqSJs5RO4AAAAAAAAAAAAAAQAAAQ.jpg,1,265,265
A_dMj3SrywR0MAAAAAAAAAAAAAAQAAAQ.jpg,A_4ERZQIbzN0oAAAAAAAAAAAAAAQAAAQ.jpg,1,265,265
A_dMj3SrywR0MAAAAAAAAAAAAAAQAAAQ.jpg,A_NuL2TKMEwowAAAAAAAAAAAAAAQAAAQ.jpg,1,265,265
A_41GqSJs5RO4AAAAAAAAAAAAAAQAAAQ.jpg,A_4ERZQIbzN0oAAAAAAAAAAAAAAQAAAQ.jpg,1,265,265
A_41GqSJs5RO4AAAAAAAAAAAAAAQAAAQ.jpg,A_NuL2TKMEwowAAAAAAAAAAAAAAQAAAQ.jpg,1,265,265
A_4ERZQIbzN0oAAAAAAAAAAAAAAQAAAQ.jpg,A_NuL2TKMEwowAAAAAAAAAAAAAAQAAAQ.jpg,1,265,265
A_higyRahZ3-cAAAAAAAAAAAAAAQAAAQ.jpg,A_JywcTrmEceIAAAAAAAAAAAAAAQAAAQ.jpg,1,266,266
A_higyRahZ3-cAAAAAAAAAAAAAAQAAAQ.jpg,A_88GIR4a9ssoAAAAAAAAAAAAAAQAAAQ.jpg,1,266,266
A_higyRahZ3-cAAAAAAAAAAAAAAQAAAQ.jpg,A_BTUkT4Eo6pQAAAAAAAAAAAAAAQAAAQ.jpg,1,266,266
A_JywcTrmEceIAAAAAAAAAAAAAAQAAAQ.jpg,A_88GIR4a9ssoAAAAAAAAAAAAAAQAAAQ.jpg,1,266,266
A_JywcTrmEceIAAAAAAAAAAAAAAQAAAQ.jpg,A_BTUkT4Eo6pQAAAAAAAAAAAAAAQAAAQ.jpg,1,266,266
A_88GIR4a9ssoAAAAAAAAAAAAAAQAAAQ.jpg,A_BTUkT4Eo6pQAAAAAAAAAAAAAAQAAAQ.jpg,1,266,266
A_ryBhQJmZFnUAAAAAAAAAAAAAAQAAAQ.jpg,A_jHKHTLW4rOcAAAAAAAAAAAAAAQAAAQ.jpg,1,267,267
A_ryBhQJmZFnUAAAAAAAAAAAAAAQAAAQ.jpg,A_FEs-Ro6DnjoAAAAAAAAAAAAAAQAAAQ.jpg,1,267,267
A_ryBhQJmZFnUAAAAAAAAAAAAAAQAAAQ.jpg,A_KYy1R7vQUokAAAAAAAAAAAAAAQAAAQ.jpg,1,267,267
A_jHKHTLW4rOcAAAAAAAAAAAAAAQAAAQ.jpg,A_FEs-Ro6DnjoAAAAAAAAAAAAAAQAAAQ.jpg,1,267,267
A_jHKHTLW4rOcAAAAAAAAAAAAAAQAAAQ.jpg,A_KYy1R7vQUokAAAAAAAAAAAAAAQAAAQ.jpg,1,267,267
A_FEs-Ro6DnjoAAAAAAAAAAAAAAQAAAQ.jpg,A_KYy1R7vQUokAAAAAAAAAAAAAAQAAAQ.jpg,1,267,267
A_HTT-TokpzUQAAAAAAAAAAAAAAQAAAQ.jpg,A_ZX7pT4uWMgsAAAAAAAAAAAAAAQAAAQ.jpg,1,268,268
A_HTT-TokpzUQAAAAAAAAAAAAAAQAAAQ.jpg,A__V74SLTYzbMAAAAAAAAAAAAAAQAAAQ.jpg,1,268,268
A_HTT-TokpzUQAAAAAAAAAAAAAAQAAAQ.jpg,A_DEkJRYlXFNsAAAAAAAAAAAAAAQAAAQ.jpg,1,268,268
A_ZX7pT4uWMgsAAAAAAAAAAAAAAQAAAQ.jpg,A__V74SLTYzbMAAAAAAAAAAAAAAQAAAQ.jpg,1,268,268
A_ZX7pT4uWMgsAAAAAAAAAAAAAAQAAAQ.jpg,A_DEkJRYlXFNsAAAAAAAAAAAAAAQAAAQ.jpg,1,268,268
A__V74SLTYzbMAAAAAAAAAAAAAAQAAAQ.jpg,A_DEkJRYlXFNsAAAAAAAAAAAAAAQAAAQ.jpg,1,268,268
A_OssPT5JNclsAAAAAAAAAAAAAAQAAAQ.jpg,A_KlKMQ7YwUQUAAAAAAAAAAAAAAQAAAQ.jpg,1,269,269
A_OssPT5JNclsAAAAAAAAAAAAAAQAAAQ.jpg,A_JO5ZSKO_S7YAAAAAAAAAAAAAAQAAAQ.jpg,1,269,269
A_OssPT5JNclsAAAAAAAAAAAAAAQAAAQ.jpg,A_P_orQb_1tnYAAAAAAAAAAAAAAQAAAQ.jpg,1,269,269
A_KlKMQ7YwUQUAAAAAAAAAAAAAAQAAAQ.jpg,A_JO5ZSKO_S7YAAAAAAAAAAAAAAQAAAQ.jpg,1,269,269
A_KlKMQ7YwUQUAAAAAAAAAAAAAAQAAAQ.jpg,A_P_orQb_1tnYAAAAAAAAAAAAAAQAAAQ.jpg,1,269,269
A_JO5ZSKO_S7YAAAAAAAAAAAAAAQAAAQ.jpg,A_P_orQb_1tnYAAAAAAAAAAAAAAQAAAQ.jpg,1,269,269
A_RU49RpH8I6MAAAAAAAAAAAAAAQAAAQ.jpg,A_LTsOT5XBs1cAAAAAAAAAAAAAAQAAAQ.jpg,1,270,270
A_RU49RpH8I6MAAAAAAAAAAAAAAQAAAQ.jpg,A_0RBhTJcWtikAAAAAAAAAAAAAAQAAAQ.jpg,1,270,270
A_RU49RpH8I6MAAAAAAAAAAAAAAQAAAQ.jpg,A_QodUQrrQR2YAAAAAAAAAAAAAAQAAAQ.jpg,1,270,270
A_LTsOT5XBs1cAAAAAAAAAAAAAAQAAAQ.jpg,A_0RBhTJcWtikAAAAAAAAAAAAAAQAAAQ.jpg,1,270,270
A_LTsOT5XBs1cAAAAAAAAAAAAAAQAAAQ.jpg,A_QodUQrrQR2YAAAAAAAAAAAAAAQAAAQ.jpg,1,270,270
A_0RBhTJcWtikAAAAAAAAAAAAAAQAAAQ.jpg,A_QodUQrrQR2YAAAAAAAAAAAAAAQAAAQ.jpg,1,270,270
A_437OSrredWUAAAAAAAAAAAAAAQAAAQ.jpg,A_I8uqQ7SlDm0AAAAAAAAAAAAAAQAAAQ.jpg,1,271,271
A_437OSrredWUAAAAAAAAAAAAAAQAAAQ.jpg,A_nw_7QLxh6h4AAAAAAAAAAAAAAQAAAQ.jpg,1,271,271
A_437OSrredWUAAAAAAAAAAAAAAQAAAQ.jpg,A_hZtcTJN4JNsAAAAAAAAAAAAAAQAAAQ.jpg,1,271,271
A_I8uqQ7SlDm0AAAAAAAAAAAAAAQAAAQ.jpg,A_nw_7QLxh6h4AAAAAAAAAAAAAAQAAAQ.jpg,1,271,271
A_I8uqQ7SlDm0AAAAAAAAAAAAAAQAAAQ.jpg,A_hZtcTJN4JNsAAAAAAAAAAAAAAQAAAQ.jpg,1,271,271
A_nw_7QLxh6h4AAAAAAAAAAAAAAQAAAQ.jpg,A_hZtcTJN4JNsAAAAAAAAAAAAAAQAAAQ.jpg,1,271,271
A_FeBCQrUGfIcAAAAAAAAAAAAAAQAAAQ.jpg,A_DNjCS6LPySIAAAAAAAAAAAAAAQAAAQ.jpg,1,272,272
A_FeBCQrUGfIcAAAAAAAAAAAAAAQAAAQ.jpg,A_R094QKfEc7UAAAAAAAAAAAAAAQAAAQ.jpg,1,272,272
A_FeBCQrUGfIcAAAAAAAAAAAAAAQAAAQ.jpg,A_y8iFSJzwNJ4AAAAAAAAAAAAAAQAAAQ.jpg,1,272,272
A_DNjCS6LPySIAAAAAAAAAAAAAAQAAAQ.jpg,A_R094QKfEc7UAAAAAAAAAAAAAAQAAAQ.jpg,1,272,272
A_DNjCS6LPySIAAAAAAAAAAAAAAQAAAQ.jpg,A_y8iFSJzwNJ4AAAAAAAAAAAAAAQAAAQ.jpg,1,272,272
A_R094QKfEc7UAAAAAAAAAAAAAAQAAAQ.jpg,A_y8iFSJzwNJ4AAAAAAAAAAAAAAQAAAQ.jpg,1,272,272
A_-fGnSJLpn7kAAAAAAAAAAAAAAQAAAQ.jpg,A__OfaT7yTwxUAAAAAAAAAAAAAAQAAAQ.jpg,1,273,273
A_-fGnSJLpn7kAAAAAAAAAAAAAAQAAAQ.jpg,A_sEMKS4Zum5UAAAAAAAAAAAAAAQAAAQ.jpg,1,273,273
A_-fGnSJLpn7kAAAAAAAAAAAAAAQAAAQ.jpg,A_xgEcQJU0HaoAAAAAAAAAAAAAAQAAAQ.jpg,1,273,273
A__OfaT7yTwxUAAAAAAAAAAAAAAQAAAQ.jpg,A_sEMKS4Zum5UAAAAAAAAAAAAAAQAAAQ.jpg,1,273,273
A__OfaT7yTwxUAAAAAAAAAAAAAAQAAAQ.jpg,A_xgEcQJU0HaoAAAAAAAAAAAAAAQAAAQ.jpg,1,273,273
A_sEMKS4Zum5UAAAAAAAAAAAAAAQAAAQ.jpg,A_xgEcQJU0HaoAAAAAAAAAAAAAAQAAAQ.jpg,1,273,273
A_xzWOSL6pNFAAAAAAAAAAAAAAAQAAAQ.jpg,A_Efp6QLrSZ-gAAAAAAAAAAAAAAQAAAQ.jpg,1,274,274
A_xzWOSL6pNFAAAAAAAAAAAAAAAQAAAQ.jpg,A_gyLzR4cxZpIAAAAAAAAAAAAAAQAAAQ.jpg,1,274,274
A_xzWOSL6pNFAAAAAAAAAAAAAAAQAAAQ.jpg,A_u5XySKZ9cywAAAAAAAAAAAAAAQAAAQ.jpg,1,274,274
A_Efp6QLrSZ-gAAAAAAAAAAAAAAQAAAQ.jpg,A_gyLzR4cxZpIAAAAAAAAAAAAAAQAAAQ.jpg,1,274,274
A_Efp6QLrSZ-gAAAAAAAAAAAAAAQAAAQ.jpg,A_u5XySKZ9cywAAAAAAAAAAAAAAQAAAQ.jpg,1,274,274
A_gyLzR4cxZpIAAAAAAAAAAAAAAQAAAQ.jpg,A_u5XySKZ9cywAAAAAAAAAAAAAAQAAAQ.jpg,1,274,274
A_aDhQT4JRtKIAAAAAAAAAAAAAAQAAAQ.jpg,A_M9P2TpZaQRMAAAAAAAAAAAAAAQAAAQ.jpg,1,275,275
A_aDhQT4JRtKIAAAAAAAAAAAAAAQAAAQ.jpg,A_3uJrSJQRo58AAAAAAAAAAAAAAQAAAQ.jpg,1,275,275
A_aDhQT4JRtKIAAAAAAAAAAAAAAQAAAQ.jpg,A_UHH0So61ecgAAAAAAAAAAAAAAQAAAQ.jpg,1,275,275
A_M9P2TpZaQRMAAAAAAAAAAAAAAQAAAQ.jpg,A_3uJrSJQRo58AAAAAAAAAAAAAAQAAAQ.jpg,1,275,275
A_M9P2TpZaQRMAAAAAAAAAAAAAAQAAAQ.jpg,A_UHH0So61ecgAAAAAAAAAAAAAAQAAAQ.jpg,1,275,275
A_3uJrSJQRo58AAAAAAAAAAAAAAQAAAQ.jpg,A_UHH0So61ecgAAAAAAAAAAAAAAQAAAQ.jpg,1,275,275
A_q9E-TreZOpcAAAAAAAAAAAAAAQAAAQ.jpg,A_Q2ygQ7cJQygAAAAAAAAAAAAAAQAAAQ.jpg,1,276,276
A_q9E-TreZOpcAAAAAAAAAAAAAAQAAAQ.jpg,A_eBxrT7u84_YAAAAAAAAAAAAAAQAAAQ.jpg,1,276,276
A_q9E-TreZOpcAAAAAAAAAAAAAAQAAAQ.jpg,A_yaQwRrApyMQAAAAAAAAAAAAAAQAAAQ.jpg,1,276,276
A_Q2ygQ7cJQygAAAAAAAAAAAAAAQAAAQ.jpg,A_eBxrT7u84_YAAAAAAAAAAAAAAQAAAQ.jpg,1,276,276
A_Q2ygQ7cJQygAAAAAAAAAAAAAAQAAAQ.jpg,A_yaQwRrApyMQAAAAAAAAAAAAAAQAAAQ.jpg,1,276,276
A_eBxrT7u84_YAAAAAAAAAAAAAAQAAAQ.jpg,A_yaQwRrApyMQAAAAAAAAAAAAAAQAAAQ.jpg,1,276,276
A_UKkIRaJ9WRsAAAAAAAAAAAAAAQAAAQ.jpg,A__5f3Qa27j5YAAAAAAAAAAAAAAQAAAQ.jpg,1,277,277
A_UKkIRaJ9WRsAAAAAAAAAAAAAAQAAAQ.jpg,A_zcYfTIvp2lMAAAAAAAAAAAAAAQAAAQ.jpg,1,277,277
A_UKkIRaJ9WRsAAAAAAAAAAAAAAQAAAQ.jpg,A_ceTJQKFD4CcAAAAAAAAAAAAAAQAAAQ.jpg,1,277,277
A__5f3Qa27j5YAAAAAAAAAAAAAAQAAAQ.jpg,A_zcYfTIvp2lMAAAAAAAAAAAAAAQAAAQ.jpg,1,277,277
A__5f3Qa27j5YAAAAAAAAAAAAAAQAAAQ.jpg,A_ceTJQKFD4CcAAAAAAAAAAAAAAQAAAQ.jpg,1,277,277
A_zcYfTIvp2lMAAAAAAAAAAAAAAQAAAQ.jpg,A_ceTJQKFD4CcAAAAAAAAAAAAAAQAAAQ.jpg,1,277,277
A_eaJbRIsiIAcAAAAAAAAAAAAAAQAAAQ.jpg,A_PKCVSakmtxUAAAAAAAAAAAAAAQAAAQ.jpg,1,278,278
A_eaJbRIsiIAcAAAAAAAAAAAAAAQAAAQ.jpg,A_7MhsTIG0_08AAAAAAAAAAAAAAQAAAQ.jpg,1,278,278
A_eaJbRIsiIAcAAAAAAAAAAAAAAQAAAQ.jpg,A_LFTBTrq2so4AAAAAAAAAAAAAAQAAAQ.jpg,1,278,278
A_PKCVSakmtxUAAAAAAAAAAAAAAQAAAQ.jpg,A_7MhsTIG0_08AAAAAAAAAAAAAAQAAAQ.jpg,1,278,278
A_PKCVSakmtxUAAAAAAAAAAAAAAQAAAQ.jpg,A_LFTBTrq2so4AAAAAAAAAAAAAAQAAAQ.jpg,1,278,278
A_7MhsTIG0_08AAAAAAAAAAAAAAQAAAQ.jpg,A_LFTBTrq2so4AAAAAAAAAAAAAAQAAAQ.jpg,1,278,278
A_wmoBRoo-T8IAAAAAAAAAAAAAAQAAAQ.jpg,A_dmmqQrIoeIMAAAAAAAAAAAAAAQAAAQ.jpg,1,279,279
A_wmoBRoo-T8IAAAAAAAAAAAAAAQAAAQ.jpg,A_BT-TSJ2u3kMAAAAAAAAAAAAAAQAAAQ.jpg,1,279,279
A_wmoBRoo-T8IAAAAAAAAAAAAAAQAAAQ.jpg,A__dC3S5as98wAAAAAAAAAAAAAAQAAAQ.jpg,1,279,279
A_dmmqQrIoeIMAAAAAAAAAAAAAAQAAAQ.jpg,A_BT-TSJ2u3kMAAAAAAAAAAAAAAQAAAQ.jpg,1,279,279
A_dmmqQrIoeIMAAAAAAAAAAAAAAQAAAQ.jpg,A__dC3S5as98wAAAAAAAAAAAAAAQAAAQ.jpg,1,279,279
A_BT-TSJ2u3kMAAAAAAAAAAAAAAQAAAQ.jpg,A__dC3S5as98wAAAAAAAAAAAAAAQAAAQ.jpg,1,279,279
A_TQs9RbfFYCkAAAAAAAAAAAAAAQAAAQ.jpg,A_avXxR4A0gikAAAAAAAAAAAAAAQAAAQ.jpg,1,280,280
A_TQs9RbfFYCkAAAAAAAAAAAAAAQAAAQ.jpg,A_CbtxSYI7W3wAAAAAAAAAAAAAAQAAAQ.jpg,1,280,280
A_TQs9RbfFYCkAAAAAAAAAAAAAAQAAAQ.jpg,A_CXUcR6GYNjkAAAAAAAAAAAAAAQAAAQ.jpg,1,280,280
A_avXxR4A0gikAAAAAAAAAAAAAAQAAAQ.jpg,A_CbtxSYI7W3wAAAAAAAAAAAAAAQAAAQ.jpg,1,280,280
A_avXxR4A0gikAAAAAAAAAAAAAAQAAAQ.jpg,A_CXUcR6GYNjkAAAAAAAAAAAAAAQAAAQ.jpg,1,280,280
A_CbtxSYI7W3wAAAAAAAAAAAAAAQAAAQ.jpg,A_CXUcR6GYNjkAAAAAAAAAAAAAAQAAAQ.jpg,1,280,280
A_izqHSKPN0SsAAAAAAAAAAAAAAQAAAQ.jpg,A_iWCAS7hDyJEAAAAAAAAAAAAAAQAAAQ.jpg,1,281,281
A_izqHSKPN0SsAAAAAAAAAAAAAAQAAAQ.jpg,A_CaW2Rr7FxicAAAAAAAAAAAAAAQAAAQ.jpg,1,281,281
A_izqHSKPN0SsAAAAAAAAAAAAAAQAAAQ.jpg,A_Pgp4TYloAOwAAAAAAAAAAAAAAQAAAQ.jpg,1,281,281
A_iWCAS7hDyJEAAAAAAAAAAAAAAQAAAQ.jpg,A_CaW2Rr7FxicAAAAAAAAAAAAAAQAAAQ.jpg,1,281,281
A_iWCAS7hDyJEAAAAAAAAAAAAAAQAAAQ.jpg,A_Pgp4TYloAOwAAAAAAAAAAAAAAQAAAQ.jpg,1,281,281
A_CaW2Rr7FxicAAAAAAAAAAAAAAQAAAQ.jpg,A_Pgp4TYloAOwAAAAAAAAAAAAAAQAAAQ.jpg,1,281,281
wlvKhmPsRnuzCvy0hg9dSQAAACMAARAD.jpg,T3Ow5yM2ThqSP6KFh8RfwAAAACMAARAD.jpg,1,282,282
wlvKhmPsRnuzCvy0hg9dSQAAACMAARAD.jpg,dGG2aRuKRkqEOETt9YkP4gAAACMAARAD.jpg,1,282,282
wlvKhmPsRnuzCvy0hg9dSQAAACMAARAD.jpg,rXxlFn69QMONIxtgsZJajQAAACMAARAD.jpg,1,282,282
T3Ow5yM2ThqSP6KFh8RfwAAAACMAARAD.jpg,dGG2aRuKRkqEOETt9YkP4gAAACMAARAD.jpg,1,282,282
T3Ow5yM2ThqSP6KFh8RfwAAAACMAARAD.jpg,rXxlFn69QMONIxtgsZJajQAAACMAARAD.jpg,1,282,282
dGG2aRuKRkqEOETt9YkP4gAAACMAARAD.jpg,rXxlFn69QMONIxtgsZJajQAAACMAARAD.jpg,1,282,282
A_-cgBQ7nWdC4AAAAAAAAAAAAAAQAAAQ.jpg,A_rdK1TpMuf28AAAAAAAAAAAAAAQAAAQ.jpg,1,283,283
A_-cgBQ7nWdC4AAAAAAAAAAAAAAQAAAQ.jpg,A_UHv6TJv2h5cAAAAAAAAAAAAAAQAAAQ.jpg,1,283,283
A_-cgBQ7nWdC4AAAAAAAAAAAAAAQAAAQ.jpg,A_ToioR6w5lKgAAAAAAAAAAAAAAQAAAQ.jpg,1,283,283
A_rdK1TpMuf28AAAAAAAAAAAAAAQAAAQ.jpg,A_UHv6TJv2h5cAAAAAAAAAAAAAAQAAAQ.jpg,1,283,283
A_rdK1TpMuf28AAAAAAAAAAAAAAQAAAQ.jpg,A_ToioR6w5lKgAAAAAAAAAAAAAAQAAAQ.jpg,1,283,283
A_UHv6TJv2h5cAAAAAAAAAAAAAAQAAAQ.jpg,A_ToioR6w5lKgAAAAAAAAAAAAAAQAAAQ.jpg,1,283,283
A_6JGwQau_WNoAAAAAAAAAAAAAAQAAAQ.jpg,A_i8kmSqzWZtEAAAAAAAAAAAAAAQAAAQ.jpg,1,284,284
A_6JGwQau_WNoAAAAAAAAAAAAAAQAAAQ.jpg,A_OQeoS4r3iwoAAAAAAAAAAAAAAQAAAQ.jpg,1,284,284
A_6JGwQau_WNoAAAAAAAAAAAAAAQAAAQ.jpg,A_MVBqSa4_cZAAAAAAAAAAAAAAAQAAAQ.jpg,1,284,284
A_i8kmSqzWZtEAAAAAAAAAAAAAAQAAAQ.jpg,A_OQeoS4r3iwoAAAAAAAAAAAAAAQAAAQ.jpg,1,284,284
A_i8kmSqzWZtEAAAAAAAAAAAAAAQAAAQ.jpg,A_MVBqSa4_cZAAAAAAAAAAAAAAAQAAAQ.jpg,1,284,284
A_OQeoS4r3iwoAAAAAAAAAAAAAAQAAAQ.jpg,A_MVBqSa4_cZAAAAAAAAAAAAAAAQAAAQ.jpg,1,284,284
A_jKAHQ6HeOiMAAAAAAAAAAAAAAQAAAQ.jpg,A_N1bgTpTlLkIAAAAAAAAAAAAAAQAAAQ.jpg,1,285,285
A_jKAHQ6HeOiMAAAAAAAAAAAAAAQAAAQ.jpg,A_5QphQrKDPQgAAAAAAAAAAAAAAQAAAQ.jpg,1,285,285
A_jKAHQ6HeOiMAAAAAAAAAAAAAAQAAAQ.jpg,A_lOYRTrARg8kAAAAAAAAAAAAAAQAAAQ.jpg,1,285,285
A_N1bgTpTlLkIAAAAAAAAAAAAAAQAAAQ.jpg,A_5QphQrKDPQgAAAAAAAAAAAAAAQAAAQ.jpg,1,285,285
A_N1bgTpTlLkIAAAAAAAAAAAAAAQAAAQ.jpg,A_lOYRTrARg8kAAAAAAAAAAAAAAQAAAQ.jpg,1,285,285
A_5QphQrKDPQgAAAAAAAAAAAAAAQAAAQ.jpg,A_lOYRTrARg8kAAAAAAAAAAAAAAQAAAQ.jpg,1,285,285
A_KG1fRooRKKoAAAAAAAAAAAAAAQAAAQ.jpg,A_USsBT7LiLzQAAAAAAAAAAAAAAQAAAQ.jpg,1,286,286
A_KG1fRooRKKoAAAAAAAAAAAAAAQAAAQ.jpg,A_pBcpQ5u7crsAAAAAAAAAAAAAAQAAAQ.jpg,1,286,286
A_KG1fRooRKKoAAAAAAAAAAAAAAQAAAQ.jpg,A_MtxfT4wtikgAAAAAAAAAAAAAAQAAAQ.jpg,1,286,286
A_USsBT7LiLzQAAAAAAAAAAAAAAQAAAQ.jpg,A_pBcpQ5u7crsAAAAAAAAAAAAAAQAAAQ.jpg,1,286,286
A_USsBT7LiLzQAAAAAAAAAAAAAAQAAAQ.jpg,A_MtxfT4wtikgAAAAAAAAAAAAAAQAAAQ.jpg,1,286,286
A_pBcpQ5u7crsAAAAAAAAAAAAAAQAAAQ.jpg,A_MtxfT4wtikgAAAAAAAAAAAAAAQAAAQ.jpg,1,286,286
A__LYISrzZ_GIAAAAAAAAAAAAAAQAAAQ.jpg,A_8jMWRbavcW0AAAAAAAAAAAAAAQAAAQ.jpg,1,287,287
A__LYISrzZ_GIAAAAAAAAAAAAAAQAAAQ.jpg,A_vTQoRLws130AAAAAAAAAAAAAAQAAAQ.jpg,1,287,287
A__LYISrzZ_GIAAAAAAAAAAAAAAQAAAQ.jpg,A_VPDvSqwWeHQAAAAAAAAAAAAAAQAAAQ.jpg,1,287,287
A_8jMWRbavcW0AAAAAAAAAAAAAAQAAAQ.jpg,A_vTQoRLws130AAAAAAAAAAAAAAQAAAQ.jpg,1,287,287
A_8jMWRbavcW0AAAAAAAAAAAAAAQAAAQ.jpg,A_VPDvSqwWeHQAAAAAAAAAAAAAAQAAAQ.jpg,1,287,287
A_vTQoRLws130AAAAAAAAAAAAAAQAAAQ.jpg,A_VPDvSqwWeHQAAAAAAAAAAAAAAQAAAQ.jpg,1,287,287
A_qWCCR7R42PUAAAAAAAAAAAAAAQAAAQ.jpg,A_xkbbR6DqPbwAAAAAAAAAAAAAAQAAAQ.jpg,1,288,288
A_qWCCR7R42PUAAAAAAAAAAAAAAQAAAQ.jpg,A_LUknQ5zwlPEAAAAAAAAAAAAAAQAAAQ.jpg,1,288,288
A_qWCCR7R42PUAAAAAAAAAAAAAAQAAAQ.jpg,A_7zpaTrXCE1sAAAAAAAAAAAAAAQAAAQ.jpg,1,288,288
A_xkbbR6DqPbwAAAAAAAAAAAAAAQAAAQ.jpg,A_LUknQ5zwlPEAAAAAAAAAAAAAAQAAAQ.jpg,1,288,288
A_xkbbR6DqPbwAAAAAAAAAAAAAAQAAAQ.jpg,A_7zpaTrXCE1sAAAAAAAAAAAAAAQAAAQ.jpg,1,288,288
A_LUknQ5zwlPEAAAAAAAAAAAAAAQAAAQ.jpg,A_7zpaTrXCE1sAAAAAAAAAAAAAAQAAAQ.jpg,1,288,288
A_bIcBTZ3tUqEAAAAAAAAAAAAAAQAAAQ.jpg,A_meIyTZfLrbEAAAAAAAAAAAAAAQAAAQ.jpg,1,289,289
A_bIcBTZ3tUqEAAAAAAAAAAAAAAQAAAQ.jpg,A_h0e0SItXSKwAAAAAAAAAAAAAAQAAAQ.jpg,1,289,289
A_bIcBTZ3tUqEAAAAAAAAAAAAAAQAAAQ.jpg,A_FZxTQJDVbkYAAAAAAAAAAAAAAQAAAQ.jpg,1,289,289
A_meIyTZfLrbEAAAAAAAAAAAAAAQAAAQ.jpg,A_h0e0SItXSKwAAAAAAAAAAAAAAQAAAQ.jpg,1,289,289
A_meIyTZfLrbEAAAAAAAAAAAAAAQAAAQ.jpg,A_FZxTQJDVbkYAAAAAAAAAAAAAAQAAAQ.jpg,1,289,289
A_h0e0SItXSKwAAAAAAAAAAAAAAQAAAQ.jpg,A_FZxTQJDVbkYAAAAAAAAAAAAAAQAAAQ.jpg,1,289,289
A_ZT5FQpIeXlQAAAAAAAAAAAAAAQAAAQ.jpg,A_gZaiTKWdZY4AAAAAAAAAAAAAAQAAAQ.jpg,1,290,290
A_ZT5FQpIeXlQAAAAAAAAAAAAAAQAAAQ.jpg,A_6rXsToXOMygAAAAAAAAAAAAAAQAAAQ.jpg,1,290,290
A_ZT5FQpIeXlQAAAAAAAAAAAAAAQAAAQ.jpg,A_3JWtT62FzhAAAAAAAAAAAAAAAQAAAQ.jpg,1,290,290
A_gZaiTKWdZY4AAAAAAAAAAAAAAQAAAQ.jpg,A_6rXsToXOMygAAAAAAAAAAAAAAQAAAQ.jpg,1,290,290
A_gZaiTKWdZY4AAAAAAAAAAAAAAQAAAQ.jpg,A_3JWtT62FzhAAAAAAAAAAAAAAAQAAAQ.jpg,1,290,290
A_6rXsToXOMygAAAAAAAAAAAAAAQAAAQ.jpg,A_3JWtT62FzhAAAAAAAAAAAAAAAQAAAQ.jpg,1,290,290
GkKIt_19Rh2gdu0uxH4mbgAAACMAARAD.jpg,OjXGrQwIRLe0jn5ENTl1XwAAACMAARAD.jpg,1,291,291
GkKIt_19Rh2gdu0uxH4mbgAAACMAARAD.jpg,Gy5X3mM5RdSB0CqW4GSoGwAAACMAARAD.jpg,1,291,291
GkKIt_19Rh2gdu0uxH4mbgAAACMAARAD.jpg,qyqNN_HDShqToEUCAcDKYQAAACMAARAD.jpg,1,291,291
OjXGrQwIRLe0jn5ENTl1XwAAACMAARAD.jpg,Gy5X3mM5RdSB0CqW4GSoGwAAACMAARAD.jpg,1,291,291
OjXGrQwIRLe0jn5ENTl1XwAAACMAARAD.jpg,qyqNN_HDShqToEUCAcDKYQAAACMAARAD.jpg,1,291,291
Gy5X3mM5RdSB0CqW4GSoGwAAACMAARAD.jpg,qyqNN_HDShqToEUCAcDKYQAAACMAARAD.jpg,1,291,291
A_1OujSoSRAr8AAAAAAAAAAAAAAQAAAQ.jpg,A_VQ4tRoLu4e4AAAAAAAAAAAAAAQAAAQ.jpg,1,292,292
A_1OujSoSRAr8AAAAAAAAAAAAAAQAAAQ.jpg,A_SXh7Qo_BhxkAAAAAAAAAAAAAAQAAAQ.jpg,1,292,292
A_1OujSoSRAr8AAAAAAAAAAAAAAQAAAQ.jpg,A_EBtBR7SR8xIAAAAAAAAAAAAAAQAAAQ.jpg,1,292,292
A_VQ4tRoLu4e4AAAAAAAAAAAAAAQAAAQ.jpg,A_SXh7Qo_BhxkAAAAAAAAAAAAAAQAAAQ.jpg,1,292,292
A_VQ4tRoLu4e4AAAAAAAAAAAAAAQAAAQ.jpg,A_EBtBR7SR8xIAAAAAAAAAAAAAAQAAAQ.jpg,1,292,292
A_SXh7Qo_BhxkAAAAAAAAAAAAAAQAAAQ.jpg,A_EBtBR7SR8xIAAAAAAAAAAAAAAQAAAQ.jpg,1,292,292
A_wxWxSZH1r_QAAAAAAAAAAAAAAQAAAQ.jpg,A_FTXOTL2SfYwAAAAAAAAAAAAAAQAAAQ.jpg,1,293,293
A_wxWxSZH1r_QAAAAAAAAAAAAAAQAAAQ.jpg,A_pNVfTIS6svkAAAAAAAAAAAAAAQAAAQ.jpg,1,293,293
A_wxWxSZH1r_QAAAAAAAAAAAAAAQAAAQ.jpg,A_h0wES7JMcj8AAAAAAAAAAAAAAQAAAQ.jpg,1,293,293
A_FTXOTL2SfYwAAAAAAAAAAAAAAQAAAQ.jpg,A_pNVfTIS6svkAAAAAAAAAAAAAAQAAAQ.jpg,1,293,293
A_FTXOTL2SfYwAAAAAAAAAAAAAAQAAAQ.jpg,A_h0wES7JMcj8AAAAAAAAAAAAAAQAAAQ.jpg,1,293,293
A_pNVfTIS6svkAAAAAAAAAAAAAAQAAAQ.jpg,A_h0wES7JMcj8AAAAAAAAAAAAAAQAAAQ.jpg,1,293,293
A_4vgZSoQuhPgAAAAAAAAAAAAAAQAAAQ.jpg,A_6XZZT6vaEZ4AAAAAAAAAAAAAAQAAAQ.jpg,1,294,294
A_4vgZSoQuhPgAAAAAAAAAAAAAAQAAAQ.jpg,A_oEAqSaEmWGMAAAAAAAAAAAAAAQAAAQ.jpg,1,294,294
A_4vgZSoQuhPgAAAAAAAAAAAAAAQAAAQ.jpg,A_PLH0TI0npUYAAAAAAAAAAAAAAQAAAQ.jpg,1,294,294
A_6XZZT6vaEZ4AAAAAAAAAAAAAAQAAAQ.jpg,A_oEAqSaEmWGMAAAAAAAAAAAAAAQAAAQ.jpg,1,294,294
A_6XZZT6vaEZ4AAAAAAAAAAAAAAQAAAQ.jpg,A_PLH0TI0npUYAAAAAAAAAAAAAAQAAAQ.jpg,1,294,294
A_oEAqSaEmWGMAAAAAAAAAAAAAAQAAAQ.jpg,A_PLH0TI0npUYAAAAAAAAAAAAAAQAAAQ.jpg,1,294,294
A_CAlCTIVL_TQAAAAAAAAAAAAAAQAAAQ.jpg,A_8vypTI74gzgAAAAAAAAAAAAAAQAAAQ.jpg,1,295,295
A_CAlCTIVL_TQAAAAAAAAAAAAAAQAAAQ.jpg,A_Kgq_SLzseBQAAAAAAAAAAAAAAQAAAQ.jpg,1,295,295
A_CAlCTIVL_TQAAAAAAAAAAAAAAQAAAQ.jpg,A_1XV-TI8AFDMAAAAAAAAAAAAAAQAAAQ.jpg,1,295,295
A_8vypTI74gzgAAAAAAAAAAAAAAQAAAQ.jpg,A_Kgq_SLzseBQAAAAAAAAAAAAAAQAAAQ.jpg,1,295,295
A_8vypTI74gzgAAAAAAAAAAAAAAQAAAQ.jpg,A_1XV-TI8AFDMAAAAAAAAAAAAAAQAAAQ.jpg,1,295,295
A_Kgq_SLzseBQAAAAAAAAAAAAAAQAAAQ.jpg,A_1XV-TI8AFDMAAAAAAAAAAAAAAQAAAQ.jpg,1,295,295
A_AK9lSaWJ_m0AAAAAAAAAAAAAAQAAAQ.jpg,A_a-RNSrOUV5IAAAAAAAAAAAAAAQAAAQ.jpg,1,296,296
A_AK9lSaWJ_m0AAAAAAAAAAAAAAQAAAQ.jpg,A_I5KDRLmGgB8AAAAAAAAAAAAAAQAAAQ.jpg,1,296,296
A_AK9lSaWJ_m0AAAAAAAAAAAAAAQAAAQ.jpg,A_ivfcQaWsgdsAAAAAAAAAAAAAAQAAAQ.jpg,1,296,296
A_a-RNSrOUV5IAAAAAAAAAAAAAAQAAAQ.jpg,A_I5KDRLmGgB8AAAAAAAAAAAAAAQAAAQ.jpg,1,296,296
A_a-RNSrOUV5IAAAAAAAAAAAAAAQAAAQ.jpg,A_ivfcQaWsgdsAAAAAAAAAAAAAAQAAAQ.jpg,1,296,296
A_I5KDRLmGgB8AAAAAAAAAAAAAAQAAAQ.jpg,A_ivfcQaWsgdsAAAAAAAAAAAAAAQAAAQ.jpg,1,296,296
A_02oeQZQGpSIAAAAAAAAAAAAAAQAAAQ.jpg,A_1vE2T5QGHN4AAAAAAAAAAAAAAQAAAQ.jpg,1,297,297
A_02oeQZQGpSIAAAAAAAAAAAAAAQAAAQ.jpg,A_URuNQJscuisAAAAAAAAAAAAAAQAAAQ.jpg,1,297,297
A_02oeQZQGpSIAAAAAAAAAAAAAAQAAAQ.jpg,A_zIdqT5wAadAAAAAAAAAAAAAAAQAAAQ.jpg,1,297,297
A_1vE2T5QGHN4AAAAAAAAAAAAAAQAAAQ.jpg,A_URuNQJscuisAAAAAAAAAAAAAAQAAAQ.jpg,1,297,297
A_1vE2T5QGHN4AAAAAAAAAAAAAAQAAAQ.jpg,A_zIdqT5wAadAAAAAAAAAAAAAAAQAAAQ.jpg,1,297,297
A_URuNQJscuisAAAAAAAAAAAAAAQAAAQ.jpg,A_zIdqT5wAadAAAAAAAAAAAAAAAQAAAQ.jpg,1,297,297
A_JUa9QZwAOOgAAAAAAAAAAAAAAQAAAQ.jpg,A_jlGaToiTR1cAAAAAAAAAAAAAAQAAAQ.jpg,1,298,298
A_JUa9QZwAOOgAAAAAAAAAAAAAAQAAAQ.jpg,A_82YISZVTz64AAAAAAAAAAAAAAQAAAQ.jpg,1,298,298
A_JUa9QZwAOOgAAAAAAAAAAAAAAQAAAQ.jpg,A_OdypSY5DoYwAAAAAAAAAAAAAAQAAAQ.jpg,1,298,298
A_jlGaToiTR1cAAAAAAAAAAAAAAQAAAQ.jpg,A_82YISZVTz64AAAAAAAAAAAAAAQAAAQ.jpg,1,298,298
A_jlGaToiTR1cAAAAAAAAAAAAAAQAAAQ.jpg,A_OdypSY5DoYwAAAAAAAAAAAAAAQAAAQ.jpg,1,298,298
A_82YISZVTz64AAAAAAAAAAAAAAQAAAQ.jpg,A_OdypSY5DoYwAAAAAAAAAAAAAAQAAAQ.jpg,1,298,298
A_kCm8SqJ4xbQAAAAAAAAAAAAAAQAAAQ.jpg,A_9Hj6Q4nQNhEAAAAAAAAAAAAAAQAAAQ.jpg,1,299,299
A_kCm8SqJ4xbQAAAAAAAAAAAAAAQAAAQ.jpg,A_CkzZSIBF3KYAAAAAAAAAAAAAAQAAAQ.jpg,1,299,299
A_kCm8SqJ4xbQAAAAAAAAAAAAAAQAAAQ.jpg,A_ncTYTqtScNEAAAAAAAAAAAAAAQAAAQ.jpg,1,299,299
A_9Hj6Q4nQNhEAAAAAAAAAAAAAAQAAAQ.jpg,A_CkzZSIBF3KYAAAAAAAAAAAAAAQAAAQ.jpg,1,299,299
A_9Hj6Q4nQNhEAAAAAAAAAAAAAAQAAAQ.jpg,A_ncTYTqtScNEAAAAAAAAAAAAAAQAAAQ.jpg,1,299,299
A_CkzZSIBF3KYAAAAAAAAAAAAAAQAAAQ.jpg,A_ncTYTqtScNEAAAAAAAAAAAAAAQAAAQ.jpg,1,299,299
A_QMXJRr8rzh4AAAAAAAAAAAAAAQAAAQ.jpg,A_He2nSrEFR1YAAAAAAAAAAAAAAQAAAQ.jpg,1,300,300
A_QMXJRr8rzh4AAAAAAAAAAAAAAQAAAQ.jpg,A_57b6Sb8-FAYAAAAAAAAAAAAAAQAAAQ.jpg,1,300,300
A_QMXJRr8rzh4AAAAAAAAAAAAAAQAAAQ.jpg,A_1iq-SaD4TSYAAAAAAAAAAAAAAQAAAQ.jpg,1,300,300
A_He2nSrEFR1YAAAAAAAAAAAAAAQAAAQ.jpg,A_57b6Sb8-FAYAAAAAAAAAAAAAAQAAAQ.jpg,1,300,300
A_He2nSrEFR1YAAAAAAAAAAAAAAQAAAQ.jpg,A_1iq-SaD4TSYAAAAAAAAAAAAAAQAAAQ.jpg,1,300,300
A_57b6Sb8-FAYAAAAAAAAAAAAAAQAAAQ.jpg,A_1iq-SaD4TSYAAAAAAAAAAAAAAQAAAQ.jpg,1,300,300
A_FliWQ7H5vocAAAAAAAAAAAAAAQAAAQ.jpg,A_uqQZTalXwHYAAAAAAAAAAAAAAQAAAQ.jpg,1,301,301
A_FliWQ7H5vocAAAAAAAAAAAAAAQAAAQ.jpg,A_K0FxT6aY5N8AAAAAAAAAAAAAAQAAAQ.jpg,1,301,301
A_FliWQ7H5vocAAAAAAAAAAAAAAQAAAQ.jpg,A_WD_RToG7TiEAAAAAAAAAAAAAAQAAAQ.jpg,1,301,301
A_uqQZTalXwHYAAAAAAAAAAAAAAQAAAQ.jpg,A_K0FxT6aY5N8AAAAAAAAAAAAAAQAAAQ.jpg,1,301,301
A_uqQZTalXwHYAAAAAAAAAAAAAAQAAAQ.jpg,A_WD_RToG7TiEAAAAAAAAAAAAAAQAAAQ.jpg,1,301,301
A_K0FxT6aY5N8AAAAAAAAAAAAAAQAAAQ.jpg,A_WD_RToG7TiEAAAAAAAAAAAAAAQAAAQ.jpg,1,301,301
A_7z2dSpjqRhsAAAAAAAAAAAAAAQAAAQ.jpg,A_5dNJRaepYnUAAAAAAAAAAAAAAQAAAQ.jpg,1,302,302
A_7z2dSpjqRhsAAAAAAAAAAAAAAQAAAQ.jpg,A_TYT0T4Fvp38AAAAAAAAAAAAAAQAAAQ.jpg,1,302,302
A_7z2dSpjqRhsAAAAAAAAAAAAAAQAAAQ.jpg,A_wSWmTr7_FucAAAAAAAAAAAAAAQAAAQ.jpg,1,302,302
A_5dNJRaepYnUAAAAAAAAAAAAAAQAAAQ.jpg,A_TYT0T4Fvp38AAAAAAAAAAAAAAQAAAQ.jpg,1,302,302
A_5dNJRaepYnUAAAAAAAAAAAAAAQAAAQ.jpg,A_wSWmTr7_FucAAAAAAAAAAAAAAQAAAQ.jpg,1,302,302
A_TYT0T4Fvp38AAAAAAAAAAAAAAQAAAQ.jpg,A_wSWmTr7_FucAAAAAAAAAAAAAAQAAAQ.jpg,1,302,302
A_CHCqQrj2mVQAAAAAAAAAAAAAAQAAAQ.jpg,A_8RO8SZ_cRhQAAAAAAAAAAAAAAQAAAQ.jpg,1,303,303
A_CHCqQrj2mVQAAAAAAAAAAAAAAQAAAQ.jpg,A_7t5MRrn6fyUAAAAAAAAAAAAAAQAAAQ.jpg,1,303,303
A_CHCqQrj2mVQAAAAAAAAAAAAAAQAAAQ.jpg,A_Qee6TYh_N0AAAAAAAAAAAAAAAQAAAQ.jpg,1,303,303
A_8RO8SZ_cRhQAAAAAAAAAAAAAAQAAAQ.jpg,A_7t5MRrn6fyUAAAAAAAAAAAAAAQAAAQ.jpg,1,303,303
A_8RO8SZ_cRhQAAAAAAAAAAAAAAQAAAQ.jpg,A_Qee6TYh_N0AAAAAAAAAAAAAAAQAAAQ.jpg,1,303,303
A_7t5MRrn6fyUAAAAAAAAAAAAAAQAAAQ.jpg,A_Qee6TYh_N0AAAAAAAAAAAAAAAQAAAQ.jpg,1,303,303
A_4OdZTY_C4z8AAAAAAAAAAAAAAQAAAQ.jpg,A_1BkkT5s3pZkAAAAAAAAAAAAAAQAAAQ.jpg,1,304,304
A_4OdZTY_C4z8AAAAAAAAAAAAAAQAAAQ.jpg,A_PM4uTLm28AgAAAAAAAAAAAAAAQAAAQ.jpg,1,304,304
A_4OdZTY_C4z8AAAAAAAAAAAAAAQAAAQ.jpg,A_m6o3TaR9GfMAAAAAAAAAAAAAAQAAAQ.jpg,1,304,304
A_1BkkT5s3pZkAAAAAAAAAAAAAAQAAAQ.jpg,A_PM4uTLm28AgAAAAAAAAAAAAAAQAAAQ.jpg,1,304,304
A_1BkkT5s3pZkAAAAAAAAAAAAAAQAAAQ.jpg,A_m6o3TaR9GfMAAAAAAAAAAAAAAQAAAQ.jpg,1,304,304
A_PM4uTLm28AgAAAAAAAAAAAAAAQAAAQ.jpg,A_m6o3TaR9GfMAAAAAAAAAAAAAAQAAAQ.jpg,1,304,304
A_IgaXRJ1OsMYAAAAAAAAAAAAAAQAAAQ.jpg,A_HHmHS7TxQaEAAAAAAAAAAAAAAQAAAQ.jpg,1,305,305
A_IgaXRJ1OsMYAAAAAAAAAAAAAAQAAAQ.jpg,A_fJ6qQJnwL64AAAAAAAAAAAAAAQAAAQ.jpg,1,305,305
A_IgaXRJ1OsMYAAAAAAAAAAAAAAQAAAQ.jpg,A_2yTCT6348MsAAAAAAAAAAAAAAQAAAQ.jpg,1,305,305
A_HHmHS7TxQaEAAAAAAAAAAAAAAQAAAQ.jpg,A_fJ6qQJnwL64AAAAAAAAAAAAAAQAAAQ.jpg,1,305,305
A_HHmHS7TxQaEAAAAAAAAAAAAAAQAAAQ.jpg,A_2yTCT6348MsAAAAAAAAAAAAAAQAAAQ.jpg,1,305,305
A_fJ6qQJnwL64AAAAAAAAAAAAAAQAAAQ.jpg,A_2yTCT6348MsAAAAAAAAAAAAAAQAAAQ.jpg,1,305,305
IJnfoTCGRzy_PnKxNA20FAAAACMAARAD.jpg,igBDl6ziSdODf-fpbtEL1wAAACMAARAD.jpg,1,306,306
IJnfoTCGRzy_PnKxNA20FAAAACMAARAD.jpg,sXCLxmKsRfaVAGlXbY1y3wAAACMAARAD.jpg,1,306,306
IJnfoTCGRzy_PnKxNA20FAAAACMAARAD.jpg,yUud5fmzR3q6UJMUV6hLQwAAACMAARAD.jpg,1,306,306
igBDl6ziSdODf-fpbtEL1wAAACMAARAD.jpg,sXCLxmKsRfaVAGlXbY1y3wAAACMAARAD.jpg,1,306,306
igBDl6ziSdODf-fpbtEL1wAAACMAARAD.jpg,yUud5fmzR3q6UJMUV6hLQwAAACMAARAD.jpg,1,306,306
sXCLxmKsRfaVAGlXbY1y3wAAACMAARAD.jpg,yUud5fmzR3q6UJMUV6hLQwAAACMAARAD.jpg,1,306,306
AxQOGcN4RkCPWfcMhYgBuQAAACMAARAD.jpg,p_poUnC6T06GTFnucmRJSwAAACMAARAD.jpg,1,307,307
AxQOGcN4RkCPWfcMhYgBuQAAACMAARAD.jpg,J1CtsgliQ_Wz7dWKjUh9SwAAACMAARAD.jpg,1,307,307
AxQOGcN4RkCPWfcMhYgBuQAAACMAARAD.jpg,bcn92ETmR3OJk3KR9IsmiQAAACMAARAD.jpg,1,307,307
p_poUnC6T06GTFnucmRJSwAAACMAARAD.jpg,J1CtsgliQ_Wz7dWKjUh9SwAAACMAARAD.jpg,1,307,307
p_poUnC6T06GTFnucmRJSwAAACMAARAD.jpg,bcn92ETmR3OJk3KR9IsmiQAAACMAARAD.jpg,1,307,307
J1CtsgliQ_Wz7dWKjUh9SwAAACMAARAD.jpg,bcn92ETmR3OJk3KR9IsmiQAAACMAARAD.jpg,1,307,307
A_vBLvSIjsr5oAAAAAAAAAAAAAAQAAAQ.jpg,A_SsVBRJzukC8AAAAAAAAAAAAAAQAAAQ.jpg,1,308,308
A_vBLvSIjsr5oAAAAAAAAAAAAAAQAAAQ.jpg,A__iBTRLnSgRsAAAAAAAAAAAAAAQAAAQ.jpg,1,308,308
A_vBLvSIjsr5oAAAAAAAAAAAAAAQAAAQ.jpg,A_hPGSRoU0C8kAAAAAAAAAAAAAAQAAAQ.jpg,1,308,308
A_SsVBRJzukC8AAAAAAAAAAAAAAQAAAQ.jpg,A__iBTRLnSgRsAAAAAAAAAAAAAAQAAAQ.jpg,1,308,308
A_SsVBRJzukC8AAAAAAAAAAAAAAQAAAQ.jpg,A_hPGSRoU0C8kAAAAAAAAAAAAAAQAAAQ.jpg,1,308,308
A__iBTRLnSgRsAAAAAAAAAAAAAAQAAAQ.jpg,A_hPGSRoU0C8kAAAAAAAAAAAAAAQAAAQ.jpg,1,308,308
A_mo3GRaXrNTgAAAAAAAAAAAAAAQAAAQ.jpg,A_D_SeQ4c--GwAAAAAAAAAAAAAAQAAAQ.jpg,1,309,309
A_mo3GRaXrNTgAAAAAAAAAAAAAAQAAAQ.jpg,A_BUqXSoHm6xYAAAAAAAAAAAAAAQAAAQ.jpg,1,309,309
A_mo3GRaXrNTgAAAAAAAAAAAAAAQAAAQ.jpg,A_lPwKS7HXTIUAAAAAAAAAAAAAAQAAAQ.jpg,1,309,309
A_D_SeQ4c--GwAAAAAAAAAAAAAAQAAAQ.jpg,A_BUqXSoHm6xYAAAAAAAAAAAAAAQAAAQ.jpg,1,309,309
A_D_SeQ4c--GwAAAAAAAAAAAAAAQAAAQ.jpg,A_lPwKS7HXTIUAAAAAAAAAAAAAAQAAAQ.jpg,1,309,309
A_BUqXSoHm6xYAAAAAAAAAAAAAAQAAAQ.jpg,A_lPwKS7HXTIUAAAAAAAAAAAAAAQAAAQ.jpg,1,309,309
1DUlr4dURtqhdRrCS69ZgAAAACMAARAD.jpg,7ACCezYsSqiEz-zehRjeGAAAACMAARAD.jpg,1,310,310
1DUlr4dURtqhdRrCS69ZgAAAACMAARAD.jpg,VjekR6ueSNOq94VvNYUcgAAAACMAARAD.jpg,1,310,310
1DUlr4dURtqhdRrCS69ZgAAAACMAARAD.jpg,C7LFRq-yQ3al5ElDQWDhUAAAACMAARAD.jpg,1,310,310
7ACCezYsSqiEz-zehRjeGAAAACMAARAD.jpg,VjekR6ueSNOq94VvNYUcgAAAACMAARAD.jpg,1,310,310
7ACCezYsSqiEz-zehRjeGAAAACMAARAD.jpg,C7LFRq-yQ3al5ElDQWDhUAAAACMAARAD.jpg,1,310,310
VjekR6ueSNOq94VvNYUcgAAAACMAARAD.jpg,C7LFRq-yQ3al5ElDQWDhUAAAACMAARAD.jpg,1,310,310
A_HXWXTZxti_gAAAAAAAAAAAAAAQAAAQ.jpg,A_YfwbQJ4I5K8AAAAAAAAAAAAAAQAAAQ.jpg,1,311,311
A_HXWXTZxti_gAAAAAAAAAAAAAAQAAAQ.jpg,A_aEr8SogcnnIAAAAAAAAAAAAAAQAAAQ.jpg,1,311,311
A_HXWXTZxti_gAAAAAAAAAAAAAAQAAAQ.jpg,A_aA69SpvZhQQAAAAAAAAAAAAAAQAAAQ.jpg,1,311,311
A_YfwbQJ4I5K8AAAAAAAAAAAAAAQAAAQ.jpg,A_aEr8SogcnnIAAAAAAAAAAAAAAQAAAQ.jpg,1,311,311
A_YfwbQJ4I5K8AAAAAAAAAAAAAAQAAAQ.jpg,A_aA69SpvZhQQAAAAAAAAAAAAAAQAAAQ.jpg,1,311,311
A_aEr8SogcnnIAAAAAAAAAAAAAAQAAAQ.jpg,A_aA69SpvZhQQAAAAAAAAAAAAAAQAAAQ.jpg,1,311,311
A_8P78SYHj8vsAAAAAAAAAAAAAAQAAAQ.jpg,A_cUEKTLA6SR4AAAAAAAAAAAAAAQAAAQ.jpg,1,312,312
A_8P78SYHj8vsAAAAAAAAAAAAAAQAAAQ.jpg,A_iyCnSJYS2eQAAAAAAAAAAAAAAQAAAQ.jpg,1,312,312
A_8P78SYHj8vsAAAAAAAAAAAAAAQAAAQ.jpg,A_e7dMTaR9QaEAAAAAAAAAAAAAAQAAAQ.jpg,1,312,312
A_cUEKTLA6SR4AAAAAAAAAAAAAAQAAAQ.jpg,A_iyCnSJYS2eQAAAAAAAAAAAAAAQAAAQ.jpg,1,312,312
A_cUEKTLA6SR4AAAAAAAAAAAAAAQAAAQ.jpg,A_e7dMTaR9QaEAAAAAAAAAAAAAAQAAAQ.jpg,1,312,312
A_iyCnSJYS2eQAAAAAAAAAAAAAAQAAAQ.jpg,A_e7dMTaR9QaEAAAAAAAAAAAAAAQAAAQ.jpg,1,312,312
A_i-nLRI_4Z-QAAAAAAAAAAAAAAQAAAQ.jpg,A_S7r7Srj5r_wAAAAAAAAAAAAAAQAAAQ.jpg,1,313,313
A_i-nLRI_4Z-QAAAAAAAAAAAAAAQAAAQ.jpg,A_KkNnR5qXorcAAAAAAAAAAAAAAQAAAQ.jpg,1,313,313
A_i-nLRI_4Z-QAAAAAAAAAAAAAAQAAAQ.jpg,A_7dSiR56sjZkAAAAAAAAAAAAAAQAAAQ.jpg,1,313,313
A_S7r7Srj5r_wAAAAAAAAAAAAAAQAAAQ.jpg,A_KkNnR5qXorcAAAAAAAAAAAAAAQAAAQ.jpg,1,313,313
A_S7r7Srj5r_wAAAAAAAAAAAAAAQAAAQ.jpg,A_7dSiR56sjZkAAAAAAAAAAAAAAQAAAQ.jpg,1,313,313
A_KkNnR5qXorcAAAAAAAAAAAAAAQAAAQ.jpg,A_7dSiR56sjZkAAAAAAAAAAAAAAQAAAQ.jpg,1,313,313
A_EsHfTJi2lYUAAAAAAAAAAAAAAQAAAQ.jpg,A_Xt5tQpzDINoAAAAAAAAAAAAAAQAAAQ.jpg,1,314,314
A_EsHfTJi2lYUAAAAAAAAAAAAAAQAAAQ.jpg,A_Jt0NQ7kxnNgAAAAAAAAAAAAAAQAAAQ.jpg,1,314,314
A_EsHfTJi2lYUAAAAAAAAAAAAAAQAAAQ.jpg,A__ZWPQJQKX10AAAAAAAAAAAAAAQAAAQ.jpg,1,314,314
A_Xt5tQpzDINoAAAAAAAAAAAAAAQAAAQ.jpg,A_Jt0NQ7kxnNgAAAAAAAAAAAAAAQAAAQ.jpg,1,314,314
A_Xt5tQpzDINoAAAAAAAAAAAAAAQAAAQ.jpg,A__ZWPQJQKX10AAAAAAAAAAAAAAQAAAQ.jpg,1,314,314
A_Jt0NQ7kxnNgAAAAAAAAAAAAAAQAAAQ.jpg,A__ZWPQJQKX10AAAAAAAAAAAAAAQAAAQ.jpg,1,314,314
RZ0pi9gnRguCbwW_2IFLegAAACMAARAD.jpg,bSowLH_QSz-W1UMpKjz0owAAACMAARAD.jpg,1,315,315
RZ0pi9gnRguCbwW_2IFLegAAACMAARAD.jpg,Z1qDRVboSz625P_djDkBSwAAACMAARAD.jpg,1,315,315
RZ0pi9gnRguCbwW_2IFLegAAACMAARAD.jpg,IvmXxLWaQd-LKBYjjNz-zwAAACMAARAD.jpg,1,315,315
bSowLH_QSz-W1UMpKjz0owAAACMAARAD.jpg,Z1qDRVboSz625P_djDkBSwAAACMAARAD.jpg,1,315,315
bSowLH_QSz-W1UMpKjz0owAAACMAARAD.jpg,IvmXxLWaQd-LKBYjjNz-zwAAACMAARAD.jpg,1,315,315
Z1qDRVboSz625P_djDkBSwAAACMAARAD.jpg,IvmXxLWaQd-LKBYjjNz-zwAAACMAARAD.jpg,1,315,315
zQs0kBsAS2mS20h_2hp37AAAACMAARAD.jpg,8qks6YhlRy-wDJtrkIZaIgAAACMAARAD.jpg,1,316,316
zQs0kBsAS2mS20h_2hp37AAAACMAARAD.jpg,HO658TQUQEWkFzwQclWO6QAAACMAARAD.jpg,1,316,316
zQs0kBsAS2mS20h_2hp37AAAACMAARAD.jpg,2d-0eWw0TDKv5kSoh012ogAAACMAARAD.jpg,1,316,316
8qks6YhlRy-wDJtrkIZaIgAAACMAARAD.jpg,HO658TQUQEWkFzwQclWO6QAAACMAARAD.jpg,1,316,316
8qks6YhlRy-wDJtrkIZaIgAAACMAARAD.jpg,2d-0eWw0TDKv5kSoh012ogAAACMAARAD.jpg,1,316,316
HO658TQUQEWkFzwQclWO6QAAACMAARAD.jpg,2d-0eWw0TDKv5kSoh012ogAAACMAARAD.jpg,1,316,316
A_4rjUSryl48IAAAAAAAAAAAAAAQAAAQ.jpg,A_6aJ8Sa2FS-YAAAAAAAAAAAAAAQAAAQ.jpg,1,317,317
A_4rjUSryl48IAAAAAAAAAAAAAAQAAAQ.jpg,A_lU5xT7JfAoEAAAAAAAAAAAAAAQAAAQ.jpg,1,317,317
A_4rjUSryl48IAAAAAAAAAAAAAAQAAAQ.jpg,A_oLSJS49B_k4AAAAAAAAAAAAAAQAAAQ.jpg,1,317,317
A_6aJ8Sa2FS-YAAAAAAAAAAAAAAQAAAQ.jpg,A_lU5xT7JfAoEAAAAAAAAAAAAAAQAAAQ.jpg,1,317,317
A_6aJ8Sa2FS-YAAAAAAAAAAAAAAQAAAQ.jpg,A_oLSJS49B_k4AAAAAAAAAAAAAAQAAAQ.jpg,1,317,317
A_lU5xT7JfAoEAAAAAAAAAAAAAAQAAAQ.jpg,A_oLSJS49B_k4AAAAAAAAAAAAAAQAAAQ.jpg,1,317,317
A_pUauTrONA4lSN5NPuoRqAAAAAQAAAQ.jpg,A_pUauTrONA4kAAAAAAAAAAAAAAQAAAQ.jpg,1,318,318
A_pUauTrONA4lSN5NPuoRqAAAAAQAAAQ.jpg,A_FYeLRIlqv1sAAAAAAAAAAAAAAQAAAQ.jpg,1,318,318
A_pUauTrONA4lSN5NPuoRqAAAAAQAAAQ.jpg,A_QQBWQ5OgNqcAAAAAAAAAAAAAAQAAAQ.jpg,1,318,318
A_pUauTrONA4kAAAAAAAAAAAAAAQAAAQ.jpg,A_FYeLRIlqv1sAAAAAAAAAAAAAAQAAAQ.jpg,1,318,318
A_pUauTrONA4kAAAAAAAAAAAAAAQAAAQ.jpg,A_QQBWQ5OgNqcAAAAAAAAAAAAAAQAAAQ.jpg,1,318,318
A_FYeLRIlqv1sAAAAAAAAAAAAAAQAAAQ.jpg,A_QQBWQ5OgNqcAAAAAAAAAAAAAAQAAAQ.jpg,1,318,318
A_GtpMTbLtVR4AAAAAAAAAAAAAAQAAAQ.jpg,A_mSuHQqYkujMAAAAAAAAAAAAAAQAAAQ.jpg,1,319,319
A_GtpMTbLtVR4AAAAAAAAAAAAAAQAAAQ.jpg,A_bLPoRob0He8AAAAAAAAAAAAAAQAAAQ.jpg,1,319,319
A_GtpMTbLtVR4AAAAAAAAAAAAAAQAAAQ.jpg,A_pMrhQLroe0IAAAAAAAAAAAAAAQAAAQ.jpg,1,319,319
A_mSuHQqYkujMAAAAAAAAAAAAAAQAAAQ.jpg,A_bLPoRob0He8AAAAAAAAAAAAAAQAAAQ.jpg,1,319,319
A_mSuHQqYkujMAAAAAAAAAAAAAAQAAAQ.jpg,A_pMrhQLroe0IAAAAAAAAAAAAAAQAAAQ.jpg,1,319,319
A_bLPoRob0He8AAAAAAAAAAAAAAQAAAQ.jpg,A_pMrhQLroe0IAAAAAAAAAAAAAAQAAAQ.jpg,1,319,319
A_ePq8Ras0owIAAAAAAAAAAAAAAQAAAQ.jpg,A_JDCBRYXWhPEAAAAAAAAAAAAAAQAAAQ.jpg,1,320,320
A_ePq8Ras0owIAAAAAAAAAAAAAAQAAAQ.jpg,A_mHpGR5oYn_kAAAAAAAAAAAAAAQAAAQ.jpg,1,320,320
A_ePq8Ras0owIAAAAAAAAAAAAAAQAAAQ.jpg,A_XJPfQZIMlRoAAAAAAAAAAAAAAQAAAQ.jpg,1,320,320
A_JDCBRYXWhPEAAAAAAAAAAAAAAQAAAQ.jpg,A_mHpGR5oYn_kAAAAAAAAAAAAAAQAAAQ.jpg,1,320,320
A_JDCBRYXWhPEAAAAAAAAAAAAAAQAAAQ.jpg,A_XJPfQZIMlRoAAAAAAAAAAAAAAQAAAQ.jpg,1,320,320
A_mHpGR5oYn_kAAAAAAAAAAAAAAQAAAQ.jpg,A_XJPfQZIMlRoAAAAAAAAAAAAAAQAAAQ.jpg,1,320,320
T9sfxIkpSdiBNdMd91kAeAAAACMAARAD.jpg,K36qV-IBRmOVon1zVvZi5gAAACMAARAD.jpg,1,321,321
T9sfxIkpSdiBNdMd91kAeAAAACMAARAD.jpg,6g8v5a03RwKTmcG_80RgNwAAACMAARED.jpg,1,321,321
T9sfxIkpSdiBNdMd91kAeAAAACMAARAD.jpg,QdzTTlrGTCCQ1F9xM9w-rwAAACMAARED.jpg,1,321,321
K36qV-IBRmOVon1zVvZi5gAAACMAARAD.jpg,6g8v5a03RwKTmcG_80RgNwAAACMAARED.jpg,1,321,321
K36qV-IBRmOVon1zVvZi5gAAACMAARAD.jpg,QdzTTlrGTCCQ1F9xM9w-rwAAACMAARED.jpg,1,321,321
6g8v5a03RwKTmcG_80RgNwAAACMAARED.jpg,QdzTTlrGTCCQ1F9xM9w-rwAAACMAARED.jpg,1,321,321
A_CUlQSpIInD0AAAAAAAAAAAAAAQAAAQ.jpg,A_VsLNT7sWz3wAAAAAAAAAAAAAAQAAAQ.jpg,1,322,322
A_CUlQSpIInD0AAAAAAAAAAAAAAQAAAQ.jpg,A_ffGlTZG85-QAAAAAAAAAAAAAAQAAAQ.jpg,1,322,322
A_CUlQSpIInD0AAAAAAAAAAAAAAQAAAQ.jpg,A_8g2uSoogj9AAAAAAAAAAAAAAAQAAAQ.jpg,1,322,322
A_VsLNT7sWz3wAAAAAAAAAAAAAAQAAAQ.jpg,A_ffGlTZG85-QAAAAAAAAAAAAAAQAAAQ.jpg,1,322,322
A_VsLNT7sWz3wAAAAAAAAAAAAAAQAAAQ.jpg,A_8g2uSoogj9AAAAAAAAAAAAAAAQAAAQ.jpg,1,322,322
A_ffGlTZG85-QAAAAAAAAAAAAAAQAAAQ.jpg,A_8g2uSoogj9AAAAAAAAAAAAAAAQAAAQ.jpg,1,322,322
9OMvA3NtSGCRN6ymcLH-cAAAACMAARAD.jpg,eub05Tg8Ri20vTxIGswtRwAAACMAARAD.jpg,1,323,323
9OMvA3NtSGCRN6ymcLH-cAAAACMAARAD.jpg,M00cOfTlQD-7SbSDoVEZiwAAACMAARAD.jpg,1,323,323
9OMvA3NtSGCRN6ymcLH-cAAAACMAARAD.jpg,pJMeyxnvRPOCrS-s9zDN6AAAACMAARAD.jpg,1,323,323
eub05Tg8Ri20vTxIGswtRwAAACMAARAD.jpg,M00cOfTlQD-7SbSDoVEZiwAAACMAARAD.jpg,1,323,323
eub05Tg8Ri20vTxIGswtRwAAACMAARAD.jpg,pJMeyxnvRPOCrS-s9zDN6AAAACMAARAD.jpg,1,323,323
M00cOfTlQD-7SbSDoVEZiwAAACMAARAD.jpg,pJMeyxnvRPOCrS-s9zDN6AAAACMAARAD.jpg,1,323,323
A_3bzNSLXJbYOwMn1EhM5NdAAAAQAAAQ.jpg,A_3bzNSLXJbYMAAAAAAAAAAAAAAQAAAQ.jpg,1,324,324
A_3bzNSLXJbYOwMn1EhM5NdAAAAQAAAQ.jpg,A_GBRjRJz7PoIAAAAAAAAAAAAAAQAAAQ.jpg,1,324,324
A_3bzNSLXJbYOwMn1EhM5NdAAAAQAAAQ.jpg,A_t7pjSY5KeJwAAAAAAAAAAAAAAQAAAQ.jpg,1,324,324
A_3bzNSLXJbYMAAAAAAAAAAAAAAQAAAQ.jpg,A_GBRjRJz7PoIAAAAAAAAAAAAAAQAAAQ.jpg,1,324,324
A_3bzNSLXJbYMAAAAAAAAAAAAAAQAAAQ.jpg,A_t7pjSY5KeJwAAAAAAAAAAAAAAQAAAQ.jpg,1,324,324
A_GBRjRJz7PoIAAAAAAAAAAAAAAQAAAQ.jpg,A_t7pjSY5KeJwAAAAAAAAAAAAAAQAAAQ.jpg,1,324,324
A_Rx6HR586O4sAAAAAAAAAAAAAAQAAAQ.jpg,A_UGJ9TY8666oAAAAAAAAAAAAAAQAAAQ.jpg,1,325,325
A_Rx6HR586O4sAAAAAAAAAAAAAAQAAAQ.jpg,A_TLSkT501MYQAAAAAAAAAAAAAAQAAAQ.jpg,1,325,325
A_Rx6HR586O4sAAAAAAAAAAAAAAQAAAQ.jpg,A_XTPLTJ9RiO4AAAAAAAAAAAAAAQAAAQ.jpg,1,325,325
A_UGJ9TY8666oAAAAAAAAAAAAAAQAAAQ.jpg,A_TLSkT501MYQAAAAAAAAAAAAAAQAAAQ.jpg,1,325,325
A_UGJ9TY8666oAAAAAAAAAAAAAAQAAAQ.jpg,A_XTPLTJ9RiO4AAAAAAAAAAAAAAQAAAQ.jpg,1,325,325
A_TLSkT501MYQAAAAAAAAAAAAAAQAAAQ.jpg,A_XTPLTJ9RiO4AAAAAAAAAAAAAAQAAAQ.jpg,1,325,325
A_hdpuRLEj1icAAAAAAAAAAAAAAQAAAQ.jpg,A_hdpuRLEj1id2OI1JoO1-QAAAAQAAAQ.jpg,1,326,326
A_hdpuRLEj1icAAAAAAAAAAAAAAQAAAQ.jpg,A_82BHQ5VJpoQAAAAAAAAAAAAAAQAAAQ.jpg,1,326,326
A_hdpuRLEj1icAAAAAAAAAAAAAAQAAAQ.jpg,A_hdpuRLEj1idQCwdMtulO4QAAAQAAAQ.jpg,1,326,326
A_hdpuRLEj1id2OI1JoO1-QAAAAQAAAQ.jpg,A_82BHQ5VJpoQAAAAAAAAAAAAAAQAAAQ.jpg,1,326,326
A_hdpuRLEj1id2OI1JoO1-QAAAAQAAAQ.jpg,A_hdpuRLEj1idQCwdMtulO4QAAAQAAAQ.jpg,1,326,326
A_82BHQ5VJpoQAAAAAAAAAAAAAAQAAAQ.jpg,A_hdpuRLEj1idQCwdMtulO4QAAAQAAAQ.jpg,1,326,326
xEkROLFrT8eZz88qyGMUDgAAACMAARAD.jpg,46wgkuZZT6eVVCnVPQgrpgAAACMAARAD.jpg,1,327,327
xEkROLFrT8eZz88qyGMUDgAAACMAARAD.jpg,oAlUaNt0SoOd1pDlZebq6QAAACMAARAD.jpg,1,327,327
xEkROLFrT8eZz88qyGMUDgAAACMAARAD.jpg,elFmGazMSCiTA9cBKwcuMwAAACMAARAD.jpg,1,327,327
46wgkuZZT6eVVCnVPQgrpgAAACMAARAD.jpg,oAlUaNt0SoOd1pDlZebq6QAAACMAARAD.jpg,1,327,327
46wgkuZZT6eVVCnVPQgrpgAAACMAARAD.jpg,elFmGazMSCiTA9cBKwcuMwAAACMAARAD.jpg,1,327,327
oAlUaNt0SoOd1pDlZebq6QAAACMAARAD.jpg,elFmGazMSCiTA9cBKwcuMwAAACMAARAD.jpg,1,327,327
A_iTDeS5OoNC4AAAAAAAAAAAAAAQAAAQ.jpg,A_8TLTSrYPUTUAAAAAAAAAAAAAAQAAAQ.jpg,1,328,328
A_iTDeS5OoNC4AAAAAAAAAAAAAAQAAAQ.jpg,A_k02wRqflDJcAAAAAAAAAAAAAAQAAAQ.jpg,1,328,328
A_iTDeS5OoNC4AAAAAAAAAAAAAAQAAAQ.jpg,A_DLk9QaFF3W0AAAAAAAAAAAAAAQAAAQ.jpg,1,328,328
A_8TLTSrYPUTUAAAAAAAAAAAAAAQAAAQ.jpg,A_k02wRqflDJcAAAAAAAAAAAAAAQAAAQ.jpg,1,328,328
A_8TLTSrYPUTUAAAAAAAAAAAAAAQAAAQ.jpg,A_DLk9QaFF3W0AAAAAAAAAAAAAAQAAAQ.jpg,1,328,328
A_k02wRqflDJcAAAAAAAAAAAAAAQAAAQ.jpg,A_DLk9QaFF3W0AAAAAAAAAAAAAAQAAAQ.jpg,1,328,328
A_WcuHSKIfpFcAAAAAAAAAAAAAAQAAAQ.jpg,A_hV6oRqWGM8sAAAAAAAAAAAAAAQAAAQ.jpg,1,329,329
A_WcuHSKIfpFcAAAAAAAAAAAAAAQAAAQ.jpg,A_I4uaQKtPPhAAAAAAAAAAAAAAAQAAAQ.jpg,1,329,329
A_WcuHSKIfpFcAAAAAAAAAAAAAAQAAAQ.jpg,A_2oJSS7TmnnsAAAAAAAAAAAAAAQAAAQ.jpg,1,329,329
A_hV6oRqWGM8sAAAAAAAAAAAAAAQAAAQ.jpg,A_I4uaQKtPPhAAAAAAAAAAAAAAAQAAAQ.jpg,1,329,329
A_hV6oRqWGM8sAAAAAAAAAAAAAAQAAAQ.jpg,A_2oJSS7TmnnsAAAAAAAAAAAAAAQAAAQ.jpg,1,329,329
A_I4uaQKtPPhAAAAAAAAAAAAAAAQAAAQ.jpg,A_2oJSS7TmnnsAAAAAAAAAAAAAAQAAAQ.jpg,1,329,329
A_ytKZR43YYx0AAAAAAAAAAAAAAQAAAQ.jpg,A__EmvQZaIrk0AAAAAAAAAAAAAAQAAAQ.jpg,1,330,330
A_ytKZR43YYx0AAAAAAAAAAAAAAQAAAQ.jpg,A_HRkFRZKRfK4AAAAAAAAAAAAAAQAAAQ.jpg,1,330,330
A_ytKZR43YYx0AAAAAAAAAAAAAAQAAAQ.jpg,A_m7-sRo3H-HgAAAAAAAAAAAAAAQAAAQ.jpg,1,330,330
A__EmvQZaIrk0AAAAAAAAAAAAAAQAAAQ.jpg,A_HRkFRZKRfK4AAAAAAAAAAAAAAQAAAQ.jpg,1,330,330
A__EmvQZaIrk0AAAAAAAAAAAAAAQAAAQ.jpg,A_m7-sRo3H-HgAAAAAAAAAAAAAAQAAAQ.jpg,1,330,330
A_HRkFRZKRfK4AAAAAAAAAAAAAAQAAAQ.jpg,A_m7-sRo3H-HgAAAAAAAAAAAAAAQAAAQ.jpg,1,330,330
A_M6uVTLJ2EukAAAAAAAAAAAAAAQAAAQ.jpg,A_B17tQL9G7GAAAAAAAAAAAAAAAQAAAQ.jpg,1,331,331
A_M6uVTLJ2EukAAAAAAAAAAAAAAQAAAQ.jpg,A_3S3LTZgdkc8AAAAAAAAAAAAAAQAAAQ.jpg,1,331,331
A_M6uVTLJ2EukAAAAAAAAAAAAAAQAAAQ.jpg,A_B17tQL9G7GBxlR5AvcHBegAAAQAAAQ.jpg,1,331,331
A_B17tQL9G7GAAAAAAAAAAAAAAAQAAAQ.jpg,A_3S3LTZgdkc8AAAAAAAAAAAAAAQAAAQ.jpg,1,331,331
A_B17tQL9G7GAAAAAAAAAAAAAAAQAAAQ.jpg,A_B17tQL9G7GBxlR5AvcHBegAAAQAAAQ.jpg,1,331,331
A_3S3LTZgdkc8AAAAAAAAAAAAAAQAAAQ.jpg,A_B17tQL9G7GBxlR5AvcHBegAAAQAAAQ.jpg,1,331,331
A_m30KQICzj5QAAAAAAAAAAAAAAQAAAQ.jpg,A_0xRaQ4mC4A0AAAAAAAAAAAAAAQAAAQ.jpg,1,332,332
A_m30KQICzj5QAAAAAAAAAAAAAAQAAAQ.jpg,A_BM-IS64L6owAAAAAAAAAAAAAAQAAAQ.jpg,1,332,332
A_m30KQICzj5QAAAAAAAAAAAAAAQAAAQ.jpg,A_8qvqS61s-g4AAAAAAAAAAAAAAQAAAQ.jpg,1,332,332
A_0xRaQ4mC4A0AAAAAAAAAAAAAAQAAAQ.jpg,A_BM-IS64L6owAAAAAAAAAAAAAAQAAAQ.jpg,1,332,332
A_0xRaQ4mC4A0AAAAAAAAAAAAAAQAAAQ.jpg,A_8qvqS61s-g4AAAAAAAAAAAAAAQAAAQ.jpg,1,332,332
A_BM-IS64L6owAAAAAAAAAAAAAAQAAAQ.jpg,A_8qvqS61s-g4AAAAAAAAAAAAAAQAAAQ.jpg,1,332,332
A_xTY-S4O2kyYAAAAAAAAAAAAAAQAAAQ.jpg,A_50hVQpJOh38AAAAAAAAAAAAAAQAAAQ.jpg,1,333,333
A_xTY-S4O2kyYAAAAAAAAAAAAAAQAAAQ.jpg,A_lPjNSaZ7r9wAAAAAAAAAAAAAAQAAAQ.jpg,1,333,333
A_xTY-S4O2kyYAAAAAAAAAAAAAAQAAAQ.jpg,A_Ysu4QqIqPYkAAAAAAAAAAAAAAQAAAQ.jpg,1,333,333
A_50hVQpJOh38AAAAAAAAAAAAAAQAAAQ.jpg,A_lPjNSaZ7r9wAAAAAAAAAAAAAAQAAAQ.jpg,1,333,333
A_50hVQpJOh38AAAAAAAAAAAAAAQAAAQ.jpg,A_Ysu4QqIqPYkAAAAAAAAAAAAAAQAAAQ.jpg,1,333,333
A_lPjNSaZ7r9wAAAAAAAAAAAAAAQAAAQ.jpg,A_Ysu4QqIqPYkAAAAAAAAAAAAAAQAAAQ.jpg,1,333,333
A_8yHrSI9wXtsAAAAAAAAAAAAAAQAAAQ.jpg,A_K3lrQrI1-gIAAAAAAAAAAAAAAQAAAQ.jpg,1,334,334
A_8yHrSI9wXtsAAAAAAAAAAAAAAQAAAQ.jpg,A_W2IxTrShf0MAAAAAAAAAAAAAAQAAAQ.jpg,1,334,334
A_8yHrSI9wXtsAAAAAAAAAAAAAAQAAAQ.jpg,A_9z7ISKHMk40AAAAAAAAAAAAAAQAAAQ.jpg,1,334,334
A_K3lrQrI1-gIAAAAAAAAAAAAAAQAAAQ.jpg,A_W2IxTrShf0MAAAAAAAAAAAAAAQAAAQ.jpg,1,334,334
A_K3lrQrI1-gIAAAAAAAAAAAAAAQAAAQ.jpg,A_9z7ISKHMk40AAAAAAAAAAAAAAQAAAQ.jpg,1,334,334
A_W2IxTrShf0MAAAAAAAAAAAAAAQAAAQ.jpg,A_9z7ISKHMk40AAAAAAAAAAAAAAQAAAQ.jpg,1,334,334
A_WJZqQYuskC4AAAAAAAAAAAAAAQAAAQ.jpg,A_33L3RYDwFfYAAAAAAAAAAAAAAQAAAQ.jpg,1,335,335
A_WJZqQYuskC4AAAAAAAAAAAAAAQAAAQ.jpg,A_PNRuRprSSG4AAAAAAAAAAAAAAQAAAQ.jpg,1,335,335
A_WJZqQYuskC4AAAAAAAAAAAAAAQAAAQ.jpg,A_uzHRSJ5nN_cAAAAAAAAAAAAAAQAAAQ.jpg,1,335,335
A_33L3RYDwFfYAAAAAAAAAAAAAAQAAAQ.jpg,A_PNRuRprSSG4AAAAAAAAAAAAAAQAAAQ.jpg,1,335,335
A_33L3RYDwFfYAAAAAAAAAAAAAAQAAAQ.jpg,A_uzHRSJ5nN_cAAAAAAAAAAAAAAQAAAQ.jpg,1,335,335
A_PNRuRprSSG4AAAAAAAAAAAAAAQAAAQ.jpg,A_uzHRSJ5nN_cAAAAAAAAAAAAAAQAAAQ.jpg,1,335,335
A_M-KbRYPdAHoAAAAAAAAAAAAAAQAAAQ.jpg,A_acoIRKkS4KMAAAAAAAAAAAAAAQAAAQ.jpg,1,336,336
A_M-KbRYPdAHoAAAAAAAAAAAAAAQAAAQ.jpg,A_VW4rTbmlHh8AAAAAAAAAAAAAAQAAAQ.jpg,1,336,336
A_M-KbRYPdAHoAAAAAAAAAAAAAAQAAAQ.jpg,A_LngHSpFXTD4AAAAAAAAAAAAAAQAAAQ.jpg,1,336,336
A_acoIRKkS4KMAAAAAAAAAAAAAAQAAAQ.jpg,A_VW4rTbmlHh8AAAAAAAAAAAAAAQAAAQ.jpg,1,336,336
A_acoIRKkS4KMAAAAAAAAAAAAAAQAAAQ.jpg,A_LngHSpFXTD4AAAAAAAAAAAAAAQAAAQ.jpg,1,336,336
A_VW4rTbmlHh8AAAAAAAAAAAAAAQAAAQ.jpg,A_LngHSpFXTD4AAAAAAAAAAAAAAQAAAQ.jpg,1,336,336
A_b4GpSbjTmGoAAAAAAAAAAAAAAQAAAQ.jpg,A_XHurTYV1xScAAAAAAAAAAAAAAQAAAQ.jpg,1,337,337
A_b4GpSbjTmGoAAAAAAAAAAAAAAQAAAQ.jpg,A_iAk4T7b-HD4AAAAAAAAAAAAAAQAAAQ.jpg,1,337,337
A_b4GpSbjTmGoAAAAAAAAAAAAAAQAAAQ.jpg,A_olfhSYntr84AAAAAAAAAAAAAAQAAAQ.jpg,1,337,337
A_XHurTYV1xScAAAAAAAAAAAAAAQAAAQ.jpg,A_iAk4T7b-HD4AAAAAAAAAAAAAAQAAAQ.jpg,1,337,337
A_XHurTYV1xScAAAAAAAAAAAAAAQAAAQ.jpg,A_olfhSYntr84AAAAAAAAAAAAAAQAAAQ.jpg,1,337,337
A_iAk4T7b-HD4AAAAAAAAAAAAAAQAAAQ.jpg,A_olfhSYntr84AAAAAAAAAAAAAAQAAAQ.jpg,1,337,337
A_peVaRKhGG6EAAAAAAAAAAAAAAQAAAQ.jpg,A_45ZeSYlRX04AAAAAAAAAAAAAAQAAAQ.jpg,1,338,338
A_peVaRKhGG6EAAAAAAAAAAAAAAQAAAQ.jpg,A_KhFwTKJ4XWwAAAAAAAAAAAAAAQAAAQ.jpg,1,338,338
A_peVaRKhGG6EAAAAAAAAAAAAAAQAAAQ.jpg,A_9f9RQYMEDW8AAAAAAAAAAAAAAQAAAQ.jpg,1,338,338
A_45ZeSYlRX04AAAAAAAAAAAAAAQAAAQ.jpg,A_KhFwTKJ4XWwAAAAAAAAAAAAAAQAAAQ.jpg,1,338,338
A_45ZeSYlRX04AAAAAAAAAAAAAAQAAAQ.jpg,A_9f9RQYMEDW8AAAAAAAAAAAAAAQAAAQ.jpg,1,338,338
A_KhFwTKJ4XWwAAAAAAAAAAAAAAQAAAQ.jpg,A_9f9RQYMEDW8AAAAAAAAAAAAAAQAAAQ.jpg,1,338,338
A_TdNTTqxkNsEAAAAAAAAAAAAAAQAAAQ.jpg,A_fdXCTprSOxYAAAAAAAAAAAAAAQAAAQ.jpg,1,339,339
A_TdNTTqxkNsEAAAAAAAAAAAAAAQAAAQ.jpg,A_fAd6Q6jPCKAAAAAAAAAAAAAAAQAAAQ.jpg,1,339,339
A_TdNTTqxkNsEAAAAAAAAAAAAAAQAAAQ.jpg,A_YkhcSryYe2cAAAAAAAAAAAAAAQAAAQ.jpg,1,339,339
A_fdXCTprSOxYAAAAAAAAAAAAAAQAAAQ.jpg,A_fAd6Q6jPCKAAAAAAAAAAAAAAAQAAAQ.jpg,1,339,339
A_fdXCTprSOxYAAAAAAAAAAAAAAQAAAQ.jpg,A_YkhcSryYe2cAAAAAAAAAAAAAAQAAAQ.jpg,1,339,339
A_fAd6Q6jPCKAAAAAAAAAAAAAAAQAAAQ.jpg,A_YkhcSryYe2cAAAAAAAAAAAAAAQAAAQ.jpg,1,339,339
A_vAl2Q52NU9MAAAAAAAAAAAAAAQAAAQ.jpg,A__53oQqKI9vwAAAAAAAAAAAAAAQAAAQ.jpg,1,340,340
A_vAl2Q52NU9MAAAAAAAAAAAAAAQAAAQ.jpg,A_V3ppS6VZwMoAAAAAAAAAAAAAAQAAAQ.jpg,1,340,340
A_vAl2Q52NU9MAAAAAAAAAAAAAAQAAAQ.jpg,A_ACH-Ta-cq-oAAAAAAAAAAAAAAQAAAQ.jpg,1,340,340
A__53oQqKI9vwAAAAAAAAAAAAAAQAAAQ.jpg,A_V3ppS6VZwMoAAAAAAAAAAAAAAQAAAQ.jpg,1,340,340
A__53oQqKI9vwAAAAAAAAAAAAAAQAAAQ.jpg,A_ACH-Ta-cq-oAAAAAAAAAAAAAAQAAAQ.jpg,1,340,340
A_V3ppS6VZwMoAAAAAAAAAAAAAAQAAAQ.jpg,A_ACH-Ta-cq-oAAAAAAAAAAAAAAQAAAQ.jpg,1,340,340
A_Cl0sQ69mrY4AAAAAAAAAAAAAAQAAAQ.jpg,A_nZIFTqwyAG0AAAAAAAAAAAAAAQAAAQ.jpg,1,341,341
A_Cl0sQ69mrY4AAAAAAAAAAAAAAQAAAQ.jpg,A_zE7OR59AboMAAAAAAAAAAAAAAQAAAQ.jpg,1,341,341
A_Cl0sQ69mrY4AAAAAAAAAAAAAAQAAAQ.jpg,A_CRqJQKCtnOMAAAAAAAAAAAAAAQAAAQ.jpg,1,341,341
A_nZIFTqwyAG0AAAAAAAAAAAAAAQAAAQ.jpg,A_zE7OR59AboMAAAAAAAAAAAAAAQAAAQ.jpg,1,341,341
A_nZIFTqwyAG0AAAAAAAAAAAAAAQAAAQ.jpg,A_CRqJQKCtnOMAAAAAAAAAAAAAAQAAAQ.jpg,1,341,341
A_zE7OR59AboMAAAAAAAAAAAAAAQAAAQ.jpg,A_CRqJQKCtnOMAAAAAAAAAAAAAAQAAAQ.jpg,1,341,341
A_fhlXTKaMzqIAAAAAAAAAAAAAAQAAAQ.jpg,A_LRDNQb_6khoAAAAAAAAAAAAAAQAAAQ.jpg,1,342,342
A_fhlXTKaMzqIAAAAAAAAAAAAAAQAAAQ.jpg,A_GdTOQ6xnzZMAAAAAAAAAAAAAAQAAAQ.jpg,1,342,342
A_fhlXTKaMzqIAAAAAAAAAAAAAAQAAAQ.jpg,A_NjG2SqOfUE4AAAAAAAAAAAAAAQAAAQ.jpg,1,342,342
A_LRDNQb_6khoAAAAAAAAAAAAAAQAAAQ.jpg,A_GdTOQ6xnzZMAAAAAAAAAAAAAAQAAAQ.jpg,1,342,342
A_LRDNQb_6khoAAAAAAAAAAAAAAQAAAQ.jpg,A_NjG2SqOfUE4AAAAAAAAAAAAAAQAAAQ.jpg,1,342,342
A_GdTOQ6xnzZMAAAAAAAAAAAAAAQAAAQ.jpg,A_NjG2SqOfUE4AAAAAAAAAAAAAAQAAAQ.jpg,1,342,342
A_EL3MTLdLMz8AAAAAAAAAAAAAAQAAAQ.jpg,A_b1eiQ4BovAEAAAAAAAAAAAAAAQAAAQ.jpg,1,343,343
A_EL3MTLdLMz8AAAAAAAAAAAAAAQAAAQ.jpg,A_EgytQoIRmCEAAAAAAAAAAAAAAQAAAQ.jpg,1,343,343
A_EL3MTLdLMz8AAAAAAAAAAAAAAQAAAQ.jpg,A_5rhHQ4uH0DUAAAAAAAAAAAAAAQAAAQ.jpg,1,343,343
A_b1eiQ4BovAEAAAAAAAAAAAAAAQAAAQ.jpg,A_EgytQoIRmCEAAAAAAAAAAAAAAQAAAQ.jpg,1,343,343
A_b1eiQ4BovAEAAAAAAAAAAAAAAQAAAQ.jpg,A_5rhHQ4uH0DUAAAAAAAAAAAAAAQAAAQ.jpg,1,343,343
A_EgytQoIRmCEAAAAAAAAAAAAAAQAAAQ.jpg,A_5rhHQ4uH0DUAAAAAAAAAAAAAAQAAAQ.jpg,1,343,343
A_pNAcQKJ6yH4AAAAAAAAAAAAAAQAAAQ.jpg,A_v9o_T5ly55wAAAAAAAAAAAAAAQAAAQ.jpg,1,344,344
A_pNAcQKJ6yH4AAAAAAAAAAAAAAQAAAQ.jpg,A_qcBWSoqyLrEAAAAAAAAAAAAAAQAAAQ.jpg,1,344,344
A_pNAcQKJ6yH4AAAAAAAAAAAAAAQAAAQ.jpg,A_bJUVQLWonskAAAAAAAAAAAAAAQAAAQ.jpg,1,344,344
A_v9o_T5ly55wAAAAAAAAAAAAAAQAAAQ.jpg,A_qcBWSoqyLrEAAAAAAAAAAAAAAQAAAQ.jpg,1,344,344
A_v9o_T5ly55wAAAAAAAAAAAAAAQAAAQ.jpg,A_bJUVQLWonskAAAAAAAAAAAAAAQAAAQ.jpg,1,344,344
A_qcBWSoqyLrEAAAAAAAAAAAAAAQAAAQ.jpg,A_bJUVQLWonskAAAAAAAAAAAAAAQAAAQ.jpg,1,344,344
A_bKPlQL4w2iUAAAAAAAAAAAAAAQAAAQ.jpg,A_AcFbQoqDqRwAAAAAAAAAAAAAAQAAAQ.jpg,1,345,345
A_bKPlQL4w2iUAAAAAAAAAAAAAAQAAAQ.jpg,A_CWhQSqgeUq4AAAAAAAAAAAAAAQAAAQ.jpg,1,345,345
A_bKPlQL4w2iUAAAAAAAAAAAAAAQAAAQ.jpg,A_7TWPT4_hkwwAAAAAAAAAAAAAAQAAAQ.jpg,1,345,345
A_AcFbQoqDqRwAAAAAAAAAAAAAAQAAAQ.jpg,A_CWhQSqgeUq4AAAAAAAAAAAAAAQAAAQ.jpg,1,345,345
A_AcFbQoqDqRwAAAAAAAAAAAAAAQAAAQ.jpg,A_7TWPT4_hkwwAAAAAAAAAAAAAAQAAAQ.jpg,1,345,345
A_CWhQSqgeUq4AAAAAAAAAAAAAAQAAAQ.jpg,A_7TWPT4_hkwwAAAAAAAAAAAAAAQAAAQ.jpg,1,345,345
A_K9CLR4e8IykAAAAAAAAAAAAAAQAAAQ.jpg,A_qzxeRo3Av5AAAAAAAAAAAAAAAQAAAQ.jpg,1,346,346
A_K9CLR4e8IykAAAAAAAAAAAAAAQAAAQ.jpg,A_DhQlQKr7slQAAAAAAAAAAAAAAQAAAQ.jpg,1,346,346
A_K9CLR4e8IykAAAAAAAAAAAAAAQAAAQ.jpg,A_t6AyT4K76akAAAAAAAAAAAAAAQAAAQ.jpg,1,346,346
A_qzxeRo3Av5AAAAAAAAAAAAAAAQAAAQ.jpg,A_DhQlQKr7slQAAAAAAAAAAAAAAQAAAQ.jpg,1,346,346
A_qzxeRo3Av5AAAAAAAAAAAAAAAQAAAQ.jpg,A_t6AyT4K76akAAAAAAAAAAAAAAQAAAQ.jpg,1,346,346
A_DhQlQKr7slQAAAAAAAAAAAAAAQAAAQ.jpg,A_t6AyT4K76akAAAAAAAAAAAAAAQAAAQ.jpg,1,346,346
A_GFtPRKYwYKQAAAAAAAAAAAAAAQAAAQ.jpg,A_uOCiT40f578AAAAAAAAAAAAAAQAAAQ.jpg,1,347,347
A_GFtPRKYwYKQAAAAAAAAAAAAAAQAAAQ.jpg,A_1WHrSb70BwYAAAAAAAAAAAAAAQAAAQ.jpg,1,347,347
A_GFtPRKYwYKQAAAAAAAAAAAAAAQAAAQ.jpg,A_1ruyQ7LcAuoAAAAAAAAAAAAAAQAAAQ.jpg,1,347,347
A_uOCiT40f578AAAAAAAAAAAAAAQAAAQ.jpg,A_1WHrSb70BwYAAAAAAAAAAAAAAQAAAQ.jpg,1,347,347
A_uOCiT40f578AAAAAAAAAAAAAAQAAAQ.jpg,A_1ruyQ7LcAuoAAAAAAAAAAAAAAQAAAQ.jpg,1,347,347
A_1WHrSb70BwYAAAAAAAAAAAAAAQAAAQ.jpg,A_1ruyQ7LcAuoAAAAAAAAAAAAAAQAAAQ.jpg,1,347,347
RJaJONp-R9-6Wg29qPh_MQAAACMAARAD.jpg,s5_LPbJATXy82lMu1uSeJQAAACMAARAD.jpg,1,348,348
RJaJONp-R9-6Wg29qPh_MQAAACMAARAD.jpg,zusOFo_RSsqRAqtrfJ1fEgAAACMAARAD.jpg,1,348,348
RJaJONp-R9-6Wg29qPh_MQAAACMAARAD.jpg,ORZnfTwMTGmDKW-_9Zm_cAAAACMAARAD.jpg,1,348,348
s5_LPbJATXy82lMu1uSeJQAAACMAARAD.jpg,zusOFo_RSsqRAqtrfJ1fEgAAACMAARAD.jpg,1,348,348
s5_LPbJATXy82lMu1uSeJQAAACMAARAD.jpg,ORZnfTwMTGmDKW-_9Zm_cAAAACMAARAD.jpg,1,348,348
zusOFo_RSsqRAqtrfJ1fEgAAACMAARAD.jpg,ORZnfTwMTGmDKW-_9Zm_cAAAACMAARAD.jpg,1,348,348
2A23mcKTRe6iwvdle-DnoQAAACMAARAD.jpg,A_plIEQ4aQaFEAAAAAAAAAAAAAAQAAAQ.jpg,1,349,349
2A23mcKTRe6iwvdle-DnoQAAACMAARAD.jpg,J9zK50Y5RvujoRzPnQkXBAAAACMAARAD.jpg,1,349,349
2A23mcKTRe6iwvdle-DnoQAAACMAARAD.jpg,A_2nNMSZOEYsQAAAAAAAAAAAAAAQAAAQ.jpg,1,349,349
A_plIEQ4aQaFEAAAAAAAAAAAAAAQAAAQ.jpg,J9zK50Y5RvujoRzPnQkXBAAAACMAARAD.jpg,1,349,349
A_plIEQ4aQaFEAAAAAAAAAAAAAAQAAAQ.jpg,A_2nNMSZOEYsQAAAAAAAAAAAAAAQAAAQ.jpg,1,349,349
J9zK50Y5RvujoRzPnQkXBAAAACMAARAD.jpg,A_2nNMSZOEYsQAAAAAAAAAAAAAAQAAAQ.jpg,1,349,349
A_KW5iQISstkQAAAAAAAAAAAAAAQAAAQ.jpg,A_rphdRInnC2cAAAAAAAAAAAAAAQAAAQ.jpg,0,146,138
A_0RBhTJcWtikAAAAAAAAAAAAAAQAAAQ.jpg,A_DC12To5UBZwAAAAAAAAAAAAAAQAAAQ.jpg,0,270,23
A_BMEtTpAKIZUAAAAAAAAAAAAAAQAAAQ.jpg,A_v-mDS7qZe7oAAAAAAAAAAAAAAQAAAQ.jpg,0,247,19
J4N-el7oSxaafAyjuSBgGAAAACMAARAD.jpg,A_2iAoQIypnLoAAAAAAAAAAAAAAQAAAQ.jpg,0,129,254
A_sEMKS4Zum5UAAAAAAAAAAAAAAQAAAQ.jpg,A_3bzNSLXJbYOwMn1EhM5NdAAAAQAAAQ.jpg,0,273,324
A_UIUSR7SsVxQAAAAAAAAAAAAAAQAAAQ.jpg,A_TLSkT501MYQAAAAAAAAAAAAAAQAAAQ.jpg,0,81,325
A_3BuiQbibhO8AAAAAAAAAAAAAAQAAAQ.jpg,A_z3KSSqDlw1QAAAAAAAAAAAAAAQAAAQ.jpg,0,9,263
A_OuUyQI8epH8AAAAAAAAAAAAAAQAAAQ.jpg,A_PYU8Qr4rH5YAAAAAAAAAAAAAAQAAAQ.jpg,0,51,19
A_aEr8SogcnnIAAAAAAAAAAAAAAQAAAQ.jpg,5tv9hCixSeCiHja6EI7b6AAAACMAARAD.jpg,0,311,120
A_8hQJTq1WHRsAAAAAAAAAAAAAAQAAAQ.jpg,A_M6uVTLJ2EukAAAAAAAAAAAAAAQAAAQ.jpg,0,51,331
A_xzWOSL6pNFAAAAAAAAAAAAAAAQAAAQ.jpg,A_EtEwQb8aGLUAAAAAAAAAAAAAAQAAAQ.jpg,0,274,46
A_Qee6TYh_N0AAAAAAAAAAAAAAAQAAAQ.jpg,A__zLJQayQmP0AAAAAAAAAAAAAAQAAAQ.jpg,0,303,91
WpudhUmPQtCbPSRoq9BnHgAAACMAARAD.jpg,hc_8dM3TTzeQxx1wn6w2ogAAACMAARAD.jpg,0,20,128
A_8P78SYHj8vsAAAAAAAAAAAAAAQAAAQ.jpg,A__pBPR5UaDJ8AAAAAAAAAAAAAAQAAAQ.jpg,0,312,229
A_Tt6HTJdxA1kAAAAAAAAAAAAAAQAAAQ.jpg,frdTcr-kQKe_ugKUa32pmwAAACMAARAD.jpg,0,19,174
A_OtoGQIQE13QAAAAAAAAAAAAAAQAAAQ.jpg,A_Cl0sQ69mrY4AAAAAAAAAAAAAAQAAAQ.jpg,0,10,341
A_6wWbR7D5KboAAAAAAAAAAAAAAQAAAQ.jpg,ysnTdNgkTQ2KcesYGinCrgAAACMAARAD.jpg,0,61,132
A_7iu8TpXAj0QAAAAAAAAAAAAAAQAAAQ.jpg,A_ACH-Ta-cq-oAAAAAAAAAAAAAAQAAAQ.jpg,0,251,340
A_f0N3RpGHGX4AAAAAAAAAAAAAAQAAAQ.jpg,A_DLIAQKcBAyYAAAAAAAAAAAAAAQAAAQ.jpg,0,73,244
A_UHH0So61ecgAAAAAAAAAAAAAAQAAAQ.jpg,A_d-HpRbQdU1YAAAAAAAAAAAAAAQAAAQ.jpg,0,275,33
A_ab2UR5VE8pYAAAAAAAAAAAAAAQAAAQ.jpg,A_LngHSpFXTD4AAAAAAAAAAAAAAQAAAQ.jpg,0,49,336
A_UM9FRqczn4sAAAAAAAAAAAAAAQAAAQ.jpg,A_I8uqQ7SlDm0AAAAAAAAAAAAAAQAAAQ.jpg,0,42,271
A_D5vXRpubIH4AAAAAAAAAAAAAAQAAAQ.jpg,zusOFo_RSsqRAqtrfJ1fEgAAACMAARAD.jpg,0,154,348
A_mt3oRoMfsrEAAAAAAAAAAAAAAQAAAQ.jpg,A_8MxtS7nrx5oAAAAAAAAAAAAAAQAAAQ.jpg,0,237,53
A_bLPoRob0He8AAAAAAAAAAAAAAQAAAQ.jpg,A_MfvYSISsOaYAAAAAAAAAAAAAAQAAAQ.jpg,0,319,59
A_MVBqSa4_cZAAAAAAAAAAAAAAAQAAAQ.jpg,A_LvVhRqiGvcIAAAAAAAAAAAAAAQAAAQ.jpg,0,284,194
A_DkWtQphhpucAAAAAAAAAAAAAAQAAAQ.jpg,A_DhQlQKr7slQAAAAAAAAAAAAAAQAAAQ.jpg,0,195,346
A_7MhsTIG0_08AAAAAAAAAAAAAAQAAAQ.jpg,A_FOIbSaYkQ0MAAAAAAAAAAAAAAQAAAQ.jpg,0,278,80
RIZCEXosSOm6gQj1pn6RSAAAACMAARAD.jpg,A_vsngRpRhfFsAAAAAAAAAAAAAAQAAAQ.jpg,0,164,112
A_ACH-Ta-cq-oAAAAAAAAAAAAAAQAAAQ.jpg,A_Z4zcS4aqMeIAAAAAAAAAAAAAAQAAAQ.jpg,0,340,253
A_ZLTNQ5wA3ncNnJxCvdxuZQAAAQAAAQ.jpg,2A23mcKTRe6iwvdle-DnoQAAACMAARAD.jpg,0,63,349
A__iVyQa-Ul-kAAAAAAAAAAAAAAQAAAQ.jpg,A_pMrhQLroe0IAAAAAAAAAAAAAAQAAAQ.jpg,0,249,319
A_1y6dQaZsLNQAAAAAAAAAAAAAAQAAAQ.jpg,A_E-xxRLjoDi0AAAAAAAAAAAAAAQAAAQ.jpg,0,100,115
A_7PWcRpT6-noAAAAAAAAAAAAAAQAAAQ.jpg,A_6r0MSZSuGksAAAAAAAAAAAAAAQAAAQ.jpg,0,145,262
A_ZBuhRJ_erngAAAAAAAAAAAAAAQAAAQ.jpg,A_8yHrSI9wXtsAAAAAAAAAAAAAAQAAAQ.jpg,0,34,334
A_048mQIy0UMoAAAAAAAAAAAAAAQAAAQ.jpg,A_vjMsQZpQaTkAAAAAAAAAAAAAAQAAAQ.jpg,0,223,133
YogXrvTpT3CF9S-8BEORggAAACMAARAD.jpg,A_KYy1R7vQUokAAAAAAAAAAAAAAQAAAQ.jpg,0,71,267
A_wEzeR4yAYOUAAAAAAAAAAAAAAQAAAQ.jpg,A_fhlXTKaMzqIAAAAAAAAAAAAAAQAAAQ.jpg,0,117,342
A_SbRDQbZ63xkAAAAAAAAAAAAAAQAAAQ.jpg,KhYwboiXREiuD9ad__7GDwAAACMAARAD.jpg,0,78,188
A_EVAPRrwpj30AAAAAAAAAAAAAAQAAAQ.jpg,A_9z7ISKHMk40AAAAAAAAAAAAAAQAAAQ.jpg,0,46,334
A_b1eiQ4BovAEAAAAAAAAAAAAAAQAAAQ.jpg,A_wcRmTIDKqJAAAAAAAAAAAAAAAQAAAQ.jpg,0,343,240
A_fbzVQ5muvQIAAAAAAAAAAAAAAQAAAQ.jpg,A_KQwhSbAW-YwAAAAAAAAAAAAAAQAAAQ.jpg,0,77,195
A_mhYFS7uBQCIAAAAAAAAAAAAAAQAAAQ.jpg,A_XJPfQZIMlRoAAAAAAAAAAAAAAQAAAQ.jpg,0,193,320
rXxlFn69QMONIxtgsZJajQAAACMAARAD.jpg,1DUlr4dURtqhdRrCS69ZgAAAACMAARAD.jpg,0,282,310
A_Uga7SbOpyY0AAAAAAAAAAAAAAQAAAQ.jpg,A_wrCkQIW0mVgAAAAAAAAAAAAAAQAAAQ.jpg,0,69,86
A_f8MgS5sAGg0AAAAAAAAAAAAAAQAAAQ.jpg,A_izqHSKPN0SsAAAAAAAAAAAAAAQAAAQ.jpg,0,93,281
hL3x2UFYTb-fOuBIwUKJMAAAACMAARED.jpg,A_D9o9T7zICSYbaeZMlwxEKQAAAQAAAQ.jpg,0,128,113
3TWmN3cgR6O-z4Ry4M-TngAAACMAARAD.jpg,A_LTsOT5XBs1cAAAAAAAAAAAAAAQAAAQ.jpg,0,132,270
A_T5AVSb-PcwMAAAAAAAAAAAAAAQAAAQ.jpg,A_M2dJTrQsL7gAAAAAAAAAAAAAAQAAAQ.jpg,0,98,167
A_bJUVQLWonskAAAAAAAAAAAAAAQAAAQ.jpg,A_Vu_PRqVmM8AAAAAAAAAAAAAAAQAAAQ.jpg,0,344,14
A_FSyZQ40qPbEAAAAAAAAAAAAAAQAAAQ.jpg,Fv9FYvAkQc6AGTP11upBrwAAACMAARAD.jpg,0,257,4
A_AgMeSbS1YrMAAAAAAAAAAAAAAQAAAQ.jpg,A_BH18R5ERvpkAAAAAAAAAAAAAAQAAAQ.jpg,0,169,198
A_stmPT54njmIU_RNLpIBqvAAAAQAAAQ.jpg,A_UXmITL-h8LMAAAAAAAAAAAAAAQAAAQ.jpg,0,147,140
A_S33KQZXSRKEAAAAAAAAAAAAAAQAAAQ.jpg,A_BbMtSbuC4rkAAAAAAAAAAAAAAQAAAQ.jpg,0,80,259
A_SXGPT6VlGv0AAAAAAAAAAAAAAQAAAQ.jpg,A_yuLVT43MzcgAAAAAAAAAAAAAAQAAAQ.jpg,0,15,167
A_y3o0T5zshLsAAAAAAAAAAAAAAQAAAQ.jpg,A_sw55T7tdUW8AAAAAAAAAAAAAAQAAAQ.jpg,0,152,29
A_r0rxRqzUNowAAAAAAAAAAAAAAQAAAQ.jpg,ydJW6409RSKvBzpK1xzS0QAAACMAARAD.jpg,0,241,27
A_aDKBQ7mM76cAAAAAAAAAAAAAAQAAAQ.jpg,A_0Z_BTJTyxrUAAAAAAAAAAAAAAQAAAQ.jpg,0,256,135
A_o6tyRpwL8I0AAAAAAAAAAAAAAQAAAQ.jpg,A_jO7PT6D764gAAAAAAAAAAAAAAQAAAQ.jpg,0,100,106
A_gleuQrcJ404AAAAAAAAAAAAAAQAAAQ.jpg,A_zfe6Ta1sN6AAAAAAAAAAAAAAAQAAAQ.jpg,0,8,79
A_Wa5hTLtdsh8AAAAAAAAAAAAAAQAAAQ.jpg,9OMvA3NtSGCRN6ymcLH-cAAAACMAARAD.jpg,0,224,323
A_BUCBRov7kcoAAAAAAAAAAAAAAQAAAQ.jpg,A_VfpjQZM4v8EAAAAAAAAAAAAAAQAAAQ.jpg,0,170,196
A__LYISrzZ_GIAAAAAAAAAAAAAAQAAAQ.jpg,A_zjM2TKZ3uLYAAAAAAAAAAAAAAQAAAQ.jpg,0,287,97
zGfOrLgJRWq4z48tv9EHeQAAACMAARAD.jpg,A_JUa9QZwAOOgAAAAAAAAAAAAAAQAAAQ.jpg,0,155,298
A_-JpBS6Eepe4AAAAAAAAAAAAAAQAAAQ.jpg,A_HCX2Trvkdz8AAAAAAAAAAAAAAQAAAQ.jpg,0,210,103
PKvgCxspT06mVkCupz9C2QAAACMAARAD.jpg,A_7WinQJg-1OcAAAAAAAAAAAAAAQAAAQ.jpg,0,134,31
A_VgR1Q7EKYp8AAAAAAAAAAAAAAQAAAQ.jpg,A__YxFR6NzEjQAAAAAAAAAAAAAAQAAAQ.jpg,0,90,13
A_VVyqSqssGX8AAAAAAAAAAAAAAQAAAQ.jpg,A_gCrJTKWF4KgAAAAAAAAAAAAAAQAAAQ.jpg,0,110,117
A_2fEAQ6wRV78AAAAAAAAAAAAAAQAAAQ.jpg,A_SnWNTb004p4AAAAAAAAAAAAAAQAAAQ.jpg,0,255,195
A_OkeCQptuOYkAAAAAAAAAAAAAAQAAAQ.jpg,A_1OujSoSRAr8AAAAAAAAAAAAAAQAAAQ.jpg,0,32,292
A_cwILQL0IAHcAAAAAAAAAAAAAAQAAAQ.jpg,A_WDLkR6ptwJYAAAAAAAAAAAAAAQAAAQ.jpg,0,83,160
A_3uJrSJQRo58AAAAAAAAAAAAAAQAAAQ.jpg,A_DJoqQr7L5-IAAAAAAAAAAAAAAQAAAQ.jpg,0,275,36
A_K0ldRalVubcAAAAAAAAAAAAAAQAAAQ.jpg,A_eaJbRIsiIAcAAAAAAAAAAAAAAQAAAQ.jpg,0,24,278
A_krhJT7X9SC0AAAAAAAAAAAAAAQAAAQ.jpg,A_MtxfT4wtikgAAAAAAAAAAAAAAQAAAQ.jpg,0,60,286
A_izqHSKPN0SsAAAAAAAAAAAAAAQAAAQ.jpg,A_yhhDQbrQfGd8ld9BhzssNAAAAQAAAQ.jpg,0,281,206
A_C_r4QL5_wX0AAAAAAAAAAAAAAQAAAQ.jpg,A_hsJDSo4xcbkAAAAAAAAAAAAAAQAAAQ.jpg,0,121,3
A_7agWQomXiksAAAAAAAAAAAAAAQAAAQ.jpg,A_7boYR4gvvhMAAAAAAAAAAAAAAQAAAQ.jpg,0,85,152
A_QQI2TrP_nAAAAAAAAAAAAAAAAQAAAQ.jpg,ydJW6409RSKvBzpK1xzS0QAAACMAARAD.jpg,0,199,27
A_4OwVSaVoxg4AAAAAAAAAAAAAAQAAAQ.jpg,A_SXGPT6VlGv0AAAAAAAAAAAAAAQAAAQ.jpg,0,170,15
A_7t5MRrn6fyUAAAAAAAAAAAAAAQAAAQ.jpg,A_EcV-QL_t4UAAAAAAAAAAAAAAAQAAAQ.jpg,0,303,67
A_UM9FRqczn4sAAAAAAAAAAAAAAQAAAQ.jpg,ZyHG3kTpSISXJaNBidsZFQAAACMAARAD.jpg,0,42,238
A_krhJT7X9SC0AAAAAAAAAAAAAAQAAAQ.jpg,A_JFf0QpMDxLUAAAAAAAAAAAAAAQAAAQ.jpg,0,60,178
A_9rUXTan94pAAAAAAAAAAAAAAAQAAAQ.jpg,A_OtoGQIQE13QAAAAAAAAAAAAAAQAAAQ.jpg,0,32,10
A_6bWnTrslKhwAAAAAAAAAAAAAAQAAAQ.jpg,A__FI5Q5Jfi3EAAAAAAAAAAAAAAQAAAQ.jpg,0,158,29
A_JKoXS5qMLWXZM1xIuGy1bAAAAQAAAQ.jpg,A_KRnoQ5ccGD4AAAAAAAAAAAAAAQAAAQ.jpg,0,148,235
A_yo0qQ6lU6HsAAAAAAAAAAAAAAQAAAQ.jpg,A_I8uqQ7SlDm0AAAAAAAAAAAAAAQAAAQ.jpg,0,152,271
A_2bxUSqLc6wAAAAAAAAAAAAAAAQAAAQ.jpg,A_Q0c_QIvmCAoAAAAAAAAAAAAAAQAAAQ.jpg,0,255,118
A_lTNbTYEaGsMAAAAAAAAAAAAAAQAAAQ.jpg,A_UIUSR7SsVxQAAAAAAAAAAAAAAQAAAQ.jpg,0,224,81
A_Db7ZTbup1uwAAAAAAAAAAAAAAQAAAQ.jpg,A_cWO0Sb2sA9gAAAAAAAAAAAAAAQAAAQ.jpg,0,254,200
UB-NZRT8SxapdoqCNWuvvAAAACMAARAD.jpg,A_AcFbQoqDqRwAAAAAAAAAAAAAAQAAAQ.jpg,0,211,345
A_y8iFSJzwNJ4AAAAAAAAAAAAAAQAAAQ.jpg,xwiaT4SHTLGOVAZCtHq9yQAAACMAARAD.jpg,0,272,27
A_sltnS47XRVEAAAAAAAAAAAAAAQAAAQ.jpg,qOv8xeZkRVeDHmMZ8t0QaAAAACMAARAD.jpg,0,201,219
A_Z9O5TZhkv2IAAAAAAAAAAAAAAQAAAQ.jpg,hc_8dM3TTzeQxx1wn6w2ogAAACMAARAD.jpg,0,227,128
A_ivfcQaWsgdsAAAAAAAAAAAAAAQAAAQ.jpg,A_YRDWQrX8B_UAAAAAAAAAAAAAAQAAAQ.jpg,0,296,258
A_2f4ZRqel34oAAAAAAAAAAAAAAQAAAQ.jpg,A_LvVhRqiGvcIAAAAAAAAAAAAAAQAAAQ.jpg,0,33,194
A_4rz3RZuMxDMAAAAAAAAAAAAAAQAAAQ.jpg,O4evSscSQOaRanT5DclZ5wAAACMAARAD.jpg,0,165,4
A_Hu1zSa0hFccAAAAAAAAAAAAAAQAAAQ.jpg,A_VW4rTbmlHh8AAAAAAAAAAAAAAQAAAQ.jpg,0,187,336
A_29WIRrT3Pg4AAAAAAAAAAAAAAQAAAQ.jpg,rMWpilyUToW_ESjYFAiCGwAAACMAARAD.jpg,0,75,238
A_c7PhTYy24i4AAAAAAAAAAAAAAQAAAQ.jpg,A_xvAiTaIgyiIAAAAAAAAAAAAAAQAAAQ.jpg,0,137,154
A_ey1NQqwj2xkAAAAAAAAAAAAAAQAAAQ.jpg,A_KQxIT7wL_kgAAAAAAAAAAAAAAQAAAQ.jpg,0,35,18
A_DV2SR5jhC0wAAAAAAAAAAAAAAQAAAQ.jpg,A_l-VLRK4I89oAAAAAAAAAAAAAAQAAAQ.jpg,0,34,31
A_i8kmSqzWZtEAAAAAAAAAAAAAAQAAAQ.jpg,A_JTXPTI39PMkAAAAAAAAAAAAAAQAAAQ.jpg,0,284,199
A_pGC9TI631dMAAAAAAAAAAAAAAQAAAQ.jpg,A_dWv2RbF20pgAAAAAAAAAAAAAAQAAAQ.jpg,0,74,243
A_WidRS5aubWEAAAAAAAAAAAAAAQAAAQ.jpg,A_ymwwSJZai5IAAAAAAAAAAAAAAQAAAQ.jpg,0,113,122
A_kPvdTbagJ9MAAAAAAAAAAAAAAQAAAQ.jpg,A_VgR1Q7EKYp8AAAAAAAAAAAAAAQAAAQ.jpg,0,8,90
A_zfe6Ta1sN6AAAAAAAAAAAAAAAQAAAQ.jpg,A_aDKBQ7mM76cAAAAAAAAAAAAAAQAAAQ.jpg,0,79,256
EIpoK14ATmCiS-H_pM6kvAAAACMAARAD.jpg,A_I-uhS4pzzngAAAAAAAAAAAAAAQAAAQ.jpg,0,54,260
A2fZWAEeTfWyTqA6MlIezgAAACMAARAD.jpg,A_JFQFRqCRuosAAAAAAAAAAAAAAQAAAQ.jpg,0,164,68
A_O-HYQbAzM04AAAAAAAAAAAAAAQAAAQ.jpg,A_BH18R5ERvpkAAAAAAAAAAAAAAQAAAQ.jpg,0,61,198
A_q9E-TreZOpcAAAAAAAAAAAAAAQAAAQ.jpg,A_BH18R5ERvpkAAAAAAAAAAAAAAQAAAQ.jpg,0,276,198
4mdzWDyRQ82GuQWRmzSQBQAAACMAARAD.jpg,A_7TXVT6R41bwAAAAAAAAAAAAAAQAAAQ.jpg,0,186,161
A_KlKMQ7YwUQUAAAAAAAAAAAAAAQAAAQ.jpg,5Oscl8XJRRC2rytTlGL-0AAAACMAARAD.jpg,0,269,226
RZ0pi9gnRguCbwW_2IFLegAAACMAARAD.jpg,A_NloJTpjGmzgAAAAAAAAAAAAAAQAAAQ.jpg,0,315,62
A_fXp1S7xHV6YAAAAAAAAAAAAAAQAAAQ.jpg,A_QYfVToXTeu0AAAAAAAAAAAAAAQAAAQ.jpg,0,106,229
A__YxFR6NzEjQecYhCqT3cqQAAAQAAAQ.jpg,A_0-ELRoJDoOAAAAAAAAAAAAAAAQAAAQ.jpg,0,13,160
A_e7dMTaR9QaEAAAAAAAAAAAAAAQAAAQ.jpg,A_N1bgTpTlLkIAAAAAAAAAAAAAAQAAAQ.jpg,0,312,285
A_nwlKT4igLyQAAAAAAAAAAAAAAQAAAQ.jpg,A_qwMrRIrUjOkAAAAAAAAAAAAAAQAAAQ.jpg,0,37,100
igBDl6ziSdODf-fpbtEL1wAAACMAARAD.jpg,A_iTDeS5OoNC4AAAAAAAAAAAAAAQAAAQ.jpg,0,306,328
A_RDX7SYBqMVwAAAAAAAAAAAAAAQAAAQ.jpg,A__2g8SIdev1YAAAAAAAAAAAAAAQAAAQ.jpg,0,41,153
A_hiF9SJL03uIAAAAAAAAAAAAAAQAAAQ.jpg,A_C0vvSpWL_JsAAAAAAAAAAAAAAQAAAQ.jpg,0,214,121
A_wrCkQIW0mVgAAAAAAAAAAAAAAQAAAQ.jpg,A_CaW2Rr7FxicAAAAAAAAAAAAAAQAAAQ.jpg,0,86,281
3TWmN3cgR6O-z4Ry4M-TngAAACMAARAD.jpg,A_jcJHTp85KP3Y3pFEtvZWcAAAAQAAAQ.jpg,0,132,64
A_Q0c_QIvmCAoAAAAAAAAAAAAAAQAAAQ.jpg,A_KW5iQISstkQAAAAAAAAAAAAAAQAAAQ.jpg,0,118,146
A_Kg8hQIvTubMAAAAAAAAAAAAAAQAAAQ.jpg,A_wSWmTr7_FucAAAAAAAAAAAAAAQAAAQ.jpg,0,144,302
A__FI5Q5Jfi3EAAAAAAAAAAAAAAQAAAQ.jpg,A_OQeoS4r3iwoAAAAAAAAAAAAAAQAAAQ.jpg,0,29,284
A_b4GpSbjTmGoAAAAAAAAAAAAAAQAAAQ.jpg,A_XfLkRYLFXGAAAAAAAAAAAAAAAQAAAQ.jpg,0,337,78
A_GFtPRKYwYKQAAAAAAAAAAAAAAQAAAQ.jpg,A_C0vvSpWL_JsAAAAAAAAAAAAAAQAAAQ.jpg,0,347,121
A_avXxR4A0gikAAAAAAAAAAAAAAQAAAQ.jpg,A_JFQFRqCRuosAAAAAAAAAAAAAAQAAAQ.jpg,0,280,68
s-goRr4zRqihodt8c49wvwAAACMAARAD.jpg,frarTD7lTOqgeRc7RMPqNQAAACMAARAD.jpg,0,174,188
A_vsngRpRhfFsAAAAAAAAAAAAAAQAAAQ.jpg,A_S11EQYn7Fj8AAAAAAAAAAAAAAQAAAQ.jpg,0,112,224
A_MOhrQLLyVDYAAAAAAAAAAAAAAQAAAQ.jpg,A_puDYQoa6ZyAAAAAAAAAAAAAAAQAAAQ.jpg,0,262,160
A_VKWZTI04Y7wAAAAAAAAAAAAAAQAAAQ.jpg,A_tXSZTIQiK3YAAAAAAAAAAAAAAQAAAQ.jpg,0,41,151
A__OfaT7yTwxUAAAAAAAAAAAAAAQAAAQ.jpg,A_DJoqQr7L5-IAAAAAAAAAAAAAAQAAAQ.jpg,0,273,36
A_xTY-S4O2kyYAAAAAAAAAAAAAAQAAAQ.jpg,3TWmN3cgR6O-z4Ry4M-TngAAACMAARAD.jpg,0,333,132
A_cKL1QqoK8C4AAAAAAAAAAAAAAQAAAQ.jpg,A_7MhsTIG0_08AAAAAAAAAAAAAAQAAAQ.jpg,0,111,278
A_BT-TSJ2u3kMAAAAAAAAAAAAAAQAAAQ.jpg,A_FGfzSpRlJ9AAAAAAAAAAAAAAAQAAAQ.jpg,0,279,263
A_7z2dSpjqRhsAAAAAAAAAAAAAAQAAAQ.jpg,A_NuL2TKMEwowAAAAAAAAAAAAAAQAAAQ.jpg,0,302,265
A_b1eiQ4BovAEAAAAAAAAAAAAAAQAAAQ.jpg,A_vcbAQrSa0GIAAAAAAAAAAAAAAQAAAQ.jpg,0,343,222
A_PXh2Q7BkVC0AAAAAAAAAAAAAAQAAAQ.jpg,A_EsHfTJi2lYUAAAAAAAAAAAAAAQAAAQ.jpg,0,122,314
A_5dhIRrfer5YAAAAAAAAAAAAAAQAAAQ.jpg,Z1qDRVboSz625P_djDkBSwAAACMAARAD.jpg,0,65,315
A_UBFIRp0LaJAAAAAAAAAAAAAAAQAAAQ.jpg,1DUlr4dURtqhdRrCS69ZgAAAACMAARAD.jpg,0,199,310
A_NLtxRaP1d6wAAAAAAAAAAAAAAQAAAQ.jpg,A_mFi6TLRxJ9cAAAAAAAAAAAAAAQAAAQ.jpg,0,106,144
A_kEkzS6WBDdQAAAAAAAAAAAAAAQAAAQ.jpg,A_EgytQoIRmCEAAAAAAAAAAAAAAQAAAQ.jpg,0,156,343
A_uY8RT48iBmoAAAAAAAAAAAAAAQAAAQ.jpg,dE5D0FnIS42ZuBi1OUZO3AAAACMAARAD.jpg,0,178,56
A_V03gR7K90bIAAAAAAAAAAAAAAQAAAQ.jpg,A_6bWnTrslKhwAAAAAAAAAAAAAAQAAAQ.jpg,0,220,158
rPNyWMgLSMewMHD2BSt6gAAAACMAARAD.jpg,A_92a6Tq_Mr68AAAAAAAAAAAAAAQAAAQ.jpg,0,209,175
A_r5lyTqEh9NQAAAAAAAAAAAAAAQAAAQ.jpg,A_SE5MTp9TUMsAAAAAAAAAAAAAAQAAAQ.jpg,0,170,42
hc_8dM3TTzeQxx1wn6w2ogAAACMAARAD.jpg,A_W-xaT78i22MAAAAAAAAAAAAAAQAAAQ.jpg,0,128,50
A_cUEKTLA6SR4AAAAAAAAAAAAAAQAAAQ.jpg,A_r5lyTqEh9NQAAAAAAAAAAAAAAQAAAQ.jpg,0,312,170
A_0DqmSI5YLTYAAAAAAAAAAAAAAQAAAQ.jpg,A_wr26TqasgdEAAAAAAAAAAAAAAQAAAQ.jpg,0,87,165
A_hKxiQrUhfZUAAAAAAAAAAAAAAQAAAQ.jpg,A_GJH7T7H_iloAAAAAAAAAAAAAAQAAAQ.jpg,0,141,252
A_CHCqQrj2mVQAAAAAAAAAAAAAAQAAAQ.jpg,A_GWDtRJ-PEYIAAAAAAAAAAAAAAQAAAQ.jpg,0,303,142
omt8M0kmRMSuRUW91x_fLgAAACMAARAD.jpg,A_DEkJRYlXFNsAAAAAAAAAAAAAAQAAAQ.jpg,0,177,268
A_ivfcQaWsgdsAAAAAAAAAAAAAAQAAAQ.jpg,A_Cl0sQ69mrY4AAAAAAAAAAAAAAQAAAQ.jpg,0,296,341
A_mo3GRaXrNTgAAAAAAAAAAAAAAQAAAQ.jpg,A_jC-uQI9wmRgAAAAAAAAAAAAAAQAAAQ.jpg,0,309,75
A_6CUMTK6sWtwAAAAAAAAAAAAAAQAAAQ.jpg,XX6adT1pTv6LJ-Njrj_c1wAAACMAARAD.jpg,0,45,219
zusOFo_RSsqRAqtrfJ1fEgAAACMAARAD.jpg,A_Uh4ZRZjAbOAAAAAAAAAAAAAAAQAAAQ.jpg,0,348,52
O1CN01i3vtpY1iOA4ELUKNq_!!0-mtopupload.jpg,HqCc8PT8QMalF5QdbcP9UwAAACMAARAD.jpg,0,22,107
A_rGSuTZXVuRUAAAAAAAAAAAAAAQAAAQ.jpg,A_vjMsQZpQaTkAAAAAAAAAAAAAAQAAAQ.jpg,0,2,133
A_LaJXSLgvcWABL0VDvY1hqgAAAQAAAQ.jpg,tZ9Ffj0eTdiamVFL64HrAwAAACMAARAD.jpg,0,185,72
A_K0ldRalVubcAAAAAAAAAAAAAAQAAAQ.jpg,A_k02wRqflDJcAAAAAAAAAAAAAAQAAAQ.jpg,0,24,328
A_TLSkT501MYQAAAAAAAAAAAAAAQAAAQ.jpg,A_0aCUSY5NN4IAAAAAAAAAAAAAAQAAAQ.jpg,0,325,175
A_w8x7SaCEWdkAAAAAAAAAAAAAAQAAAQ.jpg,A_Ba6QQqFUsP4AAAAAAAAAAAAAAQAAAQ.jpg,0,58,15
A_BT-TSJ2u3kMAAAAAAAAAAAAAAQAAAQ.jpg,A_02oeQZQGpSIAAAAAAAAAAAAAAQAAAQ.jpg,0,279,297
A_I4uaQKtPPhAAAAAAAAAAAAAAAQAAAQ.jpg,A_olfhSYntr84AAAAAAAAAAAAAAQAAAQ.jpg,0,329,337
A_i86wS72-_lQAAAAAAAAAAAAAAQAAAQ.jpg,A_K0FxT6aY5N8AAAAAAAAAAAAAAQAAAQ.jpg,0,224,301
RZ0pi9gnRguCbwW_2IFLegAAACMAARAD.jpg,A_pUauTrONA4kAAAAAAAAAAAAAAQAAAQ.jpg,0,315,318
A_5aAtRZYw7_wAAAAAAAAAAAAAAQAAAQ.jpg,A_Saa1T617BOoAAAAAAAAAAAAAAQAAAQ.jpg,0,51,103
A_QQI2TrP_nAAAAAAAAAAAAAAAAQAAAQ.jpg,A_DTn9RaIFKaUAAAAAAAAAAAAAAQAAAQ.jpg,0,199,246
A__YxFR6NzEjQAAAAAAAAAAAAAAQAAAQ.jpg,A_lPwKS7HXTIUAAAAAAAAAAAAAAQAAAQ.jpg,0,13,309
A_DOZRQIHcpw0AAAAAAAAAAAAAAQAAAQ.jpg,A_Ysu4QqIqPYkAAAAAAAAAAAAAAQAAAQ.jpg,0,39,333
A_8xTQSLkd18MAAAAAAAAAAAAAAQAAAQ.jpg,A_-pSrT6xClQcAAAAAAAAAAAAAAQAAAQ.jpg,0,125,97
A_eaJbRIsiIAcAAAAAAAAAAAAAAQAAAQ.jpg,dNTm6a6ZQU-tMrEpqKmLXwAAACMAARAD.jpg,0,278,56
A_DNjCS6LPySIAAAAAAAAAAAAAAQAAAQ.jpg,A_llXqTpsSgWwAAAAAAAAAAAAAAQAAAQ.jpg,0,272,90
QdzTTlrGTCCQ1F9xM9w-rwAAACMAARED.jpg,A_7TWPT4_hkwwAAAAAAAAAAAAAAQAAAQ.jpg,0,321,345
A_cexvRK__-1MAAAAAAAAAAAAAAQAAAQ.jpg,A_4ERZQIbzN0oAAAAAAAAAAAAAAQAAAQ.jpg,0,204,265
A__FEKTZUF1Y8AAAAAAAAAAAAAAQAAAQ.jpg,A_3felTbn-u0kAAAAAAAAAAAAAAQAAAQ.jpg,0,137,108
A_KtrxQJE_sIMAAAAAAAAAAAAAAQAAAQ.jpg,A_-ZsZRYceA08AAAAAAAAAAAAAAQAAAQ.jpg,0,33,96
A_KRnoQ5ccGD4AAAAAAAAAAAAAAQAAAQ.jpg,A_Uh4ZRZjAbOAAAAAAAAAAAAAAAQAAAQ.jpg,0,235,52
A_OwX6S7nJKi4AAAAAAAAAAAAAAQAAAQ.jpg,A_ToioR6w5lKgAAAAAAAAAAAAAAQAAAQ.jpg,0,220,283
A_NuL2TKMEwowAAAAAAAAAAAAAAQAAAQ.jpg,A_UE-JSb_9FMYAAAAAAAAAAAAAAQAAAQ.jpg,0,265,144
A_yrFZSaXtfAEAAAAAAAAAAAAAAQAAAQ.jpg,40cC6HWzRva34jaC_YZZAwAAACMAARED.jpg,0,162,128
A_9SxdQYnmGb8AAAAAAAAAAAAAAQAAAQ.jpg,A_GWDtRJ-PEYIAAAAAAAAAAAAAAQAAAQ.jpg,0,259,142
A_s6NBRJVoqogAAAAAAAAAAAAAAQAAAQ.jpg,A_OtoGQIQE13QAAAAAAAAAAAAAAQAAAQ.jpg,0,228,10
jjWLPK10Q3S11BG3fnopQgAAACMAARAD.jpg,A_EhJNRrpu2Z0AAAAAAAAAAAAAAQAAAQ.jpg,0,188,233
A_l_WDRZSqqCQAAAAAAAAAAAAAAQAAAQ.jpg,A_Or1GTqTym0AAAAAAAAAAAAAAAQAAAQ.jpg,0,1,170
A_FbS7RJkTRPMAAAAAAAAAAAAAAQAAAQ.jpg,HqCc8PT8QMalF5QdbcP9UwAAACMAARAD.jpg,0,99,107
A_H_ulSqKIeUgAAAAAAAAAAAAAAQAAAQ.jpg,A_7B2HSpMadEgAAAAAAAAAAAAAAQAAAQ.jpg,0,93,258
A_xTY-S4O2kyYAAAAAAAAAAAAAAQAAAQ.jpg,A_PKCVSakmtxUAAAAAAAAAAAAAAQAAAQ.jpg,0,333,278
A_b1eiQ4BovAEAAAAAAAAAAAAAAQAAAQ.jpg,A_K3lrQrI1-gIAAAAAAAAAAAAAAQAAAQ.jpg,0,343,334
A_Hr8iQJfMnWAAAAAAAAAAAAAAAQAAAQ.jpg,8bqSm5suQB-TkC66R2F-lgAAACMAARAD.jpg,0,86,177
A_a7OnT702SKIAAAAAAAAAAAAAAQAAAQ.jpg,A_Z7bIS7KQQFUAAAAAAAAAAAAAAQAAAQ.jpg,0,161,83
A_UH_uSo5LjOsAAAAAAAAAAAAAAQAAAQ.jpg,A_h0UnRoWDbBQAAAAAAAAAAAAAAQAAAQ.jpg,0,101,181
A_CMybSaizJokAAAAAAAAAAAAAAQAAAQ.jpg,A_JFQFRqCRuouu-ldCkHSAIAAAAQAAAQ.jpg,0,66,68
A_BMEtTpAKIZUAAAAAAAAAAAAAAQAAAQ.jpg,A_4ERZQIbzN0oAAAAAAAAAAAAAAQAAAQ.jpg,0,247,265
A_tmZ3QpBor3sAAAAAAAAAAAAAAQAAAQ.jpg,A__OfaT7yTwxUAAAAAAAAAAAAAAQAAAQ.jpg,0,203,273
A_XfLkRYLFXGAAAAAAAAAAAAAAAQAAAQ.jpg,A_ZhFOTLvWldQAAAAAAAAAAAAAAQAAAQ.jpg,0,78,251
A_KRefSIqxAhMAAAAAAAAAAAAAAQAAAQ.jpg,A_CSAAQqCz9coAAAAAAAAAAAAAAQAAAQ.jpg,0,259,117
A_sEMKS4Zum5UAAAAAAAAAAAAAAQAAAQ.jpg,A_XSdhTajB4_kAAAAAAAAAAAAAAQAAAQ.jpg,0,273,243
A_TfvQTrtOPDQAAAAAAAAAAAAAAQAAAQ.jpg,A_0GHaQ5v1mnFBBtxPokPDawAAAQAAAQ.jpg,0,243,64
oAlUaNt0SoOd1pDlZebq6QAAACMAARAD.jpg,A_MkJtQKVpPRIAAAAAAAAAAAAAAQAAAQ.jpg,0,327,232
A_OuUyQI8epH8AAAAAAAAAAAAAAQAAAQ.jpg,A_TcbgToJZ2O0AAAAAAAAAAAAAAQAAAQ.jpg,0,51,213
A_DJoqQr7L5-IAAAAAAAAAAAAAAQAAAQ.jpg,A_spNeTrbTaesAAAAAAAAAAAAAAQAAAQ.jpg,0,36,114
A_7dSiR56sjZkAAAAAAAAAAAAAAQAAAQ.jpg,A_EVPKRbZgOYgAAAAAAAAAAAAAAQAAAQ.jpg,0,313,136
A_iHgnS6_U93kAAAAAAAAAAAAAAQAAAQ.jpg,A_qA51SrJMwRIAAAAAAAAAAAAAAQAAAQ.jpg,0,47,222
A_UHv6TJv2h5cAAAAAAAAAAAAAAQAAAQ.jpg,A_tB9JQ6SKjKYAAAAAAAAAAAAAAQAAAQ.jpg,0,283,201
A_GFtPRKYwYKQAAAAAAAAAAAAAAQAAAQ.jpg,A__EmvQZaIrk0AAAAAAAAAAAAAAQAAAQ.jpg,0,347,330
1yv1XFmYQIqGC3ETpIuU2QAAACMAARAD.jpg,A_VfpjQZM4v8EAAAAAAAAAAAAAAQAAAQ.jpg,0,70,196
A_KQwhSbAW-YwAAAAAAAAAAAAAAQAAAQ.jpg,9OMvA3NtSGCRN6ymcLH-cAAAACMAARAD.jpg,0,195,323
A_5P07RJ-PIlkAAAAAAAAAAAAAAQAAAQ.jpg,A_Y1ryTIb8npX6SU9Br3TwMgAAAQAAAQ.jpg,0,76,221
A_aBdGT4bei2QAAAAAAAAAAAAAAQAAAQ.jpg,O1CN01i3vtpY1iOA4ELUKNq_!!0-mtopupload.jpg,0,233,22
A_OQeoS4r3iwoAAAAAAAAAAAAAAQAAAQ.jpg,A_WBiBQpmmEtAAAAAAAAAAAAAAAQAAAQ.jpg,0,284,50
A_SQeJQr1DQCoAAAAAAAAAAAAAAQAAAQ.jpg,A_6rXsToXOMygAAAAAAAAAAAAAAQAAAQ.jpg,0,233,290
A_Tt6HTJdxA1kAAAAAAAAAAAAAAQAAAQ.jpg,A_higyRahZ3-cAAAAAAAAAAAAAAQAAAQ.jpg,0,19,266
A_vsngRpRhfFsAAAAAAAAAAAAAAQAAAQ.jpg,A_zSt_TZGlWdoAAAAAAAAAAAAAAQAAAQ.jpg,0,112,38
A_-ZsZRYceA08AAAAAAAAAAAAAAQAAAQ.jpg,A_JJxfRa1-EmUAAAAAAAAAAAAAAQAAAQ.jpg,0,96,74
A_0GHaQ5v1mnFBBtxPokPDawAAAQAAAQ.jpg,A_M6rDSaJqguwAAAAAAAAAAAAAAQAAAQ.jpg,0,64,25
A_YQOgTaaY1XgAAAAAAAAAAAAAAQAAAQ.jpg,A_Y1ryTIb8npX6SU9Br3TwMgAAAQAAAQ.jpg,0,60,221
A_fbzVQ5muvQIAAAAAAAAAAAAAAQAAAQ.jpg,A_WDLkR6ptwJYAAAAAAAAAAAAAAQAAAQ.jpg,0,77,160
A_ryBhQJmZFnUAAAAAAAAAAAAAAQAAAQ.jpg,A_usXqRrG0zfAAAAAAAAAAAAAAAQAAAQ.jpg,0,267,88
A_MVpnTJIllNYAAAAAAAAAAAAAAQAAAQ.jpg,Z_Hv1amYSOKoJUJcV5cxjwAAACMAARAD.jpg,0,51,211
A_2iAoQIypnLoAAAAAAAAAAAAAAQAAAQ.jpg,A_IeYUSZHnPzOciWNLuhXRvwAAAQAAAQ.jpg,0,254,96
A_MGtdT6XD3YAAAAAAAAAAAAAAAQAAAQ.jpg,1DUlr4dURtqhdRrCS69ZgAAAACMAARAD.jpg,0,236,310
A_fgxxT7gC-zwAAAAAAAAAAAAAAQAAAQ.jpg,A_y8iFSJzwNJ4AAAAAAAAAAAAAAQAAAQ.jpg,0,198,272
A_DNjCS6LPySIAAAAAAAAAAAAAAQAAAQ.jpg,A_qo9KQ6YZpa0AAAAAAAAAAAAAAQAAAQ.jpg,0,272,11
A_aEr8SogcnnIAAAAAAAAAAAAAAQAAAQ.jpg,_YxN02DfQ7OUYkwftQP0QQAAACMAARAD.jpg,0,311,166
A_HII8R5WzRQ4AAAAAAAAAAAAAAQAAAQ.jpg,A_ARs4S5uu-scAAAAAAAAAAAAAAQAAAQ.jpg,0,179,0
A_7TWPT4_hkwwAAAAAAAAAAAAAAQAAAQ.jpg,A_ojwmQZn-s4QAAAAAAAAAAAAAAQAAAQ.jpg,0,345,8
A_Wa5hTLtdsh8AAAAAAAAAAAAAAQAAAQ.jpg,A_UE-JSb_9FMYAAAAAAAAAAAAAAQAAAQ.jpg,0,224,144
A_lv0eRrxAXNwAAAAAAAAAAAAAAQAAAQ.jpg,A_7B2HSpMadEgAAAAAAAAAAAAAAQAAAQ.jpg,0,193,258
A_JzxkRq5CL7UAAAAAAAAAAAAAAQAAAQ.jpg,A_W9fQSKt4JzUAAAAAAAAAAAAAAQAAAQ.jpg,0,216,95
unXpdCHiSwq1IsIo2bI8PAAAACMAARAD.jpg,A_g1RJRYomLtCGJS5AnNEITgAAAQAAAQ.jpg,0,70,89
A_cwILQL0IAHcAAAAAAAAAAAAAAQAAAQ.jpg,A_meIyTZfLrbEAAAAAAAAAAAAAAQAAAQ.jpg,0,83,289
A_gceJT5IcfZ4AAAAAAAAAAAAAAQAAAQ.jpg,A_92a6Tq_Mr68AAAAAAAAAAAAAAQAAAQ.jpg,0,40,175
A_JhozTLdUXBAAAAAAAAAAAAAAAQAAAQ.jpg,A_-bJ-Q4552o0AAAAAAAAAAAAAAQAAAQ.jpg,0,238,50
A_7B2HSpMadEgAAAAAAAAAAAAAAQAAAQ.jpg,1DUlr4dURtqhdRrCS69ZgAAAACMAARAD.jpg,0,258,310
A_4OwVSaVoxg4AAAAAAAAAAAAAAQAAAQ.jpg,LkTAGmb3TGuGGZHU52brUQAAACMAARAD.jpg,0,170,207
A__hNgQJmrLXkAAAAAAAAAAAAAAQAAAQ.jpg,A_hPGSRoU0C8kAAAAAAAAAAAAAAQAAAQ.jpg,0,100,308
A_bWQgQawVwX4AAAAAAAAAAAAAAQAAAQ.jpg,A_B70bT5SypHUAAAAAAAAAAAAAAQAAAQ.jpg,0,90,55
A_HTNURIoNl30AAAAAAAAAAAAAAQAAAQ.jpg,p_poUnC6T06GTFnucmRJSwAAACMAARAD.jpg,0,31,307
A_SXh7Qo_BhxkAAAAAAAAAAAAAAQAAAQ.jpg,A_eKNXQLRk11AAAAAAAAAAAAAAAQAAAQ.jpg,0,292,112
A_Hu1zSa0hFcdm4cpMozBtlgAAAQAAAQ.jpg,A_88GIR4a9ssoAAAAAAAAAAAAAAQAAAQ.jpg,0,187,266
A_Ysu4QqIqPYkAAAAAAAAAAAAAAQAAAQ.jpg,A_Jt0NQ7kxnNgAAAAAAAAAAAAAAQAAAQ.jpg,0,333,314
A_gnzFTrJMNnQAAAAAAAAAAAAAAQAAAQ.jpg,A_plhwSYSpPVIAAAAAAAAAAAAAAQAAAQ.jpg,0,232,264
A_VgR1Q7EKYp8AAAAAAAAAAAAAAQAAAQ.jpg,A_mwbHSqmRhcQAAAAAAAAAAAAAAQAAAQ.jpg,0,90,253
A_zMhHRKUhSuErdB5Pt_ADkgAAAQAAAQ.jpg,A_EgytQoIRmCEAAAAAAAAAAAAAAQAAAQ.jpg,0,148,343
A_kJWgSJRDpycAAAAAAAAAAAAAAQAAAQ.jpg,A_QYfVToXTeu0AAAAAAAAAAAAAAQAAAQ.jpg,0,228,229
A_UM9FRqczn4sAAAAAAAAAAAAAAQAAAQ.jpg,A_YOLjSLCb05sAAAAAAAAAAAAAAQAAAQ.jpg,0,42,31
C5W99xn9Rpmnq-8QffgzswAAACMAARAD.jpg,A_RU49RpH8I6MAAAAAAAAAAAAAAQAAAQ.jpg,0,120,270
A_H_zgSYO_OSwAAAAAAAAAAAAAAQAAAQ.jpg,A_XSdhTajB4_kAAAAAAAAAAAAAAQAAAQ.jpg,0,231,243
A_9SxdQYnmGb8AAAAAAAAAAAAAAQAAAQ.jpg,A_K0ldRalVubcAAAAAAAAAAAAAAQAAAQ.jpg,0,259,24
A_nec0R4X7desAAAAAAAAAAAAAAQAAAQ.jpg,A_phjfSK7C04wAAAAAAAAAAAAAAQAAAQ.jpg,0,189,145
A_hKxiQrUhfZUAAAAAAAAAAAAAAQAAAQ.jpg,O4evSscSQOaRanT5DclZ5wAAACMAARAD.jpg,0,141,4
A_l_WDRZSqqCQAAAAAAAAAAAAAAQAAAQ.jpg,A_Z9O5TZhkv2IAAAAAAAAAAAAAAQAAAQ.jpg,0,1,227
A_h0UnRoWDbBQAAAAAAAAAAAAAAQAAAQ.jpg,A_8qvqS61s-g4AAAAAAAAAAAAAAQAAAQ.jpg,0,181,332
A_g9LKSo8QMHwAAAAAAAAAAAAAAQAAAQ.jpg,A_ob2HSriDloEAAAAAAAAAAAAAAQAAAQ.jpg,0,173,236
gpZWgwFPRP-Iq02OHwMZPgAAACMAARAD.jpg,A_lPHeQo7aiawAAAAAAAAAAAAAAQAAAQ.jpg,0,52,189
A_RaRvSLwdvtQAAAAAAAAAAAAAAQAAAQ.jpg,do9fiCurQMewDq6x14MTlgAAACMAARAD.jpg,0,173,226
XDjg9OcHR_imQ2hoka747gAAACMAARAD.jpg,A_AKdFRp5BRZYAAAAAAAAAAAAAAQAAAQ.jpg,0,208,162
A_Ieo9SKFx2U0AAAAAAAAAAAAAAQAAAQ.jpg,A_mt3oRoMfsrEAAAAAAAAAAAAAAQAAAQ.jpg,0,82,237
A_SU_3R4a-QnYAAAAAAAAAAAAAAQAAAQ.jpg,A_GKxxTacH56QAAAAAAAAAAAAAAQAAAQ.jpg,0,259,21
A__53oQqKI9vwAAAAAAAAAAAAAAQAAAQ.jpg,A_Ej53QIThr-wAAAAAAAAAAAAAAQAAAQ.jpg,0,340,57
A_CKcESIEZPPsAAAAAAAAAAAAAAQAAAQ.jpg,A_tgVnS7L93MwAAAAAAAAAAAAAAQAAAQ.jpg,0,198,247
A_hqBxRo7pAs4AAAAAAAAAAAAAAQAAAQ.jpg,A__EmvQZaIrk0AAAAAAAAAAAAAAQAAAQ.jpg,0,167,330
A_hAAHRLBv6kUAAAAAAAAAAAAAAQAAAQ.jpg,MfYoqfAzSxyKWkDANp68IQAAACMAARAD.jpg,0,202,132
dE5D0FnIS42ZuBi1OUZO3AAAACMAARAD.jpg,RJaJONp-R9-6Wg29qPh_MQAAACMAARAD.jpg,0,56,348
A_8P78SYHj8vsAAAAAAAAAAAAAAQAAAQ.jpg,A_cKh6QbFC51wAAAAAAAAAAAAAAQAAAQ.jpg,0,312,169
A_ey1NQqwj2xkAAAAAAAAAAAAAAQAAAQ.jpg,A_NpaSRqrF3DwAAAAAAAAAAAAAAQAAAQ.jpg,0,35,196
A_BUqXSoHm6xYAAAAAAAAAAAAAAQAAAQ.jpg,A_fgxxT7gC-zwAAAAAAAAAAAAAAQAAAQ.jpg,0,309,198
A_z_sFRp0sqQIAAAAAAAAAAAAAAQAAAQ.jpg,A_tdauTaw260cAAAAAAAAAAAAAAQAAAQ.jpg,0,168,264
A_uFYOR6hS8Q8AAAAAAAAAAAAAAQAAAQ.jpg,A_AgMeSbS1YrMAAAAAAAAAAAAAAQAAAQ.jpg,0,59,169
A_C4yWR6KggDwAAAAAAAAAAAAAAQAAAQ.jpg,A_WDLkR6ptwJYAAAAAAAAAAAAAAQAAAQ.jpg,0,61,160
A_PXh2Q7BkVC0AAAAAAAAAAAAAAQAAAQ.jpg,A_2wBqTpzmeL3VldlEs7raLQAAAQAAAQ.jpg,0,122,49
A_gnzFTrJMNnQAAAAAAAAAAAAAAQAAAQ.jpg,A_zjktQp-czbsAAAAAAAAAAAAAAQAAAQ.jpg,0,232,118
C5W99xn9Rpmnq-8QffgzswAAACMAARAD.jpg,A_LngHSpFXTD4AAAAAAAAAAAAAAQAAAQ.jpg,0,120,336
A_ysxzSpSaAJ0AAAAAAAAAAAAAAQAAAQ.jpg,A_jXO8TqgUNaEAAAAAAAAAAAAAAQAAAQ.jpg,0,66,3
A_AK9lSaWJ_m0AAAAAAAAAAAAAAQAAAQ.jpg,J1O8TQTwTPSajGqg9HcALwAAACMAARAD.jpg,0,296,192
A_IgaXRJ1OsMYAAAAAAAAAAAAAAQAAAQ.jpg,A_lvCUQay2busAAAAAAAAAAAAAAQAAAQ.jpg,0,305,226
A_XQs-QoHKkXEAAAAAAAAAAAAAAQAAAQ.jpg,A_iGqzSrLtlcMAAAAAAAAAAAAAAQAAAQ.jpg,0,217,261
A_k6J1RpHE-uEAAAAAAAAAAAAAAQAAAQ.jpg,A_a7OnT702SKIAAAAAAAAAAAAAAQAAAQ.jpg,0,131,161
A_6DRKTb5hhmYAAAAAAAAAAAAAAQAAAQ.jpg,A_6xKYQ5BLeRAAAAAAAAAAAAAAAQAAAQ.jpg,0,38,80
1u5RC96DSSGhP-caETvXfQAAACMAARAD.jpg,A_TcbgToJZ2O0AAAAAAAAAAAAAAQAAAQ.jpg,0,177,213
A_dZG9Q4576q8AAAAAAAAAAAAAAQAAAQ.jpg,A_M-KbRYPdAHoAAAAAAAAAAAAAAQAAAQ.jpg,0,183,336
YKrsyS6qRZ-rCTySE0CuoAAAACMAARAD.jpg,A_fXp1S7xHV6YAAAAAAAAAAAAAAQAAAQ.jpg,0,107,106
A_6BoNTIj6Zn8AAAAAAAAAAAAAAQAAAQ.jpg,A_S7r7Srj5r_wAAAAAAAAAAAAAAQAAAQ.jpg,0,126,313
A_EUqYT7AVrh4AAAAAAAAAAAAAAQAAAQ.jpg,A_ARs4S5uu-scAAAAAAAAAAAAAAQAAAQ.jpg,0,154,0
A_7mlCRqiHNywAAAAAAAAAAAAAAQAAAQ.jpg,A_VPDvSqwWeHQAAAAAAAAAAAAAAQAAAQ.jpg,0,215,287
A_1ruyQ7LcAuoAAAAAAAAAAAAAAQAAAQ.jpg,A_QQBWQ5OgNqcAAAAAAAAAAAAAAQAAAQ.jpg,0,347,318
YDkF-IExTl-pKxGA-asCwwAAACMAARAD.jpg,A_kiLeTKqEGUkAAAAAAAAAAAAAAQAAAQ.jpg,0,166,1
A_AxC7T5vfyIoAAAAAAAAAAAAAAQAAAQ.jpg,A_3R5AT4k8aW0AAAAAAAAAAAAAAQAAAQ.jpg,0,85,59
A_kCm8SqJ4xbQAAAAAAAAAAAAAAQAAAQ.jpg,A_dNP4R4O9ASkAAAAAAAAAAAAAAQAAAQ.jpg,0,299,257
A_K0FxT6aY5N8AAAAAAAAAAAAAAQAAAQ.jpg,A_wEzeR4yAYOUAAAAAAAAAAAAAAQAAAQ.jpg,0,301,117
A_zMhHRKUhSuErdB5Pt_ADkgAAAQAAAQ.jpg,A_g3YhTbvJ9A8AAAAAAAAAAAAAAQAAAQ.jpg,0,148,198
A_FbS7RJkTRPMAAAAAAAAAAAAAAQAAAQ.jpg,A_rGSuTZXVuRUGn2pDh9p9vgAAAQAAAQ.jpg,0,99,2
A_BbMtSbuC4rkAAAAAAAAAAAAAAQAAAQ.jpg,A_KW5iQISstkQAAAAAAAAAAAAAAQAAAQ.jpg,0,259,146
A_QQBWQ5OgNqcAAAAAAAAAAAAAAQAAAQ.jpg,HekMXIAUTl2HXeAFu4VTAgAAACMAARAD.jpg,0,318,164
A_8RO8SZ_cRhQAAAAAAAAAAAAAAQAAAQ.jpg,A_C4yWR6KggDwAAAAAAAAAAAAAAQAAAQ.jpg,0,303,61
A_88GIR4a9ssoAAAAAAAAAAAAAAQAAAQ.jpg,A_ZLTNQ5wA3ndGXjRCsAnKcwAAAQAAAQ.jpg,0,266,63
A_PNRuRprSSG4AAAAAAAAAAAAAAQAAAQ.jpg,A__5f3Qa27j5YAAAAAAAAAAAAAAQAAAQ.jpg,0,335,277
A_0MTNRpRpwNIAAAAAAAAAAAAAAQAAAQ.jpg,A_X-X-Tq1BLFsAAAAAAAAAAAAAAQAAAQ.jpg,0,36,42
A_A3vxSa7MGD4AAAAAAAAAAAAAAQAAAQ.jpg,A_lWreSpZxhyAAAAAAAAAAAAAAAQAAAQ.jpg,0,29,15
A_-mntSLpmrZwAAAAAAAAAAAAAAQAAAQ.jpg,A_sEMKS4Zum5UAAAAAAAAAAAAAAQAAAQ.jpg,0,149,273
A_qpwOTZvgL9EAAAAAAAAAAAAAAQAAAQ.jpg,A_o6_aR5P_rB8AAAAAAAAAAAAAAQAAAQ.jpg,0,26,217
crE-yGuKTyaiQLaA4borcAAAACMAARAD.jpg,cOr4Q-vIToudfDTJK_hYsQAAACMAARAD.jpg,0,109,4
A_vsngRpRhfFsAAAAAAAAAAAAAAQAAAQ.jpg,IJnfoTCGRzy_PnKxNA20FAAAACMAARAD.jpg,0,112,306
A_9Hj6Q4nQNhEAAAAAAAAAAAAAAQAAAQ.jpg,A_2W5zQLpISkcAAAAAAAAAAAAAAQAAAQ.jpg,0,299,105
A_EUqYT7AVrh4AAAAAAAAAAAAAAQAAAQ.jpg,A_8SMFQ4ABOP4AAAAAAAAAAAAAAQAAAQ.jpg,0,154,78
A_olotS4XoJFkAAAAAAAAAAAAAAQAAAQ.jpg,A_7boYR4gvvhMAAAAAAAAAAAAAAQAAAQ.jpg,0,124,152
A_Qee6TYh_N0AAAAAAAAAAAAAAAQAAAQ.jpg,A_aA69SpvZhQQAAAAAAAAAAAAAAQAAAQ.jpg,0,303,311
A_I-uhS4pzzngAAAAAAAAAAAAAAQAAAQ.jpg,A_spNeTrbTaesAAAAAAAAAAAAAAQAAAQ.jpg,0,260,114
A_7dSiR56sjZkAAAAAAAAAAAAAAQAAAQ.jpg,A_qWCCR7R42PUAAAAAAAAAAAAAAQAAAQ.jpg,0,313,288
kI8JptLQRmKD74_JZNiHXQAAACMAARAD.jpg,A_CkzESoa57iMAAAAAAAAAAAAAAQAAAQ.jpg,0,129,116
A_hqAJQ6LPFncAAAAAAAAAAAAAAQAAAQ.jpg,A_NDzHTLNzG5MAAAAAAAAAAAAAAQAAAQ.jpg,0,108,235
A_fdNlRZAJ1LIAAAAAAAAAAAAAAQAAAQ.jpg,A_VQ4tRoLu4e4AAAAAAAAAAAAAAQAAAQ.jpg,0,89,292
A_9C0_SY5HMwYAAAAAAAAAAAAAAQAAAQ.jpg,A_a0R0R5IAcOEAAAAAAAAAAAAAAQAAAQ.jpg,0,81,167
A_2zQ8SKw0HmwAAAAAAAAAAAAAAQAAAQ.jpg,A_xTY-S4O2kyYAAAAAAAAAAAAAAQAAAQ.jpg,0,119,333
ydJW6409RSKvBzpK1xzS0QAAACMAARAD.jpg,A_Hu1zSa0hFccAAAAAAAAAAAAAAQAAAQ.jpg,0,27,187
A_1iq-SaD4TSYAAAAAAAAAAAAAAQAAAQ.jpg,A_to61RICU3tgAAAAAAAAAAAAAAQAAAQ.jpg,0,300,139
NHtoXmJsQbC2oYEEvNh-agAAACMAARAD.jpg,A__NR8QZ1qcjQAAAAAAAAAAAAAAQAAAQ.jpg,0,6,97
A_rZCET7Bcu5YAAAAAAAAAAAAAAQAAAQ.jpg,A_LKyVRYb174gAAAAAAAAAAAAAAQAAAQ.jpg,0,143,203
A_00INR7szioMAAAAAAAAAAAAAAQAAAQ.jpg,A_xkbbR6DqPbwAAAAAAAAAAAAAAQAAAQ.jpg,0,89,288
A_iJVwTais0UgAAAAAAAAAAAAAAQAAAQ.jpg,A_9jzqQrTHgCQAAAAAAAAAAAAAAQAAAQ.jpg,0,131,126
A_UHH0So61ecgAAAAAAAAAAAAAAQAAAQ.jpg,A_KlKMQ7YwUQUAAAAAAAAAAAAAAQAAAQ.jpg,0,275,269
A_XJPfQZIMlRoAAAAAAAAAAAAAAQAAAQ.jpg,A_tXSZTIQiK3YAAAAAAAAAAAAAAQAAAQ.jpg,0,320,151
A_spNeTrbTaesAAAAAAAAAAAAAAQAAAQ.jpg,omt8M0kmRMSuRUW91x_fLgAAACMAARAD.jpg,0,114,177
A_s1uuSboGX58AAAAAAAAAAAAAAQAAAQ.jpg,A_-ZsZRYceA08AAAAAAAAAAAAAAQAAAQ.jpg,0,171,96
A_KRnoQ5ccGD4AAAAAAAAAAAAAAQAAAQ.jpg,A_rXoUTpGp2akAAAAAAAAAAAAAAQAAAQ.jpg,0,235,249
A_lPjNSaZ7r9wAAAAAAAAAAAAAAQAAAQ.jpg,A_GKxxTacH56QAAAAAAAAAAAAAAQAAAQ.jpg,0,333,21
A_stmPT54njmIAAAAAAAAAAAAAAQAAAQ.jpg,A_SBeaQLvJMpwAAAAAAAAAAAAAAQAAAQ.jpg,0,147,225
A_CXUcR6GYNjkAAAAAAAAAAAAAAQAAAQ.jpg,A_m-aWTY3Ot-AAAAAAAAAAAAAAAQAAAQ.jpg,0,280,26
A_AQhlTojyuDEAAAAAAAAAAAAAAQAAAQ.jpg,A_KQwhSbAW-YwAAAAAAAAAAAAAAQAAAQ.jpg,0,231,195
dGG2aRuKRkqEOETt9YkP4gAAACMAARAD.jpg,A_Aw59RY7js60AAAAAAAAAAAAAAQAAAQ.jpg,0,282,5
A_GJH7T7H_iloAAAAAAAAAAAAAAQAAAQ.jpg,A_NDzHTLNzG5MAAAAAAAAAAAAAAQAAAQ.jpg,0,252,235
Gy5X3mM5RdSB0CqW4GSoGwAAACMAARAD.jpg,A_iGqzSrLtlcMAAAAAAAAAAAAAAQAAAQ.jpg,0,291,261
A_6xTOT6mkZzUAAAAAAAAAAAAAAQAAAQ.jpg,A_spNeTrbTaesAAAAAAAAAAAAAAQAAAQ.jpg,0,7,114
A_D9o9T7zICSYAAAAAAAAAAAAAAQAAAQ.jpg,A_mFe3QKV54XcAAAAAAAAAAAAAAQAAAQ.jpg,0,113,185
A_cwDhQLizVhEAAAAAAAAAAAAAAQAAAQ.jpg,A_XfLkRYLFXGAAAAAAAAAAAAAAAQAAAQ.jpg,0,159,78
A_IOFuS4ljD_MAAAAAAAAAAAAAAQAAAQ.jpg,A_7HodQI2rtSUAAAAAAAAAAAAAAQAAAQ.jpg,0,57,24
A_IfS8TqroUEgAAAAAAAAAAAAAAQAAAQ.jpg,A_6KB1R5-AhUgAAAAAAAAAAAAAAQAAAQ.jpg,0,131,36
A_0xRaQ4mC4A0AAAAAAAAAAAAAAQAAAQ.jpg,A_ytKZR43YYx0AAAAAAAAAAAAAAQAAAQ.jpg,0,332,330
A_z3KSSqDlw1QAAAAAAAAAAAAAAQAAAQ.jpg,A_cWO0Sb2sA9gAAAAAAAAAAAAAAQAAAQ.jpg,0,263,200
A_KhFwTKJ4XWwAAAAAAAAAAAAAAQAAAQ.jpg,A_EL3MTLdLMz8AAAAAAAAAAAAAAQAAAQ.jpg,0,338,343
T9sfxIkpSdiBNdMd91kAeAAAACMAARAD.jpg,A_y6yGT6qZ-m4AAAAAAAAAAAAAAQAAAQ.jpg,0,321,103
A_lv0eRrxAXNwAAAAAAAAAAAAAAQAAAQ.jpg,A_KG1fRooRKKoAAAAAAAAAAAAAAQAAAQ.jpg,0,193,286
A_f8MgS5sAGg0AAAAAAAAAAAAAAQAAAQ.jpg,A_41GqSJs5RO4AAAAAAAAAAAAAAQAAAQ.jpg,0,93,265
A_-6tiTb6_VSoAAAAAAAAAAAAAAQAAAQ.jpg,A_m8smT6igYF8AAAAAAAAAAAAAAQAAAQ.jpg,0,34,12
A_TlQXRagTGKcAAAAAAAAAAAAAAQAAAQ.jpg,qOv8xeZkRVeDHmMZ8t0QaAAAACMAARAD.jpg,0,172,219
A_J-7MTKEefysAAAAAAAAAAAAAAQAAAQ.jpg,A_xx0YQr5BNq8AAAAAAAAAAAAAAQAAAQ.jpg,0,44,147
A_6wWbR7D5KboAAAAAAAAAAAAAAQAAAQ.jpg,A_jZ1QQ773-Q8AAAAAAAAAAAAAAQAAAQ.jpg,0,61,98
A_fdNlRZAJ1LIAAAAAAAAAAAAAAQAAAQ.jpg,A_b-wTSqGrNAEAAAAAAAAAAAAAAQAAAQ.jpg,0,89,149
A_IdUASo3kSSUAAAAAAAAAAAAAAQAAAQ.jpg,A_1328TKphdQgAAAAAAAAAAAAAAQAAAQ.jpg,0,248,30
A_gBKETKn8DvwAAAAAAAAAAAAAAQAAAQ.jpg,A_3JWtT62FzhAAAAAAAAAAAAAAAQAAAQ.jpg,0,182,290
A_tXSZTIQiK3YAAAAAAAAAAAAAAQAAAQ.jpg,A_xgEcQJU0HaoAAAAAAAAAAAAAAQAAAQ.jpg,0,151,273
A_cU0aRI8xDi0AAAAAAAAAAAAAAQAAAQ.jpg,A_zxwhSKLMsogAAAAAAAAAAAAAAQAAAQ.jpg,0,156,147
A_iAk4T7b-HD4AAAAAAAAAAAAAAQAAAQ.jpg,LNlPtwVGSl-ipHGlshPDWAAAACMAARAD.jpg,0,337,134
A_rsioTJ5AOrcAAAAAAAAAAAAAAQAAAQ.jpg,A_Y1ryTIb8npX6SU9Br3TwMgAAAQAAAQ.jpg,0,9,221
A_h4c5Sad3a7IAAAAAAAAAAAAAAQAAAQ.jpg,A_gBKETKn8DvwAAAAAAAAAAAAAAQAAAQ.jpg,0,40,182
A_JzxkRq5CL7UAAAAAAAAAAAAAAQAAAQ.jpg,A_gpwRSb16XloAAAAAAAAAAAAAAQAAAQ.jpg,0,216,241
A_WgcxSLmAZ9YAAAAAAAAAAAAAAQAAAQ.jpg,A_wcRmTIDKqJAAAAAAAAAAAAAAAQAAAQ.jpg,0,15,240
A_VW4rTbmlHh8AAAAAAAAAAAAAAQAAAQ.jpg,A_vXcfRYxmGwMAAAAAAAAAAAAAAQAAAQ.jpg,0,336,85
A_g55DSKHkNDkAAAAAAAAAAAAAAQAAAQ.jpg,A_eCGwQpnlatEAAAAAAAAAAAAAAQAAAQ.jpg,0,137,80
A_8SMFQ4ABOP4AAAAAAAAAAAAAAQAAAQ.jpg,A_wOfbQoNWSAQAAAAAAAAAAAAAAQAAAQ.jpg,0,78,2
A_6aJ8Sa2FS-YAAAAAAAAAAAAAAQAAAQ.jpg,A_GMLtS7vMkDMAAAAAAAAAAAAAAQAAAQ.jpg,0,317,241
A_vjMsQZpQaTkAAAAAAAAAAAAAAQAAAQ.jpg,5-dDbF_HS_O0O2_34lIV9AAAACMAARAD.jpg,0,133,186
A_rZL0S6dvFYvlzupIll1R-AAAAQAAAQ.jpg,igBDl6ziSdODf-fpbtEL1wAAACMAARAD.jpg,0,175,306
gioGl7mwSCab39gMX8ARnAAAACMAARAD.jpg,A_hsJDSo4xcbkAAAAAAAAAAAAAAQAAAQ.jpg,0,177,3
A_ZkMGSr_0kyQAAAAAAAAAAAAAAQAAAQ.jpg,XX6adT1pTv6LJ-Njrj_c1wAAACMAARAD.jpg,0,138,219
2G8MIAaDRluIS-ucQOWdigAAACMAARAD.jpg,A_kQDWQJm3qKQAAAAAAAAAAAAAAQAAAQ.jpg,0,54,32
A_GBRjRJz7PoIAAAAAAAAAAAAAAQAAAQ.jpg,A_DLk9QaFF3W0AAAAAAAAAAAAAAQAAAQ.jpg,0,324,328
A_AxC7T5vfyIoAAAAAAAAAAAAAAQAAAQ.jpg,A_bJUVQLWonskAAAAAAAAAAAAAAQAAAQ.jpg,0,85,344
A_b-wTSqGrNAEAAAAAAAAAAAAAAQAAAQ.jpg,A_SBeaQLvJMpwAAAAAAAAAAAAAAQAAAQ.jpg,0,149,225
A_jlGaToiTR1cAAAAAAAAAAAAAAQAAAQ.jpg,FjU3DCiVRJi-p0oNR-tAGgAAACMAARAD.jpg,0,298,27
A_rZL0S6dvFYvlzupIll1R-AAAAQAAAQ.jpg,A__FI5Q5Jfi3EAAAAAAAAAAAAAAQAAAQ.jpg,0,175,29
A_kiLeTKqEGUkAAAAAAAAAAAAAAQAAAQ.jpg,A_aEr8SogcnnIAAAAAAAAAAAAAAQAAAQ.jpg,0,1,311
A_StpkT6djYVMAAAAAAAAAAAAAAQAAAQ.jpg,A_y6yGT6qZ-m4AAAAAAAAAAAAAAQAAAQ.jpg,0,213,103
A_tdauTaw260cAAAAAAAAAAAAAAQAAAQ.jpg,A_FEs-Ro6DnjoAAAAAAAAAAAAAAQAAAQ.jpg,0,264,267
7B--srC_TKKKH1ccdVhHJQAAACMAARAD.jpg,A_KG1fRooRKKoAAAAAAAAAAAAAAQAAAQ.jpg,0,6,286
A_JDCBRYXWhPEAAAAAAAAAAAAAAQAAAQ.jpg,A_cFBbQb-i068AAAAAAAAAAAAAAQAAAQ.jpg,0,320,16
A_Z9O5TZhkv2IAAAAAAAAAAAAAAQAAAQ.jpg,A_9jzqQrTHgCQAAAAAAAAAAAAAAQAAAQ.jpg,0,227,126
sXCLxmKsRfaVAGlXbY1y3wAAACMAARAD.jpg,A_Yl1ZSL-Lto8AAAAAAAAAAAAAAQAAAQ.jpg,0,306,241
A_gyLzR4cxZpIAAAAAAAAAAAAAAQAAAQ.jpg,A_0RBhTJcWtikAAAAAAAAAAAAAAQAAAQ.jpg,0,274,270
A_aDKBQ7mM76cAAAAAAAAAAAAAAQAAAQ.jpg,A_T5AVSb-PcwMAAAAAAAAAAAAAAQAAAQ.jpg,0,256,98
A_0tvJRLe5_mUAAAAAAAAAAAAAAQAAAQ.jpg,A_JFf0QpMDxLUAAAAAAAAAAAAAAQAAAQ.jpg,0,86,178
A_Z4zcS4aqMeIAAAAAAAAAAAAAAQAAAQ.jpg,A_N13KR4j5Yt8AAAAAAAAAAAAAAQAAAQ.jpg,0,253,228
A_uUKRRIhcetkAAAAAAAAAAAAAAQAAAQ.jpg,A_GPn_QKLHezwAAAAAAAAAAAAAAQAAAQ.jpg,0,262,116
A_r5lyTqEh9NQAAAAAAAAAAAAAAQAAAQ.jpg,zQs0kBsAS2mS20h_2hp37AAAACMAARAD.jpg,0,170,316
A__iSlQZS0IuEAAAAAAAAAAAAAAQAAAQ.jpg,A_6DRKTb5hhmYAAAAAAAAAAAAAAQAAAQ.jpg,0,197,38
gssR255rQKW-hXQD0Y7E_AAAACMAARAD.jpg,A_eqkkQptcgkUAAAAAAAAAAAAAAQAAAQ.jpg,0,120,94
A_jB9eRYoChjwAAAAAAAAAAAAAAQAAAQ.jpg,A_qbU3SpMKod4AAAAAAAAAAAAAAQAAAQ.jpg,0,175,240
A_rmRYSoi_81sAAAAAAAAAAAAAAQAAAQ.jpg,A_SDD3Q6kABacAAAAAAAAAAAAAAQAAAQ.jpg,0,218,247
NHtoXmJsQbC2oYEEvNh-agAAACMAARAD.jpg,A_oLSJS49B_k4AAAAAAAAAAAAAAQAAAQ.jpg,0,6,317
A_OssPT5JNclsAAAAAAAAAAAAAAQAAAQ.jpg,A_Uw6pRLOcnFcAAAAAAAAAAAAAAQAAAQ.jpg,0,269,242
A_IdUASo3kSSUAAAAAAAAAAAAAAQAAAQ.jpg,A_ToioR6w5lKgAAAAAAAAAAAAAAQAAAQ.jpg,0,248,283
XX6adT1pTv6LJ-Njrj_c1wAAACMAARAD.jpg,A_OVixS5gitWkAAAAAAAAAAAAAAQAAAQ.jpg,0,219,118
A_jHKHTLW4rOcAAAAAAAAAAAAAAQAAAQ.jpg,A_TdNTTqxkNsEAAAAAAAAAAAAAAQAAAQ.jpg,0,267,339
A_8TLTSrYPUTUAAAAAAAAAAAAAAQAAAQ.jpg,A_fXp1S7xHV6YAAAAAAAAAAAAAAQAAAQ.jpg,0,328,106
T9sfxIkpSdiBNdMd91kAeAAAACMAARAD.jpg,A_ESFIRqtAdmEAAAAAAAAAAAAAAQAAAQ.jpg,0,321,106
A_fbzVQ5muvQIAAAAAAAAAAAAAAQAAAQ.jpg,tJDuEYiaTTSKF7b-QNnRbgAAACMAARAD.jpg,0,77,107
A_zjM2TKZ3uLYAAAAAAAAAAAAAAQAAAQ.jpg,A_CSAAQqCz9coAAAAAAAAAAAAAAQAAAQ.jpg,0,97,117
A_wPnAQIK6lFQAAAAAAAAAAAAAAQAAAQ.jpg,A_57b6Sb8-FAYAAAAAAAAAAAAAAQAAAQ.jpg,0,84,300
gssR255rQKW-hXQD0Y7E_AAAACMAARAD.jpg,A_D9o9T7zICSYbaeZMlwxEKQAAAQAAAQ.jpg,0,120,113
A_gZaiTKWdZY4AAAAAAAAAAAAAAQAAAQ.jpg,A_K0ldRalVubcAAAAAAAAAAAAAAQAAAQ.jpg,0,290,24
A_hsJDSo4xcbkAAAAAAAAAAAAAAQAAAQ.jpg,A_VSe4QrbJjMcAAAAAAAAAAAAAAQAAAQ.jpg,0,3,0
A_ZX7pT4uWMgsAAAAAAAAAAAAAAQAAAQ.jpg,A_gh7QT5Mx8uUAAAAAAAAAAAAAAQAAAQ.jpg,0,268,41
A_FbS7RJkTRPMAAAAAAAAAAAAAAQAAAQ.jpg,A_vcbAQrSa0GIAAAAAAAAAAAAAAQAAAQ.jpg,0,99,222
A_zj1HS5Be7c4AAAAAAAAAAAAAAQAAAQ.jpg,A_-fGnSJLpn7kAAAAAAAAAAAAAAQAAAQ.jpg,0,197,273
A_rdK1TpMuf28AAAAAAAAAAAAAAQAAAQ.jpg,A_O8KZRLhoNGMAAAAAAAAAAAAAAQAAAQ.jpg,0,283,105
A_GBRjRJz7PoIAAAAAAAAAAAAAAQAAAQ.jpg,A_4mW0Q5rIZpgAAAAAAAAAAAAAAQAAAQ.jpg,0,324,162
A_IMTVR4woMBkAAAAAAAAAAAAAAQAAAQ.jpg,A_hPGSRoU0C8kAAAAAAAAAAAAAAQAAAQ.jpg,0,60,308
A_cexvRK__-1MAAAAAAAAAAAAAAQAAAQ.jpg,A_FgqDQY4q28cAAAAAAAAAAAAAAQAAAQ.jpg,0,204,104
A_RU49RpH8I6MAAAAAAAAAAAAAAQAAAQ.jpg,A_MwufRZG5iJ8AAAAAAAAAAAAAAQAAAQ.jpg,0,270,236
A_nwlKT4igLyQAAAAAAAAAAAAAAQAAAQ.jpg,A_2n3hQr-JmJQAAAAAAAAAAAAAAQAAAQ.jpg,0,37,16
A_xNCNSreklsIAAAAAAAAAAAAAAQAAAQ.jpg,A_jZ1QQ773-Q8AAAAAAAAAAAAAAQAAAQ.jpg,0,1,98
A_ePq8Ras0owIAAAAAAAAAAAAAAQAAAQ.jpg,A__MyoS6tXD44AAAAAAAAAAAAAAQAAAQ.jpg,0,320,86
T9sfxIkpSdiBNdMd91kAeAAAACMAARAD.jpg,A_Li70RYXYOToAAAAAAAAAAAAAAQAAAQ.jpg,0,321,171
A_biEZSZF2Fp0AAAAAAAAAAAAAAQAAAQ.jpg,A_WBiBQpmmEtAAAAAAAAAAAAAAAQAAAQ.jpg,0,115,50
A_qltmS7ZNsLUAAAAAAAAAAAAAAQAAAQ.jpg,A_AuorQ4yCMh0AAAAAAAAAAAAAAQAAAQ.jpg,0,91,161
A_stmPT54njmIAAAAAAAAAAAAAAQAAAQ.jpg,A_QZE9RZrlk7wAAAAAAAAAAAAAAQAAAQ.jpg,0,147,223
A_TcbgToJZ2O0AAAAAAAAAAAAAAQAAAQ.jpg,A_Kgq_SLzseBQAAAAAAAAAAAAAAQAAAQ.jpg,0,213,295
wlvKhmPsRnuzCvy0hg9dSQAAACMAARAD.jpg,qHnFLmDMQMiYxAn70xvcRwAAACMAARAD.jpg,0,282,208
A_b-8qRr28s_QAAAAAAAAAAAAAAQAAAQ.jpg,A_hPGSRoU0C8kAAAAAAAAAAAAAAQAAAQ.jpg,0,130,308
A_O-HYQbAzM04AAAAAAAAAAAAAAQAAAQ.jpg,A_6aJ8Sa2FS-YAAAAAAAAAAAAAAQAAAQ.jpg,0,61,317
A_TfvQTrtOPDQAAAAAAAAAAAAAAQAAAQ.jpg,A_Zt9yT7lqoQMAAAAAAAAAAAAAAQAAAQ.jpg,0,243,47
A_0-ELRoJDoOAAAAAAAAAAAAAAAQAAAQ.jpg,A_FyXHS6lwH00AAAAAAAAAAAAAAQAAAQ.jpg,0,160,142
J1CtsgliQ_Wz7dWKjUh9SwAAACMAARAD.jpg,A_9FlLRZb9wXUAAAAAAAAAAAAAAQAAAQ.jpg,0,307,49
A_CJEPQZwY7_LC6f1Fh61-vQAAAQAAAQ.jpg,A_UIM0T5DUSJMAAAAAAAAAAAAAAQAAAQ.jpg,0,191,24
A_oZO5TK174JsAAAAAAAAAAAAAAQAAAQ.jpg,A_NLtxRaP1d6wAAAAAAAAAAAAAAQAAAQ.jpg,0,184,106
A_Ver0Ro7tFCYAAAAAAAAAAAAAAQAAAQ.jpg,A_qpwOTZvgL9EAAAAAAAAAAAAAAQAAAQ.jpg,0,222,26
M00cOfTlQD-7SbSDoVEZiwAAACMAARAD.jpg,A_rsioTJ5AOrcAAAAAAAAAAAAAAQAAAQ.jpg,0,323,9
A_2PylSJ1j8RIAAAAAAAAAAAAAAQAAAQ.jpg,MfYoqfAzSxyKWkDANp68IQAAACMAARAD.jpg,0,191,132
A_LaJXSLgvcWABL0VDvY1hqgAAAQAAAQ.jpg,A_QQwbSY54pOsAAAAAAAAAAAAAAQAAAQ.jpg,0,185,48
A_B17tQL9G7GAAAAAAAAAAAAAAAQAAAQ.jpg,A_a0R0R5IAcOEAAAAAAAAAAAAAAQAAAQ.jpg,0,331,167
A_ZT5FQpIeXlQAAAAAAAAAAAAAAQAAAQ.jpg,jljP-9JORDyajV3g_xwG_wAAACMAARAD.jpg,0,290,129
A_5zh3RYWgmsoAAAAAAAAAAAAAAQAAAQ.jpg,A_dxCNSp4IGbAAAAAAAAAAAAAAAQAAAQ.jpg,0,76,172
A_96HDTpXfEp0AAAAAAAAAAAAAAQAAAQ.jpg,A_KQwhSbAW-YwAAAAAAAAAAAAAAQAAAQ.jpg,0,38,195
A_bjTUS6o38jQAAAAAAAAAAAAAAQAAAQ.jpg,A_f0N3RpGHGX4AAAAAAAAAAAAAAQAAAQ.jpg,0,103,73
A_hwdWQq75_mQAAAAAAAAAAAAAAQAAAQ.jpg,A_pNAcQKJ6yH4AAAAAAAAAAAAAAQAAAQ.jpg,0,7,344
A_W2IxTrShf0MAAAAAAAAAAAAAAQAAAQ.jpg,A_57b6Sb8-FAYAAAAAAAAAAAAAAQAAAQ.jpg,0,334,300
A_B17tQL9G7GBxlR5AvcHBegAAAQAAAQ.jpg,A_LWb7SL9pX8IAAAAAAAAAAAAAAQAAAQ.jpg,0,331,98
A_KQxIT7wL_kgAAAAAAAAAAAAAAQAAAQ.jpg,A_SnWNTb004p4AAAAAAAAAAAAAAQAAAQ.jpg,0,18,195
A_cy6BT7zBon8AAAAAAAAAAAAAAQAAAQ.jpg,A_z0kCQr_tfJQAAAAAAAAAAAAAAQAAAQ.jpg,0,145,23
A_WB6uRqwOQD8AAAAAAAAAAAAAAQAAAQ.jpg,A_ItmHSrXG59IAAAAAAAAAAAAAAQAAAQ.jpg,0,245,179
A_fiAjSYGYmikAAAAAAAAAAAAAAQAAAQ.jpg,A__z-iTZs2YvEAAAAAAAAAAAAAAQAAAQ.jpg,0,110,14
A_DLk9QaFF3W0AAAAAAAAAAAAAAQAAAQ.jpg,A_048mQIy0UMoAAAAAAAAAAAAAAQAAAQ.jpg,0,328,223
A_N0opT5roVPAAAAAAAAAAAAAAAQAAAQ.jpg,A_R094QKfEc7UAAAAAAAAAAAAAAQAAAQ.jpg,0,242,272
A__iVyQa-Ul-kAAAAAAAAAAAAAAQAAAQ.jpg,A_WBiBQpmmEtAAAAAAAAAAAAAAAQAAAQ.jpg,0,249,50
A_CgA9TI6N9eIAAAAAAAAAAAAAAQAAAQ.jpg,A_ZovJRIoln2wAAAAAAAAAAAAAAQAAAQ.jpg,0,227,47
A_ey1NQqwj2xkAAAAAAAAAAAAAAQAAAQ.jpg,A_7PWcRpT6-noAAAAAAAAAAAAAAQAAAQ.jpg,0,35,145
A_I5KDRLmGgB8AAAAAAAAAAAAAAQAAAQ.jpg,A_wrCkQIW0mVgAAAAAAAAAAAAAAQAAAQ.jpg,0,296,86
A_jdqPRo2GPt0AAAAAAAAAAAAAAQAAAQ.jpg,A_YaJOSrbcB5YAAAAAAAAAAAAAAQAAAQ.jpg,0,115,181
A_D_SeQ4c--GwAAAAAAAAAAAAAAQAAAQ.jpg,A_7YkuQ4_prsMAAAAAAAAAAAAAAQAAAQ.jpg,0,309,117
A_EhJNRrpu2Z0AAAAAAAAAAAAAAQAAAQ.jpg,A_OVixS5gitWkAAAAAAAAAAAAAAQAAAQ.jpg,0,233,118
A__z-iTZs2YvEAAAAAAAAAAAAAAQAAAQ.jpg,A_C4yWR6KggDwAAAAAAAAAAAAAAQAAAQ.jpg,0,14,61
A_0RXtQrcbVQMAAAAAAAAAAAAAAQAAAQ.jpg,A_ysxzSpSaAJ0AAAAAAAAAAAAAAQAAAQ.jpg,0,223,66
A_FZxTQJDVbkYAAAAAAAAAAAAAAQAAAQ.jpg,A_1cY0SJWiw2gAAAAAAAAAAAAAAQAAAQ.jpg,0,289,249
A_O8KZRLhoNGMAAAAAAAAAAAAAAQAAAQ.jpg,A_21V8SYT5XQkAAAAAAAAAAAAAAQAAAQ.jpg,0,105,220
A_6wWbR7D5KboAAAAAAAAAAAAAAQAAAQ.jpg,A_KNPtSqaKcSkAAAAAAAAAAAAAAQAAAQ.jpg,0,61,18
A_LRDNQb_6khoAAAAAAAAAAAAAAQAAAQ.jpg,A_RaRvSLwdvtQAAAAAAAAAAAAAAQAAAQ.jpg,0,342,173
A_nZIFTqwyAG0AAAAAAAAAAAAAAQAAAQ.jpg,A_B17tQL9G7GBxlR5AvcHBegAAAQAAAQ.jpg,0,341,331
A_CFppRq-ikRoAAAAAAAAAAAAAAQAAAQ.jpg,C5W99xn9Rpmnq-8QffgzswAAACMAARAD.jpg,0,227,120
A_zxwhSKLMsogAAAAAAAAAAAAAAQAAAQ.jpg,A_rMDcQZ59WB8AAAAAAAAAAAAAAQAAAQ.jpg,0,147,97
A_LlQfQ5eZYSAAAAAAAAAAAAAAAQAAAQ.jpg,A__NR8QZ1qcjQAAAAAAAAAAAAAAQAAAQ.jpg,0,94,97
A__53oQqKI9vwAAAAAAAAAAAAAAQAAAQ.jpg,A_S7r7Srj5r_wAAAAAAAAAAAAAAQAAAQ.jpg,0,340,313
A_q3NGSb8R88wAAAAAAAAAAAAAAQAAAQ.jpg,A_N0opT5roVPAAAAAAAAAAAAAAAQAAAQ.jpg,0,253,242
p_poUnC6T06GTFnucmRJSwAAACMAARAD.jpg,A_PM4uTLm28AgAAAAAAAAAAAAAAQAAAQ.jpg,0,307,304
A_FgqDQY4q28cAAAAAAAAAAAAAAQAAAQ.jpg,A_yrFZSaXtfAEAAAAAAAAAAAAAAQAAAQ.jpg,0,104,162
A_fdNlRZAJ1LIAAAAAAAAAAAAAAQAAAQ.jpg,A_9Hj6Q4nQNhEAAAAAAAAAAAAAAQAAAQ.jpg,0,89,299
A_hiF9SJL03uIAAAAAAAAAAAAAAQAAAQ.jpg,A_qo9KQ6YZpa0AAAAAAAAAAAAAAQAAAQ.jpg,0,214,11
A_33L3RYDwFfYAAAAAAAAAAAAAAQAAAQ.jpg,A_ErnBQ6DQzEoAAAAAAAAAAAAAAQAAAQ.jpg,0,335,9
A_CkzZSIBF3KYAAAAAAAAAAAAAAQAAAQ.jpg,A_fhlXTKaMzqIAAAAAAAAAAAAAAQAAAQ.jpg,0,299,342
A_iGqzSrLtlcMAAAAAAAAAAAAAAQAAAQ.jpg,A_Va1UTrmeizMAAAAAAAAAAAAAAQAAAQ.jpg,0,261,17
A_wNo8Squ-ZpAAAAAAAAAAAAAAAQAAAQ.jpg,A_KNPtSqaKcSkAAAAAAAAAAAAAAQAAAQ.jpg,0,8,18
A_JFQFRqCRuouu-ldCkHSAIAAAAQAAAQ.jpg,A_IeYBSaupD3QAAAAAAAAAAAAAAQAAAQ.jpg,0,68,75
A_2oJSS7TmnnsAAAAAAAAAAAAAAQAAAQ.jpg,A_SBeaQLvJMpwAAAAAAAAAAAAAAQAAAQ.jpg,0,329,225
A_CAlCTIVL_TQAAAAAAAAAAAAAAQAAAQ.jpg,A_aEr8SogcnnIAAAAAAAAAAAAAAQAAAQ.jpg,0,295,311
qyqNN_HDShqToEUCAcDKYQAAACMAARAD.jpg,A_9rUXTan94pAAAAAAAAAAAAAAAQAAAQ.jpg,0,291,32
A_Hp9BSaTeieAAAAAAAAAAAAAAAQAAAQ.jpg,A_N1bgTpTlLkIAAAAAAAAAAAAAAQAAAQ.jpg,0,29,285
A_xTY-S4O2kyYAAAAAAAAAAAAAAQAAAQ.jpg,A_00INR7szioMAAAAAAAAAAAAAAQAAAQ.jpg,0,333,89
A_TfvQTrtOPDQAAAAAAAAAAAAAAQAAAQ.jpg,A_Vb0FSquZ6YkAAAAAAAAAAAAAAQAAAQ.jpg,0,243,237
A_-iZQTKAWibIAAAAAAAAAAAAAAQAAAQ.jpg,A_fhlXTKaMzqIAAAAAAAAAAAAAAQAAAQ.jpg,0,230,342
A_UE-JSb_9FMYAAAAAAAAAAAAAAQAAAQ.jpg,A_WFX-R60X0GE0GDJMjg5KkAAAAQAAAQ.jpg,0,144,62
A_G_d-SZ5LZZsAAAAAAAAAAAAAAQAAAQ.jpg,A_jwl4QaUztl0AAAAAAAAAAAAAAQAAAQ.jpg,0,143,187
A_WB6uRqwOQD8AAAAAAAAAAAAAAQAAAQ.jpg,A_JO5ZSKO_S7YAAAAAAAAAAAAAAQAAAQ.jpg,0,245,269
A_wlP4RZZzpEgAAAAAAAAAAAAAAQAAAQ.jpg,A_WB6uRqwOQD8AAAAAAAAAAAAAAQAAAQ.jpg,0,3,245
A_KkNnR5qXorcAAAAAAAAAAAAAAQAAAQ.jpg,A__FI5Q5Jfi3EAAAAAAAAAAAAAAQAAAQ.jpg,0,313,29
A_6XZZT6vaEZ4AAAAAAAAAAAAAAQAAAQ.jpg,A_t7pjSY5KeJwAAAAAAAAAAAAAAQAAAQ.jpg,0,294,324
A_zMhHRKUhSuErdB5Pt_ADkgAAAQAAAQ.jpg,A_7uWzQaplAc4AAAAAAAAAAAAAAQAAAQ.jpg,0,148,260
A_xNCNSreklsIAAAAAAAAAAAAAAQAAAQ.jpg,A_ZBuhRJ_erngAAAAAAAAAAAAAAQAAAQ.jpg,0,1,34
A_82YISZVTz64AAAAAAAAAAAAAAQAAAQ.jpg,A_CFppRq-ikRoAAAAAAAAAAAAAAQAAAQ.jpg,0,298,227
A_bv-GT6sWBVEAAAAAAAAAAAAAAQAAAQ.jpg,A_HeLsQKQMu50AAAAAAAAAAAAAAQAAAQ.jpg,0,254,43
uwbM_KZaT4WXCQZJ66Ib_QAAACMAARAD.jpg,A_gyLzR4cxZpIAAAAAAAAAAAAAAQAAAQ.jpg,0,192,274
A_OStdQqQjUL8AAAAAAAAAAAAAAQAAAQ.jpg,A_QYfVToXTeu0AAAAAAAAAAAAAAQAAAQ.jpg,0,210,229
A_UGJ9TY8666oAAAAAAAAAAAAAAQAAAQ.jpg,A_8MxtS7nrx5oAAAAAAAAAAAAAAQAAAQ.jpg,0,325,53
1u5RC96DSSGhP-caETvXfQAAACMAARAD.jpg,A_3hHGTIRrcnwAAAAAAAAAAAAAAQAAAQ.jpg,0,177,9
A_DpAcQ6ZefVMAAAAAAAAAAAAAAQAAAQ.jpg,A_Uga7SbOpyY0AAAAAAAAAAAAAAQAAAQ.jpg,0,246,69
A_hV6oRqWGM8sAAAAAAAAAAAAAAQAAAQ.jpg,A_M2dJTrQsL7gAAAAAAAAAAAAAAQAAAQ.jpg,0,329,167
A__OQTR7tlKikAAAAAAAAAAAAAAQAAAQ.jpg,A_9T8iRZsNnOoAAAAAAAAAAAAAAQAAAQ.jpg,0,215,91
A_kQDWQJm3qKQAAAAAAAAAAAAAAQAAAQ.jpg,VhTnM3vfTZ-8xD9trXiLSAAAACMAARAD.jpg,0,32,71
A_UM9FRqczn4sAAAAAAAAAAAAAAQAAAQ.jpg,A_sUiCS7uVW54AAAAAAAAAAAAAAQAAAQ.jpg,0,42,227
A_6bWnTrslKhwAAAAAAAAAAAAAAQAAAQ.jpg,A_OtoGQIQE13QAAAAAAAAAAAAAAQAAAQ.jpg,0,158,10
A_qDygQaMbmCsAAAAAAAAAAAAAAQAAAQ.jpg,A_qA51SrJMwRIAAAAAAAAAAAAAAQAAAQ.jpg,0,119,222
RZ0pi9gnRguCbwW_2IFLegAAACMAARAD.jpg,A_qQf9R5n-NaZuA4BJgsZMVwAAAQAAAQ.jpg,0,315,10
A_5P07RJ-PIlkAAAAAAAAAAAAAAQAAAQ.jpg,A_N1bgTpTlLkIAAAAAAAAAAAAAAQAAAQ.jpg,0,76,285
A_s-BYTbC6hKgAAAAAAAAAAAAAAQAAAQ.jpg,A_Rc01QbuRw5YAAAAAAAAAAAAAAQAAAQ.jpg,0,162,136
A_qDygQaMbmCsAAAAAAAAAAAAAAQAAAQ.jpg,A_ZT5FQpIeXlQAAAAAAAAAAAAAAQAAAQ.jpg,0,119,290
A_1cY0SJWiw2gAAAAAAAAAAAAAAQAAAQ.jpg,A_h-8AQKUCJ6wAAAAAAAAAAAAAAQAAAQ.jpg,0,249,257
A_iPsbSr7C5DcAAAAAAAAAAAAAAQAAAQ.jpg,A_b4GpSbjTmGoAAAAAAAAAAAAAAQAAAQ.jpg,0,254,337
A_PXxiSIQQDWkAAAAAAAAAAAAAAQAAAQ.jpg,qyqNN_HDShqToEUCAcDKYQAAACMAARAD.jpg,0,4,291
A_Y4XwSLpSghkAAAAAAAAAAAAAAQAAAQ.jpg,A_3bzNSLXJbYOwMn1EhM5NdAAAAQAAAQ.jpg,0,114,324
A_7zpaTrXCE1sAAAAAAAAAAAAAAQAAAQ.jpg,J1O8TQTwTPSajGqg9HcALwAAACMAARAD.jpg,0,288,192
A_KQxIT7wL_kgAAAAAAAAAAAAAAQAAAQ.jpg,spShQhU4QW2E7C_-GrtwBwAAACMAARAD.jpg,0,18,72
A_0-ELRoJDoOAAAAAAAAAAAAAAAQAAAQ.jpg,A_4rjUSryl48IAAAAAAAAAAAAAAQAAAQ.jpg,0,160,317
A_GNYnToAhNA8AAAAAAAAAAAAAAQAAAQ.jpg,A_UGJ9TY8666oAAAAAAAAAAAAAAQAAAQ.jpg,0,35,325
A_qQm9SqhVmh8AAAAAAAAAAAAAAQAAAQ.jpg,A_Ws9rTr4ssSIAAAAAAAAAAAAAAQAAAQ.jpg,0,135,159
UGSrDzPcQN2snR0B29V38AAAACMAARAD.jpg,A_AoHdR7FLKwgAAAAAAAAAAAAAAQAAAQ.jpg,0,192,178
A_cKL1QqoK8C4AAAAAAAAAAAAAAQAAAQ.jpg,A_DTn9RaIFKaUAAAAAAAAAAAAAAQAAAQ.jpg,0,111,246
A__euTTbzk1_QAAAAAAAAAAAAAAQAAAQ.jpg,A_Jt0NQ7kxnNgAAAAAAAAAAAAAAQAAAQ.jpg,0,210,314
A_YlkgQbNnNSoAAAAAAAAAAAAAAQAAAQ.jpg,A_88GIR4a9ssoAAAAAAAAAAAAAAQAAAQ.jpg,0,19,266
A_WB6uRqwOQD8AAAAAAAAAAAAAAQAAAQ.jpg,A_zOObQob7uGMAAAAAAAAAAAAAAQAAAQ.jpg,0,245,65
A_zjktQp-czbsAAAAAAAAAAAAAAQAAAQ.jpg,A_atr-Q7oa0ywAAAAAAAAAAAAAAQAAAQ.jpg,0,118,43
A_hwdWQq75_mQAAAAAAAAAAAAAAQAAAQ.jpg,A_ZovJRIoln2wAAAAAAAAAAAAAAQAAAQ.jpg,0,7,47
A_HHmHS7TxQaEAAAAAAAAAAAAAAQAAAQ.jpg,2G8MIAaDRluIS-ucQOWdigAAACMAARAD.jpg,0,305,54
A_XhFbQoM2GvIAAAAAAAAAAAAAAQAAAQ.jpg,A_3R5AT4k8aW0AAAAAAAAAAAAAAQAAAQ.jpg,0,229,59
A_cwILQL0IAHcAAAAAAAAAAAAAAQAAAQ.jpg,A_y8PMQofn1wsAAAAAAAAAAAAAAQAAAQ.jpg,0,83,244
A_MVBqSa4_cZAAAAAAAAAAAAAAAQAAAQ.jpg,igBDl6ziSdODf-fpbtEL1wAAACMAARAD.jpg,0,284,306
A_jcJHTp85KP0AAAAAAAAAAAAAAQAAAQ.jpg,A_XTPLTJ9RiO4AAAAAAAAAAAAAAQAAAQ.jpg,0,64,325
A_Li70RYXYOToAAAAAAAAAAAAAAQAAAQ.jpg,A_Km6WQabbG9cAAAAAAAAAAAAAAQAAAQ.jpg,0,171,248
A_qltmS7ZNsLUAAAAAAAAAAAAAAQAAAQ.jpg,A_PNRuRprSSG4AAAAAAAAAAAAAAQAAAQ.jpg,0,91,335
A_JiP8RIdhMFgAAAAAAAAAAAAAAQAAAQ.jpg,A_PXh2Q7BkVC0AAAAAAAAAAAAAAQAAAQ.jpg,0,14,122
A_tB9JQ6SKjKYAAAAAAAAAAAAAAQAAAQ.jpg,RJaJONp-R9-6Wg29qPh_MQAAACMAARAD.jpg,0,201,348
A__V74SLTYzbMAAAAAAAAAAAAAAQAAAQ.jpg,A_r0rxRqzUNowAAAAAAAAAAAAAAQAAAQ.jpg,0,268,241
A_k02wRqflDJcAAAAAAAAAAAAAAQAAAQ.jpg,A_KjDbQJVMoCMAAAAAAAAAAAAAAQAAAQ.jpg,0,328,171
A_h4c5Sad3a7IAAAAAAAAAAAAAAQAAAQ.jpg,A_7HodQI2rtSUAAAAAAAAAAAAAAQAAAQ.jpg,0,40,24
A_AB0vQqatlaMAAAAAAAAAAAAAAQAAAQ.jpg,A_CSAAQqCz9coAAAAAAAAAAAAAAQAAAQ.jpg,0,233,117
A_xTY-S4O2kyYAAAAAAAAAAAAAAQAAAQ.jpg,A_-iZQTKAWibIAAAAAAAAAAAAAAQAAAQ.jpg,0,333,230
A_3felTbn-u0kAAAAAAAAAAAAAAQAAAQ.jpg,A_qcBdQZZoAUcAAAAAAAAAAAAAAQAAAQ.jpg,0,108,110
A_UM9FRqczn4sAAAAAAAAAAAAAAQAAAQ.jpg,A_qi_5T4aATlcAAAAAAAAAAAAAAQAAAQ.jpg,0,42,261
A_mbl_QJe6wqwAAAAAAAAAAAAAAQAAAQ.jpg,A_D_SeQ4c--GwAAAAAAAAAAAAAAQAAAQ.jpg,0,168,309
A_W9fQSKt4JzUAAAAAAAAAAAAAAQAAAQ.jpg,A_TcbgToJZ2O0AAAAAAAAAAAAAAQAAAQ.jpg,0,95,213
A_Vu_PRqVmM8AAAAAAAAAAAAAAAQAAAQ.jpg,A_GhJrQqvVGfAAAAAAAAAAAAAAAQAAAQ.jpg,0,14,46
A_zE7OR59AboMAAAAAAAAAAAAAAQAAAQ.jpg,A_ByB_RpYeWmsAAAAAAAAAAAAAAQAAAQ.jpg,0,341,232
A_GNYnToAhNA8AAAAAAAAAAAAAAQAAAQ.jpg,A_wbFXSqEkpSMAAAAAAAAAAAAAAQAAAQ.jpg,0,35,133
A_FOOWRLdgH6EAAAAAAAAAAAAAAQAAAQ.jpg,A_7B2HSpMadEgAAAAAAAAAAAAAAQAAAQ.jpg,0,42,258
A_CjU5SoWF2L0AAAAAAAAAAAAAAQAAAQ.jpg,A_XHurTYV1xScAAAAAAAAAAAAAAQAAAQ.jpg,0,118,337
A_IfS8TqroUEgAAAAAAAAAAAAAAQAAAQ.jpg,A_Rh_cT7z_w7wAAAAAAAAAAAAAAQAAAQ.jpg,0,131,17
A_yhhDQbrQfGd8ld9BhzssNAAAAQAAAQ.jpg,A_xkbbR6DqPbwAAAAAAAAAAAAAAQAAAQ.jpg,0,206,288
GkKIt_19Rh2gdu0uxH4mbgAAACMAARAD.jpg,A_hbD0T7EIoRYAAAAAAAAAAAAAAQAAAQ.jpg,0,291,74
A_3R5AT4k8aW0AAAAAAAAAAAAAAQAAAQ.jpg,A_jjT_Q5XInXYAAAAAAAAAAAAAAQAAAQ.jpg,0,59,92
QQxyNEuVSAWRtd0Fk3TSiAAAACMAARAD.jpg,A_21V8SYT5XQkAAAAAAAAAAAAAAQAAAQ.jpg,0,192,220
A_uqQZTalXwHYAAAAAAAAAAAAAAQAAAQ.jpg,A_jcJHTp85KP0AAAAAAAAAAAAAAQAAAQ.jpg,0,301,64
A_fAd6Q6jPCKAAAAAAAAAAAAAAAQAAAQ.jpg,A_BvagTqt2xW0AAAAAAAAAAAAAAQAAAQ.jpg,0,339,180
A_JFQFRqCRuosAAAAAAAAAAAAAAQAAAQ.jpg,A_UVLcS7GdN0sAAAAAAAAAAAAAAQAAAQ.jpg,0,68,44
A_Uqn1Qq1RIzkAAAAAAAAAAAAAAQAAAQ.jpg,A_z3KSSqDlw1QAAAAAAAAAAAAAAQAAAQ.jpg,0,112,263
A__-KSSaYDssAAAAAAAAAAAAAAAQAAAQ.jpg,C5W99xn9Rpmnq-8QffgzswAAACMAARAD.jpg,0,234,120
A_WidRS5aubWEAAAAAAAAAAAAAAQAAAQ.jpg,A_miO8RI_sLsIAAAAAAAAAAAAAAQAAAQ.jpg,0,113,180
A_SqQTTY_3jwUAAAAAAAAAAAAAAQAAAQ.jpg,A_YRDWQrX8B_UAAAAAAAAAAAAAAQAAAQ.jpg,0,84,258
A_K0ldRalVubcAAAAAAAAAAAAAAQAAAQ.jpg,A_QZE9RZrlk7wAAAAAAAAAAAAAAQAAAQ.jpg,0,24,223
A_fdNlRZAJ1LIAAAAAAAAAAAAAAQAAAQ.jpg,NEaQDqOzRj2kGdWgt4KrigAAACMAARAD.jpg,0,89,209
A_jB9eRYoChjwAAAAAAAAAAAAAAQAAAQ.jpg,A_FraFT4NK-OwAAAAAAAAAAAAAAQAAAQ.jpg,0,175,204
A_eLCGTJtC0LMAAAAAAAAAAAAAAQAAAQ.jpg,A_2yTCT6348MsAAAAAAAAAAAAAAQAAAQ.jpg,0,127,305
A__9DkRL2nqzgAAAAAAAAAAAAAAQAAAQ.jpg,A__z-iTZs2YvEAAAAAAAAAAAAAAQAAAQ.jpg,0,222,14
A_FxEiTbFDhBMAAAAAAAAAAAAAAQAAAQ.jpg,A_e6DJRYXhaSoAAAAAAAAAAAAAAQAAAQ.jpg,0,21,193
A_SyljToXBtGgAAAAAAAAAAAAAAQAAAQ.jpg,XDjg9OcHR_imQ2hoka747gAAACMAARAD.jpg,0,88,208
A_PYU8Qr4rH5YAAAAAAAAAAAAAAQAAAQ.jpg,A_a0W5TbtRiX4AAAAAAAAAAAAAAQAAAQ.jpg,0,19,69
A_bv-GT6sWBVEAAAAAAAAAAAAAAQAAAQ.jpg,A_WDLkR6ptwJYAAAAAAAAAAAAAAQAAAQ.jpg,0,254,160
A_JFQFRqCRuouu-ldCkHSAIAAAAQAAAQ.jpg,A_UGJ9TY8666oAAAAAAAAAAAAAAQAAAQ.jpg,0,68,325
unXpdCHiSwq1IsIo2bI8PAAAACMAARAD.jpg,A_6J5kQJhOduUAAAAAAAAAAAAAAQAAAQ.jpg,0,70,77
A_krhJT7X9SC0AAAAAAAAAAAAAAQAAAQ.jpg,A_jDBmTIN3O1EAAAAAAAAAAAAAAQAAAQ.jpg,0,60,133
A_pICTQLbIAwkAAAAAAAAAAAAAAQAAAQ.jpg,A_N57xRZ6tBnwAAAAAAAAAAAAAAQAAAQ.jpg,0,89,157
A_CbtxSYI7W3wAAAAAAAAAAAAAAQAAAQ.jpg,A_3TwiRJY6T9oAAAAAAAAAAAAAAQAAAQ.jpg,0,280,235
gssR255rQKW-hXQD0Y7E_AAAACMAARAD.jpg,A_xkbbR6DqPbwAAAAAAAAAAAAAAQAAAQ.jpg,0,120,288
A_Hu1zSa0hFccAAAAAAAAAAAAAAQAAAQ.jpg,A_IMTVR4woMBkAAAAAAAAAAAAAAQAAAQ.jpg,0,187,60
A_e7dMTaR9QaEAAAAAAAAAAAAAAQAAAQ.jpg,A_OuUyQI8epH8AAAAAAAAAAAAAAQAAAQ.jpg,0,312,51
A_WcuHSKIfpFcAAAAAAAAAAAAAAQAAAQ.jpg,A_B17tQL9G7GAAAAAAAAAAAAAAAQAAAQ.jpg,0,329,331
A_MVpnTJIllNYAAAAAAAAAAAAAAQAAAQ.jpg,A_SbRDQbZ63xkAAAAAAAAAAAAAAQAAAQ.jpg,0,51,78
A_T1kYQ7qQrxcAAAAAAAAAAAAAAQAAAQ.jpg,OjXGrQwIRLe0jn5ENTl1XwAAACMAARAD.jpg,0,246,291
A_Hd0LRLVyFxQAAAAAAAAAAAAAAQAAAQ.jpg,O1CN017Zqu3U1WkLrs8drP0_!!0-mtopupload.jpg,0,213,22
dE5D0FnIS42ZuBi1OUZO3AAAACMAARAD.jpg,oUwFV4MkS2S9joIua_wkvwAAACMAARAD.jpg,0,56,155
A_8HNgToSMI-0AAAAAAAAAAAAAAQAAAQ.jpg,A_7zNRSYbqsoAAAAAAAAAAAAAAAQAAAQ.jpg,0,5,130
A_4uZrQJsALPQAAAAAAAAAAAAAAQAAAQ.jpg,A_3JWtT62FzhAAAAAAAAAAAAAAAQAAAQ.jpg,0,135,290
A_wpTZRJrKEPsAAAAAAAAAAAAAAQAAAQ.jpg,A_8qvqS61s-g4AAAAAAAAAAAAAAQAAAQ.jpg,0,38,332
A_oEAqSaEmWGMAAAAAAAAAAAAAAQAAAQ.jpg,A_H_ulSqKIeUgAAAAAAAAAAAAAAQAAAQ.jpg,0,294,93
A_JKoXS5qMLWXZM1xIuGy1bAAAAQAAAQ.jpg,A_Jt0NQ7kxnNgAAAAAAAAAAAAAAQAAAQ.jpg,0,148,314
A_eaJbRIsiIAcAAAAAAAAAAAAAAQAAAQ.jpg,A_2fEAQ6wRV78AAAAAAAAAAAAAAQAAAQ.jpg,0,278,255
3TWmN3cgR6O-z4Ry4M-TngAAACMAARAD.jpg,A_ACH-Ta-cq-oAAAAAAAAAAAAAAQAAAQ.jpg,0,132,340
A_0RBhTJcWtikAAAAAAAAAAAAAAQAAAQ.jpg,A_mHpGR5oYn_kAAAAAAAAAAAAAAQAAAQ.jpg,0,270,320
A_LUkoSJrXkSUAAAAAAAAAAAAAAQAAAQ.jpg,A_hDlVQZkfoCwAAAAAAAAAAAAAAQAAAQ.jpg,0,17,173
4mdzWDyRQ82GuQWRmzSQBQAAACMAARAD.jpg,A_SQeJQr1DQCoAAAAAAAAAAAAAAQAAAQ.jpg,0,186,233
A_S8r-QoOdnNoAAAAAAAAAAAAAAQAAAQ.jpg,8quPjI33SE-iyYx4UOnjkQAAACMAARAD.jpg,0,28,68
A_Ysu4QqIqPYkAAAAAAAAAAAAAAQAAAQ.jpg,A_ANj4S6gZrSgAAAAAAAAAAAAAAQAAAQ.jpg,0,333,92
A_l7TnSbKoau8AAAAAAAAAAAAAAQAAAQ.jpg,A_AuorQ4yCMh0AAAAAAAAAAAAAAQAAAQ.jpg,0,40,161
A_0tvJRLe5_mUAAAAAAAAAAAAAAQAAAQ.jpg,A_bRcAQpqLS8kAAAAAAAAAAAAAAQAAAQ.jpg,0,86,184
A_BUqXSoHm6xYAAAAAAAAAAAAAAQAAAQ.jpg,A_BTUkT4Eo6pQAAAAAAAAAAAAAAQAAAQ.jpg,0,309,266
A__9DkRL2nqzgAAAAAAAAAAAAAAQAAAQ.jpg,A_YGM9RqelARIAAAAAAAAAAAAAAQAAAQ.jpg,0,222,250
A_ZhFOTLvWldQAAAAAAAAAAAAAAQAAAQ.jpg,A_lPHeQo7aiawAAAAAAAAAAAAAAQAAAQ.jpg,0,251,189
A_qzxeRo3Av5AAAAAAAAAAAAAAAQAAAQ.jpg,A_Yr4LQpnqCAEAAAAAAAAAAAAAAQAAAQ.jpg,0,346,48
A_VV-4R7Xfd1AAAAAAAAAAAAAAAQAAAQ.jpg,A__9DkRL2nqzgAAAAAAAAAAAAAAQAAAQ.jpg,0,221,222
A_cFBbQb-i068AAAAAAAAAAAAAAQAAAQ.jpg,A_N7TMSppc4iUAAAAAAAAAAAAAAQAAAQ.jpg,0,16,101
A_osC4T6WDCO8AAAAAAAAAAAAAAQAAAQ.jpg,A_NbMERImKF5IAAAAAAAAAAAAAAQAAAQ.jpg,0,202,214
A_bKPlQL4w2iUAAAAAAAAAAAAAAQAAAQ.jpg,A_T7tpTqdx0wcAAAAAAAAAAAAAAQAAAQ.jpg,0,345,159
A_7aSXR6UMp8sAAAAAAAAAAAAAAQAAAQ.jpg,A_MGtdT6XD3YAAAAAAAAAAAAAAAQAAAQ.jpg,0,115,236
A_SsVBRJzukC8AAAAAAAAAAAAAAQAAAQ.jpg,YDkF-IExTl-pKxGA-asCwwAAACMAARAD.jpg,0,308,166
A_S4LDTLYmuK0AAAAAAAAAAAAAAQAAAQ.jpg,A_waonRYbJYOwAAAAAAAAAAAAAAQAAAQ.jpg,0,36,194
A_vBLvSIjsr5oAAAAAAAAAAAAAAQAAAQ.jpg,A_GMLtS7vMkDMAAAAAAAAAAAAAAQAAAQ.jpg,0,308,241
qt9ydc-FTHqABlnv0E338AAAACMAARAD.jpg,J9zK50Y5RvujoRzPnQkXBAAAACMAARAD.jpg,0,150,349
A_60h2TaONPo8AAAAAAAAAAAAAAQAAAQ.jpg,A_7Rs9Q46XFoAAAAAAAAAAAAAAAQAAAQ.jpg,0,37,92
A_2lrgQ5piRFsAAAAAAAAAAAAAAQAAAQ.jpg,A_FTXOTL2SfYwAAAAAAAAAAAAAAQAAAQ.jpg,0,123,293
A_zjM2TKZ3uLYAAAAAAAAAAAAAAQAAAQ.jpg,A__OQTR7tlKikAAAAAAAAAAAAAAQAAAQ.jpg,0,97,215
A__9DkRL2nqzgAAAAAAAAAAAAAAQAAAQ.jpg,A_CFppRq-ikRoAAAAAAAAAAAAAAQAAAQ.jpg,0,222,227
A_mbl_QJe6wqwAAAAAAAAAAAAAAQAAAQ.jpg,hL3x2UFYTb-fOuBIwUKJMAAAACMAARED.jpg,0,168,128
A_TneoSKTv7UkAAAAAAAAAAAAAAQAAAQ.jpg,A_aDKBQ7mM76cAAAAAAAAAAAAAAQAAAQ.jpg,0,223,256
A_Q2ygQ7cJQygAAAAAAAAAAAAAAQAAAQ.jpg,A_00wGQ6p8j_UAAAAAAAAAAAAAAQAAAQ.jpg,0,276,214
A_GtpMTbLtVR4AAAAAAAAAAAAAAQAAAQ.jpg,A_wPiZSI8pSBIAAAAAAAAAAAAAAQAAAQ.jpg,0,319,157
A_juPfTZQWNPEAAAAAAAAAAAAAAQAAAQ.jpg,A_TdNTTqxkNsEAAAAAAAAAAAAAAQAAAQ.jpg,0,30,339
A_vbb5RrhFhKkAAAAAAAAAAAAAAQAAAQ.jpg,A_EcV-QL_t4UAAAAAAAAAAAAAAAQAAAQ.jpg,0,220,67
A_7kJbS6bLFokAAAAAAAAAAAAAAQAAAQ.jpg,YFn8FC0cQFGTffeP-0YugAAAACMAARAD.jpg,0,205,188
A_8SMFQ4ABOP4AAAAAAAAAAAAAAQAAAQ.jpg,A_CFppRq-ikRoAAAAAAAAAAAAAAQAAAQ.jpg,0,78,227
A_CgA9TI6N9eIAAAAAAAAAAAAAAQAAAQ.jpg,A_i8kmSqzWZtEAAAAAAAAAAAAAAQAAAQ.jpg,0,227,284
A_wbFXSqEkpSMAAAAAAAAAAAAAAQAAAQ.jpg,A_2f4ZRqel34oAAAAAAAAAAAAAAQAAAQ.jpg,0,133,33
A_aDhQT4JRtKIAAAAAAAAAAAAAAQAAAQ.jpg,A_2n3hQr-JmJQAAAAAAAAAAAAAAQAAAQ.jpg,0,275,16
A_WFX-R60X0GE0GDJMjg5KkAAAAQAAAQ.jpg,A_qpwOTZvgL9EAAAAAAAAAAAAAAQAAAQ.jpg,0,62,26
A_Cx8AT5HA35gAAAAAAAAAAAAAAQAAAQ.jpg,A_fw0nSIvq86cAAAAAAAAAAAAAAQAAAQ.jpg,0,140,65
A_BRtzS61gGD4AAAAAAAAAAAAAAQAAAQ.jpg,A__9DkRL2nqzgAAAAAAAAAAAAAAQAAAQ.jpg,0,82,222
A_hbD0T7EIoRYAAAAAAAAAAAAAAQAAAQ.jpg,A_CFppRq-ikRoAAAAAAAAAAAAAAQAAAQ.jpg,0,74,227
A_HHmHS7TxQaEAAAAAAAAAAAAAAQAAAQ.jpg,A_dIlQSIobnFAAAAAAAAAAAAAAAQAAAQ.jpg,0,305,45
jljP-9JORDyajV3g_xwG_wAAACMAARAD.jpg,A_f0N3RpGHGX4AAAAAAAAAAAAAAQAAAQ.jpg,0,129,73
A_4uZrQJsALPQAAAAAAAAAAAAAAQAAAQ.jpg,A_bmExSKHslRkAAAAAAAAAAAAAAQAAAQ.jpg,0,135,14
A_i7AkRLef484AAAAAAAAAAAAAAQAAAQ.jpg,A_LngHSpFXTD4AAAAAAAAAAAAAAQAAAQ.jpg,0,240,336
A_7boYR4gvvhMAAAAAAAAAAAAAAQAAAQ.jpg,A_VW4rTbmlHh8AAAAAAAAAAAAAAQAAAQ.jpg,0,152,336
A_JJxfRa1-EmUAAAAAAAAAAAAAAQAAAQ.jpg,O4evSscSQOaRanT5DclZ5wAAACMAARAD.jpg,0,74,4
YogXrvTpT3CF9S-8BEORggAAACMAARAD.jpg,A_eqkkQptcgkUAAAAAAAAAAAAAAQAAAQ.jpg,0,71,94
A_m8smT6igYF8AAAAAAAAAAAAAAQAAAQ.jpg,A_rGSuTZXVuRUAAAAAAAAAAAAAAQAAAQ.jpg,0,12,2
A_ncTYTqtScNEAAAAAAAAAAAAAAQAAAQ.jpg,A_wpTZRJrKEPsAAAAAAAAAAAAAAQAAAQ.jpg,0,299,38
A_chnJTr6v4Y8AAAAAAAAAAAAAAQAAAQ.jpg,A_n4mzQqZYsskAAAAAAAAAAAAAAQAAAQ.jpg,0,216,131
A_2bxUSqLc6wAAAAAAAAAAAAAAAQAAAQ.jpg,A_zcYfTIvp2lMAAAAAAAAAAAAAAQAAAQ.jpg,0,255,277
A_rmRYSoi_81sAAAAAAAAAAAAAAQAAAQ.jpg,95yWrxU0SHOjvzfmAl1GjwAAACMAARAD.jpg,0,218,174
oUwFV4MkS2S9joIua_wkvwAAACMAARAD.jpg,A_zcYfTIvp2lMAAAAAAAAAAAAAAQAAAQ.jpg,0,155,277
A_1Sm2RrE0saQAAAAAAAAAAAAAAQAAAQ.jpg,A_DC12To5UBZwAAAAAAAAAAAAAAQAAAQ.jpg,0,95,23
A_m-aWTY3Ot-AAAAAAAAAAAAAAAQAAAQ.jpg,A_7OgCTLT7J9AAAAAAAAAAAAAAAQAAAQ.jpg,0,26,2
A_ZX7pT4uWMgsAAAAAAAAAAAAAAQAAAQ.jpg,A_fdXCTprSOxYAAAAAAAAAAAAAAQAAAQ.jpg,0,268,339
A_bRcAQpqLS8kAAAAAAAAAAAAAAQAAAQ.jpg,elFmGazMSCiTA9cBKwcuMwAAACMAARAD.jpg,0,184,327
A_qi_5T4aATlcAAAAAAAAAAAAAAQAAAQ.jpg,A_rdsOTar7H-kAAAAAAAAAAAAAAQAAAQ.jpg,0,261,46
A_nwlKT4igLyQAAAAAAAAAAAAAAQAAAQ.jpg,A_lPHeQo7aiawAAAAAAAAAAAAAAQAAAQ.jpg,0,37,189
A_S7r7Srj5r_wAAAAAAAAAAAAAAQAAAQ.jpg,A_8xTQSLkd18MAAAAAAAAAAAAAAQAAAQ.jpg,0,313,125
O1CN018y9zNy1b2RyzTX0bZ_!!0-mtopupload.jpg,BnMTwNDZTDic7PE_4wP9cwAAACMAARAD.jpg,0,22,186
A_9rUXTan94pAAAAAAAAAAAAAAAQAAAQ.jpg,A_jC-uQI9wmRgAAAAAAAAAAAAAAQAAAQ.jpg,0,32,75
HO658TQUQEWkFzwQclWO6QAAACMAARAD.jpg,A_I-uhS4pzzngAAAAAAAAAAAAAAQAAAQ.jpg,0,316,260
A_5QphQrKDPQgAAAAAAAAAAAAAAQAAAQ.jpg,A_O-HYQbAzM04AAAAAAAAAAAAAAQAAAQ.jpg,0,285,61
A_nw_7QLxh6h4AAAAAAAAAAAAAAQAAAQ.jpg,A_cexvRK__-1MAAAAAAAAAAAAAAQAAAQ.jpg,0,271,204
A_fDM3T7_Er0wAAAAAAAAAAAAAAQAAAQ.jpg,A_nec0R4X7desAAAAAAAAAAAAAAQAAAQ.jpg,0,21,189
A_1YVzSbIROi8AAAAAAAAAAAAAAQAAAQ.jpg,A_fR9dQ5HrbU4AAAAAAAAAAAAAAQAAAQ.jpg,0,253,18
A_CUlQSpIInD0AAAAAAAAAAAAAAQAAAQ.jpg,A_GsfXSomQxTQAAAAAAAAAAAAAAQAAAQ.jpg,0,322,201
A_aU59RJLl9L4AAAAAAAAAAAAAAQAAAQ.jpg,A_yrFZSaXtfAEAAAAAAAAAAAAAAQAAAQ.jpg,0,32,162
A_UHH0So61ecgAAAAAAAAAAAAAAQAAAQ.jpg,A_eKNXQLRk11AAAAAAAAAAAAAAAQAAAQ.jpg,0,275,112
A_izLaT4q7z-8AAAAAAAAAAAAAAQAAAQ.jpg,8qks6YhlRy-wDJtrkIZaIgAAACMAARAD.jpg,0,160,316
A_dxCNSp4IGbAAAAAAAAAAAAAAAQAAAQ.jpg,A_3R5AT4k8aW0AAAAAAAAAAAAAAQAAAQ.jpg,0,172,59
A__zLJQayQmP0AAAAAAAAAAAAAAQAAAQ.jpg,A_QQBWQ5OgNqcAAAAAAAAAAAAAAQAAAQ.jpg,0,91,318
A_aKs_R7ladhcAAAAAAAAAAAAAAQAAAQ.jpg,A_pICTQLbIAwkAAAAAAAAAAAAAAQAAAQ.jpg,0,69,89
A_jB9eRYoChjwAAAAAAAAAAAAAAQAAAQ.jpg,A_WNgORoRRamAAAAAAAAAAAAAAAQAAAQ.jpg,0,175,141
A_nwlKT4igLyQAAAAAAAAAAAAAAQAAAQ.jpg,A_ymwwSJZai5IAAAAAAAAAAAAAAQAAAQ.jpg,0,37,122
s5_LPbJATXy82lMu1uSeJQAAACMAARAD.jpg,A_MVBqSa4_cZAAAAAAAAAAAAAAAQAAAQ.jpg,0,348,284
A_EBtBR7SR8xIAAAAAAAAAAAAAAQAAAQ.jpg,A_oEAqSaEmWGMAAAAAAAAAAAAAAQAAAQ.jpg,0,292,294
A_SDD3Q6kABacAAAAAAAAAAAAAAQAAAQ.jpg,A_oWLETqhT6YIAAAAAAAAAAAAAAQAAAQ.jpg,0,247,214
BnMTwNDZTDic7PE_4wP9cwAAACMAARAD.jpg,A_-ZsZRYceA08AAAAAAAAAAAAAAQAAAQ.jpg,0,186,96
A_Mr_oTZ8LdmUAAAAAAAAAAAAAAQAAAQ.jpg,Kaf40bOpT5G9tQ2a92m9aQAAACMAARAD.jpg,0,181,186
A_1OujSoSRAr8AAAAAAAAAAAAAAQAAAQ.jpg,A_HRkFRZKRfK4AAAAAAAAAAAAAAQAAAQ.jpg,0,292,330
A_mVW5RI4asboAAAAAAAAAAAAAAQAAAQ.jpg,A_0RBhTJcWtikAAAAAAAAAAAAAAQAAAQ.jpg,0,255,270
A_TneoSKTv7UkAAAAAAAAAAAAAAQAAAQ.jpg,A_2f4ZRqel34oAAAAAAAAAAAAAAQAAAQ.jpg,0,223,33
A_J1qLRIBVPRwAAAAAAAAAAAAAAQAAAQ.jpg,A_hPGSRoU0C8kAAAAAAAAAAAAAAQAAAQ.jpg,0,151,308
ejYUJjUrTHmLuE2JKdcsRgAAACMAARAD.jpg,A_KYy1R7vQUokAAAAAAAAAAAAAAQAAAQ.jpg,0,20,267
HqCc8PT8QMalF5QdbcP9UwAAACMAARAD.jpg,A_I8uqQ7SlDm0AAAAAAAAAAAAAAQAAAQ.jpg,0,107,271
A_o6_aR5P_rB8AAAAAAAAAAAAAAQAAAQ.jpg,A_hG-AQqJyNKkAAAAAAAAAAAAAAQAAAQ.jpg,0,217,239
A_hbD0T7EIoRYAAAAAAAAAAAAAAQAAAQ.jpg,A_fNviRZaQBUIAAAAAAAAAAAAAAQAAAQ.jpg,0,74,151
95yWrxU0SHOjvzfmAl1GjwAAACMAARAD.jpg,A_AgMeSbS1YrMAAAAAAAAAAAAAAQAAAQ.jpg,0,174,169
A_EVAPRrwpj30AAAAAAAAAAAAAAQAAAQ.jpg,A_TfvQTrtOPDQAAAAAAAAAAAAAAQAAAQ.jpg,0,46,243
A_QYfVToXTeu0AAAAAAAAAAAAAAQAAAQ.jpg,A_8vypTI74gzgAAAAAAAAAAAAAAQAAAQ.jpg,0,229,295
ydJW6409RSKvBzpK1xzS0QAAACMAARAD.jpg,A_wEzeR4yAYOUAAAAAAAAAAAAAAQAAAQ.jpg,0,27,117
A_y6yGT6qZ-m4AAAAAAAAAAAAAAQAAAQ.jpg,A_41GqSJs5RO4AAAAAAAAAAAAAAQAAAQ.jpg,0,103,265
A_JywcTrmEceIAAAAAAAAAAAAAAQAAAQ.jpg,A_LFTBTrq2so4AAAAAAAAAAAAAAQAAAQ.jpg,0,266,278
A_kCm8SqJ4xbQAAAAAAAAAAAAAAQAAAQ.jpg,A_X-X-Tq1BLFsAAAAAAAAAAAAAAQAAAQ.jpg,0,299,42
A_m30KQICzj5QAAAAAAAAAAAAAAQAAAQ.jpg,A_zjM2TKZ3uLYAAAAAAAAAAAAAAQAAAQ.jpg,0,332,97
A_zRxmTpGb1kMAAAAAAAAAAAAAAQAAAQ.jpg,A_dxCNSp4IGbAAAAAAAAAAAAAAAQAAAQ.jpg,0,183,172
A_Or1GTqTym0AAAAAAAAAAAAAAAQAAAQ.jpg,A_6JGwQau_WNoAAAAAAAAAAAAAAQAAAQ.jpg,0,170,284
A_CJEPQZwY7_LC6f1Fh61-vQAAAQAAAQ.jpg,A_yusuSowwe7sAAAAAAAAAAAAAAQAAAQ.jpg,0,191,145
jljP-9JORDyajV3g_xwG_wAAACMAARAD.jpg,A_yuLVT43MzcgAAAAAAAAAAAAAAQAAAQ.jpg,0,129,167
2iEC5ZrsSa2JpfKnTQbADQAAACMAARAD.jpg,A_2nNMSZOEYsQAAAAAAAAAAAAAAQAAAQ.jpg,0,6,349
A_A17DRrV-btsAAAAAAAAAAAAAAQAAAQ.jpg,A_W2IxTrShf0MAAAAAAAAAAAAAAQAAAQ.jpg,0,33,334
A_JzxkRq5CL7UKXIZGrRlzfQAAAQAAAQ.jpg,A__5f3Qa27j5YAAAAAAAAAAAAAAQAAAQ.jpg,0,216,277
NEaQDqOzRj2kGdWgt4KrigAAACMAARAD.jpg,A_HTNURIoNl30AAAAAAAAAAAAAAQAAAQ.jpg,0,209,31
A_V3ppS6VZwMoAAAAAAAAAAAAAAQAAAQ.jpg,A_K1SDTrzJRsMAAAAAAAAAAAAAAQAAAQ.jpg,0,340,82
A_kjIITIS-f1QAAAAAAAAAAAAAAQAAAQ.jpg,A_yqmVSY6yhroAAAAAAAAAAAAAAQAAAQ.jpg,0,261,104
A_-iZQTKAWibIAAAAAAAAAAAAAAQAAAQ.jpg,A_WAmwRrFJUhUAAAAAAAAAAAAAAQAAAQ.jpg,0,230,149
A_Ver0Ro7tFCYAAAAAAAAAAAAAAQAAAQ.jpg,A_WB6uRqwOQD8AAAAAAAAAAAAAAQAAAQ.jpg,0,222,245
A_f93rT43JBg0AAAAAAAAAAAAAAQAAAQ.jpg,A_ivfcQaWsgdsAAAAAAAAAAAAAAQAAAQ.jpg,0,102,296
A_YRDWQrX8B_UAAAAAAAAAAAAAAQAAAQ.jpg,A_gpwRSb16XloAAAAAAAAAAAAAAQAAAQ.jpg,0,258,241
A_41GqSJs5RO4AAAAAAAAAAAAAAQAAAQ.jpg,A_I0duQIGPqIUAAAAAAAAAAAAAAQAAAQ.jpg,0,265,187
A_EhJNRrpu2Z0AAAAAAAAAAAAAAQAAAQ.jpg,A_Ver0Ro7tFCYAAAAAAAAAAAAAAQAAAQ.jpg,0,233,222
A_SDD3Q6kABacAAAAAAAAAAAAAAQAAAQ.jpg,A_JUa9QZwAOOgAAAAAAAAAAAAAAQAAAQ.jpg,0,247,298
A_HBC_SqXcNasAAAAAAAAAAAAAAQAAAQ.jpg,A_N0ukQ4h4un4AAAAAAAAAAAAAAQAAAQ.jpg,0,53,77
A_CgA9TI6N9eIAAAAAAAAAAAAAAQAAAQ.jpg,A_GJH7T7H_iloAAAAAAAAAAAAAAQAAAQ.jpg,0,227,252
A_2PylSJ1j8RIAAAAAAAAAAAAAAQAAAQ.jpg,A_tmV0SKPNXSUAAAAAAAAAAAAAAQAAAQ.jpg,0,191,169
A_I0duQIGPqIUAAAAAAAAAAAAAAQAAAQ.jpg,A_O8IBS7bcXMAAAAAAAAAAAAAAAQAAAQ.jpg,0,187,196
A_nZIFTqwyAG0AAAAAAAAAAAAAAQAAAQ.jpg,OjXGrQwIRLe0jn5ENTl1XwAAACMAARAD.jpg,0,341,291
A__iBTRLnSgRsAAAAAAAAAAAAAAQAAAQ.jpg,A_eUwvR77C5UwAAAAAAAAAAAAAAQAAAQ.jpg,0,308,65
A_VSe4QrbJjMcAAAAAAAAAAAAAAQAAAQ.jpg,A_95Z4QIMBISQAAAAAAAAAAAAAAQAAAQ.jpg,0,0,184
A_lWreSpZxhyAAAAAAAAAAAAAAAQAAAQ.jpg,A_Ak6wQLMJZPUAAAAAAAAAAAAAAQAAAQ.jpg,0,15,135
jljP-9JORDyajV3g_xwG_wAAACMAARAD.jpg,A_7w30T4PSpVgAAAAAAAAAAAAAAQAAAQ.jpg,0,129,229
A__euTTbzk1_QAAAAAAAAAAAAAAQAAAQ.jpg,A_Uga7SbOpyY0AAAAAAAAAAAAAAQAAAQ.jpg,0,210,69
A_C0vvSpWL_JsAAAAAAAAAAAAAAQAAAQ.jpg,A_b-8qRr28s_QAAAAAAAAAAAAAAQAAAQ.jpg,0,121,130
A_hG-AQqJyNKkAAAAAAAAAAAAAAQAAAQ.jpg,A_dfRbQI26OtwAAAAAAAAAAAAAAQAAAQ.jpg,0,239,58
1yv1XFmYQIqGC3ETpIuU2QAAACMAARAD.jpg,A_K3lrQrI1-gIAAAAAAAAAAAAAAQAAAQ.jpg,0,70,334
A_lWreSpZxhyAAAAAAAAAAAAAAAQAAAQ.jpg,A_avXxR4A0gikAAAAAAAAAAAAAAQAAAQ.jpg,0,15,280
eVAexCuGQ-2ZHt6vXBAIlwAAACMAARAD.jpg,A_jcJHTp85KP0AAAAAAAAAAAAAAQAAAQ.jpg,0,219,64
A_ByB_RpYeWmsAAAAAAAAAAAAAAQAAAQ.jpg,A_q3_rR6k-lYMAAAAAAAAAAAAAAQAAAQ.jpg,0,232,245
A_fbzVQ5muvQIAAAAAAAAAAAAAAQAAAQ.jpg,A_ul0zRLO4ulQAAAAAAAAAAAAAAQAAAQ.jpg,0,77,74
dyxtW91GQ3m1hwcxGe6xNQAAACMAARAD.jpg,A_e7dMTaR9QaEAAAAAAAAAAAAAAQAAAQ.jpg,0,72,312
A_EVAPRrwpj30AAAAAAAAAAAAAAQAAAQ.jpg,A_UM9FRqczn4sAAAAAAAAAAAAAAQAAAQ.jpg,0,46,42
A_DJoqQr7L5-IAAAAAAAAAAAAAAQAAAQ.jpg,A_5zh3RYWgmsoAAAAAAAAAAAAAAQAAAQ.jpg,0,36,76
A_GN8FS4YXEKMAAAAAAAAAAAAAAQAAAQ.jpg,A_atr-Q7oa0ywAAAAAAAAAAAAAAQAAAQ.jpg,0,82,43
J1O8TQTwTPSajGqg9HcALwAAACMAARAD.jpg,A_7z2dSpjqRhsAAAAAAAAAAAAAAQAAAQ.jpg,0,192,302
A_V03gR7K90bIAAAAAAAAAAAAAAQAAAQ.jpg,A_-JpBS6Eepe4AAAAAAAAAAAAAAQAAAQ.jpg,0,220,210
A__hNgQJmrLXkAAAAAAAAAAAAAAQAAAQ.jpg,A_USsBT7LiLzQAAAAAAAAAAAAAAQAAAQ.jpg,0,100,286
A_UbkTQI6a8oMAAAAAAAAAAAAAAQAAAQ.jpg,A_ymwwSJZai5IAAAAAAAAAAAAAAQAAAQ.jpg,0,61,122
A_m8smT6igYF8AAAAAAAAAAAAAAQAAAQ.jpg,A_B17tQL9G7GAAAAAAAAAAAAAAAQAAAQ.jpg,0,12,331
A_phjfSK7C04wAAAAAAAAAAAAAAQAAAQ.jpg,A_VPDvSqwWeHQAAAAAAAAAAAAAAQAAAQ.jpg,0,145,287
A_6McDRL0y-v8AAAAAAAAAAAAAAQAAAQ.jpg,A_vsngRpRhfFsAAAAAAAAAAAAAAQAAAQ.jpg,0,200,112
A_Rh_cT7z_w7wAAAAAAAAAAAAAAQAAAQ.jpg,A_S1K7SaRCgmsAAAAAAAAAAAAAAQAAAQ.jpg,0,17,111
uwbM_KZaT4WXCQZJ66Ib_QAAACMAARAD.jpg,A__iVyQa-Ul-kAAAAAAAAAAAAAAQAAAQ.jpg,0,192,249
A_A17DRrV-btsAAAAAAAAAAAAAAQAAAQ.jpg,A_N13KR4j5Yt8AAAAAAAAAAAAAAQAAAQ.jpg,0,33,228
A_Hp9BSaTeieAAAAAAAAAAAAAAAQAAAQ.jpg,A_K0ldRalVubcAAAAAAAAAAAAAAQAAAQ.jpg,0,29,24
7B--srC_TKKKH1ccdVhHJQAAACMAARAD.jpg,A_sw55T7tdUW8AAAAAAAAAAAAAAQAAAQ.jpg,0,6,29
A_5JaUS5e0nHAAAAAAAAAAAAAAAQAAAQ.jpg,FjU3DCiVRJi-p0oNR-tAGgAAACMAARAD.jpg,0,204,27
A_2wBqTpzmeL3VldlEs7raLQAAAQAAAQ.jpg,A_S7r7Srj5r_wAAAAAAAAAAAAAAQAAAQ.jpg,0,49,313
A_y6yGT6qZ-m4AAAAAAAAAAAAAAQAAAQ.jpg,A_Yr4LQpnqCAEAAAAAAAAAAAAAAQAAAQ.jpg,0,103,48
A_00wGQ6p8j_UAAAAAAAAAAAAAAQAAAQ.jpg,A_2DA2SZLf5vEAAAAAAAAAAAAAAQAAAQ.jpg,0,214,24
A_kRgtTKT8j2YAAAAAAAAAAAAAAQAAAQ.jpg,A_yuLVT43MzcgAAAAAAAAAAAAAAQAAAQ.jpg,0,261,167
A_eLCGTJtC0LMAAAAAAAAAAAAAAQAAAQ.jpg,A_8qvqS61s-g4AAAAAAAAAAAAAAQAAAQ.jpg,0,127,332
A_fw0nSIvq86cAAAAAAAAAAAAAAQAAAQ.jpg,VExaZWAxSUuI3YKpQvrnIgAAACMAARAD.jpg,0,65,190
4mdzWDyRQ82GuQWRmzSQBQAAACMAARAD.jpg,A_KQxIT7wL_kgAAAAAAAAAAAAAAQAAAQ.jpg,0,186,18
A_1XV-TI8AFDMAAAAAAAAAAAAAAQAAAQ.jpg,A_hB7UQZ1wHGQAAAAAAAAAAAAAAQAAAQ.jpg,0,295,183
A_7kJbS6bLFokAAAAAAAAAAAAAAQAAAQ.jpg,A_1iq-SaD4TSYAAAAAAAAAAAAAAQAAAQ.jpg,0,205,300
A_9EM2TajlqXoAAAAAAAAAAAAAAQAAAQ.jpg,A_mhYFS7uBQCIAAAAAAAAAAAAAAQAAAQ.jpg,0,58,193
A_h0e0SItXSKwAAAAAAAAAAAAAAQAAAQ.jpg,A_pfnXQq9r3uoAAAAAAAAAAAAAAQAAAQ.jpg,0,289,199
A_B17tQL9G7GAAAAAAAAAAAAAAAQAAAQ.jpg,A_nw_7QLxh6h4AAAAAAAAAAAAAAQAAAQ.jpg,0,331,271
A_ul0zRLO4ulQAAAAAAAAAAAAAAQAAAQ.jpg,A_kKmNR65xnvsAAAAAAAAAAAAAAQAAAQ.jpg,0,74,195
A_TgAqQpXQPWgAAAAAAAAAAAAAAQAAAQ.jpg,2d-0eWw0TDKv5kSoh012ogAAACMAARAD.jpg,0,139,316
A_-iZQTKAWibIAAAAAAAAAAAAAAQAAAQ.jpg,A_5dNJRaepYnUAAAAAAAAAAAAAAQAAAQ.jpg,0,230,302
A_o6_aR5P_rB8AAAAAAAAAAAAAAQAAAQ.jpg,A_D9o9T7zICSYbaeZMlwxEKQAAAQAAAQ.jpg,0,217,113
A_w8x7SaCEWdkAAAAAAAAAAAAAAQAAAQ.jpg,A_HTT-TokpzUQAAAAAAAAAAAAAAQAAAQ.jpg,0,58,268
A__OfaT7yTwxUAAAAAAAAAAAAAAQAAAQ.jpg,A_rZCET7Bcu5YAAAAAAAAAAAAAAQAAAQ.jpg,0,273,143
A_WAmwRrFJUhUAAAAAAAAAAAAAAQAAAQ.jpg,A_WNgORoRRamAAAAAAAAAAAAAAAQAAAQ.jpg,0,149,141
A_2DA2SZLf5vEAAAAAAAAAAAAAAQAAAQ.jpg,A_xigkRLl7oW4AAAAAAAAAAAAAAQAAAQ.jpg,0,24,230
A_hFIsQqIAQwEAAAAAAAAAAAAAAQAAAQ.jpg,A_Kg8hQIvTubMAAAAAAAAAAAAAAQAAAQ.jpg,0,81,144
A_Hu1zSa0hFccAAAAAAAAAAAAAAQAAAQ.jpg,A_SBeaQLvJMpwAAAAAAAAAAAAAAQAAAQ.jpg,0,187,225
A_KRnoQ5ccGD4AAAAAAAAAAAAAAQAAAQ.jpg,A_stmPT54njmIAAAAAAAAAAAAAAQAAAQ.jpg,0,235,147
A_cY_dQKTxLZIAAAAAAAAAAAAAAQAAAQ.jpg,A_A17DRrV-btsAAAAAAAAAAAAAAQAAAQ.jpg,0,34,33
IvmXxLWaQd-LKBYjjNz-zwAAACMAARAD.jpg,A_E-xxRLjoDi0AAAAAAAAAAAAAAQAAAQ.jpg,0,315,115
A_Hn4STI9pSQMAAAAAAAAAAAAAAQAAAQ.jpg,C5W99xn9Rpmnq-8QffgzswAAACMAARAD.jpg,0,40,120
A_V4M-S5Mt__QAAAAAAAAAAAAAAQAAAQ.jpg,A_ZovJRIoln2wAAAAAAAAAAAAAAQAAAQ.jpg,0,191,47
A_cy6BT7zBon8AAAAAAAAAAAAAAQAAAQ.jpg,A_WidRS5aubWEAAAAAAAAAAAAAAQAAAQ.jpg,0,145,113
A_ZBuhRJ_erngAAAAAAAAAAAAAAQAAAQ.jpg,A_WDLkR6ptwJYAAAAAAAAAAAAAAQAAAQ.jpg,0,34,160
A_BT-TSJ2u3kMAAAAAAAAAAAAAAQAAAQ.jpg,A_BM-IS64L6owAAAAAAAAAAAAAAQAAAQ.jpg,0,279,332
A_UbkTQI6a8oMAAAAAAAAAAAAAAQAAAQ.jpg,A_wxWxSZH1r_QAAAAAAAAAAAAAAQAAAQ.jpg,0,61,293
A_Zt9yT7lqoQMAAAAAAAAAAAAAAQAAAQ.jpg,A_048mQIy0UMoAAAAAAAAAAAAAAQAAAQ.jpg,0,47,223
A_TY-_RJN0r98AAAAAAAAAAAAAAQAAAQ.jpg,A_ywmfQoWVLnUAAAAAAAAAAAAAAQAAAQ.jpg,0,79,78
A_m30KQICzj5QAAAAAAAAAAAAAAQAAAQ.jpg,IvmXxLWaQd-LKBYjjNz-zwAAACMAARAD.jpg,0,332,315
A_eLCGTJtC0LMAAAAAAAAAAAAAAQAAAQ.jpg,A_CJEPQZwY7_LC6f1Fh61-vQAAAQAAAQ.jpg,0,127,191
A_8vypTI74gzgAAAAAAAAAAAAAAQAAAQ.jpg,A_chnJTr6v4Y8AAAAAAAAAAAAAAQAAAQ.jpg,0,295,216
A_CFppRq-ikRoAAAAAAAAAAAAAAQAAAQ.jpg,w9YQq4_NScePMhUzHiU7ugAAACMAARAD.jpg,0,227,166
Xep9PWi-TnyRkBu-1lOpugAAACMAARAD.jpg,A_b-wTSqGrNAEAAAAAAAAAAAAAAQAAAQ.jpg,0,150,149
A_rZCET7Bcu5YAAAAAAAAAAAAAAQAAAQ.jpg,_YxN02DfQ7OUYkwftQP0QQAAACMAARAD.jpg,0,143,166
A_bRcAQpqLS8kAAAAAAAAAAAAAAQAAAQ.jpg,A_spNeTrbTaesAAAAAAAAAAAAAAQAAAQ.jpg,0,184,114
A_tgVnS7L93MwAAAAAAAAAAAAAAQAAAQ.jpg,A_stmPT54njmIAAAAAAAAAAAAAAQAAAQ.jpg,0,247,147
A_Q8HDR58ZuAwAAAAAAAAAAAAAAQAAAQ.jpg,A_-fGnSJLpn7kAAAAAAAAAAAAAAQAAAQ.jpg,0,251,273
A_ItmHSrXG59IAAAAAAAAAAAAAAQAAAQ.jpg,A_l7TnSbKoau8AAAAAAAAAAAAAAQAAAQ.jpg,0,179,40
A_6DRKTb5hhmYAAAAAAAAAAAAAAQAAAQ.jpg,A_jHKHTLW4rOcAAAAAAAAAAAAAAQAAAQ.jpg,0,38,267
A_HTT-TokpzUQAAAAAAAAAAAAAAQAAAQ.jpg,A_hqAJQ6LPFncAAAAAAAAAAAAAAQAAAQ.jpg,0,268,108
A_S33KQZXSRKEAAAAAAAAAAAAAAQAAAQ.jpg,A_Dl-rQYisXAQAAAAAAAAAAAAAAQAAAQ.jpg,0,80,37
8Qwjp3LcQ3iDOb7i9kMsegAAACMAARAD.jpg,A_6r0MSZSuGksAAAAAAAAAAAAAAQAAAQ.jpg,0,20,262
A_0RXtQrcbVQMAAAAAAAAAAAAAAQAAAQ.jpg,A_uMyGRoe6OD4AAAAAAAAAAAAAAQAAAQ.jpg,0,223,23
A_c7PhTYy24i4AAAAAAAAAAAAAAQAAAQ.jpg,A_nKQBTJiTOPkAAAAAAAAAAAAAAQAAAQ.jpg,0,137,234
A_hV6oRqWGM8sAAAAAAAAAAAAAAQAAAQ.jpg,A_Sm0gS7RP30QAAAAAAAAAAAAAAQAAAQ.jpg,0,329,140
A_mcPlS6cWS-wAAAAAAAAAAAAAAQAAAQ.jpg,A_zRxmTpGb1kMAAAAAAAAAAAAAAQAAAQ.jpg,0,55,183
A_meIyTZfLrbEAAAAAAAAAAAAAAQAAAQ.jpg,A_DNjCS6LPySIAAAAAAAAAAAAAAQAAAQ.jpg,0,289,272
A_yhhDQbrQfGd8ld9BhzssNAAAAQAAAQ.jpg,A_oLSJS49B_k4AAAAAAAAAAAAAAQAAAQ.jpg,0,206,317
A_BRtzS61gGD4AAAAAAAAAAAAAAQAAAQ.jpg,A_JFQFRqCRuouu-ldCkHSAIAAAAQAAAQ.jpg,0,82,68
A_KwVMSYgdftIAAAAAAAAAAAAAAQAAAQ.jpg,A_7TXVT6R41bwAAAAAAAAAAAAAAQAAAQ.jpg,0,165,161
A_wmoBRoo-T8IAAAAAAAAAAAAAAQAAAQ.jpg,A_PM4uTLm28AgAAAAAAAAAAAAAAQAAAQ.jpg,0,279,304
A_dZG9Q4576q8AAAAAAAAAAAAAAQAAAQ.jpg,A_iPsbSr7C5DcAAAAAAAAAAAAAAQAAAQ.jpg,0,183,254
tk4mOGEERLCxkiRM1WOXuwAAACMAARAD.jpg,A_HII8R5WzRQ4AAAAAAAAAAAAAAQAAAQ.jpg,0,211,179
A_ywmfQoWVLnUAAAAAAAAAAAAAAQAAAQ.jpg,A_tZlpQLPXXpQAAAAAAAAAAAAAAQAAAQ.jpg,0,78,84
A_chnJTr6v4Y8AAAAAAAAAAAAAAQAAAQ.jpg,A_I5KDRLmGgB8AAAAAAAAAAAAAAQAAAQ.jpg,0,216,296
9OMvA3NtSGCRN6ymcLH-cAAAACMAARAD.jpg,A_GKxxTacH56QAAAAAAAAAAAAAAQAAAQ.jpg,0,323,21
8fDO2NZcTqetpeRD2liw8gAAACMAARAD.jpg,A_y6yGT6qZ-m4AAAAAAAAAAAAAAQAAAQ.jpg,0,190,103
A_stmPT54njmIU_RNLpIBqvAAAAQAAAQ.jpg,A_UE-JSb_9FMYAAAAAAAAAAAAAAQAAAQ.jpg,0,147,144
A_7t5MRrn6fyUAAAAAAAAAAAAAAQAAAQ.jpg,A_f8MgS5sAGg0AAAAAAAAAAAAAAQAAAQ.jpg,0,303,93
A_ZovJRIoln2wAAAAAAAAAAAAAAQAAAQ.jpg,A_zE7OR59AboMAAAAAAAAAAAAAAQAAAQ.jpg,0,47,341
YKrsyS6qRZ-rCTySE0CuoAAAACMAARAD.jpg,A_lOYRTrARg8kAAAAAAAAAAAAAAQAAAQ.jpg,0,107,285
A_QQI2TrP_nAAAAAAAAAAAAAAAAQAAAQ.jpg,A_rdsOTar7H-kAAAAAAAAAAAAAAQAAAQ.jpg,0,199,46
A_EkWETZHkU5kAAAAAAAAAAAAAAQAAAQ.jpg,A_xvAiTaIgyiIAAAAAAAAAAAAAAQAAAQ.jpg,0,212,154
A_ChqmSJ1Ok-IAAAAAAAAAAAAAAQAAAQ.jpg,A_J9o_QJCEnBQAAAAAAAAAAAAAAQAAAQ.jpg,0,153,94
A_7OgCTLT7J9AAAAAAAAAAAAAAAQAAAQ.jpg,A_-XUaRqtBWX4AAAAAAAAAAAAAAQAAAQ.jpg,0,2,159
A_D5vXRpubIH4AAAAAAAAAAAAAAQAAAQ.jpg,A__dC3S5as98wAAAAAAAAAAAAAAQAAAQ.jpg,0,154,279
A_WFX-R60X0GEAAAAAAAAAAAAAAQAAAQ.jpg,A_fAd6Q6jPCKAAAAAAAAAAAAAAAQAAAQ.jpg,0,62,339
A_UGJ9TY8666oAAAAAAAAAAAAAAQAAAQ.jpg,A_mtcjT5-8fxIAAAAAAAAAAAAAAQAAAQ.jpg,0,325,60
Gy5X3mM5RdSB0CqW4GSoGwAAACMAARAD.jpg,A_D6LoTIKJagkAAAAAAAAAAAAAAQAAAQ.jpg,0,291,77
A_gWzlTqoUv50AAAAAAAAAAAAAAQAAAQ.jpg,A_QYfVToXTeu0AAAAAAAAAAAAAAQAAAQ.jpg,0,239,229
A_8SMFQ4ABOP4AAAAAAAAAAAAAAQAAAQ.jpg,WpudhUmPQtCbPSRoq9BnHgAAACMAARAD.jpg,0,78,20
A_stmPT54njmIAAAAAAAAAAAAAAQAAAQ.jpg,A_CWhQSqgeUq4AAAAAAAAAAAAAAQAAAQ.jpg,0,147,345
A_6CUMTK6sWtwAAAAAAAAAAAAAAQAAAQ.jpg,A_D_SeQ4c--GwAAAAAAAAAAAAAAQAAAQ.jpg,0,45,309
A_XTPLTJ9RiO4AAAAAAAAAAAAAAQAAAQ.jpg,A_EgytQoIRmCEAAAAAAAAAAAAAAQAAAQ.jpg,0,325,343
A_1ruyQ7LcAuoAAAAAAAAAAAAAAQAAAQ.jpg,A_k6J1RpHE-uEAAAAAAAAAAAAAAQAAAQ.jpg,0,347,131
WpudhUmPQtCbPSRoq9BnHgAAACMAARAD.jpg,WNf53_8ITqK97-33UL-ISgAAACMAARAD.jpg,0,20,155
A_1328TKphdQgAAAAAAAAAAAAAAQAAAQ.jpg,1DUlr4dURtqhdRrCS69ZgAAAACMAARAD.jpg,0,30,310
O1CN018y9zNy1b2RyzTX0bZ_!!0-mtopupload.jpg,A_icEHSLdCQo8AAAAAAAAAAAAAAQAAAQ.jpg,0,22,124
A_qltmS7ZNsLUAAAAAAAAAAAAAAQAAAQ.jpg,A_rsioTJ5AOrcAAAAAAAAAAAAAAQAAAQ.jpg,0,91,9
A_4vgZSoQuhPgAAAAAAAAAAAAAAQAAAQ.jpg,A_y8PMQofn1wsAAAAAAAAAAAAAAQAAAQ.jpg,0,294,244
A_RPqaQYB6kjQAAAAAAAAAAAAAAQAAAQ.jpg,A_BUCBRov7kcoAAAAAAAAAAAAAAQAAAQ.jpg,0,168,170
A_yBncQYqQkt4AAAAAAAAAAAAAAQAAAQ.jpg,A_cwDhQLizVhEAAAAAAAAAAAAAAQAAAQ.jpg,0,250,159
A_UE-JSb_9FMYAAAAAAAAAAAAAAQAAAQ.jpg,A_h0UnRoWDbBQAAAAAAAAAAAAAAQAAAQ.jpg,0,144,181
A_7z2dSpjqRhsAAAAAAAAAAAAAAQAAAQ.jpg,A_41GqSJs5RO4AAAAAAAAAAAAAAQAAAQ.jpg,0,302,265
A_gZaiTKWdZY4AAAAAAAAAAAAAAQAAAQ.jpg,A_e6vmTbdC-9oAAAAAAAAAAAAAAQAAAQ.jpg,0,290,264
A_CAlCTIVL_TQAAAAAAAAAAAAAAQAAAQ.jpg,A_WFX-R60X0GE0GDJMjg5KkAAAAQAAAQ.jpg,0,295,62
A_P3qUR6v9jfsAAAAAAAAAAAAAAQAAAQ.jpg,ydJW6409RSKvBzpK1xzS0QAAACMAARAD.jpg,0,204,27
A_6KB1R5-AhUgAAAAAAAAAAAAAAQAAAQ.jpg,A__9DkRL2nqzgAAAAAAAAAAAAAAQAAAQ.jpg,0,36,222
5Oscl8XJRRC2rytTlGL-0AAAACMAARAD.jpg,A_chnJTr6v4Y8AAAAAAAAAAAAAAQAAAQ.jpg,0,226,216
A_srDSRYqJNiUAAAAAAAAAAAAAAQAAAQ.jpg,A_MkJtQKVpPRIAAAAAAAAAAAAAAQAAAQ.jpg,0,44,232
A_GMLtS7vMkDMAAAAAAAAAAAAAAQAAAQ.jpg,FjU3DCiVRJi-p0oNR-tAGgAAACMAARAD.jpg,0,241,27
4mdzWDyRQ82GuQWRmzSQBQAAACMAARAD.jpg,A_GIwlTbJGP0EAAAAAAAAAAAAAAQAAAQ.jpg,0,186,30
A_Dl-rQYisXAQAAAAAAAAAAAAAAQAAAQ.jpg,A_h4c5Sad3a7IAAAAAAAAAAAAAAQAAAQ.jpg,0,37,40
A_1iq-SaD4TSYAAAAAAAAAAAAAAQAAAQ.jpg,A_O8KZRLhoNGMAAAAAAAAAAAAAAQAAAQ.jpg,0,300,105
A_RPqaQYB6kjQAAAAAAAAAAAAAAQAAAQ.jpg,A_KwVMSYgdftIAAAAAAAAAAAAAAQAAAQ.jpg,0,168,165
A_S11EQYn7Fj8AAAAAAAAAAAAAAQAAAQ.jpg,A_uOCiT40f578AAAAAAAAAAAAAAQAAAQ.jpg,0,224,347
PXhnsQ6BSAW7VRUKjS1fswAAACMAARAD.jpg,A_uY8RT48iBmoAAAAAAAAAAAAAAQAAAQ.jpg,0,70,178
A_ab2UR5VE8pYAAAAAAAAAAAAAAQAAAQ.jpg,A_p05OT6oYxSoAAAAAAAAAAAAAAQAAAQ.jpg,0,49,11
A_8ZqeTLmaayAAAAAAAAAAAAAAAQAAAQ.jpg,A_a5OsTbYWWVQAAAAAAAAAAAAAAQAAAQ.jpg,0,212,137
A_SbRDQbZ63xkAAAAAAAAAAAAAAQAAAQ.jpg,A_srDSRYqJNiUAAAAAAAAAAAAAAQAAAQ.jpg,0,78,44
A_QMXJRr8rzh4AAAAAAAAAAAAAAQAAAQ.jpg,A_N13KR4j5Yt8AAAAAAAAAAAAAAQAAAQ.jpg,0,300,228
A_r8U0Tp2-P0MAAAAAAAAAAAAAAQAAAQ.jpg,2A23mcKTRe6iwvdle-DnoQAAACMAARAD.jpg,0,57,349
A_m-aWTY3Ot-AAAAAAAAAAAAAAAQAAAQ.jpg,A_QQwbSY54pOsAAAAAAAAAAAAAAQAAAQ.jpg,0,26,48
A_fDM3T7_Er0wAAAAAAAAAAAAAAQAAAQ.jpg,A_stmPT54njmIU_RNLpIBqvAAAAQAAAQ.jpg,0,21,147
A_TY-_RJN0r98AAAAAAAAAAAAAAQAAAQ.jpg,A_zxwhSKLMsogAAAAAAAAAAAAAAQAAAQ.jpg,0,79,147
O4evSscSQOaRanT5DclZ5wAAACMAARAD.jpg,A_YOLjSLCb05sAAAAAAAAAAAAAAQAAAQ.jpg,0,4,31
A_to61RICU3tgAAAAAAAAAAAAAAQAAAQ.jpg,A_cwDhQLizVhEAAAAAAAAAAAAAAQAAAQ.jpg,0,139,159
A_1ruyQ7LcAuoAAAAAAAAAAAAAAQAAAQ.jpg,A_3bzNSLXJbYMAAAAAAAAAAAAAAQAAAQ.jpg,0,347,324
A_5zh3RYWgmsoAAAAAAAAAAAAAAQAAAQ.jpg,A_JUa9QZwAOOgAAAAAAAAAAAAAAQAAAQ.jpg,0,76,298
A__ZWPQJQKX10AAAAAAAAAAAAAAQAAAQ.jpg,A_pUauTrONA4kAAAAAAAAAAAAAAQAAAQ.jpg,0,314,318
A_bKPlQL4w2iUAAAAAAAAAAAAAAQAAAQ.jpg,omt8M0kmRMSuRUW91x_fLgAAACMAARAD.jpg,0,345,177
A_C4yWR6KggDwAAAAAAAAAAAAAAQAAAQ.jpg,A_-fnOTrhcN3oAAAAAAAAAAAAAAQAAAQ.jpg,0,61,243
A_aA69SpvZhQQAAAAAAAAAAAAAAQAAAQ.jpg,A_i86wS72-_lQAAAAAAAAAAAAAAQAAAQ.jpg,0,311,224
A_SD6EQ6H3_WcAAAAAAAAAAAAAAQAAAQ.jpg,A_cKTpQK7jeCMAAAAAAAAAAAAAAQAAAQ.jpg,0,47,143
A_OkeCQptuOYkAAAAAAAAAAAAAAQAAAQ.jpg,A_iWCAS7hDyJEAAAAAAAAAAAAAAQAAAQ.jpg,0,32,281
A_TKDrRJ6csBwAAAAAAAAAAAAAAQAAAQ.jpg,1u5RC96DSSGhP-caETvXfQAAACMAARAD.jpg,0,257,177
IJnfoTCGRzy_PnKxNA20FAAAACMAARAD.jpg,A_0xRaQ4mC4A0AAAAAAAAAAAAAAQAAAQ.jpg,0,306,332
A_0VjnQoOyQFYAAAAAAAAAAAAAAQAAAQ.jpg,A_WcuHSKIfpFcAAAAAAAAAAAAAAQAAAQ.jpg,0,119,329
5Oscl8XJRRC2rytTlGL-0AAAACMAARAD.jpg,A_2wBqTpzmeL3VldlEs7raLQAAAQAAAQ.jpg,0,226,49
A_8SMFQ4ABOP4AAAAAAAAAAAAAAQAAAQ.jpg,A_MzYDRI1zIykAAAAAAAAAAAAAAQAAAQ.jpg,0,78,122
A_8P78SYHj8vsAAAAAAAAAAAAAAQAAAQ.jpg,dGG2aRuKRkqEOETt9YkP4gAAACMAARAD.jpg,0,312,282
A_Z9O5TZhkv2IAAAAAAAAAAAAAAQAAAQ.jpg,A_qA51SrJMwRIAAAAAAAAAAAAAAQAAAQ.jpg,0,227,222
A_8xTQSLkd18MAAAAAAAAAAAAAAQAAAQ.jpg,A_aEr8SogcnnIAAAAAAAAAAAAAAQAAAQ.jpg,0,125,311
A_DJoqQr7L5-IAAAAAAAAAAAAAAQAAAQ.jpg,A_VVyqSqssGX8AAAAAAAAAAAAAAQAAAQ.jpg,0,36,110
A_NnDDQ68F5F8AAAAAAAAAAAAAAQAAAQ.jpg,A_kCm8SqJ4xbQAAAAAAAAAAAAAAQAAAQ.jpg,0,146,299
A_wSWmTr7_FucAAAAAAAAAAAAAAQAAAQ.jpg,7ACCezYsSqiEz-zehRjeGAAAACMAARAD.jpg,0,302,310
A_b4GpSbjTmGoAAAAAAAAAAAAAAQAAAQ.jpg,A_03AFSaoCIYMAAAAAAAAAAAAAAQAAAQ.jpg,0,337,184
A_Qee6TYh_N0AAAAAAAAAAAAAAAQAAAQ.jpg,A_hdpuRLEj1idQCwdMtulO4QAAAQAAAQ.jpg,0,303,326
PYuk0PscTpKyg5nsQBOYZgAAACMAARAD.jpg,A_41GqSJs5RO4AAAAAAAAAAAAAAQAAAQ.jpg,0,107,265
A_gWzlTqoUv50AAAAAAAAAAAAAAQAAAQ.jpg,A_XHurTYV1xScAAAAAAAAAAAAAAQAAAQ.jpg,0,239,337
A_7zpaTrXCE1sAAAAAAAAAAAAAAQAAAQ.jpg,igBDl6ziSdODf-fpbtEL1wAAACMAARAD.jpg,0,288,306
A_PNRuRprSSG4AAAAAAAAAAAAAAQAAAQ.jpg,A_A3vxSa7MGD4AAAAAAAAAAAAAAQAAAQ.jpg,0,335,29
A_CSAAQqCz9coAAAAAAAAAAAAAAQAAAQ.jpg,A__9DkRL2nqzgAAAAAAAAAAAAAAQAAAQ.jpg,0,117,222
A_Hd0LRLVyFxQAAAAAAAAAAAAAAQAAAQ.jpg,A_zcYfTIvp2lMAAAAAAAAAAAAAAQAAAQ.jpg,0,213,277
ORZnfTwMTGmDKW-_9Zm_cAAAACMAARAD.jpg,ysnTdNgkTQ2KcesYGinCrgAAACMAARAD.jpg,0,348,132
A_OssPT5JNclsAAAAAAAAAAAAAAQAAAQ.jpg,A_0VjnQoOyQFYAAAAAAAAAAAAAAQAAAQ.jpg,0,269,119
A_V4M-S5Mt__QAAAAAAAAAAAAAAQAAAQ.jpg,dyxtW91GQ3m1hwcxGe6xNQAAACMAARAD.jpg,0,191,72
A_7HodQI2rtSUAAAAAAAAAAAAAAQAAAQ.jpg,A_ogroTKEURIMAAAAAAAAAAAAAAQAAAQ.jpg,0,24,102
A_srDSRYqJNiUAAAAAAAAAAAAAAQAAAQ.jpg,A_w5yBQq07ZGQAAAAAAAAAAAAAAQAAAQ.jpg,0,44,218
A_kQDWQJm3qKQAAAAAAAAAAAAAAQAAAQ.jpg,KhYwboiXREiuD9ad__7GDwAAACMAARAD.jpg,0,32,188
5-dDbF_HS_O0O2_34lIV9AAAACMAARAD.jpg,A_OStdQqQjUL8AAAAAAAAAAAAAAQAAAQ.jpg,0,186,210
A_oU0aQJ48IRsAAAAAAAAAAAAAAQAAAQ.jpg,A_p7msSIPIoxsAAAAAAAAAAAAAAQAAAQ.jpg,0,133,202
A_BXDpSpUjofgAAAAAAAAAAAAAAQAAAQ.jpg,t7OjT-JkTe-fdqtZnMC8oAAAACMAARAD.jpg,0,68,129
A_UXmITL-h8LMAAAAAAAAAAAAAAQAAAQ.jpg,HO658TQUQEWkFzwQclWO6QAAACMAARAD.jpg,0,140,316
A_2wBqTpzmeL3VldlEs7raLQAAAQAAAQ.jpg,A_YGM9RqelARIAAAAAAAAAAAAAAQAAAQ.jpg,0,49,250
A_PM4uTLm28AgAAAAAAAAAAAAAAQAAAQ.jpg,A_FOIbSaYkQ0MAAAAAAAAAAAAAAQAAAQ.jpg,0,304,80
uxwfx91iR5GKZanJd9Z42wAAACMAARAD.jpg,A_ItmHSrXG59IAAAAAAAAAAAAAAQAAAQ.jpg,0,174,179
A_Aw59RY7js60AAAAAAAAAAAAAAQAAAQ.jpg,A_KjDbQJVMoCMAAAAAAAAAAAAAAQAAAQ.jpg,0,5,171
A_juPfTZQWNPEAAAAAAAAAAAAAAQAAAQ.jpg,A_N7TMSppc4iUAAAAAAAAAAAAAAQAAAQ.jpg,0,30,101
A_dx0gTp9A5A0AAAAAAAAAAAAAAQAAAQ.jpg,A_UHH0So61ecgAAAAAAAAAAAAAAQAAAQ.jpg,0,105,275
A_V4M-S5Mt__QAAAAAAAAAAAAAAQAAAQ.jpg,A_gPk9T4n_WewAAAAAAAAAAAAAAQAAAQ.jpg,0,191,28
A_VNPxS4voAo4AAAAAAAAAAAAAAQAAAQ.jpg,hc_8dM3TTzeQxx1wn6w2ogAAACMAARAD.jpg,0,49,128
tk4mOGEERLCxkiRM1WOXuwAAACMAARAD.jpg,A_-pSrT6xClQcAAAAAAAAAAAAAAQAAAQ.jpg,0,211,97
A_higyRahZ3-cAAAAAAAAAAAAAAQAAAQ.jpg,f4a1-1TxSRStvQAki3vjjQAAACMAARAD.jpg,0,266,150
A_GhJrQqvVGfAAAAAAAAAAAAAAAQAAAQ.jpg,A_o6_aR5P_rB8AAAAAAAAAAAAAAQAAAQ.jpg,0,46,217
A_lOYRTrARg8kAAAAAAAAAAAAAAQAAAQ.jpg,A_LFTBTrq2so4AAAAAAAAAAAAAAQAAAQ.jpg,0,285,278
C7LFRq-yQ3al5ElDQWDhUAAAACMAARAD.jpg,A_YlkgQbNnNSoAAAAAAAAAAAAAAQAAAQ.jpg,0,310,19
A_Urt9TpyTclsAAAAAAAAAAAAAAQAAAQ.jpg,A_CFppRq-ikRoAAAAAAAAAAAAAAQAAAQ.jpg,0,37,227
A_zz-aSZh8rzMAAAAAAAAAAAAAAQAAAQ.jpg,A_vdO2RolMKVcAAAAAAAAAAAAAAQAAAQ.jpg,0,127,98
4AGq8NKSRuOp1uokfOiJnwAAACMAARAD.jpg,A__NR8QZ1qcjQAAAAAAAAAAAAAAQAAAQ.jpg,0,52,97
A_F-Y6SLy3q3kAAAAAAAAAAAAAAQAAAQ.jpg,A_wNo8Squ-ZpAAAAAAAAAAAAAAAQAAAQ.jpg,0,127,8
A_ogroTKEURIMAAAAAAAAAAAAAAQAAAQ.jpg,A_88GIR4a9ssoAAAAAAAAAAAAAAQAAAQ.jpg,0,102,266
A_BTGhRL3hvxwAAAAAAAAAAAAAAQAAAQ.jpg,A__MyoS6tXD44AAAAAAAAAAAAAAQAAAQ.jpg,0,0,86
A_D6LoTIKJagkAAAAAAAAAAAAAAQAAAQ.jpg,A_4OwVSaVoxg4AAAAAAAAAAAAAAQAAAQ.jpg,0,77,170
A_dx0gTp9A5A0AAAAAAAAAAAAAAQAAAQ.jpg,A_FGfzSpRlJ9AAAAAAAAAAAAAAAQAAAQ.jpg,0,105,263
A_qQf9R5n-NaZuA4BJgsZMVwAAAQAAAQ.jpg,A_92a6Tq_Mr68AAAAAAAAAAAAAAQAAAQ.jpg,0,10,175
A_LWb7SL9pX8IAAAAAAAAAAAAAAQAAAQ.jpg,A_I5KDRLmGgB8AAAAAAAAAAAAAAQAAAQ.jpg,0,98,296
A_0Z_BTJTyxrUAAAAAAAAAAAAAAQAAAQ.jpg,A_A17DRrV-btsAAAAAAAAAAAAAAQAAAQ.jpg,0,135,33
A_MfjWQa58yzwAAAAAAAAAAAAAAQAAAQ.jpg,A_1AcjS7HMufYAAAAAAAAAAAAAAQAAAQ.jpg,0,90,189
A_3AbSRaIVmvwAAAAAAAAAAAAAAQAAAQ.jpg,A_1WHrSb70BwYAAAAAAAAAAAAAAQAAAQ.jpg,0,158,347
HuSWm8MwS8C21fYeSVVyagAAACMAARAD.jpg,A_ToioR6w5lKgAAAAAAAAAAAAAAQAAAQ.jpg,0,134,283
A_j72ARLb_6boAAAAAAAAAAAAAAQAAAQ.jpg,A_ItmHSrXG59IAAAAAAAAAAAAAAQAAAQ.jpg,0,161,179
A_PD58S5qjNQoAAAAAAAAAAAAAAQAAAQ.jpg,A_nwlKT4igLyQAAAAAAAAAAAAAAQAAAQ.jpg,0,262,37
A_lv0eRrxAXNwAAAAAAAAAAAAAAQAAAQ.jpg,A__hNgQJmrLXkAAAAAAAAAAAAAAQAAAQ.jpg,0,193,100
jjWLPK10Q3S11BG3fnopQgAAACMAARAD.jpg,A_A3vxSa7MGD4AAAAAAAAAAAAAAQAAAQ.jpg,0,188,29
A_nZIFTqwyAG0AAAAAAAAAAAAAAQAAAQ.jpg,A_Qee6TYh_N0AAAAAAAAAAAAAAAQAAAQ.jpg,0,341,303
A_1328TKphdQgAAAAAAAAAAAAAAQAAAQ.jpg,A_EUqYT7AVrh4AAAAAAAAAAAAAAQAAAQ.jpg,0,30,154
A_TlQXRagTGKcAAAAAAAAAAAAAAQAAAQ.jpg,A_tZlpQLPXXpQAAAAAAAAAAAAAAQAAAQ.jpg,0,172,84
A_NloJTpjGmzgAAAAAAAAAAAAAAQAAAQ.jpg,A_9jzqQrTHgCQAAAAAAAAAAAAAAQAAAQ.jpg,0,62,126
A_W-xaT78i22MAAAAAAAAAAAAAAQAAAQ.jpg,A_0mFaQoSKPVgAAAAAAAAAAAAAAQAAAQ.jpg,0,50,87
A_8TLTSrYPUTUAAAAAAAAAAAAAAQAAAQ.jpg,A_B70bT5SypHUAAAAAAAAAAAAAAQAAAQ.jpg,0,328,55
A_NjG2SqOfUE4AAAAAAAAAAAAAAQAAAQ.jpg,A_GtTURpEqgsQAAAAAAAAAAAAAAQAAAQ.jpg,0,342,111
A_gR_YR4d18TQAAAAAAAAAAAAAAQAAAQ.jpg,O1CN01FwhDIF1wj8peOpsqy_!!0-mtopupload.jpg,0,127,22
A_2PylSJ1j8RIAAAAAAAAAAAAAAQAAAQ.jpg,A_16FyRKAdZCwAAAAAAAAAAAAAAQAAAQ.jpg,0,191,139
A_lU5xT7JfAoEAAAAAAAAAAAAAAQAAAQ.jpg,A_1OujSoSRAr8AAAAAAAAAAAAAAQAAAQ.jpg,0,317,292
A_MfjWQa58yzwAAAAAAAAAAAAAAQAAAQ.jpg,A_IeYBSaupD3QAAAAAAAAAAAAAAQAAAQ.jpg,0,90,75
Nr4fpTnSRWGdwsellE27SQAAACMAARAD.jpg,A_C0vvSpWL_JsAAAAAAAAAAAAAAQAAAQ.jpg,0,71,121
A_4ERZQIbzN0oAAAAAAAAAAAAAAQAAAQ.jpg,A_i7AkRLef484AAAAAAAAAAAAAAQAAAQ.jpg,0,265,240
A__z-iTZs2YvEAAAAAAAAAAAAAAQAAAQ.jpg,A_7mlCRqiHNywAAAAAAAAAAAAAAQAAAQ.jpg,0,14,215
igBDl6ziSdODf-fpbtEL1wAAACMAARAD.jpg,A_fdNlRZAJ1LIAAAAAAAAAAAAAAQAAAQ.jpg,0,306,89
A_Urt9TpyTclsAAAAAAAAAAAAAAQAAAQ.jpg,ZyHG3kTpSISXJaNBidsZFQAAACMAARAD.jpg,0,37,238
A_nKQBTJiTOPkAAAAAAAAAAAAAAQAAAQ.jpg,A_4OwVSaVoxg4AAAAAAAAAAAAAAQAAAQ.jpg,0,234,170
A_5RnLQp7mKNsAAAAAAAAAAAAAAQAAAQ.jpg,A_2lrgQ5piRFsAAAAAAAAAAAAAAQAAAQ.jpg,0,130,123
A_uzHRSJ5nN_cAAAAAAAAAAAAAAQAAAQ.jpg,A_dx0gTp9A5A0AAAAAAAAAAAAAAQAAAQ.jpg,0,335,105
A_YaJOSrbcB5YAAAAAAAAAAAAAAQAAAQ.jpg,A_CKcESIEZPPsAAAAAAAAAAAAAAQAAAQ.jpg,0,181,198
A_6XZZT6vaEZ4AAAAAAAAAAAAAAQAAAQ.jpg,A_3sPRTprtYa8AAAAAAAAAAAAAAQAAAQ.jpg,0,294,66
A_04oDR5lbyT4AAAAAAAAAAAAAAQAAAQ.jpg,A_vxNlQoSOcesAAAAAAAAAAAAAAQAAAQ.jpg,0,163,23
A_LRDNQb_6khoAAAAAAAAAAAAAAQAAAQ.jpg,A_FTXOTL2SfYwAAAAAAAAAAAAAAQAAAQ.jpg,0,342,293
A_82BHQ5VJpoQAAAAAAAAAAAAAAQAAAQ.jpg,A_stmPT54njmIAAAAAAAAAAAAAAQAAAQ.jpg,0,326,147
A_7FcUTJfZ-EEAAAAAAAAAAAAAAQAAAQ.jpg,A_6aJ8Sa2FS-YAAAAAAAAAAAAAAQAAAQ.jpg,0,200,317
RZ0pi9gnRguCbwW_2IFLegAAACMAARAD.jpg,A_0VjnQoOyQFYAAAAAAAAAAAAAAQAAAQ.jpg,0,315,119
A_CjU5SoWF2L0AAAAAAAAAAAAAAQAAAQ.jpg,A_rmRYSoi_81sAAAAAAAAAAAAAAQAAAQ.jpg,0,118,218
A_eKPdQ7NuzWMAAAAAAAAAAAAAAQAAAQ.jpg,A_TIBEQZKlgbsAAAAAAAAAAAAAAQAAAQ.jpg,0,79,237
A_4COnRIftFtkAAAAAAAAAAAAAAQAAAQ.jpg,A_B70bT5SypHUAAAAAAAAAAAAAAQAAAQ.jpg,0,104,55
A_OQeoS4r3iwoAAAAAAAAAAAAAAQAAAQ.jpg,A_N57xRZ6tBnwAAAAAAAAAAAAAAQAAAQ.jpg,0,284,157
A_CRqJQKCtnOMAAAAAAAAAAAAAAQAAAQ.jpg,A_qi_5T4aATlcAAAAAAAAAAAAAAQAAAQ.jpg,0,341,261
A_vsngRpRhfFsAAAAAAAAAAAAAAQAAAQ.jpg,A_3HV_SoaRBjcAAAAAAAAAAAAAAQAAAQ.jpg,0,112,260
A_SXGPT6VlGv0AAAAAAAAAAAAAAQAAAQ.jpg,A_-iZQTKAWibIAAAAAAAAAAAAAAQAAAQ.jpg,0,15,230
A_bLPoRob0He8AAAAAAAAAAAAAAQAAAQ.jpg,A_V3ppS6VZwMoAAAAAAAAAAAAAAQAAAQ.jpg,0,319,340
A_hV6oRqWGM8sAAAAAAAAAAAAAAQAAAQ.jpg,A_BMEtTpAKIZUAAAAAAAAAAAAAAQAAAQ.jpg,0,329,247
A_zfe6Ta1sN6AAAAAAAAAAAAAAAQAAAQ.jpg,A_cKh6QbFC51wAAAAAAAAAAAAAAQAAAQ.jpg,0,79,169
A_wxWxSZH1r_QAAAAAAAAAAAAAAQAAAQ.jpg,A__EmvQZaIrk0AAAAAAAAAAAAAAQAAAQ.jpg,0,293,330
s-goRr4zRqihodt8c49wvwAAACMAARAD.jpg,A_2zQ8SKw0HmwAAAAAAAAAAAAAAQAAAQ.jpg,0,174,119
A_uJ6ISJ1NElsAAAAAAAAAAAAAAQAAAQ.jpg,A_ffGlTZG85-QAAAAAAAAAAAAAAQAAAQ.jpg,0,256,322
A_BH18R5ERvpkAAAAAAAAAAAAAAQAAAQ.jpg,A_fAd6Q6jPCKAAAAAAAAAAAAAAAQAAAQ.jpg,0,198,339
A_YlkgQbNnNSoAAAAAAAAAAAAAAQAAAQ.jpg,A_82BHQ5VJpoQAAAAAAAAAAAAAAQAAAQ.jpg,0,19,326
A_ywmfQoWVLnUAAAAAAAAAAAAAAQAAAQ.jpg,A_H_ulSqKIeUgAAAAAAAAAAAAAAQAAAQ.jpg,0,78,93
A_ymwwSJZai5IAAAAAAAAAAAAAAQAAAQ.jpg,A_41GqSJs5RO4AAAAAAAAAAAAAAQAAAQ.jpg,0,122,265
dRX2p0mwRrumfcxLhB9tHAAAACMAARAD.jpg,A__YxFR6NzEjQAAAAAAAAAAAAAAQAAAQ.jpg,0,6,13
A_4rjUSryl48IAAAAAAAAAAAAAAQAAAQ.jpg,A_qDygQaMbmCsAAAAAAAAAAAAAAQAAAQ.jpg,0,317,119
A_i7AkRLef484AAAAAAAAAAAAAAQAAAQ.jpg,A_uJmSS6jwC_EAAAAAAAAAAAAAAQAAAQ.jpg,0,240,151
uKy0yW2aSKGHTpR2lfUysQAAACMAARAD.jpg,A2fZWAEeTfWyTqA6MlIezgAAACMAARAD.jpg,0,132,164
A_Yr4LQpnqCAEAAAAAAAAAAAAAAQAAAQ.jpg,A_OssPT5JNclsAAAAAAAAAAAAAAQAAAQ.jpg,0,48,269
A_FyXHS6lwH00AAAAAAAAAAAAAAQAAAQ.jpg,A_82BHQ5VJpoQAAAAAAAAAAAAAAQAAAQ.jpg,0,142,326
A_Z4zcS4aqMeIAAAAAAAAAAAAAAQAAAQ.jpg,YFn8FC0cQFGTffeP-0YugAAAACMAARAD.jpg,0,253,188
A_8MxtS7nrx5oAAAAAAAAAAAAAAQAAAQ.jpg,A_Y4XwSLpSghkAAAAAAAAAAAAAAQAAAQ.jpg,0,53,114
A_gpwRSb16XloAAAAAAAAAAAAAAQAAAQ.jpg,A_846cT62QLOEAAAAAAAAAAAAAAQAAAQ.jpg,0,241,10
O1CN01FwhDIF1wj8peOpsqy_!!0-mtopupload.jpg,A_ACH-Ta-cq-oAAAAAAAAAAAAAAQAAAQ.jpg,0,22,340
A_s6NBRJVoqogAAAAAAAAAAAAAAQAAAQ.jpg,A_LaJXSLgvcWAAAAAAAAAAAAAAAQAAAQ.jpg,0,228,185
A_ojwmQZn-s4QAAAAAAAAAAAAAAQAAAQ.jpg,A_7TWPT4_hkwwAAAAAAAAAAAAAAQAAAQ.jpg,0,8,345
A_8P78SYHj8vsAAAAAAAAAAAAAAQAAAQ.jpg,A_o6tyRpwL8I0AAAAAAAAAAAAAAQAAAQ.jpg,0,312,100
A_FbS7RJkTRPMAAAAAAAAAAAAAAQAAAQ.jpg,A_oGUWTJP5TlUAAAAAAAAAAAAAAQAAAQ.jpg,0,99,202
A__pBPR5UaDJ8AAAAAAAAAAAAAAQAAAQ.jpg,A_CJEPQZwY7_IAAAAAAAAAAAAAAQAAAQ.jpg,0,229,191
A_Ieo9SKFx2U0AAAAAAAAAAAAAAQAAAQ.jpg,A_VVyqSqssGX8AAAAAAAAAAAAAAQAAAQ.jpg,0,82,110
A_437OSrredWUAAAAAAAAAAAAAAQAAAQ.jpg,A_mcPlS6cWS-wAAAAAAAAAAAAAAQAAAQ.jpg,0,271,55
A_7OgCTLT7J9AAAAAAAAAAAAAAAQAAAQ.jpg,LNlPtwVGSl-ipHGlshPDWAAAACMAARAD.jpg,0,2,134
A__z-iTZs2YvEAAAAAAAAAAAAAAQAAAQ.jpg,A_Vb0FSquZ6YkAAAAAAAAAAAAAAQAAAQ.jpg,0,14,237
A_PLH0TI0npUYAAAAAAAAAAAAAAQAAAQ.jpg,A_FSyZQ40qPbEAAAAAAAAAAAAAAQAAAQ.jpg,0,294,257
A_0gczRYEcMd0AAAAAAAAAAAAAAQAAAQ.jpg,A_OxUmQoSZMqwAAAAAAAAAAAAAAQAAAQ.jpg,0,193,230
A_KxBVRZ_49dEAAAAAAAAAAAAAAQAAAQ.jpg,A_UHv6TJv2h5cAAAAAAAAAAAAAAQAAAQ.jpg,0,176,283
A_CAlCTIVL_TQAAAAAAAAAAAAAAQAAAQ.jpg,A_JFf0QpMDxLUAAAAAAAAAAAAAAQAAAQ.jpg,0,295,178
A_-iZQTKAWibIAAAAAAAAAAAAAAQAAAQ.jpg,A_yqmVSY6yhroAAAAAAAAAAAAAAQAAAQ.jpg,0,230,104
A_qi_5T4aATlcAAAAAAAAAAAAAAQAAAQ.jpg,A_hbD0T7EIoRYAAAAAAAAAAAAAAQAAAQ.jpg,0,261,74
A_9T8iRZsNnOoAAAAAAAAAAAAAAQAAAQ.jpg,A_jwl4QaUztl0AAAAAAAAAAAAAAQAAAQ.jpg,0,91,187
A_y8iFSJzwNJ4AAAAAAAAAAAAAAQAAAQ.jpg,A_LC73QKKHtxsAAAAAAAAAAAAAAQAAAQ.jpg,0,272,183
A_yqmVSY6yhroAAAAAAAAAAAAAAQAAAQ.jpg,A_NuL2TKMEwowAAAAAAAAAAAAAAQAAAQ.jpg,0,104,265
A_Sdv3QYReNXkAAAAAAAAAAAAAAQAAAQ.jpg,A_S4LDTLYmuK0AAAAAAAAAAAAAAQAAAQ.jpg,0,250,36
40cC6HWzRva34jaC_YZZAwAAACMAARED.jpg,A_7dSiR56sjZkAAAAAAAAAAAAAAQAAAQ.jpg,0,128,313
A_hB7UQZ1wHGQAAAAAAAAAAAAAAQAAAQ.jpg,dsoua9awQ96zA43Lqf2KVgAAACMAARAD.jpg,0,183,226
A_OtoGQIQE13QAAAAAAAAAAAAAAQAAAQ.jpg,A_Q0c_QIvmCAoAAAAAAAAAAAAAAQAAAQ.jpg,0,10,118
A_k6J1RpHE-uEAAAAAAAAAAAAAAQAAAQ.jpg,2d-0eWw0TDKv5kSoh012ogAAACMAARAD.jpg,0,131,316
A_xzWOSL6pNFAAAAAAAAAAAAAAAQAAAQ.jpg,A_des9TqTtlVkAAAAAAAAAAAAAAQAAAQ.jpg,0,274,230
A_WFX-R60X0GEAAAAAAAAAAAAAAQAAAQ.jpg,A_7agWQomXiksAAAAAAAAAAAAAAQAAAQ.jpg,0,62,85
A_K9CLR4e8IykAAAAAAAAAAAAAAQAAAQ.jpg,A_sjosRJ0wPVkAAAAAAAAAAAAAAQAAAQ.jpg,0,346,179
A_eUwvR77C5UwAAAAAAAAAAAAAAQAAAQ.jpg,A_Jz60TodhpGjXzl5IpWUeAQAAAQAAAQ.jpg,0,65,99
A_Ysu4QqIqPYkAAAAAAAAAAAAAAQAAAQ.jpg,A__FI5Q5Jfi3EAAAAAAAAAAAAAAQAAAQ.jpg,0,333,29
A_gR_YR4d18TQAAAAAAAAAAAAAAQAAAQ.jpg,A_-pSrT6xClQcAAAAAAAAAAAAAAQAAAQ.jpg,0,127,97
A_cU0aRI8xDi0AAAAAAAAAAAAAAQAAAQ.jpg,A_eqkkQptcgkUAAAAAAAAAAAAAAQAAAQ.jpg,0,156,94
KhYwboiXREiuD9ad__7GDwAAACMAARAD.jpg,A_iAk4T7b-HD4AAAAAAAAAAAAAAQAAAQ.jpg,0,188,337
A_QR05Sq93mfIAAAAAAAAAAAAAAQAAAQ.jpg,A_BRtzS61gGD4AAAAAAAAAAAAAAQAAAQ.jpg,0,69,82
A_qK0OTL76_bMAAAAAAAAAAAAAAQAAAQ.jpg,ydJW6409RSKvBzpK1xzS0QAAACMAARAD.jpg,0,21,27
A_Ws9rTr4ssSIAAAAAAAAAAAAAAQAAAQ.jpg,A_FTXOTL2SfYwAAAAAAAAAAAAAAQAAAQ.jpg,0,159,293
A_SyljToXBtGgAAAAAAAAAAAAAAQAAAQ.jpg,CGF0IrWnSRGBFZV0QP-bbAAAACMAARAD.jpg,0,88,219
A_qWCCR7R42PUAAAAAAAAAAAAAAQAAAQ.jpg,A_AuorQ4yCMh0AAAAAAAAAAAAAAQAAAQ.jpg,0,288,161
A_XiKLT6SCDZsAAAAAAAAAAAAAAQAAAQ.jpg,A_Xrx1SIEgz8YAAAAAAAAAAAAAAQAAAQ.jpg,0,168,206
1yv1XFmYQIqGC3ETpIuU2QAAACMAARAD.jpg,A_BT-TSJ2u3kMAAAAAAAAAAAAAAQAAAQ.jpg,0,70,279
A_NjG2SqOfUE4AAAAAAAAAAAAAAQAAAQ.jpg,A__DG-QaId_tcAAAAAAAAAAAAAAQAAAQ.jpg,0,342,87
A_yrFZSaXtfAEAAAAAAAAAAAAAAQAAAQ.jpg,A_sltnS47XRVEAAAAAAAAAAAAAAQAAAQ.jpg,0,162,201
A_HeLsQKQMu50AAAAAAAAAAAAAAQAAAQ.jpg,EIpoK14ATmCiS-H_pM6kvAAAACMAARAD.jpg,0,43,54
A_mEEyRI2A9fMAAAAAAAAAAAAAAQAAAQ.jpg,LNlPtwVGSl-ipHGlshPDWAAAACMAARAD.jpg,0,251,134
A_USsBT7LiLzQAAAAAAAAAAAAAAQAAAQ.jpg,A_hwdWQq75_mQAAAAAAAAAAAAAAQAAAQ.jpg,0,286,7
aa7CED-ZTiSSG_-WFIoMkwAAACMAARAD.jpg,A_LZQHRJnzs8kAAAAAAAAAAAAAAQAAAQ.jpg,0,166,85
A_LWb7SL9pX8IAAAAAAAAAAAAAAQAAAQ.jpg,A_EvDCT75_gY4AAAAAAAAAAAAAAQAAAQ.jpg,0,98,57
A__FI5Q5Jfi3EAAAAAAAAAAAAAAQAAAQ.jpg,A_qB4QT6PpWG8AAAAAAAAAAAAAAQAAAQ.jpg,0,29,242
A_M6rDSaJqguwAAAAAAAAAAAAAAQAAAQ.jpg,A_zfe6Ta1sN6AAAAAAAAAAAAAAAQAAAQ.jpg,0,25,79
A_gBKETKn8DvwAAAAAAAAAAAAAAQAAAQ.jpg,A_P_orQb_1tnYAAAAAAAAAAAAAAQAAAQ.jpg,0,182,269
A_mbl_QJe6wqwAAAAAAAAAAAAAAQAAAQ.jpg,A_I-uhS4pzzngAAAAAAAAAAAAAAQAAAQ.jpg,0,168,260
A_FGfzSpRlJ9AAAAAAAAAAAAAAAQAAAQ.jpg,UB-NZRT8SxapdoqCNWuvvAAAACMAARAD.jpg,0,263,211
A_tmV0SKPNXSUAAAAAAAAAAAAAAQAAAQ.jpg,A_qK0OTL76_bMAAAAAAAAAAAAAAQAAAQ.jpg,0,169,21
A_c_7LRYptgZ4AAAAAAAAAAAAAAQAAAQ.jpg,A_T5AVSb-PcwMAAAAAAAAAAAAAAQAAAQ.jpg,0,263,98
A_sfE-TqYrEMMAAAAAAAAAAAAAAQAAAQ.jpg,A_ceTJQKFD4CcAAAAAAAAAAAAAAQAAAQ.jpg,0,93,277
A_XHurTYV1xScAAAAAAAAAAAAAAQAAAQ.jpg,7B--srC_TKKKH1ccdVhHJQAAACMAARAD.jpg,0,337,6
A__2g8SIdev1YAAAAAAAAAAAAAAQAAAQ.jpg,4mdzWDyRQ82GuQWRmzSQBQAAACMAARAD.jpg,0,153,186
A_AcFbQoqDqRwAAAAAAAAAAAAAAQAAAQ.jpg,A_H_zgSYO_OSwAAAAAAAAAAAAAAQAAAQ.jpg,0,345,231
A_zVV9QJHiLggAAAAAAAAAAAAAAQAAAQ.jpg,A_SJTyRbZbs-8AAAAAAAAAAAAAAQAAAQ.jpg,0,67,149
A_-pSrT6xClQcAAAAAAAAAAAAAAQAAAQ.jpg,A_RPqaQYB6kjQAAAAAAAAAAAAAAQAAAQ.jpg,0,97,168
A_NuL2TKMEwowAAAAAAAAAAAAAAQAAAQ.jpg,A_PXh2Q7BkVC0AAAAAAAAAAAAAAQAAAQ.jpg,0,265,122
A_0ZBaRKtusuAAAAAAAAAAAAAAAQAAAQ.jpg,A_BH18R5ERvpkAAAAAAAAAAAAAAQAAAQ.jpg,0,182,198
spShQhU4QW2E7C_-GrtwBwAAACMAARAD.jpg,A_cKL1QqoK8C4AAAAAAAAAAAAAAQAAAQ.jpg,0,72,111
A_SQeJQr1DQCoAAAAAAAAAAAAAAQAAAQ.jpg,A_LsbQTaqu05YAAAAAAAAAAAAAAQAAAQ.jpg,0,233,146
A__pBPR5UaDJ8AAAAAAAAAAAAAAQAAAQ.jpg,A_FyXHS6lwH00AAAAAAAAAAAAAAQAAAQ.jpg,0,229,142
A_DpAcQ6ZefVMAAAAAAAAAAAAAAQAAAQ.jpg,A_9TXZTICb-ssAAAAAAAAAAAAAAQAAAQ.jpg,0,246,189
A_1328TKphdQgAAAAAAAAAAAAAAQAAAQ.jpg,bcn92ETmR3OJk3KR9IsmiQAAACMAARAD.jpg,0,30,307
A_uSLAQKtJDr4AAAAAAAAAAAAAAQAAAQ.jpg,A_HTT-TokpzUQAAAAAAAAAAAAAAQAAAQ.jpg,0,179,268
A_olfhSYntr84AAAAAAAAAAAAAAQAAAQ.jpg,A_KtrxQJE_sIMAAAAAAAAAAAAAAQAAAQ.jpg,0,337,33
A_qQf9R5n-NaZuA4BJgsZMVwAAAQAAAQ.jpg,A_82YISZVTz64AAAAAAAAAAAAAAQAAAQ.jpg,0,10,298
A_gleuQrcJ404AAAAAAAAAAAAAAQAAAQ.jpg,A_1y6dQaZsLNQAAAAAAAAAAAAAAQAAAQ.jpg,0,8,100
A_YRDWQrX8B_UAAAAAAAAAAAAAAQAAAQ.jpg,A_K0FxT6aY5N8AAAAAAAAAAAAAAQAAAQ.jpg,0,258,301
A_uY8RT48iBmoAAAAAAAAAAAAAAQAAAQ.jpg,A_vsngRpRhfFsAAAAAAAAAAAAAAQAAAQ.jpg,0,178,112
A_pGC9TI631dMAAAAAAAAAAAAAAQAAAQ.jpg,A_UVLcS7GdN0sAAAAAAAAAAAAAAQAAAQ.jpg,0,74,44
A__iVyQa-Ul-kAAAAAAAAAAAAAAQAAAQ.jpg,A_0RBhTJcWtikAAAAAAAAAAAAAAQAAAQ.jpg,0,249,270
A_v2AMTqrkHXgAAAAAAAAAAAAAAQAAAQ.jpg,A_JUa9QZwAOOgAAAAAAAAAAAAAAQAAAQ.jpg,0,163,298
A_MjewSKBgq9EAAAAAAAAAAAAAAQAAAQ.jpg,A_qK0OTL76_bMAAAAAAAAAAAAAAQAAAQ.jpg,0,5,21
A_mcPlS6cWS-wAAAAAAAAAAAAAAQAAAQ.jpg,A_d-HpRbQdU1YAAAAAAAAAAAAAAQAAAQ.jpg,0,55,33
A_CSAAQqCz9coAAAAAAAAAAAAAAQAAAQ.jpg,A_sfE-TqYrEMMAAAAAAAAAAAAAAQAAAQ.jpg,0,117,93
dNTm6a6ZQU-tMrEpqKmLXwAAACMAARAD.jpg,XDjg9OcHR_imQ2hoka747gAAACMAARAD.jpg,0,56,208
A_mcPlS6cWS-wAAAAAAAAAAAAAAQAAAQ.jpg,A_Oa8eT5Wc8OgAAAAAAAAAAAAAAQAAAQ.jpg,0,55,113
A_ItmHSrXG59IAAAAAAAAAAAAAAQAAAQ.jpg,A_KW5iQISstkQAAAAAAAAAAAAAAQAAAQ.jpg,0,179,146
A_WD_RToG7TiEAAAAAAAAAAAAAAQAAAQ.jpg,A_BquTQbUQF58AAAAAAAAAAAAAAQAAAQ.jpg,0,301,197
A_Ysu4QqIqPYkAAAAAAAAAAAAAAQAAAQ.jpg,A_-ZsZRYceA08AAAAAAAAAAAAAAQAAAQ.jpg,0,333,96
A_16FyRKAdZCwAAAAAAAAAAAAAAQAAAQ.jpg,A_0GHaQ5v1mnFBBtxPokPDawAAAQAAAQ.jpg,0,139,64
A_1328TKphdQgAAAAAAAAAAAAAAQAAAQ.jpg,A_JiP8RIdhMFgAAAAAAAAAAAAAAQAAAQ.jpg,0,30,14
A_YwS1QpL6r01b6sxKihNftwAAAQAAAQ.jpg,A_GtpMTbLtVR4AAAAAAAAAAAAAAQAAAQ.jpg,0,248,319
A_bmExSKHslRkAAAAAAAAAAAAAAQAAAQ.jpg,A_KkNnR5qXorcAAAAAAAAAAAAAAQAAAQ.jpg,0,14,313
A_srDSRYqJNiUAAAAAAAAAAAAAAQAAAQ.jpg,A_ivfcQaWsgdsAAAAAAAAAAAAAAQAAAQ.jpg,0,44,296
ysnTdNgkTQ2KcesYGinCrgAAACMAARAD.jpg,A_LC73QKKHtxsAAAAAAAAAAAAAAQAAAQ.jpg,0,132,183
A_BUqXSoHm6xYAAAAAAAAAAAAAAQAAAQ.jpg,J1CtsgliQ_Wz7dWKjUh9SwAAACMAARAD.jpg,0,309,307
A_tnVbTq1hG0IAAAAAAAAAAAAAAQAAAQ.jpg,A_qA51SrJMwRIAAAAAAAAAAAAAAQAAAQ.jpg,0,194,222
A_m7-sRo3H-HgAAAAAAAAAAAAAAQAAAQ.jpg,omt8M0kmRMSuRUW91x_fLgAAACMAARAD.jpg,0,330,177
A_J1qLRIBVPRwAAAAAAAAAAAAAAQAAAQ.jpg,A_M6rDSaJqguwAAAAAAAAAAAAAAQAAAQ.jpg,0,151,25
A_qmTVSqXlh7UAAAAAAAAAAAAAAQAAAQ.jpg,A_cwILQL0IAHcAAAAAAAAAAAAAAQAAAQ.jpg,0,105,83
A_LKyVRYb174gAAAAAAAAAAAAAAQAAAQ.jpg,A_7TWPT4_hkwwAAAAAAAAAAAAAAQAAAQ.jpg,0,203,345
A_qwMrRIrUjOkAAAAAAAAAAAAAAQAAAQ.jpg,A_YRDWQrX8B_UAAAAAAAAAAAAAAQAAAQ.jpg,0,100,258
A_gyLzR4cxZpIAAAAAAAAAAAAAAQAAAQ.jpg,A_JhozTLdUXBAAAAAAAAAAAAAAAQAAAQ.jpg,0,274,238
A_CkzZSIBF3KYAAAAAAAAAAAAAAQAAAQ.jpg,A_BdbARbNUADgAAAAAAAAAAAAAAQAAAQ.jpg,0,299,122
pJMeyxnvRPOCrS-s9zDN6AAAACMAARAD.jpg,A_zj1HS5Be7c4AAAAAAAAAAAAAAQAAAQ.jpg,0,323,197
A_URuNQJscuisAAAAAAAAAAAAAAQAAAQ.jpg,A_6CUMTK6sWtwAAAAAAAAAAAAAAQAAAQ.jpg,0,297,45
A_cKTpQK7jeCMAAAAAAAAAAAAAAQAAAQ.jpg,A_H_ulSqKIeUgAAAAAAAAAAAAAAQAAAQ.jpg,0,143,93
A_yqalTI6j368AAAAAAAAAAAAAAQAAAQ.jpg,1u5RC96DSSGhP-caETvXfQAAACMAARAD.jpg,0,73,177
A_miO8RI_sLsIAAAAAAAAAAAAAAQAAAQ.jpg,A_xkbbR6DqPbwAAAAAAAAAAAAAAQAAAQ.jpg,0,180,288
A_UBFIRp0LaJAAAAAAAAAAAAAAAQAAAQ.jpg,A_0t4nQKnH940AAAAAAAAAAAAAAQAAAQ.jpg,0,199,215
A_TgAqQpXQPWgAAAAAAAAAAAAAAQAAAQ.jpg,A_KW5iQISstkQAAAAAAAAAAAAAAQAAAQ.jpg,0,139,146
A_mELMSZX6_9YAAAAAAAAAAAAAAQAAAQ.jpg,A_m2BwRaFdErIAAAAAAAAAAAAAAQAAAQ.jpg,0,180,182
A_60h2TaONPo8AAAAAAAAAAAAAAQAAAQ.jpg,A_dWv2RbF20pgAAAAAAAAAAAAAAQAAAQ.jpg,0,37,243
A_ANj4S6gZrSgAAAAAAAAAAAAAAQAAAQ.jpg,A_xteZTaHHkAYAAAAAAAAAAAAAAQAAAQ.jpg,0,92,205
A_qpwOTZvgL9EAAAAAAAAAAAAAAQAAAQ.jpg,A_cKTpQK7jeCMAAAAAAAAAAAAAAQAAAQ.jpg,0,26,143
A_yhhDQbrQfGd8ld9BhzssNAAAAQAAAQ.jpg,A_eqkkQptcgkUAAAAAAAAAAAAAAQAAAQ.jpg,0,206,94
A_m-aWTY3Ot-AAAAAAAAAAAAAAAQAAAQ.jpg,A_WNgORoRRamAAAAAAAAAAAAAAAQAAAQ.jpg,0,26,141
A_W-xaT78i22MAAAAAAAAAAAAAAQAAAQ.jpg,hL3x2UFYTb-fOuBIwUKJMAAAACMAARED.jpg,0,50,128
A_sw55T7tdUW8AAAAAAAAAAAAAAQAAAQ.jpg,A_16FyRKAdZCwAAAAAAAAAAAAAAQAAAQ.jpg,0,29,139
A_I8uqQ7SlDm0AAAAAAAAAAAAAAQAAAQ.jpg,A_ytKZR43YYx0AAAAAAAAAAAAAAQAAAQ.jpg,0,271,330
A_xkbbR6DqPbwAAAAAAAAAAAAAAQAAAQ.jpg,A_gpwRSb16XloAAAAAAAAAAAAAAQAAAQ.jpg,0,288,241
A_4OAEQbtm3HIAAAAAAAAAAAAAAQAAAQ.jpg,A_5z1SRIthrRMAAAAAAAAAAAAAAQAAAQ.jpg,0,12,176
A_t7pjSY5KeJwAAAAAAAAAAAAAAQAAAQ.jpg,A_LUkoSJrXkSUAAAAAAAAAAAAAAQAAAQ.jpg,0,324,17
A_SUrFSpyat3oAAAAAAAAAAAAAAQAAAQ.jpg,A_s3DKToWP_5UAAAAAAAAAAAAAAQAAAQ.jpg,0,102,142
A_uOCiT40f578AAAAAAAAAAAAAAQAAAQ.jpg,55fo6TlLS8mFijkrYINs0AAAACMAARAD.jpg,0,347,56
A_HXWXTZxti_gAAAAAAAAAAAAAAQAAAQ.jpg,A_TlQXRagTGKcAAAAAAAAAAAAAAQAAAQ.jpg,0,311,172
A_T1kYQ7qQrxcAAAAAAAAAAAAAAQAAAQ.jpg,A_6r0MSZSuGksAAAAAAAAAAAAAAQAAAQ.jpg,0,246,262
A_C4yWR6KggDwAAAAAAAAAAAAAAQAAAQ.jpg,A_048mQIy0UMoAAAAAAAAAAAAAAQAAAQ.jpg,0,61,223
A_xt-fRpljCNgAAAAAAAAAAAAAAQAAAQ.jpg,A_OdypSY5DoYwAAAAAAAAAAAAAAQAAAQ.jpg,0,83,298
A_8P78SYHj8vsAAAAAAAAAAAAAAQAAAQ.jpg,1DUlr4dURtqhdRrCS69ZgAAAACMAARAD.jpg,0,312,310
A_j_V4R55jT3AAAAAAAAAAAAAAAQAAAQ.jpg,A_DhQlQKr7slQAAAAAAAAAAAAAAQAAAQ.jpg,0,96,346
A_USsBT7LiLzQAAAAAAAAAAAAAAQAAAQ.jpg,A_wcRmTIDKqJAAAAAAAAAAAAAAAQAAAQ.jpg,0,286,240
unXpdCHiSwq1IsIo2bI8PAAAACMAARAD.jpg,A_cWO0Sb2sA9gAAAAAAAAAAAAAAQAAAQ.jpg,0,70,200
A_IHGMTadv9ZoAAAAAAAAAAAAAAQAAAQ.jpg,A_S33KQZXSRKEAAAAAAAAAAAAAAQAAAQ.jpg,0,104,80
A_oU0aQJ48IRsAAAAAAAAAAAAAAQAAAQ.jpg,A_sfE-TqYrEMMAAAAAAAAAAAAAAQAAAQ.jpg,0,133,93
A_3BuiQbibhO8AAAAAAAAAAAAAAQAAAQ.jpg,A_gpwRSb16XloAAAAAAAAAAAAAAQAAAQ.jpg,0,9,241
QQxyNEuVSAWRtd0Fk3TSiAAAACMAARAD.jpg,A_zjM2TKZ3uLYAAAAAAAAAAAAAAQAAAQ.jpg,0,192,97
A_SXGPT6VlGv0AAAAAAAAAAAAAAQAAAQ.jpg,A_qL1DQ52JFAsAAAAAAAAAAAAAAQAAAQ.jpg,0,15,44
A_rZCET7Bcu5YAAAAAAAAAAAAAAQAAAQ.jpg,A_uY8RT48iBmoAAAAAAAAAAAAAAQAAAQ.jpg,0,143,178
A_KYy1R7vQUokAAAAAAAAAAAAAAQAAAQ.jpg,A_JiP8RIdhMFgAAAAAAAAAAAAAAQAAAQ.jpg,0,267,14
A_wMMDQIdbntYAAAAAAAAAAAAAAQAAAQ.jpg,A_ob2HSriDloEAAAAAAAAAAAAAAQAAAQ.jpg,0,63,236
9OMvA3NtSGCRN6ymcLH-cAAAACMAARAD.jpg,A_rdsOTar7H-kAAAAAAAAAAAAAAQAAAQ.jpg,0,323,46
A_zcYfTIvp2lMAAAAAAAAAAAAAAQAAAQ.jpg,A_OtoGQIQE13QAAAAAAAAAAAAAAQAAAQ.jpg,0,277,10
36L3Z5XgRFWtMVjSmPOSTwAAACMAARAD.jpg,A_L9_gSaoQ_w8AAAAAAAAAAAAAAQAAAQ.jpg,0,190,234
A_7TXVT6R41bwAAAAAAAAAAAAAAQAAAQ.jpg,A_EZU5Q47i9PQAAAAAAAAAAAAAAQAAAQ.jpg,0,161,16
A_7z2dSpjqRhsAAAAAAAAAAAAAAQAAAQ.jpg,A_jKAHQ6HeOiMAAAAAAAAAAAAAAQAAAQ.jpg,0,302,285
A_fdNlRZAJ1LIAAAAAAAAAAAAAAQAAAQ.jpg,A_PKCVSakmtxUAAAAAAAAAAAAAAQAAAQ.jpg,0,89,278
A_g9o_RrSonkcAAAAAAAAAAAAAAQAAAQ.jpg,A_zIdqT5wAadAAAAAAAAAAAAAAAQAAAQ.jpg,0,25,297
A_StpkT6djYVMAAAAAAAAAAAAAAQAAAQ.jpg,A_0tvJRLe5_mUAAAAAAAAAAAAAAQAAAQ.jpg,0,213,86
zQs0kBsAS2mS20h_2hp37AAAACMAARAD.jpg,8bqSm5suQB-TkC66R2F-lgAAACMAARAD.jpg,0,316,177
A_-bJ-Q4552o0AAAAAAAAAAAAAAQAAAQ.jpg,A_BAxDTpRHSnwAAAAAAAAAAAAAAQAAAQ.jpg,0,50,236
A_05zKQb6bySIAAAAAAAAAAAAAAQAAAQ.jpg,A_MtxfT4wtikgAAAAAAAAAAAAAAQAAAQ.jpg,0,216,286
A_oU0aQJ48IRsAAAAAAAAAAAAAAQAAAQ.jpg,A_BTGhRL3hvxwAAAAAAAAAAAAAAQAAAQ.jpg,0,133,0
A_KwVMSYgdftIAAAAAAAAAAAAAAQAAAQ.jpg,A_HII8R5WzRQ4AAAAAAAAAAAAAAQAAAQ.jpg,0,165,179
A_TgAqQpXQPWgAAAAAAAAAAAAAAQAAAQ.jpg,-6WHQxGYR3ej96FqYNv-hAAAACMAARAD.jpg,0,139,208
A_lU5xT7JfAoEAAAAAAAAAAAAAAQAAAQ.jpg,QQxyNEuVSAWRtd0Fk3TSiAAAACMAARAD.jpg,0,317,192
A_WgcxSLmAZ9YAAAAAAAAAAAAAAQAAAQ.jpg,A_iGqzSrLtlcMAAAAAAAAAAAAAAQAAAQ.jpg,0,15,261
A_GJH7T7H_iloAAAAAAAAAAAAAAQAAAQ.jpg,A_0RXtQrcbVQMAAAAAAAAAAAAAAQAAAQ.jpg,0,252,223
A__2g8SIdev1YAAAAAAAAAAAAAAQAAAQ.jpg,A_kiLeTKqEGUkAAAAAAAAAAAAAAQAAAQ.jpg,0,153,1
A_uqQZTalXwHYAAAAAAAAAAAAAAQAAAQ.jpg,A_5X2gQreyAEgAAAAAAAAAAAAAAQAAAQ.jpg,0,301,93
A_lzVvRL-LTpYAAAAAAAAAAAAAAQAAAQ.jpg,FjU3DCiVRJi-p0oNR-tAGgAAACMAARAD.jpg,0,225,27
tZ9Ffj0eTdiamVFL64HrAwAAACMAARAD.jpg,A_OtoGQIQE13QAAAAAAAAAAAAAAQAAAQ.jpg,0,72,10
A_iHgnS6_U93kAAAAAAAAAAAAAAQAAAQ.jpg,A_N57xRZ6tBnwAAAAAAAAAAAAAAQAAAQ.jpg,0,47,157
A_FraFT4NK-OwAAAAAAAAAAAAAAQAAAQ.jpg,A_CkzZSIBF3KYAAAAAAAAAAAAAAQAAAQ.jpg,0,204,299
jV3ehro-TYitsrnBzUlcVgAAACMAARAD.jpg,1yv1XFmYQIqGC3ETpIuU2QAAACMAARAD.jpg,0,120,70
A_vKhxQLRWwhkAAAAAAAAAAAAAAQAAAQ.jpg,A_M6rDSaJqguwAAAAAAAAAAAAAAQAAAQ.jpg,0,252,25
WNf53_8ITqK97-33UL-ISgAAACMAARAD.jpg,8Qwjp3LcQ3iDOb7i9kMsegAAACMAARAD.jpg,0,155,20
A_05zKQb6bySIAAAAAAAAAAAAAAQAAAQ.jpg,A_qK3GTKpbnwAAAAAAAAAAAAAAAQAAAQ.jpg,0,216,83
A_Ysu4QqIqPYkAAAAAAAAAAAAAAQAAAQ.jpg,A_HTNURIoNl30AAAAAAAAAAAAAAQAAAQ.jpg,0,333,31
5xr55tW6SGCb4W78k-0IXwAAACMAARAD.jpg,A_AuorQ4yCMh0AAAAAAAAAAAAAAQAAAQ.jpg,0,211,161
A_dIlQSIobnFAAAAAAAAAAAAAAAQAAAQ.jpg,A_UBFIRp0LaJAAAAAAAAAAAAAAAQAAAQ.jpg,0,45,199
A_JJxfRa1-EmUAAAAAAAAAAAAAAQAAAQ.jpg,A_gBKETKn8DvwAAAAAAAAAAAAAAQAAAQ.jpg,0,74,182
A_eKNXQLRk11AAAAAAAAAAAAAAAQAAAQ.jpg,A_FxEiTbFDhBMAAAAAAAAAAAAAAQAAAQ.jpg,0,112,21
AxQOGcN4RkCPWfcMhYgBuQAAACMAARAD.jpg,A_GtpMTbLtVR4AAAAAAAAAAAAAAQAAAQ.jpg,0,307,319
A_iJVwTais0UgAAAAAAAAAAAAAAQAAAQ.jpg,A_vBLvSIjsr5oAAAAAAAAAAAAAAQAAAQ.jpg,0,131,308
A_SbRDQbZ63xkAAAAAAAAAAAAAAQAAAQ.jpg,A_EsHfTJi2lYUAAAAAAAAAAAAAAQAAAQ.jpg,0,78,314
A_ds1XTZvQ5xIAAAAAAAAAAAAAAQAAAQ.jpg,A_W-HLSo2GkJIAAAAAAAAAAAAAAQAAAQ.jpg,0,242,64
A_s3DKToWP_5UAAAAAAAAAAAAAAQAAAQ.jpg,A_1ruyQ7LcAuoAAAAAAAAAAAAAAQAAAQ.jpg,0,142,347
A_AQhlTojyuDEAAAAAAAAAAAAAAQAAAQ.jpg,A_CC3tRqsji7gAAAAAAAAAAAAAAQAAAQ.jpg,0,231,234
A_lWreSpZxhyAAAAAAAAAAAAAAAQAAAQ.jpg,A_-cgBQ7nWdC4AAAAAAAAAAAAAAQAAAQ.jpg,0,15,283
A_RZTaRK3bJIcAAAAAAAAAAAAAAQAAAQ.jpg,hc_8dM3TTzeQxx1wn6w2ogAAACMAARAD.jpg,0,123,128
A_fw0nSIvq86cAAAAAAAAAAAAAAQAAAQ.jpg,A_mEEyRI2A9fMAAAAAAAAAAAAAAQAAAQ.jpg,0,65,251
A_vxNlQoSOcesAAAAAAAAAAAAAAQAAAQ.jpg,ejYUJjUrTHmLuE2JKdcsRgAAACMAARAD.jpg,0,23,20
A_uo1iTaASRHgAAAAAAAAAAAAAAQAAAQ.jpg,A_lzVvRL-LTpYAAAAAAAAAAAAAAQAAAQ.jpg,0,185,225
A_T_xdRoOUXqsAAAAAAAAAAAAAAQAAAQ.jpg,A_Z7bIS7KQQFUAAAAAAAAAAAAAAQAAAQ.jpg,0,140,83
A_K3lrQrI1-gIAAAAAAAAAAAAAAQAAAQ.jpg,A_5z1SRIthrRMAAAAAAAAAAAAAAQAAAQ.jpg,0,334,176
A_olotS4XoJFkAAAAAAAAAAAAAAQAAAQ.jpg,A_GpPxSZ7FJvMAAAAAAAAAAAAAAQAAAQ.jpg,0,124,53
A_sfE-TqYrEMMAAAAAAAAAAAAAAQAAAQ.jpg,A_L9_gSaoQ_w8AAAAAAAAAAAAAAQAAAQ.jpg,0,93,234
A_TETcSo4ZDCgAAAAAAAAAAAAAAQAAAQ.jpg,A_o3aNQ59nIZoAAAAAAAAAAAAAAQAAAQ.jpg,0,205,94
A_KXFaQ7PvD3gAAAAAAAAAAAAAAQAAAQ.jpg,A_29ykT6cSV_gAAAAAAAAAAAAAAQAAAQ.jpg,0,169,247
A_vA8kSp4KcUUAAAAAAAAAAAAAAQAAAQ.jpg,A_WJZqQYuskC4AAAAAAAAAAAAAAQAAAQ.jpg,0,141,335
A_7TXVT6R41bwAAAAAAAAAAAAAAQAAAQ.jpg,A_V03gR7K90bIAAAAAAAAAAAAAAQAAAQ.jpg,0,161,220
A_XSdhTajB4_kAAAAAAAAAAAAAAQAAAQ.jpg,A_Db7ZTbup1uwAAAAAAAAAAAAAAQAAAQ.jpg,0,243,254
A_VQ4tRoLu4e4AAAAAAAAAAAAAAQAAAQ.jpg,A_7OgCTLT7J9AAAAAAAAAAAAAAAQAAAQ.jpg,0,292,2
A_5P07RJ-PIlkAAAAAAAAAAAAAAQAAAQ.jpg,A_lzVvRL-LTpYAAAAAAAAAAAAAAQAAAQ.jpg,0,76,225
A_M6uVTLJ2EukAAAAAAAAAAAAAAQAAAQ.jpg,A_PLH0TI0npUYAAAAAAAAAAAAAAQAAAQ.jpg,0,331,294
O4evSscSQOaRanT5DclZ5wAAACMAARAD.jpg,A_qr-cQJhu1vcAAAAAAAAAAAAAAQAAAQ.jpg,0,4,35
A_acoIRKkS4KMAAAAAAAAAAAAAAQAAAQ.jpg,A_tmZ3QpBor3sAAAAAAAAAAAAAAQAAAQ.jpg,0,336,203
A_CgA9TI6N9eIAAAAAAAAAAAAAAQAAAQ.jpg,A_DpAcQ6ZefVMAAAAAAAAAAAAAAQAAAQ.jpg,0,227,246
A_bWQgQawVwX4AAAAAAAAAAAAAAQAAAQ.jpg,A_Saa1T617BOoAAAAAAAAAAAAAAQAAAQ.jpg,0,90,103
A_aYeATJcaX1MAAAAAAAAAAAAAAQAAAQ.jpg,A_SJTyRbZbs-8AAAAAAAAAAAAAAQAAAQ.jpg,0,249,149
A_7Rs9Q46XFoAAAAAAAAAAAAAAAQAAAQ.jpg,A_5dNJRaepYnUAAAAAAAAAAAAAAQAAAQ.jpg,0,92,302
A_ytKZR43YYx0AAAAAAAAAAAAAAQAAAQ.jpg,A_pOfiQ7jDy14AAAAAAAAAAAAAAQAAAQ.jpg,0,330,13
Z_Hv1amYSOKoJUJcV5cxjwAAACMAARAD.jpg,A_0GHaQ5v1mnFBBtxPokPDawAAAQAAAQ.jpg,0,211,64
A_CSAAQqCz9coAAAAAAAAAAAAAAQAAAQ.jpg,A_DEkJRYlXFNsAAAAAAAAAAAAAAQAAAQ.jpg,0,117,268
1yv1XFmYQIqGC3ETpIuU2QAAACMAARAD.jpg,A_9FlLRZb9wXUAAAAAAAAAAAAAAQAAAQ.jpg,0,70,49
A_o8ipRYjXiXQAAAAAAAAAAAAAAQAAAQ.jpg,Z1qDRVboSz625P_djDkBSwAAACMAARAD.jpg,0,176,315
A_7OgCTLT7J9AAAAAAAAAAAAAAAQAAAQ.jpg,A_S11EQYn7Fj8AAAAAAAAAAAAAAQAAAQ.jpg,0,2,224
K36qV-IBRmOVon1zVvZi5gAAACMAARAD.jpg,A_uOCiT40f578AAAAAAAAAAAAAAQAAAQ.jpg,0,321,347
A_V3ppS6VZwMoAAAAAAAAAAAAAAQAAAQ.jpg,A_vdO2RolMKVcAAAAAAAAAAAAAAQAAAQ.jpg,0,340,98
WNf53_8ITqK97-33UL-ISgAAACMAARAD.jpg,A_tXSZTIQiK3YAAAAAAAAAAAAAAQAAAQ.jpg,0,155,151
A_NpaSRqrF3DwAAAAAAAAAAAAAAQAAAQ.jpg,A_96HDTpXfEp0AAAAAAAAAAAAAAQAAAQ.jpg,0,196,38
A_XHurTYV1xScAAAAAAAAAAAAAAQAAAQ.jpg,A_wSWmTr7_FucAAAAAAAAAAAAAAQAAAQ.jpg,0,337,302
A_olfhSYntr84AAAAAAAAAAAAAAQAAAQ.jpg,A_MzYDRI1zIykAAAAAAAAAAAAAAQAAAQ.jpg,0,337,122
jV3ehro-TYitsrnBzUlcVgAAACMAARAD.jpg,A_CjU5SoWF2L0AAAAAAAAAAAAAAQAAAQ.jpg,0,120,118
A_o8ipRYjXiXQAAAAAAAAAAAAAAQAAAQ.jpg,A_9z7ISKHMk40AAAAAAAAAAAAAAQAAAQ.jpg,0,176,334
A_aKs_R7ladhcAAAAAAAAAAAAAAQAAAQ.jpg,A_qcBdQZZoAUcAAAAAAAAAAAAAAQAAAQ.jpg,0,69,110
A_TQs9RbfFYCkAAAAAAAAAAAAAAQAAAQ.jpg,XX6adT1pTv6LJ-Njrj_c1wAAACMAARAD.jpg,0,280,219
A_7TXVT6R41bwAAAAAAAAAAAAAAQAAAQ.jpg,A_D9w_QbDG9s4AAAAAAAAAAAAAAQAAAQ.jpg,0,161,26
A_XHurTYV1xScAAAAAAAAAAAAAAQAAAQ.jpg,A_5zh3RYWgmsoAAAAAAAAAAAAAAQAAAQ.jpg,0,337,76
A_i86wS72-_lQAAAAAAAAAAAAAAQAAAQ.jpg,A_SE5MTp9TUMsAAAAAAAAAAAAAAQAAAQ.jpg,0,224,42
A_pUauTrONA4lSN5NPuoRqAAAAAQAAAQ.jpg,qyqNN_HDShqToEUCAcDKYQAAACMAARAD.jpg,0,318,291
A_ZhFOTLvWldQAAAAAAAAAAAAAAQAAAQ.jpg,A_ZLTNQ5wA3ndGXjRCsAnKcwAAAQAAAQ.jpg,0,251,63
A_zMhHRKUhSuErdB5Pt_ADkgAAAQAAAQ.jpg,unXpdCHiSwq1IsIo2bI8PAAAACMAARAD.jpg,0,148,70
A_DTn9RaIFKaUAAAAAAAAAAAAAAQAAAQ.jpg,A__UAoQbHt2SIAAAAAAAAAAAAAAQAAAQ.jpg,0,246,111
A_3bzNSLXJbYMAAAAAAAAAAAAAAQAAAQ.jpg,A_xvAiTaIgyiIAAAAAAAAAAAAAAQAAAQ.jpg,0,324,154
A_pOfiQ7jDy14AAAAAAAAAAAAAAQAAAQ.jpg,A_FTXOTL2SfYwAAAAAAAAAAAAAAQAAAQ.jpg,0,13,293
A_ItmHSrXG59IAAAAAAAAAAAAAAQAAAQ.jpg,A_bWQgQawVwX4AAAAAAAAAAAAAAQAAAQ.jpg,0,179,90
A_h0wES7JMcj8AAAAAAAAAAAAAAQAAAQ.jpg,A_MkJtQKVpPRIAAAAAAAAAAAAAAQAAAQ.jpg,0,293,232
A_2DA2SZLf5vEAAAAAAAAAAAAAAQAAAQ.jpg,A_95Z4QIMBISQAAAAAAAAAAAAAAQAAAQ.jpg,0,24,184
A_xt-fRpljCNgAAAAAAAAAAAAAAQAAAQ.jpg,A_D9o9T7zICSYbaeZMlwxEKQAAAQAAAQ.jpg,0,83,113
A_v-mDS7qZe7oAAAAAAAAAAAAAAQAAAQ.jpg,A_cUEKTLA6SR4AAAAAAAAAAAAAAQAAAQ.jpg,0,19,312
A_tmV0SKPNXSUAAAAAAAAAAAAAAQAAAQ.jpg,A_TY-_RJN0r98AAAAAAAAAAAAAAQAAAQ.jpg,0,169,79
A__OQTR7tlKikAAAAAAAAAAAAAAQAAAQ.jpg,A_6xKYQ5BLeRAAAAAAAAAAAAAAAQAAAQ.jpg,0,215,80
A_O8IBS7bcXMAAAAAAAAAAAAAAAQAAAQ.jpg,A_sEMKS4Zum5UAAAAAAAAAAAAAAQAAAQ.jpg,0,196,273
A_v-mDS7qZe7oAAAAAAAAAAAAAAQAAAQ.jpg,A_UHH0So61ecgAAAAAAAAAAAAAAQAAAQ.jpg,0,19,275
A_qcBWSoqyLrEAAAAAAAAAAAAAAQAAAQ.jpg,A_7YkuQ4_prsMAAAAAAAAAAAAAAQAAAQ.jpg,0,344,117
A_VV-4R7Xfd1AAAAAAAAAAAAAAAQAAAQ.jpg,A_Hn4STI9pSQMAAAAAAAAAAAAAAQAAAQ.jpg,0,221,40
A_nZIFTqwyAG0AAAAAAAAAAAAAAQAAAQ.jpg,A_LJALQ5tQhGoAAAAAAAAAAAAAAQAAAQ.jpg,0,341,246
A_bWQgQawVwX4AAAAAAAAAAAAAAQAAAQ.jpg,A_cwDhQLizVhEAAAAAAAAAAAAAAQAAAQ.jpg,0,90,159
A_fXp1S7xHV6YAAAAAAAAAAAAAAQAAAQ.jpg,A_8vypTI74gzgAAAAAAAAAAAAAAQAAAQ.jpg,0,106,295
A_21V8SYT5XQkAAAAAAAAAAAAAAQAAAQ.jpg,A_pO8kQqJBt3EAAAAAAAAAAAAAAQAAAQ.jpg,0,220,39
A_kEkzS6WBDdQAAAAAAAAAAAAAAQAAAQ.jpg,A_AQhlTojyuDEAAAAAAAAAAAAAAQAAAQ.jpg,0,156,231
A_hdpuRLEj1idQCwdMtulO4QAAAQAAAQ.jpg,A_8qvqS61s-g4AAAAAAAAAAAAAAQAAAQ.jpg,0,326,332
A_Aw59RY7js60AAAAAAAAAAAAAAQAAAQ.jpg,A_h-8AQKUCJ6wAAAAAAAAAAAAAAQAAAQ.jpg,0,5,257
A_Efp6QLrSZ-gAAAAAAAAAAAAAAQAAAQ.jpg,A_b1eiQ4BovAEAAAAAAAAAAAAAAQAAAQ.jpg,0,274,343
A_eaJbRIsiIAcAAAAAAAAAAAAAAQAAAQ.jpg,A_SsVBRJzukC8AAAAAAAAAAAAAAQAAAQ.jpg,0,278,308
s5_LPbJATXy82lMu1uSeJQAAACMAARAD.jpg,A_7zzVQYVHFHgAAAAAAAAAAAAAAQAAAQ.jpg,0,348,158
A_bLPoRob0He8AAAAAAAAAAAAAAQAAAQ.jpg,A_9SxdQYnmGb8AAAAAAAAAAAAAAQAAAQ.jpg,0,319,259
A_XHurTYV1xScAAAAAAAAAAAAAAQAAAQ.jpg,A_EcV-QL_t4UAAAAAAAAAAAAAAAQAAAQ.jpg,0,337,67
A_ysxzSpSaAJ0AAAAAAAAAAAAAAQAAAQ.jpg,A_2zQ8SKw0HmwAAAAAAAAAAAAAAQAAAQ.jpg,0,66,119
A_1BkkT5s3pZkAAAAAAAAAAAAAAQAAAQ.jpg,A_RaRvSLwdvtQAAAAAAAAAAAAAAQAAAQ.jpg,0,304,173
A_M2dJTrQsL7gAAAAAAAAAAAAAAQAAAQ.jpg,A_7TXVT6R41bwAAAAAAAAAAAAAAQAAAQ.jpg,0,167,161
gioGl7mwSCab39gMX8ARnAAAACMAARAD.jpg,A_spNeTrbTaesAAAAAAAAAAAAAAQAAAQ.jpg,0,177,114
A_Uh4ZRZjAbOAAAAAAAAAAAAAAAQAAAQ.jpg,A__EmvQZaIrk0AAAAAAAAAAAAAAQAAAQ.jpg,0,52,330
A_UGJ9TY8666oAAAAAAAAAAAAAAQAAAQ.jpg,rXxlFn69QMONIxtgsZJajQAAACMAARAD.jpg,0,325,282
A_fDM3T7_Er0wAAAAAAAAAAAAAAQAAAQ.jpg,A_CC3tRqsji7gAAAAAAAAAAAAAAQAAAQ.jpg,0,21,234
A_JvhQSaZL14UAAAAAAAAAAAAAAQAAAQ.jpg,A_YwS1QpL6r01b6sxKihNftwAAAQAAAQ.jpg,0,75,248
FzycvDuPSGu-ef2sruqE3wAAACMAARAD.jpg,A_vBLvSIjsr5oAAAAAAAAAAAAAAQAAAQ.jpg,0,150,308
A_miO8RI_sLsIAAAAAAAAAAAAAAQAAAQ.jpg,A_TiDfT7B8BmwAAAAAAAAAAAAAAQAAAQ.jpg,0,180,152
A_7OgCTLT7J9AAAAAAAAAAAAAAAQAAAQ.jpg,A_m2BwRaFdErIAAAAAAAAAAAAAAQAAAQ.jpg,0,2,182
A_7FcUTJfZ-EEAAAAAAAAAAAAAAQAAAQ.jpg,A_bKPlQL4w2iUAAAAAAAAAAAAAAQAAAQ.jpg,0,200,345
dRX2p0mwRrumfcxLhB9tHAAAACMAARAD.jpg,A_2f4ZRqel34oAAAAAAAAAAAAAAQAAAQ.jpg,0,6,33
A_4rz3RZuMxDMAAAAAAAAAAAAAAQAAAQ.jpg,A_wPnAQIK6lFQAAAAAAAAAAAAAAQAAAQ.jpg,0,165,84
A_kqGGQIlQbEIAAAAAAAAAAAAAAQAAAQ.jpg,A_qDygQaMbmCsAAAAAAAAAAAAAAQAAAQ.jpg,0,7,119
A_gPk9T4n_WewAAAAAAAAAAAAAAQAAAQ.jpg,A_TQs9RbfFYCkAAAAAAAAAAAAAAQAAAQ.jpg,0,28,280
A_9T8iRZsNnOoAAAAAAAAAAAAAAQAAAQ.jpg,uxwfx91iR5GKZanJd9Z42wAAACMAARAD.jpg,0,91,174
7ACCezYsSqiEz-zehRjeGAAAACMAARAD.jpg,A_kjIITIS-f1QAAAAAAAAAAAAAAQAAAQ.jpg,0,310,261
A_YGM9RqelARIAAAAAAAAAAAAAAQAAAQ.jpg,A_2oJSS7TmnnsAAAAAAAAAAAAAAQAAAQ.jpg,0,250,329
A_1Sm2RrE0saQAAAAAAAAAAAAAAQAAAQ.jpg,A_TY-_RJN0r98AAAAAAAAAAAAAAQAAAQ.jpg,0,95,79
A_K9CLR4e8IykAAAAAAAAAAAAAAQAAAQ.jpg,A_o6_aR5P_rB8AAAAAAAAAAAAAAQAAAQ.jpg,0,346,217
A_CKcESIEZPPsAAAAAAAAAAAAAAQAAAQ.jpg,A_FSCJRYy3dFwAAAAAAAAAAAAAAQAAAQ.jpg,0,198,3
A_D6LoTIKJagkAAAAAAAAAAAAAAQAAAQ.jpg,A_WB6uRqwOQD8AAAAAAAAAAAAAAQAAAQ.jpg,0,77,245
RJaJONp-R9-6Wg29qPh_MQAAACMAARAD.jpg,A_QQwbSY54pOsAAAAAAAAAAAAAAQAAAQ.jpg,0,348,48
A_i7AkRLef484AAAAAAAAAAAAAAQAAAQ.jpg,A_oTz0Q6Q2sBMAAAAAAAAAAAAAAQAAAQ.jpg,0,240,76
A_SyljToXBtGgAAAAAAAAAAAAAAQAAAQ.jpg,A_X-X-Tq1BLFsAAAAAAAAAAAAAAQAAAQ.jpg,0,88,42
A_50hVQpJOh38AAAAAAAAAAAAAAQAAAQ.jpg,A_6aJ8Sa2FS-YAAAAAAAAAAAAAAQAAAQ.jpg,0,333,317
A_NpaSRqrF3DwAAAAAAAAAAAAAAQAAAQ.jpg,A_S8r-QoOdnNoAAAAAAAAAAAAAAQAAAQ.jpg,0,196,28
A_XTPLTJ9RiO4AAAAAAAAAAAAAAQAAAQ.jpg,40cC6HWzRva34jaC_YZZAwAAACMAARED.jpg,0,325,128
A_BM-IS64L6owAAAAAAAAAAAAAAQAAAQ.jpg,A_ymwwSJZai5IAAAAAAAAAAAAAAQAAAQ.jpg,0,332,122
A_RPqaQYB6kjQAAAAAAAAAAAAAAQAAAQ.jpg,A_zxwhSKLMsogAAAAAAAAAAAAAAQAAAQ.jpg,0,168,147
A_-gLFTpM2eMUAAAAAAAAAAAAAAQAAAQ.jpg,A_GNYnToAhNA8AAAAAAAAAAAAAAQAAAQ.jpg,0,81,35
A_YOLjSLCb05sAAAAAAAAAAAAAAQAAAQ.jpg,A_fdXCTprSOxYAAAAAAAAAAAAAAQAAAQ.jpg,0,31,339
A_GWDtRJ-PEYIAAAAAAAAAAAAAAQAAAQ.jpg,A_2n3hQr-JmJQAAAAAAAAAAAAAAQAAAQ.jpg,0,142,16
A__DuWR5Z1Kp8AAAAAAAAAAAAAAQAAAQ.jpg,A_N13KR4j5Yt8AAAAAAAAAAAAAAQAAAQ.jpg,0,50,228
A_zjM2TKZ3uLYAAAAAAAAAAAAAAQAAAQ.jpg,A_FTXOTL2SfYwAAAAAAAAAAAAAAQAAAQ.jpg,0,97,293
A_7boYR4gvvhMAAAAAAAAAAAAAAQAAAQ.jpg,rXxlFn69QMONIxtgsZJajQAAACMAARAD.jpg,0,152,282
A_kPvdTbagJ9MAAAAAAAAAAAAAAQAAAQ.jpg,A_-gLFTpM2eMUAAAAAAAAAAAAAAQAAAQ.jpg,0,8,81
A_JAkWS63CU4MAAAAAAAAAAAAAAQAAAQ.jpg,A_S11EQYn7Fj8AAAAAAAAAAAAAAQAAAQ.jpg,0,67,224
A_IdUASo3kSSUAAAAAAAAAAAAAAQAAAQ.jpg,A_9f9RQYMEDW8AAAAAAAAAAAAAAQAAAQ.jpg,0,248,338
A_avXxR4A0gikAAAAAAAAAAAAAAQAAAQ.jpg,A__iBTRLnSgRsAAAAAAAAAAAAAAQAAAQ.jpg,0,280,308
A_uzHRSJ5nN_cAAAAAAAAAAAAAAQAAAQ.jpg,A_KXFaQ7PvD3gAAAAAAAAAAAAAAQAAAQ.jpg,0,335,169
A_SnWNTb004p4AAAAAAAAAAAAAAQAAAQ.jpg,A_Oa8eT5Wc8OgAAAAAAAAAAAAAAQAAAQ.jpg,0,195,113
A_-ZsZRYceA08AAAAAAAAAAAAAAQAAAQ.jpg,A_zRxmTpGb1kMAAAAAAAAAAAAAAQAAAQ.jpg,0,96,183
A_D9o9T7zICSYAAAAAAAAAAAAAAQAAAQ.jpg,A_h-8AQKUCJ6wAAAAAAAAAAAAAAQAAAQ.jpg,0,113,257
A_LlQfQ5eZYSAAAAAAAAAAAAAAAQAAAQ.jpg,A__YxFR6NzEjQecYhCqT3cqQAAAQAAAQ.jpg,0,94,13
A_dmmqQrIoeIMAAAAAAAAAAAAAAQAAAQ.jpg,A_00INR7szioMAAAAAAAAAAAAAAQAAAQ.jpg,0,279,89
A_ds1XTZvQ5xIAAAAAAAAAAAAAAQAAAQ.jpg,A_PR05ToNQKfQAAAAAAAAAAAAAAQAAAQ.jpg,0,242,212
qt9ydc-FTHqABlnv0E338AAAACMAARAD.jpg,A_kKmNR65xnvsAAAAAAAAAAAAAAQAAAQ.jpg,0,150,195
A_qr-cQJhu1vcAAAAAAAAAAAAAAQAAAQ.jpg,A_des9TqTtlVkAAAAAAAAAAAAAAQAAAQ.jpg,0,35,230
A_4mW0Q5rIZpgAAAAAAAAAAAAAAQAAAQ.jpg,A_50hVQpJOh38AAAAAAAAAAAAAAQAAAQ.jpg,0,162,333
A_YwS1QpL6r01b6sxKihNftwAAAQAAAQ.jpg,A_0MTNRpRpwNIAAAAAAAAAAAAAAQAAAQ.jpg,0,248,36
A_a-RNSrOUV5IAAAAAAAAAAAAAAQAAAQ.jpg,A_SyljToXBtGgAAAAAAAAAAAAAAQAAAQ.jpg,0,296,88
A_rMDcQZ59WB8AAAAAAAAAAAAAAQAAAQ.jpg,A_gR_YR4d18TQAAAAAAAAAAAAAAQAAAQ.jpg,0,97,127
A_EL3MTLdLMz8AAAAAAAAAAAAAAQAAAQ.jpg,Nr4fpTnSRWGdwsellE27SQAAACMAARAD.jpg,0,343,71
A_d-HpRbQdU1YAAAAAAAAAAAAAAQAAAQ.jpg,A_Fk7aSIVdPRsAAAAAAAAAAAAAAQAAAQ.jpg,0,33,156
dNTm6a6ZQU-tMrEpqKmLXwAAACMAARAD.jpg,A_oZO5TK174JsAAAAAAAAAAAAAAQAAAQ.jpg,0,56,184
A_KRefSIqxAhMAAAAAAAAAAAAAAQAAAQ.jpg,A_Ba6QQqFUsP4AAAAAAAAAAAAAAQAAAQ.jpg,0,259,15
A_1BkkT5s3pZkAAAAAAAAAAAAAAQAAAQ.jpg,A_l7TnSbKoau8AAAAAAAAAAAAAAQAAAQ.jpg,0,304,40
A_3JWtT62FzhAAAAAAAAAAAAAAAQAAAQ.jpg,A_IMTVR4woMBkAAAAAAAAAAAAAAQAAAQ.jpg,0,290,60
A_a-RNSrOUV5IAAAAAAAAAAAAAAQAAAQ.jpg,A_vTQoRLws130AAAAAAAAAAAAAAQAAAQ.jpg,0,296,287
A_qB4QT6PpWG8AAAAAAAAAAAAAAQAAAQ.jpg,A_AoHdR7FLKwgAAAAAAAAAAAAAAQAAAQ.jpg,0,242,178
A_eKNXQLRk11AAAAAAAAAAAAAAAQAAAQ.jpg,A_URuNQJscuisAAAAAAAAAAAAAAQAAAQ.jpg,0,112,297
A_CRqJQKCtnOMAAAAAAAAAAAAAAQAAAQ.jpg,A_PXh2Q7BkVC0AAAAAAAAAAAAAAQAAAQ.jpg,0,341,122
A_NnDDQ68F5F8AAAAAAAAAAAAAAQAAAQ.jpg,A_PM4uTLm28AgAAAAAAAAAAAAAAQAAAQ.jpg,0,146,304
A_d-HpRbQdU1YAAAAAAAAAAAAAAQAAAQ.jpg,A_4COnRIftFtkAAAAAAAAAAAAAAQAAAQ.jpg,0,33,104
A_DkWtQphhpucAAAAAAAAAAAAAAQAAAQ.jpg,A_9FlLRZb9wXUAAAAAAAAAAAAAAQAAAQ.jpg,0,195,49
A_waonRYbJYOwAAAAAAAAAAAAAAQAAAQ.jpg,A_TneoSKTv7UkAAAAAAAAAAAAAAQAAAQ.jpg,0,194,223
A_y6yGT6qZ-m4AAAAAAAAAAAAAAQAAAQ.jpg,A_pOfiQ7jDy15GaENDjjN7nQAAAQAAAQ.jpg,0,103,13
A_RZTaRK3bJIcAAAAAAAAAAAAAAQAAAQ.jpg,A_mo3GRaXrNTgAAAAAAAAAAAAAAQAAAQ.jpg,0,123,309
A_pNAcQKJ6yH4AAAAAAAAAAAAAAQAAAQ.jpg,A_mbl7SbkDKR4AAAAAAAAAAAAAAQAAAQ.jpg,0,344,16
A_BA6tQ66OKSUAAAAAAAAAAAAAAQAAAQ.jpg,A_HblBQpqvsuIAAAAAAAAAAAAAAQAAAQ.jpg,0,43,225
A_qo9KQ6YZpa0AAAAAAAAAAAAAAQAAAQ.jpg,A_ZX7pT4uWMgsAAAAAAAAAAAAAAQAAAQ.jpg,0,11,268
A_tmZ3QpBor3sAAAAAAAAAAAAAAQAAAQ.jpg,A_7w30T4PSpVgAAAAAAAAAAAAAAQAAAQ.jpg,0,203,229
A_jwl4QaUztl0AAAAAAAAAAAAAAQAAAQ.jpg,A_hqAJQ6LPFncAAAAAAAAAAAAAAQAAAQ.jpg,0,187,108
A_yrFZSaXtfAEAAAAAAAAAAAAAAQAAAQ.jpg,A_HII8R5WzRQ4AAAAAAAAAAAAAAQAAAQ.jpg,0,162,179
A_CbtxSYI7W3wAAAAAAAAAAAAAAQAAAQ.jpg,do9fiCurQMewDq6x14MTlgAAACMAARAD.jpg,0,280,226
A_SXh7Qo_BhxkAAAAAAAAAAAAAAQAAAQ.jpg,A_0Z_BTJTyxrUAAAAAAAAAAAAAAQAAAQ.jpg,0,292,135
A_Z7bIS7KQQFUAAAAAAAAAAAAAAQAAAQ.jpg,A_H2d7SazIiaAAAAAAAAAAAAAAAQAAAQ.jpg,0,83,73
A_Li70RYXYOToAAAAAAAAAAAAAAQAAAQ.jpg,A_9FlLRZb9wXUAAAAAAAAAAAAAAQAAAQ.jpg,0,171,49
A_0tvJRLe5_mUAAAAAAAAAAAAAAQAAAQ.jpg,A_ToioR6w5lKgAAAAAAAAAAAAAAQAAAQ.jpg,0,86,283
KtjlPeKCRb-0vismjLY7MgAAACMAARED.jpg,A_i7AkRLef484AAAAAAAAAAAAAAQAAAQ.jpg,0,128,240
A_A17DRrV-btsAAAAAAAAAAAAAAQAAAQ.jpg,2A23mcKTRe6iwvdle-DnoQAAACMAARAD.jpg,0,33,349
A_I4uaQKtPPhAAAAAAAAAAAAAAAQAAAQ.jpg,A_dI4zSai8yk-dZNBKqTLbdAAAAQAAAQ.jpg,0,329,221
A_fbzVQ5muvQIAAAAAAAAAAAAAAQAAAQ.jpg,A_2W5zQLpISkcAAAAAAAAAAAAAAQAAAQ.jpg,0,77,105
A_s3DKToWP_5UAAAAAAAAAAAAAAQAAAQ.jpg,A_Hu1zSa0hFcdm4cpMozBtlgAAAQAAAQ.jpg,0,142,187
A_WJZqQYuskC4AAAAAAAAAAAAAAQAAAQ.jpg,A_ACH-Ta-cq-oAAAAAAAAAAAAAAQAAAQ.jpg,0,335,340
A_oU0aQJ48IRsAAAAAAAAAAAAAAQAAAQ.jpg,A_Pgp4TYloAOwAAAAAAAAAAAAAAQAAAQ.jpg,0,133,281
A_QYfVToXTeu0AAAAAAAAAAAAAAQAAAQ.jpg,A_dxCNSp4IGbAAAAAAAAAAAAAAAQAAAQ.jpg,0,229,172
uI5fw6x6QLSNO_eB4fXEZwAAACMAARAD.jpg,A_5QphQrKDPQgAAAAAAAAAAAAAAQAAAQ.jpg,0,109,285
A_6JGwQau_WNoAAAAAAAAAAAAAAQAAAQ.jpg,A_Uqn1Qq1RIzkAAAAAAAAAAAAAAQAAAQ.jpg,0,284,112
A_FhdITbO2NLEAAAAAAAAAAAAAAQAAAQ.jpg,8fDO2NZcTqetpeRD2liw8gAAACMAARAD.jpg,0,102,190
A_ivfcQaWsgdsAAAAAAAAAAAAAAQAAAQ.jpg,5tv9hCixSeCiHja6EI7b6AAAACMAARAD.jpg,0,296,120
A_ryBhQJmZFnUAAAAAAAAAAAAAAQAAAQ.jpg,A_7zzVQYVHFHgAAAAAAAAAAAAAAQAAAQ.jpg,0,267,158
A_peVaRKhGG6EAAAAAAAAAAAAAAQAAAQ.jpg,A_79Y3T534mhsAAAAAAAAAAAAAAQAAAQ.jpg,0,338,205
A_pWOlQZby4GYAAAAAAAAAAAAAAQAAAQ.jpg,A_Sgy4Q5WINnoAAAAAAAAAAAAAAQAAAQ.jpg,0,121,157
A_5rhHQ4uH0DUAAAAAAAAAAAAAAQAAAQ.jpg,A_KW5iQISstkQAAAAAAAAAAAAAAQAAAQ.jpg,0,343,146
A_F67BSool6_AAAAAAAAAAAAAAAQAAAQ.jpg,A_rGSuTZXVuRUAAAAAAAAAAAAAAQAAAQ.jpg,0,92,2
A_fgxxT7gC-zwAAAAAAAAAAAAAAQAAAQ.jpg,A_acoIRKkS4KMAAAAAAAAAAAAAAQAAAQ.jpg,0,198,336
A_cY_dQKTxLZIAAAAAAAAAAAAAAQAAAQ.jpg,A_LlQfQ5eZYSAAAAAAAAAAAAAAAQAAAQ.jpg,0,34,94
A_icEHSLdCQo8AAAAAAAAAAAAAAQAAAQ.jpg,A_i86wS72-_lQAAAAAAAAAAAAAAQAAAQ.jpg,0,124,224
A_He2nSrEFR1YAAAAAAAAAAAAAAQAAAQ.jpg,A_BTUkT4Eo6pQAAAAAAAAAAAAAAQAAAQ.jpg,0,300,266
A_D9o9T7zICSYbaeZMlwxEKQAAAQAAAQ.jpg,T9sfxIkpSdiBNdMd91kAeAAAACMAARAD.jpg,0,113,321
A_vA8kSp4KcUUAAAAAAAAAAAAAAQAAAQ.jpg,A_z_sFRp0sqQIAAAAAAAAAAAAAAQAAAQ.jpg,0,141,168
A_W2IxTrShf0MAAAAAAAAAAAAAAQAAAQ.jpg,A_GKxxTacH56QAAAAAAAAAAAAAAQAAAQ.jpg,0,334,21
A_rdsOTar7H-kAAAAAAAAAAAAAAQAAAQ.jpg,A_MtxfT4wtikgAAAAAAAAAAAAAAQAAAQ.jpg,0,46,286
A_1ruyQ7LcAuoAAAAAAAAAAAAAAQAAAQ.jpg,A_Ieo9SKFx2U0AAAAAAAAAAAAAAQAAAQ.jpg,0,347,82
A_Uga7SbOpyY0AAAAAAAAAAAAAAQAAAQ.jpg,A_T5AVSb-PcwMAAAAAAAAAAAAAAQAAAQ.jpg,0,69,98
jljP-9JORDyajV3g_xwG_wAAACMAARAD.jpg,A_BvagTqt2xW0AAAAAAAAAAAAAAQAAAQ.jpg,0,129,180
5Oscl8XJRRC2rytTlGL-0AAAACMAARAD.jpg,A_tnVbTq1hG0IAAAAAAAAAAAAAAQAAAQ.jpg,0,226,194
A_IHGMTadv9ZoAAAAAAAAAAAAAAQAAAQ.jpg,A_BquTQbUQF58AAAAAAAAAAAAAAQAAAQ.jpg,0,104,197
A__euTTbzk1_QAAAAAAAAAAAAAAQAAAQ.jpg,A_RxhpTqk6BKsAAAAAAAAAAAAAAQAAAQ.jpg,0,210,203
A_K0ldRalVubcAAAAAAAAAAAAAAQAAAQ.jpg,A_JvhQSaZL14UAAAAAAAAAAAAAAQAAAQ.jpg,0,24,75
A_6XZZT6vaEZ4AAAAAAAAAAAAAAQAAAQ.jpg,A_9rUXTan94pAAAAAAAAAAAAAAAQAAAQ.jpg,0,294,32
A_qo9KQ6YZpa0AAAAAAAAAAAAAAQAAAQ.jpg,A_HII8R5WzRQ4AAAAAAAAAAAAAAQAAAQ.jpg,0,11,179
A__DG-QaId_tcAAAAAAAAAAAAAAQAAAQ.jpg,A_zMhHRKUhSuE7jzBNqjIYmQAAAQAAAQ.jpg,0,87,148
A_3bzNSLXJbYMAAAAAAAAAAAAAAQAAAQ.jpg,A_0tvJRLe5_mUAAAAAAAAAAAAAAQAAAQ.jpg,0,324,86
A_6xKYQ5BLeRAAAAAAAAAAAAAAAQAAAQ.jpg,A_NfYdSZ8-0FYAAAAAAAAAAAAAAQAAAQ.jpg,0,80,126
A_B17tQL9G7GBxlR5AvcHBegAAAQAAAQ.jpg,A_zz-aSZh8rzMAAAAAAAAAAAAAAQAAAQ.jpg,0,331,127
A_-6tiTb6_VSoAAAAAAAAAAAAAAQAAAQ.jpg,A_PR05ToNQKfQAAAAAAAAAAAAAAQAAAQ.jpg,0,34,212
A_V3ppS6VZwMoAAAAAAAAAAAAAAQAAAQ.jpg,A_AgMeSbS1YrMAAAAAAAAAAAAAAQAAAQ.jpg,0,340,169
8fDO2NZcTqetpeRD2liw8gAAACMAARAD.jpg,A_mo3GRaXrNTgAAAAAAAAAAAAAAQAAAQ.jpg,0,190,309
A_0RBhTJcWtikAAAAAAAAAAAAAAQAAAQ.jpg,A_xzWOSL6pNFAAAAAAAAAAAAAAAQAAAQ.jpg,0,270,274
A_L_fMQ4YgTbUAAAAAAAAAAAAAAQAAAQ.jpg,A_5BrdQ7yMxs4AAAAAAAAAAAAAAQAAAQ.jpg,0,125,213
A_0RBhTJcWtikAAAAAAAAAAAAAAQAAAQ.jpg,A_5JaUS5e0nHAAAAAAAAAAAAAAAQAAAQ.jpg,0,270,204
A_cHCiQbPdurUAAAAAAAAAAAAAAQAAAQ.jpg,A_X5hASJq4FlIAAAAAAAAAAAAAAQAAAQ.jpg,0,39,240
A_B5PLRYT7qakAAAAAAAAAAAAAAQAAAQ.jpg,A_d-HpRbQdU1YAAAAAAAAAAAAAAQAAAQ.jpg,0,228,33
A_TfvQTrtOPDQAAAAAAAAAAAAAAQAAAQ.jpg,A_60h2TaONPo8AAAAAAAAAAAAAAQAAAQ.jpg,0,243,37
A_JzxkRq5CL7UKXIZGrRlzfQAAAQAAAQ.jpg,A_eUwvR77C5UwAAAAAAAAAAAAAAQAAAQ.jpg,0,216,65
A_5IoZTb3Daq8AAAAAAAAAAAAAAQAAAQ.jpg,9OMvA3NtSGCRN6ymcLH-cAAAACMAARAD.jpg,0,245,323
A_SQeJQr1DQCoAAAAAAAAAAAAAAQAAAQ.jpg,A_2zQ8SKw0HmwAAAAAAAAAAAAAAQAAAQ.jpg,0,233,119
A_ZT5FQpIeXlQAAAAAAAAAAAAAAQAAAQ.jpg,A_4OAEQbtm3HIAAAAAAAAAAAAAAQAAAQ.jpg,0,290,12
A_0RXtQrcbVQMAAAAAAAAAAAAAAQAAAQ.jpg,A_yqalTI6j368AAAAAAAAAAAAAAQAAAQ.jpg,0,223,73
A_HPLCS6zhfDUAAAAAAAAAAAAAAQAAAQ.jpg,A_8g2uSoogj9AAAAAAAAAAAAAAAQAAAQ.jpg,0,218,322
A_a7OnT702SKIAAAAAAAAAAAAAAQAAAQ.jpg,_YxN02DfQ7OUYkwftQP0QQAAACMAARAD.jpg,0,161,166
A_W-xaT78i22MAAAAAAAAAAAAAAQAAAQ.jpg,A_EhJNRrpu2Z0AAAAAAAAAAAAAAQAAAQ.jpg,0,50,233
A_JDCBRYXWhPEAAAAAAAAAAAAAAQAAAQ.jpg,A_TnpqRIoO1cIAAAAAAAAAAAAAAQAAAQ.jpg,0,320,130
A__OfaT7yTwxUAAAAAAAAAAAAAAQAAAQ.jpg,A_2fEAQ6wRV78AAAAAAAAAAAAAAQAAAQ.jpg,0,273,255
A_7zNRSYbqsoAAAAAAAAAAAAAAAQAAAQ.jpg,A_iTDeS5OoNC4AAAAAAAAAAAAAAQAAAQ.jpg,0,130,328
A_JO5ZSKO_S7YAAAAAAAAAAAAAAQAAAQ.jpg,A_6XZZT6vaEZ4AAAAAAAAAAAAAAQAAAQ.jpg,0,269,294
A_ZQs8RZuoJBoAAAAAAAAAAAAAAQAAAQ.jpg,A_YrcgQoK0NyIAAAAAAAAAAAAAAQAAAQ.jpg,0,232,215
A_EZU5Q47i9PQAAAAAAAAAAAAAAQAAAQ.jpg,A_4OwVSaVoxg4AAAAAAAAAAAAAAQAAAQ.jpg,0,16,170
A_Q2ygQ7cJQygAAAAAAAAAAAAAAQAAAQ.jpg,A_8hQJTq1WHRsAAAAAAAAAAAAAAQAAAQ.jpg,0,276,51
A_xt-fRpljCNgAAAAAAAAAAAAAAQAAAQ.jpg,A_LWb7SL9pX8IAAAAAAAAAAAAAAQAAAQ.jpg,0,83,98
A_K3lrQrI1-gIAAAAAAAAAAAAAAQAAAQ.jpg,yUud5fmzR3q6UJMUV6hLQwAAACMAARAD.jpg,0,334,306
A_wbFXSqEkpSMAAAAAAAAAAAAAAQAAAQ.jpg,A_T7tpTqdx0wcAAAAAAAAAAAAAAQAAAQ.jpg,0,133,159
A_zjktQp-czbsAAAAAAAAAAAAAAQAAAQ.jpg,A_EN1PTpOOkWkAAAAAAAAAAAAAAQAAAQ.jpg,0,118,66
HqCc8PT8QMalF5QdbcP9UwAAACMAARAD.jpg,A_OVixS5gitWkAAAAAAAAAAAAAAQAAAQ.jpg,0,107,118
A_J9o_QJCEnBQAAAAAAAAAAAAAAQAAAQ.jpg,MkS_FJIUSj-AkfBJ2KVoEwAAACMAARAD.jpg,0,94,208
A_NbMERImKF5IAAAAAAAAAAAAAAQAAAQ.jpg,A__iBTRLnSgRsAAAAAAAAAAAAAAQAAAQ.jpg,0,214,308
A_XNHHSZlJH00AAAAAAAAAAAAAAQAAAQ.jpg,p_poUnC6T06GTFnucmRJSwAAACMAARAD.jpg,0,153,307
A_ZBuhRJ_erngAAAAAAAAAAAAAAQAAAQ.jpg,p_poUnC6T06GTFnucmRJSwAAACMAARAD.jpg,0,34,307
A_fgxxT7gC-zwAAAAAAAAAAAAAAQAAAQ.jpg,A_cY_dQKTxLZIAAAAAAAAAAAAAAQAAAQ.jpg,0,198,34
A_L_fMQ4YgTbUAAAAAAAAAAAAAAQAAAQ.jpg,A_qA51SrJMwRIAAAAAAAAAAAAAAQAAAQ.jpg,0,125,222
A_SXGPT6VlGv0AAAAAAAAAAAAAAQAAAQ.jpg,A_QMXJRr8rzh4AAAAAAAAAAAAAAQAAAQ.jpg,0,15,300
A_fw0nSIvq86cAAAAAAAAAAAAAAQAAAQ.jpg,A_V9dzTZ0oezwAAAAAAAAAAAAAAQAAAQ.jpg,0,65,235
A_OStdQqQjUL8AAAAAAAAAAAAAAQAAAQ.jpg,WNf53_8ITqK97-33UL-ISgAAACMAARAD.jpg,0,210,155
A_LQIQSpDZ01wAAAAAAAAAAAAAAQAAAQ.jpg,A_nZIFTqwyAG0AAAAAAAAAAAAAAQAAAQ.jpg,0,91,341
A_Uh4ZRZjAbOAAAAAAAAAAAAAAAQAAAQ.jpg,A_QYfVToXTeu0AAAAAAAAAAAAAAQAAAQ.jpg,0,52,229
A_KlKMQ7YwUQUAAAAAAAAAAAAAAQAAAQ.jpg,uKy0yW2aSKGHTpR2lfUysQAAACMAARAD.jpg,0,269,132
A_zVV9QJHiLggAAAAAAAAAAAAAAQAAAQ.jpg,A_xTY-S4O2kyYAAAAAAAAAAAAAAQAAAQ.jpg,0,67,333
A_uFYOR6hS8Q8AAAAAAAAAAAAAAQAAAQ.jpg,MfYoqfAzSxyKWkDANp68IQAAACMAARAD.jpg,0,59,132
HqCc8PT8QMalF5QdbcP9UwAAACMAARAD.jpg,A_UIUSR7SsVxQAAAAAAAAAAAAAAQAAAQ.jpg,0,107,81
A_WFX-R60X0GEAAAAAAAAAAAAAAQAAAQ.jpg,9OMvA3NtSGCRN6ymcLH-cAAAACMAARAD.jpg,0,62,323
A_fJ6qQJnwL64AAAAAAAAAAAAAAQAAAQ.jpg,A_3felTbn-u0kAAAAAAAAAAAAAAQAAAQ.jpg,0,305,108
A_ToioR6w5lKgAAAAAAAAAAAAAAQAAAQ.jpg,A_96HDTpXfEp0AAAAAAAAAAAAAAQAAAQ.jpg,0,283,38
A_SB5pT6dIdz0AAAAAAAAAAAAAAQAAAQ.jpg,A_9C0_SY5HMwYAAAAAAAAAAAAAAQAAAQ.jpg,0,197,81
A__sCTTLlfQsMAAAAAAAAAAAAAAQAAAQ.jpg,A_TgAqQpXQPWgAAAAAAAAAAAAAAQAAAQ.jpg,0,158,139
A_c_7LRYptgZ4AAAAAAAAAAAAAAQAAAQ.jpg,A_o6tyRpwL8I0AAAAAAAAAAAAAAQAAAQ.jpg,0,263,100
A_srDSRYqJNiUAAAAAAAAAAAAAAQAAAQ.jpg,A_s6NBRJVoqogAAAAAAAAAAAAAAQAAAQ.jpg,0,44,228
A_OVixS5gitWkAAAAAAAAAAAAAAQAAAQ.jpg,A__9DkRL2nqzgAAAAAAAAAAAAAAQAAAQ.jpg,0,118,222
A_olfhSYntr84AAAAAAAAAAAAAAQAAAQ.jpg,A_BquTQbUQF58AAAAAAAAAAAAAAQAAAQ.jpg,0,337,197
A_EgytQoIRmCEAAAAAAAAAAAAAAQAAAQ.jpg,3TWmN3cgR6O-z4Ry4M-TngAAACMAARAD.jpg,0,343,132
A_TcbgToJZ2O0AAAAAAAAAAAAAAQAAAQ.jpg,A_w8x7SaCEWdkAAAAAAAAAAAAAAQAAAQ.jpg,0,213,58
A_00wGQ6p8j_UAAAAAAAAAAAAAAQAAAQ.jpg,A_uo1iTaASRHgAAAAAAAAAAAAAAQAAAQ.jpg,0,214,185
A_lv0eRrxAXNwAAAAAAAAAAAAAAQAAAQ.jpg,dGG2aRuKRkqEOETt9YkP4gAAACMAARAD.jpg,0,193,282
A_rmRYSoi_81sAAAAAAAAAAAAAAQAAAQ.jpg,FzycvDuPSGu-ef2sruqE3wAAACMAARAD.jpg,0,218,150
A_8hQJTq1WHRsAAAAAAAAAAAAAAQAAAQ.jpg,A__9DkRL2nqzgAAAAAAAAAAAAAAQAAAQ.jpg,0,51,222
A__FI5Q5Jfi3EAAAAAAAAAAAAAAQAAAQ.jpg,A_7agWQomXiksAAAAAAAAAAAAAAQAAAQ.jpg,0,29,85
A_1BkkT5s3pZkAAAAAAAAAAAAAAQAAAQ.jpg,Nr4fpTnSRWGdwsellE27SQAAACMAARAD.jpg,0,304,71
A_SU_3R4a-QnYAAAAAAAAAAAAAAQAAAQ.jpg,A_fdXCTprSOxYAAAAAAAAAAAAAAQAAAQ.jpg,0,259,339
A_-XUaRqtBWX4AAAAAAAAAAAAAAQAAAQ.jpg,A_D6LoTIKJagkAAAAAAAAAAAAAAQAAAQ.jpg,0,159,77
A_5QphQrKDPQgAAAAAAAAAAAAAAQAAAQ.jpg,A_TRvMSK9h_7YAAAAAAAAAAAAAAQAAAQ.jpg,0,285,48
A_y3o0T5zshLsAAAAAAAAAAAAAAQAAAQ.jpg,A_ZLTNQ5wA3ndGXjRCsAnKcwAAAQAAAQ.jpg,0,152,63
36L3Z5XgRFWtMVjSmPOSTwAAACMAARAD.jpg,A_bmExSKHslRkAAAAAAAAAAAAAAQAAAQ.jpg,0,190,14
A_BTGhRL3hvxwAAAAAAAAAAAAAAQAAAQ.jpg,A_aKs_R7ladhcAAAAAAAAAAAAAAQAAAQ.jpg,0,0,69
dsoua9awQ96zA43Lqf2KVgAAACMAARAD.jpg,A_N13KR4j5Yt8AAAAAAAAAAAAAAQAAAQ.jpg,0,226,228
A__FI5Q5Jfi3EAAAAAAAAAAAAAAQAAAQ.jpg,A_X-X-Tq1BLFsAAAAAAAAAAAAAAQAAAQ.jpg,0,29,42
jV3ehro-TYitsrnBzUlcVgAAACMAARAD.jpg,A_aDWaRJ0Cte4AAAAAAAAAAAAAAQAAAQ.jpg,0,120,200
A_jXO8TqgUNaEAAAAAAAAAAAAAAQAAAQ.jpg,A_1AcjS7HMufYAAAAAAAAAAAAAAQAAAQ.jpg,0,3,189
O1CN01i3vtpY1iOA4ELUKNq_!!0-mtopupload.jpg,A_tZlpQLPXXpQAAAAAAAAAAAAAAQAAAQ.jpg,0,22,84
A_uJmSS6jwC_EAAAAAAAAAAAAAAQAAAQ.jpg,A_lzVvRL-LTpYAAAAAAAAAAAAAAQAAAQ.jpg,0,151,225
A_hsJDSo4xcbkAAAAAAAAAAAAAAQAAAQ.jpg,A_lPjNSaZ7r9wAAAAAAAAAAAAAAQAAAQ.jpg,0,3,333
A_7t5MRrn6fyUAAAAAAAAAAAAAAQAAAQ.jpg,A__-KSSaYDssAAAAAAAAAAAAAAAQAAAQ.jpg,0,303,234
A_OwX6S7nJKi4AAAAAAAAAAAAAAQAAAQ.jpg,A_0DqmSI5YLTYAAAAAAAAAAAAAAQAAAQ.jpg,0,220,87
Nr4fpTnSRWGdwsellE27SQAAACMAARAD.jpg,A__53oQqKI9vwAAAAAAAAAAAAAAQAAAQ.jpg,0,71,340
A_wPnAQIK6lFQAAAAAAAAAAAAAAQAAAQ.jpg,kI8JptLQRmKD74_JZNiHXQAAACMAARAD.jpg,0,84,129
A_CMb2RJx-GToAAAAAAAAAAAAAAQAAAQ.jpg,A_8wJfSLcHUG4AAAAAAAAAAAAAAQAAAQ.jpg,0,180,12
A_qltmS7ZNsLUAAAAAAAAAAAAAAQAAAQ.jpg,A_GN8FS4YXEKMAAAAAAAAAAAAAAQAAAQ.jpg,0,91,82
A_LaJXSLgvcWABL0VDvY1hqgAAAQAAAQ.jpg,A_qB4QT6PpWG8AAAAAAAAAAAAAAQAAAQ.jpg,0,185,242
A_PNRuRprSSG4AAAAAAAAAAAAAAQAAAQ.jpg,A_dI4zSai8yk-dZNBKqTLbdAAAAQAAAQ.jpg,0,335,221
A_7kJbS6bLFokAAAAAAAAAAAAAAQAAAQ.jpg,A_KRnoQ5ccGD4AAAAAAAAAAAAAAQAAAQ.jpg,0,205,235
VExaZWAxSUuI3YKpQvrnIgAAACMAARAD.jpg,A_EBtBR7SR8xIAAAAAAAAAAAAAAQAAAQ.jpg,0,190,292
A_h4c5Sad3a7IAAAAAAAAAAAAAAQAAAQ.jpg,A_m2BwRaFdErIAAAAAAAAAAAAAAQAAAQ.jpg,0,40,182
A_-mntSLpmrZwAAAAAAAAAAAAAAQAAAQ.jpg,A_HBC_SqXcNasAAAAAAAAAAAAAAQAAAQ.jpg,0,149,53
9Z0hAJwqQ_Sp0MUIGh4b1wAAACMAARAD.jpg,A_gyLzR4cxZpIAAAAAAAAAAAAAAQAAAQ.jpg,0,207,274
A_1vE2T5QGHN4AAAAAAAAAAAAAAQAAAQ.jpg,A_FxEiTbFDhBMAAAAAAAAAAAAAAQAAAQ.jpg,0,297,21
A_VfpjQZM4v8EAAAAAAAAAAAAAAQAAAQ.jpg,A_0aCUSY5NN4IAAAAAAAAAAAAAAQAAAQ.jpg,0,196,175
A_EVPKRbZgOYgAAAAAAAAAAAAAAQAAAQ.jpg,A_9TXZTICb-ssAAAAAAAAAAAAAAQAAAQ.jpg,0,136,189
A_1328TKphdQgAAAAAAAAAAAAAAQAAAQ.jpg,A_tB9JQ6SKjKYAAAAAAAAAAAAAAQAAAQ.jpg,0,30,201
A_aKs_R7ladhcAAAAAAAAAAAAAAQAAAQ.jpg,A_4rz3RZuMxDMAAAAAAAAAAAAAAQAAAQ.jpg,0,69,165
A_aDKBQ7mM76cAAAAAAAAAAAAAAQAAAQ.jpg,A_846cT62QLOEAAAAAAAAAAAAAAQAAAQ.jpg,0,256,10
A_BMEtTpAKIZUAAAAAAAAAAAAAAQAAAQ.jpg,1u5RC96DSSGhP-caETvXfQAAACMAARAD.jpg,0,247,177
A_gceJT5IcfZ4AAAAAAAAAAAAAAQAAAQ.jpg,AxQOGcN4RkCPWfcMhYgBuQAAACMAARAD.jpg,0,40,307
A_4rjUSryl48IAAAAAAAAAAAAAAQAAAQ.jpg,A_bIcBTZ3tUqEAAAAAAAAAAAAAAQAAAQ.jpg,0,317,289
A_miO8RI_sLsIAAAAAAAAAAAAAAQAAAQ.jpg,A_peVaRKhGG6EAAAAAAAAAAAAAAQAAAQ.jpg,0,180,338
A_KXFaQ7PvD3gAAAAAAAAAAAAAAQAAAQ.jpg,WmmQfVkFSa6ES7uWWRqn-gAAACMAARAD.jpg,0,169,20
A_03AFSaoCIYMAAAAAAAAAAAAAAQAAAQ.jpg,A_UIUSR7SsVxQAAAAAAAAAAAAAAQAAAQ.jpg,0,184,81
A_wcRmTIDKqJAAAAAAAAAAAAAAAQAAAQ.jpg,A_p7msSIPIoxsAAAAAAAAAAAAAAQAAAQ.jpg,0,240,202
A_vjMsQZpQaTkAAAAAAAAAAAAAAQAAAQ.jpg,gssR255rQKW-hXQD0Y7E_AAAACMAARAD.jpg,0,133,120
A_waonRYbJYOwAAAAAAAAAAAAAAQAAAQ.jpg,A_21V8SYT5XQkAAAAAAAAAAAAAAQAAAQ.jpg,0,194,220
A_mHpGR5oYn_kAAAAAAAAAAAAAAQAAAQ.jpg,A_z3KSSqDlw1QAAAAAAAAAAAAAAQAAAQ.jpg,0,320,263
A_iAk4T7b-HD4AAAAAAAAAAAAAAQAAAQ.jpg,A_6aJ8Sa2FS-YAAAAAAAAAAAAAAQAAAQ.jpg,0,337,317
A_0MTNRpRpwNIAAAAAAAAAAAAAAQAAAQ.jpg,2d-0eWw0TDKv5kSoh012ogAAACMAARAD.jpg,0,36,316
A_-JpBS6Eepe4AAAAAAAAAAAAAAQAAAQ.jpg,spShQhU4QW2E7C_-GrtwBwAAACMAARAD.jpg,0,210,72
A_8SMFQ4ABOP4AAAAAAAAAAAAAAQAAAQ.jpg,A_BquTQbUQF58AAAAAAAAAAAAAAQAAAQ.jpg,0,78,197
A_Uw6pRLOcnFcAAAAAAAAAAAAAAQAAAQ.jpg,A_XSjzR59VqvHRlAVGm_RBAAAAAQAAAQ.jpg,0,242,144
A_SqQTTY_3jwUAAAAAAAAAAAAAAQAAAQ.jpg,O1CN01FwhDIF1wj8peOpsqy_!!0-mtopupload.jpg,0,84,22
A_O-HYQbAzM04AAAAAAAAAAAAAAQAAAQ.jpg,A_rphdRInnC2cAAAAAAAAAAAAAAQAAAQ.jpg,0,61,138
A_k6J1RpHE-uEAAAAAAAAAAAAAAQAAAQ.jpg,A_qK0OTL76_bMAAAAAAAAAAAAAAQAAAQ.jpg,0,131,21
A_cFBbQb-i068AAAAAAAAAAAAAAQAAAQ.jpg,A_92a6Tq_Mr68AAAAAAAAAAAAAAQAAAQ.jpg,0,16,175
A_rsioTJ5AOrcAAAAAAAAAAAAAAQAAAQ.jpg,A_cKh6QbFC51wAAAAAAAAAAAAAAQAAAQ.jpg,0,9,169
A_DEkJRYlXFNsAAAAAAAAAAAAAAQAAAQ.jpg,uI5fw6x6QLSNO_eB4fXEZwAAACMAARAD.jpg,0,268,109
A_lPjNSaZ7r9wAAAAAAAAAAAAAAQAAAQ.jpg,A_DhQlQKr7slQAAAAAAAAAAAAAAQAAAQ.jpg,0,333,346
A_q9E-TreZOpcAAAAAAAAAAAAAAQAAAQ.jpg,A_DNjCS6LPySIAAAAAAAAAAAAAAQAAAQ.jpg,0,276,272
A_RZTaRK3bJIcAAAAAAAAAAAAAAQAAAQ.jpg,95yWrxU0SHOjvzfmAl1GjwAAACMAARAD.jpg,0,123,174
A_Y6qGQYFvMP0AAAAAAAAAAAAAAQAAAQ.jpg,A_82BHQ5VJpoQAAAAAAAAAAAAAAQAAAQ.jpg,0,138,326
A_hsJDSo4xcbkAAAAAAAAAAAAAAQAAAQ.jpg,J1CtsgliQ_Wz7dWKjUh9SwAAACMAARAD.jpg,0,3,307
A_FTXOTL2SfYwAAAAAAAAAAAAAAQAAAQ.jpg,A_W-xaT78i22MAAAAAAAAAAAAAAQAAAQ.jpg,0,293,50
A_02oeQZQGpSIAAAAAAAAAAAAAAQAAAQ.jpg,A_cFBbQb-i068AAAAAAAAAAAAAAQAAAQ.jpg,0,297,16
A_JFf0QpMDxLUAAAAAAAAAAAAAAQAAAQ.jpg,A_Fs6DTJ51k3oAAAAAAAAAAAAAAQAAAQ.jpg,0,178,95
A_aDhQT4JRtKIAAAAAAAAAAAAAAQAAAQ.jpg,A_ytKZR43YYx0AAAAAAAAAAAAAAQAAAQ.jpg,0,275,330
A_d-HpRbQdU1YAAAAAAAAAAAAAAQAAAQ.jpg,A_WFX-R60X0GE0GDJMjg5KkAAAAQAAAQ.jpg,0,33,62
A_SXGPT6VlGv0AAAAAAAAAAAAAAQAAAQ.jpg,GkKIt_19Rh2gdu0uxH4mbgAAACMAARAD.jpg,0,15,291
A_RxhpTqk6BKsAAAAAAAAAAAAAAQAAAQ.jpg,A_gBw2Q6_QWsUAAAAAAAAAAAAAAQAAAQ.jpg,0,203,1
A_fw0nSIvq86cAAAAAAAAAAAAAAQAAAQ.jpg,A_yuLVT43MzcgAAAAAAAAAAAAAAQAAAQ.jpg,0,65,167
qHnFLmDMQMiYxAn70xvcRwAAACMAARAD.jpg,A_FbS7RJkTRPMAAAAAAAAAAAAAAQAAAQ.jpg,0,208,99
A_gZaiTKWdZY4AAAAAAAAAAAAAAQAAAQ.jpg,A_dN7FSZa9E6kAAAAAAAAAAAAAAQAAAQ.jpg,0,290,225
Z1qDRVboSz625P_djDkBSwAAACMAARAD.jpg,A_YOLjSLCb05sAAAAAAAAAAAAAAQAAAQ.jpg,0,315,31
A_sUiCS7uVW54AAAAAAAAAAAAAAQAAAQ.jpg,A__-KSSaYDssAAAAAAAAAAAAAAAQAAAQ.jpg,0,227,234
A_048mQIy0UMoAAAAAAAAAAAAAAQAAAQ.jpg,A_GtTURpEqgsQAAAAAAAAAAAAAAQAAAQ.jpg,0,223,111
A_4vgZSoQuhPgAAAAAAAAAAAAAAQAAAQ.jpg,s5_LPbJATXy82lMu1uSeJQAAACMAARAD.jpg,0,294,348
A_t7pjSY5KeJwAAAAAAAAAAAAAAQAAAQ.jpg,A_7HodQI2rtSUAAAAAAAAAAAAAAQAAAQ.jpg,0,324,24
A_kEkzS6WBDdQAAAAAAAAAAAAAAQAAAQ.jpg,A_EtEwQb8aGLUAAAAAAAAAAAAAAQAAAQ.jpg,0,156,46
A_SsVBRJzukC8AAAAAAAAAAAAAAQAAAQ.jpg,A_PYU8Qr4rH5YAAAAAAAAAAAAAAQAAAQ.jpg,0,308,19
W2GbcBOXQ8S9PGJqLQppPQAAACMAARED.jpg,A_tmZ3QpBor3sAAAAAAAAAAAAAAQAAAQ.jpg,0,209,203
A_9f9RQYMEDW8AAAAAAAAAAAAAAQAAAQ.jpg,A_p05OT6oYxSoAAAAAAAAAAAAAAQAAAQ.jpg,0,338,11
A_xvAiTaIgyiIAAAAAAAAAAAAAAQAAAQ.jpg,A_TRvMSK9h_7YAAAAAAAAAAAAAAQAAAQ.jpg,0,154,48
A_eCGwQpnlatEAAAAAAAAAAAAAAQAAAQ.jpg,A_zOObQob7uGMAAAAAAAAAAAAAAQAAAQ.jpg,0,80,65
A_45ZeSYlRX04AAAAAAAAAAAAAAQAAAQ.jpg,A_TgAqQpXQPWgAAAAAAAAAAAAAAQAAAQ.jpg,0,338,139
A_45ZeSYlRX04AAAAAAAAAAAAAAQAAAQ.jpg,A_eCGwQpnlatEAAAAAAAAAAAAAAQAAAQ.jpg,0,338,80
A_JTXPTI39PMkAAAAAAAAAAAAAAQAAAQ.jpg,tQd1XCVwSy27_2CRPo0NAAAAACMAARAD.jpg,0,199,109
W2GbcBOXQ8S9PGJqLQppPQAAACMAARED.jpg,A_HBC_SqXcNasAAAAAAAAAAAAAAQAAAQ.jpg,0,209,53
A_J1qLRIBVPRwAAAAAAAAAAAAAAQAAAQ.jpg,A_9rUXTan94pAAAAAAAAAAAAAAAQAAAQ.jpg,0,151,32
A_R094QKfEc7UAAAAAAAAAAAAAAQAAAQ.jpg,A_7PWcRpT6-noAAAAAAAAAAAAAAQAAAQ.jpg,0,272,145
A_ds1XTZvQ5xIAAAAAAAAAAAAAAQAAAQ.jpg,A_uOCiT40f578AAAAAAAAAAAAAAQAAAQ.jpg,0,242,347
A_EtEwQb8aGLUAAAAAAAAAAAAAAQAAAQ.jpg,A_RaRvSLwdvtQAAAAAAAAAAAAAAQAAAQ.jpg,0,46,173
A_IMTVR4woMBkAAAAAAAAAAAAAAQAAAQ.jpg,A_biEZSZF2Fp0AAAAAAAAAAAAAAQAAAQ.jpg,0,60,115
A_-bJ-Q4552o0AAAAAAAAAAAAAAQAAAQ.jpg,A_uUKRRIhcetkAAAAAAAAAAAAAAQAAAQ.jpg,0,50,262
A_05zKQb6bySIAAAAAAAAAAAAAAQAAAQ.jpg,A_H_ulSqKIeUgAAAAAAAAAAAAAAQAAAQ.jpg,0,216,93
A_uUKRRIhcetkAAAAAAAAAAAAAAQAAAQ.jpg,A_fbzVQ5muvQIAAAAAAAAAAAAAAQAAAQ.jpg,0,262,77
A_0mFaQoSKPVgAAAAAAAAAAAAAAQAAAQ.jpg,A_rZL0S6dvFYvlzupIll1R-AAAAQAAAQ.jpg,0,87,175
A_MfjWQa58yzwAAAAAAAAAAAAAAQAAAQ.jpg,A_qDygQaMbmCsAAAAAAAAAAAAAAQAAAQ.jpg,0,90,119
A_UHv6TJv2h5cAAAAAAAAAAAAAAQAAAQ.jpg,A_7YkuQ4_prsMAAAAAAAAAAAAAAQAAAQ.jpg,0,283,117
A_stIeTZ6xLSQAAAAAAAAAAAAAAQAAAQ.jpg,A_v2AMTqrkHXgAAAAAAAAAAAAAAQAAAQ.jpg,0,172,163
A_KRnoQ5ccGD4AAAAAAAAAAAAAAQAAAQ.jpg,A_7YkuQ4_prsMAAAAAAAAAAAAAAQAAAQ.jpg,0,235,117
A_7w30T4PSpVgAAAAAAAAAAAAAAQAAAQ.jpg,A_dIlQSIobnFAAAAAAAAAAAAAAAQAAAQ.jpg,0,229,45
A_N7TMSppc4iUAAAAAAAAAAAAAAQAAAQ.jpg,A_1WHrSb70BwYAAAAAAAAAAAAAAQAAAQ.jpg,0,101,347
A_iK_RRJMtR_0AAAAAAAAAAAAAAQAAAQ.jpg,A_-bJ-Q4552o0AAAAAAAAAAAAAAQAAAQ.jpg,0,101,50
tZ9Ffj0eTdiamVFL64HrAwAAACMAARAD.jpg,A_5dNJRaepYnUAAAAAAAAAAAAAAQAAAQ.jpg,0,72,302
A_GpPxSZ7FJvMAAAAAAAAAAAAAAQAAAQ.jpg,unXpdCHiSwq1IsIo2bI8PAAAACMAARAD.jpg,0,53,70
A_tmZ3QpBor3sAAAAAAAAAAAAAAQAAAQ.jpg,A_1ruyQ7LcAuoAAAAAAAAAAAAAAQAAAQ.jpg,0,203,347
A_QYfVToXTeu0AAAAAAAAAAAAAAQAAAQ.jpg,tZ9Ffj0eTdiamVFL64HrAwAAACMAARAD.jpg,0,229,72
A_tB9JQ6SKjKYAAAAAAAAAAAAAAQAAAQ.jpg,A_P3qUR6v9jfsAAAAAAAAAAAAAAQAAAQ.jpg,0,201,204
A_pBcpQ5u7crsAAAAAAAAAAAAAAQAAAQ.jpg,RIZCEXosSOm6gQj1pn6RSAAAACMAARAD.jpg,0,286,164
A_7uWzQaplAc4AAAAAAAAAAAAAAQAAAQ.jpg,A_Hd0LRLVyFxQAAAAAAAAAAAAAAQAAAQ.jpg,0,260,213
A_rMDcQZ59WB8AAAAAAAAAAAAAAQAAAQ.jpg,A_j72ARLb_6boAAAAAAAAAAAAAAQAAAQ.jpg,0,97,161
A_AoHdR7FLKwgAAAAAAAAAAAAAAQAAAQ.jpg,A_XSdhTajB4_kAAAAAAAAAAAAAAQAAAQ.jpg,0,178,243
A_IfS8TqroUEgAAAAAAAAAAAAAAQAAAQ.jpg,A_pGBkRrTqPD0AAAAAAAAAAAAAAQAAAQ.jpg,0,131,5
A_5X2gQreyAEgAAAAAAAAAAAAAAQAAAQ.jpg,A_m8smT6igYF8AAAAAAAAAAAAAAQAAAQ.jpg,0,93,12
kI8JptLQRmKD74_JZNiHXQAAACMAARAD.jpg,A_GJH7T7H_iloAAAAAAAAAAAAAAQAAAQ.jpg,0,129,252
A_l-VLRK4I89oAAAAAAAAAAAAAAQAAAQ.jpg,A_pBcpQ5u7crsAAAAAAAAAAAAAAQAAAQ.jpg,0,31,286
A_LJALQ5tQhGoAAAAAAAAAAAAAAQAAAQ.jpg,A_bJUVQLWonskAAAAAAAAAAAAAAQAAAQ.jpg,0,246,344
A_3felTbn-u0kAAAAAAAAAAAAAAQAAAQ.jpg,A_MzYDRI1zIykAAAAAAAAAAAAAAQAAAQ.jpg,0,108,122
A_bIcBTZ3tUqEAAAAAAAAAAAAAAQAAAQ.jpg,A_plIEQ4aQaFEAAAAAAAAAAAAAAQAAAQ.jpg,0,289,349
A_3uJrSJQRo58AAAAAAAAAAAAAAQAAAQ.jpg,A_FTXOTL2SfYwAAAAAAAAAAAAAAQAAAQ.jpg,0,275,293
A_TlQXRagTGKcAAAAAAAAAAAAAAQAAAQ.jpg,igBDl6ziSdODf-fpbtEL1wAAACMAARAD.jpg,0,172,306
A_AB0vQqatlaMAAAAAAAAAAAAAAQAAAQ.jpg,A_TRvMSK9h_7YAAAAAAAAAAAAAAQAAAQ.jpg,0,233,48
A_ytOxT7NilIsAAAAAAAAAAAAAAQAAAQ.jpg,A_g55DSKHkNDkAAAAAAAAAAAAAAQAAAQ.jpg,0,244,137
A__dC3S5as98wAAAAAAAAAAAAAAQAAAQ.jpg,A_Sgy4Q5WINnoAAAAAAAAAAAAAAQAAAQ.jpg,0,279,157
A_ytOxT7NilIsAAAAAAAAAAAAAAQAAAQ.jpg,J1CtsgliQ_Wz7dWKjUh9SwAAACMAARAD.jpg,0,244,307
A_DkWtQphhpucAAAAAAAAAAAAAAQAAAQ.jpg,A_dej1SoczgZ0AAAAAAAAAAAAAAQAAAQ.jpg,0,195,43
A_O8IBS7bcXMAAAAAAAAAAAAAAAQAAAQ.jpg,rPNyWMgLSMewMHD2BSt6gAAAACMAARAD.jpg,0,196,209
A_VQ4tRoLu4e4AAAAAAAAAAAAAAQAAAQ.jpg,A_h-8AQKUCJ6wAAAAAAAAAAAAAAQAAAQ.jpg,0,292,257
A_JvhQSaZL14UAAAAAAAAAAAAAAQAAAQ.jpg,A_m8smT6igYF8AAAAAAAAAAAAAAQAAAQ.jpg,0,75,12
PYuk0PscTpKyg5nsQBOYZgAAACMAARAD.jpg,A_7mlCRqiHNywAAAAAAAAAAAAAAQAAAQ.jpg,0,107,215
A_wPiZSI8pSBIAAAAAAAAAAAAAAQAAAQ.jpg,A_y3o0T5zshLsAAAAAAAAAAAAAAQAAAQ.jpg,0,157,152
A_vKhxQLRWwhkAAAAAAAAAAAAAAQAAAQ.jpg,A_lv0eRrxAXNwAAAAAAAAAAAAAAQAAAQ.jpg,0,252,193
A_W2IxTrShf0MAAAAAAAAAAAAAAQAAAQ.jpg,A_7HodQI2rtSUAAAAAAAAAAAAAAQAAAQ.jpg,0,334,24
A_CJEPQZwY7_IAAAAAAAAAAAAAAQAAAQ.jpg,A__MyoS6tXD44AAAAAAAAAAAAAAQAAAQ.jpg,0,191,86
A__iVyQa-Ul-kAAAAAAAAAAAAAAQAAAQ.jpg,A__LYISrzZ_GIAAAAAAAAAAAAAAQAAAQ.jpg,0,249,287
A_FyXHS6lwH00AAAAAAAAAAAAAAQAAAQ.jpg,A_pUauTrONA4kAAAAAAAAAAAAAAQAAAQ.jpg,0,142,318
A_XHurTYV1xScAAAAAAAAAAAAAAQAAAQ.jpg,A_7Rs9Q46XFoAAAAAAAAAAAAAAAQAAAQ.jpg,0,337,92
A_pO8kQqJBt3EAAAAAAAAAAAAAAQAAAQ.jpg,A_437OSrredWUAAAAAAAAAAAAAAQAAAQ.jpg,0,39,271
A_C0vvSpWL_JsAAAAAAAAAAAAAAQAAAQ.jpg,ydJW6409RSKvBzpK1xzS0QAAACMAARAD.jpg,0,121,27
A_8MxtS7nrx5oAAAAAAAAAAAAAAQAAAQ.jpg,A_0Z_BTJTyxrUAAAAAAAAAAAAAAQAAAQ.jpg,0,53,135
A_v2AMTqrkHXgAAAAAAAAAAAAAAQAAAQ.jpg,A_-6tiTb6_VSoAAAAAAAAAAAAAAQAAAQ.jpg,0,163,34
A_atr-Q7oa0ywAAAAAAAAAAAAAAQAAAQ.jpg,A_XHurTYV1xScAAAAAAAAAAAAAAQAAAQ.jpg,0,43,337
A_h8ycS56cyH0AAAAAAAAAAAAAAQAAAQ.jpg,A_FliWQ7H5vocAAAAAAAAAAAAAAQAAAQ.jpg,0,11,301
A_Y1ryTIb8npX6SU9Br3TwMgAAAQAAAQ.jpg,A__DG-QaId_tcAAAAAAAAAAAAAAQAAAQ.jpg,0,221,87
A_29ykT6cSV_gAAAAAAAAAAAAAAQAAAQ.jpg,A_g55DSKHkNDkAAAAAAAAAAAAAAQAAAQ.jpg,0,247,137
A_t7pjSY5KeJwAAAAAAAAAAAAAAQAAAQ.jpg,A_D9w_QbDG9s4AAAAAAAAAAAAAAQAAAQ.jpg,0,324,26
Sz6t1kxuSjqrB9PpBED6oAAAACMAARED.jpg,A_g3QTTLBYHsUAAAAAAAAAAAAAAQAAAQ.jpg,0,54,136
A_AQhlTojyuDEAAAAAAAAAAAAAAQAAAQ.jpg,A_GtTURpEqgsQAAAAAAAAAAAAAAQAAAQ.jpg,0,231,111
VjekR6ueSNOq94VvNYUcgAAAACMAARAD.jpg,A_MfjWQa58yzwAAAAAAAAAAAAAAQAAAQ.jpg,0,310,90
A_FZxTQJDVbkYAAAAAAAAAAAAAAQAAAQ.jpg,A_CbtxSYI7W3wAAAAAAAAAAAAAAQAAAQ.jpg,0,289,280
A_Or1GTqTym0AAAAAAAAAAAAAAAQAAAQ.jpg,40cC6HWzRva34jaC_YZZAwAAACMAARED.jpg,0,170,128
A_wr26TqasgdEAAAAAAAAAAAAAAQAAAQ.jpg,A_ZLTNQ5wA3ncNnJxCvdxuZQAAAQAAAQ.jpg,0,165,63
A_qcBWSoqyLrEAAAAAAAAAAAAAAQAAAQ.jpg,A_uFYOR6hS8Q8AAAAAAAAAAAAAAQAAAQ.jpg,0,344,59
A_aMDbQ5OmVQ4AAAAAAAAAAAAAAQAAAQ.jpg,A_BdbARbNUADgAAAAAAAAAAAAAAQAAAQ.jpg,0,95,122
A_AoHdR7FLKwgAAAAAAAAAAAAAAQAAAQ.jpg,A_45ZeSYlRX04AAAAAAAAAAAAAAQAAAQ.jpg,0,178,338
A_5QphQrKDPQgAAAAAAAAAAAAAAQAAAQ.jpg,A_3uJrSJQRo58AAAAAAAAAAAAAAQAAAQ.jpg,0,285,275
A_IgaXRJ1OsMYAAAAAAAAAAAAAAQAAAQ.jpg,A_zjktQp-czbsAAAAAAAAAAAAAAQAAAQ.jpg,0,305,118
A_6xKYQ5BLeRAAAAAAAAAAAAAAAQAAAQ.jpg,A__hNgQJmrLXkAAAAAAAAAAAAAAQAAAQ.jpg,0,80,100
A_cy6BT7zBon8AAAAAAAAAAAAAAQAAAQ.jpg,A_UGJ9TY8666oAAAAAAAAAAAAAAQAAAQ.jpg,0,145,325
A_E-xxRLjoDi0AAAAAAAAAAAAAAQAAAQ.jpg,A_CkzZSIBF3KYAAAAAAAAAAAAAAQAAAQ.jpg,0,115,299
A_-cgBQ7nWdC4AAAAAAAAAAAAAAQAAAQ.jpg,A_ymwwSJZai5IAAAAAAAAAAAAAAQAAAQ.jpg,0,283,122
A_phjfSK7C04wAAAAAAAAAAAAAAQAAAQ.jpg,A_X5hASJq4FlIAAAAAAAAAAAAAAQAAAQ.jpg,0,145,240
A_B70bT5SypHUAAAAAAAAAAAAAAQAAAQ.jpg,8quPjI33SE-iyYx4UOnjkQAAACMAARAD.jpg,0,55,68
A_LaJXSLgvcWAAAAAAAAAAAAAAAQAAAQ.jpg,A_H2d7SazIiaAAAAAAAAAAAAAAAQAAAQ.jpg,0,185,73
A_8jMWRbavcW0AAAAAAAAAAAAAAQAAAQ.jpg,A_XSjzR59VqvHRlAVGm_RBAAAAAQAAAQ.jpg,0,287,144
A_h0e0SItXSKwAAAAAAAAAAAAAAQAAAQ.jpg,_YxN02DfQ7OUYkwftQP0QQAAACMAARAD.jpg,0,289,166
A_yqmVSY6yhroAAAAAAAAAAAAAAQAAAQ.jpg,A_rIp5QoMBGOQAAAAAAAAAAAAAAQAAAQ.jpg,0,104,53
J1CtsgliQ_Wz7dWKjUh9SwAAACMAARAD.jpg,A_5z1SRIthrRMAAAAAAAAAAAAAAQAAAQ.jpg,0,307,176
WNf53_8ITqK97-33UL-ISgAAACMAARAD.jpg,A_ACH-Ta-cq-oAAAAAAAAAAAAAAQAAAQ.jpg,0,155,340
frarTD7lTOqgeRc7RMPqNQAAACMAARAD.jpg,A_g9o_RrSonkcAAAAAAAAAAAAAAQAAAQ.jpg,0,188,25
A_h0e0SItXSKwAAAAAAAAAAAAAAQAAAQ.jpg,A_ey1NQqwj2xkAAAAAAAAAAAAAAQAAAQ.jpg,0,289,35
A_eKPdQ7NuzWMAAAAAAAAAAAAAAQAAAQ.jpg,A_aKs_R7ladhcAAAAAAAAAAAAAAQAAAQ.jpg,0,79,69
A_Ba6QQqFUsP4AAAAAAAAAAAAAAQAAAQ.jpg,A_VNPxS4voAo4AAAAAAAAAAAAAAQAAAQ.jpg,0,15,49
A_Ver0Ro7tFCYAAAAAAAAAAAAAAQAAAQ.jpg,5Oscl8XJRRC2rytTlGL-0AAAACMAARAD.jpg,0,222,226
A_FraFT4NK-OwAAAAAAAAAAAAAAQAAAQ.jpg,O1CN018y9zNy1b2RyzTX0bZ_!!0-mtopupload.jpg,0,204,22
A_-bFhSYWyHW8AAAAAAAAAAAAAAQAAAQ.jpg,A_DTn9RaIFKaUAAAAAAAAAAAAAAQAAAQ.jpg,0,108,246
A_TgAqQpXQPWgAAAAAAAAAAAAAAQAAAQ.jpg,A_fNviRZaQBUIAAAAAAAAAAAAAAQAAAQ.jpg,0,139,151
A_wivkSpYnjv0AAAAAAAAAAAAAAQAAAQ.jpg,A_6JGwQau_WNoAAAAAAAAAAAAAAQAAAQ.jpg,0,101,284
zGfOrLgJRWq4z48tv9EHeQAAACMAARAD.jpg,A_Hn4STI9pSQMAAAAAAAAAAAAAAQAAAQ.jpg,0,155,40
A_j72ARLb_6boAAAAAAAAAAAAAAQAAAQ.jpg,A_vjMsQZpQaTkAAAAAAAAAAAAAAQAAAQ.jpg,0,161,133
A_a5OsTbYWWVQAAAAAAAAAAAAAAQAAAQ.jpg,A_DC12To5UBZwAAAAAAAAAAAAAAQAAAQ.jpg,0,137,23
qOv8xeZkRVeDHmMZ8t0QaAAAACMAARAD.jpg,A_puDYQoa6ZyAAAAAAAAAAAAAAAQAAAQ.jpg,0,219,160
A_N1bgTpTlLkIAAAAAAAAAAAAAAQAAAQ.jpg,A_q3NGSb8R88wAAAAAAAAAAAAAAQAAAQ.jpg,0,285,253
LkTAGmb3TGuGGZHU52brUQAAACMAARAD.jpg,A_4ERZQIbzN0oAAAAAAAAAAAAAAQAAAQ.jpg,0,207,265
A_puDYQoa6ZyAAAAAAAAAAAAAAAQAAAQ.jpg,A_GsfXSomQxTQAAAAAAAAAAAAAAQAAAQ.jpg,0,160,201
A_FZxTQJDVbkYAAAAAAAAAAAAAAQAAAQ.jpg,xEkROLFrT8eZz88qyGMUDgAAACMAARAD.jpg,0,289,327
A_kEkzS6WBDdQAAAAAAAAAAAAAAQAAAQ.jpg,A_3muFRpfosX0AAAAAAAAAAAAAAQAAAQ.jpg,0,156,10
A_lWreSpZxhyAAAAAAAAAAAAAAAQAAAQ.jpg,A_I5KDRLmGgB8AAAAAAAAAAAAAAQAAAQ.jpg,0,15,296
NHtoXmJsQbC2oYEEvNh-agAAACMAARAD.jpg,A_LFTBTrq2so4AAAAAAAAAAAAAAQAAAQ.jpg,0,6,278
A_f8MgS5sAGg0AAAAAAAAAAAAAAQAAAQ.jpg,A_ZkMGSr_0kyQAAAAAAAAAAAAAAQAAAQ.jpg,0,93,138
A_9T8iRZsNnOoAAAAAAAAAAAAAAQAAAQ.jpg,frdTcr-kQKe_ugKUa32pmwAAACMAARAD.jpg,0,91,174
A_mbl_QJe6wqwAAAAAAAAAAAAAAQAAAQ.jpg,A_zz-aSZh8rzMAAAAAAAAAAAAAAQAAAQ.jpg,0,168,127
A_YkhcSryYe2cAAAAAAAAAAAAAAQAAAQ.jpg,A_rZL0S6dvFYvlzupIll1R-AAAAQAAAQ.jpg,0,339,175
A_Ysu4QqIqPYkAAAAAAAAAAAAAAQAAAQ.jpg,A_jHKHTLW4rOcAAAAAAAAAAAAAAQAAAQ.jpg,0,333,267
A_qB4QT6PpWG8AAAAAAAAAAAAAAQAAAQ.jpg,A_HngbSJVJVYUAAAAAAAAAAAAAAQAAAQ.jpg,0,242,112
A_0GHaQ5v1mnFBBtxPokPDawAAAQAAAQ.jpg,A_Z4zcS4aqMeIAAAAAAAAAAAAAAQAAAQ.jpg,0,64,253
A_Q8HDR58ZuAwAAAAAAAAAAAAAAQAAAQ.jpg,A_W-HLSo2GkJIAAAAAAAAAAAAAAQAAAQ.jpg,0,251,64
A_ds1XTZvQ5xIAAAAAAAAAAAAAAQAAAQ.jpg,J4N-el7oSxaafAyjuSBgGAAAACMAARAD.jpg,0,242,129
A__-5CSqwIXuQAAAAAAAAAAAAAAQAAAQ.jpg,A_olfhSYntr84AAAAAAAAAAAAAAQAAAQ.jpg,0,255,337
A_qDygQaMbmCsAAAAAAAAAAAAAAQAAAQ.jpg,A_dNP4R4O9ASkAAAAAAAAAAAAAAQAAAQ.jpg,0,119,257
A_Vb0FSquZ6YkAAAAAAAAAAAAAAQAAAQ.jpg,A_eKNXQLRk11AAAAAAAAAAAAAAAQAAAQ.jpg,0,237,112
A_fXp1S7xHV6YAAAAAAAAAAAAAAQAAAQ.jpg,A_J9o_QJCEnBQAAAAAAAAAAAAAAQAAAQ.jpg,0,106,94
A_6rXsToXOMygAAAAAAAAAAAAAAQAAAQ.jpg,A_plhwSYSpPVIAAAAAAAAAAAAAAQAAAQ.jpg,0,290,264
A_IHGMTadv9ZoAAAAAAAAAAAAAAQAAAQ.jpg,A_P3qUR6v9jfsAAAAAAAAAAAAAAQAAAQ.jpg,0,104,204
B4vLF17OQ7iz0JDSOsJBYwAAACMAARAD.jpg,A_NbMERImKF5IAAAAAAAAAAAAAAQAAAQ.jpg,0,71,214
Gy5X3mM5RdSB0CqW4GSoGwAAACMAARAD.jpg,K36qV-IBRmOVon1zVvZi5gAAACMAARAD.jpg,0,291,321
A_HblBQpqvsuIAAAAAAAAAAAAAAQAAAQ.jpg,A_qL1DQ52JFAsAAAAAAAAAAAAAAQAAAQ.jpg,0,225,44
A_nw_7QLxh6h4AAAAAAAAAAAAAAQAAAQ.jpg,ydJW6409RSKvBzpK1xzS0QAAACMAARAD.jpg,0,271,27
A_6BoNTIj6Zn8AAAAAAAAAAAAAAQAAAQ.jpg,A_57b6Sb8-FAYAAAAAAAAAAAAAAQAAAQ.jpg,0,126,300
A_jB9eRYoChjwAAAAAAAAAAAAAAQAAAQ.jpg,A_K9CLR4e8IykAAAAAAAAAAAAAAQAAAQ.jpg,0,175,346
A_5dhIRrfer5YAAAAAAAAAAAAAAQAAAQ.jpg,A_ab2UR5VE8pYAAAAAAAAAAAAAAQAAAQ.jpg,0,65,49
xEkROLFrT8eZz88qyGMUDgAAACMAARAD.jpg,igBDl6ziSdODf-fpbtEL1wAAACMAARAD.jpg,0,327,306
A_92a6Tq_Mr68AAAAAAAAAAAAAAQAAAQ.jpg,A_pMrhQLroe0IAAAAAAAAAAAAAAQAAAQ.jpg,0,175,319
A_Or1GTqTym0AAAAAAAAAAAAAAAQAAAQ.jpg,tJDuEYiaTTSKF7b-QNnRbgAAACMAARAD.jpg,0,170,107
A_Tt6HTJdxA1kAAAAAAAAAAAAAAQAAAQ.jpg,A_Vb0FSquZ6YkAAAAAAAAAAAAAAQAAAQ.jpg,0,19,237
dsoua9awQ96zA43Lqf2KVgAAACMAARAD.jpg,A_ab2UR5VE8pYAAAAAAAAAAAAAAQAAAQ.jpg,0,226,49
A_DhQlQKr7slQAAAAAAAAAAAAAAQAAAQ.jpg,A_2oJSS7TmnnsAAAAAAAAAAAAAAQAAAQ.jpg,0,346,329
A_5JaUS5e0nHAAAAAAAAAAAAAAAQAAAQ.jpg,A_dMj3SrywR0MAAAAAAAAAAAAAAQAAAQ.jpg,0,204,265
A_JKoXS5qMLWXZM1xIuGy1bAAAAQAAAQ.jpg,A_p4flTrdsBe8AAAAAAAAAAAAAAQAAAQ.jpg,0,148,76
A_dI4zSai8yk8AAAAAAAAAAAAAAQAAAQ.jpg,A_ZT5FQpIeXlQAAAAAAAAAAAAAAQAAAQ.jpg,0,221,290
dGG2aRuKRkqEOETt9YkP4gAAACMAARAD.jpg,A_hdpuRLEj1icAAAAAAAAAAAAAAQAAAQ.jpg,0,282,326
A_Uqn1Qq1RIzkAAAAAAAAAAAAAAQAAAQ.jpg,A_higyRahZ3-cAAAAAAAAAAAAAAQAAAQ.jpg,0,112,266
A_w5yBQq07ZGQAAAAAAAAAAAAAAQAAAQ.jpg,ORZnfTwMTGmDKW-_9Zm_cAAAACMAARAD.jpg,0,218,348
A_SE5MTp9TUMsAAAAAAAAAAAAAAQAAAQ.jpg,A_Uqn1Qq1RIzkAAAAAAAAAAAAAAQAAAQ.jpg,0,42,112
LkTAGmb3TGuGGZHU52brUQAAACMAARAD.jpg,A_tB9JQ6SKjKYAAAAAAAAAAAAAAQAAAQ.jpg,0,207,201
A_vzFyQL-m9f0AAAAAAAAAAAAAAQAAAQ.jpg,hc_8dM3TTzeQxx1wn6w2ogAAACMAARAD.jpg,0,11,128
A_LUknQ5zwlPEAAAAAAAAAAAAAAQAAAQ.jpg,A_o8ipRYjXiXQAAAAAAAAAAAAAAQAAAQ.jpg,0,288,176
A_hqBxRo7pAs4AAAAAAAAAAAAAAQAAAQ.jpg,A_KjDbQJVMoCMAAAAAAAAAAAAAAQAAAQ.jpg,0,167,171
36L3Z5XgRFWtMVjSmPOSTwAAACMAARAD.jpg,ydJW6409RSKvBzpK1xzS0QAAACMAARAD.jpg,0,190,27
A_AQhlTojyuDEAAAAAAAAAAAAAAQAAAQ.jpg,A_fbzVQ5muvQIAAAAAAAAAAAAAAQAAAQ.jpg,0,231,77
A_BH18R5ERvpkAAAAAAAAAAAAAAQAAAQ.jpg,J1CtsgliQ_Wz7dWKjUh9SwAAACMAARAD.jpg,0,198,307
A__-KSSaYDssAAAAAAAAAAAAAAAQAAAQ.jpg,A_KkNnR5qXorcAAAAAAAAAAAAAAQAAAQ.jpg,0,234,313
kI8JptLQRmKD74_JZNiHXQAAACMAARAD.jpg,A_DLk9QaFF3W0AAAAAAAAAAAAAAQAAAQ.jpg,0,129,328
A_UbkTQI6a8oMAAAAAAAAAAAAAAQAAAQ.jpg,A_EN1PTpOOkWkAAAAAAAAAAAAAAQAAAQ.jpg,0,61,66
T9sfxIkpSdiBNdMd91kAeAAAACMAARAD.jpg,A_dZG9Q4576q8AAAAAAAAAAAAAAQAAAQ.jpg,0,321,183
do9fiCurQMewDq6x14MTlgAAACMAARAD.jpg,A_Mxe5T4Zt64cAAAAAAAAAAAAAAQAAAQ.jpg,0,226,237
A_Md8QTJnt4HsAAAAAAAAAAAAAAQAAAQ.jpg,A_wPnAQIK6lFQAAAAAAAAAAAAAAQAAAQ.jpg,0,88,84
A_naL1RJ86jCoAAAAAAAAAAAAAAQAAAQ.jpg,A_UbkTQI6a8oMAAAAAAAAAAAAAAQAAAQ.jpg,0,28,61
A_gBw2Q6_QWsUAAAAAAAAAAAAAAQAAAQ.jpg,A_LlQfQ5eZYSAAAAAAAAAAAAAAAQAAAQ.jpg,0,1,94
A_JFf0QpMDxLUAAAAAAAAAAAAAAQAAAQ.jpg,A_dWv2RbF20pgAAAAAAAAAAAAAAQAAAQ.jpg,0,178,243
A_higyRahZ3-cAAAAAAAAAAAAAAQAAAQ.jpg,HO658TQUQEWkFzwQclWO6QAAACMAARAD.jpg,0,266,316
A_dIlQSIobnFAAAAAAAAAAAAAAAQAAAQ.jpg,A_V9dzTZ0oezwAAAAAAAAAAAAAAQAAAQ.jpg,0,45,235
A_PD58S5qjNQoAAAAAAAAAAAAAAQAAAQ.jpg,A_P3qUR6v9jfsAAAAAAAAAAAAAAQAAAQ.jpg,0,262,204
A_T2lFRJy5a2gAAAAAAAAAAAAAAQAAAQ.jpg,A_0mFaQoSKPVgAAAAAAAAAAAAAAQAAAQ.jpg,0,28,87
A_5RnLQp7mKNsAAAAAAAAAAAAAAQAAAQ.jpg,Sz6t1kxuSjqrB9PpBED6oAAAACMAARED.jpg,0,130,54
A_HRkFRZKRfK4AAAAAAAAAAAAAAQAAAQ.jpg,A_HeLsQKQMu50AAAAAAAAAAAAAAQAAAQ.jpg,0,330,43
A_AxC7T5vfyIoAAAAAAAAAAAAAAQAAAQ.jpg,A_uY8RT48iBmoAAAAAAAAAAAAAAQAAAQ.jpg,0,85,178
gssR255rQKW-hXQD0Y7E_AAAACMAARAD.jpg,A_02oeQZQGpSIAAAAAAAAAAAAAAQAAAQ.jpg,0,120,297
A_y6yGT6qZ-m4AAAAAAAAAAAAAAQAAAQ.jpg,A_4OAEQbtm3HIAAAAAAAAAAAAAAQAAAQ.jpg,0,103,12
A_ZovJRIoln2wAAAAAAAAAAAAAAQAAAQ.jpg,A_YGM9RqelARIAAAAAAAAAAAAAAQAAAQ.jpg,0,47,250
A__-KSSaYDssAAAAAAAAAAAAAAAQAAAQ.jpg,2G8MIAaDRluIS-ucQOWdigAAACMAARAD.jpg,0,234,54
A_SXh7Qo_BhxkAAAAAAAAAAAAAAQAAAQ.jpg,A_O8IBS7bcXMAAAAAAAAAAAAAAAQAAAQ.jpg,0,292,196
A_wpTZRJrKEPsAAAAAAAAAAAAAAQAAAQ.jpg,dNTm6a6ZQU-tMrEpqKmLXwAAACMAARAD.jpg,0,38,56
A_sjosRJ0wPVkAAAAAAAAAAAAAAQAAAQ.jpg,A_fhlXTKaMzqIAAAAAAAAAAAAAAQAAAQ.jpg,0,179,342
A__UAoQbHt2SIAAAAAAAAAAAAAAQAAAQ.jpg,A_2n3hQr-JmJQAAAAAAAAAAAAAAQAAAQ.jpg,0,111,16
A_xvAiTaIgyiIAAAAAAAAAAAAAAQAAAQ.jpg,A_mVW5RI4asboAAAAAAAAAAAAAAQAAAQ.jpg,0,154,255
A_hqAJQ6LPFncAAAAAAAAAAAAAAQAAAQ.jpg,A_PXxiSIQQDWkAAAAAAAAAAAAAAQAAAQ.jpg,0,108,4
A_hqBxRo7pAs4AAAAAAAAAAAAAAQAAAQ.jpg,1DUlr4dURtqhdRrCS69ZgAAAACMAARAD.jpg,0,167,310
HuSWm8MwS8C21fYeSVVyagAAACMAARAD.jpg,A_2fEAQ6wRV78AAAAAAAAAAAAAAQAAAQ.jpg,0,134,255
A_F67BSool6_AAAAAAAAAAAAAAAQAAAQ.jpg,7B--srC_TKKKH1ccdVhHJQAAACMAARAD.jpg,0,92,6
A_DLk9QaFF3W0AAAAAAAAAAAAAAQAAAQ.jpg,A_CHCqQrj2mVQAAAAAAAAAAAAAAQAAAQ.jpg,0,328,303
A_NfYdSZ8-0FYAAAAAAAAAAAAAAQAAAQ.jpg,A_kiLeTKqEGUkAAAAAAAAAAAAAAQAAAQ.jpg,0,126,1
A_l_WDRZSqqCQAAAAAAAAAAAAAAQAAAQ.jpg,A_VcXdQZCQUrIAAAAAAAAAAAAAAQAAAQ.jpg,0,1,250
A_QodUQrrQR2YAAAAAAAAAAAAAAQAAAQ.jpg,A_p4flTrdsBe8AAAAAAAAAAAAAAQAAAQ.jpg,0,270,76
A_EBtBR7SR8xIAAAAAAAAAAAAAAQAAAQ.jpg,A_AcFbQoqDqRwAAAAAAAAAAAAAAQAAAQ.jpg,0,292,345
A_2fEAQ6wRV78AAAAAAAAAAAAAAQAAAQ.jpg,A_jB9eRYoChjwAAAAAAAAAAAAAAQAAAQ.jpg,0,255,175
A_IgaXRJ1OsMYAAAAAAAAAAAAAAQAAAQ.jpg,A_8SMFQ4ABOP4AAAAAAAAAAAAAAQAAAQ.jpg,0,305,78
BnMTwNDZTDic7PE_4wP9cwAAACMAARAD.jpg,A_JzxkRq5CL7UAAAAAAAAAAAAAAQAAAQ.jpg,0,186,216
A_hdpuRLEj1idQCwdMtulO4QAAAQAAAQ.jpg,Xep9PWi-TnyRkBu-1lOpugAAACMAARAD.jpg,0,326,150
A_H2d7SazIiaAAAAAAAAAAAAAAAQAAAQ.jpg,A_qL1DQ52JFAsAAAAAAAAAAAAAAQAAAQ.jpg,0,73,44
tJDuEYiaTTSKF7b-QNnRbgAAACMAARAD.jpg,A_SQeJQr1DQCoAAAAAAAAAAAAAAQAAAQ.jpg,0,107,233
A_qcBWSoqyLrEAAAAAAAAAAAAAAQAAAQ.jpg,A_N1bgTpTlLkIAAAAAAAAAAAAAAQAAAQ.jpg,0,344,285
A_Q2ygQ7cJQygAAAAAAAAAAAAAAQAAAQ.jpg,VjekR6ueSNOq94VvNYUcgAAAACMAARAD.jpg,0,276,310
A_41GqSJs5RO4AAAAAAAAAAAAAAQAAAQ.jpg,RIZCEXosSOm6gQj1pn6RSAAAACMAARAD.jpg,0,265,164
A_I0duQIGPqIUAAAAAAAAAAAAAAQAAAQ.jpg,A_ncTYTqtScNEAAAAAAAAAAAAAAQAAAQ.jpg,0,187,299
A_FraFT4NK-OwAAAAAAAAAAAAAAQAAAQ.jpg,A_qpwOTZvgL9EAAAAAAAAAAAAAAQAAAQ.jpg,0,204,26
A_VSe4QrbJjMcAAAAAAAAAAAAAAQAAAQ.jpg,A_SXGPT6VlGv0AAAAAAAAAAAAAAQAAAQ.jpg,0,0,15
A_wEzeR4yAYOUAAAAAAAAAAAAAAQAAAQ.jpg,A_00wGQ6p8j_UAAAAAAAAAAAAAAQAAAQ.jpg,0,117,214
A_sw55T7tdUW8AAAAAAAAAAAAAAQAAAQ.jpg,A_HBC_SqXcNasAAAAAAAAAAAAAAQAAAQ.jpg,0,29,53
A_CAlCTIVL_TQAAAAAAAAAAAAAAQAAAQ.jpg,A_aDhQT4JRtKIAAAAAAAAAAAAAAQAAAQ.jpg,0,295,275
A_CC3tRqsji7gAAAAAAAAAAAAAAQAAAQ.jpg,A_dLjnR7Wqd6IAAAAAAAAAAAAAAQAAAQ.jpg,0,234,17
A_aBdGT4bei2QAAAAAAAAAAAAAAQAAAQ.jpg,A_pUauTrONA4lSN5NPuoRqAAAAAQAAAQ.jpg,0,233,318
gssR255rQKW-hXQD0Y7E_AAAACMAARAD.jpg,A_eCGwQpnlatEAAAAAAAAAAAAAAQAAAQ.jpg,0,120,80
A_jHKHTLW4rOcAAAAAAAAAAAAAAQAAAQ.jpg,A_8HNgToSMI-0AAAAAAAAAAAAAAQAAAQ.jpg,0,267,5
A_RkkmTYGR2GgAAAAAAAAAAAAAAQAAAQ.jpg,A_3sPRTprtYa8AAAAAAAAAAAAAAQAAAQ.jpg,0,201,66
A_DLIAQKcBAyYAAAAAAAAAAAAAAQAAAQ.jpg,A_2n3hQr-JmJQAAAAAAAAAAAAAAQAAAQ.jpg,0,244,16
A_CC3tRqsji7gAAAAAAAAAAAAAAQAAAQ.jpg,A_fbzVQ5muvQIAAAAAAAAAAAAAAQAAAQ.jpg,0,234,77
A_SsVBRJzukC8AAAAAAAAAAAAAAQAAAQ.jpg,A_dN7FSZa9E6kAAAAAAAAAAAAAAQAAAQ.jpg,0,308,225
unXpdCHiSwq1IsIo2bI8PAAAACMAARAD.jpg,gpZWgwFPRP-Iq02OHwMZPgAAACMAARAD.jpg,0,70,52
A_CbtxSYI7W3wAAAAAAAAAAAAAAQAAAQ.jpg,A_dLjnR7Wqd6IAAAAAAAAAAAAAAQAAAQ.jpg,0,280,17
A_iAk4T7b-HD4AAAAAAAAAAAAAAQAAAQ.jpg,A_LFTBTrq2so4AAAAAAAAAAAAAAQAAAQ.jpg,0,337,278
A_AQhlTojyuDEAAAAAAAAAAAAAAQAAAQ.jpg,A_ab2UR5VE8pYAAAAAAAAAAAAAAQAAAQ.jpg,0,231,49
A_hPGSRoU0C8kAAAAAAAAAAAAAAQAAAQ.jpg,A_EkWETZHkU5kAAAAAAAAAAAAAAQAAAQ.jpg,0,308,212
A_plIEQ4aQaFEAAAAAAAAAAAAAAQAAAQ.jpg,A_tgVnS7L93MwAAAAAAAAAAAAAAQAAAQ.jpg,0,349,247
pJMeyxnvRPOCrS-s9zDN6AAAACMAARAD.jpg,A_WJZqQYuskC4AAAAAAAAAAAAAAQAAAQ.jpg,0,323,335
A_T_xdRoOUXqsAAAAAAAAAAAAAAQAAAQ.jpg,36L3Z5XgRFWtMVjSmPOSTwAAACMAARAD.jpg,0,140,190
A_V3ppS6VZwMoAAAAAAAAAAAAAAQAAAQ.jpg,A_Ba6QQqFUsP4AAAAAAAAAAAAAAQAAAQ.jpg,0,340,15
A__OQTR7tlKikAAAAAAAAAAAAAAQAAAQ.jpg,CsysDwi5QjeJ03Wvg2F9SAAAACMAARAD.jpg,0,215,99
A_gpwRSb16XloAAAAAAAAAAAAAAQAAAQ.jpg,QdzTTlrGTCCQ1F9xM9w-rwAAACMAARED.jpg,0,241,321
qvyQGoFhTm69RSHS-41E9QAAACMAARAD.jpg,A_kCm8SqJ4xbQAAAAAAAAAAAAAAQAAAQ.jpg,0,209,299
A_Y6qGQYFvMP0AAAAAAAAAAAAAAQAAAQ.jpg,A_ccDFRJJgbtIAAAAAAAAAAAAAAQAAAQ.jpg,0,138,0
A_hqBxRo7pAs4AAAAAAAAAAAAAAQAAAQ.jpg,A_jO7PT6D764gAAAAAAAAAAAAAAQAAAQ.jpg,0,167,106
A_QQI2TrP_nAAAAAAAAAAAAAAAAQAAAQ.jpg,A_sjosRJ0wPVkAAAAAAAAAAAAAAQAAAQ.jpg,0,199,179
A_q7aRSpBENVQAAAAAAAAAAAAAAQAAAQ.jpg,rMWpilyUToW_ESjYFAiCGwAAACMAARAD.jpg,0,12,238
A_0ZBaRKtusuAAAAAAAAAAAAAAAQAAAQ.jpg,A_3BuiQbibhO8AAAAAAAAAAAAAAQAAAQ.jpg,0,182,9
A_s6NBRJVoqogAAAAAAAAAAAAAAQAAAQ.jpg,A_7t5MRrn6fyUAAAAAAAAAAAAAAQAAAQ.jpg,0,228,303
A_pOfiQ7jDy15GaENDjjN7nQAAAQAAAQ.jpg,A_7Rs9Q46XFoAAAAAAAAAAAAAAAQAAAQ.jpg,0,13,92
A_XJPfQZIMlRoAAAAAAAAAAAAAAQAAAQ.jpg,A_LaJXSLgvcWABL0VDvY1hqgAAAQAAAQ.jpg,0,320,185
A_LlQfQ5eZYSAAAAAAAAAAAAAAAQAAAQ.jpg,A_mwbHSqmRhcQAAAAAAAAAAAAAAQAAAQ.jpg,0,94,253
J9zK50Y5RvujoRzPnQkXBAAAACMAARAD.jpg,A_avXxR4A0gikAAAAAAAAAAAAAAQAAAQ.jpg,0,349,280
A_tXSZTIQiK3YAAAAAAAAAAAAAAQAAAQ.jpg,A_j_V4R55jT3AAAAAAAAAAAAAAAQAAAQ.jpg,0,151,96
A_w5yBQq07ZGQAAAAAAAAAAAAAAQAAAQ.jpg,A_EcV-QL_t4UAAAAAAAAAAAAAAAQAAAQ.jpg,0,218,67
A_gnzFTrJMNnQAAAAAAAAAAAAAAQAAAQ.jpg,XDjg9OcHR_imQ2hoka747gAAACMAARAD.jpg,0,232,208
A_jZ1QQ773-Q8AAAAAAAAAAAAAAQAAAQ.jpg,A_nKQBTJiTOPkAAAAAAAAAAAAAAQAAAQ.jpg,0,98,234
A_KNPtSqaKcSkAAAAAAAAAAAAAAQAAAQ.jpg,A__MyoS6tXD44AAAAAAAAAAAAAAQAAAQ.jpg,0,18,86
A_qQm9SqhVmh8AAAAAAAAAAAAAAQAAAQ.jpg,A_PXh2Q7BkVC0AAAAAAAAAAAAAAQAAAQ.jpg,0,135,122
A_rmRYSoi_81sAAAAAAAAAAAAAAQAAAQ.jpg,A_DJoqQr7L5-IAAAAAAAAAAAAAAQAAAQ.jpg,0,218,36
A_H_zgSYO_OSwAAAAAAAAAAAAAAQAAAQ.jpg,A__sCTTLlfQsMAAAAAAAAAAAAAAQAAAQ.jpg,0,231,158
A_k6J1RpHE-uEAAAAAAAAAAAAAAQAAAQ.jpg,A_VV-4R7Xfd1AAAAAAAAAAAAAAAQAAAQ.jpg,0,131,221
A_dZG9Q4576q8AAAAAAAAAAAAAAQAAAQ.jpg,A_hwdWQq75_mQAAAAAAAAAAAAAAQAAAQ.jpg,0,183,7
A_GWDtRJ-PEYIAAAAAAAAAAAAAAQAAAQ.jpg,A_wMMDQIdbntYAAAAAAAAAAAAAAQAAAQ.jpg,0,142,63
A_g9LKSo8QMHwAAAAAAAAAAAAAAQAAAQ.jpg,A_C0vvSpWL_JsAAAAAAAAAAAAAAQAAAQ.jpg,0,173,121
A_79Y3T534mhsAAAAAAAAAAAAAAQAAAQ.jpg,A_QR05Sq93mfIAAAAAAAAAAAAAAQAAAQ.jpg,0,205,69
A_HngbSJVJVYUAAAAAAAAAAAAAAQAAAQ.jpg,O1CN01i3vtpY1iOA4ELUKNq_!!0-mtopupload.jpg,0,112,22
A_aU59RJLl9L4AAAAAAAAAAAAAAQAAAQ.jpg,A_1Sm2RrE0saQAAAAAAAAAAAAAAQAAAQ.jpg,0,32,95
A_Md8QTJnt4HsAAAAAAAAAAAAAAQAAAQ.jpg,A_jO7PT6D764gAAAAAAAAAAAAAAQAAAQ.jpg,0,88,106
A_f7WbRLWc904AAAAAAAAAAAAAAQAAAQ.jpg,A_zVV9QJHiLggAAAAAAAAAAAAAAQAAAQ.jpg,0,142,67
A_lXDEQaoW4GsAAAAAAAAAAAAAAQAAAQ.jpg,A_tFWpS7wqAh0AAAAAAAAAAAAAAQAAAQ.jpg,0,125,39
A__YxFR6NzEjQecYhCqT3cqQAAAQAAAQ.jpg,A_K0ldRalVubcAAAAAAAAAAAAAAQAAAQ.jpg,0,13,24
A_SB5pT6dIdz0AAAAAAAAAAAAAAQAAAQ.jpg,A_CXUcR6GYNjkAAAAAAAAAAAAAAQAAAQ.jpg,0,197,280
crE-yGuKTyaiQLaA4borcAAAACMAARAD.jpg,A_aOn9RpOdtFIAAAAAAAAAAAAAAQAAAQ.jpg,0,109,172
A_D7ODTa7POC4AAAAAAAAAAAAAAQAAAQ.jpg,A_fgxxT7gC-zwAAAAAAAAAAAAAAQAAAQ.jpg,0,157,198
A_GGwZR7_S7yYAAAAAAAAAAAAAAQAAAQ.jpg,A_0mFaQoSKPVgAAAAAAAAAAAAAAQAAAQ.jpg,0,55,87
A_Km6WQabbG9cAAAAAAAAAAAAAAQAAAQ.jpg,A_qmTVSqXlh7UAAAAAAAAAAAAAAQAAAQ.jpg,0,248,105
A_g3QTTLBYHsUAAAAAAAAAAAAAAQAAAQ.jpg,A_0RXtQrcbVQMAAAAAAAAAAAAAAQAAAQ.jpg,0,136,223
A_pBcpQ5u7crsAAAAAAAAAAAAAAQAAAQ.jpg,A_9T8iRZsNnOoAAAAAAAAAAAAAAQAAAQ.jpg,0,286,91
C7LFRq-yQ3al5ElDQWDhUAAAACMAARAD.jpg,A_8P78SYHj8vsAAAAAAAAAAAAAAQAAAQ.jpg,0,310,312
A_-cgBQ7nWdC4AAAAAAAAAAAAAAQAAAQ.jpg,A_zRxmTpGb1kMAAAAAAAAAAAAAAQAAAQ.jpg,0,283,183
A_nZIFTqwyAG0AAAAAAAAAAAAAAQAAAQ.jpg,A_FjITQKM8yiQAAAAAAAAAAAAAAQAAAQ.jpg,0,341,210
A_PD58S5qjNQoAAAAAAAAAAAAAAQAAAQ.jpg,A_i86wS72-_lQAAAAAAAAAAAAAAQAAAQ.jpg,0,262,224
A_aA69SpvZhQQAAAAAAAAAAAAAAQAAAQ.jpg,A_N1bgTpTlLkIAAAAAAAAAAAAAAQAAAQ.jpg,0,311,285
A_gZaiTKWdZY4AAAAAAAAAAAAAAQAAAQ.jpg,A_5P07RJ-PIlkAAAAAAAAAAAAAAQAAAQ.jpg,0,290,76
A_aU59RJLl9L4AAAAAAAAAAAAAAQAAAQ.jpg,A_5BrdQ7yMxs4AAAAAAAAAAAAAAQAAAQ.jpg,0,32,213
A_9FlLRZb9wXUAAAAAAAAAAAAAAQAAAQ.jpg,A_2nNMSZOEYsQAAAAAAAAAAAAAAQAAAQ.jpg,0,49,349
A_MGtdT6XD3YAAAAAAAAAAAAAAAQAAAQ.jpg,A_zMhHRKUhSuE7jzBNqjIYmQAAAQAAAQ.jpg,0,236,148
A_bJUVQLWonskAAAAAAAAAAAAAAQAAAQ.jpg,A_roDNRZHSdREAAAAAAAAAAAAAAQAAAQ.jpg,0,344,88
A_-ZsZRYceA08AAAAAAAAAAAAAAQAAAQ.jpg,9OMvA3NtSGCRN6ymcLH-cAAAACMAARAD.jpg,0,96,323
A_41GqSJs5RO4AAAAAAAAAAAAAAQAAAQ.jpg,A_dN7FSZa9E6kAAAAAAAAAAAAAAQAAAQ.jpg,0,265,225
A_GGwZR7_S7yYAAAAAAAAAAAAAAQAAAQ.jpg,A_xNCNSreklsIAAAAAAAAAAAAAAQAAAQ.jpg,0,55,1
B4vLF17OQ7iz0JDSOsJBYwAAACMAARAD.jpg,A_JKoXS5qMLWXZM1xIuGy1bAAAAQAAAQ.jpg,0,71,148
A_TiDfT7B8BmwAAAAAAAAAAAAAAQAAAQ.jpg,A_Vu_PRqVmM8AAAAAAAAAAAAAAAQAAAQ.jpg,0,152,14
jjWLPK10Q3S11BG3fnopQgAAACMAARAD.jpg,A_N1bgTpTlLkIAAAAAAAAAAAAAAQAAAQ.jpg,0,188,285
A_HblBQpqvsuIAAAAAAAAAAAAAAQAAAQ.jpg,A_NpaSRqrF3DwAAAAAAAAAAAAAAQAAAQ.jpg,0,225,196
A_tB9JQ6SKjKYAAAAAAAAAAAAAAQAAAQ.jpg,A_hqBxRo7pAs4AAAAAAAAAAAAAAQAAAQ.jpg,0,201,167
A_fdNlRZAJ1LIAAAAAAAAAAAAAAQAAAQ.jpg,w9YQq4_NScePMhUzHiU7ugAAACMAARAD.jpg,0,89,166
A_HBC_SqXcNasAAAAAAAAAAAAAAQAAAQ.jpg,A_o6tyRpwL8I0AAAAAAAAAAAAAAQAAAQ.jpg,0,53,100
MfYoqfAzSxyKWkDANp68IQAAACMAARAD.jpg,A_cKh6QbFC51wAAAAAAAAAAAAAAQAAAQ.jpg,0,132,169
A_JKoXS5qMLWXZM1xIuGy1bAAAAQAAAQ.jpg,uI5fw6x6QLSNO_eB4fXEZwAAACMAARAD.jpg,0,148,109
A_t87cQqq5PeYAAAAAAAAAAAAAAQAAAQ.jpg,A_Yl1ZSL-Lto8AAAAAAAAAAAAAAQAAAQ.jpg,0,146,241
A_5RnLQp7mKNsAAAAAAAAAAAAAAQAAAQ.jpg,A_ey1NQqwj2xkAAAAAAAAAAAAAAQAAAQ.jpg,0,130,35
A_nw_7QLxh6h4AAAAAAAAAAAAAAQAAAQ.jpg,A_pGC9TI631dMAAAAAAAAAAAAAAQAAAQ.jpg,0,271,74
A_dIlQSIobnFAAAAAAAAAAAAAAAQAAAQ.jpg,YDkF-IExTl-pKxGA-asCwwAAACMAARAD.jpg,0,45,166
A_EL3MTLdLMz8AAAAAAAAAAAAAAQAAAQ.jpg,A_LUkoSJrXkSUAAAAAAAAAAAAAAQAAAQ.jpg,0,343,17
rMWpilyUToW_ESjYFAiCGwAAACMAARAD.jpg,A_S11EQYn7Fj8AAAAAAAAAAAAAAQAAAQ.jpg,0,238,224
A_5BrdQ7yMxs4AAAAAAAAAAAAAAQAAAQ.jpg,A_BUqXSoHm6xYAAAAAAAAAAAAAAQAAAQ.jpg,0,213,309
A_7YkuQ4_prsMAAAAAAAAAAAAAAQAAAQ.jpg,A_-iZQTKAWibIAAAAAAAAAAAAAAQAAAQ.jpg,0,117,230
A_3uJrSJQRo58AAAAAAAAAAAAAAQAAAQ.jpg,A_I5KDRLmGgB8AAAAAAAAAAAAAAQAAAQ.jpg,0,275,296
A_qL1DQ52JFAsAAAAAAAAAAAAAAQAAAQ.jpg,A_iAk4T7b-HD4AAAAAAAAAAAAAAQAAAQ.jpg,0,44,337
A_wMMDQIdbntYAAAAAAAAAAAAAAQAAAQ.jpg,A_VVyqSqssGX8AAAAAAAAAAAAAAQAAAQ.jpg,0,63,110
A_PLpYQbchnYsAAAAAAAAAAAAAAQAAAQ.jpg,A_fDM3T7_Er0wAAAAAAAAAAAAAAQAAAQ.jpg,0,7,21
A_FhdITbO2NLEAAAAAAAAAAAAAAQAAAQ.jpg,A_Va1UTrmeizMAAAAAAAAAAAAAAQAAAQ.jpg,0,102,17
A_rdK1TpMuf28AAAAAAAAAAAAAAQAAAQ.jpg,A_CAlCTIVL_TQAAAAAAAAAAAAAAQAAAQ.jpg,0,283,295
A_MkJtQKVpPRIAAAAAAAAAAAAAAQAAAQ.jpg,A_d1iSRoW_qgQAAAAAAAAAAAAAAQAAAQ.jpg,0,232,18
A_tZlpQLPXXpQAAAAAAAAAAAAAAQAAAQ.jpg,A_HHmHS7TxQaEAAAAAAAAAAAAAAQAAAQ.jpg,0,84,305
T9sfxIkpSdiBNdMd91kAeAAAACMAARAD.jpg,A_RkkmTYGR2GgAAAAAAAAAAAAAAQAAAQ.jpg,0,321,201
A_bBofSp4thsQAAAAAAAAAAAAAAQAAAQ.jpg,A_xNCNSreklsIAAAAAAAAAAAAAAQAAAQ.jpg,0,45,1
O4evSscSQOaRanT5DclZ5wAAACMAARAD.jpg,A_vTQoRLws130AAAAAAAAAAAAAAQAAAQ.jpg,0,4,287
A_rmRYSoi_81sAAAAAAAAAAAAAAQAAAQ.jpg,A_uOCiT40f578AAAAAAAAAAAAAAQAAAQ.jpg,0,218,347
A_YOLjSLCb05sAAAAAAAAAAAAAAQAAAQ.jpg,A_L_fMQ4YgTbUAAAAAAAAAAAAAAQAAAQ.jpg,0,31,125
A_03AFSaoCIYMAAAAAAAAAAAAAAQAAAQ.jpg,A_higyRahZ3-cAAAAAAAAAAAAAAQAAAQ.jpg,0,184,266
A_r0rxRqzUNowAAAAAAAAAAAAAAQAAAQ.jpg,A_wbFXSqEkpSMAAAAAAAAAAAAAAQAAAQ.jpg,0,241,133
ejYUJjUrTHmLuE2JKdcsRgAAACMAARAD.jpg,A_N1bgTpTlLkIAAAAAAAAAAAAAAQAAAQ.jpg,0,20,285
A_pOfiQ7jDy15GaENDjjN7nQAAAQAAAQ.jpg,A_d1iSRoW_qgQAAAAAAAAAAAAAAQAAAQ.jpg,0,13,18
A_rdsOTar7H-kAAAAAAAAAAAAAAQAAAQ.jpg,A__jF0T41lCBMAAAAAAAAAAAAAAQAAAQ.jpg,0,46,218
A_s3DKToWP_5UAAAAAAAAAAAAAAQAAAQ.jpg,A_BT-TSJ2u3kMAAAAAAAAAAAAAAQAAAQ.jpg,0,142,279
A_K0ldRalVubcAAAAAAAAAAAAAAQAAAQ.jpg,A_CFppRq-ikRoAAAAAAAAAAAAAAQAAAQ.jpg,0,24,227
A_rphdRInnC2cAAAAAAAAAAAAAAQAAAQ.jpg,A_7uWzQaplAc4AAAAAAAAAAAAAAQAAAQ.jpg,0,138,260
A_v9o_T5ly55wAAAAAAAAAAAAAAQAAAQ.jpg,A_ZX7pT4uWMgsAAAAAAAAAAAAAAQAAAQ.jpg,0,344,268
A_jBgOSoE5gk8AAAAAAAAAAAAAAQAAAQ.jpg,A_HTNURIoNl30AAAAAAAAAAAAAAQAAAQ.jpg,0,196,31
A_hsJDSo4xcbkAAAAAAAAAAAAAAQAAAQ.jpg,A_N57xRZ6tBnwAAAAAAAAAAAAAAQAAAQ.jpg,0,3,157
A_mbl7SbkDKR4AAAAAAAAAAAAAAQAAAQ.jpg,A_BAxDTpRHSnwAAAAAAAAAAAAAAQAAAQ.jpg,0,16,236
A_stIeTZ6xLSQAAAAAAAAAAAAAAQAAAQ.jpg,A_T1kYQ7qQrxcAAAAAAAAAAAAAAQAAAQ.jpg,0,172,246
A_TiDfT7B8BmwAAAAAAAAAAAAAAQAAAQ.jpg,A_LUkoSJrXkSUAAAAAAAAAAAAAAQAAAQ.jpg,0,152,17
A_AB0vQqatlaMAAAAAAAAAAAAAAQAAAQ.jpg,A_ab2UR5VE8pYAAAAAAAAAAAAAAQAAAQ.jpg,0,233,49
A__zLJQayQmP0AAAAAAAAAAAAAAQAAAQ.jpg,A_hiF9SJL03uIAAAAAAAAAAAAAAQAAAQ.jpg,0,91,214
A_TKDrRJ6csBwAAAAAAAAAAAAAAQAAAQ.jpg,A_wMMDQIdbntYAAAAAAAAAAAAAAQAAAQ.jpg,0,257,63
C5W99xn9Rpmnq-8QffgzswAAACMAARAD.jpg,A_f93rT43JBg0AAAAAAAAAAAAAAQAAAQ.jpg,0,120,102
A_fw0nSIvq86cAAAAAAAAAAAAAAQAAAQ.jpg,A_7aSXR6UMp8sAAAAAAAAAAAAAAQAAAQ.jpg,0,65,115
A_K9CLR4e8IykAAAAAAAAAAAAAAQAAAQ.jpg,A_o6_aR5P_rB8AAAAAAAAAAAAAAQAAAQ.jpg,0,346,217
A_CC3tRqsji7gAAAAAAAAAAAAAAQAAAQ.jpg,A_2PylSJ1j8RIAAAAAAAAAAAAAAQAAAQ.jpg,0,234,191
2A23mcKTRe6iwvdle-DnoQAAACMAARAD.jpg,A_yqalTI6j368AAAAAAAAAAAAAAQAAAQ.jpg,0,349,73
A__9DkRL2nqzgAAAAAAAAAAAAAAQAAAQ.jpg,A_FOOWRLdgH6EAAAAAAAAAAAAAAQAAAQ.jpg,0,222,42
J9zK50Y5RvujoRzPnQkXBAAAACMAARAD.jpg,A_jHKHTLW4rOcAAAAAAAAAAAAAAQAAAQ.jpg,0,349,267
FjU3DCiVRJi-p0oNR-tAGgAAACMAARAD.jpg,A_ZovJRIoln2wAAAAAAAAAAAAAAQAAAQ.jpg,0,27,47
A_CHCqQrj2mVQAAAAAAAAAAAAAAQAAAQ.jpg,oUwFV4MkS2S9joIua_wkvwAAACMAARAD.jpg,0,303,155
A_PXh2Q7BkVC0AAAAAAAAAAAAAAQAAAQ.jpg,A_1BkkT5s3pZkAAAAAAAAAAAAAAQAAAQ.jpg,0,122,304
A_1WHrSb70BwYAAAAAAAAAAAAAAQAAAQ.jpg,A_EfL_QYa84I4AAAAAAAAAAAAAAQAAAQ.jpg,0,347,163
A__DG-QaId_tcAAAAAAAAAAAAAAQAAAQ.jpg,IvmXxLWaQd-LKBYjjNz-zwAAACMAARAD.jpg,0,87,315
A_NpaSRqrF3DwAAAAAAAAAAAAAAQAAAQ.jpg,A2fZWAEeTfWyTqA6MlIezgAAACMAARAD.jpg,0,196,164
A_IOFuS4ljD_MAAAAAAAAAAAAAAQAAAQ.jpg,A_DhQlQKr7slQAAAAAAAAAAAAAAQAAAQ.jpg,0,57,346
A_rXoUTpGp2akAAAAAAAAAAAAAAQAAAQ.jpg,A_BMEtTpAKIZUAAAAAAAAAAAAAAQAAAQ.jpg,0,249,247
A_SDD3Q6kABacAAAAAAAAAAAAAAQAAAQ.jpg,A_vA8kSp4KcUUAAAAAAAAAAAAAAQAAAQ.jpg,0,247,141
A_EN1PTpOOkWkAAAAAAAAAAAAAAQAAAQ.jpg,A_D6LoTIKJagkAAAAAAAAAAAAAAQAAAQ.jpg,0,66,77
A_w8x7SaCEWdkAAAAAAAAAAAAAAQAAAQ.jpg,qvyQGoFhTm69RSHS-41E9QAAACMAARAD.jpg,0,58,209
A_7PWcRpT6-noAAAAAAAAAAAAAAQAAAQ.jpg,A_9EM2TajlqXoAAAAAAAAAAAAAAQAAAQ.jpg,0,145,58
A_y6yGT6qZ-m4AAAAAAAAAAAAAAQAAAQ.jpg,A_uFYOR6hS8Q8AAAAAAAAAAAAAAQAAAQ.jpg,0,103,59
A_DJoqQr7L5-IAAAAAAAAAAAAAAQAAAQ.jpg,A_lU5xT7JfAoEAAAAAAAAAAAAAAQAAAQ.jpg,0,36,317
A_xK0XQo9bd_wAAAAAAAAAAAAAAQAAAQ.jpg,A_meIyTZfLrbEAAAAAAAAAAAAAAQAAAQ.jpg,0,143,289
f4a1-1TxSRStvQAki3vjjQAAACMAARAD.jpg,A_F-Y6SLy3q3kAAAAAAAAAAAAAAQAAAQ.jpg,0,150,127
A_p4flTrdsBe8AAAAAAAAAAAAAAQAAAQ.jpg,A_CXUcR6GYNjkAAAAAAAAAAAAAAQAAAQ.jpg,0,76,280
A_yrFZSaXtfAEAAAAAAAAAAAAAAQAAAQ.jpg,A_pOfiQ7jDy14AAAAAAAAAAAAAAQAAAQ.jpg,0,162,13
A_iTDeS5OoNC4AAAAAAAAAAAAAAQAAAQ.jpg,A_ACqjTY_SpjgAAAAAAAAAAAAAAQAAAQ.jpg,0,328,256
A_fXp1S7xHV6YAAAAAAAAAAAAAAQAAAQ.jpg,A_Jz60TodhpGgUYFBLnH7ZnAAAAQAAAQ.jpg,0,106,99
A_E-xxRLjoDi0AAAAAAAAAAAAAAQAAAQ.jpg,A_X-X-Tq1BLFsAAAAAAAAAAAAAAQAAAQ.jpg,0,115,42
A_F-Y6SLy3q3kAAAAAAAAAAAAAAQAAAQ.jpg,WmmQfVkFSa6ES7uWWRqn-gAAACMAARAD.jpg,0,127,20
A_pOfiQ7jDy14AAAAAAAAAAAAAAQAAAQ.jpg,A_J-7MTKEefysAAAAAAAAAAAAAAQAAAQ.jpg,0,13,44
PKvgCxspT06mVkCupz9C2QAAACMAARAD.jpg,A_pBcpQ5u7crsAAAAAAAAAAAAAAQAAAQ.jpg,0,134,286
A_gWzlTqoUv50AAAAAAAAAAAAAAQAAAQ.jpg,hc_8dM3TTzeQxx1wn6w2ogAAACMAARAD.jpg,0,239,128
A_ChqmSJ1Ok-IAAAAAAAAAAAAAAQAAAQ.jpg,A_rMDcQZ59WB8AAAAAAAAAAAAAAQAAAQ.jpg,0,153,97
A_z3KSSqDlw1QAAAAAAAAAAAAAAQAAAQ.jpg,dGG2aRuKRkqEOETt9YkP4gAAACMAARAD.jpg,0,263,282
A_UGJ9TY8666oAAAAAAAAAAAAAAQAAAQ.jpg,A_j3DbSYcsPaAAAAAAAAAAAAAAAQAAAQ.jpg,0,325,114
A__sCTTLlfQsMAAAAAAAAAAAAAAQAAAQ.jpg,A_KRefSIqxAhMAAAAAAAAAAAAAAQAAAQ.jpg,0,158,259
A_yusuSowwe7sAAAAAAAAAAAAAAQAAAQ.jpg,A_E-xxRLjoDi0AAAAAAAAAAAAAAQAAAQ.jpg,0,145,115
UGSrDzPcQN2snR0B29V38AAAACMAARAD.jpg,A_v9o_T5ly55wAAAAAAAAAAAAAAQAAAQ.jpg,0,192,344
A_OStdQqQjUL8AAAAAAAAAAAAAAQAAAQ.jpg,A_iWCAS7hDyJEAAAAAAAAAAAAAAQAAAQ.jpg,0,210,281
A_zz-aSZh8rzMAAAAAAAAAAAAAAQAAAQ.jpg,A_kqGGQIlQbEIAAAAAAAAAAAAAAQAAAQ.jpg,0,127,7
A_ESFIRqtAdmEAAAAAAAAAAAAAAQAAAQ.jpg,A_S8r-QoOdnNoAAAAAAAAAAAAAAQAAAQ.jpg,0,106,28
A_QZE9RZrlk7wAAAAAAAAAAAAAAQAAAQ.jpg,A_p01WSpLvktkAAAAAAAAAAAAAAQAAAQ.jpg,0,223,136
A_jBgOSoE5gk8AAAAAAAAAAAAAAQAAAQ.jpg,A_QQwbSY54pOsAAAAAAAAAAAAAAQAAAQ.jpg,0,196,48
A_y0pUQad8WowAAAAAAAAAAAAAAQAAAQ.jpg,A_FgqDQY4q28cAAAAAAAAAAAAAAQAAAQ.jpg,0,48,104
A_CMybSaizJokAAAAAAAAAAAAAAQAAAQ.jpg,A_29ykT6cSV_gAAAAAAAAAAAAAAQAAAQ.jpg,0,66,247
spShQhU4QW2E7C_-GrtwBwAAACMAARAD.jpg,A_yhhDQbrQfGcAAAAAAAAAAAAAAQAAAQ.jpg,0,72,206
A_Ej53QIThr-wAAAAAAAAAAAAAAQAAAQ.jpg,A_2yTCT6348MsAAAAAAAAAAAAAAQAAAQ.jpg,0,57,305
A_VVyqSqssGX8AAAAAAAAAAAAAAQAAAQ.jpg,A_TneoSKTv7UkAAAAAAAAAAAAAAQAAAQ.jpg,0,110,223
A_ZT5FQpIeXlQAAAAAAAAAAAAAAQAAAQ.jpg,A_WJZqQYuskC4AAAAAAAAAAAAAAQAAAQ.jpg,0,290,335
A_KW5iQISstkQAAAAAAAAAAAAAAQAAAQ.jpg,A_7Rs9Q46XFoAAAAAAAAAAAAAAAQAAAQ.jpg,0,146,92
A_pUauTrONA4lSN5NPuoRqAAAAAQAAAQ.jpg,A_KkNnR5qXorcAAAAAAAAAAAAAAQAAAQ.jpg,0,318,313
A_Y6qGQYFvMP0AAAAAAAAAAAAAAQAAAQ.jpg,A_v2AMTqrkHXgAAAAAAAAAAAAAAQAAAQ.jpg,0,138,163
A_IdUASo3kSSUAAAAAAAAAAAAAAQAAAQ.jpg,A_GsfXSomQxTQAAAAAAAAAAAAAAQAAAQ.jpg,0,248,201
A_fhlXTKaMzqIAAAAAAAAAAAAAAQAAAQ.jpg,bMTOZCIyTXCpPa4ub3bHTQAAACMAARAD.jpg,0,342,72
A_OssPT5JNclsAAAAAAAAAAAAAAQAAAQ.jpg,A_sfE-TqYrEMMAAAAAAAAAAAAAAQAAAQ.jpg,0,269,93
A_BMEtTpAKIZUAAAAAAAAAAAAAAQAAAQ.jpg,w9YQq4_NScePMhUzHiU7ugAAACMAARAD.jpg,0,247,166
A_WB6uRqwOQD8AAAAAAAAAAAAAAQAAAQ.jpg,A_EUqYT7AVrh4AAAAAAAAAAAAAAQAAAQ.jpg,0,245,154
FzycvDuPSGu-ef2sruqE3wAAACMAARAD.jpg,A_MwufRZG5iJ8AAAAAAAAAAAAAAQAAAQ.jpg,0,150,236
A_0ZuNSaLNy7EAAAAAAAAAAAAAAQAAAQ.jpg,A_FGfzSpRlJ9AAAAAAAAAAAAAAAQAAAQ.jpg,0,156,263
A_h0e0SItXSKwAAAAAAAAAAAAAAQAAAQ.jpg,A_ccDFRJJgbtIAAAAAAAAAAAAAAQAAAQ.jpg,0,289,0
A_88GIR4a9ssoAAAAAAAAAAAAAAQAAAQ.jpg,A_fKn_SJlVzk8AAAAAAAAAAAAAAQAAAQ.jpg,0,266,239
A_iTDeS5OoNC4AAAAAAAAAAAAAAQAAAQ.jpg,A_qr-cQJhu1vcAAAAAAAAAAAAAAQAAAQ.jpg,0,328,35
A_0DqmSI5YLTYAAAAAAAAAAAAAAQAAAQ.jpg,A_DNjCS6LPySIAAAAAAAAAAAAAAQAAAQ.jpg,0,87,272
A_FSyZQ40qPbEAAAAAAAAAAAAAAQAAAQ.jpg,A_VV-4R7Xfd1AAAAAAAAAAAAAAAQAAAQ.jpg,0,257,221
A_VcXdQZCQUrIAAAAAAAAAAAAAAQAAAQ.jpg,A_Sgy4Q5WINnoAAAAAAAAAAAAAAQAAAQ.jpg,0,250,157
ysnTdNgkTQ2KcesYGinCrgAAACMAARAD.jpg,A_MjewSKBgq9EAAAAAAAAAAAAAAQAAAQ.jpg,0,132,5
A_D9o9T7zICSYbaeZMlwxEKQAAAQAAAQ.jpg,A_p01WSpLvktkAAAAAAAAAAAAAAQAAAQ.jpg,0,113,136
A_y3o0T5zshLsAAAAAAAAAAAAAAQAAAQ.jpg,A_ytKZR43YYx0AAAAAAAAAAAAAAQAAAQ.jpg,0,152,330
A__9DkRL2nqzgAAAAAAAAAAAAAAQAAAQ.jpg,A_tiodTJuNpegAAAAAAAAAAAAAAQAAAQ.jpg,0,222,252
A_higyRahZ3-cAAAAAAAAAAAAAAQAAAQ.jpg,A_hPGSRoU0C8kAAAAAAAAAAAAAAQAAAQ.jpg,0,266,308
A_UXmITL-h8LMAAAAAAAAAAAAAAQAAAQ.jpg,A_LUknQ5zwlPEAAAAAAAAAAAAAAQAAAQ.jpg,0,140,288
A_qzxeRo3Av5AAAAAAAAAAAAAAAQAAAQ.jpg,A_5X2gQreyAEgAAAAAAAAAAAAAAQAAAQ.jpg,0,346,93
A_Zt9yT7lqoQMAAAAAAAAAAAAAAQAAAQ.jpg,A_hqAJQ6LPFncAAAAAAAAAAAAAAQAAAQ.jpg,0,47,108
A_kCm8SqJ4xbQAAAAAAAAAAAAAAQAAAQ.jpg,A_v-mDS7qZe7oAAAAAAAAAAAAAAQAAAQ.jpg,0,299,19
A_XTPLTJ9RiO4AAAAAAAAAAAAAAQAAAQ.jpg,A_LngHSpFXTD4AAAAAAAAAAAAAAQAAAQ.jpg,0,325,336
A_RPqaQYB6kjQAAAAAAAAAAAAAAQAAAQ.jpg,A_5P07RJ-PIlkAAAAAAAAAAAAAAQAAAQ.jpg,0,168,76
A_7B2HSpMadEgAAAAAAAAAAAAAAQAAAQ.jpg,A_HRkFRZKRfK4AAAAAAAAAAAAAAQAAAQ.jpg,0,258,330
A_dIlQSIobnFAAAAAAAAAAAAAAAQAAAQ.jpg,A_gWzlTqoUv50AAAAAAAAAAAAAAQAAAQ.jpg,0,45,239
A_lPHeQo7aiawAAAAAAAAAAAAAAQAAAQ.jpg,A_8HNgToSMI-0AAAAAAAAAAAAAAQAAAQ.jpg,0,189,5
A_5X2gQreyAEgAAAAAAAAAAAAAAQAAAQ.jpg,A_5dNJRaepYnUAAAAAAAAAAAAAAQAAAQ.jpg,0,93,302
A_wr26TqasgdEAAAAAAAAAAAAAAQAAAQ.jpg,A_1cY0SJWiw2gAAAAAAAAAAAAAAQAAAQ.jpg,0,165,249
A_Kgq_SLzseBQAAAAAAAAAAAAAAQAAAQ.jpg,A_ogroTKEURIMAAAAAAAAAAAAAAQAAAQ.jpg,0,295,102
A_RkkmTYGR2GgAAAAAAAAAAAAAAQAAAQ.jpg,A_45ZeSYlRX04AAAAAAAAAAAAAAQAAAQ.jpg,0,201,338
A_DpAcQ6ZefVMAAAAAAAAAAAAAAQAAAQ.jpg,A_mcPlS6cWS-wAAAAAAAAAAAAAAQAAAQ.jpg,0,246,55
A_0GHaQ5v1mnFBBtxPokPDawAAAQAAAQ.jpg,A_TlQXRagTGKcAAAAAAAAAAAAAAQAAAQ.jpg,0,64,172
A_CJEPQZwY7_LC6f1Fh61-vQAAAQAAAQ.jpg,A_7dSiR56sjZkAAAAAAAAAAAAAAQAAAQ.jpg,0,191,313
A_cKTpQK7jeCMAAAAAAAAAAAAAAQAAAQ.jpg,A_9Hj6Q4nQNhEAAAAAAAAAAAAAAQAAAQ.jpg,0,143,299
A_LsbQTaqu05YAAAAAAAAAAAAAAQAAAQ.jpg,A__FI5Q5Jfi3EAAAAAAAAAAAAAAQAAAQ.jpg,0,146,29
A_q3_rR6k-lYMAAAAAAAAAAAAAAQAAAQ.jpg,MfYoqfAzSxyKWkDANp68IQAAACMAARAD.jpg,0,245,132
A_-iZQTKAWibIAAAAAAAAAAAAAAQAAAQ.jpg,A_ZovJRIoln2wAAAAAAAAAAAAAAQAAAQ.jpg,0,230,47
A_2oJSS7TmnnsAAAAAAAAAAAAAAQAAAQ.jpg,A_yuLVT43MzcgAAAAAAAAAAAAAAQAAAQ.jpg,0,329,167
A_wEzeR4yAYOUAAAAAAAAAAAAAAQAAAQ.jpg,A_2iAoQIypnLoAAAAAAAAAAAAAAQAAAQ.jpg,0,117,254
A__FEKTZUF1Y8AAAAAAAAAAAAAAQAAAQ.jpg,A_usXqRrG0zfAAAAAAAAAAAAAAAQAAAQ.jpg,0,137,88
A_0RBhTJcWtikAAAAAAAAAAAAAAQAAAQ.jpg,A_ob2HSriDloEAAAAAAAAAAAAAAQAAAQ.jpg,0,270,236
A_D9o9T7zICSYbaeZMlwxEKQAAAQAAAQ.jpg,A_QZE9RZrlk7wAAAAAAAAAAAAAAQAAAQ.jpg,0,113,223
A_wr26TqasgdEAAAAAAAAAAAAAAQAAAQ.jpg,A_H_ulSqKIeUgAAAAAAAAAAAAAAQAAAQ.jpg,0,165,93
lFnXbsgySbe-RMVrti88KQAAACMAARAD.jpg,A_8RO8SZ_cRhQAAAAAAAAAAAAAAQAAAQ.jpg,0,134,303
A_3BuiQbibhO8AAAAAAAAAAAAAAQAAAQ.jpg,A_8MxtS7nrx5oAAAAAAAAAAAAAAQAAAQ.jpg,0,9,53
A_D6LoTIKJagkAAAAAAAAAAAAAAQAAAQ.jpg,9OMvA3NtSGCRN6ymcLH-cAAAACMAARAD.jpg,0,77,323
A_jXO8TqgUNaEAAAAAAAAAAAAAAQAAAQ.jpg,A_FraFT4NK-OwAAAAAAAAAAAAAAQAAAQ.jpg,0,3,204
A_tgVnS7L93MwAAAAAAAAAAAAAAQAAAQ.jpg,A_7HodQI2rtSUAAAAAAAAAAAAAAQAAAQ.jpg,0,247,24
A_mVW5RI4asboAAAAAAAAAAAAAAQAAAQ.jpg,A_fNviRZaQBUIAAAAAAAAAAAAAAQAAAQ.jpg,0,255,151
gpZWgwFPRP-Iq02OHwMZPgAAACMAARAD.jpg,A_GtpMTbLtVR4AAAAAAAAAAAAAAQAAAQ.jpg,0,52,319
A_Hp9BSaTeieAAAAAAAAAAAAAAAQAAAQ.jpg,A_PR05ToNQKfQAAAAAAAAAAAAAAQAAAQ.jpg,0,29,212
A_5z1SRIthrRMAAAAAAAAAAAAAAQAAAQ.jpg,A_h8ycS56cyH0AAAAAAAAAAAAAAQAAAQ.jpg,0,176,11
A_SXh7Qo_BhxkAAAAAAAAAAAAAAQAAAQ.jpg,A_fgxxT7gC-zwAAAAAAAAAAAAAAQAAAQ.jpg,0,292,198
A_gh7QT5Mx8uUAAAAAAAAAAAAAAQAAAQ.jpg,A_SqQTTY_3jwUAAAAAAAAAAAAAAQAAAQ.jpg,0,41,84
A_Hr8iQJfMnWAAAAAAAAAAAAAAAQAAAQ.jpg,2A23mcKTRe6iwvdle-DnoQAAACMAARAD.jpg,0,86,349
A_bIcBTZ3tUqEAAAAAAAAAAAAAAQAAAQ.jpg,A_Uga7SbOpyY0AAAAAAAAAAAAAAQAAAQ.jpg,0,289,69
A_7B2HSpMadEgAAAAAAAAAAAAAAQAAAQ.jpg,A_olotS4XoJFkAAAAAAAAAAAAAAQAAAQ.jpg,0,258,124
A_kKmNR65xnvsAAAAAAAAAAAAAAQAAAQ.jpg,FzycvDuPSGu-ef2sruqE3wAAACMAARAD.jpg,0,195,150
A_bIcBTZ3tUqEAAAAAAAAAAAAAAQAAAQ.jpg,A_JFf0QpMDxLUAAAAAAAAAAAAAAQAAAQ.jpg,0,289,178
A_EkWETZHkU5kAAAAAAAAAAAAAAQAAAQ.jpg,A_RaRvSLwdvtQAAAAAAAAAAAAAAQAAAQ.jpg,0,212,173
A_phjfSK7C04wAAAAAAAAAAAAAAQAAAQ.jpg,A_03AFSaoCIYMAAAAAAAAAAAAAAQAAAQ.jpg,0,145,184
A_Fs6DTJ51k3oAAAAAAAAAAAAAAQAAAQ.jpg,A__9DkRL2nqzgAAAAAAAAAAAAAAQAAAQ.jpg,0,95,222
A_Li70RYXYOToAAAAAAAAAAAAAAQAAAQ.jpg,A_BA6tQ66OKSUAAAAAAAAAAAAAAQAAAQ.jpg,0,171,43
A_9EM2TajlqXoAAAAAAAAAAAAAAQAAAQ.jpg,A_D9o9T7zICSYbaeZMlwxEKQAAAQAAAQ.jpg,0,58,113
A_8RO8SZ_cRhQAAAAAAAAAAAAAAQAAAQ.jpg,A_W2IxTrShf0MAAAAAAAAAAAAAAQAAAQ.jpg,0,303,334
A_vA8kSp4KcUUAAAAAAAAAAAAAAQAAAQ.jpg,4mdzWDyRQ82GuQWRmzSQBQAAACMAARAD.jpg,0,141,186
A_pNVfTIS6svkAAAAAAAAAAAAAAQAAAQ.jpg,A_0RXtQrcbVQMAAAAAAAAAAAAAAQAAAQ.jpg,0,293,223
A_BA6tQ66OKSUAAAAAAAAAAAAAAQAAAQ.jpg,A_olfhSYntr84AAAAAAAAAAAAAAQAAAQ.jpg,0,43,337
A_cY_dQKTxLZIAAAAAAAAAAAAAAQAAAQ.jpg,A_LRDNQb_6khoAAAAAAAAAAAAAAQAAAQ.jpg,0,34,342
A_v-mDS7qZe7oAAAAAAAAAAAAAAQAAAQ.jpg,tJDuEYiaTTSKF7b-QNnRbgAAACMAARAD.jpg,0,19,107
A__YxFR6NzEjQAAAAAAAAAAAAAAQAAAQ.jpg,A_RU49RpH8I6MAAAAAAAAAAAAAAQAAAQ.jpg,0,13,270
A_FYeLRIlqv1sAAAAAAAAAAAAAAQAAAQ.jpg,A_wNo8Squ-ZpAAAAAAAAAAAAAAAQAAAQ.jpg,0,318,8
A_Hp9BSaTeieAAAAAAAAAAAAAAAQAAAQ.jpg,A_cwDhQLizVhEAAAAAAAAAAAAAAQAAAQ.jpg,0,29,159
A_3R5AT4k8aW0AAAAAAAAAAAAAAQAAAQ.jpg,A__iSlQZS0IuEAAAAAAAAAAAAAAQAAAQ.jpg,0,59,197
A_vsngRpRhfFsAAAAAAAAAAAAAAQAAAQ.jpg,A_BbMtSbuC4rkAAAAAAAAAAAAAAQAAAQ.jpg,0,112,259
A_yo0qQ6lU6HsAAAAAAAAAAAAAAQAAAQ.jpg,A_xgEcQJU0HaoAAAAAAAAAAAAAAQAAAQ.jpg,0,152,273
A_rZkOR6rZ9rgAAAAAAAAAAAAAAQAAAQ.jpg,A_jKAHQ6HeOiMAAAAAAAAAAAAAAQAAAQ.jpg,0,73,285
A_g-xBTZf8gWoAAAAAAAAAAAAAAQAAAQ.jpg,A__iSlQZS0IuEAAAAAAAAAAAAAAQAAAQ.jpg,0,256,197
A_-iZQTKAWibIAAAAAAAAAAAAAAQAAAQ.jpg,A_l_WDRZSqqCQAAAAAAAAAAAAAAQAAAQ.jpg,0,230,1
A_TfvQTrtOPDQAAAAAAAAAAAAAAQAAAQ.jpg,A_qzxeRo3Av5AAAAAAAAAAAAAAAQAAAQ.jpg,0,243,346
A_DhQlQKr7slQAAAAAAAAAAAAAAQAAAQ.jpg,A_8P78SYHj8vsAAAAAAAAAAAAAAQAAAQ.jpg,0,346,312
A_Ws9rTr4ssSIAAAAAAAAAAAAAAQAAAQ.jpg,A_hiF9SJL03uIAAAAAAAAAAAAAAQAAAQ.jpg,0,159,214
A_qB4QT6PpWG8AAAAAAAAAAAAAAQAAAQ.jpg,PXhnsQ6BSAW7VRUKjS1fswAAACMAARAD.jpg,0,242,70
A_0DqmSI5YLTYAAAAAAAAAAAAAAQAAAQ.jpg,A_IHGMTadv9ZoAAAAAAAAAAAAAAQAAAQ.jpg,0,87,104
A__jF0T41lCBMAAAAAAAAAAAAAAQAAAQ.jpg,A_zMhHRKUhSuErdB5Pt_ADkgAAAQAAAQ.jpg,0,218,148
A_00wGQ6p8j_UAAAAAAAAAAAAAAQAAAQ.jpg,A_YRDWQrX8B_UAAAAAAAAAAAAAAQAAAQ.jpg,0,214,258
A_m7-sRo3H-HgAAAAAAAAAAAAAAQAAAQ.jpg,WmmQfVkFSa6ES7uWWRqn-gAAACMAARAD.jpg,0,330,20
A_-bFhSYWyHW8AAAAAAAAAAAAAAQAAAQ.jpg,A_r5lyTqEh9NQAAAAAAAAAAAAAAQAAAQ.jpg,0,108,170
A_XQs-QoHKkXEAAAAAAAAAAAAAAQAAAQ.jpg,A_g1RJRYomLtCGJS5AnNEITgAAAQAAAQ.jpg,0,217,89
A_5dhIRrfer5YAAAAAAAAAAAAAAQAAAQ.jpg,A_GdTOQ6xnzZMAAAAAAAAAAAAAAQAAAQ.jpg,0,65,342
A_sUiCS7uVW54AAAAAAAAAAAAAAQAAAQ.jpg,A_LWb7SL9pX8IAAAAAAAAAAAAAAQAAAQ.jpg,0,227,98
A_DsowTrYbJyAAAAAAAAAAAAAAAQAAAQ.jpg,A_FEs-Ro6DnjoAAAAAAAAAAAAAAQAAAQ.jpg,0,45,267
A_qo9KQ6YZpa0AAAAAAAAAAAAAAQAAAQ.jpg,A_WNgORoRRamAAAAAAAAAAAAAAAQAAAQ.jpg,0,11,141
A_5IoZTb3Daq8AAAAAAAAAAAAAAQAAAQ.jpg,X7bAJ7tFSBG_4F661zvLggAAACMAARAD.jpg,0,245,207
A_T7tpTqdx0wcAAAAAAAAAAAAAAQAAAQ.jpg,A_jXO8TqgUNaEAAAAAAAAAAAAAAQAAAQ.jpg,0,159,3
A_KjDbQJVMoCMAAAAAAAAAAAAAAQAAAQ.jpg,A_MfjWQa58yzwAAAAAAAAAAAAAAQAAAQ.jpg,0,171,90
A_jcJHTp85KP0AAAAAAAAAAAAAAQAAAQ.jpg,A_gleuQrcJ404AAAAAAAAAAAAAAQAAAQ.jpg,0,64,8
A__pBPR5UaDJ8AAAAAAAAAAAAAAQAAAQ.jpg,T3Ow5yM2ThqSP6KFh8RfwAAAACMAARAD.jpg,0,229,282
A_MkJtQKVpPRIAAAAAAAAAAAAAAQAAAQ.jpg,QdzTTlrGTCCQ1F9xM9w-rwAAACMAARED.jpg,0,232,321
A_HXWXTZxti_gAAAAAAAAAAAAAAQAAAQ.jpg,A_8g2uSoogj9AAAAAAAAAAAAAAAQAAAQ.jpg,0,311,322
A_LUknQ5zwlPEAAAAAAAAAAAAAAQAAAQ.jpg,A_BozJTaHtlVkAAAAAAAAAAAAAAQAAAQ.jpg,0,288,173
A_J9o_QJCEnBQAAAAAAAAAAAAAAQAAAQ.jpg,A_m-aWTY3Ot-AAAAAAAAAAAAAAAQAAAQ.jpg,0,94,26
A_K9CLR4e8IykAAAAAAAAAAAAAAQAAAQ.jpg,A_qDygQaMbmCsAAAAAAAAAAAAAAQAAAQ.jpg,0,346,119
A_HeLsQKQMu50AAAAAAAAAAAAAAQAAAQ.jpg,A__UAoQbHt2SIAAAAAAAAAAAAAAQAAAQ.jpg,0,43,111
A_Uh4ZRZjAbOAAAAAAAAAAAAAAAQAAAQ.jpg,A_AgMeSbS1YrMAAAAAAAAAAAAAAQAAAQ.jpg,0,52,169
A_h0UnRoWDbBQAAAAAAAAAAAAAAQAAAQ.jpg,A_to61RICU3tgAAAAAAAAAAAAAAQAAAQ.jpg,0,181,139
A_-ZsZRYceA08AAAAAAAAAAAAAAQAAAQ.jpg,A_5dNJRaepYnUAAAAAAAAAAAAAAQAAAQ.jpg,0,96,302
A_7dttRYIKAKQAAAAAAAAAAAAAAQAAAQ.jpg,A_iGqzSrLtlcMAAAAAAAAAAAAAAQAAAQ.jpg,0,116,261
A_SsADSplZuU0AAAAAAAAAAAAAAQAAAQ.jpg,A_xx0YQr5BNq8AAAAAAAAAAAAAAQAAAQ.jpg,0,258,147
8uu1FfYMQXe3pxQOcXQR9gAAACMAARAD.jpg,A_SDD3Q6kABacAAAAAAAAAAAAAAQAAAQ.jpg,0,155,247
A_jwl4QaUztl0AAAAAAAAAAAAAAQAAAQ.jpg,A_V9dzTZ0oezwAAAAAAAAAAAAAAQAAAQ.jpg,0,187,235
A_bZNnSJorqvMAAAAAAAAAAAAAAQAAAQ.jpg,A_BozJTaHtlVkAAAAAAAAAAAAAAQAAAQ.jpg,0,231,173
A_I0duQIGPqIUAAAAAAAAAAAAAAQAAAQ.jpg,A_5z1SRIthrRMAAAAAAAAAAAAAAQAAAQ.jpg,0,187,176
dGG2aRuKRkqEOETt9YkP4gAAACMAARAD.jpg,PYuk0PscTpKyg5nsQBOYZgAAACMAARAD.jpg,0,282,107
A_gh7QT5Mx8uUAAAAAAAAAAAAAAQAAAQ.jpg,lFnXbsgySbe-RMVrti88KQAAACMAARAD.jpg,0,41,134
A_zIdqT5wAadAAAAAAAAAAAAAAAQAAAQ.jpg,A_mSuHQqYkujMAAAAAAAAAAAAAAQAAAQ.jpg,0,297,319
A_1y6dQaZsLNQAAAAAAAAAAAAAAQAAAQ.jpg,A_USsBT7LiLzQAAAAAAAAAAAAAAQAAAQ.jpg,0,100,286
A_D_SeQ4c--GwAAAAAAAAAAAAAAQAAAQ.jpg,A_RxhpTqk6BKsAAAAAAAAAAAAAAQAAAQ.jpg,0,309,203
A_EVAPRrwpj30AAAAAAAAAAAAAAQAAAQ.jpg,A_-mntSLpmrZwAAAAAAAAAAAAAAQAAAQ.jpg,0,46,149
qvyQGoFhTm69RSHS-41E9QAAACMAARAD.jpg,A_H_zgSYO_OSwAAAAAAAAAAAAAAQAAAQ.jpg,0,209,231
A_uJmSS6jwC_EAAAAAAAAAAAAAAQAAAQ.jpg,A_T_xdRoOUXqsAAAAAAAAAAAAAAQAAAQ.jpg,0,151,140
A_PXxiSIQQDWkAAAAAAAAAAAAAAQAAAQ.jpg,A__iSlQZS0IuEAAAAAAAAAAAAAAQAAAQ.jpg,0,4,197
A_IeYUSZHnPzOciWNLuhXRvwAAAQAAAQ.jpg,A__9DkRL2nqzgAAAAAAAAAAAAAAQAAAQ.jpg,0,96,222
A_7dttRYIKAKQAAAAAAAAAAAAAAQAAAQ.jpg,A_WcuHSKIfpFcAAAAAAAAAAAAAAQAAAQ.jpg,0,116,329
A_l-VLRK4I89oAAAAAAAAAAAAAAQAAAQ.jpg,A_i86wS72-_lQAAAAAAAAAAAAAAQAAAQ.jpg,0,31,224
rXxlFn69QMONIxtgsZJajQAAACMAARAD.jpg,A_V4M-S5Mt__QAAAAAAAAAAAAAAQAAAQ.jpg,0,282,191
A_OdypSY5DoYwAAAAAAAAAAAAAAQAAAQ.jpg,A__YxFR6NzEjQAAAAAAAAAAAAAAQAAAQ.jpg,0,298,13
tZ9Ffj0eTdiamVFL64HrAwAAACMAARAD.jpg,A_3AbSRaIVmvwAAAAAAAAAAAAAAQAAAQ.jpg,0,72,158
A_6XZZT6vaEZ4AAAAAAAAAAAAAAQAAAQ.jpg,A_A29dTpQ8IOwAAAAAAAAAAAAAAQAAAQ.jpg,0,294,124
A_UBFIRp0LaJAAAAAAAAAAAAAAAQAAAQ.jpg,A_zj1HS5Be7c4AAAAAAAAAAAAAAQAAAQ.jpg,0,199,197
A_KNPtSqaKcSkAAAAAAAAAAAAAAQAAAQ.jpg,A_QMXJRr8rzh4AAAAAAAAAAAAAAQAAAQ.jpg,0,18,300
A_usXqRrG0zfAAAAAAAAAAAAAAAQAAAQ.jpg,A_Jt0NQ7kxnNgAAAAAAAAAAAAAAQAAAQ.jpg,0,88,314
A_SXGPT6VlGv0AAAAAAAAAAAAAAQAAAQ.jpg,A_AgMeSbS1YrMAAAAAAAAAAAAAAQAAAQ.jpg,0,15,169
A_d-HpRbQdU1YAAAAAAAAAAAAAAQAAAQ.jpg,A_l-VLRK4I89oAAAAAAAAAAAAAAQAAAQ.jpg,0,33,31
A_-JpBS6Eepe4AAAAAAAAAAAAAAQAAAQ.jpg,A_aKs_R7ladhcAAAAAAAAAAAAAAQAAAQ.jpg,0,210,69
A__hNgQJmrLXkAAAAAAAAAAAAAAQAAAQ.jpg,A_lOYRTrARg8kAAAAAAAAAAAAAAQAAAQ.jpg,0,100,285
zQs0kBsAS2mS20h_2hp37AAAACMAARAD.jpg,A_GPn_QKLHezwAAAAAAAAAAAAAAQAAAQ.jpg,0,316,116
A_KW5iQISstkQAAAAAAAAAAAAAAQAAAQ.jpg,A_yaQwRrApyMQAAAAAAAAAAAAAAQAAAQ.jpg,0,146,276
A_kqGGQIlQbEIAAAAAAAAAAAAAAQAAAQ.jpg,A_m2BwRaFdErIAAAAAAAAAAAAAAQAAAQ.jpg,0,7,182
A_qpwOTZvgL9EAAAAAAAAAAAAAAQAAAQ.jpg,A_pUauTrONA4lSN5NPuoRqAAAAAQAAAQ.jpg,0,26,318
A_0ZBaRKtusuAAAAAAAAAAAAAAAQAAAQ.jpg,A_p4flTrdsBe8AAAAAAAAAAAAAAQAAAQ.jpg,0,182,76
A_4OAEQbtm3HIAAAAAAAAAAAAAAQAAAQ.jpg,J1CtsgliQ_Wz7dWKjUh9SwAAACMAARAD.jpg,0,12,307
A_YRDWQrX8B_UAAAAAAAAAAAAAAQAAAQ.jpg,A_TnpqRIoO1cIAAAAAAAAAAAAAAQAAAQ.jpg,0,258,130
A_5x9gRIcmjIsAAAAAAAAAAAAAAQAAAQ.jpg,A_TdNTTqxkNsEAAAAAAAAAAAAAAQAAAQ.jpg,0,244,339
A_W-xaT78i22MAAAAAAAAAAAAAAQAAAQ.jpg,A_HII8R5WzRQ4AAAAAAAAAAAAAAQAAAQ.jpg,0,50,179
A_JTXPTI39PMkAAAAAAAAAAAAAAQAAAQ.jpg,A_MkJtQKVpPRIAAAAAAAAAAAAAAQAAAQ.jpg,0,199,232
A_TlQXRagTGKcAAAAAAAAAAAAAAQAAAQ.jpg,A_JzxkRq5CL7UKXIZGrRlzfQAAAQAAAQ.jpg,0,172,216
A_MkJtQKVpPRIAAAAAAAAAAAAAAQAAAQ.jpg,A_DpAcQ6ZefVMAAAAAAAAAAAAAAQAAAQ.jpg,0,232,246
A_o6tyRpwL8I0AAAAAAAAAAAAAAQAAAQ.jpg,A_o8ipRYjXiXQAAAAAAAAAAAAAAQAAAQ.jpg,0,100,176
A_vjMsQZpQaTkAAAAAAAAAAAAAAQAAAQ.jpg,omt8M0kmRMSuRUW91x_fLgAAACMAARAD.jpg,0,133,177
A_TQs9RbfFYCkAAAAAAAAAAAAAAQAAAQ.jpg,A_xNCNSreklsIAAAAAAAAAAAAAAQAAAQ.jpg,0,280,1
A_X-X-Tq1BLFsAAAAAAAAAAAAAAQAAAQ.jpg,A_USsBT7LiLzQAAAAAAAAAAAAAAQAAAQ.jpg,0,42,286
A_uMyGRoe6OD4AAAAAAAAAAAAAAQAAAQ.jpg,A_VPDvSqwWeHQAAAAAAAAAAAAAAQAAAQ.jpg,0,23,287
A_LWb7SL9pX8IAAAAAAAAAAAAAAQAAAQ.jpg,A_LngHSpFXTD4AAAAAAAAAAAAAAQAAAQ.jpg,0,98,336
A_qK0OTL76_bMAAAAAAAAAAAAAAQAAAQ.jpg,A__zLJQayQmP0AAAAAAAAAAAAAAQAAAQ.jpg,0,21,91
omt8M0kmRMSuRUW91x_fLgAAACMAARAD.jpg,A_ByB_RpYeWmsAAAAAAAAAAAAAAQAAAQ.jpg,0,177,232
A_TLSkT501MYQAAAAAAAAAAAAAAQAAAQ.jpg,A_1WHrSb70BwYAAAAAAAAAAAAAAQAAAQ.jpg,0,325,347
A_I5KDRLmGgB8AAAAAAAAAAAAAAQAAAQ.jpg,A_2DA2SZLf5vEAAAAAAAAAAAAAAQAAAQ.jpg,0,296,24
A_CbtxSYI7W3wAAAAAAAAAAAAAAQAAAQ.jpg,A_0DqmSI5YLTYAAAAAAAAAAAAAAQAAAQ.jpg,0,280,87
A_qr-cQJhu1vcAAAAAAAAAAAAAAQAAAQ.jpg,A_Sdv3QYReNXkAAAAAAAAAAAAAAQAAAQ.jpg,0,35,250
A_a7OnT702SKIAAAAAAAAAAAAAAQAAAQ.jpg,A_zVV9QJHiLggAAAAAAAAAAAAAAQAAAQ.jpg,0,161,67
A_M6rDSaJqguwAAAAAAAAAAAAAAQAAAQ.jpg,A_KRefSIqxAhMAAAAAAAAAAAAAAQAAAQ.jpg,0,25,259
A_jB9eRYoChjwAAAAAAAAAAAAAAQAAAQ.jpg,A_DV2SR5jhC0wAAAAAAAAAAAAAAQAAAQ.jpg,0,175,34
A_HHmHS7TxQaEAAAAAAAAAAAAAAQAAAQ.jpg,A_6rXsToXOMygAAAAAAAAAAAAAAQAAAQ.jpg,0,305,290
A_w8x7SaCEWdkAAAAAAAAAAAAAAQAAAQ.jpg,A_KwVMSYgdftIAAAAAAAAAAAAAAQAAAQ.jpg,0,58,165
A_wSWmTr7_FucAAAAAAAAAAAAAAQAAAQ.jpg,A_3TwiRJY6T9oAAAAAAAAAAAAAAQAAAQ.jpg,0,302,235
A_Sgy4Q5WINnoAAAAAAAAAAAAAAQAAAQ.jpg,FqQ7Yv3sQqamD1XqNUNQeQAAACMAARAD.jpg,0,157,164
A_Dl-rQYisXAQAAAAAAAAAAAAAAQAAAQ.jpg,A_VW4rTbmlHh8AAAAAAAAAAAAAAQAAAQ.jpg,0,37,336
A_Rx6HR586O4sAAAAAAAAAAAAAAQAAAQ.jpg,A_05zKQb6bySIAAAAAAAAAAAAAAQAAAQ.jpg,0,325,216
A_aEr8SogcnnIAAAAAAAAAAAAAAQAAAQ.jpg,A_NuL2TKMEwowAAAAAAAAAAAAAAQAAAQ.jpg,0,311,265
A_OssPT5JNclsAAAAAAAAAAAAAAQAAAQ.jpg,A_NuL2TKMEwowAAAAAAAAAAAAAAQAAAQ.jpg,0,269,265
A_1OujSoSRAr8AAAAAAAAAAAAAAQAAAQ.jpg,RZ0pi9gnRguCbwW_2IFLegAAACMAARAD.jpg,0,292,315
A_TnpqRIoO1cIAAAAAAAAAAAAAAQAAAQ.jpg,A_o6_aR5P_rB8AAAAAAAAAAAAAAQAAAQ.jpg,0,130,217
O4evSscSQOaRanT5DclZ5wAAACMAARAD.jpg,A_hwdWQq75_mQAAAAAAAAAAAAAAQAAAQ.jpg,0,4,7
A_kiLeTKqEGUkAAAAAAAAAAAAAAQAAAQ.jpg,A_0xRaQ4mC4A0AAAAAAAAAAAAAAQAAAQ.jpg,0,1,332
EIpoK14ATmCiS-H_pM6kvAAAACMAARAD.jpg,A_5X2gQreyAEgAAAAAAAAAAAAAAQAAAQ.jpg,0,54,93
A_AcFbQoqDqRwAAAAAAAAAAAAAAQAAAQ.jpg,HO658TQUQEWkFzwQclWO6QAAACMAARAD.jpg,0,345,316
A_OdypSY5DoYwAAAAAAAAAAAAAAQAAAQ.jpg,A_MzYDRI1zIykAAAAAAAAAAAAAAQAAAQ.jpg,0,298,122
A_krhJT7X9SC0AAAAAAAAAAAAAAQAAAQ.jpg,_YxN02DfQ7OUYkwftQP0QQAAACMAARAD.jpg,0,60,166
7B--srC_TKKKH1ccdVhHJQAAACMAARAD.jpg,A_kCm8SqJ4xbQAAAAAAAAAAAAAAQAAAQ.jpg,0,6,299
A_yusuSowwe7sAAAAAAAAAAAAAAQAAAQ.jpg,A_7zzVQYVHFHgAAAAAAAAAAAAAAQAAAQ.jpg,0,145,158
A_FEs-Ro6DnjoAAAAAAAAAAAAAAQAAAQ.jpg,A_EvDCT75_gY4AAAAAAAAAAAAAAQAAAQ.jpg,0,267,57
A_1XV-TI8AFDMAAAAAAAAAAAAAAQAAAQ.jpg,A_wSWmTr7_FucAAAAAAAAAAAAAAQAAAQ.jpg,0,295,302
A_H_zgSYO_OSwAAAAAAAAAAAAAAQAAAQ.jpg,A_tiodTJuNpegAAAAAAAAAAAAAAQAAAQ.jpg,0,231,252
A_GsfXSomQxTQAAAAAAAAAAAAAAQAAAQ.jpg,A_UIM0T5DUSJMAAAAAAAAAAAAAAQAAAQ.jpg,0,201,24
A_tZlpQLPXXpQAAAAAAAAAAAAAAQAAAQ.jpg,A_tB9JQ6SKjKYAAAAAAAAAAAAAAQAAAQ.jpg,0,84,201
A_Cx8AT5HA35gAAAAAAAAAAAAAAQAAAQ.jpg,s5_LPbJATXy82lMu1uSeJQAAACMAARAD.jpg,0,140,348
A_xgEcQJU0HaoAAAAAAAAAAAAAAQAAAQ.jpg,A_ACH-Ta-cq-oAAAAAAAAAAAAAAQAAAQ.jpg,0,273,340
A_uo1iTaASRHgAAAAAAAAAAAAAAQAAAQ.jpg,A_W2IxTrShf0MAAAAAAAAAAAAAAQAAAQ.jpg,0,185,334
A_Ieo9SKFx2U0AAAAAAAAAAAAAAQAAAQ.jpg,A_8jMWRbavcW0AAAAAAAAAAAAAAQAAAQ.jpg,0,82,287
A_XSdhTajB4_kAAAAAAAAAAAAAAQAAAQ.jpg,A_GFtPRKYwYKQAAAAAAAAAAAAAAQAAAQ.jpg,0,243,347
A_ACqjTY_SpjgAAAAAAAAAAAAAAQAAAQ.jpg,A_uo1iTaASRHgAAAAAAAAAAAAAAQAAAQ.jpg,0,256,185
IJnfoTCGRzy_PnKxNA20FAAAACMAARAD.jpg,A_HXWXTZxti_gAAAAAAAAAAAAAAQAAAQ.jpg,0,306,311
OjXGrQwIRLe0jn5ENTl1XwAAACMAARAD.jpg,tJDuEYiaTTSKF7b-QNnRbgAAACMAARAD.jpg,0,291,107
A_JFQFRqCRuouu-ldCkHSAIAAAAQAAAQ.jpg,A_fiAjSYGYmikAAAAAAAAAAAAAAQAAAQ.jpg,0,68,110
A_EZU5Q47i9PQAAAAAAAAAAAAAAQAAAQ.jpg,A_OrR4RrU6OP0AAAAAAAAAAAAAAQAAAQ.jpg,0,16,212
A__euTTbzk1_QAAAAAAAAAAAAAAQAAAQ.jpg,A_p4flTrdsBe8AAAAAAAAAAAAAAQAAAQ.jpg,0,210,76
A_wPnAQIK6lFQAAAAAAAAAAAAAAQAAAQ.jpg,A_sjosRJ0wPVkAAAAAAAAAAAAAAQAAAQ.jpg,0,84,179
A_iJVwTais0UgAAAAAAAAAAAAAAQAAAQ.jpg,A_ByB_RpYeWmsAAAAAAAAAAAAAAQAAAQ.jpg,0,131,232
UB-NZRT8SxapdoqCNWuvvAAAACMAARAD.jpg,A_wr26TqasgdEAAAAAAAAAAAAAAQAAAQ.jpg,0,211,165
A_fKn_SJlVzk8AAAAAAAAAAAAAAQAAAQ.jpg,A_3uJrSJQRo58AAAAAAAAAAAAAAQAAAQ.jpg,0,239,275
A_CMybSaizJokAAAAAAAAAAAAAAQAAAQ.jpg,A_RU49RpH8I6MAAAAAAAAAAAAAAQAAAQ.jpg,0,66,270
A_A17DRrV-btsAAAAAAAAAAAAAAQAAAQ.jpg,A_LsbQTaqu05YAAAAAAAAAAAAAAQAAAQ.jpg,0,33,146
ydJW6409RSKvBzpK1xzS0QAAACMAARAD.jpg,A_9FlLRZb9wXUAAAAAAAAAAAAAAQAAAQ.jpg,0,27,49
A_VgR1Q7EKYp8AAAAAAAAAAAAAAQAAAQ.jpg,A_YlkgQbNnNSoAAAAAAAAAAAAAAQAAAQ.jpg,0,90,19
A_KlKMQ7YwUQUAAAAAAAAAAAAAAQAAAQ.jpg,A_K0FxT6aY5N8AAAAAAAAAAAAAAQAAAQ.jpg,0,269,301
A_PQ-mQpRZPwgAAAAAAAAAAAAAAQAAAQ.jpg,A_olfhSYntr84AAAAAAAAAAAAAAQAAAQ.jpg,0,35,337
A_1cY0SJWiw2gAAAAAAAAAAAAAAQAAAQ.jpg,A_RaRvSLwdvtQAAAAAAAAAAAAAAQAAAQ.jpg,0,249,173
A_-JpBS6Eepe4AAAAAAAAAAAAAAQAAAQ.jpg,A_-gLFTpM2eMUAAAAAAAAAAAAAAQAAAQ.jpg,0,210,81
A_7TXVT6R41bwAAAAAAAAAAAAAAQAAAQ.jpg,A_LKyVRYb174gAAAAAAAAAAAAAAQAAAQ.jpg,0,161,203
A_xTY-S4O2kyYAAAAAAAAAAAAAAQAAAQ.jpg,A_D5prT4UpL5EAAAAAAAAAAAAAAQAAAQ.jpg,0,333,87
A_oEAqSaEmWGMAAAAAAAAAAAAAAQAAAQ.jpg,A_XHurTYV1xScAAAAAAAAAAAAAAQAAAQ.jpg,0,294,337
A_zMhHRKUhSuE7jzBNqjIYmQAAAQAAAQ.jpg,A_0-ELRoJDoOAAAAAAAAAAAAAAAQAAAQ.jpg,0,148,160
Z_Hv1amYSOKoJUJcV5cxjwAAACMAARAD.jpg,A_3S3LTZgdkc8AAAAAAAAAAAAAAQAAAQ.jpg,0,211,331
uwbM_KZaT4WXCQZJ66Ib_QAAACMAARAD.jpg,A_2bxUSqLc6wAAAAAAAAAAAAAAAQAAAQ.jpg,0,192,255
A_VsLNT7sWz3wAAAAAAAAAAAAAAQAAAQ.jpg,A_bZNnSJorqvMAAAAAAAAAAAAAAQAAAQ.jpg,0,322,231
tZ9Ffj0eTdiamVFL64HrAwAAACMAARAD.jpg,A_He2nSrEFR1YAAAAAAAAAAAAAAQAAAQ.jpg,0,72,300
A_8qvqS61s-g4AAAAAAAAAAAAAAQAAAQ.jpg,A_TneoSKTv7UkAAAAAAAAAAAAAAQAAAQ.jpg,0,332,223
A_JAkWS63CU4MAAAAAAAAAAAAAAQAAAQ.jpg,A__iVyQa-Ul-kAAAAAAAAAAAAAAQAAAQ.jpg,0,67,249
A_TnpqRIoO1cIAAAAAAAAAAAAAAQAAAQ.jpg,A_MjewSKBgq9EAAAAAAAAAAAAAAQAAAQ.jpg,0,130,5
A_oU0aQJ48IRsAAAAAAAAAAAAAAQAAAQ.jpg,A_KQwhSbAW-YwAAAAAAAAAAAAAAQAAAQ.jpg,0,133,195
A_FhdITbO2NLEAAAAAAAAAAAAAAQAAAQ.jpg,A__EmvQZaIrk0AAAAAAAAAAAAAAQAAAQ.jpg,0,102,330
A_Md8QTJnt4HsAAAAAAAAAAAAAAQAAAQ.jpg,A_fw0nSIvq86cAAAAAAAAAAAAAAQAAAQ.jpg,0,88,65
A_S1K7SaRCgmsAAAAAAAAAAAAAAQAAAQ.jpg,A_7t5MRrn6fyUAAAAAAAAAAAAAAQAAAQ.jpg,0,111,303
A_LUkoSJrXkSUAAAAAAAAAAAAAAQAAAQ.jpg,sXCLxmKsRfaVAGlXbY1y3wAAACMAARAD.jpg,0,17,306
A_wr26TqasgdEAAAAAAAAAAAAAAQAAAQ.jpg,A_qr-cQJhu1vcAAAAAAAAAAAAAAQAAAQ.jpg,0,165,35
A_2fEAQ6wRV78AAAAAAAAAAAAAAQAAAQ.jpg,A_aOn9RpOdtFIAAAAAAAAAAAAAAQAAAQ.jpg,0,255,172
_YxN02DfQ7OUYkwftQP0QQAAACMAARAD.jpg,A_-XUaRqtBWX4AAAAAAAAAAAAAAQAAAQ.jpg,0,166,159
A_iGqzSrLtlcMAAAAAAAAAAAAAAQAAAQ.jpg,x8Wo4mizQyiMb9ZQPKg2hgAAACMAARAD.jpg,0,261,109
bSowLH_QSz-W1UMpKjz0owAAACMAARAD.jpg,A_S7r7Srj5r_wAAAAAAAAAAAAAAQAAAQ.jpg,0,315,313
A_plIEQ4aQaFEAAAAAAAAAAAAAAQAAAQ.jpg,8Qwjp3LcQ3iDOb7i9kMsegAAACMAARAD.jpg,0,349,20
A_tFWpS7wqAh0AAAAAAAAAAAAAAQAAAQ.jpg,A_KRefSIqxAhMAAAAAAAAAAAAAAQAAAQ.jpg,0,39,259
A_ZhFOTLvWldQAAAAAAAAAAAAAAQAAAQ.jpg,A_hV6oRqWGM8sAAAAAAAAAAAAAAQAAAQ.jpg,0,251,329
A_m8smT6igYF8AAAAAAAAAAAAAAQAAAQ.jpg,A_i-nLRI_4Z-QAAAAAAAAAAAAAAQAAAQ.jpg,0,12,313
A_bBofSp4thsQAAAAAAAAAAAAAAQAAAQ.jpg,A_uqQZTalXwHYAAAAAAAAAAAAAAQAAAQ.jpg,0,45,301
A_Li70RYXYOToAAAAAAAAAAAAAAQAAAQ.jpg,A_sltnS47XRVEAAAAAAAAAAAAAAQAAAQ.jpg,0,171,201
A_8TLTSrYPUTUAAAAAAAAAAAAAAQAAAQ.jpg,A_WAmwRrFJUhUAAAAAAAAAAAAAAQAAAQ.jpg,0,328,149
A_7TXVT6R41bwAAAAAAAAAAAAAAQAAAQ.jpg,A_Xrx1SIEgz8YAAAAAAAAAAAAAAQAAAQ.jpg,0,161,206
A_xteZTaHHkAYAAAAAAAAAAAAAAQAAAQ.jpg,A_DOZRQIHcpw0AAAAAAAAAAAAAAQAAAQ.jpg,0,205,39
A_qltmS7ZNsLUAAAAAAAAAAAAAAQAAAQ.jpg,A_Efp6QLrSZ-gAAAAAAAAAAAAAAQAAAQ.jpg,0,91,274
A_mtcjT5-8fxIAAAAAAAAAAAAAAQAAAQ.jpg,A_uzHRSJ5nN_cAAAAAAAAAAAAAAQAAAQ.jpg,0,60,335
A_Saa1T617BOoAAAAAAAAAAAAAAQAAAQ.jpg,A_MOhrQLLyVDYAAAAAAAAAAAAAAQAAAQ.jpg,0,103,262
A_vAl2Q52NU9MAAAAAAAAAAAAAAQAAAQ.jpg,A_KXFaQ7PvD3gAAAAAAAAAAAAAAQAAAQ.jpg,0,340,169
A_hsJDSo4xcbkAAAAAAAAAAAAAAQAAAQ.jpg,A_2W5zQLpISkcAAAAAAAAAAAAAAQAAAQ.jpg,0,3,105
A_HHmHS7TxQaEAAAAAAAAAAAAAAQAAAQ.jpg,VExaZWAxSUuI3YKpQvrnIgAAACMAARAD.jpg,0,305,190
A_CKcESIEZPPsAAAAAAAAAAAAAAQAAAQ.jpg,A_6CUMTK6sWtwAAAAAAAAAAAAAAQAAAQ.jpg,0,198,45
A_Va1UTrmeizMAAAAAAAAAAAAAAQAAAQ.jpg,QdzTTlrGTCCQ1F9xM9w-rwAAACMAARED.jpg,0,17,321
A_7HodQI2rtSUAAAAAAAAAAAAAAQAAAQ.jpg,8bqSm5suQB-TkC66R2F-lgAAACMAARAD.jpg,0,24,177
A_bLPoRob0He8AAAAAAAAAAAAAAQAAAQ.jpg,A_M6rDSaJqguwAAAAAAAAAAAAAAQAAAQ.jpg,0,319,25
A_iHgnS6_U93kAAAAAAAAAAAAAAQAAAQ.jpg,2iEC5ZrsSa2JpfKnTQbADQAAACMAARAD.jpg,0,47,6
A_QQI2TrP_nAAAAAAAAAAAAAAAAQAAAQ.jpg,A_LaJXSLgvcWABL0VDvY1hqgAAAQAAAQ.jpg,0,199,185
A_CSAAQqCz9coAAAAAAAAAAAAAAQAAAQ.jpg,gssR255rQKW-hXQD0Y7E_AAAACMAARAD.jpg,0,117,120
A_TIBEQZKlgbsAAAAAAAAAAAAAAQAAAQ.jpg,uwbM_KZaT4WXCQZJ66Ib_QAAACMAARAD.jpg,0,237,192
A_F67BSool6_AAAAAAAAAAAAAAAQAAAQ.jpg,A_BT-TSJ2u3kMAAAAAAAAAAAAAAQAAAQ.jpg,0,92,279
A_uSLAQKtJDr4AAAAAAAAAAAAAAQAAAQ.jpg,A_a-RNSrOUV5IAAAAAAAAAAAAAAQAAAQ.jpg,0,179,296
A_dfRbQI26OtwAAAAAAAAAAAAAAQAAAQ.jpg,A_h4c5Sad3a7IAAAAAAAAAAAAAAQAAAQ.jpg,0,58,40
A_UM9FRqczn4sAAAAAAAAAAAAAAQAAAQ.jpg,A_0aCUSY5NN4IAAAAAAAAAAAAAAQAAAQ.jpg,0,42,175
A_KhFwTKJ4XWwAAAAAAAAAAAAAAQAAAQ.jpg,frdTcr-kQKe_ugKUa32pmwAAACMAARAD.jpg,0,338,174
A_Y4XwSLpSghkAAAAAAAAAAAAAAQAAAQ.jpg,AxQOGcN4RkCPWfcMhYgBuQAAACMAARAD.jpg,0,114,307
A_Jz60TodhpGjXzl5IpWUeAQAAAQAAAQ.jpg,A_yhhDQbrQfGd8ld9BhzssNAAAAQAAAQ.jpg,0,99,206
A_GKxxTacH56QAAAAAAAAAAAAAAQAAAQ.jpg,A_H_ulSqKIeUgAAAAAAAAAAAAAAQAAAQ.jpg,0,21,93
A_xKkVSpQDOR8AAAAAAAAAAAAAAQAAAQ.jpg,A_bKPlQL4w2iUAAAAAAAAAAAAAAQAAAQ.jpg,0,79,345
A_BdbARbNUADgAAAAAAAAAAAAAAQAAAQ.jpg,A_TdNTTqxkNsEAAAAAAAAAAAAAAQAAAQ.jpg,0,122,339
A_3muFRpfosX0AAAAAAAAAAAAAAQAAAQ.jpg,A_lPHeQo7aiawAAAAAAAAAAAAAAQAAAQ.jpg,0,10,189
A_iAk4T7b-HD4AAAAAAAAAAAAAAQAAAQ.jpg,A_u5XySKZ9cywAAAAAAAAAAAAAAQAAAQ.jpg,0,337,274
A_jwl4QaUztl0AAAAAAAAAAAAAAQAAAQ.jpg,A_wOfbQoNWSAQAAAAAAAAAAAAAAQAAAQ.jpg,0,187,2
A_fdNlRZAJ1LIAAAAAAAAAAAAAAQAAAQ.jpg,A_S8r-QoOdnNoAAAAAAAAAAAAAAQAAAQ.jpg,0,89,28
A_eUwvR77C5UwAAAAAAAAAAAAAAQAAAQ.jpg,A_VcXdQZCQUrIAAAAAAAAAAAAAAQAAAQ.jpg,0,65,250
A_rsioTJ5AOrcAAAAAAAAAAAAAAQAAAQ.jpg,A_gleuQrcJ404AAAAAAAAAAAAAAQAAAQ.jpg,0,9,8
A_3JWtT62FzhAAAAAAAAAAAAAAAQAAAQ.jpg,A_fbzVQ5muvQIAAAAAAAAAAAAAAQAAAQ.jpg,0,290,77
A_Sm0gS7RP30QAAAAAAAAAAAAAAQAAAQ.jpg,A_79Y3T534mhsAAAAAAAAAAAAAAQAAAQ.jpg,0,140,205
A_CMb2RJx-GToAAAAAAAAAAAAAAQAAAQ.jpg,A_BUqXSoHm6xYAAAAAAAAAAAAAAQAAAQ.jpg,0,180,309
A_LKyVRYb174gAAAAAAAAAAAAAAQAAAQ.jpg,A_TdNTTqxkNsEAAAAAAAAAAAAAAQAAAQ.jpg,0,203,339
A_7iu8TpXAj0QAAAAAAAAAAAAAAQAAAQ.jpg,A_XhFbQoM2GvIAAAAAAAAAAAAAAQAAAQ.jpg,0,251,229
A_Ws9rTr4ssSIAAAAAAAAAAAAAAQAAAQ.jpg,A_KQwhSbAW-YwAAAAAAAAAAAAAAQAAAQ.jpg,0,159,195
A_vsngRpRhfFsAAAAAAAAAAAAAAQAAAQ.jpg,A_bIcBTZ3tUqEAAAAAAAAAAAAAAQAAAQ.jpg,0,112,289
A_X-X-Tq1BLFsAAAAAAAAAAAAAAQAAAQ.jpg,A_dLjnR7Wqd6IAAAAAAAAAAAAAAQAAAQ.jpg,0,42,17
A_MjewSKBgq9EAAAAAAAAAAAAAAQAAAQ.jpg,A_f7WbRLWc904AAAAAAAAAAAAAAQAAAQ.jpg,0,5,142
A_NuL2TKMEwowAAAAAAAAAAAAAAQAAAQ.jpg,A_ZX7pT4uWMgsAAAAAAAAAAAAAAQAAAQ.jpg,0,265,268
A_nw_7QLxh6h4AAAAAAAAAAAAAAQAAAQ.jpg,A_M2dJTrQsL7gAAAAAAAAAAAAAAQAAAQ.jpg,0,271,167
A_NDzHTLNzG5MAAAAAAAAAAAAAAQAAAQ.jpg,A_EZU5Q47i9PQAAAAAAAAAAAAAAQAAAQ.jpg,0,235,16
A_ZLTNQ5wA3ncNnJxCvdxuZQAAAQAAAQ.jpg,A_PXh2Q7BkVC0AAAAAAAAAAAAAAQAAAQ.jpg,0,63,122
A_Tt6HTJdxA1kAAAAAAAAAAAAAAQAAAQ.jpg,A2fZWAEeTfWyTqA6MlIezgAAACMAARAD.jpg,0,19,164
A_EhJNRrpu2Z0AAAAAAAAAAAAAAQAAAQ.jpg,1DUlr4dURtqhdRrCS69ZgAAAACMAARAD.jpg,0,233,310
A_1AcjS7HMufYAAAAAAAAAAAAAAQAAAQ.jpg,A_Y4XwSLpSghkAAAAAAAAAAAAAAQAAAQ.jpg,0,189,114
A_BelDQrZMthQAAAAAAAAAAAAAAQAAAQ.jpg,A_JhozTLdUXBAAAAAAAAAAAAAAAQAAAQ.jpg,0,217,238
A_pTBdRpDG19IAAAAAAAAAAAAAAQAAAQ.jpg,A__dC3S5as98wAAAAAAAAAAAAAAQAAAQ.jpg,0,171,279
A_Fs6DTJ51k3oAAAAAAAAAAAAAAQAAAQ.jpg,A_KjDbQJVMoCMAAAAAAAAAAAAAAQAAAQ.jpg,0,95,171
rPNyWMgLSMewMHD2BSt6gAAAACMAARAD.jpg,A_OT8IQIP4z90AAAAAAAAAAAAAAQAAAQ.jpg,0,209,264
A_FeBCQrUGfIcAAAAAAAAAAAAAAQAAAQ.jpg,A_w5yBQq07ZGQAAAAAAAAAAAAAAQAAAQ.jpg,0,272,218
A_95Z4QIMBISQAAAAAAAAAAAAAAQAAAQ.jpg,A_wbFXSqEkpSMAAAAAAAAAAAAAAQAAAQ.jpg,0,184,133
A_X-X-Tq1BLFsAAAAAAAAAAAAAAQAAAQ.jpg,dsoua9awQ96zA43Lqf2KVgAAACMAARAD.jpg,0,42,226
A_AxC7T5vfyIoAAAAAAAAAAAAAAQAAAQ.jpg,A_rGSuTZXVuRUGn2pDh9p9vgAAAQAAAQ.jpg,0,85,2
A_AoHdR7FLKwgAAAAAAAAAAAAAAQAAAQ.jpg,A_qK0OTL76_bMAAAAAAAAAAAAAAQAAAQ.jpg,0,178,21
A_ZT5FQpIeXlQAAAAAAAAAAAAAAQAAAQ.jpg,A_hwdWQq75_mQAAAAAAAAAAAAAAQAAAQ.jpg,0,290,7
A_-gLFTpM2eMUAAAAAAAAAAAAAAQAAAQ.jpg,A_uOCiT40f578AAAAAAAAAAAAAAQAAAQ.jpg,0,81,347
tZ9Ffj0eTdiamVFL64HrAwAAACMAARAD.jpg,A_s3DKToWP_5UAAAAAAAAAAAAAAQAAAQ.jpg,0,72,142
A_BTUkT4Eo6pQAAAAAAAAAAAAAAQAAAQ.jpg,A_SUrFSpyat3oAAAAAAAAAAAAAAQAAAQ.jpg,0,266,102
A_pNVfTIS6svkAAAAAAAAAAAAAAQAAAQ.jpg,A_zVV9QJHiLggAAAAAAAAAAAAAAQAAAQ.jpg,0,293,67
A_IfS8TqroUEgAAAAAAAAAAAAAAQAAAQ.jpg,A_phjfSK7C04wAAAAAAAAAAAAAAQAAAQ.jpg,0,131,145
A_z0kCQr_tfJQAAAAAAAAAAAAAAQAAAQ.jpg,A_5IoZTb3Daq8AAAAAAAAAAAAAAQAAAQ.jpg,0,23,245
A_p7msSIPIoxsAAAAAAAAAAAAAAQAAAQ.jpg,A_Ieo9SKFx2U0AAAAAAAAAAAAAAQAAAQ.jpg,0,202,82
A_QR05Sq93mfIAAAAAAAAAAAAAAQAAAQ.jpg,A_C4yWR6KggDwAAAAAAAAAAAAAAQAAAQ.jpg,0,69,61
A_8RO8SZ_cRhQAAAAAAAAAAAAAAQAAAQ.jpg,A_Va1UTrmeizMAAAAAAAAAAAAAAQAAAQ.jpg,0,303,17
A_dej1SoczgZ0AAAAAAAAAAAAAAQAAAQ.jpg,A_TYT0T4Fvp38AAAAAAAAAAAAAAQAAAQ.jpg,0,43,302
NHtoXmJsQbC2oYEEvNh-agAAACMAARAD.jpg,A_vxNlQoSOcesAAAAAAAAAAAAAAQAAAQ.jpg,0,6,23
A_fdXCTprSOxYAAAAAAAAAAAAAAQAAAQ.jpg,A_EkWETZHkU5kAAAAAAAAAAAAAAQAAAQ.jpg,0,339,212
A_aOn9RpOdtFIAAAAAAAAAAAAAAQAAAQ.jpg,B4vLF17OQ7iz0JDSOsJBYwAAACMAARAD.jpg,0,172,71
A_8P78SYHj8vsAAAAAAAAAAAAAAQAAAQ.jpg,A_GKxxTacH56QAAAAAAAAAAAAAAQAAAQ.jpg,0,312,21
A_DLIAQKcBAyYAAAAAAAAAAAAAAQAAAQ.jpg,A_PD58S5qjNQoAAAAAAAAAAAAAAQAAAQ.jpg,0,244,262
A_wxWxSZH1r_QAAAAAAAAAAAAAAQAAAQ.jpg,A_3BuiQbibhO8AAAAAAAAAAAAAAQAAAQ.jpg,0,293,9
A_YOLjSLCb05sAAAAAAAAAAAAAAQAAAQ.jpg,A__OQTR7tlKikAAAAAAAAAAAAAAQAAAQ.jpg,0,31,215
A_I-uhS4pzzngAAAAAAAAAAAAAAQAAAQ.jpg,aa7CED-ZTiSSG_-WFIoMkwAAACMAARAD.jpg,0,260,166
A_eKNXQLRk11AAAAAAAAAAAAAAAQAAAQ.jpg,A_-HPcQKsgKR8AAAAAAAAAAAAAAQAAAQ.jpg,0,112,96
A_-pSrT6xClQcAAAAAAAAAAAAAAQAAAQ.jpg,A_ZLTNQ5wA3ncNnJxCvdxuZQAAAQAAAQ.jpg,0,97,63
A_Km6WQabbG9cAAAAAAAAAAAAAAQAAAQ.jpg,elFmGazMSCiTA9cBKwcuMwAAACMAARAD.jpg,0,248,327
A_3S3LTZgdkc8AAAAAAAAAAAAAAQAAAQ.jpg,A_k02wRqflDJcAAAAAAAAAAAAAAQAAAQ.jpg,0,331,328
A_C4yWR6KggDwAAAAAAAAAAAAAAQAAAQ.jpg,A_K0ldRalVubcAAAAAAAAAAAAAAQAAAQ.jpg,0,61,24
A_B17tQL9G7GBxlR5AvcHBegAAAQAAAQ.jpg,A_J1qLRIBVPRwAAAAAAAAAAAAAAQAAAQ.jpg,0,331,151
A_rZL0S6dvFYvlzupIll1R-AAAAQAAAQ.jpg,A_i8kmSqzWZtEAAAAAAAAAAAAAAQAAAQ.jpg,0,175,284
A_BM-IS64L6owAAAAAAAAAAAAAAQAAAQ.jpg,gssR255rQKW-hXQD0Y7E_AAAACMAARAD.jpg,0,332,120
NEaQDqOzRj2kGdWgt4KrigAAACMAARAD.jpg,A_vjMsQZpQaTkAAAAAAAAAAAAAAQAAAQ.jpg,0,209,133
gpZWgwFPRP-Iq02OHwMZPgAAACMAARAD.jpg,A_B416T40hjHAAAAAAAAAAAAAAAQAAAQ.jpg,0,52,116
A_y8PMQofn1wsAAAAAAAAAAAAAAQAAAQ.jpg,A_CAlCTIVL_TQAAAAAAAAAAAAAAQAAAQ.jpg,0,244,295
A_9T8iRZsNnOoAAAAAAAAAAAAAAQAAAQ.jpg,A_CAlCTIVL_TQAAAAAAAAAAAAAAQAAAQ.jpg,0,91,295
A_Dl-rQYisXAQAAAAAAAAAAAAAAQAAAQ.jpg,A_Uqn1Qq1RIzkAAAAAAAAAAAAAAQAAAQ.jpg,0,37,112
A_o6tyRpwL8I0AAAAAAAAAAAAAAQAAAQ.jpg,A_D_SeQ4c--GwAAAAAAAAAAAAAAQAAAQ.jpg,0,100,309
A2fZWAEeTfWyTqA6MlIezgAAACMAARAD.jpg,A_cWO0Sb2sA9gAAAAAAAAAAAAAAQAAAQ.jpg,0,164,200
gioGl7mwSCab39gMX8ARnAAAACMAARAD.jpg,bMTOZCIyTXCpPa4ub3bHTQAAACMAARAD.jpg,0,177,72
A_L_fMQ4YgTbUAAAAAAAAAAAAAAQAAAQ.jpg,A_pGBkRrTqPD0AAAAAAAAAAAAAAQAAAQ.jpg,0,125,5
A_hFIsQqIAQwEAAAAAAAAAAAAAAQAAAQ.jpg,A_4lT3QpjRRVEAAAAAAAAAAAAAAQAAAQ.jpg,0,81,258
A_HblBQpqvsuIAAAAAAAAAAAAAAQAAAQ.jpg,A_82BHQ5VJpoQAAAAAAAAAAAAAAQAAAQ.jpg,0,225,326
WNf53_8ITqK97-33UL-ISgAAACMAARAD.jpg,A_OStdQqQjUL8AAAAAAAAAAAAAAQAAAQ.jpg,0,155,210
rPNyWMgLSMewMHD2BSt6gAAAACMAARAD.jpg,A_qL1DQ52JFAsAAAAAAAAAAAAAAQAAAQ.jpg,0,209,44
A_vKhxQLRWwhkAAAAAAAAAAAAAAQAAAQ.jpg,ysnTdNgkTQ2KcesYGinCrgAAACMAARAD.jpg,0,252,132
A_S4LDTLYmuK0AAAAAAAAAAAAAAQAAAQ.jpg,A_-bFhSYWyHW8AAAAAAAAAAAAAAQAAAQ.jpg,0,36,108
A_qbU3SpMKod4AAAAAAAAAAAAAAQAAAQ.jpg,A_OxUmQoSZMqwAAAAAAAAAAAAAAQAAAQ.jpg,0,240,230
A_Hp9BSaTeieAAAAAAAAAAAAAAAQAAAQ.jpg,A_7OgCTLT7J9AAAAAAAAAAAAAAAQAAAQ.jpg,0,29,2
ORZnfTwMTGmDKW-_9Zm_cAAAACMAARAD.jpg,A_xteZTaHHkAYAAAAAAAAAAAAAAQAAAQ.jpg,0,348,205
A_KtrxQJE_sIMAAAAAAAAAAAAAAQAAAQ.jpg,A_1BkkT5s3pZkAAAAAAAAAAAAAAQAAAQ.jpg,0,33,304
frarTD7lTOqgeRc7RMPqNQAAACMAARAD.jpg,zusOFo_RSsqRAqtrfJ1fEgAAACMAARAD.jpg,0,188,348
zGfOrLgJRWq4z48tv9EHeQAAACMAARAD.jpg,A_T5AVSb-PcwMAAAAAAAAAAAAAAQAAAQ.jpg,0,155,98
A_CfJDTJ9aiOAAAAAAAAAAAAAAAQAAAQ.jpg,A_JJxfRa1-EmUAAAAAAAAAAAAAAQAAAQ.jpg,0,121,74
A_juPfTZQWNPEAAAAAAAAAAAAAAQAAAQ.jpg,A_vAl2Q52NU9MAAAAAAAAAAAAAAQAAAQ.jpg,0,30,340
A_KQwhSbAW-YwAAAAAAAAAAAAAAQAAAQ.jpg,A_nwlKT4igLyQAAAAAAAAAAAAAAQAAAQ.jpg,0,195,37
A_MwufRZG5iJ8AAAAAAAAAAAAAAQAAAQ.jpg,A_-mntSLpmrZwAAAAAAAAAAAAAAQAAAQ.jpg,0,236,149
C5W99xn9Rpmnq-8QffgzswAAACMAARAD.jpg,A_FEs-Ro6DnjoAAAAAAAAAAAAAAQAAAQ.jpg,0,120,267
gpZWgwFPRP-Iq02OHwMZPgAAACMAARAD.jpg,A_YaJOSrbcB5YAAAAAAAAAAAAAAQAAAQ.jpg,0,52,181
A_mbl_QJe6wqwAAAAAAAAAAAAAAQAAAQ.jpg,A_vAl2Q52NU9MAAAAAAAAAAAAAAQAAAQ.jpg,0,168,340
IvmXxLWaQd-LKBYjjNz-zwAAACMAARAD.jpg,ysnTdNgkTQ2KcesYGinCrgAAACMAARAD.jpg,0,315,132
A_7zNRSYbqsoAAAAAAAAAAAAAAAQAAAQ.jpg,A_acoIRKkS4KMAAAAAAAAAAAAAAQAAAQ.jpg,0,130,336
A_g55DSKHkNDkAAAAAAAAAAAAAAQAAAQ.jpg,A_a-RNSrOUV5IAAAAAAAAAAAAAAQAAAQ.jpg,0,137,296
A_M6rDSaJqguwAAAAAAAAAAAAAAQAAAQ.jpg,YKrsyS6qRZ-rCTySE0CuoAAAACMAARAD.jpg,0,25,107
A_D6LoTIKJagkAAAAAAAAAAAAAAQAAAQ.jpg,dNTm6a6ZQU-tMrEpqKmLXwAAACMAARAD.jpg,0,77,56
A_aMDbQ5OmVQ4AAAAAAAAAAAAAAQAAAQ.jpg,A_xTY-S4O2kyYAAAAAAAAAAAAAAQAAAQ.jpg,0,95,333
A_Ieo9SKFx2U0AAAAAAAAAAAAAAQAAAQ.jpg,-6WHQxGYR3ej96FqYNv-hAAAACMAARAD.jpg,0,82,208
A_Oa8eT5Wc8OgAAAAAAAAAAAAAAQAAAQ.jpg,elFmGazMSCiTA9cBKwcuMwAAACMAARAD.jpg,0,113,327
A_SbRDQbZ63xkAAAAAAAAAAAAAAQAAAQ.jpg,A_1cY0SJWiw2gAAAAAAAAAAAAAAQAAAQ.jpg,0,78,249
A_8vypTI74gzgAAAAAAAAAAAAAAQAAAQ.jpg,A_B17tQL9G7GBxlR5AvcHBegAAAQAAAQ.jpg,0,295,331
A_CRqJQKCtnOMAAAAAAAAAAAAAAQAAAQ.jpg,A_8jMWRbavcW0AAAAAAAAAAAAAAQAAAQ.jpg,0,341,287
5tv9hCixSeCiHja6EI7b6AAAACMAARAD.jpg,bSowLH_QSz-W1UMpKjz0owAAACMAARAD.jpg,0,120,315
A_EgytQoIRmCEAAAAAAAAAAAAAAQAAAQ.jpg,A_9SxdQYnmGb8AAAAAAAAAAAAAAQAAAQ.jpg,0,343,259
A_Y6qGQYFvMP0AAAAAAAAAAAAAAQAAAQ.jpg,A_19KTRKsU1bgAAAAAAAAAAAAAAQAAAQ.jpg,0,138,59
A_W2IxTrShf0MAAAAAAAAAAAAAAQAAAQ.jpg,A_sfE-TqYrEMMAAAAAAAAAAAAAAQAAAQ.jpg,0,334,93
A_s6NBRJVoqogAAAAAAAAAAAAAAQAAAQ.jpg,A_rMDcQZ59WB8AAAAAAAAAAAAAAQAAAQ.jpg,0,228,97
A_VPDvSqwWeHQAAAAAAAAAAAAAAQAAAQ.jpg,A_mFi6TLRxJ9cAAAAAAAAAAAAAAQAAAQ.jpg,0,287,144
A_izqHSKPN0SsAAAAAAAAAAAAAAQAAAQ.jpg,A_JDCBRYXWhPEAAAAAAAAAAAAAAQAAAQ.jpg,0,281,320
7B--srC_TKKKH1ccdVhHJQAAACMAARAD.jpg,A_jejVTopHAJoAAAAAAAAAAAAAAQAAAQ.jpg,0,6,194
A_SyljToXBtGgAAAAAAAAAAAAAAQAAAQ.jpg,A_HngbSJVJVYUAAAAAAAAAAAAAAQAAAQ.jpg,0,88,112
A_5QphQrKDPQgAAAAAAAAAAAAAAQAAAQ.jpg,A_gCrJTKWF4KgAAAAAAAAAAAAAAQAAAQ.jpg,0,285,117
A_8yHrSI9wXtsAAAAAAAAAAAAAAQAAAQ.jpg,A_RDX7SYBqMVwAAAAAAAAAAAAAAQAAAQ.jpg,0,334,41
8fDO2NZcTqetpeRD2liw8gAAACMAARAD.jpg,A_7FcUTJfZ-EEAAAAAAAAAAAAAAQAAAQ.jpg,0,190,200
A_FeBCQrUGfIcAAAAAAAAAAAAAAQAAAQ.jpg,A_zIdqT5wAadAAAAAAAAAAAAAAAQAAAQ.jpg,0,272,297
A_HngbSJVJVYUAAAAAAAAAAAAAAQAAAQ.jpg,A_FZxTQJDVbkYAAAAAAAAAAAAAAQAAAQ.jpg,0,112,289
A_9TXZTICb-ssAAAAAAAAAAAAAAQAAAQ.jpg,A_4rz3RZuMxDMAAAAAAAAAAAAAAQAAAQ.jpg,0,189,165
A_gyLzR4cxZpIAAAAAAAAAAAAAAQAAAQ.jpg,A_PXh2Q7BkVC0AAAAAAAAAAAAAAQAAAQ.jpg,0,274,122
A_2wBqTpzmeL3VldlEs7raLQAAAQAAAQ.jpg,A_mbl_QJe6wqwAAAAAAAAAAAAAAQAAAQ.jpg,0,49,168
A_PLpYQbchnYsAAAAAAAAAAAAAAQAAAQ.jpg,A_zz-aSZh8rzMAAAAAAAAAAAAAAQAAAQ.jpg,0,7,127
A_UHv6TJv2h5cAAAAAAAAAAAAAAQAAAQ.jpg,A__V74SLTYzbMAAAAAAAAAAAAAAQAAAQ.jpg,0,283,268
A_a5OsTbYWWVQAAAAAAAAAAAAAAQAAAQ.jpg,9OMvA3NtSGCRN6ymcLH-cAAAACMAARAD.jpg,0,137,323
46wgkuZZT6eVVCnVPQgrpgAAACMAARAD.jpg,A_GN8FS4YXEKMAAAAAAAAAAAAAAQAAAQ.jpg,0,327,82
6g8v5a03RwKTmcG_80RgNwAAACMAARED.jpg,bcn92ETmR3OJk3KR9IsmiQAAACMAARAD.jpg,0,321,307
A_wMMDQIdbntYAAAAAAAAAAAAAAQAAAQ.jpg,tQd1XCVwSy27_2CRPo0NAAAAACMAARAD.jpg,0,63,109
A_AuorQ4yCMh0AAAAAAAAAAAAAAQAAAQ.jpg,A_bjTUS6o38jQAAAAAAAAAAAAAAQAAAQ.jpg,0,161,103
A_Ysu4QqIqPYkAAAAAAAAAAAAAAQAAAQ.jpg,A_wSWmTr7_FucAAAAAAAAAAAAAAQAAAQ.jpg,0,333,302
A_plIEQ4aQaFEAAAAAAAAAAAAAAQAAAQ.jpg,Sz6t1kxuSjqrB9PpBED6oAAAACMAARED.jpg,0,349,54
A_m8sWQpOHV-EAAAAAAAAAAAAAAQAAAQ.jpg,A_KQwhSbAW-YwAAAAAAAAAAAAAAQAAAQ.jpg,0,25,195
CsysDwi5QjeJ03Wvg2F9SAAAACMAARAD.jpg,A_-mntSLpmrZwAAAAAAAAAAAAAAQAAAQ.jpg,0,99,149
A_qWCCR7R42PUAAAAAAAAAAAAAAQAAAQ.jpg,A_KtrxQJE_sIMAAAAAAAAAAAAAAQAAAQ.jpg,0,288,33
A_vxNlQoSOcesAAAAAAAAAAAAAAQAAAQ.jpg,A_MtxfT4wtikgAAAAAAAAAAAAAAQAAAQ.jpg,0,23,286
M00cOfTlQD-7SbSDoVEZiwAAACMAARAD.jpg,A_ZLTNQ5wA3ncNnJxCvdxuZQAAAQAAAQ.jpg,0,323,63
A_LWb7SL9pX8IAAAAAAAAAAAAAAQAAAQ.jpg,A__OQTR7tlKikAAAAAAAAAAAAAAQAAAQ.jpg,0,98,215
A_B70bT5SypHUAAAAAAAAAAAAAAQAAAQ.jpg,A_EkWETZHkU5kAAAAAAAAAAAAAAQAAAQ.jpg,0,55,212
t7OjT-JkTe-fdqtZnMC8oAAAACMAARAD.jpg,A_ACH-Ta-cq-oAAAAAAAAAAAAAAQAAAQ.jpg,0,129,340
A_00INR7szioMAAAAAAAAAAAAAAQAAAQ.jpg,A_m2BwRaFdErIAAAAAAAAAAAAAAQAAAQ.jpg,0,89,182
s-goRr4zRqihodt8c49wvwAAACMAARAD.jpg,A_WIkoSofHxNkAAAAAAAAAAAAAAQAAAQ.jpg,0,174,67
A_IeYUSZHnPzOciWNLuhXRvwAAAQAAAQ.jpg,A_ytOxT7NilIsAAAAAAAAAAAAAAQAAAQ.jpg,0,96,244
A_WNgORoRRamAAAAAAAAAAAAAAAQAAAQ.jpg,A_1WHrSb70BwYAAAAAAAAAAAAAAQAAAQ.jpg,0,141,347
A_UIM0T5DUSJMAAAAAAAAAAAAAAQAAAQ.jpg,qvyQGoFhTm69RSHS-41E9QAAACMAARAD.jpg,0,24,209
A_dI4zSai8yk8AAAAAAAAAAAAAAQAAAQ.jpg,A_I-uhS4pzzngAAAAAAAAAAAAAAQAAAQ.jpg,0,221,260
A__UAoQbHt2SIAAAAAAAAAAAAAAQAAAQ.jpg,A_7z2dSpjqRhsAAAAAAAAAAAAAAQAAAQ.jpg,0,111,302
A_puDYQoa6ZyAAAAAAAAAAAAAAAQAAAQ.jpg,A_SBeaQLvJMpwAAAAAAAAAAAAAAQAAAQ.jpg,0,160,225
A_HXWXTZxti_gAAAAAAAAAAAAAAQAAAQ.jpg,A_0fKgSYxegzcAAAAAAAAAAAAAAQAAAQ.jpg,0,311,26
Nr4fpTnSRWGdwsellE27SQAAACMAARAD.jpg,A_wOfbQoNWSAQAAAAAAAAAAAAAAQAAAQ.jpg,0,71,2
A_MtxfT4wtikgAAAAAAAAAAAAAAQAAAQ.jpg,A_DkWtQphhpucAAAAAAAAAAAAAAQAAAQ.jpg,0,286,195
A_Hn4STI9pSQMAAAAAAAAAAAAAAQAAAQ.jpg,6g8v5a03RwKTmcG_80RgNwAAACMAARED.jpg,0,40,321
A_D9w_QbDG9s4AAAAAAAAAAAAAAQAAAQ.jpg,A_fXp1S7xHV6YAAAAAAAAAAAAAAQAAAQ.jpg,0,26,106
A_Q8HDR58ZuAwAAAAAAAAAAAAAAQAAAQ.jpg,A_sUiCS7uVW54AAAAAAAAAAAAAAQAAAQ.jpg,0,251,227
A_Hn4STI9pSQMAAAAAAAAAAAAAAQAAAQ.jpg,A_4OAEQbtm3HIAAAAAAAAAAAAAAQAAAQ.jpg,0,40,12
A_WFX-R60X0GEAAAAAAAAAAAAAAQAAAQ.jpg,A_BM-IS64L6owAAAAAAAAAAAAAAQAAAQ.jpg,0,62,332
A_CJEPQZwY7_IAAAAAAAAAAAAAAQAAAQ.jpg,A_048mQIy0UMoAAAAAAAAAAAAAAQAAAQ.jpg,0,191,223
A_wmoBRoo-T8IAAAAAAAAAAAAAAQAAAQ.jpg,A_l7TnSbKoau8AAAAAAAAAAAAAAQAAAQ.jpg,0,279,40
A_1AcjS7HMufYAAAAAAAAAAAAAAQAAAQ.jpg,A_BbMtSbuC4rkAAAAAAAAAAAAAAQAAAQ.jpg,0,189,259
A_a-RNSrOUV5IAAAAAAAAAAAAAAQAAAQ.jpg,A_-gLFTpM2eMUAAAAAAAAAAAAAAQAAAQ.jpg,0,296,81
A_j_V4R55jT3AAAAAAAAAAAAAAAQAAAQ.jpg,A_sEMKS4Zum5UAAAAAAAAAAAAAAQAAAQ.jpg,0,96,273
A_9T8iRZsNnOoAAAAAAAAAAAAAAQAAAQ.jpg,A_UBFIRp0LaJAAAAAAAAAAAAAAAQAAAQ.jpg,0,91,199
A_Uga7SbOpyY0AAAAAAAAAAAAAAQAAAQ.jpg,A_vjMsQZpQaTkAAAAAAAAAAAAAAQAAAQ.jpg,0,69,133
O1CN01i3vtpY1iOA4ELUKNq_!!0-mtopupload.jpg,OjXGrQwIRLe0jn5ENTl1XwAAACMAARAD.jpg,0,22,291
A_GBRjRJz7PoIAAAAAAAAAAAAAAQAAAQ.jpg,A_aMDbQ5OmVQ4AAAAAAAAAAAAAAQAAAQ.jpg,0,324,95
A_aKs_R7ladhcAAAAAAAAAAAAAAQAAAQ.jpg,A_50hVQpJOh38AAAAAAAAAAAAAAQAAAQ.jpg,0,69,333
XX6adT1pTv6LJ-Njrj_c1wAAACMAARAD.jpg,A_cKTpQK7jeCMAAAAAAAAAAAAAAQAAAQ.jpg,0,219,143
gpZWgwFPRP-Iq02OHwMZPgAAACMAARAD.jpg,A_lfw2QZuTKukAAAAAAAAAAAAAAQAAAQ.jpg,0,52,217
A_WgcxSLmAZ9YAAAAAAAAAAAAAAQAAAQ.jpg,A_q3_rR6k-lYMAAAAAAAAAAAAAAQAAAQ.jpg,0,15,245
eVAexCuGQ-2ZHt6vXBAIlwAAACMAARAD.jpg,jV3ehro-TYitsrnBzUlcVgAAACMAARAD.jpg,0,219,120
A_cdBQTbPmNRcAAAAAAAAAAAAAAQAAAQ.jpg,A_pGC9TI631dMAAAAAAAAAAAAAAQAAAQ.jpg,0,154,74
A_Uga7SbOpyY0AAAAAAAAAAAAAAQAAAQ.jpg,A_D5vXRpubIH4AAAAAAAAAAAAAAQAAAQ.jpg,0,69,154
A_0-ELRoJDoOAAAAAAAAAAAAAAAQAAAQ.jpg,ZyHG3kTpSISXJaNBidsZFQAAACMAARAD.jpg,0,160,238
A_s-BYTbC6hKgAAAAAAAAAAAAAAQAAAQ.jpg,I-4jbqVlSyeXyWm3u8uXGQAAACMAARAD.jpg,0,162,56
A_JzxkRq5CL7UAAAAAAAAAAAAAAQAAAQ.jpg,A_SXh7Qo_BhxkAAAAAAAAAAAAAAQAAAQ.jpg,0,216,292
A_B17tQL9G7GAAAAAAAAAAAAAAAQAAAQ.jpg,A_hdpuRLEj1idQCwdMtulO4QAAAQAAAQ.jpg,0,331,326
A_n4mzQqZYsskAAAAAAAAAAAAAAQAAAQ.jpg,aa7CED-ZTiSSG_-WFIoMkwAAACMAARAD.jpg,0,131,166
A_l_WDRZSqqCQAAAAAAAAAAAAAAQAAAQ.jpg,A_p05OT6oYxSoAAAAAAAAAAAAAAQAAAQ.jpg,0,1,11
A_cKTpQK7jeCMAAAAAAAAAAAAAAQAAAQ.jpg,A_rGSuTZXVuRUGn2pDh9p9vgAAAQAAAQ.jpg,0,143,2
A_aDWaRJ0Cte4AAAAAAAAAAAAAAQAAAQ.jpg,dGG2aRuKRkqEOETt9YkP4gAAACMAARAD.jpg,0,200,282
A_wNo8Squ-ZpAAAAAAAAAAAAAAAQAAAQ.jpg,A_q3NGSb8R88wAAAAAAAAAAAAAAQAAAQ.jpg,0,8,253
A_I5KDRLmGgB8AAAAAAAAAAAAAAQAAAQ.jpg,A_Db7ZTbup1uwAAAAAAAAAAAAAAQAAAQ.jpg,0,296,254
4mdzWDyRQ82GuQWRmzSQBQAAACMAARAD.jpg,A_qK0OTL76_bMAAAAAAAAAAAAAAQAAAQ.jpg,0,186,21
A_kKmNR65xnvsAAAAAAAAAAAAAAQAAAQ.jpg,A_KNPtSqaKcSkAAAAAAAAAAAAAAQAAAQ.jpg,0,195,18
w9YQq4_NScePMhUzHiU7ugAAACMAARAD.jpg,A_yuLVT43MzcgAAAAAAAAAAAAAAQAAAQ.jpg,0,166,167
A_mHpGR5oYn_kAAAAAAAAAAAAAAQAAAQ.jpg,A2fZWAEeTfWyTqA6MlIezgAAACMAARAD.jpg,0,320,164
A_GsfXSomQxTQAAAAAAAAAAAAAAQAAAQ.jpg,A_wbFXSqEkpSMAAAAAAAAAAAAAAQAAAQ.jpg,0,201,133
A_w8x7SaCEWdkAAAAAAAAAAAAAAQAAAQ.jpg,A_8SMFQ4ABOP4AAAAAAAAAAAAAAQAAAQ.jpg,0,58,78
A_SbRDQbZ63xkAAAAAAAAAAAAAAQAAAQ.jpg,B4vLF17OQ7iz0JDSOsJBYwAAACMAARAD.jpg,0,78,71
A_8g2uSoogj9AAAAAAAAAAAAAAAQAAAQ.jpg,A_jjT_Q5XInXYAAAAAAAAAAAAAAQAAAQ.jpg,0,322,92
dGG2aRuKRkqEOETt9YkP4gAAACMAARAD.jpg,A_41GqSJs5RO4AAAAAAAAAAAAAAQAAAQ.jpg,0,282,265
A_lPjNSaZ7r9wAAAAAAAAAAAAAAQAAAQ.jpg,A_KXFaQ7PvD3gAAAAAAAAAAAAAAQAAAQ.jpg,0,333,169
gssR255rQKW-hXQD0Y7E_AAAACMAARAD.jpg,A_EVAPRrwpj30AAAAAAAAAAAAAAQAAAQ.jpg,0,120,46
A_rZkOR6rZ9rgAAAAAAAAAAAAAAQAAAQ.jpg,A_mcPlS6cWS-wAAAAAAAAAAAAAAQAAAQ.jpg,0,73,55
9OMvA3NtSGCRN6ymcLH-cAAAACMAARAD.jpg,A_r5lyTqEh9NQAAAAAAAAAAAAAAQAAAQ.jpg,0,323,170
A_K3lrQrI1-gIAAAAAAAAAAAAAAQAAAQ.jpg,A_X-X-Tq1BLFsAAAAAAAAAAAAAAQAAAQ.jpg,0,334,42
A_y6yGT6qZ-m4AAAAAAAAAAAAAAQAAAQ.jpg,RJaJONp-R9-6Wg29qPh_MQAAACMAARAD.jpg,0,103,348
A_TneoSKTv7UkAAAAAAAAAAAAAAQAAAQ.jpg,A_MjewSKBgq9EAAAAAAAAAAAAAAQAAAQ.jpg,0,223,5
A_xvAiTaIgyiIAAAAAAAAAAAAAAQAAAQ.jpg,A_5JaUS5e0nHAAAAAAAAAAAAAAAQAAAQ.jpg,0,154,204
W2GbcBOXQ8S9PGJqLQppPQAAACMAARED.jpg,A_CC3tRqsji7gAAAAAAAAAAAAAAQAAAQ.jpg,0,209,234
B4vLF17OQ7iz0JDSOsJBYwAAACMAARAD.jpg,A_KxBVRZ_49dEAAAAAAAAAAAAAAQAAAQ.jpg,0,71,176
A_4COnRIftFtkAAAAAAAAAAAAAAQAAAQ.jpg,A_mbl_QJe6wqwAAAAAAAAAAAAAAQAAAQ.jpg,0,104,168
VExaZWAxSUuI3YKpQvrnIgAAACMAARAD.jpg,A_JFf0QpMDxLUAAAAAAAAAAAAAAQAAAQ.jpg,0,190,178
A_tiodTJuNpegAAAAAAAAAAAAAAQAAAQ.jpg,A_2DA2SZLf5vEAAAAAAAAAAAAAAQAAAQ.jpg,0,252,24
A_DNjCS6LPySIAAAAAAAAAAAAAAQAAAQ.jpg,A_FbS7RJkTRPMAAAAAAAAAAAAAAQAAAQ.jpg,0,272,99
A_zOObQob7uGMAAAAAAAAAAAAAAQAAAQ.jpg,A_T2lFRJy5a2gAAAAAAAAAAAAAAQAAAQ.jpg,0,65,28
A_j_V4R55jT3AAAAAAAAAAAAAAAQAAAQ.jpg,A_CKcESIEZPPsAAAAAAAAAAAAAAQAAAQ.jpg,0,96,198
A_aDKBQ7mM76cAAAAAAAAAAAAAAQAAAQ.jpg,A_hZtcTJN4JNsAAAAAAAAAAAAAAQAAAQ.jpg,0,256,271
A_EVAPRrwpj30AAAAAAAAAAAAAAQAAAQ.jpg,A_ItmHSrXG59IAAAAAAAAAAAAAAQAAAQ.jpg,0,46,179
4AGq8NKSRuOp1uokfOiJnwAAACMAARAD.jpg,A_SBeaQLvJMpwAAAAAAAAAAAAAAQAAAQ.jpg,0,52,225
A_nec0R4X7desAAAAAAAAAAAAAAQAAAQ.jpg,A_0Z_BTJTyxrUAAAAAAAAAAAAAAQAAAQ.jpg,0,189,135
A_GWDtRJ-PEYIAAAAAAAAAAAAAAQAAAQ.jpg,A_usXqRrG0zfAAAAAAAAAAAAAAAQAAAQ.jpg,0,142,88
A_cKTpQK7jeCMAAAAAAAAAAAAAAQAAAQ.jpg,A_PD58S5qjNQoAAAAAAAAAAAAAAQAAAQ.jpg,0,143,262
A_92iARaRRPR8AAAAAAAAAAAAAAQAAAQ.jpg,_YxN02DfQ7OUYkwftQP0QQAAACMAARAD.jpg,0,84,166
A_5aAtRZYw7_wAAAAAAAAAAAAAAQAAAQ.jpg,A_zMhHRKUhSuE7jzBNqjIYmQAAAQAAAQ.jpg,0,51,148
A_00wGQ6p8j_UAAAAAAAAAAAAAAQAAAQ.jpg,A_wpTZRJrKEPsAAAAAAAAAAAAAAQAAAQ.jpg,0,214,38
A_CHCqQrj2mVQAAAAAAAAAAAAAAQAAAQ.jpg,p_poUnC6T06GTFnucmRJSwAAACMAARAD.jpg,0,303,307
A_izLaT4q7z-8AAAAAAAAAAAAAAQAAAQ.jpg,A_ZovJRIoln2wAAAAAAAAAAAAAAQAAAQ.jpg,0,160,47
A_y8PMQofn1wsAAAAAAAAAAAAAAQAAAQ.jpg,A_5zUtS5frsf4AAAAAAAAAAAAAAQAAAQ.jpg,0,244,148
A_nwlKT4igLyQAAAAAAAAAAAAAAQAAAQ.jpg,A__V74SLTYzbMAAAAAAAAAAAAAAQAAAQ.jpg,0,37,268
A_Wa5hTLtdsh8AAAAAAAAAAAAAAQAAAQ.jpg,A_I4uaQKtPPhAAAAAAAAAAAAAAAQAAAQ.jpg,0,224,329
A_D6LoTIKJagkAAAAAAAAAAAAAAQAAAQ.jpg,oAlUaNt0SoOd1pDlZebq6QAAACMAARAD.jpg,0,77,327
2d-0eWw0TDKv5kSoh012ogAAACMAARAD.jpg,A_YQOgTaaY1XgAAAAAAAAAAAAAAQAAAQ.jpg,0,316,60
A_uqQZTalXwHYAAAAAAAAAAAAAAQAAAQ.jpg,A_EvDCT75_gY4AAAAAAAAAAAAAAQAAAQ.jpg,0,301,57
A_7Rs9Q46XFoAAAAAAAAAAAAAAAQAAAQ.jpg,A_hV6oRqWGM8sAAAAAAAAAAAAAAQAAAQ.jpg,0,92,329
A_gCrJTKWF4KgAAAAAAAAAAAAAAQAAAQ.jpg,A_BH18R5ERvpkAAAAAAAAAAAAAAQAAAQ.jpg,0,117,198
A_juPfTZQWNPEAAAAAAAAAAAAAAQAAAQ.jpg,A__euTTbzk1_QAAAAAAAAAAAAAAQAAAQ.jpg,0,30,210
CGF0IrWnSRGBFZV0QP-bbAAAACMAARAD.jpg,A_Xrx1SIEgz8YAAAAAAAAAAAAAAQAAAQ.jpg,0,219,206
A_HCX2Trvkdz8AAAAAAAAAAAAAAQAAAQ.jpg,A_l-VLRK4I89oAAAAAAAAAAAAAAQAAAQ.jpg,0,103,31
A_QQwbSY54pOsAAAAAAAAAAAAAAQAAAQ.jpg,A_ryBhQJmZFnUAAAAAAAAAAAAAAQAAAQ.jpg,0,48,267
A_SJTyRbZbs-8AAAAAAAAAAAAAAQAAAQ.jpg,aa7CED-ZTiSSG_-WFIoMkwAAACMAARAD.jpg,0,149,166
A2fZWAEeTfWyTqA6MlIezgAAACMAARAD.jpg,A_LUkoSJrXkSUAAAAAAAAAAAAAAQAAAQ.jpg,0,164,17
A_9f9RQYMEDW8AAAAAAAAAAAAAAQAAAQ.jpg,A_wrCkQIW0mVgAAAAAAAAAAAAAAQAAAQ.jpg,0,338,86
A_VVyqSqssGX8AAAAAAAAAAAAAAQAAAQ.jpg,A_2DA2SZLf5vEAAAAAAAAAAAAAAQAAAQ.jpg,0,110,24
A_yrFZSaXtfAEAAAAAAAAAAAAAAQAAAQ.jpg,A_jKAHQ6HeOiMAAAAAAAAAAAAAAQAAAQ.jpg,0,162,285
tJDuEYiaTTSKF7b-QNnRbgAAACMAARAD.jpg,A_SbRDQbZ63xkAAAAAAAAAAAAAAQAAAQ.jpg,0,107,78
A_6aJ8Sa2FS-YAAAAAAAAAAAAAAQAAAQ.jpg,qt9ydc-FTHqABlnv0E338AAAACMAARAD.jpg,0,317,150
A_k6J1RpHE-uEAAAAAAAAAAAAAAQAAAQ.jpg,jV3ehro-TYitsrnBzUlcVgAAACMAARAD.jpg,0,131,120
AxQOGcN4RkCPWfcMhYgBuQAAACMAARAD.jpg,A_CRqJQKCtnOMAAAAAAAAAAAAAAQAAAQ.jpg,0,307,341
A_g3YhTbvJ9A8AAAAAAAAAAAAAAQAAAQ.jpg,Xep9PWi-TnyRkBu-1lOpugAAACMAARAD.jpg,0,198,150
A_Kg8hQIvTubMAAAAAAAAAAAAAAQAAAQ.jpg,A_VVyqSqssGX8AAAAAAAAAAAAAAQAAAQ.jpg,0,144,110
A_7zpaTrXCE1sAAAAAAAAAAAAAAQAAAQ.jpg,A_TgAqQpXQPWgAAAAAAAAAAAAAAQAAAQ.jpg,0,288,139
A_Mxe5T4Zt64cAAAAAAAAAAAAAAQAAAQ.jpg,A_rdsOTar7H-kAAAAAAAAAAAAAAQAAAQ.jpg,0,237,46
A_h8ycS56cyH0AAAAAAAAAAAAAAQAAAQ.jpg,A_wbFXSqEkpSMAAAAAAAAAAAAAAQAAAQ.jpg,0,11,133
A_P3qUR6v9jfsAAAAAAAAAAAAAAQAAAQ.jpg,gioGl7mwSCab39gMX8ARnAAAACMAARAD.jpg,0,204,177
A_Wa5hTLtdsh8AAAAAAAAAAAAAAQAAAQ.jpg,eVAexCuGQ-2ZHt6vXBAIlwAAACMAARAD.jpg,0,224,219
A_StpkT6djYVMAAAAAAAAAAAAAAQAAAQ.jpg,A__OQTR7tlKikAAAAAAAAAAAAAAQAAAQ.jpg,0,213,215
A_EtEwQb8aGLUAAAAAAAAAAAAAAQAAAQ.jpg,A_SqQTTY_3jwUAAAAAAAAAAAAAAQAAAQ.jpg,0,46,84
A_S1K7SaRCgmsAAAAAAAAAAAAAAQAAAQ.jpg,A_88GIR4a9ssoAAAAAAAAAAAAAAQAAAQ.jpg,0,111,266
A_-ZsZRYceA08AAAAAAAAAAAAAAQAAAQ.jpg,A_ceTJQKFD4CcAAAAAAAAAAAAAAQAAAQ.jpg,0,96,277
A_7OgCTLT7J9AAAAAAAAAAAAAAAQAAAQ.jpg,A__iBTRLnSgRsAAAAAAAAAAAAAAQAAAQ.jpg,0,2,308
hL3x2UFYTb-fOuBIwUKJMAAAACMAARED.jpg,A_aKs_R7ladhcAAAAAAAAAAAAAAQAAAQ.jpg,0,128,69
A_iTDeS5OoNC4AAAAAAAAAAAAAAQAAAQ.jpg,A_r0rxRqzUNowAAAAAAAAAAAAAAQAAAQ.jpg,0,328,241
A_1AcjS7HMufYAAAAAAAAAAAAAAQAAAQ.jpg,A_yBncQYqQkt4AAAAAAAAAAAAAAQAAAQ.jpg,0,189,250
A_4vgZSoQuhPgAAAAAAAAAAAAAAQAAAQ.jpg,A_BTUkT4Eo6pQAAAAAAAAAAAAAAQAAAQ.jpg,0,294,266
J9zK50Y5RvujoRzPnQkXBAAAACMAARAD.jpg,A_MVpnTJIllNYAAAAAAAAAAAAAAQAAAQ.jpg,0,349,51
A_tB9JQ6SKjKYAAAAAAAAAAAAAAQAAAQ.jpg,A_2f4ZRqel34oAAAAAAAAAAAAAAQAAAQ.jpg,0,201,33
A_mwutT7LdQ9IAAAAAAAAAAAAAAQAAAQ.jpg,A_AKdFRp5BRZYAAAAAAAAAAAAAAQAAAQ.jpg,0,110,162
A_BM-IS64L6owAAAAAAAAAAAAAAQAAAQ.jpg,A_O-HYQbAzM04AAAAAAAAAAAAAAQAAAQ.jpg,0,332,61
A_juPfTZQWNPEAAAAAAAAAAAAAAQAAAQ.jpg,A_AKdFRp5BRZYAAAAAAAAAAAAAAQAAAQ.jpg,0,30,162
A_wMMDQIdbntYV1_RPvr7IlAAAAQAAAQ.jpg,A_wOfbQoNWSAQAAAAAAAAAAAAAAQAAAQ.jpg,0,63,2
A_IeYBSaupD3QAAAAAAAAAAAAAAQAAAQ.jpg,A_SXh7Qo_BhxkAAAAAAAAAAAAAAQAAAQ.jpg,0,75,292
A_dx0gTp9A5A0AAAAAAAAAAAAAAQAAAQ.jpg,FzycvDuPSGu-ef2sruqE3wAAACMAARAD.jpg,0,105,150
A_h4c5Sad3a7IAAAAAAAAAAAAAAQAAAQ.jpg,A_LaJXSLgvcWAAAAAAAAAAAAAAAQAAAQ.jpg,0,40,185
A_-iZQTKAWibIAAAAAAAAAAAAAAQAAAQ.jpg,A_CJEPQZwY7_IAAAAAAAAAAAAAAQAAAQ.jpg,0,230,191
A_m30KQICzj5QAAAAAAAAAAAAAAQAAAQ.jpg,A__-5CSqwIXuQAAAAAAAAAAAAAAQAAAQ.jpg,0,332,255
A_mbdXS47FykQAAAAAAAAAAAAAAQAAAQ.jpg,A_0GHaQ5v1mnFBBtxPokPDawAAAQAAAQ.jpg,0,252,64
WpudhUmPQtCbPSRoq9BnHgAAACMAARAD.jpg,A_CHCqQrj2mVQAAAAAAAAAAAAAAQAAAQ.jpg,0,20,303
A_qA51SrJMwRIAAAAAAAAAAAAAAQAAAQ.jpg,uwbM_KZaT4WXCQZJ66Ib_QAAACMAARAD.jpg,0,222,192
A_PXh2Q7BkVC0AAAAAAAAAAAAAAQAAAQ.jpg,A_UHv6TJv2h5cAAAAAAAAAAAAAAQAAAQ.jpg,0,122,283
A_6xKYQ5BLeRAAAAAAAAAAAAAAAQAAAQ.jpg,A_fXp1S7xHV6YAAAAAAAAAAAAAAQAAAQ.jpg,0,80,106
A_1WHrSb70BwYAAAAAAAAAAAAAAQAAAQ.jpg,wlvKhmPsRnuzCvy0hg9dSQAAACMAARAD.jpg,0,347,282
A_Ka1IRZhFoOoAAAAAAAAAAAAAAQAAAQ.jpg,A_uzHRSJ5nN_cAAAAAAAAAAAAAAQAAAQ.jpg,0,125,335
A_oTz0Q6Q2sBMAAAAAAAAAAAAAAQAAAQ.jpg,A_yFmGSo2bp-cAAAAAAAAAAAAAAQAAAQ.jpg,0,76,248
A_LaJXSLgvcWAAAAAAAAAAAAAAAQAAAQ.jpg,A_YrcgQoK0NyIAAAAAAAAAAAAAAQAAAQ.jpg,0,185,215
7B--srC_TKKKH1ccdVhHJQAAACMAARAD.jpg,A_W-HLSo2GkJIAAAAAAAAAAAAAAQAAAQ.jpg,0,6,64
A_gyLzR4cxZpIAAAAAAAAAAAAAAQAAAQ.jpg,A_6xTOT6mkZzUAAAAAAAAAAAAAAQAAAQ.jpg,0,274,7
A_TgAqQpXQPWgAAAAAAAAAAAAAAQAAAQ.jpg,A_HngbSJVJVYUAAAAAAAAAAAAAAQAAAQ.jpg,0,139,112
A_f7WbRLWc904AAAAAAAAAAAAAAQAAAQ.jpg,YKrsyS6qRZ-rCTySE0CuoAAAACMAARAD.jpg,0,142,107
A_FOIbSaYkQ0MAAAAAAAAAAAAAAQAAAQ.jpg,A_4uZrQJsALPQAAAAAAAAAAAAAAQAAAQ.jpg,0,80,135
A_6xKYQ5BLeRAAAAAAAAAAAAAAAQAAAQ.jpg,A_tiodTJuNpegAAAAAAAAAAAAAAQAAAQ.jpg,0,80,252
A_Kz9WTLtYMqQAAAAAAAAAAAAAAQAAAQ.jpg,A_lXDEQaoW4GsAAAAAAAAAAAAAAQAAAQ.jpg,0,25,125
A__2g8SIdev1YAAAAAAAAAAAAAAQAAAQ.jpg,A_0xRaQ4mC4A0AAAAAAAAAAAAAAQAAAQ.jpg,0,153,332
A_eUwvR77C5UwAAAAAAAAAAAAAAQAAAQ.jpg,A_juPfTZQWNPEAAAAAAAAAAAAAAQAAAQ.jpg,0,65,30
zusOFo_RSsqRAqtrfJ1fEgAAACMAARAD.jpg,A_g9LKSo8QMHwAAAAAAAAAAAAAAQAAAQ.jpg,0,348,173
A_XiKLT6SCDZsAAAAAAAAAAAAAAQAAAQ.jpg,A_nKQBTJiTOPkAAAAAAAAAAAAAAQAAAQ.jpg,0,168,234
A_92a6Tq_Mr68AAAAAAAAAAAAAAQAAAQ.jpg,WmmQfVkFSa6ES7uWWRqn-gAAACMAARAD.jpg,0,175,20
A_iK_RRJMtR_0AAAAAAAAAAAAAAQAAAQ.jpg,f4a1-1TxSRStvQAki3vjjQAAACMAARAD.jpg,0,101,150
A_XhFbQoM2GvIAAAAAAAAAAAAAAQAAAQ.jpg,A_yrFZSaXtfAEAAAAAAAAAAAAAAQAAAQ.jpg,0,229,162
A_vaaqQKunbZkAAAAAAAAAAAAAAQAAAQ.jpg,A_0xRaQ4mC4A0AAAAAAAAAAAAAAQAAAQ.jpg,0,141,332
A_CMb2RJx-GToAAAAAAAAAAAAAAQAAAQ.jpg,A_SE5MTp9TUMsAAAAAAAAAAAAAAQAAAQ.jpg,0,180,42
A_PKCVSakmtxUAAAAAAAAAAAAAAQAAAQ.jpg,A_a5OsTbYWWVQAAAAAAAAAAAAAAQAAAQ.jpg,0,278,137
A_wr26TqasgdEAAAAAAAAAAAAAAQAAAQ.jpg,A__-5CSqwIXuQAAAAAAAAAAAAAAQAAAQ.jpg,0,165,255
A_BdbARbNUADgAAAAAAAAAAAAAAQAAAQ.jpg,A_BvagTqt2xW0AAAAAAAAAAAAAAQAAAQ.jpg,0,122,180
A__ZWPQJQKX10AAAAAAAAAAAAAAQAAAQ.jpg,A_LaJXSLgvcWABL0VDvY1hqgAAAQAAAQ.jpg,0,314,185
A_YGM9RqelARIAAAAAAAAAAAAAAQAAAQ.jpg,A_N0ukQ4h4un4AAAAAAAAAAAAAAQAAAQ.jpg,0,250,77
A_olotS4XoJFkAAAAAAAAAAAAAAQAAAQ.jpg,aa7CED-ZTiSSG_-WFIoMkwAAACMAARAD.jpg,0,124,166
A_BvagTqt2xW0AAAAAAAAAAAAAAQAAAQ.jpg,4zN2JMNhQYWDS2AtX0u64wAAACMAARAD.jpg,0,180,54
A_nvhUSpQWokYAAAAAAAAAAAAAAQAAAQ.jpg,wlvKhmPsRnuzCvy0hg9dSQAAACMAARAD.jpg,0,203,282
A_stmPT54njmIU_RNLpIBqvAAAAQAAAQ.jpg,A_UGJ9TY8666oAAAAAAAAAAAAAAQAAAQ.jpg,0,147,325
A_osC4T6WDCO8AAAAAAAAAAAAAAQAAAQ.jpg,A_TKDrRJ6csBwAAAAAAAAAAAAAAQAAAQ.jpg,0,202,257
A_gceJT5IcfZ4AAAAAAAAAAAAAAQAAAQ.jpg,A_p4flTrdsBe8AAAAAAAAAAAAAAQAAAQ.jpg,0,40,76
A_eaJbRIsiIAcAAAAAAAAAAAAAAQAAAQ.jpg,A_RxhpTqk6BKsAAAAAAAAAAAAAAQAAAQ.jpg,0,278,203
A_jHKHTLW4rOcAAAAAAAAAAAAAAQAAAQ.jpg,crE-yGuKTyaiQLaA4borcAAAACMAARAD.jpg,0,267,109
A_SU_3R4a-QnYAAAAAAAAAAAAAAQAAAQ.jpg,A_tiodTJuNpegAAAAAAAAAAAAAAQAAAQ.jpg,0,259,252
A_hbD0T7EIoRYAAAAAAAAAAAAAAQAAAQ.jpg,A_xNCNSreklsIAAAAAAAAAAAAAAQAAAQ.jpg,0,74,1
A_82BHQ5VJpoQAAAAAAAAAAAAAAQAAAQ.jpg,A_zIdqT5wAadAAAAAAAAAAAAAAAQAAAQ.jpg,0,326,297
A_4vgZSoQuhPgAAAAAAAAAAAAAAQAAAQ.jpg,A_kRgtTKT8j2YAAAAAAAAAAAAAAQAAAQ.jpg,0,294,261
A_pUauTrONA4lSN5NPuoRqAAAAAQAAAQ.jpg,qvyQGoFhTm69RSHS-41E9QAAACMAARAD.jpg,0,318,209
A_EtEwQb8aGLUAAAAAAAAAAAAAAQAAAQ.jpg,A_MVpnTJIllNYAAAAAAAAAAAAAAQAAAQ.jpg,0,46,51
A_Efp6QLrSZ-gAAAAAAAAAAAAAAQAAAQ.jpg,A_UKkIRaJ9WRsAAAAAAAAAAAAAAQAAAQ.jpg,0,274,277
A_pNVfTIS6svkAAAAAAAAAAAAAAQAAAQ.jpg,T3Ow5yM2ThqSP6KFh8RfwAAAACMAARAD.jpg,0,293,282
A_c7PhTYy24i4AAAAAAAAAAAAAAQAAAQ.jpg,XX6adT1pTv6LJ-Njrj_c1wAAACMAARAD.jpg,0,137,219
A_meIyTZfLrbEAAAAAAAAAAAAAAQAAAQ.jpg,A_jKAHQ6HeOiMAAAAAAAAAAAAAAQAAAQ.jpg,0,289,285
A_kRgtTKT8j2YAAAAAAAAAAAAAAQAAAQ.jpg,A_CJEPQZwY7_LC6f1Fh61-vQAAAQAAAQ.jpg,0,261,191
A_sfE-TqYrEMMAAAAAAAAAAAAAAQAAAQ.jpg,A_y6yGT6qZ-m4AAAAAAAAAAAAAAQAAAQ.jpg,0,93,103
A_Vb0FSquZ6YkAAAAAAAAAAAAAAQAAAQ.jpg,A_Vu_PRqVmM8AAAAAAAAAAAAAAAQAAAQ.jpg,0,237,14
Nr4fpTnSRWGdwsellE27SQAAACMAARAD.jpg,A_jdqPRo2GPt0AAAAAAAAAAAAAAQAAAQ.jpg,0,71,115
A_hPGSRoU0C8kAAAAAAAAAAAAAAQAAAQ.jpg,A_stmPT54njmIAAAAAAAAAAAAAAQAAAQ.jpg,0,308,147
A_uFYOR6hS8Q8AAAAAAAAAAAAAAQAAAQ.jpg,A_oLSJS49B_k4AAAAAAAAAAAAAAQAAAQ.jpg,0,59,317
A_7FcUTJfZ-EEAAAAAAAAAAAAAAQAAAQ.jpg,A_YfwbQJ4I5K8AAAAAAAAAAAAAAQAAAQ.jpg,0,200,311
A_NloJTpjGmzjncmZIj3dViAAAAQAAAQ.jpg,tk4mOGEERLCxkiRM1WOXuwAAACMAARAD.jpg,0,62,211
A_8HNgToSMI-0AAAAAAAAAAAAAAQAAAQ.jpg,A_ErnBQ6DQzEoAAAAAAAAAAAAAAQAAAQ.jpg,0,5,9
A_uFYOR6hS8Q8AAAAAAAAAAAAAAQAAAQ.jpg,A_4COnRIftFtkAAAAAAAAAAAAAAQAAAQ.jpg,0,59,104
qHnFLmDMQMiYxAn70xvcRwAAACMAARAD.jpg,A_mEEyRI2A9fMAAAAAAAAAAAAAAQAAAQ.jpg,0,208,251
A_Ver0Ro7tFCYAAAAAAAAAAAAAAQAAAQ.jpg,kI8JptLQRmKD74_JZNiHXQAAACMAARAD.jpg,0,222,129
A_jjT_Q5XInXYAAAAAAAAAAAAAAQAAAQ.jpg,A_HRkFRZKRfK4AAAAAAAAAAAAAAQAAAQ.jpg,0,92,330
A_SqQTTY_3jwUAAAAAAAAAAAAAAQAAAQ.jpg,A_NuL2TKMEwowAAAAAAAAAAAAAAQAAAQ.jpg,0,84,265
A_i8kmSqzWZtEAAAAAAAAAAAAAAQAAAQ.jpg,A_XQs-QoHKkXEAAAAAAAAAAAAAAQAAAQ.jpg,0,284,217
8quPjI33SE-iyYx4UOnjkQAAACMAARAD.jpg,A_BelDQrZMthQAAAAAAAAAAAAAAQAAAQ.jpg,0,68,217
A_QR05Sq93mfIAAAAAAAAAAAAAAQAAAQ.jpg,A_0tvJRLe5_mUAAAAAAAAAAAAAAQAAAQ.jpg,0,69,86
A_uo1iTaASRHgAAAAAAAAAAAAAAQAAAQ.jpg,uI5fw6x6QLSNO_eB4fXEZwAAACMAARAD.jpg,0,185,109
A_LWb7SL9pX8IAAAAAAAAAAAAAAQAAAQ.jpg,xwiaT4SHTLGOVAZCtHq9yQAAACMAARAD.jpg,0,98,27
A_ANj4S6gZrSgAAAAAAAAAAAAAAQAAAQ.jpg,A_JzxkRq5CL7UKXIZGrRlzfQAAAQAAAQ.jpg,0,92,216
A_yaQwRrApyMQAAAAAAAAAAAAAAQAAAQ.jpg,A__LYISrzZ_GIAAAAAAAAAAAAAAQAAAQ.jpg,0,276,287
A_krhJT7X9SC0AAAAAAAAAAAAAAQAAAQ.jpg,A_BvagTqt2xW0AAAAAAAAAAAAAAQAAAQ.jpg,0,60,180
A_9TXZTICb-ssAAAAAAAAAAAAAAQAAAQ.jpg,A_cWO0Sb2sA9gAAAAAAAAAAAAAAQAAAQ.jpg,0,189,200
A_J1qLRIBVPRwAAAAAAAAAAAAAAQAAAQ.jpg,A_tnVbTq1hG0IAAAAAAAAAAAAAAQAAAQ.jpg,0,151,194
A_76m-RZH9-rYAAAAAAAAAAAAAAQAAAQ.jpg,A_jjT_Q5XInXYAAAAAAAAAAAAAAQAAAQ.jpg,0,239,92
6g8v5a03RwKTmcG_80RgNwAAACMAARED.jpg,A_2yTCT6348MsAAAAAAAAAAAAAAQAAAQ.jpg,0,321,305
A_19KTRKsU1bgAAAAAAAAAAAAAAQAAAQ.jpg,A_1OujSoSRAr8AAAAAAAAAAAAAAQAAAQ.jpg,0,59,292
A_eUwvR77C5UwAAAAAAAAAAAAAAQAAAQ.jpg,A_rGSuTZXVuRUAAAAAAAAAAAAAAQAAAQ.jpg,0,65,2
A_qo9KQ6YZpa0AAAAAAAAAAAAAAQAAAQ.jpg,A_fR9dQ5HrbU4AAAAAAAAAAAAAAQAAAQ.jpg,0,11,18
5Oscl8XJRRC2rytTlGL-0AAAACMAARAD.jpg,2d-0eWw0TDKv5kSoh012ogAAACMAARAD.jpg,0,226,316
A_SsVBRJzukC8AAAAAAAAAAAAAAQAAAQ.jpg,A_EcV-QL_t4UAAAAAAAAAAAAAAAQAAAQ.jpg,0,308,67
A_9Hj6Q4nQNhEAAAAAAAAAAAAAAQAAAQ.jpg,A_Zt9yT7lqoQMAAAAAAAAAAAAAAQAAAQ.jpg,0,299,47
A_rsioTJ5AOrcAAAAAAAAAAAAAAQAAAQ.jpg,A_qK0OTL76_bMAAAAAAAAAAAAAAQAAAQ.jpg,0,9,21
A_XTPLTJ9RiO4AAAAAAAAAAAAAAQAAAQ.jpg,A_iGqzSrLtlcMAAAAAAAAAAAAAAQAAAQ.jpg,0,325,261
A_CC3tRqsji7gAAAAAAAAAAAAAAQAAAQ.jpg,A_lfw2QZuTKukAAAAAAAAAAAAAAQAAAQ.jpg,0,234,217
A_hG-AQqJyNKkAAAAAAAAAAAAAAQAAAQ.jpg,A_qQm9SqhVmh8AAAAAAAAAAAAAAQAAAQ.jpg,0,239,135
A_YOLjSLCb05sAAAAAAAAAAAAAAQAAAQ.jpg,A_oZO5TK174JsAAAAAAAAAAAAAAQAAAQ.jpg,0,31,184
A_hiF9SJL03uIAAAAAAAAAAAAAAQAAAQ.jpg,A_mFi6TLRxJ9cAAAAAAAAAAAAAAQAAAQ.jpg,0,214,144
A_KxBVRZ_49dEAAAAAAAAAAAAAAQAAAQ.jpg,A_7TXVT6R41bwAAAAAAAAAAAAAAQAAAQ.jpg,0,176,161
A_izLaT4q7z-8AAAAAAAAAAAAAAQAAAQ.jpg,A_29ykT6cSV_gAAAAAAAAAAAAAAQAAAQ.jpg,0,160,247
A_21V8SYT5XQkAAAAAAAAAAAAAAQAAAQ.jpg,A_CYraTbeA8PYAAAAAAAAAAAAAAQAAAQ.jpg,0,220,245
A_Wa5hTLtdsh8AAAAAAAAAAAAAAQAAAQ.jpg,A_KlKMQ7YwUQUAAAAAAAAAAAAAAQAAAQ.jpg,0,224,269
A_60h2TaONPo8AAAAAAAAAAAAAAQAAAQ.jpg,A_9TXZTICb-ssAAAAAAAAAAAAAAQAAAQ.jpg,0,37,189
A_8P78SYHj8vsAAAAAAAAAAAAAAQAAAQ.jpg,A_mbl_QJe6wqwAAAAAAAAAAAAAAQAAAQ.jpg,0,312,168
A_Md8QTJnt4HsAAAAAAAAAAAAAAQAAAQ.jpg,A_4uZrQJsALPQAAAAAAAAAAAAAAQAAAQ.jpg,0,88,135
A_8MxtS7nrx5oAAAAAAAAAAAAAAQAAAQ.jpg,A_fJ6qQJnwL64AAAAAAAAAAAAAAQAAAQ.jpg,0,53,305
A_3JWtT62FzhAAAAAAAAAAAAAAAQAAAQ.jpg,A_vBLvSIjsr5oAAAAAAAAAAAAAAQAAAQ.jpg,0,290,308
A_gceJT5IcfZ4AAAAAAAAAAAAAAQAAAQ.jpg,A_5zh3RYWgmsoAAAAAAAAAAAAAAQAAAQ.jpg,0,40,76
A_FGfzSpRlJ9AAAAAAAAAAAAAAAQAAAQ.jpg,A_waonRYbJYOwAAAAAAAAAAAAAAQAAAQ.jpg,0,263,194
A_lfw2QZuTKukAAAAAAAAAAAAAAQAAAQ.jpg,A_hG-AQqJyNKkAAAAAAAAAAAAAAQAAAQ.jpg,0,217,239
A_vcbAQrSa0GIAAAAAAAAAAAAAAQAAAQ.jpg,A_cWO0Sb2sA9gAAAAAAAAAAAAAAQAAAQ.jpg,0,222,200
A_vTQoRLws130AAAAAAAAAAAAAAQAAAQ.jpg,A_7MhsTIG0_08AAAAAAAAAAAAAAQAAAQ.jpg,0,287,278
A_r0rxRqzUNowAAAAAAAAAAAAAAQAAAQ.jpg,gioGl7mwSCab39gMX8ARnAAAACMAARAD.jpg,0,241,177
A_7Rs9Q46XFoAAAAAAAAAAAAAAAQAAAQ.jpg,A_sfE-TqYrEMMAAAAAAAAAAAAAAQAAAQ.jpg,0,92,93
A_AQhlTojyuDEAAAAAAAAAAAAAAQAAAQ.jpg,A_xigkRLl7oW4AAAAAAAAAAAAAAQAAAQ.jpg,0,231,230
A_FTXOTL2SfYwAAAAAAAAAAAAAAQAAAQ.jpg,dGG2aRuKRkqEOETt9YkP4gAAACMAARAD.jpg,0,293,282
A_FSCJRYy3dFwAAAAAAAAAAAAAAQAAAQ.jpg,A_EBtBR7SR8xIAAAAAAAAAAAAAAQAAAQ.jpg,0,3,292
A_pUauTrONA4kAAAAAAAAAAAAAAQAAAQ.jpg,gssR255rQKW-hXQD0Y7E_AAAACMAARAD.jpg,0,318,120
A_eLCGTJtC0LMAAAAAAAAAAAAAAQAAAQ.jpg,A_Y4XwSLpSghkAAAAAAAAAAAAAAQAAAQ.jpg,0,127,114
A_H_zgSYO_OSwAAAAAAAAAAAAAAQAAAQ.jpg,A_V3ppS6VZwMoAAAAAAAAAAAAAAQAAAQ.jpg,0,231,340
A_h-8AQKUCJ6wAAAAAAAAAAAAAAQAAAQ.jpg,A_QodUQrrQR2YAAAAAAAAAAAAAAQAAAQ.jpg,0,257,270
A_BbMtSbuC4rkAAAAAAAAAAAAAAQAAAQ.jpg,I-4jbqVlSyeXyWm3u8uXGQAAACMAARAD.jpg,0,259,56
A_LZQHRJnzs8kAAAAAAAAAAAAAAQAAAQ.jpg,A__-KSSaYDssAAAAAAAAAAAAAAAQAAAQ.jpg,0,85,234
A_3BuiQbibhO8AAAAAAAAAAAAAAQAAAQ.jpg,A_fKn_SJlVzk8AAAAAAAAAAAAAAQAAAQ.jpg,0,9,239
A_1Sm2RrE0saQAAAAAAAAAAAAAAQAAAQ.jpg,wlvKhmPsRnuzCvy0hg9dSQAAACMAARAD.jpg,0,95,282
A_jcJHTp85KP3Y3pFEtvZWcAAAAQAAAQ.jpg,A_KtrxQJE_sIMAAAAAAAAAAAAAAQAAAQ.jpg,0,64,33
A_m-aWTY3Ot-AAAAAAAAAAAAAAAQAAAQ.jpg,A_Or1GTqTym0AAAAAAAAAAAAAAAQAAAQ.jpg,0,26,170
A_HngbSJVJVYUAAAAAAAAAAAAAAQAAAQ.jpg,A_b4GpSbjTmGoAAAAAAAAAAAAAAQAAAQ.jpg,0,112,337
ORZnfTwMTGmDKW-_9Zm_cAAAACMAARAD.jpg,A_2DA2SZLf5vEAAAAAAAAAAAAAAQAAAQ.jpg,0,348,24
A_7TXVT6R41bwAAAAAAAAAAAAAAQAAAQ.jpg,A_gmv7RZlv2wwAAAAAAAAAAAAAAQAAAQ.jpg,0,161,263
A_Uga7SbOpyY0AAAAAAAAAAAAAAQAAAQ.jpg,A_fgxxT7gC-zwAAAAAAAAAAAAAAQAAAQ.jpg,0,69,198
A_IeYUSZHnPzOciWNLuhXRvwAAAQAAAQ.jpg,A__UAoQbHt2SIAAAAAAAAAAAAAAQAAAQ.jpg,0,96,111
A_PNRuRprSSG4AAAAAAAAAAAAAAQAAAQ.jpg,A_spNeTrbTaesAAAAAAAAAAAAAAQAAAQ.jpg,0,335,114
A_vA8kSp4KcUUAAAAAAAAAAAAAAQAAAQ.jpg,CsysDwi5QjeJ03Wvg2F9SAAAACMAARAD.jpg,0,141,99
A_hqAJQ6LPFncAAAAAAAAAAAAAAQAAAQ.jpg,A_5IoZTb3Daq8AAAAAAAAAAAAAAQAAAQ.jpg,0,108,245
A_UIUSR7SsVxQAAAAAAAAAAAAAAQAAAQ.jpg,x8Wo4mizQyiMb9ZQPKg2hgAAACMAARAD.jpg,0,81,109
A_8RO8SZ_cRhQAAAAAAAAAAAAAAQAAAQ.jpg,A_FjITQKM8yiQAAAAAAAAAAAAAAQAAAQ.jpg,0,303,210
A_JFf0QpMDxLUAAAAAAAAAAAAAAQAAAQ.jpg,A_fgxxT7gC-zwAAAAAAAAAAAAAAQAAAQ.jpg,0,178,198
A_OwX6S7nJKi4AAAAAAAAAAAAAAQAAAQ.jpg,A__V74SLTYzbMAAAAAAAAAAAAAAQAAAQ.jpg,0,220,268
A_f0N3RpGHGX4AAAAAAAAAAAAAAQAAAQ.jpg,A_LJALQ5tQhGoAAAAAAAAAAAAAAQAAAQ.jpg,0,73,246
A_JFQFRqCRuouu-ldCkHSAIAAAAQAAAQ.jpg,A_zz-aSZh8rzMAAAAAAAAAAAAAAQAAAQ.jpg,0,68,127
cOr4Q-vIToudfDTJK_hYsQAAACMAARAD.jpg,A_9SxdQYnmGb8AAAAAAAAAAAAAAQAAAQ.jpg,0,4,259
A_QQI2TrP_nAAAAAAAAAAAAAAAAQAAAQ.jpg,A_EsHfTJi2lYUAAAAAAAAAAAAAAQAAAQ.jpg,0,199,314
yUud5fmzR3q6UJMUV6hLQwAAACMAARAD.jpg,A_6bWnTrslKhwAAAAAAAAAAAAAAQAAAQ.jpg,0,306,158
A_H_ulSqKIeUgAAAAAAAAAAAAAAQAAAQ.jpg,Nr4fpTnSRWGdwsellE27SQAAACMAARAD.jpg,0,93,71
A_IeYBSaupD3QAAAAAAAAAAAAAAQAAAQ.jpg,A_Hu1zSa0hFcdm4cpMozBtlgAAAQAAAQ.jpg,0,75,187
A_y0pUQad8WowAAAAAAAAAAAAAAQAAAQ.jpg,A_EZU5Q47i9PQAAAAAAAAAAAAAAQAAAQ.jpg,0,48,16
A_pNVfTIS6svkAAAAAAAAAAAAAAQAAAQ.jpg,A_O-HYQbAzM04AAAAAAAAAAAAAAQAAAQ.jpg,0,293,61
A_dZG9Q4576q8AAAAAAAAAAAAAAQAAAQ.jpg,A_KRefSIqxAhMAAAAAAAAAAAAAAQAAAQ.jpg,0,183,259
A_mcPlS6cWS-wAAAAAAAAAAAAAAQAAAQ.jpg,A_iK_RRJMtR_0AAAAAAAAAAAAAAQAAAQ.jpg,0,55,101
A_0-ELRoJDoOAAAAAAAAAAAAAAAQAAAQ.jpg,4AGq8NKSRuOp1uokfOiJnwAAACMAARAD.jpg,0,160,52
A_nwlKT4igLyQAAAAAAAAAAAAAAQAAAQ.jpg,A__-KSSaYDssAAAAAAAAAAAAAAAQAAAQ.jpg,0,37,234
A_0aCUSY5NN4IAAAAAAAAAAAAAAQAAAQ.jpg,YogXrvTpT3CF9S-8BEORggAAACMAARAD.jpg,0,175,71
A_uJmSS6jwC_EAAAAAAAAAAAAAAQAAAQ.jpg,A_pGC9TI631dMAAAAAAAAAAAAAAQAAAQ.jpg,0,151,74
A_i7AkRLef484AAAAAAAAAAAAAAQAAAQ.jpg,A_Yl1ZSL-Lto8AAAAAAAAAAAAAAQAAAQ.jpg,0,240,241
A_zOObQob7uGMAAAAAAAAAAAAAAQAAAQ.jpg,A_D9o9T7zICSYbaeZMlwxEKQAAAQAAAQ.jpg,0,65,113
A_stIeTZ6xLSQAAAAAAAAAAAAAAQAAAQ.jpg,do9fiCurQMewDq6x14MTlgAAACMAARAD.jpg,0,172,226
A_UXmITL-h8LMAAAAAAAAAAAAAAQAAAQ.jpg,A_IMTVR4woMBkAAAAAAAAAAAAAAQAAAQ.jpg,0,140,60
A_8P78SYHj8vsAAAAAAAAAAAAAAQAAAQ.jpg,A_naL1RJ86jCoAAAAAAAAAAAAAAQAAAQ.jpg,0,312,28
A_4OAEQbtm3HIAAAAAAAAAAAAAAQAAAQ.jpg,A_SXh7Qo_BhxkAAAAAAAAAAAAAAQAAAQ.jpg,0,12,292
40cC6HWzRva34jaC_YZZAwAAACMAARED.jpg,A_DkWtQphhpucAAAAAAAAAAAAAAQAAAQ.jpg,0,128,195
A_4rjUSryl48IAAAAAAAAAAAAAAQAAAQ.jpg,A_W-xaT78i22MAAAAAAAAAAAAAAQAAAQ.jpg,0,317,50
A_mbl_QJe6wqwAAAAAAAAAAAAAAQAAAQ.jpg,A_TIBEQZKlgbsAAAAAAAAAAAAAAQAAAQ.jpg,0,168,237
A_f93rT43JBg0AAAAAAAAAAAAAAQAAAQ.jpg,A_8jMWRbavcW0AAAAAAAAAAAAAAQAAAQ.jpg,0,102,287
A_EhJNRrpu2Z0AAAAAAAAAAAAAAQAAAQ.jpg,A_-pSrT6xClQcAAAAAAAAAAAAAAQAAAQ.jpg,0,233,97
A_7YkuQ4_prsMAAAAAAAAAAAAAAQAAAQ.jpg,A_BH18R5ERvpkAAAAAAAAAAAAAAQAAAQ.jpg,0,117,198
A_4rz3RZuMxDMAAAAAAAAAAAAAAQAAAQ.jpg,A_L9_gSaoQ_w8AAAAAAAAAAAAAAQAAAQ.jpg,0,165,234
A_Hn4STI9pSQMAAAAAAAAAAAAAAQAAAQ.jpg,A_c7PhTYy24i4AAAAAAAAAAAAAAQAAAQ.jpg,0,40,137
A_s6NBRJVoqogAAAAAAAAAAAAAAQAAAQ.jpg,rMWpilyUToW_ESjYFAiCGwAAACMAARAD.jpg,0,228,238
A_Kgq_SLzseBQAAAAAAAAAAAAAAQAAAQ.jpg,UGSrDzPcQN2snR0B29V38AAAACMAARAD.jpg,0,295,192
gpZWgwFPRP-Iq02OHwMZPgAAACMAARAD.jpg,A_yFmGSo2bp-cAAAAAAAAAAAAAAQAAAQ.jpg,0,52,248
A_0xRaQ4mC4A0AAAAAAAAAAAAAAQAAAQ.jpg,_YxN02DfQ7OUYkwftQP0QQAAACMAARAD.jpg,0,332,166
A_gBw2Q6_QWsUAAAAAAAAAAAAAAQAAAQ.jpg,A_DTn9RaIFKaUAAAAAAAAAAAAAAQAAAQ.jpg,0,1,246
A_BM-IS64L6owAAAAAAAAAAAAAAQAAAQ.jpg,A_dMj3SrywR0MAAAAAAAAAAAAAAQAAAQ.jpg,0,332,265
A_KQwhSbAW-YwAAAAAAAAAAAAAAQAAAQ.jpg,A_K9CLR4e8IykAAAAAAAAAAAAAAQAAAQ.jpg,0,195,346
A_NDzHTLNzG5MAAAAAAAAAAAAAAQAAAQ.jpg,A__sCTTLlfQsMAAAAAAAAAAAAAAQAAAQ.jpg,0,235,158
A_t7pjSY5KeJwAAAAAAAAAAAAAAQAAAQ.jpg,A_m2BwRaFdErIAAAAAAAAAAAAAAQAAAQ.jpg,0,324,182
A_lXDEQaoW4GsAAAAAAAAAAAAAAQAAAQ.jpg,A_EVAPRrwpj30AAAAAAAAAAAAAAQAAAQ.jpg,0,125,46
A_c7PhTYy24i4AAAAAAAAAAAAAAQAAAQ.jpg,A_79Y3T534mhsAAAAAAAAAAAAAAQAAAQ.jpg,0,137,205
A_3sPRTprtYa8AAAAAAAAAAAAAAQAAAQ.jpg,A_048mQIy0UMoAAAAAAAAAAAAAAQAAAQ.jpg,0,66,223
2G8MIAaDRluIS-ucQOWdigAAACMAARAD.jpg,A_jejVTopHAJoAAAAAAAAAAAAAAQAAAQ.jpg,0,54,194
A_00wGQ6p8j_UAAAAAAAAAAAAAAQAAAQ.jpg,A_CFppRq-ikRoAAAAAAAAAAAAAAQAAAQ.jpg,0,214,227
A_j72ARLb_6boAAAAAAAAAAAAAAQAAAQ.jpg,A_g9o_RrSonkcAAAAAAAAAAAAAAQAAAQ.jpg,0,161,25
A__FEKTZUF1Y8AAAAAAAAAAAAAAQAAAQ.jpg,A_jO7PT6D764gAAAAAAAAAAAAAAQAAAQ.jpg,0,137,106
C7LFRq-yQ3al5ElDQWDhUAAAACMAARAD.jpg,A_7OgCTLT7J9AAAAAAAAAAAAAAAQAAAQ.jpg,0,310,2
A_LWb7SL9pX8IAAAAAAAAAAAAAAQAAAQ.jpg,A_stIeTZ6xLSQAAAAAAAAAAAAAAQAAAQ.jpg,0,98,172
A_CkzZSIBF3KYAAAAAAAAAAAAAAQAAAQ.jpg,A_F67BSool6_AAAAAAAAAAAAAAAQAAAQ.jpg,0,299,92
A_QQI2TrP_nAAAAAAAAAAAAAAAAQAAAQ.jpg,A_y8iFSJzwNJ4AAAAAAAAAAAAAAQAAAQ.jpg,0,199,272
A_D9w_QbDG9s4AAAAAAAAAAAAAAQAAAQ.jpg,LNlPtwVGSl-ipHGlshPDWAAAACMAARAD.jpg,0,26,134
A_FYeLRIlqv1sAAAAAAAAAAAAAAQAAAQ.jpg,A_5zUtS5frsf4AAAAAAAAAAAAAAQAAAQ.jpg,0,318,148
A_R094QKfEc7UAAAAAAAAAAAAAAQAAAQ.jpg,A_FYeLRIlqv1sAAAAAAAAAAAAAAQAAAQ.jpg,0,272,318
A_60h2TaONPo8AAAAAAAAAAAAAAQAAAQ.jpg,ORZnfTwMTGmDKW-_9Zm_cAAAACMAARAD.jpg,0,37,348
A_02oeQZQGpSIAAAAAAAAAAAAAAQAAAQ.jpg,A_1328TKphdQgAAAAAAAAAAAAAAQAAAQ.jpg,0,297,30
A_TgAqQpXQPWgAAAAAAAAAAAAAAQAAAQ.jpg,A_ymwwSJZai5IAAAAAAAAAAAAAAQAAAQ.jpg,0,139,122
A_Fs6DTJ51k3oAAAAAAAAAAAAAAQAAAQ.jpg,A_tnVbTq1hG0IAAAAAAAAAAAAAAQAAAQ.jpg,0,95,194
A_WFX-R60X0GEAAAAAAAAAAAAAAQAAAQ.jpg,4AGq8NKSRuOp1uokfOiJnwAAACMAARAD.jpg,0,62,52
A_mwbHSqmRhcQAAAAAAAAAAAAAAQAAAQ.jpg,I-4jbqVlSyeXyWm3u8uXGQAAACMAARAD.jpg,0,253,56
A_6xKYQ5BLeRAAAAAAAAAAAAAAAQAAAQ.jpg,A_F67BSool6_AAAAAAAAAAAAAAAQAAAQ.jpg,0,80,92
A_MjewSKBgq9EAAAAAAAAAAAAAAQAAAQ.jpg,gioGl7mwSCab39gMX8ARnAAAACMAARAD.jpg,0,5,177
J9zK50Y5RvujoRzPnQkXBAAAACMAARAD.jpg,A_BA6tQ66OKSUAAAAAAAAAAAAAAQAAAQ.jpg,0,349,43
A_1ruyQ7LcAuoAAAAAAAAAAAAAAQAAAQ.jpg,A_6CUMTK6sWtwAAAAAAAAAAAAAAQAAAQ.jpg,0,347,45
A__OfaT7yTwxUAAAAAAAAAAAAAAQAAAQ.jpg,A_Y4XwSLpSghkAAAAAAAAAAAAAAQAAAQ.jpg,0,273,114
A_Z9O5TZhkv2IAAAAAAAAAAAAAAQAAAQ.jpg,A_des9TqTtlVkAAAAAAAAAAAAAAQAAAQ.jpg,0,227,230
A_OrR4RrU6OP0AAAAAAAAAAAAAAQAAAQ.jpg,A_dZG9Q4576q8AAAAAAAAAAAAAAQAAAQ.jpg,0,212,183
A_UH_uSo5LjOsAAAAAAAAAAAAAAQAAAQ.jpg,A_Yr4LQpnqCAEAAAAAAAAAAAAAAQAAAQ.jpg,0,101,48
A_HngbSJVJVYUAAAAAAAAAAAAAAQAAAQ.jpg,A_UVLcS7GdN0sAAAAAAAAAAAAAAQAAAQ.jpg,0,112,44
A_RkkmTYGR2GgAAAAAAAAAAAAAAQAAAQ.jpg,A_M2dJTrQsL7gAAAAAAAAAAAAAAQAAAQ.jpg,0,201,167
A_5QphQrKDPQgAAAAAAAAAAAAAAQAAAQ.jpg,A_qWCCR7R42PUAAAAAAAAAAAAAAQAAAQ.jpg,0,285,288
A_c7PhTYy24i4AAAAAAAAAAAAAAQAAAQ.jpg,A_kjIITIS-f1QAAAAAAAAAAAAAAQAAAQ.jpg,0,137,261
A_CHCqQrj2mVQAAAAAAAAAAAAAAQAAAQ.jpg,A_hV6oRqWGM8sAAAAAAAAAAAAAAQAAAQ.jpg,0,303,329
A_SU_3R4a-QnYAAAAAAAAAAAAAAQAAAQ.jpg,A_yqmVSY6yhroAAAAAAAAAAAAAAQAAAQ.jpg,0,259,104
A_Rx6HR586O4sAAAAAAAAAAAAAAQAAAQ.jpg,A_LJALQ5tQhGoAAAAAAAAAAAAAAQAAAQ.jpg,0,325,246
qHnFLmDMQMiYxAn70xvcRwAAACMAARAD.jpg,A_FhdITbO2NLEAAAAAAAAAAAAAAQAAAQ.jpg,0,208,102
A_a5OsTbYWWVQAAAAAAAAAAAAAAQAAAQ.jpg,A_WgcxSLmAZ9YAAAAAAAAAAAAAAQAAAQ.jpg,0,137,15
A_8xTQSLkd18MAAAAAAAAAAAAAAQAAAQ.jpg,A_t6AyT4K76akAAAAAAAAAAAAAAQAAAQ.jpg,0,125,346
A_RU49RpH8I6MAAAAAAAAAAAAAAQAAAQ.jpg,A_Uzk2SrABsKIAAAAAAAAAAAAAAQAAAQ.jpg,0,270,153
A_2bxUSqLc6wAAAAAAAAAAAAAAAQAAAQ.jpg,A_nwlKT4igLyQAAAAAAAAAAAAAAQAAAQ.jpg,0,255,37
A_ACH-Ta-cq-oAAAAAAAAAAAAAAQAAAQ.jpg,A_higyRahZ3-cAAAAAAAAAAAAAAQAAAQ.jpg,0,340,266
A_2yTCT6348MsAAAAAAAAAAAAAAQAAAQ.jpg,A_-gLFTpM2eMUAAAAAAAAAAAAAAQAAAQ.jpg,0,305,81
A_yhhDQbrQfGd8ld9BhzssNAAAAQAAAQ.jpg,A_tZlpQLPXXpQAAAAAAAAAAAAAAQAAAQ.jpg,0,206,84
A_3hHGTIRrcnwAAAAAAAAAAAAAAQAAAQ.jpg,A_fiAjSYGYmikAAAAAAAAAAAAAAQAAAQ.jpg,0,9,110
I-4jbqVlSyeXyWm3u8uXGQAAACMAARAD.jpg,A_wxWxSZH1r_QAAAAAAAAAAAAAAQAAAQ.jpg,0,56,293
A_VR95Q4yGMG0AAAAAAAAAAAAAAQAAAQ.jpg,A_xvAiTaIgyiIAAAAAAAAAAAAAAQAAAQ.jpg,0,114,154
A_s1uuSboGX58AAAAAAAAAAAAAAQAAAQ.jpg,A_LngHSpFXTD4AAAAAAAAAAAAAAQAAAQ.jpg,0,171,336
A_oIudQY-doeoAAAAAAAAAAAAAAQAAAQ.jpg,A_xkbbR6DqPbwAAAAAAAAAAAAAAQAAAQ.jpg,0,58,288
A_8jMWRbavcW0AAAAAAAAAAAAAAQAAAQ.jpg,A_h0wES7JMcj8AAAAAAAAAAAAAAQAAAQ.jpg,0,287,293
A_lWreSpZxhyAAAAAAAAAAAAAAAQAAAQ.jpg,p_poUnC6T06GTFnucmRJSwAAACMAARAD.jpg,0,15,307
A_r0rxRqzUNowAAAAAAAAAAAAAAQAAAQ.jpg,A_oU0aQJ48IRsAAAAAAAAAAAAAAQAAAQ.jpg,0,241,133
A_rMDcQZ59WB8AAAAAAAAAAAAAAQAAAQ.jpg,A_vXcfRYxmGwMAAAAAAAAAAAAAAQAAAQ.jpg,0,97,85
A_uSLAQKtJDr4AAAAAAAAAAAAAAQAAAQ.jpg,A_k02wRqflDJcAAAAAAAAAAAAAAQAAAQ.jpg,0,179,328
A_PYU8Qr4rH5YAAAAAAAAAAAAAAQAAAQ.jpg,A_qmTVSqXlh7UAAAAAAAAAAAAAAQAAAQ.jpg,0,19,105
A_yqmVSY6yhroAAAAAAAAAAAAAAQAAAQ.jpg,A_P3qUR6v9jfsAAAAAAAAAAAAAAQAAAQ.jpg,0,104,204
A_uqQZTalXwHYAAAAAAAAAAAAAAQAAAQ.jpg,A_GKxxTacH56QAAAAAAAAAAAAAAQAAAQ.jpg,0,301,21
A_UXmITL-h8LMAAAAAAAAAAAAAAQAAAQ.jpg,A_xKkVSpQDOR8AAAAAAAAAAAAAAQAAAQ.jpg,0,140,79
A_Or1GTqTym0AAAAAAAAAAAAAAAQAAAQ.jpg,A_k02wRqflDJcAAAAAAAAAAAAAAQAAAQ.jpg,0,170,328
A_uJ6ISJ1NElsAAAAAAAAAAAAAAQAAAQ.jpg,A_naL1RJ86jCoAAAAAAAAAAAAAAQAAAQ.jpg,0,256,28
A_zSt_TZGlWdoAAAAAAAAAAAAAAQAAAQ.jpg,A_-mntSLpmrZwAAAAAAAAAAAAAAQAAAQ.jpg,0,38,149
A_olotS4XoJFkAAAAAAAAAAAAAAQAAAQ.jpg,A_q3_rR6k-lYMAAAAAAAAAAAAAAQAAAQ.jpg,0,124,245
A_Aw59RY7js60AAAAAAAAAAAAAAQAAAQ.jpg,A_CC3tRqsji7gAAAAAAAAAAAAAAQAAAQ.jpg,0,5,234
A_OssPT5JNclsAAAAAAAAAAAAAAQAAAQ.jpg,A_8xTQSLkd18MAAAAAAAAAAAAAAQAAAQ.jpg,0,269,125
A_Aw59RY7js60AAAAAAAAAAAAAAQAAAQ.jpg,A__jF0T41lCBMAAAAAAAAAAAAAAQAAAQ.jpg,0,5,218
A_VsLNT7sWz3wAAAAAAAAAAAAAAQAAAQ.jpg,A_lv0eRrxAXNwAAAAAAAAAAAAAAQAAAQ.jpg,0,322,193
A_AuorQ4yCMh0AAAAAAAAAAAAAAQAAAQ.jpg,ZyHG3kTpSISXJaNBidsZFQAAACMAARAD.jpg,0,161,238
A_02oeQZQGpSIAAAAAAAAAAAAAAQAAAQ.jpg,A_gmv7RZlv2wwAAAAAAAAAAAAAAQAAAQ.jpg,0,297,263
A_m8smT6igYF8AAAAAAAAAAAAAAQAAAQ.jpg,A_xigkRLl7oW4AAAAAAAAAAAAAAQAAAQ.jpg,0,12,230
A_HHmHS7TxQaEAAAAAAAAAAAAAAQAAAQ.jpg,A_K-1tRZOChRUAAAAAAAAAAAAAAQAAAQ.jpg,0,305,181
A_PLH0TI0npUYAAAAAAAAAAAAAAQAAAQ.jpg,A_RxhpTqk6BKsAAAAAAAAAAAAAAQAAAQ.jpg,0,294,203
A_olfhSYntr84AAAAAAAAAAAAAAQAAAQ.jpg,A_q9E-TreZOpcAAAAAAAAAAAAAAQAAAQ.jpg,0,337,276
8qks6YhlRy-wDJtrkIZaIgAAACMAARAD.jpg,A_a5OsTbYWWVQAAAAAAAAAAAAAAQAAAQ.jpg,0,316,137
A_TfvQTrtOPDQAAAAAAAAAAAAAAQAAAQ.jpg,A_3S3LTZgdkc8AAAAAAAAAAAAAAQAAAQ.jpg,0,243,331
A_SsVBRJzukC8AAAAAAAAAAAAAAQAAAQ.jpg,A_Q8HDR58ZuAwAAAAAAAAAAAAAAQAAAQ.jpg,0,308,251
A_d-HpRbQdU1YAAAAAAAAAAAAAAQAAAQ.jpg,A_RxhpTqk6BKsAAAAAAAAAAAAAAQAAAQ.jpg,0,33,203
A_3bzNSLXJbYMAAAAAAAAAAAAAAQAAAQ.jpg,2iEC5ZrsSa2JpfKnTQbADQAAACMAARAD.jpg,0,324,6
A_60h2TaONPo8AAAAAAAAAAAAAAQAAAQ.jpg,A_dI4zSai8yk-dZNBKqTLbdAAAAQAAAQ.jpg,0,37,221
NHtoXmJsQbC2oYEEvNh-agAAACMAARAD.jpg,A_xK0XQo9bd_wAAAAAAAAAAAAAAQAAAQ.jpg,0,6,143
A_eBxrT7u84_YAAAAAAAAAAAAAAQAAAQ.jpg,A_BXDpSpUjofgAAAAAAAAAAAAAAQAAAQ.jpg,0,276,68
A_ffGlTZG85-QAAAAAAAAAAAAAAQAAAQ.jpg,A_GtTURpEqgsQAAAAAAAAAAAAAAQAAAQ.jpg,0,322,111
s5_LPbJATXy82lMu1uSeJQAAACMAARAD.jpg,A_cwILQL0IAHcAAAAAAAAAAAAAAQAAAQ.jpg,0,348,83
A_CRqJQKCtnOMAAAAAAAAAAAAAAQAAAQ.jpg,wlvKhmPsRnuzCvy0hg9dSQAAACMAARAD.jpg,0,341,282
A_eKPdQ7NuzWMAAAAAAAAAAAAAAQAAAQ.jpg,A_r5lyTqEh9NQAAAAAAAAAAAAAAQAAAQ.jpg,0,79,170
A__FEKTZUF1Y8AAAAAAAAAAAAAAQAAAQ.jpg,A_HblBQpqvsuIAAAAAAAAAAAAAAQAAAQ.jpg,0,137,225
A_eUwvR77C5UwAAAAAAAAAAAAAAQAAAQ.jpg,A_juPfTZQWNPEAAAAAAAAAAAAAAQAAAQ.jpg,0,65,30
A_wpTZRJrKEPsAAAAAAAAAAAAAAQAAAQ.jpg,A_g9o_RrSonkcAAAAAAAAAAAAAAQAAAQ.jpg,0,38,25
A__hNgQJmrLXkAAAAAAAAAAAAAAQAAAQ.jpg,A_BM-IS64L6owAAAAAAAAAAAAAAQAAAQ.jpg,0,100,332
1DUlr4dURtqhdRrCS69ZgAAAACMAARAD.jpg,A_plIEQ4aQaFEAAAAAAAAAAAAAAQAAAQ.jpg,0,310,349
9Z0hAJwqQ_Sp0MUIGh4b1wAAACMAARAD.jpg,A_qo9KQ6YZpa0AAAAAAAAAAAAAAQAAAQ.jpg,0,207,11
A_UVLcS7GdN0sAAAAAAAAAAAAAAQAAAQ.jpg,A_peVaRKhGG6EAAAAAAAAAAAAAAQAAAQ.jpg,0,44,338
A_i-nLRI_4Z-QAAAAAAAAAAAAAAQAAAQ.jpg,A_WFX-R60X0GE0GDJMjg5KkAAAAQAAAQ.jpg,0,313,62
A_2oJSS7TmnnsAAAAAAAAAAAAAAQAAAQ.jpg,A_hiF9SJL03uIAAAAAAAAAAAAAAQAAAQ.jpg,0,329,214
A_ZX7pT4uWMgsAAAAAAAAAAAAAAQAAAQ.jpg,A_5QphQrKDPQgAAAAAAAAAAAAAAQAAAQ.jpg,0,268,285
A_D5vXRpubIH4AAAAAAAAAAAAAAQAAAQ.jpg,A_K1SDTrzJRsMAAAAAAAAAAAAAAQAAAQ.jpg,0,154,82
A_NDzHTLNzG5MAAAAAAAAAAAAAAQAAAQ.jpg,A_SUrFSpyat3oAAAAAAAAAAAAAAQAAAQ.jpg,0,235,102
YKrsyS6qRZ-rCTySE0CuoAAAACMAARAD.jpg,A_hdpuRLEj1idQCwdMtulO4QAAAQAAAQ.jpg,0,107,326
A_1328TKphdQgAAAAAAAAAAAAAAQAAAQ.jpg,A_dx0gTp9A5A0AAAAAAAAAAAAAAQAAAQ.jpg,0,30,105
A_wpTZRJrKEPsAAAAAAAAAAAAAAQAAAQ.jpg,A_cy6BT7zBon8AAAAAAAAAAAAAAQAAAQ.jpg,0,38,145
A_WcuHSKIfpFcAAAAAAAAAAAAAAQAAAQ.jpg,A_NbMERImKF5IAAAAAAAAAAAAAAQAAAQ.jpg,0,329,214
A_yaQwRrApyMQAAAAAAAAAAAAAAQAAAQ.jpg,A_EgytQoIRmCEAAAAAAAAAAAAAAQAAAQ.jpg,0,276,343
A_olotS4XoJFkAAAAAAAAAAAAAAQAAAQ.jpg,A_tB9JQ6SKjKYAAAAAAAAAAAAAAQAAAQ.jpg,0,124,201
A_96HDTpXfEp0AAAAAAAAAAAAAAQAAAQ.jpg,A_A3vxSa7MGD4AAAAAAAAAAAAAAQAAAQ.jpg,0,38,29
A_pUauTrONA4lSN5NPuoRqAAAAAQAAAQ.jpg,A_qmTVSqXlh7UAAAAAAAAAAAAAAQAAAQ.jpg,0,318,105
A_zMhHRKUhSuE7jzBNqjIYmQAAAQAAAQ.jpg,A_jwl4QaUztl0AAAAAAAAAAAAAAQAAAQ.jpg,0,148,187
A_cY_dQKTxLZIAAAAAAAAAAAAAAQAAAQ.jpg,A_OrR4RrU6OP0AAAAAAAAAAAAAAQAAAQ.jpg,0,34,212
A_kQDWQJm3qKQAAAAAAAAAAAAAAQAAAQ.jpg,A_zxwhSKLMsogAAAAAAAAAAAAAAQAAAQ.jpg,0,32,147
A_IeYUSZHnPzOciWNLuhXRvwAAAQAAAQ.jpg,A_cy6BT7zBon8AAAAAAAAAAAAAAQAAAQ.jpg,0,96,145
A_8hQJTq1WHRsAAAAAAAAAAAAAAQAAAQ.jpg,dRX2p0mwRrumfcxLhB9tHAAAACMAARAD.jpg,0,51,6
A_2bxUSqLc6wAAAAAAAAAAAAAAAQAAAQ.jpg,A_D5prT4UpL5EAAAAAAAAAAAAAAQAAAQ.jpg,0,255,87
_YxN02DfQ7OUYkwftQP0QQAAACMAARAD.jpg,A__LYISrzZ_GIAAAAAAAAAAAAAAQAAAQ.jpg,0,166,287
A_2lrgQ5piRFsAAAAAAAAAAAAAAQAAAQ.jpg,A_45ZeSYlRX04AAAAAAAAAAAAAAQAAAQ.jpg,0,123,338
8bqSm5suQB-TkC66R2F-lgAAACMAARAD.jpg,A_TiDfT7B8BmwAAAAAAAAAAAAAAQAAAQ.jpg,0,177,152
A_-iZQTKAWibIAAAAAAAAAAAAAAQAAAQ.jpg,A_fDM3T7_Er0wAAAAAAAAAAAAAAQAAAQ.jpg,0,230,21
A_M2dJTrQsL7gAAAAAAAAAAAAAAQAAAQ.jpg,A_mSuHQqYkujMAAAAAAAAAAAAAAQAAAQ.jpg,0,167,319
A_atr-Q7oa0ywAAAAAAAAAAAAAAQAAAQ.jpg,A_P_orQb_1tnYAAAAAAAAAAAAAAQAAAQ.jpg,0,43,269
A_-XUaRqtBWX4AAAAAAAAAAAAAAQAAAQ.jpg,A__-5CSqwIXuQAAAAAAAAAAAAAAQAAAQ.jpg,0,159,255
A_uMyGRoe6OD4AAAAAAAAAAAAAAQAAAQ.jpg,A__OQTR7tlKikAAAAAAAAAAAAAAQAAAQ.jpg,0,23,215
A_8xTQSLkd18MAAAAAAAAAAAAAAQAAAQ.jpg,A_87ZNTKwrTcYAAAAAAAAAAAAAAQAAAQ.jpg,0,125,30
A_8g2uSoogj9AAAAAAAAAAAAAAAQAAAQ.jpg,A_cU0aRI8xDi0AAAAAAAAAAAAAAQAAAQ.jpg,0,322,156
A_HngbSJVJVYUAAAAAAAAAAAAAAQAAAQ.jpg,xW1Mn56mRh-OB69ayDWmoQAAACMAARAD.jpg,0,112,190
A_aU59RJLl9L4AAAAAAAAAAAAAAQAAAQ.jpg,A_4rjUSryl48IAAAAAAAAAAAAAAQAAAQ.jpg,0,32,317
A_wcRmTIDKqJAAAAAAAAAAAAAAAQAAAQ.jpg,A_N7TMSppc4iUAAAAAAAAAAAAAAQAAAQ.jpg,0,240,101
A_hFIsQqIAQwEAAAAAAAAAAAAAAQAAAQ.jpg,A_Q2ygQ7cJQygAAAAAAAAAAAAAAQAAAQ.jpg,0,81,276
gssR255rQKW-hXQD0Y7E_AAAACMAARAD.jpg,A_JFQFRqCRuouu-ldCkHSAIAAAAQAAAQ.jpg,0,120,68
A_-XUaRqtBWX4AAAAAAAAAAAAAAQAAAQ.jpg,A_H_ulSqKIeUgAAAAAAAAAAAAAAQAAAQ.jpg,0,159,93
CGF0IrWnSRGBFZV0QP-bbAAAACMAARAD.jpg,A_D5prT4UpL5EAAAAAAAAAAAAAAQAAAQ.jpg,0,219,87
A_NloJTpjGmzjncmZIj3dViAAAAQAAAQ.jpg,A_7dSiR56sjZkAAAAAAAAAAAAAAQAAAQ.jpg,0,62,313
A_cY_dQKTxLZIAAAAAAAAAAAAAAQAAAQ.jpg,A_8TLTSrYPUTUAAAAAAAAAAAAAAQAAAQ.jpg,0,34,328
LkTAGmb3TGuGGZHU52brUQAAACMAARAD.jpg,A_6XZZT6vaEZ4AAAAAAAAAAAAAAQAAAQ.jpg,0,207,294
A_wSWmTr7_FucAAAAAAAAAAAAAAQAAAQ.jpg,A_oZO5TK174JsAAAAAAAAAAAAAAQAAAQ.jpg,0,302,184
A_dI4zSai8yk-dZNBKqTLbdAAAAQAAAQ.jpg,A_7aSXR6UMp8sAAAAAAAAAAAAAAQAAAQ.jpg,0,221,115
A_hFIsQqIAQwEAAAAAAAAAAAAAAQAAAQ.jpg,A_NjG2SqOfUE4AAAAAAAAAAAAAAQAAAQ.jpg,0,81,342
A_Db7ZTbup1uwAAAAAAAAAAAAAAQAAAQ.jpg,A_yuLVT43MzcgAAAAAAAAAAAAAAQAAAQ.jpg,0,254,167
A_PLH0TI0npUYAAAAAAAAAAAAAAQAAAQ.jpg,A_8gLsQ6KuwHQAAAAAAAAAAAAAAQAAAQ.jpg,0,294,124
A_mFi6TLRxJ9cAAAAAAAAAAAAAAQAAAQ.jpg,A_cdBQTbPmNRcAAAAAAAAAAAAAAQAAAQ.jpg,0,144,154
A_1vE2T5QGHN4AAAAAAAAAAAAAAQAAAQ.jpg,A__EmvQZaIrk0AAAAAAAAAAAAAAQAAAQ.jpg,0,297,330
A_Hu1zSa0hFcdm4cpMozBtlgAAAQAAAQ.jpg,A_S7r7Srj5r_wAAAAAAAAAAAAAAQAAAQ.jpg,0,187,313
A_CfJDTJ9aiOAAAAAAAAAAAAAAAQAAAQ.jpg,A_B5PLRYT7qakAAAAAAAAAAAAAAQAAAQ.jpg,0,121,228
A_HII8R5WzRQ4AAAAAAAAAAAAAAQAAAQ.jpg,pJMeyxnvRPOCrS-s9zDN6AAAACMAARAD.jpg,0,179,323
dRX2p0mwRrumfcxLhB9tHAAAACMAARAD.jpg,A_BA6tQ66OKSUAAAAAAAAAAAAAAQAAAQ.jpg,0,6,43
A_8gLsQ6KuwHQAAAAAAAAAAAAAAQAAAQ.jpg,A_Fk7aSIVdPRsAAAAAAAAAAAAAAQAAAQ.jpg,0,124,156
A_JzxkRq5CL7UKXIZGrRlzfQAAAQAAAQ.jpg,Kaf40bOpT5G9tQ2a92m9aQAAACMAARAD.jpg,0,216,186
A_xTY-S4O2kyYAAAAAAAAAAAAAAQAAAQ.jpg,A_ivfcQaWsgdsAAAAAAAAAAAAAAQAAAQ.jpg,0,333,296
A_RZTaRK3bJIcAAAAAAAAAAAAAAQAAAQ.jpg,A_-gLFTpM2eMUAAAAAAAAAAAAAAQAAAQ.jpg,0,123,81
A_03AFSaoCIYMAAAAAAAAAAAAAAQAAAQ.jpg,frdTcr-kQKe_ugKUa32pmwAAACMAARAD.jpg,0,184,174
A_g-xBTZf8gWoAAAAAAAAAAAAAAQAAAQ.jpg,Xep9PWi-TnyRkBu-1lOpugAAACMAARAD.jpg,0,256,150
A_-cgBQ7nWdC4AAAAAAAAAAAAAAQAAAQ.jpg,A_CkzESoa57iMAAAAAAAAAAAAAAQAAAQ.jpg,0,283,116
A_D9w_QbDG9s4AAAAAAAAAAAAAAQAAAQ.jpg,A_p7msSIPIoxsAAAAAAAAAAAAAAQAAAQ.jpg,0,26,202
A_Uh4ZRZjAbOAAAAAAAAAAAAAAAQAAAQ.jpg,A_7zpaTrXCE1sAAAAAAAAAAAAAAQAAAQ.jpg,0,52,288
A_Li70RYXYOToAAAAAAAAAAAAAAQAAAQ.jpg,A_zMhHRKUhSuErdB5Pt_ADkgAAAQAAAQ.jpg,0,171,148
A_7Rs9Q46XFoAAAAAAAAAAAAAAAQAAAQ.jpg,I-4jbqVlSyeXyWm3u8uXGQAAACMAARAD.jpg,0,92,56
A_wPiZSI8pSBIAAAAAAAAAAAAAAQAAAQ.jpg,hc_8dM3TTzeQxx1wn6w2ogAAACMAARAD.jpg,0,157,128
A_8SMFQ4ABOP4AAAAAAAAAAAAAAQAAAQ.jpg,A_aYeATJcaX1MAAAAAAAAAAAAAAQAAAQ.jpg,0,78,249
A_L9_gSaoQ_w8AAAAAAAAAAAAAAQAAAQ.jpg,A_waonRYbJYOwAAAAAAAAAAAAAAQAAAQ.jpg,0,234,194
A_W2IxTrShf0MAAAAAAAAAAAAAAQAAAQ.jpg,A_i8kmSqzWZtEAAAAAAAAAAAAAAQAAAQ.jpg,0,334,284
A_waonRYbJYOwAAAAAAAAAAAAAAQAAAQ.jpg,A_Cx8AT5HA35gAAAAAAAAAAAAAAQAAAQ.jpg,0,194,140
A_7t5MRrn6fyUAAAAAAAAAAAAAAQAAAQ.jpg,ORZnfTwMTGmDKW-_9Zm_cAAAACMAARAD.jpg,0,303,348
A_jO7PT6D764gAAAAAAAAAAAAAAQAAAQ.jpg,zGfOrLgJRWq4z48tv9EHeQAAACMAARAD.jpg,0,106,155
A_fgxxT7gC-zwAAAAAAAAAAAAAAQAAAQ.jpg,A_jBgOSoE5gk8AAAAAAAAAAAAAAQAAAQ.jpg,0,198,196
A_LRDNQb_6khoAAAAAAAAAAAAAAQAAAQ.jpg,A_bLPoRob0He8AAAAAAAAAAAAAAQAAAQ.jpg,0,342,319
A_IfS8TqroUEgAAAAAAAAAAAAAAQAAAQ.jpg,A_CFppRq-ikRoAAAAAAAAAAAAAAQAAAQ.jpg,0,131,227
A_SE5MTp9TUMsAAAAAAAAAAAAAAQAAAQ.jpg,A_ymwwSJZai5IAAAAAAAAAAAAAAQAAAQ.jpg,0,42,122
A_FYeLRIlqv1sAAAAAAAAAAAAAAQAAAQ.jpg,ysnTdNgkTQ2KcesYGinCrgAAACMAARAD.jpg,0,318,132
A_-bFhSYWyHW8AAAAAAAAAAAAAAQAAAQ.jpg,A_LQIQSpDZ01wAAAAAAAAAAAAAAQAAAQ.jpg,0,108,91
A_fhlXTKaMzqIAAAAAAAAAAAAAAQAAAQ.jpg,A_ymwwSJZai5IAAAAAAAAAAAAAAQAAAQ.jpg,0,342,122
A_CSAAQqCz9coAAAAAAAAAAAAAAQAAAQ.jpg,A_m8smT6igYF8AAAAAAAAAAAAAAQAAAQ.jpg,0,117,12
A_oU0aQJ48IRsAAAAAAAAAAAAAAQAAAQ.jpg,A_CjU5SoWF2L0AAAAAAAAAAAAAAQAAAQ.jpg,0,133,118
A_gBw2Q6_QWsUAAAAAAAAAAAAAAQAAAQ.jpg,A_zVV9QJHiLggAAAAAAAAAAAAAAQAAAQ.jpg,0,1,67
A_lPHeQo7aiawAAAAAAAAAAAAAAQAAAQ.jpg,A_yFmGSo2bp-cAAAAAAAAAAAAAAQAAAQ.jpg,0,189,248
A_tgVnS7L93MwAAAAAAAAAAAAAAQAAAQ.jpg,XX6adT1pTv6LJ-Njrj_c1wAAACMAARAD.jpg,0,247,219
A_5IoZTb3Daq8AAAAAAAAAAAAAAQAAAQ.jpg,A_roDNRZHSdREAAAAAAAAAAAAAAQAAAQ.jpg,0,245,88
A_SnWNTb004p4AAAAAAAAAAAAAAQAAAQ.jpg,A_8g2uSoogj9AAAAAAAAAAAAAAAQAAAQ.jpg,0,195,322
A_qQf9R5n-NaZuA4BJgsZMVwAAAQAAAQ.jpg,xW1Mn56mRh-OB69ayDWmoQAAACMAARAD.jpg,0,10,190
A_JAkWS63CU4MAAAAAAAAAAAAAAQAAAQ.jpg,A_eQMGQYpNRSIAAAAAAAAAAAAAAQAAAQ.jpg,0,67,41
A_Kz9WTLtYMqQAAAAAAAAAAAAAAQAAAQ.jpg,A_96HDTpXfEp0AAAAAAAAAAAAAAQAAAQ.jpg,0,25,38
A_lv0eRrxAXNwAAAAAAAAAAAAAAQAAAQ.jpg,A_7agWQomXiksAAAAAAAAAAAAAAQAAAQ.jpg,0,193,85
A_zxwhSKLMsogAAAAAAAAAAAAAAQAAAQ.jpg,A_GWDtRJ-PEYIAAAAAAAAAAAAAAQAAAQ.jpg,0,147,142
BnMTwNDZTDic7PE_4wP9cwAAACMAARAD.jpg,A_S11EQYn7Fj8AAAAAAAAAAAAAAQAAAQ.jpg,0,186,224
dGG2aRuKRkqEOETt9YkP4gAAACMAARAD.jpg,A_60h2TaONPo8AAAAAAAAAAAAAAQAAAQ.jpg,0,282,37
A_zRxmTpGb1kMAAAAAAAAAAAAAAQAAAQ.jpg,A_0ZBaRKtusuAAAAAAAAAAAAAAAQAAAQ.jpg,0,183,182
A_76m-RZH9-rYAAAAAAAAAAAAAAQAAAQ.jpg,A_YlkgQbNnNSoAAAAAAAAAAAAAAQAAAQ.jpg,0,239,19
A_HblBQpqvsuIAAAAAAAAAAAAAAQAAAQ.jpg,IJnfoTCGRzy_PnKxNA20FAAAACMAARAD.jpg,0,225,306
A_W9fQSKt4JzUAAAAAAAAAAAAAAQAAAQ.jpg,A_hdpuRLEj1icAAAAAAAAAAAAAAQAAAQ.jpg,0,95,326
A_EZU5Q47i9PQAAAAAAAAAAAAAAQAAAQ.jpg,A_7z2dSpjqRhsAAAAAAAAAAAAAAQAAAQ.jpg,0,16,302
A_IOFuS4ljD_MAAAAAAAAAAAAAAQAAAQ.jpg,A_Rx6HR586O4sAAAAAAAAAAAAAAQAAAQ.jpg,0,57,325
A_oU0aQJ48IRsAAAAAAAAAAAAAAQAAAQ.jpg,A_dxCNSp4IGbAAAAAAAAAAAAAAAQAAAQ.jpg,0,133,172
A_u5XySKZ9cywAAAAAAAAAAAAAAQAAAQ.jpg,A_UM9FRqczn4sAAAAAAAAAAAAAAQAAAQ.jpg,0,274,42
A_gR_YR4d18TQAAAAAAAAAAAAAAQAAAQ.jpg,A_XSdhTajB4_kAAAAAAAAAAAAAAQAAAQ.jpg,0,127,243
A_7w30T4PSpVgAAAAAAAAAAAAAAQAAAQ.jpg,A_JFQFRqCRuouu-ldCkHSAIAAAAQAAAQ.jpg,0,229,68
A_mVW5RI4asboAAAAAAAAAAAAAAQAAAQ.jpg,A_B17tQL9G7GAAAAAAAAAAAAAAAQAAAQ.jpg,0,255,331
A_yaQwRrApyMQAAAAAAAAAAAAAAQAAAQ.jpg,A_CYraTbeA8PYAAAAAAAAAAAAAAQAAAQ.jpg,0,276,245
A_lPwKS7HXTIUAAAAAAAAAAAAAAQAAAQ.jpg,A_gh7QT5Mx8uUAAAAAAAAAAAAAAQAAAQ.jpg,0,309,41
A_ab2UR5VE8pYAAAAAAAAAAAAAAQAAAQ.jpg,A_GNYnToAhNA8AAAAAAAAAAAAAAQAAAQ.jpg,0,49,35
A_rXoUTpGp2akAAAAAAAAAAAAAAQAAAQ.jpg,A_TnpqRIoO1cIAAAAAAAAAAAAAAQAAAQ.jpg,0,249,130
A_He2nSrEFR1YAAAAAAAAAAAAAAQAAAQ.jpg,A_PM4uTLm28AgAAAAAAAAAAAAAAQAAAQ.jpg,0,300,304
A_0ZBaRKtusuAAAAAAAAAAAAAAAQAAAQ.jpg,A_s-BYTbC6hKgAAAAAAAAAAAAAAQAAAQ.jpg,0,182,162
A_qcBdQZZoAUcAAAAAAAAAAAAAAQAAAQ.jpg,A_cU0aRI8xDi0AAAAAAAAAAAAAAQAAAQ.jpg,0,110,156
qvyQGoFhTm69RSHS-41E9QAAACMAARAD.jpg,A_OStdQqQjUL8AAAAAAAAAAAAAAQAAAQ.jpg,0,209,210
jljP-9JORDyajV3g_xwG_wAAACMAARAD.jpg,A_uUKRRIhcetkAAAAAAAAAAAAAAQAAAQ.jpg,0,129,262
A_I0duQIGPqIUAAAAAAAAAAAAAAQAAAQ.jpg,A_usXqRrG0zfAAAAAAAAAAAAAAAQAAAQ.jpg,0,187,88
A_8RO8SZ_cRhQAAAAAAAAAAAAAAQAAAQ.jpg,A_uY8RT48iBmoAAAAAAAAAAAAAAQAAAQ.jpg,0,303,178
A_qA51SrJMwRIAAAAAAAAAAAAAAQAAAQ.jpg,A_mbl7SbkDKR4AAAAAAAAAAAAAAQAAAQ.jpg,0,222,16
A_W2IxTrShf0MAAAAAAAAAAAAAAQAAAQ.jpg,A_fNviRZaQBUIAAAAAAAAAAAAAAQAAAQ.jpg,0,334,151
A_hbD0T7EIoRYAAAAAAAAAAAAAAQAAAQ.jpg,A_SVMaQLMJtYIAAAAAAAAAAAAAAQAAAQ.jpg,0,74,238
A_ryBhQJmZFnUAAAAAAAAAAAAAAQAAAQ.jpg,A_Vb0FSquZ6YkAAAAAAAAAAAAAAQAAAQ.jpg,0,267,237
A__53oQqKI9vwAAAAAAAAAAAAAAQAAAQ.jpg,A_Y6qGQYFvMP0AAAAAAAAAAAAAAQAAAQ.jpg,0,340,138
A__YxFR6NzEjQAAAAAAAAAAAAAAQAAAQ.jpg,RIZCEXosSOm6gQj1pn6RSAAAACMAARAD.jpg,0,13,164
A_jjT_Q5XInXYAAAAAAAAAAAAAAQAAAQ.jpg,A_Or1GTqTym0AAAAAAAAAAAAAAAQAAAQ.jpg,0,92,170
A_zz-aSZh8rzMAAAAAAAAAAAAAAQAAAQ.jpg,A_qK3GTKpbnwAAAAAAAAAAAAAAAQAAAQ.jpg,0,127,83
A_BMEtTpAKIZUAAAAAAAAAAAAAAQAAAQ.jpg,A_jdqPRo2GPt0AAAAAAAAAAAAAAQAAAQ.jpg,0,247,115
A__YxFR6NzEjQAAAAAAAAAAAAAAQAAAQ.jpg,A_xgEcQJU0HaoAAAAAAAAAAAAAAQAAAQ.jpg,0,13,273
A_bv-GT6sWBVEAAAAAAAAAAAAAAQAAAQ.jpg,A_EZU5Q47i9PQAAAAAAAAAAAAAAQAAAQ.jpg,0,254,16
A_2bxUSqLc6wAAAAAAAAAAAAAAAQAAAQ.jpg,A_5x9gRIcmjIsAAAAAAAAAAAAAAQAAAQ.jpg,0,255,244
A_PQ-mQpRZPwgAAAAAAAAAAAAAAQAAAQ.jpg,elFmGazMSCiTA9cBKwcuMwAAACMAARAD.jpg,0,35,327
A_qA51SrJMwRIAAAAAAAAAAAAAAQAAAQ.jpg,A_CkzZSIBF3KYAAAAAAAAAAAAAAQAAAQ.jpg,0,222,299
A_HblBQpqvsuIAAAAAAAAAAAAAAQAAAQ.jpg,A_OdypSY5DoYwAAAAAAAAAAAAAAQAAAQ.jpg,0,225,298
A_BM-IS64L6owAAAAAAAAAAAAAAQAAAQ.jpg,46wgkuZZT6eVVCnVPQgrpgAAACMAARAD.jpg,0,332,327
A_FOOWRLdgH6EAAAAAAAAAAAAAAQAAAQ.jpg,A_A3vxSa7MGD4AAAAAAAAAAAAAAQAAAQ.jpg,0,42,29
A_jwl4QaUztl0AAAAAAAAAAAAAAQAAAQ.jpg,A_6rXsToXOMygAAAAAAAAAAAAAAQAAAQ.jpg,0,187,290
9Z0hAJwqQ_Sp0MUIGh4b1wAAACMAARAD.jpg,A_Ieo9SKFx2U0AAAAAAAAAAAAAAQAAAQ.jpg,0,207,82
pJMeyxnvRPOCrS-s9zDN6AAAACMAARAD.jpg,A_GNYnToAhNA8AAAAAAAAAAAAAAQAAAQ.jpg,0,323,35
A_q7aRSpBENVQAAAAAAAAAAAAAAQAAAQ.jpg,40cC6HWzRva34jaC_YZZAwAAACMAARED.jpg,0,12,128
A_-XUaRqtBWX4AAAAAAAAAAAAAAQAAAQ.jpg,A_ymwwSJZai5IAAAAAAAAAAAAAAQAAAQ.jpg,0,159,122
A_Oj4CRqQrUiU9b2pImURI-AAAAQAAAQ.jpg,A_21V8SYT5XQkAAAAAAAAAAAAAAQAAAQ.jpg,0,176,220
A_Oj4CRqQrUiU9b2pImURI-AAAAQAAAQ.jpg,5xr55tW6SGCb4W78k-0IXwAAACMAARAD.jpg,0,176,211
A_g3QTTLBYHsUAAAAAAAAAAAAAAQAAAQ.jpg,A_jBgOSoE5gk8AAAAAAAAAAAAAAQAAAQ.jpg,0,136,196
A_PYU8Qr4rH5YAAAAAAAAAAAAAAQAAAQ.jpg,A_5zh3RYWgmsoAAAAAAAAAAAAAAQAAAQ.jpg,0,19,76
qt9ydc-FTHqABlnv0E338AAAACMAARAD.jpg,uxwfx91iR5GKZanJd9Z42wAAACMAARAD.jpg,0,150,174
A_fhlXTKaMzqIAAAAAAAAAAAAAAQAAAQ.jpg,A_4COnRIftFtkAAAAAAAAAAAAAAQAAAQ.jpg,0,342,104
A_qo9KQ6YZpa0AAAAAAAAAAAAAAQAAAQ.jpg,A_zE7OR59AboMAAAAAAAAAAAAAAQAAAQ.jpg,0,11,341
A_A17DRrV-btsAAAAAAAAAAAAAAQAAAQ.jpg,A_pWOlQZby4GYAAAAAAAAAAAAAAQAAAQ.jpg,0,33,121
A_oIudQY-doeoAAAAAAAAAAAAAAQAAAQ.jpg,A_O8IBS7bcXMAAAAAAAAAAAAAAAQAAAQ.jpg,0,58,196
A_E-xxRLjoDi0AAAAAAAAAAAAAAQAAAQ.jpg,A_LRDNQb_6khoAAAAAAAAAAAAAAQAAAQ.jpg,0,115,342
A_SUrFSpyat3oAAAAAAAAAAAAAAQAAAQ.jpg,A_8TLTSrYPUTUAAAAAAAAAAAAAAQAAAQ.jpg,0,102,328
A_EvDCT75_gY4AAAAAAAAAAAAAAQAAAQ.jpg,A_3JWtT62FzhAAAAAAAAAAAAAAAQAAAQ.jpg,0,57,290
A_DkWtQphhpucAAAAAAAAAAAAAAQAAAQ.jpg,A_3JWtT62FzhAAAAAAAAAAAAAAAQAAAQ.jpg,0,195,290
A_pOfiQ7jDy14AAAAAAAAAAAAAAQAAAQ.jpg,uI5fw6x6QLSNO_eB4fXEZwAAACMAARAD.jpg,0,13,109
A_Wa5hTLtdsh8AAAAAAAAAAAAAAQAAAQ.jpg,A_tFWpS7wqAh0AAAAAAAAAAAAAAQAAAQ.jpg,0,224,39
A_D5vXRpubIH4AAAAAAAAAAAAAAQAAAQ.jpg,A_BTUkT4Eo6pQAAAAAAAAAAAAAAQAAAQ.jpg,0,154,266
36L3Z5XgRFWtMVjSmPOSTwAAACMAARAD.jpg,A_SnWNTb004p4AAAAAAAAAAAAAAQAAAQ.jpg,0,190,195
A_HngbSJVJVYUAAAAAAAAAAAAAAQAAAQ.jpg,A_79Y3T534mhsAAAAAAAAAAAAAAQAAAQ.jpg,0,112,205
A2fZWAEeTfWyTqA6MlIezgAAACMAARAD.jpg,A_rsioTJ5AOrcAAAAAAAAAAAAAAQAAAQ.jpg,0,164,9
A_A29dTpQ8IOwAAAAAAAAAAAAAAQAAAQ.jpg,A_3sPRTprtYa8AAAAAAAAAAAAAAQAAAQ.jpg,0,124,66
A_zE7OR59AboMAAAAAAAAAAAAAAQAAAQ.jpg,A_8hQJTq1WHRsAAAAAAAAAAAAAAQAAAQ.jpg,0,341,51
W2GbcBOXQ8S9PGJqLQppPQAAACMAARED.jpg,A_FgqDQY4q28cAAAAAAAAAAAAAAQAAAQ.jpg,0,209,104
A_higyRahZ3-cAAAAAAAAAAAAAAQAAAQ.jpg,A_7agWQomXiksAAAAAAAAAAAAAAQAAAQ.jpg,0,266,85
A_C_r4QL5_wX0AAAAAAAAAAAAAAQAAAQ.jpg,A_uY8RT48iBmoAAAAAAAAAAAAAAQAAAQ.jpg,0,121,178
gpZWgwFPRP-Iq02OHwMZPgAAACMAARAD.jpg,A_y6yGT6qZ-m4AAAAAAAAAAAAAAQAAAQ.jpg,0,52,103
A_B17tQL9G7GBxlR5AvcHBegAAAQAAAQ.jpg,A_Hd0LRLVyFxQAAAAAAAAAAAAAAQAAAQ.jpg,0,331,213
A__iSlQZS0IuEAAAAAAAAAAAAAAQAAAQ.jpg,A_4OwVSaVoxg4AAAAAAAAAAAAAAQAAAQ.jpg,0,197,170
A_mhYFS7uBQCIAAAAAAAAAAAAAAQAAAQ.jpg,A_XiKLT6SCDZsAAAAAAAAAAAAAAQAAAQ.jpg,0,193,168
A_ymwwSJZai5IAAAAAAAAAAAAAAQAAAQ.jpg,A_D6LoTIKJagkAAAAAAAAAAAAAAQAAAQ.jpg,0,122,77
A_Km6WQabbG9cAAAAAAAAAAAAAAQAAAQ.jpg,A_3hHGTIRrcnwAAAAAAAAAAAAAAQAAAQ.jpg,0,248,9
A_fNviRZaQBUIAAAAAAAAAAAAAAQAAAQ.jpg,A_KhFwTKJ4XWwAAAAAAAAAAAAAAQAAAQ.jpg,0,151,338
A_hPGSRoU0C8kAAAAAAAAAAAAAAQAAAQ.jpg,A_nec0R4X7desAAAAAAAAAAAAAAQAAAQ.jpg,0,308,189
A_CFppRq-ikRoAAAAAAAAAAAAAAQAAAQ.jpg,A_2W5zQLpISkcAAAAAAAAAAAAAAQAAAQ.jpg,0,227,105
A_KjDbQJVMoCMAAAAAAAAAAAAAAQAAAQ.jpg,A_GMLtS7vMkDMAAAAAAAAAAAAAAQAAAQ.jpg,0,171,241
A_KjDbQJVMoCMAAAAAAAAAAAAAAQAAAQ.jpg,gioGl7mwSCab39gMX8ARnAAAACMAARAD.jpg,0,171,177
A_EcV-QL_t4UAAAAAAAAAAAAAAAQAAAQ.jpg,zGfOrLgJRWq4z48tv9EHeQAAACMAARAD.jpg,0,67,155
A_aDKBQ7mM76cAAAAAAAAAAAAAAQAAAQ.jpg,A_f7WbRLWc904AAAAAAAAAAAAAAQAAAQ.jpg,0,256,142
A_vAl2Q52NU9MAAAAAAAAAAAAAAQAAAQ.jpg,A_bmExSKHslRkAAAAAAAAAAAAAAQAAAQ.jpg,0,340,14
A_SU_3R4a-QnYAAAAAAAAAAAAAAQAAAQ.jpg,WpudhUmPQtCbPSRoq9BnHgAAACMAARAD.jpg,0,259,20
A_8RO8SZ_cRhQAAAAAAAAAAAAAAQAAAQ.jpg,A_b4GpSbjTmGoAAAAAAAAAAAAAAQAAAQ.jpg,0,303,337
A_to61RICU3tgAAAAAAAAAAAAAAQAAAQ.jpg,A_aOn9RpOdtFIAAAAAAAAAAAAAAQAAAQ.jpg,0,139,172
igBDl6ziSdODf-fpbtEL1wAAACMAARAD.jpg,A_X5hASJq4FlIAAAAAAAAAAAAAAQAAAQ.jpg,0,306,240
A_NbMERImKF5IAAAAAAAAAAAAAAQAAAQ.jpg,A_xigkRLl7oW4AAAAAAAAAAAAAAQAAAQ.jpg,0,214,230
T3Ow5yM2ThqSP6KFh8RfwAAAACMAARAD.jpg,A_MwufRZG5iJ8AAAAAAAAAAAAAAQAAAQ.jpg,0,282,236
A_kiLeTKqEGUkAAAAAAAAAAAAAAQAAAQ.jpg,A_N13KR4j5Yt8AAAAAAAAAAAAAAQAAAQ.jpg,0,1,228
A_xkbbR6DqPbwAAAAAAAAAAAAAAQAAAQ.jpg,FjU3DCiVRJi-p0oNR-tAGgAAACMAARAD.jpg,0,288,27
A_TlQXRagTGKcAAAAAAAAAAAAAAQAAAQ.jpg,A_5QphQrKDPQgAAAAAAAAAAAAAAQAAAQ.jpg,0,172,285
A_8TLTSrYPUTUAAAAAAAAAAAAAAQAAAQ.jpg,A_ItmHSrXG59IAAAAAAAAAAAAAAQAAAQ.jpg,0,328,179
A_cUEKTLA6SR4AAAAAAAAAAAAAAQAAAQ.jpg,A_9jzqQrTHgCQAAAAAAAAAAAAAAQAAAQ.jpg,0,312,126
A_DkWtQphhpucAAAAAAAAAAAAAAQAAAQ.jpg,A_L9_gSaoQ_w8AAAAAAAAAAAAAAQAAAQ.jpg,0,195,234
A_7Rs9Q46XFoAAAAAAAAAAAAAAAQAAAQ.jpg,A_QQwbSY54pOsAAAAAAAAAAAAAAQAAAQ.jpg,0,92,48
A_eUwvR77C5UwAAAAAAAAAAAAAAQAAAQ.jpg,A_P3qUR6v9jfsAAAAAAAAAAAAAAQAAAQ.jpg,0,65,204
A_c_7LRYptgZ4AAAAAAAAAAAAAAQAAAQ.jpg,A_SD6EQ6H3_WcAAAAAAAAAAAAAAQAAAQ.jpg,0,263,47
A_TLSkT501MYQAAAAAAAAAAAAAAQAAAQ.jpg,O1CN01FwhDIF1wj8peOpsqy_!!0-mtopupload.jpg,0,325,22
O1CN01FwhDIF1wj8peOpsqy_!!0-mtopupload.jpg,A_TY-_RJN0r98AAAAAAAAAAAAAAQAAAQ.jpg,0,22,79
A_WNgORoRRamAAAAAAAAAAAAAAAQAAAQ.jpg,A_QZE9RZrlk7wAAAAAAAAAAAAAAQAAAQ.jpg,0,141,223
A_88GIR4a9ssoAAAAAAAAAAAAAAQAAAQ.jpg,A_yuLVT43MzcgAAAAAAAAAAAAAAQAAAQ.jpg,0,266,167
A__53oQqKI9vwAAAAAAAAAAAAAAQAAAQ.jpg,A_ffGlTZG85-QAAAAAAAAAAAAAAQAAAQ.jpg,0,340,322
A_lhr8T5PNQm0AAAAAAAAAAAAAAQAAAQ.jpg,A_VfpjQZM4v8EAAAAAAAAAAAAAAQAAAQ.jpg,0,231,196
A_YfwbQJ4I5K8AAAAAAAAAAAAAAQAAAQ.jpg,A_iAk4T7b-HD4AAAAAAAAAAAAAAQAAAQ.jpg,0,311,337
1u5RC96DSSGhP-caETvXfQAAACMAARAD.jpg,A_4uZrQJsALPQAAAAAAAAAAAAAAQAAAQ.jpg,0,177,135
A_EgytQoIRmCEAAAAAAAAAAAAAAQAAAQ.jpg,A_29WIRrT3Pg4AAAAAAAAAAAAAAQAAAQ.jpg,0,343,75
A_qK0OTL76_bMAAAAAAAAAAAAAAQAAAQ.jpg,A_J9o_QJCEnBQAAAAAAAAAAAAAAQAAAQ.jpg,0,21,94
A_hdpuRLEj1id2OI1JoO1-QAAAAQAAAQ.jpg,A_1ruyQ7LcAuoAAAAAAAAAAAAAAQAAAQ.jpg,0,326,347
A_TIBEQZKlgbsAAAAAAAAAAAAAAQAAAQ.jpg,A_dZG9Q4576q8AAAAAAAAAAAAAAQAAAQ.jpg,0,237,183
A_mVW5RI4asboAAAAAAAAAAAAAAQAAAQ.jpg,A_rmRYSoi_81sAAAAAAAAAAAAAAQAAAQ.jpg,0,255,218
A__euTTbzk1_QAAAAAAAAAAAAAAQAAAQ.jpg,A_BdbARbNUADgAAAAAAAAAAAAAAQAAAQ.jpg,0,210,122
A_TgAqQpXQPWgAAAAAAAAAAAAAAQAAAQ.jpg,A_stmPT54njmIAAAAAAAAAAAAAAQAAAQ.jpg,0,139,147
A_-iZQTKAWibIAAAAAAAAAAAAAAQAAAQ.jpg,xW1Mn56mRh-OB69ayDWmoQAAACMAARAD.jpg,0,230,190
A_UGJ9TY8666oAAAAAAAAAAAAAAQAAAQ.jpg,A_fAd6Q6jPCKAAAAAAAAAAAAAAAQAAAQ.jpg,0,325,339
A_5QphQrKDPQgAAAAAAAAAAAAAAQAAAQ.jpg,A_dxCNSp4IGbAAAAAAAAAAAAAAAQAAAQ.jpg,0,285,172
A_ywmfQoWVLnUAAAAAAAAAAAAAAQAAAQ.jpg,A_K-1tRZOChRUAAAAAAAAAAAAAAQAAAQ.jpg,0,78,181
A_qA51SrJMwRIAAAAAAAAAAAAAAQAAAQ.jpg,A_EUqYT7AVrh4AAAAAAAAAAAAAAQAAAQ.jpg,0,222,154
5tv9hCixSeCiHja6EI7b6AAAACMAARAD.jpg,X7bAJ7tFSBG_4F661zvLggAAACMAARAD.jpg,0,120,207
A_f8MgS5sAGg0AAAAAAAAAAAAAAQAAAQ.jpg,A_ysxzSpSaAJ0AAAAAAAAAAAAAAQAAAQ.jpg,0,93,66
A_Uw6pRLOcnFcAAAAAAAAAAAAAAQAAAQ.jpg,A_Ka1IRZhFoOoAAAAAAAAAAAAAAQAAAQ.jpg,0,242,125
A_DLIAQKcBAyYAAAAAAAAAAAAAAQAAAQ.jpg,A_qltmS7ZNsLUAAAAAAAAAAAAAAQAAAQ.jpg,0,244,91
GkKIt_19Rh2gdu0uxH4mbgAAACMAARAD.jpg,A_zE7OR59AboMAAAAAAAAAAAAAAQAAAQ.jpg,0,291,341
A_Vb0FSquZ6YkAAAAAAAAAAAAAAQAAAQ.jpg,A_04oDR5lbyT4AAAAAAAAAAAAAAQAAAQ.jpg,0,237,163
A_8gLsQ6KuwHQAAAAAAAAAAAAAAQAAAQ.jpg,A_Y4XwSLpSghkAAAAAAAAAAAAAAQAAAQ.jpg,0,124,114
zusOFo_RSsqRAqtrfJ1fEgAAACMAARAD.jpg,A_j72ARLb_6boAAAAAAAAAAAAAAQAAAQ.jpg,0,348,161
A_v9o_T5ly55wAAAAAAAAAAAAAAQAAAQ.jpg,A_8yHrSI9wXtsAAAAAAAAAAAAAAQAAAQ.jpg,0,344,334
A_fgxxT7gC-zwAAAAAAAAAAAAAAQAAAQ.jpg,A_5X2gQreyAEgAAAAAAAAAAAAAAQAAAQ.jpg,0,198,93
A_tjIQQ4rItcQAAAAAAAAAAAAAAQAAAQ.jpg,Xep9PWi-TnyRkBu-1lOpugAAACMAARAD.jpg,0,163,150
8uu1FfYMQXe3pxQOcXQR9gAAACMAARAD.jpg,K36qV-IBRmOVon1zVvZi5gAAACMAARAD.jpg,0,155,321
A_0mFaQoSKPVgAAAAAAAAAAAAAAQAAAQ.jpg,A_iK_RRJMtR_0AAAAAAAAAAAAAAQAAAQ.jpg,0,87,101
5tv9hCixSeCiHja6EI7b6AAAACMAARAD.jpg,A_mwbHSqmRhcQAAAAAAAAAAAAAAQAAAQ.jpg,0,120,253
A_QQI2TrP_nAAAAAAAAAAAAAAAAQAAAQ.jpg,PXhnsQ6BSAW7VRUKjS1fswAAACMAARAD.jpg,0,199,70
A_fdNlRZAJ1LIAAAAAAAAAAAAAAQAAAQ.jpg,A_SJTyRbZbs-8AAAAAAAAAAAAAAQAAAQ.jpg,0,89,149
K36qV-IBRmOVon1zVvZi5gAAACMAARAD.jpg,A_tZlpQLPXXpQAAAAAAAAAAAAAAQAAAQ.jpg,0,321,84
A_7uWzQaplAc4AAAAAAAAAAAAAAQAAAQ.jpg,A_YfwbQJ4I5K8AAAAAAAAAAAAAAQAAAQ.jpg,0,260,311
A_KxBVRZ_49dEAAAAAAAAAAAAAAQAAAQ.jpg,A_aOn9RpOdtFIAAAAAAAAAAAAAAQAAAQ.jpg,0,176,172
A_iJVwTais0UgAAAAAAAAAAAAAAQAAAQ.jpg,A_e6DJRYXhaSoAAAAAAAAAAAAAAQAAAQ.jpg,0,131,193
A_5aAtRZYw7_wAAAAAAAAAAAAAAQAAAQ.jpg,A_EhJNRrpu2Z0AAAAAAAAAAAAAAQAAAQ.jpg,0,51,233
A_gWzlTqoUv50AAAAAAAAAAAAAAQAAAQ.jpg,A_4OwVSaVoxg4AAAAAAAAAAAAAAQAAAQ.jpg,0,239,170
A_qL1DQ52JFAsAAAAAAAAAAAAAAQAAAQ.jpg,A_7FcUTJfZ-EEAAAAAAAAAAAAAAQAAAQ.jpg,0,44,200
A_D_SeQ4c--GwAAAAAAAAAAAAAAQAAAQ.jpg,A_SB5pT6dIdz0AAAAAAAAAAAAAAQAAAQ.jpg,0,309,197
8Qwjp3LcQ3iDOb7i9kMsegAAACMAARAD.jpg,A_wivkSpYnjv0AAAAAAAAAAAAAAQAAAQ.jpg,0,20,101
A_xvAiTaIgyiIAAAAAAAAAAAAAAQAAAQ.jpg,A_tnVbTq1hG0IAAAAAAAAAAAAAAQAAAQ.jpg,0,154,194
A_ccDFRJJgbtIAAAAAAAAAAAAAAQAAAQ.jpg,A_92a6Tq_Mr68AAAAAAAAAAAAAAQAAAQ.jpg,0,0,175
A_qr-cQJhu1vcAAAAAAAAAAAAAAQAAAQ.jpg,8Qwjp3LcQ3iDOb7i9kMsegAAACMAARAD.jpg,0,35,20
QdzTTlrGTCCQ1F9xM9w-rwAAACMAARED.jpg,A_1Sm2RrE0saQAAAAAAAAAAAAAAQAAAQ.jpg,0,321,95
A_45ZeSYlRX04AAAAAAAAAAAAAAQAAAQ.jpg,A_3uJrSJQRo58AAAAAAAAAAAAAAQAAAQ.jpg,0,338,275
bMTOZCIyTXCpPa4ub3bHTQAAACMAARAD.jpg,A_-ZsZRYceA08AAAAAAAAAAAAAAQAAAQ.jpg,0,72,96
A_FraFT4NK-OwAAAAAAAAAAAAAAQAAAQ.jpg,A_Zt9yT7lqoQMAAAAAAAAAAAAAAQAAAQ.jpg,0,204,47
A_lv0eRrxAXNwAAAAAAAAAAAAAAQAAAQ.jpg,A_7t5MRrn6fyUAAAAAAAAAAAAAAQAAAQ.jpg,0,193,303
A_8xTQSLkd18MAAAAAAAAAAAAAAQAAAQ.jpg,A_CHCqQrj2mVQAAAAAAAAAAAAAAQAAAQ.jpg,0,125,303
A_lPwKS7HXTIUAAAAAAAAAAAAAAQAAAQ.jpg,A_vzFyQL-m9f0AAAAAAAAAAAAAAQAAAQ.jpg,0,309,11
A_t87cQqq5PeYAAAAAAAAAAAAAAQAAAQ.jpg,A_Q8HDR58ZuAwAAAAAAAAAAAAAAQAAAQ.jpg,0,146,251
A_MkJtQKVpPRIAAAAAAAAAAAAAAQAAAQ.jpg,A_NDzHTLNzG5MAAAAAAAAAAAAAAQAAAQ.jpg,0,232,235
A_jjT_Q5XInXYAAAAAAAAAAAAAAQAAAQ.jpg,A_jB9eRYoChjwAAAAAAAAAAAAAAQAAAQ.jpg,0,92,175
A_zOObQob7uGMAAAAAAAAAAAAAAQAAAQ.jpg,A_RkkmTYGR2GgAAAAAAAAAAAAAAQAAAQ.jpg,0,65,201
A_7zNRSYbqsoAAAAAAAAAAAAAAAQAAAQ.jpg,A_1WHrSb70BwYAAAAAAAAAAAAAAQAAAQ.jpg,0,130,347
A_pGBkRrTqPD0AAAAAAAAAAAAAAQAAAQ.jpg,A_S7r7Srj5r_wAAAAAAAAAAAAAAQAAAQ.jpg,0,5,313
A_00wGQ6p8j_UAAAAAAAAAAAAAAQAAAQ.jpg,A_qWCCR7R42PUAAAAAAAAAAAAAAQAAAQ.jpg,0,214,288
A_dI4zSai8yk-dZNBKqTLbdAAAAQAAAQ.jpg,A_d-HpRbQdU1YAAAAAAAAAAAAAAQAAAQ.jpg,0,221,33
A_gceJT5IcfZ4AAAAAAAAAAAAAAQAAAQ.jpg,A_hsJDSo4xcbkAAAAAAAAAAAAAAQAAAQ.jpg,0,40,3
A_8g2uSoogj9AAAAAAAAAAAAAAAQAAAQ.jpg,A_xNCNSreklsIAAAAAAAAAAAAAAQAAAQ.jpg,0,322,1
A_8MxtS7nrx5oAAAAAAAAAAAAAAQAAAQ.jpg,A_oLSJS49B_k4AAAAAAAAAAAAAAQAAAQ.jpg,0,53,317
A_Hp9BSaTeieAAAAAAAAAAAAAAAQAAAQ.jpg,A_aA69SpvZhQQAAAAAAAAAAAAAAQAAAQ.jpg,0,29,311
A_hV6oRqWGM8sAAAAAAAAAAAAAAQAAAQ.jpg,A_cexvRK__-1MAAAAAAAAAAAAAAQAAAQ.jpg,0,329,204
jjWLPK10Q3S11BG3fnopQgAAACMAARAD.jpg,A_Hu1zSa0hFcdm4cpMozBtlgAAAQAAAQ.jpg,0,188,187
T9sfxIkpSdiBNdMd91kAeAAAACMAARAD.jpg,A__euTTbzk1_QAAAAAAAAAAAAAAQAAAQ.jpg,0,321,210
B4vLF17OQ7iz0JDSOsJBYwAAACMAARAD.jpg,A_cFBbQb-i068AAAAAAAAAAAAAAQAAAQ.jpg,0,71,16
A_6wWbR7D5KboAAAAAAAAAAAAAAQAAAQ.jpg,A_UHv6TJv2h5cAAAAAAAAAAAAAAQAAAQ.jpg,0,61,283
A_7aSXR6UMp8sAAAAAAAAAAAAAAQAAAQ.jpg,A_uSLAQKtJDr4AAAAAAAAAAAAAAQAAAQ.jpg,0,115,179
A_SXGPT6VlGv0AAAAAAAAAAAAAAQAAAQ.jpg,A_bRcAQpqLS8kAAAAAAAAAAAAAAQAAAQ.jpg,0,15,184
A_SyljToXBtGgAAAAAAAAAAAAAAQAAAQ.jpg,t7OjT-JkTe-fdqtZnMC8oAAAACMAARAD.jpg,0,88,129
A_jcJHTp85KP0AAAAAAAAAAAAAAQAAAQ.jpg,A_wOfbQoNWSAQAAAAAAAAAAAAAAQAAAQ.jpg,0,64,2
Fv9FYvAkQc6AGTP11upBrwAAACMAARAD.jpg,A_0tvJRLe5_mUAAAAAAAAAAAAAAQAAAQ.jpg,0,4,86
A_0tvJRLe5_mUAAAAAAAAAAAAAAQAAAQ.jpg,dGG2aRuKRkqEOETt9YkP4gAAACMAARAD.jpg,0,86,282
A_Oa8eT5Wc8OgAAAAAAAAAAAAAAQAAAQ.jpg,A_Jt0NQ7kxnNgAAAAAAAAAAAAAAQAAAQ.jpg,0,113,314
A_mEEyRI2A9fMAAAAAAAAAAAAAAQAAAQ.jpg,A_QQwbSY54pOsAAAAAAAAAAAAAAQAAAQ.jpg,0,251,48
A_GN8FS4YXEKMAAAAAAAAAAAAAAQAAAQ.jpg,A_hV6oRqWGM8sAAAAAAAAAAAAAAQAAAQ.jpg,0,82,329
A_-JpBS6Eepe4AAAAAAAAAAAAAAQAAAQ.jpg,A_wPnAQIK6lFQAAAAAAAAAAAAAAQAAAQ.jpg,0,210,84
I-4jbqVlSyeXyWm3u8uXGQAAACMAARAD.jpg,A_4lT3QpjRRVEAAAAAAAAAAAAAAQAAAQ.jpg,0,56,258
A_I8uqQ7SlDm0AAAAAAAAAAAAAAQAAAQ.jpg,A_-mntSLpmrZwAAAAAAAAAAAAAAQAAAQ.jpg,0,271,149
A_AoHdR7FLKwgAAAAAAAAAAAAAAQAAAQ.jpg,A_I-uhS4pzzngAAAAAAAAAAAAAAQAAAQ.jpg,0,178,260
A_oZO5TK174JsAAAAAAAAAAAAAAQAAAQ.jpg,A_2TkOSZj4Q5QAAAAAAAAAAAAAAQAAAQ.jpg,0,184,108
A_29ykT6cSV_gAAAAAAAAAAAAAAQAAAQ.jpg,A_llXqTpsSgWwAAAAAAAAAAAAAAQAAAQ.jpg,0,247,90
A_OkeCQptuOYkAAAAAAAAAAAAAAQAAAQ.jpg,A_i-nLRI_4Z-QAAAAAAAAAAAAAAQAAAQ.jpg,0,32,313
A_8vypTI74gzgAAAAAAAAAAAAAAQAAAQ.jpg,A_yqmVSY6yhroAAAAAAAAAAAAAAQAAAQ.jpg,0,295,104
A_wr26TqasgdEAAAAAAAAAAAAAAQAAAQ.jpg,A_PD58S5qjNQoAAAAAAAAAAAAAAQAAAQ.jpg,0,165,262
xEkROLFrT8eZz88qyGMUDgAAACMAARAD.jpg,BnMTwNDZTDic7PE_4wP9cwAAACMAARAD.jpg,0,327,186
A_lvCUQay2busAAAAAAAAAAAAAAQAAAQ.jpg,A_plIEQ4aQaFEAAAAAAAAAAAAAAQAAAQ.jpg,0,226,349
A_D6LoTIKJagkAAAAAAAAAAAAAAQAAAQ.jpg,KhYwboiXREiuD9ad__7GDwAAACMAARAD.jpg,0,77,188
A_ivfcQaWsgdsAAAAAAAAAAAAAAQAAAQ.jpg,A_8MxtS7nrx5oAAAAAAAAAAAAAAQAAAQ.jpg,0,296,53
A_qr-cQJhu1vcAAAAAAAAAAAAAAQAAAQ.jpg,A_sfE-TqYrEMMAAAAAAAAAAAAAAQAAAQ.jpg,0,35,93
A_jHKHTLW4rOcAAAAAAAAAAAAAAQAAAQ.jpg,A_f7WbRLWc904AAAAAAAAAAAAAAQAAAQ.jpg,0,267,142
A_p05OT6oYxSoAAAAAAAAAAAAAAQAAAQ.jpg,A_qQf9R5n-NaZuA4BJgsZMVwAAAQAAAQ.jpg,0,11,10
A_yuLVT43MzcgAAAAAAAAAAAAAAQAAAQ.jpg,A_sjosRJ0wPVkAAAAAAAAAAAAAAQAAAQ.jpg,0,167,179
A_tB9JQ6SKjKYAAAAAAAAAAAAAAQAAAQ.jpg,A_jcJHTp85KP3Y3pFEtvZWcAAAAQAAAQ.jpg,0,201,64
A_wivkSpYnjv0AAAAAAAAAAAAAAQAAAQ.jpg,A_Uh4ZRZjAbOAAAAAAAAAAAAAAAQAAAQ.jpg,0,101,52
X7bAJ7tFSBG_4F661zvLggAAACMAARAD.jpg,A_mHpGR5oYn_kAAAAAAAAAAAAAAQAAAQ.jpg,0,207,320
A_C_r4QL5_wX0AAAAAAAAAAAAAAQAAAQ.jpg,40cC6HWzRva34jaC_YZZAwAAACMAARED.jpg,0,121,128
A_7kJbS6bLFokAAAAAAAAAAAAAAQAAAQ.jpg,A_0RBhTJcWtikAAAAAAAAAAAAAAQAAAQ.jpg,0,205,270
A_wSWmTr7_FucAAAAAAAAAAAAAAQAAAQ.jpg,A_VKWZTI04Y7wAAAAAAAAAAAAAAQAAAQ.jpg,0,302,41
A_I4uaQKtPPhAAAAAAAAAAAAAAAQAAAQ.jpg,A_TKDrRJ6csBwAAAAAAAAAAAAAAQAAAQ.jpg,0,329,257
A_TY-_RJN0r98AAAAAAAAAAAAAAQAAAQ.jpg,A_Db7ZTbup1uwAAAAAAAAAAAAAAQAAAQ.jpg,0,79,254
A_hB7UQZ1wHGQAAAAAAAAAAAAAAQAAAQ.jpg,A_sw55T7tdUW8AAAAAAAAAAAAAAQAAAQ.jpg,0,183,29
A_lzVvRL-LTpYAAAAAAAAAAAAAAQAAAQ.jpg,A_82YISZVTz64AAAAAAAAAAAAAAQAAAQ.jpg,0,225,298
cOr4Q-vIToudfDTJK_hYsQAAACMAARAD.jpg,A_uMyGRoe6OD4AAAAAAAAAAAAAAQAAAQ.jpg,0,4,23
A_ryBhQJmZFnUAAAAAAAAAAAAAAQAAAQ.jpg,A_OssPT5JNclsAAAAAAAAAAAAAAQAAAQ.jpg,0,267,269
A_ZkMGSr_0kyQAAAAAAAAAAAAAAQAAAQ.jpg,A_2fEAQ6wRV78AAAAAAAAAAAAAAQAAAQ.jpg,0,138,255
xwiaT4SHTLGOVAZCtHq9yQAAACMAARAD.jpg,8fDO2NZcTqetpeRD2liw8gAAACMAARAD.jpg,0,27,190
A_8MxtS7nrx5oAAAAAAAAAAAAAAQAAAQ.jpg,A_LaJXSLgvcWABL0VDvY1hqgAAAQAAAQ.jpg,0,53,185
A_g-xBTZf8gWoAAAAAAAAAAAAAAQAAAQ.jpg,A_XNHHSZlJH00AAAAAAAAAAAAAAQAAAQ.jpg,0,256,153
A_n4mzQqZYsskAAAAAAAAAAAAAAQAAAQ.jpg,A_W9fQSKt4JzUAAAAAAAAAAAAAAQAAAQ.jpg,0,131,95
A_XHurTYV1xScAAAAAAAAAAAAAAQAAAQ.jpg,A_iyCnSJYS2eQAAAAAAAAAAAAAAQAAAQ.jpg,0,337,312
aa7CED-ZTiSSG_-WFIoMkwAAACMAARAD.jpg,A_4rjUSryl48IAAAAAAAAAAAAAAQAAAQ.jpg,0,166,317
A_02oeQZQGpSIAAAAAAAAAAAAAAQAAAQ.jpg,A_dN7FSZa9E6kAAAAAAAAAAAAAAQAAAQ.jpg,0,297,225
A_v9o_T5ly55wAAAAAAAAAAAAAAQAAAQ.jpg,A_TY-_RJN0r98AAAAAAAAAAAAAAQAAAQ.jpg,0,344,79
A_e7dMTaR9QaEAAAAAAAAAAAAAAQAAAQ.jpg,A_9rUXTan94pAAAAAAAAAAAAAAAQAAAQ.jpg,0,312,32
crE-yGuKTyaiQLaA4borcAAAACMAARAD.jpg,A_5dNJRaepYnUAAAAAAAAAAAAAAQAAAQ.jpg,0,109,302
A_VR95Q4yGMG0AAAAAAAAAAAAAAQAAAQ.jpg,A_TY-_RJN0r98AAAAAAAAAAAAAAQAAAQ.jpg,0,114,79
A_h0e0SItXSKwAAAAAAAAAAAAAAQAAAQ.jpg,A_CKcESIEZPPsAAAAAAAAAAAAAAQAAAQ.jpg,0,289,198
spShQhU4QW2E7C_-GrtwBwAAACMAARAD.jpg,A_qA51SrJMwRIAAAAAAAAAAAAAAQAAAQ.jpg,0,72,222
A_X5hASJq4FlIAAAAAAAAAAAAAAQAAAQ.jpg,A_DJoqQr7L5-IAAAAAAAAAAAAAAQAAAQ.jpg,0,240,36
A_Q2ygQ7cJQygAAAAAAAAAAAAAAQAAAQ.jpg,A_vXcfRYxmGwMAAAAAAAAAAAAAAQAAAQ.jpg,0,276,85
A_bRcAQpqLS8kAAAAAAAAAAAAAAQAAAQ.jpg,A_lhr8T5PNQm0AAAAAAAAAAAAAAQAAAQ.jpg,0,184,231
A_TlQXRagTGKcAAAAAAAAAAAAAAQAAAQ.jpg,PYuk0PscTpKyg5nsQBOYZgAAACMAARAD.jpg,0,172,107
I-4jbqVlSyeXyWm3u8uXGQAAACMAARAD.jpg,A_miO8RI_sLsIAAAAAAAAAAAAAAQAAAQ.jpg,0,56,180
A_a0R0R5IAcOEAAAAAAAAAAAAAAQAAAQ.jpg,HuSWm8MwS8C21fYeSVVyagAAACMAARAD.jpg,0,167,134
A_1OujSoSRAr8AAAAAAAAAAAAAAQAAAQ.jpg,dGG2aRuKRkqEOETt9YkP4gAAACMAARAD.jpg,0,292,282
A_S8r-QoOdnNoAAAAAAAAAAAAAAQAAAQ.jpg,A_MwufRZG5iJ8AAAAAAAAAAAAAAQAAAQ.jpg,0,28,236
A_m7-sRo3H-HgAAAAAAAAAAAAAAQAAAQ.jpg,A_tgVnS7L93MwAAAAAAAAAAAAAAQAAAQ.jpg,0,330,247
t7OjT-JkTe-fdqtZnMC8oAAAACMAARAD.jpg,A_03AFSaoCIYMAAAAAAAAAAAAAAQAAAQ.jpg,0,129,184
A_naL1RJ86jCoAAAAAAAAAAAAAAQAAAQ.jpg,A_NLtxRaP1d6wAAAAAAAAAAAAAAQAAAQ.jpg,0,28,106
A_LvVhRqiGvcIAAAAAAAAAAAAAAQAAAQ.jpg,A_otkrQ6x55ioAAAAAAAAAAAAAAQAAAQ.jpg,0,194,123
UB-NZRT8SxapdoqCNWuvvAAAACMAARAD.jpg,A_LZQHRJnzs8kAAAAAAAAAAAAAAQAAAQ.jpg,0,211,85
A_W-xaT78i22MAAAAAAAAAAAAAAQAAAQ.jpg,A_pWOlQZby4GYAAAAAAAAAAAAAAQAAAQ.jpg,0,50,121
A_LKyVRYb174gAAAAAAAAAAAAAAQAAAQ.jpg,A_m30KQICzj5QAAAAAAAAAAAAAAQAAAQ.jpg,0,203,332
zusOFo_RSsqRAqtrfJ1fEgAAACMAARAD.jpg,A_cFBbQb-i068AAAAAAAAAAAAAAQAAAQ.jpg,0,348,16
A_KlKMQ7YwUQUAAAAAAAAAAAAAAQAAAQ.jpg,gpZWgwFPRP-Iq02OHwMZPgAAACMAARAD.jpg,0,269,52
A_V3ppS6VZwMoAAAAAAAAAAAAAAQAAAQ.jpg,A_eCGwQpnlatEAAAAAAAAAAAAAAQAAAQ.jpg,0,340,80
A_mVW5RI4asboAAAAAAAAAAAAAAQAAAQ.jpg,A_OQeoS4r3iwoAAAAAAAAAAAAAAQAAAQ.jpg,0,255,284
A_KXFaQ7PvD3gAAAAAAAAAAAAAAQAAAQ.jpg,A_f0N3RpGHGX4AAAAAAAAAAAAAAQAAAQ.jpg,0,169,73
A_Ba6QQqFUsP4AAAAAAAAAAAAAAQAAAQ.jpg,A_aEr8SogcnnIAAAAAAAAAAAAAAQAAAQ.jpg,0,15,311
A_57b6Sb8-FAYAAAAAAAAAAAAAAQAAAQ.jpg,BnMTwNDZTDic7PE_4wP9cwAAACMAARAD.jpg,0,300,186
A_v-mDS7qZe7oAAAAAAAAAAAAAAQAAAQ.jpg,A_M2dJTrQsL7gAAAAAAAAAAAAAAQAAAQ.jpg,0,19,167
A_aMDbQ5OmVQ4AAAAAAAAAAAAAAQAAAQ.jpg,A_vaaqQKunbZkAAAAAAAAAAAAAAQAAAQ.jpg,0,95,141
A_BXDpSpUjofgAAAAAAAAAAAAAAQAAAQ.jpg,A_0ZBaRKtusuAAAAAAAAAAAAAAAQAAAQ.jpg,0,68,182
A_OssPT5JNclsAAAAAAAAAAAAAAQAAAQ.jpg,A_Uw6pRLOcnFcAAAAAAAAAAAAAAQAAAQ.jpg,0,269,242
A_vcbAQrSa0GIAAAAAAAAAAAAAAQAAAQ.jpg,A_oU0aQJ48IRsAAAAAAAAAAAAAAQAAAQ.jpg,0,222,133
A_mFi6TLRxJ9cAAAAAAAAAAAAAAQAAAQ.jpg,A_aEr8SogcnnIAAAAAAAAAAAAAAQAAAQ.jpg,0,144,311
A_0RBhTJcWtikAAAAAAAAAAAAAAQAAAQ.jpg,A_vbb5RrhFhKkAAAAAAAAAAAAAAQAAAQ.jpg,0,270,220
GkKIt_19Rh2gdu0uxH4mbgAAACMAARAD.jpg,A__MyoS6tXD44AAAAAAAAAAAAAAQAAAQ.jpg,0,291,86
A_JzxkRq5CL7UKXIZGrRlzfQAAAQAAAQ.jpg,A_GIwlTbJGP0EAAAAAAAAAAAAAAQAAAQ.jpg,0,216,30
rMWpilyUToW_ESjYFAiCGwAAACMAARAD.jpg,A_mbdXS47FykQAAAAAAAAAAAAAAQAAAQ.jpg,0,238,252
A_WAmwRrFJUhUAAAAAAAAAAAAAAQAAAQ.jpg,A_50hVQpJOh38AAAAAAAAAAAAAAQAAAQ.jpg,0,149,333
A_pO8kQqJBt3EAAAAAAAAAAAAAAQAAAQ.jpg,A_s6NBRJVoqogAAAAAAAAAAAAAAQAAAQ.jpg,0,39,228
A_0gczRYEcMd0AAAAAAAAAAAAAAQAAAQ.jpg,A_olfhSYntr84AAAAAAAAAAAAAAQAAAQ.jpg,0,193,337
A_cWO0Sb2sA9gAAAAAAAAAAAAAAQAAAQ.jpg,A_Z9O5TZhkv2IAAAAAAAAAAAAAAQAAAQ.jpg,0,200,227
A_1cY0SJWiw2gAAAAAAAAAAAAAAQAAAQ.jpg,A_JFQFRqCRuouu-ldCkHSAIAAAAQAAAQ.jpg,0,249,68
zQs0kBsAS2mS20h_2hp37AAAACMAARAD.jpg,WmmQfVkFSa6ES7uWWRqn-gAAACMAARAD.jpg,0,316,20
A_Dl-rQYisXAQAAAAAAAAAAAAAAQAAAQ.jpg,A_roDNRZHSdREAAAAAAAAAAAAAAQAAAQ.jpg,0,37,88
A_-pSrT6xClQcAAAAAAAAAAAAAAQAAAQ.jpg,A_TQs9RbfFYCkAAAAAAAAAAAAAAQAAAQ.jpg,0,97,280
A_KRnoQ5ccGD4AAAAAAAAAAAAAAQAAAQ.jpg,A_bBofSp4thsQAAAAAAAAAAAAAAQAAAQ.jpg,0,235,45
A_uqQZTalXwHYAAAAAAAAAAAAAAQAAAQ.jpg,A_ncTYTqtScNEAAAAAAAAAAAAAAQAAAQ.jpg,0,301,299
A_LngHSpFXTD4AAAAAAAAAAAAAAQAAAQ.jpg,A_NDzHTLNzG5MAAAAAAAAAAAAAAQAAAQ.jpg,0,336,235
A_OT8IQIP4z90AAAAAAAAAAAAAAQAAAQ.jpg,A_p05OT6oYxSoAAAAAAAAAAAAAAQAAAQ.jpg,0,264,11
A_DpAcQ6ZefVMAAAAAAAAAAAAAAQAAAQ.jpg,A_iAk4T7b-HD4AAAAAAAAAAAAAAQAAAQ.jpg,0,246,337
HqCc8PT8QMalF5QdbcP9UwAAACMAARAD.jpg,A_hB7UQZ1wHGQAAAAAAAAAAAAAAQAAAQ.jpg,0,107,183
A_VfpjQZM4v8EAAAAAAAAAAAAAAQAAAQ.jpg,A_92iARaRRPR8AAAAAAAAAAAAAAQAAAQ.jpg,0,196,84
A_2bxUSqLc6wAAAAAAAAAAAAAAAQAAAQ.jpg,5Oscl8XJRRC2rytTlGL-0AAAACMAARAD.jpg,0,255,226
A_HCX2Trvkdz8AAAAAAAAAAAAAAQAAAQ.jpg,A_LaJXSLgvcWABL0VDvY1hqgAAAQAAAQ.jpg,0,103,185
A_nJFYQIdXJJIAAAAAAAAAAAAAAQAAAQ.jpg,A_wPnAQIK6lFQAAAAAAAAAAAAAAQAAAQ.jpg,0,138,84
A_xvAiTaIgyiIAAAAAAAAAAAAAAQAAAQ.jpg,A_V4M-S5Mt__QAAAAAAAAAAAAAAQAAAQ.jpg,0,154,191
Z1qDRVboSz625P_djDkBSwAAACMAARAD.jpg,1yv1XFmYQIqGC3ETpIuU2QAAACMAARAD.jpg,0,315,70
A_zcYfTIvp2lMAAAAAAAAAAAAAAQAAAQ.jpg,A_dZG9Q4576q8AAAAAAAAAAAAAAQAAAQ.jpg,0,277,183
A_e7dMTaR9QaEAAAAAAAAAAAAAAQAAAQ.jpg,bMTOZCIyTXCpPa4ub3bHTQAAACMAARAD.jpg,0,312,72
A_8xTQSLkd18MAAAAAAAAAAAAAAQAAAQ.jpg,A_EVPKRbZgOYgAAAAAAAAAAAAAAQAAAQ.jpg,0,125,136
A_6xTOT6mkZzUAAAAAAAAAAAAAAQAAAQ.jpg,A_bJUVQLWonskAAAAAAAAAAAAAAQAAAQ.jpg,0,7,344
A_YlkgQbNnNSoAAAAAAAAAAAAAAQAAAQ.jpg,A_3bzNSLXJbYMAAAAAAAAAAAAAAQAAAQ.jpg,0,19,324
A_9T8iRZsNnOoAAAAAAAAAAAAAAQAAAQ.jpg,A_Ws9rTr4ssSIAAAAAAAAAAAAAAQAAAQ.jpg,0,91,159
A_CYraTbeA8PYAAAAAAAAAAAAAAQAAAQ.jpg,A_lTNbTYEaGsMAAAAAAAAAAAAAAQAAAQ.jpg,0,245,224
A_BTUkT4Eo6pQAAAAAAAAAAAAAAQAAAQ.jpg,A_pGBkRrTqPD0AAAAAAAAAAAAAAQAAAQ.jpg,0,266,5
A_8ZqeTLmaayAAAAAAAAAAAAAAAQAAAQ.jpg,A_mtcjT5-8fxIAAAAAAAAAAAAAAQAAAQ.jpg,0,212,60
O1CN01i3vtpY1iOA4ELUKNq_!!0-mtopupload.jpg,A_fgxxT7gC-zwAAAAAAAAAAAAAAQAAAQ.jpg,0,22,198
rXxlFn69QMONIxtgsZJajQAAACMAARAD.jpg,A_S11EQYn7Fj8AAAAAAAAAAAAAAQAAAQ.jpg,0,282,224
A_bIcBTZ3tUqEAAAAAAAAAAAAAAQAAAQ.jpg,O1CN018y9zNy1b2RyzTX0bZ_!!0-mtopupload.jpg,0,289,22
A_JzxkRq5CL7UKXIZGrRlzfQAAAQAAAQ.jpg,bFGitjnDRq-tq8QMMSegPgAAACMAARAD.jpg,0,216,70
A_h0UnRoWDbBQAAAAAAAAAAAAAAQAAAQ.jpg,A_osC4T6WDCO8AAAAAAAAAAAAAAQAAAQ.jpg,0,181,202
A_fKn_SJlVzk8AAAAAAAAAAAAAAQAAAQ.jpg,A_ARs4S5uu-scAAAAAAAAAAAAAAQAAAQ.jpg,0,239,0
A_pNAcQKJ6yH4AAAAAAAAAAAAAAQAAAQ.jpg,A_Db7ZTbup1uwAAAAAAAAAAAAAAQAAAQ.jpg,0,344,254
A_VNPxS4voAo4AAAAAAAAAAAAAAQAAAQ.jpg,A_5dNJRaepYnUAAAAAAAAAAAAAAQAAAQ.jpg,0,49,302
A_dIlQSIobnFAAAAAAAAAAAAAAAQAAAQ.jpg,A_EN1PTpOOkWkAAAAAAAAAAAAAAQAAAQ.jpg,0,45,66
A_yaQwRrApyMQAAAAAAAAAAAAAAQAAAQ.jpg,A_nZIFTqwyAG0AAAAAAAAAAAAAAQAAAQ.jpg,0,276,341
A_AoHdR7FLKwgAAAAAAAAAAAAAAQAAAQ.jpg,A_DOZRQIHcpw0AAAAAAAAAAAAAAQAAAQ.jpg,0,178,39
RZ0pi9gnRguCbwW_2IFLegAAACMAARAD.jpg,A_HngbSJVJVYUAAAAAAAAAAAAAAQAAAQ.jpg,0,315,112
A_Rh_cT7z_w7wAAAAAAAAAAAAAAQAAAQ.jpg,A_v9o_T5ly55wAAAAAAAAAAAAAAQAAAQ.jpg,0,17,344
A_jBgOSoE5gk8AAAAAAAAAAAAAAQAAAQ.jpg,A_1Sm2RrE0saQAAAAAAAAAAAAAAQAAAQ.jpg,0,196,95
A_NnDDQ68F5F8AAAAAAAAAAAAAAQAAAQ.jpg,A_7uWzQaplAc4AAAAAAAAAAAAAAQAAAQ.jpg,0,146,260
A_bJUVQLWonskAAAAAAAAAAAAAAQAAAQ.jpg,A_4OAEQbtm3HIAAAAAAAAAAAAAAQAAAQ.jpg,0,344,12
A_qi_5T4aATlcAAAAAAAAAAAAAAQAAAQ.jpg,A_v9o_T5ly55wAAAAAAAAAAAAAAQAAAQ.jpg,0,261,344
A_aYeATJcaX1MAAAAAAAAAAAAAAQAAAQ.jpg,A__iBTRLnSgRsAAAAAAAAAAAAAAQAAAQ.jpg,0,249,308
x8Wo4mizQyiMb9ZQPKg2hgAAACMAARAD.jpg,A_0GHaQ5v1mnFBBtxPokPDawAAAQAAAQ.jpg,0,109,64
A_e7dMTaR9QaEAAAAAAAAAAAAAAQAAAQ.jpg,A_jXO8TqgUNaEAAAAAAAAAAAAAAQAAAQ.jpg,0,312,3
A_QQI2TrP_nAAAAAAAAAAAAAAAAQAAAQ.jpg,A_Fk7aSIVdPRsAAAAAAAAAAAAAAQAAAQ.jpg,0,199,156
A_qcBWSoqyLrEAAAAAAAAAAAAAAQAAAQ.jpg,A_MwufRZG5iJ8AAAAAAAAAAAAAAQAAAQ.jpg,0,344,236
tQd1XCVwSy27_2CRPo0NAAAAACMAARAD.jpg,A_9Hj6Q4nQNhEAAAAAAAAAAAAAAQAAAQ.jpg,0,109,299
A_Hp9BSaTeieAAAAAAAAAAAAAAAQAAAQ.jpg,A_fgxxT7gC-zwAAAAAAAAAAAAAAQAAAQ.jpg,0,29,198
A_PXh2Q7BkVC0AAAAAAAAAAAAAAQAAAQ.jpg,A_ncTYTqtScNEAAAAAAAAAAAAAAQAAAQ.jpg,0,122,299
A_6wWbR7D5KboAAAAAAAAAAAAAAQAAAQ.jpg,A_Hr8iQJfMnWAAAAAAAAAAAAAAAQAAAQ.jpg,0,61,86
A_kjIITIS-f1QAAAAAAAAAAAAAAQAAAQ.jpg,YogXrvTpT3CF9S-8BEORggAAACMAARAD.jpg,0,261,71
A_dx0gTp9A5A0AAAAAAAAAAAAAAQAAAQ.jpg,A_VKWZTI04Y7wAAAAAAAAAAAAAAQAAAQ.jpg,0,105,41
RIZCEXosSOm6gQj1pn6RSAAAACMAARAD.jpg,A_Vb0FSquZ6YkAAAAAAAAAAAAAAQAAAQ.jpg,0,164,237
A_Va1UTrmeizMAAAAAAAAAAAAAAQAAAQ.jpg,A_4COnRIftFtkAAAAAAAAAAAAAAQAAAQ.jpg,0,17,104
J1O8TQTwTPSajGqg9HcALwAAACMAARAD.jpg,A_N0opT5roVPAAAAAAAAAAAAAAAQAAAQ.jpg,0,192,242
A_SDD3Q6kABacAAAAAAAAAAAAAAQAAAQ.jpg,zQs0kBsAS2mS20h_2hp37AAAACMAARAD.jpg,0,247,316
A_2yTCT6348MsAAAAAAAAAAAAAAQAAAQ.jpg,RIZCEXosSOm6gQj1pn6RSAAAACMAARAD.jpg,0,305,164
A_NbMERImKF5IAAAAAAAAAAAAAAQAAAQ.jpg,A_lPjNSaZ7r9wAAAAAAAAAAAAAAQAAAQ.jpg,0,214,333
A_hFIsQqIAQwEAAAAAAAAAAAAAAQAAAQ.jpg,A_eqkkQptcgkUAAAAAAAAAAAAAAQAAAQ.jpg,0,81,94
A_yo0qQ6lU6HsAAAAAAAAAAAAAAQAAAQ.jpg,pJMeyxnvRPOCrS-s9zDN6AAAACMAARAD.jpg,0,152,323
A_FZxTQJDVbkYAAAAAAAAAAAAAAQAAAQ.jpg,A_jC-uQI9wmRgAAAAAAAAAAAAAAQAAAQ.jpg,0,289,75
A_2wBqTpzmeL3VldlEs7raLQAAAQAAAQ.jpg,OjXGrQwIRLe0jn5ENTl1XwAAACMAARAD.jpg,0,49,291
A_LsbQTaqu05YAAAAAAAAAAAAAAQAAAQ.jpg,A_FraFT4NK-OwAAAAAAAAAAAAAAQAAAQ.jpg,0,146,204
A_LRDNQb_6khoAAAAAAAAAAAAAAQAAAQ.jpg,A_s6NBRJVoqogAAAAAAAAAAAAAAQAAAQ.jpg,0,342,228
A_HeLsQKQMu50AAAAAAAAAAAAAAQAAAQ.jpg,A_jwl4QaUztl0AAAAAAAAAAAAAAQAAAQ.jpg,0,43,187
A_ytKZR43YYx0AAAAAAAAAAAAAAQAAAQ.jpg,A__zLJQayQmP0AAAAAAAAAAAAAAQAAAQ.jpg,0,330,91
A_CYraTbeA8PYAAAAAAAAAAAAAAQAAAQ.jpg,A_KG1fRooRKKoAAAAAAAAAAAAAAQAAAQ.jpg,0,245,286
A_3HV_SoaRBjcAAAAAAAAAAAAAAQAAAQ.jpg,8quPjI33SE-iyYx4UOnjkQAAACMAARAD.jpg,0,260,68
A_hV6oRqWGM8sAAAAAAAAAAAAAAQAAAQ.jpg,A_MjewSKBgq9EAAAAAAAAAAAAAAQAAAQ.jpg,0,329,5
A_p4flTrdsBe8AAAAAAAAAAAAAAQAAAQ.jpg,unXpdCHiSwq1IsIo2bI8PAAAACMAARAD.jpg,0,76,70
A_oLSJS49B_k4AAAAAAAAAAAAAAQAAAQ.jpg,A_H2d7SazIiaAAAAAAAAAAAAAAAQAAAQ.jpg,0,317,73
A_uFYOR6hS8Q8AAAAAAAAAAAAAAQAAAQ.jpg,A_CJEPQZwY7_LC6f1Fh61-vQAAAQAAAQ.jpg,0,59,191
A_Ej53QIThr-wAAAAAAAAAAAAAAQAAAQ.jpg,Fv9FYvAkQc6AGTP11upBrwAAACMAARAD.jpg,0,57,4
A_dI4zSai8yk8AAAAAAAAAAAAAAQAAAQ.jpg,A_8RO8SZ_cRhQAAAAAAAAAAAAAAQAAAQ.jpg,0,221,303
2G8MIAaDRluIS-ucQOWdigAAACMAARAD.jpg,A_S4LDTLYmuK0AAAAAAAAAAAAAAQAAAQ.jpg,0,54,36
A_FOOWRLdgH6EAAAAAAAAAAAAAAQAAAQ.jpg,A_A3vxSa7MGD4AAAAAAAAAAAAAAQAAAQ.jpg,0,42,29
qyqNN_HDShqToEUCAcDKYQAAACMAARAD.jpg,A_6aJ8Sa2FS-YAAAAAAAAAAAAAAQAAAQ.jpg,0,291,317
A_lvCUQay2busAAAAAAAAAAAAAAQAAAQ.jpg,A_aBdGT4bei2QAAAAAAAAAAAAAAQAAAQ.jpg,0,226,233
A_FyXHS6lwH00AAAAAAAAAAAAAAQAAAQ.jpg,A_k02wRqflDJcAAAAAAAAAAAAAAQAAAQ.jpg,0,142,328
A_c7PhTYy24i4AAAAAAAAAAAAAAQAAAQ.jpg,A_P_orQb_1tnYAAAAAAAAAAAAAAQAAAQ.jpg,0,137,269
A_7z2dSpjqRhsAAAAAAAAAAAAAAQAAAQ.jpg,A_RZTaRK3bJIcAAAAAAAAAAAAAAQAAAQ.jpg,0,302,123
A_z3KSSqDlw1QAAAAAAAAAAAAAAQAAAQ.jpg,A_eKNXQLRk11AAAAAAAAAAAAAAAQAAAQ.jpg,0,263,112
A_hFIsQqIAQwEAAAAAAAAAAAAAAQAAAQ.jpg,A_VPDvSqwWeHQAAAAAAAAAAAAAAQAAAQ.jpg,0,81,287
8qks6YhlRy-wDJtrkIZaIgAAACMAARAD.jpg,A_AK9lSaWJ_m0AAAAAAAAAAAAAAQAAAQ.jpg,0,316,296
A_y8iFSJzwNJ4AAAAAAAAAAAAAAQAAAQ.jpg,A_jjT_Q5XInXYAAAAAAAAAAAAAAQAAAQ.jpg,0,272,92
A_gnzFTrJMNnQAAAAAAAAAAAAAAQAAAQ.jpg,QdzTTlrGTCCQ1F9xM9w-rwAAACMAARED.jpg,0,232,321
A_WB6uRqwOQD8AAAAAAAAAAAAAAQAAAQ.jpg,uI5fw6x6QLSNO_eB4fXEZwAAACMAARAD.jpg,0,245,109
A_W9fQSKt4JzUAAAAAAAAAAAAAAQAAAQ.jpg,A_PXxiSIQQDWkAAAAAAAAAAAAAAQAAAQ.jpg,0,95,4
A_9Hj6Q4nQNhEAAAAAAAAAAAAAAQAAAQ.jpg,A_MfjWQa58yzwAAAAAAAAAAAAAAQAAAQ.jpg,0,299,90
A_IeYUSZHnPzOciWNLuhXRvwAAAQAAAQ.jpg,A_OssPT5JNclsAAAAAAAAAAAAAAQAAAQ.jpg,0,96,269
A_h4c5Sad3a7IAAAAAAAAAAAAAAQAAAQ.jpg,A_Q8HDR58ZuAwAAAAAAAAAAAAAAQAAAQ.jpg,0,40,251
A_7kJbS6bLFokAAAAAAAAAAAAAAQAAAQ.jpg,tJDuEYiaTTSKF7b-QNnRbgAAACMAARAD.jpg,0,205,107
spShQhU4QW2E7C_-GrtwBwAAACMAARAD.jpg,A_SD6EQ6H3_WcAAAAAAAAAAAAAAQAAAQ.jpg,0,72,47
A_WgcxSLmAZ9YAAAAAAAAAAAAAAQAAAQ.jpg,A_aOn9RpOdtFIAAAAAAAAAAAAAAQAAAQ.jpg,0,15,172
A_HTNURIoNl30AAAAAAAAAAAAAAQAAAQ.jpg,A_hsJDSo4xcbkAAAAAAAAAAAAAAQAAAQ.jpg,0,31,3
A_cKh6QbFC51wAAAAAAAAAAAAAAQAAAQ.jpg,FzycvDuPSGu-ef2sruqE3wAAACMAARAD.jpg,0,169,150
A_XiKLT6SCDZsAAAAAAAAAAAAAAQAAAQ.jpg,A_llXqTpsSgWwAAAAAAAAAAAAAAQAAAQ.jpg,0,168,90
A_SD6EQ6H3_WcAAAAAAAAAAAAAAQAAAQ.jpg,qvyQGoFhTm69RSHS-41E9QAAACMAARAD.jpg,0,47,209
A_7uWzQaplAc4AAAAAAAAAAAAAAQAAAQ.jpg,A_Yl1ZSL-Lto8AAAAAAAAAAAAAAQAAAQ.jpg,0,260,241
2iEC5ZrsSa2JpfKnTQbADQAAACMAARAD.jpg,A_bBofSp4thsQAAAAAAAAAAAAAAQAAAQ.jpg,0,6,45
A_KkNnR5qXorcAAAAAAAAAAAAAAQAAAQ.jpg,A_uqQZTalXwHYAAAAAAAAAAAAAAQAAAQ.jpg,0,313,301
A_rmRYSoi_81sAAAAAAAAAAAAAAQAAAQ.jpg,A_KxBVRZ_49dEAAAAAAAAAAAAAAQAAAQ.jpg,0,218,176
A_OuUyQI8epH8AAAAAAAAAAAAAAQAAAQ.jpg,A_ytOxT7NilIsAAAAAAAAAAAAAAQAAAQ.jpg,0,51,244
A_b4GpSbjTmGoAAAAAAAAAAAAAAQAAAQ.jpg,A_PD58S5qjNQoAAAAAAAAAAAAAAQAAAQ.jpg,0,337,262
A_jBgOSoE5gk8AAAAAAAAAAAAAAQAAAQ.jpg,A_g3QTTLBYHsUAAAAAAAAAAAAAAQAAAQ.jpg,0,196,136
A_fAd6Q6jPCKAAAAAAAAAAAAAAAQAAAQ.jpg,RJaJONp-R9-6Wg29qPh_MQAAACMAARAD.jpg,0,339,348
A_phjfSK7C04wAAAAAAAAAAAAAAQAAAQ.jpg,A_Oa8eT5Wc8OgAAAAAAAAAAAAAAQAAAQ.jpg,0,145,113
A_vbb5RrhFhKkAAAAAAAAAAAAAAQAAAQ.jpg,A_ChqmSJ1Ok-IAAAAAAAAAAAAAAQAAAQ.jpg,0,220,153
A_Xrx1SIEgz8YAAAAAAAAAAAAAAQAAAQ.jpg,A__5f3Qa27j5YAAAAAAAAAAAAAAQAAAQ.jpg,0,206,277
A_L_fMQ4YgTbUAAAAAAAAAAAAAAQAAAQ.jpg,A_HCX2Trvkdz8AAAAAAAAAAAAAAQAAAQ.jpg,0,125,103
A_YOLjSLCb05sAAAAAAAAAAAAAAQAAAQ.jpg,FqQ7Yv3sQqamD1XqNUNQeQAAACMAARAD.jpg,0,31,164
A_K-1tRZOChRUAAAAAAAAAAAAAAQAAAQ.jpg,A_DNjCS6LPySIAAAAAAAAAAAAAAQAAAQ.jpg,0,181,272
A_xteZTaHHkAYAAAAAAAAAAAAAAQAAAQ.jpg,A_yBncQYqQkt4AAAAAAAAAAAAAAQAAAQ.jpg,0,205,250
A_PXxiSIQQDWkAAAAAAAAAAAAAAQAAAQ.jpg,A_S33KQZXSRKEAAAAAAAAAAAAAAQAAAQ.jpg,0,4,80
A_WIkoSofHxNkAAAAAAAAAAAAAAQAAAQ.jpg,A_nwlKT4igLyQAAAAAAAAAAAAAAQAAAQ.jpg,0,67,37
A_JFf0QpMDxLUAAAAAAAAAAAAAAQAAAQ.jpg,A_fXp1S7xHV6YAAAAAAAAAAAAAAQAAAQ.jpg,0,178,106
A_P3qUR6v9jfsAAAAAAAAAAAAAAQAAAQ.jpg,A_vdO2RolMKVcAAAAAAAAAAAAAAQAAAQ.jpg,0,204,98
A_eUwvR77C5UwAAAAAAAAAAAAAAQAAAQ.jpg,A_ysxzSpSaAJ0AAAAAAAAAAAAAAQAAAQ.jpg,0,65,66
A_j_V4R55jT3AAAAAAAAAAAAAAAQAAAQ.jpg,A_JAkWS63CU4MAAAAAAAAAAAAAAQAAAQ.jpg,0,96,67
A_Zt9yT7lqoQMAAAAAAAAAAAAAAQAAAQ.jpg,A_rsioTJ5AOrcAAAAAAAAAAAAAAQAAAQ.jpg,0,47,9
A_82BHQ5VJpoQAAAAAAAAAAAAAAQAAAQ.jpg,A_pUauTrONA4lSN5NPuoRqAAAAAQAAAQ.jpg,0,326,318
A_Or1GTqTym0AAAAAAAAAAAAAAAQAAAQ.jpg,A_LTsOT5XBs1cAAAAAAAAAAAAAAQAAAQ.jpg,0,170,270
9OMvA3NtSGCRN6ymcLH-cAAAACMAARAD.jpg,A__FEKTZUF1Y8AAAAAAAAAAAAAAQAAAQ.jpg,0,323,137
dsoua9awQ96zA43Lqf2KVgAAACMAARAD.jpg,A_zOObQob7uGMAAAAAAAAAAAAAAQAAAQ.jpg,0,226,65
A_QodUQrrQR2YAAAAAAAAAAAAAAQAAAQ.jpg,A_zRxmTpGb1kMAAAAAAAAAAAAAAQAAAQ.jpg,0,270,183
A_HeLsQKQMu50AAAAAAAAAAAAAAQAAAQ.jpg,A_gnzFTrJMNnQAAAAAAAAAAAAAAQAAAQ.jpg,0,43,232
A_VV-4R7Xfd1AAAAAAAAAAAAAAAQAAAQ.jpg,A_y8iFSJzwNJ4AAAAAAAAAAAAAAQAAAQ.jpg,0,221,272
A_lOYRTrARg8kAAAAAAAAAAAAAAQAAAQ.jpg,A__pBPR5UaDJ8AAAAAAAAAAAAAAQAAAQ.jpg,0,285,229
A_tiodTJuNpegAAAAAAAAAAAAAAQAAAQ.jpg,A_5dhIRrfer5YAAAAAAAAAAAAAAQAAAQ.jpg,0,252,65
A_iJVwTais0UgAAAAAAAAAAAAAAQAAAQ.jpg,qHnFLmDMQMiYxAn70xvcRwAAACMAARAD.jpg,0,131,208
A_rMDcQZ59WB8AAAAAAAAAAAAAAQAAAQ.jpg,A_8jMWRbavcW0AAAAAAAAAAAAAAQAAAQ.jpg,0,97,287
A_00wGQ6p8j_UAAAAAAAAAAAAAAQAAAQ.jpg,HuSWm8MwS8C21fYeSVVyagAAACMAARAD.jpg,0,214,134
5-dDbF_HS_O0O2_34lIV9AAAACMAARAD.jpg,A_FOIbSaYkQ0MAAAAAAAAAAAAAAQAAAQ.jpg,0,186,80
A_EsHfTJi2lYUAAAAAAAAAAAAAAQAAAQ.jpg,A_uSLAQKtJDr4AAAAAAAAAAAAAAQAAAQ.jpg,0,314,179
elFmGazMSCiTA9cBKwcuMwAAACMAARAD.jpg,O1CN01i3vtpY1iOA4ELUKNq_!!0-mtopupload.jpg,0,327,22
A_gceJT5IcfZ4AAAAAAAAAAAAAAQAAAQ.jpg,A_h8ycS56cyH0AAAAAAAAAAAAAAQAAAQ.jpg,0,40,11
A_K1SDTrzJRsMAAAAAAAAAAAAAAQAAAQ.jpg,A_d-HpRbQdU1YAAAAAAAAAAAAAAQAAAQ.jpg,0,82,33
A_HII8R5WzRQ4AAAAAAAAAAAAAAQAAAQ.jpg,A_Saa1T617BOoAAAAAAAAAAAAAAQAAAQ.jpg,0,179,103
A_EhJNRrpu2Z0AAAAAAAAAAAAAAQAAAQ.jpg,A_XiKLT6SCDZsAAAAAAAAAAAAAAQAAAQ.jpg,0,233,168
A__hNgQJmrLXkAAAAAAAAAAAAAAQAAAQ.jpg,A_cdBQTbPmNRcAAAAAAAAAAAAAAQAAAQ.jpg,0,100,154
A_hAAHRLBv6kUAAAAAAAAAAAAAAQAAAQ.jpg,A_jC-uQI9wmRgAAAAAAAAAAAAAAQAAAQ.jpg,0,202,75
A_EN1PTpOOkWkAAAAAAAAAAAAAAQAAAQ.jpg,A_oIudQY-doeoAAAAAAAAAAAAAAQAAAQ.jpg,0,66,58
A_y3o0T5zshLsAAAAAAAAAAAAAAQAAAQ.jpg,A_6J5kQJhOduUAAAAAAAAAAAAAAQAAAQ.jpg,0,152,77
A_wbFXSqEkpSMAAAAAAAAAAAAAAQAAAQ.jpg,A_87ZNTKwrTcYAAAAAAAAAAAAAAQAAAQ.jpg,0,133,30
A_ceTJQKFD4CcAAAAAAAAAAAAAAQAAAQ.jpg,A_N13KR4j5Yt8AAAAAAAAAAAAAAQAAAQ.jpg,0,277,228
A_ogroTKEURIMAAAAAAAAAAAAAAQAAAQ.jpg,A_OdypSY5DoYwAAAAAAAAAAAAAAQAAAQ.jpg,0,102,298
A_zjktQp-czbsAAAAAAAAAAAAAAQAAAQ.jpg,A_RU49RpH8I6MAAAAAAAAAAAAAAQAAAQ.jpg,0,118,270
A_b4GpSbjTmGoAAAAAAAAAAAAAAQAAAQ.jpg,A_CJEPQZwY7_LC6f1Fh61-vQAAAQAAAQ.jpg,0,337,191
f4a1-1TxSRStvQAki3vjjQAAACMAARAD.jpg,A_UM9FRqczn4sAAAAAAAAAAAAAAQAAAQ.jpg,0,150,42
A_0RBhTJcWtikAAAAAAAAAAAAAAQAAAQ.jpg,A_4uZrQJsALPQAAAAAAAAAAAAAAQAAAQ.jpg,0,270,135
J4N-el7oSxaafAyjuSBgGAAAACMAARAD.jpg,A_rGSuTZXVuRUAAAAAAAAAAAAAAQAAAQ.jpg,0,129,2
A_ytKZR43YYx0AAAAAAAAAAAAAAQAAAQ.jpg,A_29WIRrT3Pg4AAAAAAAAAAAAAAQAAAQ.jpg,0,330,75
A_ytOxT7NilIsAAAAAAAAAAAAAAQAAAQ.jpg,A_-cgBQ7nWdC4AAAAAAAAAAAAAAQAAAQ.jpg,0,244,283
A_qQm9SqhVmh8AAAAAAAAAAAAAAQAAAQ.jpg,A_9Hj6Q4nQNhEAAAAAAAAAAAAAAQAAAQ.jpg,0,135,299
A__FI5Q5Jfi3EAAAAAAAAAAAAAAQAAAQ.jpg,A_GWDtRJ-PEYIAAAAAAAAAAAAAAQAAAQ.jpg,0,29,142
A_XiKLT6SCDZsAAAAAAAAAAAAAAQAAAQ.jpg,A_B70bT5SypHUAAAAAAAAAAAAAAQAAAQ.jpg,0,168,55
A_uUKRRIhcetkAAAAAAAAAAAAAAQAAAQ.jpg,A_gR_YR4d18TQAAAAAAAAAAAAAAQAAAQ.jpg,0,262,127
A_ffGlTZG85-QAAAAAAAAAAAAAAQAAAQ.jpg,A_nw_7QLxh6h4AAAAAAAAAAAAAAQAAAQ.jpg,0,322,271
A_HII8R5WzRQ4AAAAAAAAAAAAAAQAAAQ.jpg,A_p7msSIPIoxsAAAAAAAAAAAAAAQAAAQ.jpg,0,179,202
A_TY-_RJN0r98AAAAAAAAAAAAAAQAAAQ.jpg,bcn92ETmR3OJk3KR9IsmiQAAACMAARAD.jpg,0,79,307
A__ZWPQJQKX10AAAAAAAAAAAAAAQAAAQ.jpg,A_CSAAQqCz9coAAAAAAAAAAAAAAQAAAQ.jpg,0,314,117
A_qwMrRIrUjOkAAAAAAAAAAAAAAQAAAQ.jpg,A_CJEPQZwY7_IAAAAAAAAAAAAAAQAAAQ.jpg,0,100,191
A_CSAAQqCz9coAAAAAAAAAAAAAAQAAAQ.jpg,A_tmZ3QpBor3sAAAAAAAAAAAAAAQAAAQ.jpg,0,117,203
J1O8TQTwTPSajGqg9HcALwAAACMAARAD.jpg,A_vjMsQZpQaTkAAAAAAAAAAAAAAQAAAQ.jpg,0,192,133
A_xx0YQr5BNq8AAAAAAAAAAAAAAQAAAQ.jpg,A_1XV-TI8AFDMAAAAAAAAAAAAAAQAAAQ.jpg,0,147,295
A_CKcESIEZPPsAAAAAAAAAAAAAAQAAAQ.jpg,A_L_fMQ4YgTbUAAAAAAAAAAAAAAQAAAQ.jpg,0,198,125
A_5P07RJ-PIlkAAAAAAAAAAAAAAQAAAQ.jpg,A_URuNQJscuisAAAAAAAAAAAAAAQAAAQ.jpg,0,76,297
A_846cT62QLOEAAAAAAAAAAAAAAQAAAQ.jpg,A_bRcAQpqLS8kAAAAAAAAAAAAAAQAAAQ.jpg,0,10,184
A_N0ukQ4h4un4AAAAAAAAAAAAAAQAAAQ.jpg,A_9TXZTICb-ssAAAAAAAAAAAAAAQAAAQ.jpg,0,77,189
A_8jMWRbavcW0AAAAAAAAAAAAAAQAAAQ.jpg,A_Z4zcS4aqMeIAAAAAAAAAAAAAAQAAAQ.jpg,0,287,253
A_fJ6qQJnwL64AAAAAAAAAAAAAAQAAAQ.jpg,A_6xTOT6mkZzUAAAAAAAAAAAAAAQAAAQ.jpg,0,305,7
A_29ykT6cSV_gAAAAAAAAAAAAAAQAAAQ.jpg,A_N7TMSppc4iUAAAAAAAAAAAAAAQAAAQ.jpg,0,247,101
A_V9dzTZ0oezwAAAAAAAAAAAAAAQAAAQ.jpg,A_GdTOQ6xnzZMAAAAAAAAAAAAAAQAAAQ.jpg,0,235,342
A_kKmNR65xnvsAAAAAAAAAAAAAAQAAAQ.jpg,A_7mlCRqiHNywAAAAAAAAAAAAAAQAAAQ.jpg,0,195,215
A_K1SDTrzJRsMAAAAAAAAAAAAAAQAAAQ.jpg,A_0ZuNSaLNy7EAAAAAAAAAAAAAAQAAAQ.jpg,0,82,156
A_Db7ZTbup1uwAAAAAAAAAAAAAAQAAAQ.jpg,A_yBncQYqQkt4AAAAAAAAAAAAAAQAAAQ.jpg,0,254,250
A_Hd0LRLVyFxQAAAAAAAAAAAAAAQAAAQ.jpg,4mdzWDyRQ82GuQWRmzSQBQAAACMAARAD.jpg,0,213,186
A_Ysu4QqIqPYkAAAAAAAAAAAAAAQAAAQ.jpg,A_o6tyRpwL8I0AAAAAAAAAAAAAAQAAAQ.jpg,0,333,100
A_MOhrQLLyVDYAAAAAAAAAAAAAAQAAAQ.jpg,LNlPtwVGSl-ipHGlshPDWAAAACMAARAD.jpg,0,262,134
A_WAmwRrFJUhUAAAAAAAAAAAAAAQAAAQ.jpg,8uu1FfYMQXe3pxQOcXQR9gAAACMAARAD.jpg,0,149,155
A_048mQIy0UMoAAAAAAAAAAAAAAQAAAQ.jpg,A_icEHSLdCQo8AAAAAAAAAAAAAAQAAAQ.jpg,0,223,124
A_KNPtSqaKcSkAAAAAAAAAAAAAAQAAAQ.jpg,A_OtoGQIQE13QAAAAAAAAAAAAAAQAAAQ.jpg,0,18,10
A_jlGaToiTR1cAAAAAAAAAAAAAAQAAAQ.jpg,A_tnVbTq1hG0IAAAAAAAAAAAAAAQAAAQ.jpg,0,298,194
A_79Y3T534mhsAAAAAAAAAAAAAAQAAAQ.jpg,A_B416T40hjHAAAAAAAAAAAAAAAQAAAQ.jpg,0,205,116
A_y8PMQofn1wsAAAAAAAAAAAAAAQAAAQ.jpg,C5W99xn9Rpmnq-8QffgzswAAACMAARAD.jpg,0,244,120
A_d1iSRoW_qgQAAAAAAAAAAAAAAQAAAQ.jpg,A_TnpqRIoO1cIAAAAAAAAAAAAAAQAAAQ.jpg,0,18,130
A_1OujSoSRAr8AAAAAAAAAAAAAAQAAAQ.jpg,A_c7PhTYy24i4AAAAAAAAAAAAAAQAAAQ.jpg,0,292,137
A_lzVvRL-LTpYAAAAAAAAAAAAAAQAAAQ.jpg,A_Ej53QIThr-wAAAAAAAAAAAAAAQAAAQ.jpg,0,225,57
A_WcuHSKIfpFcAAAAAAAAAAAAAAQAAAQ.jpg,A_7dSiR56sjZkAAAAAAAAAAAAAAQAAAQ.jpg,0,329,313
A_m30KQICzj5QAAAAAAAAAAAAAAQAAAQ.jpg,A_-pSrT6xClQcAAAAAAAAAAAAAAQAAAQ.jpg,0,332,97
yUud5fmzR3q6UJMUV6hLQwAAACMAARAD.jpg,A_8HNgToSMI-0AAAAAAAAAAAAAAQAAAQ.jpg,0,306,5
A_SsADSplZuU0AAAAAAAAAAAAAAQAAAQ.jpg,A_FSCJRYy3dFwAAAAAAAAAAAAAAQAAAQ.jpg,0,258,3
A_QZE9RZrlk7wAAAAAAAAAAAAAAQAAAQ.jpg,Kaf40bOpT5G9tQ2a92m9aQAAACMAARAD.jpg,0,223,186
A_7kJbS6bLFokAAAAAAAAAAAAAAQAAAQ.jpg,A_JUa9QZwAOOgAAAAAAAAAAAAAAQAAAQ.jpg,0,205,298
A_Xt5tQpzDINoAAAAAAAAAAAAAAQAAAQ.jpg,A_gyLzR4cxZpIAAAAAAAAAAAAAAQAAAQ.jpg,0,314,274
A_6xKYQ5BLeRAAAAAAAAAAAAAAAQAAAQ.jpg,A_9SxdQYnmGb8AAAAAAAAAAAAAAQAAAQ.jpg,0,80,259
A_uOCiT40f578AAAAAAAAAAAAAAQAAAQ.jpg,A__euTTbzk1_QAAAAAAAAAAAAAAQAAAQ.jpg,0,347,210
5tv9hCixSeCiHja6EI7b6AAAACMAARAD.jpg,A_DOZRQIHcpw0AAAAAAAAAAAAAAQAAAQ.jpg,0,120,39
A_QMXJRr8rzh4AAAAAAAAAAAAAAQAAAQ.jpg,A_f93rT43JBg0AAAAAAAAAAAAAAQAAAQ.jpg,0,300,102
A_ACqjTY_SpjgAAAAAAAAAAAAAAQAAAQ.jpg,A_w5yBQq07ZGQAAAAAAAAAAAAAAQAAAQ.jpg,0,256,218
A_TYT0T4Fvp38AAAAAAAAAAAAAAQAAAQ.jpg,A_N57xRZ6tBnwAAAAAAAAAAAAAAQAAAQ.jpg,0,302,157
A_JFQFRqCRuosAAAAAAAAAAAAAAQAAAQ.jpg,A_2lrgQ5piRFsAAAAAAAAAAAAAAQAAAQ.jpg,0,68,123
A_nJFYQIdXJJIAAAAAAAAAAAAAAQAAAQ.jpg,A_c7PhTYy24i4AAAAAAAAAAAAAAQAAAQ.jpg,0,138,137
A_WB6uRqwOQD8AAAAAAAAAAAAAAQAAAQ.jpg,A_IdUASo3kSSUAAAAAAAAAAAAAAQAAAQ.jpg,0,245,248
J1O8TQTwTPSajGqg9HcALwAAACMAARAD.jpg,A_stmPT54njmIU_RNLpIBqvAAAAQAAAQ.jpg,0,192,147
A_WD_RToG7TiEAAAAAAAAAAAAAAQAAAQ.jpg,A_ItmHSrXG59IAAAAAAAAAAAAAAQAAAQ.jpg,0,301,179
A_xTY-S4O2kyYAAAAAAAAAAAAAAQAAAQ.jpg,A_YlkgQbNnNSoAAAAAAAAAAAAAAQAAAQ.jpg,0,333,19
A_MVBqSa4_cZAAAAAAAAAAAAAAAQAAAQ.jpg,1DUlr4dURtqhdRrCS69ZgAAAACMAARAD.jpg,0,284,310
A_hFIsQqIAQwEAAAAAAAAAAAAAAQAAAQ.jpg,A_URuNQJscuisAAAAAAAAAAAAAAQAAAQ.jpg,0,81,297
A_1XV-TI8AFDMAAAAAAAAAAAAAAQAAAQ.jpg,A_TKDrRJ6csBwAAAAAAAAAAAAAAQAAAQ.jpg,0,295,257
A_v-mDS7qZe7oAAAAAAAAAAAAAAQAAAQ.jpg,A_F-Y6SLy3q3kAAAAAAAAAAAAAAQAAAQ.jpg,0,19,127
A_ds1XTZvQ5xIAAAAAAAAAAAAAAQAAAQ.jpg,A_lv0eRrxAXNwAAAAAAAAAAAAAAQAAAQ.jpg,0,242,193
A_IOFuS4ljD_MAAAAAAAAAAAAAAQAAAQ.jpg,IvmXxLWaQd-LKBYjjNz-zwAAACMAARAD.jpg,0,57,315
A_zcYfTIvp2lMAAAAAAAAAAAAAAQAAAQ.jpg,A_7uWzQaplAc4AAAAAAAAAAAAAAQAAAQ.jpg,0,277,260
VjekR6ueSNOq94VvNYUcgAAAACMAARAD.jpg,A_D9o9T7zICSYbaeZMlwxEKQAAAQAAAQ.jpg,0,310,113
A_OssPT5JNclsAAAAAAAAAAAAAAQAAAQ.jpg,A_Hd0LRLVyFxQAAAAAAAAAAAAAAQAAAQ.jpg,0,269,213
1DUlr4dURtqhdRrCS69ZgAAAACMAARAD.jpg,t7OjT-JkTe-fdqtZnMC8oAAAACMAARAD.jpg,0,310,129
A_IdUASo3kSSUAAAAAAAAAAAAAAQAAAQ.jpg,A_GPn_QKLHezwAAAAAAAAAAAAAAQAAAQ.jpg,0,248,116
A_AKdFRp5BRZYAAAAAAAAAAAAAAQAAAQ.jpg,A_OtoGQIQE13QAAAAAAAAAAAAAAQAAAQ.jpg,0,162,10
PXhnsQ6BSAW7VRUKjS1fswAAACMAARAD.jpg,hL3x2UFYTb-fOuBIwUKJMAAAACMAARED.jpg,0,70,128
A_iGqzSrLtlcMAAAAAAAAAAAAAAQAAAQ.jpg,A_ZX7pT4uWMgsAAAAAAAAAAAAAAQAAAQ.jpg,0,261,268
A_mtcjT5-8fxIAAAAAAAAAAAAAAQAAAQ.jpg,A_o8ipRYjXiXQAAAAAAAAAAAAAAQAAAQ.jpg,0,60,176
A_60h2TaONPo8AAAAAAAAAAAAAAQAAAQ.jpg,A_BH18R5ERvpkAAAAAAAAAAAAAAQAAAQ.jpg,0,37,198
A_SbRDQbZ63xkAAAAAAAAAAAAAAQAAAQ.jpg,A_EgytQoIRmCEAAAAAAAAAAAAAAQAAAQ.jpg,0,78,343
A_5aAtRZYw7_wAAAAAAAAAAAAAAQAAAQ.jpg,A_rXoUTpGp2akAAAAAAAAAAAAAAQAAAQ.jpg,0,51,249
A_NuL2TKMEwowAAAAAAAAAAAAAAQAAAQ.jpg,A_rZL0S6dvFYvlzupIll1R-AAAAQAAAQ.jpg,0,265,175
A_T5AVSb-PcwMAAAAAAAAAAAAAAQAAAQ.jpg,A_JKoXS5qMLWXZM1xIuGy1bAAAAQAAAQ.jpg,0,98,148
A_4vgZSoQuhPgAAAAAAAAAAAAAAQAAAQ.jpg,A_t6AyT4K76akAAAAAAAAAAAAAAQAAAQ.jpg,0,294,346
A__OQTR7tlKikAAAAAAAAAAAAAAQAAAQ.jpg,A_2n3hQr-JmJQAAAAAAAAAAAAAAQAAAQ.jpg,0,215,16
A_Mr_oTZ8LdmUAAAAAAAAAAAAAAQAAAQ.jpg,A_OuUyQI8epH8AAAAAAAAAAAAAAQAAAQ.jpg,0,181,51
A_PXxiSIQQDWkAAAAAAAAAAAAAAQAAAQ.jpg,A_I0duQIGPqIUAAAAAAAAAAAAAAQAAAQ.jpg,0,4,187
A_3HV_SoaRBjcAAAAAAAAAAAAAAQAAAQ.jpg,A_AuorQ4yCMh0AAAAAAAAAAAAAAQAAAQ.jpg,0,260,161
A_TETcSo4ZDCgAAAAAAAAAAAAAAQAAAQ.jpg,FjU3DCiVRJi-p0oNR-tAGgAAACMAARAD.jpg,0,205,27
4mdzWDyRQ82GuQWRmzSQBQAAACMAARAD.jpg,A_-bFhSYWyHW8AAAAAAAAAAAAAAQAAAQ.jpg,0,186,108
A_fAd6Q6jPCKAAAAAAAAAAAAAAAQAAAQ.jpg,A_6aJ8Sa2FS-YAAAAAAAAAAAAAAQAAAQ.jpg,0,339,317
A_WBiBQpmmEtAAAAAAAAAAAAAAAQAAAQ.jpg,A_Db7ZTbup1uwAAAAAAAAAAAAAAQAAAQ.jpg,0,50,254
A_KQwhSbAW-YwAAAAAAAAAAAAAAQAAAQ.jpg,bSowLH_QSz-W1UMpKjz0owAAACMAARAD.jpg,0,195,315
A_GIwlTbJGP0EAAAAAAAAAAAAAAQAAAQ.jpg,A_IdUASo3kSSUAAAAAAAAAAAAAAQAAAQ.jpg,0,30,248
A_nwlKT4igLyQAAAAAAAAAAAAAAQAAAQ.jpg,A_6J5kQJhOduUAAAAAAAAAAAAAAQAAAQ.jpg,0,37,77
cOr4Q-vIToudfDTJK_hYsQAAACMAARAD.jpg,A_TdNTTqxkNsEAAAAAAAAAAAAAAQAAAQ.jpg,0,4,339
A_K0FxT6aY5N8AAAAAAAAAAAAAAQAAAQ.jpg,A_d-HpRbQdU1YAAAAAAAAAAAAAAQAAAQ.jpg,0,301,33
A_VR95Q4yGMG0AAAAAAAAAAAAAAQAAAQ.jpg,A_zz-aSZh8rzMAAAAAAAAAAAAAAQAAAQ.jpg,0,114,127
A_oWLETqhT6YIAAAAAAAAAAAAAAQAAAQ.jpg,A_KhFwTKJ4XWwAAAAAAAAAAAAAAQAAAQ.jpg,0,214,338
A_ryBhQJmZFnUAAAAAAAAAAAAAAQAAAQ.jpg,A_3R5AT4k8aW0AAAAAAAAAAAAAAQAAAQ.jpg,0,267,59
A_SbRDQbZ63xkAAAAAAAAAAAAAAQAAAQ.jpg,A_f0N3RpGHGX4AAAAAAAAAAAAAAQAAAQ.jpg,0,78,73
A_DEkJRYlXFNsAAAAAAAAAAAAAAQAAAQ.jpg,A_nec0R4X7desAAAAAAAAAAAAAAQAAAQ.jpg,0,268,189
A_3BuiQbibhO8AAAAAAAAAAAAAAQAAAQ.jpg,A_7WinQJg-1OcAAAAAAAAAAAAAAQAAAQ.jpg,0,9,31
A_8HNgToSMI-0AAAAAAAAAAAAAAQAAAQ.jpg,A_gyLzR4cxZpIAAAAAAAAAAAAAAQAAAQ.jpg,0,5,274
A_EL3MTLdLMz8AAAAAAAAAAAAAAQAAAQ.jpg,A_ACH-Ta-cq-oAAAAAAAAAAAAAAQAAAQ.jpg,0,343,340
A_EUqYT7AVrh4AAAAAAAAAAAAAAQAAAQ.jpg,dsoua9awQ96zA43Lqf2KVgAAACMAARAD.jpg,0,154,226
A_PYU8Qr4rH5YAAAAAAAAAAAAAAQAAAQ.jpg,A_AMHwR48il0gAAAAAAAAAAAAAAQAAAQ.jpg,0,19,139
A__2g8SIdev1YAAAAAAAAAAAAAAQAAAQ.jpg,A_y0pUQad8WowAAAAAAAAAAAAAAQAAAQ.jpg,0,153,48
A_Sdv3QYReNXkAAAAAAAAAAAAAAQAAAQ.jpg,A_pOfiQ7jDy15GaENDjjN7nQAAAQAAAQ.jpg,0,250,13
A_BvagTqt2xW0AAAAAAAAAAAAAAQAAAQ.jpg,A_uqQZTalXwHYAAAAAAAAAAAAAAQAAAQ.jpg,0,180,301
A_Tt6HTJdxA1kAAAAAAAAAAAAAAQAAAQ.jpg,A_KW5iQISstkQAAAAAAAAAAAAAAQAAAQ.jpg,0,19,146
A_CHCqQrj2mVQAAAAAAAAAAAAAAQAAAQ.jpg,A_Uzk2SrABsKIAAAAAAAAAAAAAAQAAAQ.jpg,0,303,153
A_kKmNR65xnvsAAAAAAAAAAAAAAQAAAQ.jpg,A_Uqn1Qq1RIzkAAAAAAAAAAAAAAQAAAQ.jpg,0,195,112
A_rphdRInnC2cAAAAAAAAAAAAAAQAAAQ.jpg,A_v2AMTqrkHXgAAAAAAAAAAAAAAQAAAQ.jpg,0,138,163
A_WNgORoRRamAAAAAAAAAAAAAAAQAAAQ.jpg,A_ryBhQJmZFnUAAAAAAAAAAAAAAQAAAQ.jpg,0,141,267
A_NloJTpjGmzjncmZIj3dViAAAAQAAAQ.jpg,A_PNRuRprSSG4AAAAAAAAAAAAAAQAAAQ.jpg,0,62,335
A_Ws9rTr4ssSIAAAAAAAAAAAAAAQAAAQ.jpg,A_gh7QT5Mx8uUAAAAAAAAAAAAAAQAAAQ.jpg,0,159,41
A_nwlKT4igLyQAAAAAAAAAAAAAAQAAAQ.jpg,A_hdpuRLEj1icAAAAAAAAAAAAAAQAAAQ.jpg,0,37,326
A__DG-QaId_tcAAAAAAAAAAAAAAQAAAQ.jpg,A_CgA9TI6N9eIAAAAAAAAAAAAAAQAAAQ.jpg,0,87,227
A_SU_3R4a-QnYAAAAAAAAAAAAAAQAAAQ.jpg,A_kKmNR65xnvsAAAAAAAAAAAAAAQAAAQ.jpg,0,259,195
A_SQeJQr1DQCoAAAAAAAAAAAAAAQAAAQ.jpg,A__DG-QaId_tcAAAAAAAAAAAAAAQAAAQ.jpg,0,233,87
A_dN7FSZa9E6kAAAAAAAAAAAAAAQAAAQ.jpg,A_bKPlQL4w2iUAAAAAAAAAAAAAAQAAAQ.jpg,0,225,345
bFGitjnDRq-tq8QMMSegPgAAACMAARAD.jpg,A_y8PMQofn1wsAAAAAAAAAAAAAAQAAAQ.jpg,0,70,244
A_AcFbQoqDqRwAAAAAAAAAAAAAAQAAAQ.jpg,A_qK3GTKpbnwAAAAAAAAAAAAAAAQAAAQ.jpg,0,345,83
A_bBofSp4thsQAAAAAAAAAAAAAAQAAAQ.jpg,A_BquTQbUQF58AAAAAAAAAAAAAAQAAAQ.jpg,0,45,197
A_CUlQSpIInD0AAAAAAAAAAAAAAQAAAQ.jpg,Fv9FYvAkQc6AGTP11upBrwAAACMAARAD.jpg,0,322,4
A_w8x7SaCEWdkAAAAAAAAAAAAAAQAAAQ.jpg,A_2TkOSZj4Q5QAAAAAAAAAAAAAAQAAAQ.jpg,0,58,108
MfYoqfAzSxyKWkDANp68IQAAACMAARAD.jpg,A_WDLkR6ptwJYAAAAAAAAAAAAAAQAAAQ.jpg,0,132,160
A_Kz9WTLtYMqQAAAAAAAAAAAAAAQAAAQ.jpg,A_oGUWTJP5TlUAAAAAAAAAAAAAAQAAAQ.jpg,0,25,202
A_8wJfSLcHUG4AAAAAAAAAAAAAAQAAAQ.jpg,ejYUJjUrTHmLuE2JKdcsRgAAACMAARAD.jpg,0,12,20
A_Vb0FSquZ6YkAAAAAAAAAAAAAAQAAAQ.jpg,A_SsADSplZuU0AAAAAAAAAAAAAAQAAAQ.jpg,0,237,258
A_wMMDQIdbntYAAAAAAAAAAAAAAQAAAQ.jpg,A_AB0vQqatlaMAAAAAAAAAAAAAAQAAAQ.jpg,0,63,233
A_P_orQb_1tnYAAAAAAAAAAAAAAQAAAQ.jpg,A__EmvQZaIrk0AAAAAAAAAAAAAAQAAAQ.jpg,0,269,330
A_XhFbQoM2GvIAAAAAAAAAAAAAAQAAAQ.jpg,rXxlFn69QMONIxtgsZJajQAAACMAARAD.jpg,0,229,282
A_mFi6TLRxJ9cAAAAAAAAAAAAAAQAAAQ.jpg,A_Ver0Ro7tFCYAAAAAAAAAAAAAAQAAAQ.jpg,0,144,222
A_QMXJRr8rzh4AAAAAAAAAAAAAAQAAAQ.jpg,A_bRcAQpqLS8kAAAAAAAAAAAAAAQAAAQ.jpg,0,300,184
A_kJWgSJRDpycAAAAAAAAAAAAAAQAAAQ.jpg,A_QR05Sq93mfIAAAAAAAAAAAAAAQAAAQ.jpg,0,228,69
A__DG-QaId_tcAAAAAAAAAAAAAAQAAAQ.jpg,A_1ruyQ7LcAuoAAAAAAAAAAAAAAQAAAQ.jpg,0,87,347
FzycvDuPSGu-ef2sruqE3wAAACMAARAD.jpg,A_WgcxSLmAZ9YAAAAAAAAAAAAAAQAAAQ.jpg,0,150,15
A_qWCCR7R42PUAAAAAAAAAAAAAAQAAAQ.jpg,A_21V8SYT5XQkAAAAAAAAAAAAAAQAAAQ.jpg,0,288,220
A_J-7MTKEefysAAAAAAAAAAAAAAQAAAQ.jpg,A_ds1XTZvQ5xIAAAAAAAAAAAAAAQAAAQ.jpg,0,44,242
A__iSlQZS0IuEAAAAAAAAAAAAAAQAAAQ.jpg,jjWLPK10Q3S11BG3fnopQgAAACMAARAD.jpg,0,197,188
A_FOIbSaYkQ0MAAAAAAAAAAAAAAQAAAQ.jpg,A_stIeTZ6xLSQAAAAAAAAAAAAAAQAAAQ.jpg,0,80,172
A_B5PLRYT7qakAAAAAAAAAAAAAAQAAAQ.jpg,A_ab2UR5VE8pYAAAAAAAAAAAAAAQAAAQ.jpg,0,228,49
A_aA69SpvZhQQAAAAAAAAAAAAAAQAAAQ.jpg,RZ0pi9gnRguCbwW_2IFLegAAACMAARAD.jpg,0,311,315
A_wSWmTr7_FucAAAAAAAAAAAAAAQAAAQ.jpg,A_QQI2TrP_nAAAAAAAAAAAAAAAAQAAAQ.jpg,0,302,199
A_95Z4QIMBISQAAAAAAAAAAAAAAQAAAQ.jpg,A_9EM2TajlqXoAAAAAAAAAAAAAAQAAAQ.jpg,0,184,58
A_YkhcSryYe2cAAAAAAAAAAAAAAQAAAQ.jpg,A_NbMERImKF5IAAAAAAAAAAAAAAQAAAQ.jpg,0,339,214
A_kKmNR65xnvsAAAAAAAAAAAAAAQAAAQ.jpg,A_osC4T6WDCO8AAAAAAAAAAAAAAQAAAQ.jpg,0,195,202
A_EvDCT75_gY4AAAAAAAAAAAAAAQAAAQ.jpg,8quPjI33SE-iyYx4UOnjkQAAACMAARAD.jpg,0,57,68
A_ByB_RpYeWmsAAAAAAAAAAAAAAQAAAQ.jpg,A_0MTNRpRpwNIAAAAAAAAAAAAAAQAAAQ.jpg,0,232,36
A_Md8QTJnt4HsAAAAAAAAAAAAAAQAAAQ.jpg,A_dmmqQrIoeIMAAAAAAAAAAAAAAQAAAQ.jpg,0,88,279
A_8yHrSI9wXtsAAAAAAAAAAAAAAQAAAQ.jpg,A_H2d7SazIiaAAAAAAAAAAAAAAAQAAAQ.jpg,0,334,73
A_r5lyTqEh9NQAAAAAAAAAAAAAAQAAAQ.jpg,A_u5XySKZ9cywAAAAAAAAAAAAAAQAAAQ.jpg,0,170,274
A_tdauTaw260cAAAAAAAAAAAAAAQAAAQ.jpg,A_q3NGSb8R88wAAAAAAAAAAAAAAQAAAQ.jpg,0,264,253
A_KRnoQ5ccGD4AAAAAAAAAAAAAAQAAAQ.jpg,A_DV2SR5jhC0wAAAAAAAAAAAAAAQAAAQ.jpg,0,235,34
A_kJWgSJRDpycAAAAAAAAAAAAAAQAAAQ.jpg,A_qr-cQJhu1vcAAAAAAAAAAAAAAQAAAQ.jpg,0,228,35
xwiaT4SHTLGOVAZCtHq9yQAAACMAARAD.jpg,A_l_WDRZSqqCQAAAAAAAAAAAAAAQAAAQ.jpg,0,27,1
2G8MIAaDRluIS-ucQOWdigAAACMAARAD.jpg,A_D9o9T7zICSYAAAAAAAAAAAAAAQAAAQ.jpg,0,54,113
A_OVixS5gitWkAAAAAAAAAAAAAAQAAAQ.jpg,A_UbkTQI6a8oMAAAAAAAAAAAAAAQAAAQ.jpg,0,118,61
A_FTXOTL2SfYwAAAAAAAAAAAAAAQAAAQ.jpg,A_CYraTbeA8PYAAAAAAAAAAAAAAQAAAQ.jpg,0,293,245
A_qo9KQ6YZpa0AAAAAAAAAAAAAAQAAAQ.jpg,A_2TkOSZj4Q5QAAAAAAAAAAAAAAQAAAQ.jpg,0,11,108
A_ZovJRIoln2wAAAAAAAAAAAAAAQAAAQ.jpg,A_NuL2TKMEwowAAAAAAAAAAAAAAQAAAQ.jpg,0,47,265
A_M9P2TpZaQRMAAAAAAAAAAAAAAQAAAQ.jpg,1DUlr4dURtqhdRrCS69ZgAAAACMAARAD.jpg,0,275,310
A_ACH-Ta-cq-oAAAAAAAAAAAAAAQAAAQ.jpg,A_lvCUQay2busAAAAAAAAAAAAAAQAAAQ.jpg,0,340,226
A_kJWgSJRDpycAAAAAAAAAAAAAAQAAAQ.jpg,A_iPsbSr7C5DcAAAAAAAAAAAAAAQAAAQ.jpg,0,228,254
A_XJPfQZIMlRoAAAAAAAAAAAAAAQAAAQ.jpg,M00cOfTlQD-7SbSDoVEZiwAAACMAARAD.jpg,0,320,323
A_yaQwRrApyMQAAAAAAAAAAAAAAQAAAQ.jpg,A_EvDCT75_gY4AAAAAAAAAAAAAAQAAAQ.jpg,0,276,57
A_wpTZRJrKEPsAAAAAAAAAAAAAAQAAAQ.jpg,A_mFi6TLRxJ9cAAAAAAAAAAAAAAQAAAQ.jpg,0,38,144
A_0VjnQoOyQFYAAAAAAAAAAAAAAQAAAQ.jpg,A_aDKBQ7mM76cAAAAAAAAAAAAAAQAAAQ.jpg,0,119,256
A_MtxfT4wtikgAAAAAAAAAAAAAAQAAAQ.jpg,A_HHmHS7TxQaEAAAAAAAAAAAAAAQAAAQ.jpg,0,286,305
Fv9FYvAkQc6AGTP11upBrwAAACMAARAD.jpg,A_Ej53QIThr-wAAAAAAAAAAAAAAQAAAQ.jpg,0,4,57
A_dfRbQI26OtwAAAAAAAAAAAAAAQAAAQ.jpg,A_gBKETKn8DvwAAAAAAAAAAAAAAQAAAQ.jpg,0,58,182
A_DhQlQKr7slQAAAAAAAAAAAAAAQAAAQ.jpg,A_aOn9RpOdtFIAAAAAAAAAAAAAAQAAAQ.jpg,0,346,172
A_1Sm2RrE0saQAAAAAAAAAAAAAAQAAAQ.jpg,A_sltnS47XRVEAAAAAAAAAAAAAAQAAAQ.jpg,0,95,201
A_KjDbQJVMoCMAAAAAAAAAAAAAAQAAAQ.jpg,A_vKhxQLRWwhkAAAAAAAAAAAAAAQAAAQ.jpg,0,171,252
A_eqkkQptcgkUAAAAAAAAAAAAAAQAAAQ.jpg,I-4jbqVlSyeXyWm3u8uXGQAAACMAARAD.jpg,0,94,56
A_kqGGQIlQbEIAAAAAAAAAAAAAAQAAAQ.jpg,A_-6tiTb6_VSoAAAAAAAAAAAAAAQAAAQ.jpg,0,7,34
A_mEEyRI2A9fMAAAAAAAAAAAAAAQAAAQ.jpg,A__V74SLTYzbMAAAAAAAAAAAAAAQAAAQ.jpg,0,251,268
A_DhQlQKr7slQAAAAAAAAAAAAAAQAAAQ.jpg,A_Vu_PRqVmM8AAAAAAAAAAAAAAAQAAAQ.jpg,0,346,14
A_7agWQomXiksAAAAAAAAAAAAAAQAAAQ.jpg,A_KtrxQJE_sIMAAAAAAAAAAAAAAQAAAQ.jpg,0,85,33
A_q3_rR6k-lYMAAAAAAAAAAAAAAQAAAQ.jpg,A_peVaRKhGG6EAAAAAAAAAAAAAAQAAAQ.jpg,0,245,338
A_RkkmTYGR2GgAAAAAAAAAAAAAAQAAAQ.jpg,A_JAkWS63CU4MAAAAAAAAAAAAAAQAAAQ.jpg,0,201,67
igBDl6ziSdODf-fpbtEL1wAAACMAARAD.jpg,A_UVLcS7GdN0sAAAAAAAAAAAAAAQAAAQ.jpg,0,306,44
A_YwS1QpL6r01b6sxKihNftwAAAQAAAQ.jpg,A_EsHfTJi2lYUAAAAAAAAAAAAAAQAAAQ.jpg,0,248,314
A_aKs_R7ladhcAAAAAAAAAAAAAAQAAAQ.jpg,A_wxWxSZH1r_QAAAAAAAAAAAAAAQAAAQ.jpg,0,69,293
A_SE5MTp9TUMsAAAAAAAAAAAAAAQAAAQ.jpg,A_UHv6TJv2h5cAAAAAAAAAAAAAAQAAAQ.jpg,0,42,283
A_NuL2TKMEwowAAAAAAAAAAAAAAQAAAQ.jpg,A_MfjWQa58yzwAAAAAAAAAAAAAAQAAAQ.jpg,0,265,90
A_h8ycS56cyH0AAAAAAAAAAAAAAQAAAQ.jpg,A_m-aWTY3Ot-AAAAAAAAAAAAAAAQAAAQ.jpg,0,11,26
A_RZTaRK3bJIcAAAAAAAAAAAAAAQAAAQ.jpg,A_KG1fRooRKKoAAAAAAAAAAAAAAQAAAQ.jpg,0,123,286
A_UbkTQI6a8oMAAAAAAAAAAAAAAQAAAQ.jpg,A_9z7ISKHMk40AAAAAAAAAAAAAAQAAAQ.jpg,0,61,334
A_dI4zSai8yk8AAAAAAAAAAAAAAQAAAQ.jpg,A_ZovJRIoln2wAAAAAAAAAAAAAAQAAAQ.jpg,0,221,47
A_pO8kQqJBt3EAAAAAAAAAAAAAAQAAAQ.jpg,A_gCrJTKWF4KgAAAAAAAAAAAAAAQAAAQ.jpg,0,39,117
A_n4mzQqZYsskAAAAAAAAAAAAAAQAAAQ.jpg,A_N7TMSppc4iUAAAAAAAAAAAAAAQAAAQ.jpg,0,131,101
A_BelDQrZMthQAAAAAAAAAAAAAAQAAAQ.jpg,A_gR_YR4d18TQAAAAAAAAAAAAAAQAAAQ.jpg,0,217,127
A_l8urSJ3Y_ZMAAAAAAAAAAAAAAQAAAQ.jpg,A_hwdWQq75_mQAAAAAAAAAAAAAAQAAAQ.jpg,0,182,7
A_16FyRKAdZCwAAAAAAAAAAAAAAQAAAQ.jpg,A__V74SLTYzbMAAAAAAAAAAAAAAQAAAQ.jpg,0,139,268
A_vzFyQL-m9f0AAAAAAAAAAAAAAQAAAQ.jpg,A_XfLkRYLFXGAAAAAAAAAAAAAAAQAAAQ.jpg,0,11,78
s5_LPbJATXy82lMu1uSeJQAAACMAARAD.jpg,A_4OAEQbtm3HIAAAAAAAAAAAAAAQAAAQ.jpg,0,348,12
A_jKAHQ6HeOiMAAAAAAAAAAAAAAQAAAQ.jpg,A_uMyGRoe6OD4AAAAAAAAAAAAAAQAAAQ.jpg,0,285,23
A_dx0gTp9A5A0AAAAAAAAAAAAAAQAAAQ.jpg,A_9jzqQrTHgCQAAAAAAAAAAAAAAQAAAQ.jpg,0,105,126
A_y0pUQad8WowAAAAAAAAAAAAAAQAAAQ.jpg,A_UE-JSb_9FMYAAAAAAAAAAAAAAQAAAQ.jpg,0,48,144
A_EL3MTLdLMz8AAAAAAAAAAAAAAQAAAQ.jpg,A_XNHHSZlJH00AAAAAAAAAAAAAAQAAAQ.jpg,0,343,153
A_fR9dQ5HrbU4AAAAAAAAAAAAAAQAAAQ.jpg,A_5RnLQp7mKNsAAAAAAAAAAAAAAQAAAQ.jpg,0,18,130
A_GtpMTbLtVR4AAAAAAAAAAAAAAQAAAQ.jpg,A_y6yGT6qZ-m4AAAAAAAAAAAAAAQAAAQ.jpg,0,319,103
A_pNAcQKJ6yH4AAAAAAAAAAAAAAQAAAQ.jpg,A_PKCVSakmtxUAAAAAAAAAAAAAAQAAAQ.jpg,0,344,278
A_m-aWTY3Ot-AAAAAAAAAAAAAAAQAAAQ.jpg,A_T1kYQ7qQrxcAAAAAAAAAAAAAAQAAAQ.jpg,0,26,246
KhYwboiXREiuD9ad__7GDwAAACMAARAD.jpg,A_1Sm2RrE0saQAAAAAAAAAAAAAAQAAAQ.jpg,0,188,95
A_SQeJQr1DQCoAAAAAAAAAAAAAAQAAAQ.jpg,WpudhUmPQtCbPSRoq9BnHgAAACMAARAD.jpg,0,233,20
A_IOFuS4ljD_MAAAAAAAAAAAAAAQAAAQ.jpg,A_F67BSool6_AAAAAAAAAAAAAAAQAAAQ.jpg,0,57,92
A_tZlpQLPXXpQAAAAAAAAAAAAAAQAAAQ.jpg,O1CN01i3vtpY1iOA4ELUKNq_!!0-mtopupload.jpg,0,84,22
A_FjITQKM8yiQAAAAAAAAAAAAAAQAAAQ.jpg,A_YlkgQbNnNSoAAAAAAAAAAAAAAQAAAQ.jpg,0,210,19
A_3BuiQbibhO8AAAAAAAAAAAAAAQAAAQ.jpg,A_Dl-rQYisXAQAAAAAAAAAAAAAAQAAAQ.jpg,0,9,37
A_CSAAQqCz9coAAAAAAAAAAAAAAQAAAQ.jpg,A__FEKTZUF1Y8AAAAAAAAAAAAAAQAAAQ.jpg,0,117,137
YKrsyS6qRZ-rCTySE0CuoAAAACMAARAD.jpg,A_846cT62QLOEAAAAAAAAAAAAAAQAAAQ.jpg,0,107,10
A_XNHHSZlJH00AAAAAAAAAAAAAAQAAAQ.jpg,A_aBdGT4bei2QAAAAAAAAAAAAAAQAAAQ.jpg,0,153,233
eub05Tg8Ri20vTxIGswtRwAAACMAARAD.jpg,A_29ykT6cSV_gAAAAAAAAAAAAAAQAAAQ.jpg,0,323,247
A_-iZQTKAWibIAAAAAAAAAAAAAAQAAAQ.jpg,tk4mOGEERLCxkiRM1WOXuwAAACMAARAD.jpg,0,230,211
A_Or1GTqTym0AAAAAAAAAAAAAAAQAAAQ.jpg,A_sUiCS7uVW54AAAAAAAAAAAAAAQAAAQ.jpg,0,170,227
A_a7OnT702SKIAAAAAAAAAAAAAAQAAAQ.jpg,A_WFX-R60X0GE0GDJMjg5KkAAAAQAAAQ.jpg,0,161,62
A_PM4uTLm28AgAAAAAAAAAAAAAAQAAAQ.jpg,A_osC4T6WDCO8AAAAAAAAAAAAAAQAAAQ.jpg,0,304,202
CGF0IrWnSRGBFZV0QP-bbAAAACMAARAD.jpg,T9sfxIkpSdiBNdMd91kAeAAAACMAARAD.jpg,0,219,321
A_1XV-TI8AFDMAAAAAAAAAAAAAAQAAAQ.jpg,A_b-8qRr28s_QAAAAAAAAAAAAAAQAAAQ.jpg,0,295,130
A_TdNTTqxkNsEAAAAAAAAAAAAAAQAAAQ.jpg,A_SD6EQ6H3_WcAAAAAAAAAAAAAAQAAAQ.jpg,0,339,47
Sz6t1kxuSjqrB9PpBED6oAAAACMAARED.jpg,A_mSuHQqYkujMAAAAAAAAAAAAAAQAAAQ.jpg,0,54,319
A_lUxgRJaTT48AAAAAAAAAAAAAAQAAAQ.jpg,A_Ws9rTr4ssSIAAAAAAAAAAAAAAQAAAQ.jpg,0,55,159
A_vxNlQoSOcesAAAAAAAAAAAAAAQAAAQ.jpg,A_7TWPT4_hkwwAAAAAAAAAAAAAAQAAAQ.jpg,0,23,345
A_9C0_SY5HMwYAAAAAAAAAAAAAAQAAAQ.jpg,A_1ruyQ7LcAuoAAAAAAAAAAAAAAQAAAQ.jpg,0,81,347
A_95Z4QIMBISQAAAAAAAAAAAAAAQAAAQ.jpg,A_ey1NQqwj2xkAAAAAAAAAAAAAAQAAAQ.jpg,0,184,35
8uu1FfYMQXe3pxQOcXQR9gAAACMAARAD.jpg,KhYwboiXREiuD9ad__7GDwAAACMAARAD.jpg,0,155,188
A_xx0YQr5BNq8AAAAAAAAAAAAAAQAAAQ.jpg,A_Oa8eT5Wc8OgAAAAAAAAAAAAAAQAAAQ.jpg,0,147,113
A_L9_gSaoQ_w8AAAAAAAAAAAAAAQAAAQ.jpg,A_OssPT5JNclsAAAAAAAAAAAAAAQAAAQ.jpg,0,234,269
A_HII8R5WzRQ4AAAAAAAAAAAAAAQAAAQ.jpg,A_XSdhTajB4_kAAAAAAAAAAAAAAQAAAQ.jpg,0,179,243
A_MzYDRI1zIykAAAAAAAAAAAAAAQAAAQ.jpg,A_J1qLRIBVPRwAAAAAAAAAAAAAAQAAAQ.jpg,0,122,151
A_wrCkQIW0mVgAAAAAAAAAAAAAAQAAAQ.jpg,A_VQ4tRoLu4e4AAAAAAAAAAAAAAQAAAQ.jpg,0,86,292
A_7zNRSYbqsoAAAAAAAAAAAAAAAQAAAQ.jpg,A_UE-JSb_9FMYAAAAAAAAAAAAAAQAAAQ.jpg,0,130,144
fcg3fFELSXuinicx0-hYRQAAACMAARAD.jpg,A_lv0eRrxAXNwAAAAAAAAAAAAAAQAAAQ.jpg,0,27,193
A_3uJrSJQRo58AAAAAAAAAAAAAAQAAAQ.jpg,A_aMDbQ5OmVQ4AAAAAAAAAAAAAAQAAAQ.jpg,0,275,95
A_S8r-QoOdnNoAAAAAAAAAAAAAAQAAAQ.jpg,unXpdCHiSwq1IsIo2bI8PAAAACMAARAD.jpg,0,28,70
A_7FcUTJfZ-EEAAAAAAAAAAAAAAQAAAQ.jpg,xwiaT4SHTLGOVAZCtHq9yQAAACMAARAD.jpg,0,200,27
xEkROLFrT8eZz88qyGMUDgAAACMAARAD.jpg,A_yrFZSaXtfAEAAAAAAAAAAAAAAQAAAQ.jpg,0,327,162
A_DhQlQKr7slQAAAAAAAAAAAAAAQAAAQ.jpg,A_KwVMSYgdftIAAAAAAAAAAAAAAQAAAQ.jpg,0,346,165
ORZnfTwMTGmDKW-_9Zm_cAAAACMAARAD.jpg,A_I4uaQKtPPhAAAAAAAAAAAAAAAQAAAQ.jpg,0,348,329
A_AoHdR7FLKwgAAAAAAAAAAAAAAQAAAQ.jpg,A_to61RICU3tgAAAAAAAAAAAAAAQAAAQ.jpg,0,178,139
A_kCm8SqJ4xbQAAAAAAAAAAAAAAQAAAQ.jpg,A_t7pjSY5KeJwAAAAAAAAAAAAAAQAAAQ.jpg,0,299,324
A_vbb5RrhFhKkAAAAAAAAAAAAAAQAAAQ.jpg,A_mt3oRoMfsrEAAAAAAAAAAAAAAQAAAQ.jpg,0,220,237
A_lPHeQo7aiawAAAAAAAAAAAAAAQAAAQ.jpg,unXpdCHiSwq1IsIo2bI8PAAAACMAARAD.jpg,0,189,70
A_wpTZRJrKEPsAAAAAAAAAAAAAAQAAAQ.jpg,A_lWreSpZxhyAAAAAAAAAAAAAAAQAAAQ.jpg,0,38,15
A_qK0OTL76_bMAAAAAAAAAAAAAAQAAAQ.jpg,A_NbMERImKF5IAAAAAAAAAAAAAAQAAAQ.jpg,0,21,214
A_Uzk2SrABsKIAAAAAAAAAAAAAAQAAAQ.jpg,A_5dhIRrfer5YAAAAAAAAAAAAAAQAAAQ.jpg,0,153,65
A_wEzeR4yAYOUAAAAAAAAAAAAAAQAAAQ.jpg,A__FEKTZUF1Y8AAAAAAAAAAAAAAQAAAQ.jpg,0,117,137
A_gmv7RZlv2wwAAAAAAAAAAAAAAQAAAQ.jpg,A_sltnS47XRVEAAAAAAAAAAAAAAQAAAQ.jpg,0,263,201
A_OkeCQptuOYkAAAAAAAAAAAAAAQAAAQ.jpg,A_lPjNSaZ7r9wAAAAAAAAAAAAAAQAAAQ.jpg,0,32,333
A_fJ6qQJnwL64AAAAAAAAAAAAAAQAAAQ.jpg,A_BXDpSpUjofgAAAAAAAAAAAAAAQAAAQ.jpg,0,305,68
A_WIkoSofHxNkAAAAAAAAAAAAAAQAAAQ.jpg,A_xK0XQo9bd_wAAAAAAAAAAAAAAQAAAQ.jpg,0,67,143
A_ACH-Ta-cq-oAAAAAAAAAAAAAAQAAAQ.jpg,A_NpaSRqrF3DwAAAAAAAAAAAAAAQAAAQ.jpg,0,340,196
A_VQ4tRoLu4e4AAAAAAAAAAAAAAQAAAQ.jpg,A_xVWGSYgcMQkAAAAAAAAAAAAAAQAAAQ.jpg,0,292,206
zQs0kBsAS2mS20h_2hp37AAAACMAARAD.jpg,CsysDwi5QjeJ03Wvg2F9SAAAACMAARAD.jpg,0,316,99
A_izqHSKPN0SsAAAAAAAAAAAAAAQAAAQ.jpg,A_Fk7aSIVdPRsAAAAAAAAAAAAAAQAAAQ.jpg,0,281,156
A_mEEyRI2A9fMAAAAAAAAAAAAAAQAAAQ.jpg,A_CRqJQKCtnOMAAAAAAAAAAAAAAQAAAQ.jpg,0,251,341
A_lWreSpZxhyAAAAAAAAAAAAAAAQAAAQ.jpg,A_DpAcQ6ZefVMAAAAAAAAAAAAAAQAAAQ.jpg,0,15,246
A_gnzFTrJMNnQAAAAAAAAAAAAAAQAAAQ.jpg,A_fgxxT7gC-zwAAAAAAAAAAAAAAQAAAQ.jpg,0,232,198
A__LYISrzZ_GIAAAAAAAAAAAAAAQAAAQ.jpg,A_olotS4XoJFkAAAAAAAAAAAAAAQAAAQ.jpg,0,287,124
A_W-xaT78i22MAAAAAAAAAAAAAAQAAAQ.jpg,A_WFX-R60X0GEAAAAAAAAAAAAAAQAAAQ.jpg,0,50,62
A_bIcBTZ3tUqEAAAAAAAAAAAAAAQAAAQ.jpg,A_LTsOT5XBs1cAAAAAAAAAAAAAAQAAAQ.jpg,0,289,270
A_fXp1S7xHV6YAAAAAAAAAAAAAAQAAAQ.jpg,A_aMDbQ5OmVQ4AAAAAAAAAAAAAAQAAAQ.jpg,0,106,95
A_LKyVRYb174gAAAAAAAAAAAAAAQAAAQ.jpg,dyxtW91GQ3m1hwcxGe6xNQAAACMAARAD.jpg,0,203,72
A_Q0c_QIvmCAoAAAAAAAAAAAAAAQAAAQ.jpg,s5_LPbJATXy82lMu1uSeJQAAACMAARAD.jpg,0,118,348
A_TKDrRJ6csBwAAAAAAAAAAAAAAQAAAQ.jpg,A__LYISrzZ_GIAAAAAAAAAAAAAAQAAAQ.jpg,0,257,287
A_m8sWQpOHV-EAAAAAAAAAAAAAAQAAAQ.jpg,A_FOOWRLdgH6EAAAAAAAAAAAAAAQAAAQ.jpg,0,25,42
A_mFe3QKV54XcAAAAAAAAAAAAAAQAAAQ.jpg,O1CN01i3vtpY1iOA4ELUKNq_!!0-mtopupload.jpg,0,185,22
A_BUCBRov7kcoAAAAAAAAAAAAAAQAAAQ.jpg,A_Dl-rQYisXAQAAAAAAAAAAAAAAQAAAQ.jpg,0,170,37
A_k6J1RpHE-uEAAAAAAAAAAAAAAQAAAQ.jpg,A_TneoSKTv7UkAAAAAAAAAAAAAAQAAAQ.jpg,0,131,223
7B--srC_TKKKH1ccdVhHJQAAACMAARAD.jpg,A_5P07RJ-PIlkAAAAAAAAAAAAAAQAAAQ.jpg,0,6,76
f4a1-1TxSRStvQAki3vjjQAAACMAARAD.jpg,A_DJoqQr7L5-IAAAAAAAAAAAAAAQAAAQ.jpg,0,150,36
A_OdypSY5DoYwAAAAAAAAAAAAAAQAAAQ.jpg,A_iGqzSrLtlcMAAAAAAAAAAAAAAQAAAQ.jpg,0,298,261
A_ZBuhRJ_erngAAAAAAAAAAAAAAQAAAQ.jpg,A_7zNRSYbqsoAAAAAAAAAAAAAAAQAAAQ.jpg,0,34,130
A_-JpBS6Eepe4AAAAAAAAAAAAAAQAAAQ.jpg,A_MwufRZG5iJ8AAAAAAAAAAAAAAQAAAQ.jpg,0,210,236
MkS_FJIUSj-AkfBJ2KVoEwAAACMAARAD.jpg,A_gZaiTKWdZY4AAAAAAAAAAAAAAQAAAQ.jpg,0,208,290
A_OQeoS4r3iwoAAAAAAAAAAAAAAQAAAQ.jpg,A_EvDCT75_gY4AAAAAAAAAAAAAAQAAAQ.jpg,0,284,57
A_s-BYTbC6hKgAAAAAAAAAAAAAAQAAAQ.jpg,A_RaRvSLwdvtQAAAAAAAAAAAAAAQAAAQ.jpg,0,162,173
A_X5hASJq4FlIAAAAAAAAAAAAAAQAAAQ.jpg,A_wrCkQIW0mVgAAAAAAAAAAAAAAQAAAQ.jpg,0,240,86
A_LC73QKKHtxsAAAAAAAAAAAAAAQAAAQ.jpg,YogXrvTpT3CF9S-8BEORggAAACMAARAD.jpg,0,183,71
A__-KSSaYDssAAAAAAAAAAAAAAAQAAAQ.jpg,A_EtEwQb8aGLUAAAAAAAAAAAAAAQAAAQ.jpg,0,234,46
4zN2JMNhQYWDS2AtX0u64wAAACMAARAD.jpg,A_3JWtT62FzhAAAAAAAAAAAAAAAQAAAQ.jpg,0,54,290
A_dfRbQI26OtwAAAAAAAAAAAAAAQAAAQ.jpg,A_eUwvR77C5UwAAAAAAAAAAAAAAQAAAQ.jpg,0,58,65
A_rGSuTZXVuRUAAAAAAAAAAAAAAQAAAQ.jpg,A_Ver0Ro7tFCYAAAAAAAAAAAAAAQAAAQ.jpg,0,2,222
A_W2IxTrShf0MAAAAAAAAAAAAAAQAAAQ.jpg,A_5aAtRZYw7_wAAAAAAAAAAAAAAQAAAQ.jpg,0,334,51
A_D5prT4UpL5EAAAAAAAAAAAAAAQAAAQ.jpg,zGfOrLgJRWq4z48tv9EHeQAAACMAARAD.jpg,0,87,155
CsysDwi5QjeJ03Wvg2F9SAAAACMAARAD.jpg,unXpdCHiSwq1IsIo2bI8PAAAACMAARAD.jpg,0,99,70
A_xt-fRpljCNgAAAAAAAAAAAAAAQAAAQ.jpg,A_7PWcRpT6-noAAAAAAAAAAAAAAQAAAQ.jpg,0,83,145
A__dC3S5as98wAAAAAAAAAAAAAAQAAAQ.jpg,A_45ZeSYlRX04AAAAAAAAAAAAAAQAAAQ.jpg,0,279,338
A_TlQXRagTGKcAAAAAAAAAAAAAAQAAAQ.jpg,A_L9_gSaoQ_w8AAAAAAAAAAAAAAQAAAQ.jpg,0,172,234
A_8P78SYHj8vsAAAAAAAAAAAAAAQAAAQ.jpg,A_UbkTQI6a8oMAAAAAAAAAAAAAAQAAAQ.jpg,0,312,61
2d-0eWw0TDKv5kSoh012ogAAACMAARAD.jpg,A_SsADSplZuU0AAAAAAAAAAAAAAQAAAQ.jpg,0,316,258
A_I5KDRLmGgB8AAAAAAAAAAAAAAQAAAQ.jpg,A_z0kCQr_tfJQAAAAAAAAAAAAAAQAAAQ.jpg,0,296,23
A_Tt6HTJdxA1kAAAAAAAAAAAAAAQAAAQ.jpg,A_vsngRpRhfFsAAAAAAAAAAAAAAQAAAQ.jpg,0,19,112
A_hdpuRLEj1icAAAAAAAAAAAAAAQAAAQ.jpg,A_qpwOTZvgL9EAAAAAAAAAAAAAAQAAAQ.jpg,0,326,26
A_IdUASo3kSSUAAAAAAAAAAAAAAQAAAQ.jpg,A_7boYR4gvvhMAAAAAAAAAAAAAAQAAAQ.jpg,0,248,152
A_uJ6ISJ1NElsAAAAAAAAAAAAAAQAAAQ.jpg,A_XHurTYV1xScAAAAAAAAAAAAAAQAAAQ.jpg,0,256,337
A_N0opT5roVPAAAAAAAAAAAAAAAQAAAQ.jpg,A_16FyRKAdZCwAAAAAAAAAAAAAAQAAAQ.jpg,0,242,139
A_lPjNSaZ7r9wAAAAAAAAAAAAAAQAAAQ.jpg,A_PNRuRprSSG4AAAAAAAAAAAAAAQAAAQ.jpg,0,333,335
A_qDygQaMbmCsAAAAAAAAAAAAAAQAAAQ.jpg,A_TcbgToJZ2O0AAAAAAAAAAAAAAQAAAQ.jpg,0,119,213
A_WNgORoRRamAAAAAAAAAAAAAAAQAAAQ.jpg,55fo6TlLS8mFijkrYINs0AAAACMAARAD.jpg,0,141,56
A_Li70RYXYOToAAAAAAAAAAAAAAQAAAQ.jpg,A_yBncQYqQkt4AAAAAAAAAAAAAAQAAAQ.jpg,0,171,250
A_demMTaFj7p8AAAAAAAAAAAAAAQAAAQ.jpg,A_fXp1S7xHV6YAAAAAAAAAAAAAAQAAAQ.jpg,0,126,106
A_Km6WQabbG9cAAAAAAAAAAAAAAQAAAQ.jpg,A_MOhrQLLyVDYAAAAAAAAAAAAAAQAAAQ.jpg,0,248,262
A_stmPT54njmIU_RNLpIBqvAAAAQAAAQ.jpg,A_R094QKfEc7UAAAAAAAAAAAAAAQAAAQ.jpg,0,147,272
cOr4Q-vIToudfDTJK_hYsQAAACMAARAD.jpg,A_0jiiRbW7afUAAAAAAAAAAAAAAQAAAQ.jpg,0,4,260
A_Mr_oTZ8LdmUAAAAAAAAAAAAAAQAAAQ.jpg,A_EL3MTLdLMz8AAAAAAAAAAAAAAQAAAQ.jpg,0,181,343
A_LaJXSLgvcWABL0VDvY1hqgAAAQAAAQ.jpg,A_xvAiTaIgyiIAAAAAAAAAAAAAAQAAAQ.jpg,0,185,154
A__sCTTLlfQsMAAAAAAAAAAAAAAQAAAQ.jpg,t7OjT-JkTe-fdqtZnMC8oAAAACMAARAD.jpg,0,158,129
8qks6YhlRy-wDJtrkIZaIgAAACMAARAD.jpg,A_cKTpQK7jeCMAAAAAAAAAAAAAAQAAAQ.jpg,0,316,143
A_stmPT54njmIAAAAAAAAAAAAAAQAAAQ.jpg,A_H_ulSqKIeUgAAAAAAAAAAAAAAQAAAQ.jpg,0,147,93
A_Fs6DTJ51k3oAAAAAAAAAAAAAAQAAAQ.jpg,A_mwbHSqmRhcQAAAAAAAAAAAAAAQAAAQ.jpg,0,95,253
A_DLIAQKcBAyYAAAAAAAAAAAAAAQAAAQ.jpg,YKrsyS6qRZ-rCTySE0CuoAAAACMAARAD.jpg,0,244,107
A_llXqTpsSgWwAAAAAAAAAAAAAAQAAAQ.jpg,A_LvVhRqiGvcIAAAAAAAAAAAAAAQAAAQ.jpg,0,90,194
A_Z4zcS4aqMeIAAAAAAAAAAAAAAQAAAQ.jpg,A_00INR7szioMAAAAAAAAAAAAAAQAAAQ.jpg,0,253,89
A_kCm8SqJ4xbQAAAAAAAAAAAAAAQAAAQ.jpg,A_H_zgSYO_OSwAAAAAAAAAAAAAAQAAAQ.jpg,0,299,231
A_vjMsQZpQaTkAAAAAAAAAAAAAAQAAAQ.jpg,A_xkbbR6DqPbwAAAAAAAAAAAAAAQAAAQ.jpg,0,133,288
A_tdauTaw260cAAAAAAAAAAAAAAQAAAQ.jpg,A_WFX-R60X0GEAAAAAAAAAAAAAAQAAAQ.jpg,0,264,62
A_-XUaRqtBWX4AAAAAAAAAAAAAAQAAAQ.jpg,A_zIdqT5wAadAAAAAAAAAAAAAAAQAAAQ.jpg,0,159,297
A_wrCkQIW0mVgAAAAAAAAAAAAAAQAAAQ.jpg,A_OVixS5gitWkAAAAAAAAAAAAAAQAAAQ.jpg,0,86,118
A_aOn9RpOdtFIAAAAAAAAAAAAAAQAAAQ.jpg,A_lXDEQaoW4GsAAAAAAAAAAAAAAQAAAQ.jpg,0,172,125
C5W99xn9Rpmnq-8QffgzswAAACMAARAD.jpg,A_uqQZTalXwHYAAAAAAAAAAAAAAQAAAQ.jpg,0,120,301
A_OStdQqQjUL8AAAAAAAAAAAAAAQAAAQ.jpg,A_Cl0sQ69mrY4AAAAAAAAAAAAAAQAAAQ.jpg,0,210,341
2iEC5ZrsSa2JpfKnTQbADQAAACMAARAD.jpg,A_3bzNSLXJbYMAAAAAAAAAAAAAAQAAAQ.jpg,0,6,324
A_p01WSpLvktkAAAAAAAAAAAAAAQAAAQ.jpg,A_wMMDQIdbntYV1_RPvr7IlAAAAQAAAQ.jpg,0,136,63
A_MOhrQLLyVDYAAAAAAAAAAAAAAQAAAQ.jpg,A_nZIFTqwyAG0AAAAAAAAAAAAAAQAAAQ.jpg,0,262,341
A_Jt0NQ7kxnNgAAAAAAAAAAAAAAQAAAQ.jpg,A_2lrgQ5piRFsAAAAAAAAAAAAAAQAAAQ.jpg,0,314,123
A_N57xRZ6tBnwAAAAAAAAAAAAAAQAAAQ.jpg,A_2bxUSqLc6wAAAAAAAAAAAAAAAQAAAQ.jpg,0,157,255
A_7zzVQYVHFHgAAAAAAAAAAAAAAQAAAQ.jpg,A_cKTpQK7jeCMAAAAAAAAAAAAAAQAAAQ.jpg,0,158,143
A_6McDRL0y-v8AAAAAAAAAAAAAAQAAAQ.jpg,A_9jzqQrTHgCQAAAAAAAAAAAAAAQAAAQ.jpg,0,200,126
oAlUaNt0SoOd1pDlZebq6QAAACMAARAD.jpg,A_lhr8T5PNQm0AAAAAAAAAAAAAAQAAAQ.jpg,0,327,231
A_JFf0QpMDxLUAAAAAAAAAAAAAAQAAAQ.jpg,A_l8urSJ3Y_ZMAAAAAAAAAAAAAAQAAAQ.jpg,0,178,182
A_UbkTQI6a8oMAAAAAAAAAAAAAAQAAAQ.jpg,A_xigkRLl7oW4AAAAAAAAAAAAAAQAAAQ.jpg,0,61,230
A_spNeTrbTaesAAAAAAAAAAAAAAQAAAQ.jpg,A_-ZsZRYceA08AAAAAAAAAAAAAAQAAAQ.jpg,0,114,96
QQxyNEuVSAWRtd0Fk3TSiAAAACMAARAD.jpg,A_WFX-R60X0GEAAAAAAAAAAAAAAQAAAQ.jpg,0,192,62
A_-XUaRqtBWX4AAAAAAAAAAAAAAQAAAQ.jpg,A_BvagTqt2xW0AAAAAAAAAAAAAAQAAAQ.jpg,0,159,180
A_cHCiQbPdurUAAAAAAAAAAAAAAQAAAQ.jpg,A_CMb2RJx-GToAAAAAAAAAAAAAAQAAAQ.jpg,0,39,180
A_CWhQSqgeUq4AAAAAAAAAAAAAAQAAAQ.jpg,A_XiKLT6SCDZsAAAAAAAAAAAAAAQAAAQ.jpg,0,345,168
A_0GHaQ5v1mnFBBtxPokPDawAAAQAAAQ.jpg,A_L_fMQ4YgTbUAAAAAAAAAAAAAAQAAAQ.jpg,0,64,125
A_3R5AT4k8aW0AAAAAAAAAAAAAAQAAAQ.jpg,A_DkWtQphhpucAAAAAAAAAAAAAAQAAAQ.jpg,0,59,195
A_aDhQT4JRtKIAAAAAAAAAAAAAAQAAAQ.jpg,A_SU_3R4a-QnYAAAAAAAAAAAAAAQAAAQ.jpg,0,275,259
ysnTdNgkTQ2KcesYGinCrgAAACMAARAD.jpg,A_8wJfSLcHUG4AAAAAAAAAAAAAAQAAAQ.jpg,0,132,12
A_9EM2TajlqXoAAAAAAAAAAAAAAQAAAQ.jpg,A_BUqXSoHm6xYAAAAAAAAAAAAAAQAAAQ.jpg,0,58,309
A_SqQTTY_3jwUAAAAAAAAAAAAAAQAAAQ.jpg,UGSrDzPcQN2snR0B29V38AAAACMAARAD.jpg,0,84,192
A_6J5kQJhOduUAAAAAAAAAAAAAAQAAAQ.jpg,A_WDLkR6ptwJYAAAAAAAAAAAAAAQAAAQ.jpg,0,77,160
A_rsioTJ5AOrcAAAAAAAAAAAAAAQAAAQ.jpg,A_meIyTZfLrbEAAAAAAAAAAAAAAQAAAQ.jpg,0,9,289
A_AgMeSbS1YrMAAAAAAAAAAAAAAQAAAQ.jpg,A_R094QKfEc7UAAAAAAAAAAAAAAQAAAQ.jpg,0,169,272
A_33L3RYDwFfYAAAAAAAAAAAAAAQAAAQ.jpg,A_D9o9T7zICSYbaeZMlwxEKQAAAQAAAQ.jpg,0,335,113
OjXGrQwIRLe0jn5ENTl1XwAAACMAARAD.jpg,A_bKPlQL4w2iUAAAAAAAAAAAAAAQAAAQ.jpg,0,291,345
A_B70bT5SypHUAAAAAAAAAAAAAAQAAAQ.jpg,A_WFX-R60X0GE0GDJMjg5KkAAAAQAAAQ.jpg,0,55,62
A_MfvYSISsOaYAAAAAAAAAAAAAAQAAAQ.jpg,A_WJZqQYuskC4AAAAAAAAAAAAAAQAAAQ.jpg,0,59,335
A_Km6WQabbG9cAAAAAAAAAAAAAAQAAAQ.jpg,A_T1kYQ7qQrxcAAAAAAAAAAAAAAQAAAQ.jpg,0,248,246
A_KRnoQ5ccGD4AAAAAAAAAAAAAAQAAAQ.jpg,A_avXxR4A0gikAAAAAAAAAAAAAAQAAAQ.jpg,0,235,280
A_fXp1S7xHV6YAAAAAAAAAAAAAAQAAAQ.jpg,A_iGqzSrLtlcMAAAAAAAAAAAAAAQAAAQ.jpg,0,106,261
A_A29dTpQ8IOwAAAAAAAAAAAAAAQAAAQ.jpg,A_1Sm2RrE0saQAAAAAAAAAAAAAAQAAAQ.jpg,0,124,95
A_cwDhQLizVhEAAAAAAAAAAAAAAQAAAQ.jpg,A_jdqPRo2GPt0AAAAAAAAAAAAAAQAAAQ.jpg,0,159,115
A_PQ-mQpRZPwgAAAAAAAAAAAAAAQAAAQ.jpg,A_DTn9RaIFKaUAAAAAAAAAAAAAAQAAAQ.jpg,0,35,246
A_Oj4CRqQrUiU9b2pImURI-AAAAQAAAQ.jpg,A_X5hASJq4FlIAAAAAAAAAAAAAAQAAAQ.jpg,0,176,240
A_GhJrQqvVGfAAAAAAAAAAAAAAAQAAAQ.jpg,A_xt-fRpljCNgAAAAAAAAAAAAAAQAAAQ.jpg,0,46,83
A_TIBEQZKlgbsAAAAAAAAAAAAAAQAAAQ.jpg,O1CN017Zqu3U1WkLrs8drP0_!!0-mtopupload.jpg,0,237,22
A_jwl4QaUztl0AAAAAAAAAAAAAAQAAAQ.jpg,A_bv-GT6sWBVEAAAAAAAAAAAAAAQAAAQ.jpg,0,187,254
A_nKQBTJiTOPkAAAAAAAAAAAAAAQAAAQ.jpg,A_7t5MRrn6fyUAAAAAAAAAAAAAAQAAAQ.jpg,0,234,303
A_9jzqQrTHgCQAAAAAAAAAAAAAAQAAAQ.jpg,A_ffGlTZG85-QAAAAAAAAAAAAAAQAAAQ.jpg,0,126,322
A_JFQFRqCRuosAAAAAAAAAAAAAAQAAAQ.jpg,A_wEzeR4yAYOUAAAAAAAAAAAAAAQAAAQ.jpg,0,68,117
A_ePq8Ras0owIAAAAAAAAAAAAAAQAAAQ.jpg,A_He2nSrEFR1YAAAAAAAAAAAAAAQAAAQ.jpg,0,320,300
A_1iq-SaD4TSYAAAAAAAAAAAAAAQAAAQ.jpg,A_8wJfSLcHUG4AAAAAAAAAAAAAAQAAAQ.jpg,0,300,12
A_lhr8T5PNQm0AAAAAAAAAAAAAAQAAAQ.jpg,A_tXSZTIQiK3YAAAAAAAAAAAAAAQAAAQ.jpg,0,231,151
A_1vE2T5QGHN4AAAAAAAAAAAAAAQAAAQ.jpg,J1O8TQTwTPSajGqg9HcALwAAACMAARAD.jpg,0,297,192
5tv9hCixSeCiHja6EI7b6AAAACMAARAD.jpg,A_AgMeSbS1YrMAAAAAAAAAAAAAAQAAAQ.jpg,0,120,169
A_pUauTrONA4lSN5NPuoRqAAAAAQAAAQ.jpg,A_tiodTJuNpegAAAAAAAAAAAAAAQAAAQ.jpg,0,318,252
A_w8x7SaCEWdkAAAAAAAAAAAAAAQAAAQ.jpg,A_0fKgSYxegzcAAAAAAAAAAAAAAQAAAQ.jpg,0,58,26
A_IfS8TqroUEgAAAAAAAAAAAAAAQAAAQ.jpg,A_9C0_SY5HMwYAAAAAAAAAAAAAAQAAAQ.jpg,0,131,81
A_L_fMQ4YgTbUAAAAAAAAAAAAAAQAAAQ.jpg,A_SsVBRJzukC8AAAAAAAAAAAAAAQAAAQ.jpg,0,125,308
A_JFf0QpMDxLUAAAAAAAAAAAAAAQAAAQ.jpg,A_04oDR5lbyT4AAAAAAAAAAAAAAQAAAQ.jpg,0,178,163
A_h0wES7JMcj8AAAAAAAAAAAAAAQAAAQ.jpg,A_aKs_R7ladhcAAAAAAAAAAAAAAQAAAQ.jpg,0,293,69
A_FhdITbO2NLEAAAAAAAAAAAAAAQAAAQ.jpg,A_29ykT6cSV_gAAAAAAAAAAAAAAQAAAQ.jpg,0,102,247
LkTAGmb3TGuGGZHU52brUQAAACMAARAD.jpg,A_cKTpQK7jeCMAAAAAAAAAAAAAAQAAAQ.jpg,0,207,143
YogXrvTpT3CF9S-8BEORggAAACMAARAD.jpg,A_mHpGR5oYn_kAAAAAAAAAAAAAAQAAAQ.jpg,0,71,320
A_SE5MTp9TUMsAAAAAAAAAAAAAAQAAAQ.jpg,A_-pSrT6xClQcAAAAAAAAAAAAAAQAAAQ.jpg,0,42,97
A_qA51SrJMwRIAAAAAAAAAAAAAAQAAAQ.jpg,A_dNP4R4O9ASkAAAAAAAAAAAAAAQAAAQ.jpg,0,222,257
A_P3qUR6v9jfsAAAAAAAAAAAAAAQAAAQ.jpg,A_eqkkQptcgkUAAAAAAAAAAAAAAQAAAQ.jpg,0,204,94
A_HRkFRZKRfK4AAAAAAAAAAAAAAQAAAQ.jpg,A_wMMDQIdbntYAAAAAAAAAAAAAAQAAAQ.jpg,0,330,63
dyxtW91GQ3m1hwcxGe6xNQAAACMAARAD.jpg,A_gleuQrcJ404AAAAAAAAAAAAAAQAAAQ.jpg,0,72,8
A_J-7MTKEefysAAAAAAAAAAAAAAQAAAQ.jpg,A_des9TqTtlVkAAAAAAAAAAAAAAQAAAQ.jpg,0,44,230
A_HXWXTZxti_gAAAAAAAAAAAAAAQAAAQ.jpg,A_jDBmTIN3O1EAAAAAAAAAAAAAAQAAAQ.jpg,0,311,133
A_CXUcR6GYNjkAAAAAAAAAAAAAAQAAAQ.jpg,A_lPjNSaZ7r9wAAAAAAAAAAAAAAQAAAQ.jpg,0,280,333
A_zMhHRKUhSuE7jzBNqjIYmQAAAQAAAQ.jpg,A_izqHSKPN0SsAAAAAAAAAAAAAAQAAAQ.jpg,0,148,281
A_fJ6qQJnwL64AAAAAAAAAAAAAAQAAAQ.jpg,A_6BoNTIj6Zn8AAAAAAAAAAAAAAQAAAQ.jpg,0,305,126
A_9FlLRZb9wXUAAAAAAAAAAAAAAQAAAQ.jpg,A_tB9JQ6SKjKYAAAAAAAAAAAAAAQAAAQ.jpg,0,49,201
A_CJEPQZwY7_LC6f1Fh61-vQAAAQAAAQ.jpg,A__YxFR6NzEjQAAAAAAAAAAAAAAQAAAQ.jpg,0,191,13
A_plhwSYSpPVIAAAAAAAAAAAAAAQAAAQ.jpg,A__pBPR5UaDJ8AAAAAAAAAAAAAAQAAAQ.jpg,0,264,229
x8Wo4mizQyiMb9ZQPKg2hgAAACMAARAD.jpg,A_jBgOSoE5gk8AAAAAAAAAAAAAAQAAAQ.jpg,0,109,196
A_jdqPRo2GPt0AAAAAAAAAAAAAAQAAAQ.jpg,s5_LPbJATXy82lMu1uSeJQAAACMAARAD.jpg,0,115,348
O1CN01i3vtpY1iOA4ELUKNq_!!0-mtopupload.jpg,A_EVAPRrwpj30AAAAAAAAAAAAAAQAAAQ.jpg,0,22,46
A_V3ppS6VZwMoAAAAAAAAAAAAAAQAAAQ.jpg,A_qDygQaMbmCsAAAAAAAAAAAAAAQAAAQ.jpg,0,340,119
A_higyRahZ3-cAAAAAAAAAAAAAAQAAAQ.jpg,A_wNo8Squ-ZpAAAAAAAAAAAAAAAQAAAQ.jpg,0,266,8
A_3sPRTprtYa8AAAAAAAAAAAAAAQAAAQ.jpg,A_Hn4STI9pSQMAAAAAAAAAAAAAAQAAAQ.jpg,0,66,40
A_fR9dQ5HrbU4AAAAAAAAAAAAAAQAAAQ.jpg,A_3AbSRaIVmvwAAAAAAAAAAAAAAQAAAQ.jpg,0,18,158
A_pGBkRrTqPD0AAAAAAAAAAAAAAQAAAQ.jpg,A_zjM2TKZ3uLYAAAAAAAAAAAAAAQAAAQ.jpg,0,5,97
A_FOOWRLdgH6EAAAAAAAAAAAAAAQAAAQ.jpg,A_8HNgToSMI-0AAAAAAAAAAAAAAQAAAQ.jpg,0,42,5
hL3x2UFYTb-fOuBIwUKJMAAAACMAARED.jpg,O1CN01i3vtpY1iOA4ELUKNq_!!0-mtopupload.jpg,0,128,22
A_GsfXSomQxTQAAAAAAAAAAAAAAQAAAQ.jpg,A_ymwwSJZai5IAAAAAAAAAAAAAAQAAAQ.jpg,0,201,122
A_7dttRYIKAKQAAAAAAAAAAAAAAQAAAQ.jpg,A_9rUXTan94pAAAAAAAAAAAAAAAQAAAQ.jpg,0,116,32
A_xVWGSYgcMQkAAAAAAAAAAAAAAQAAAQ.jpg,A_sltnS47XRVEAAAAAAAAAAAAAAQAAAQ.jpg,0,206,201
GkKIt_19Rh2gdu0uxH4mbgAAACMAARAD.jpg,A__FEKTZUF1Y8AAAAAAAAAAAAAAQAAAQ.jpg,0,291,137
A_zjktQp-czbsAAAAAAAAAAAAAAQAAAQ.jpg,J9zK50Y5RvujoRzPnQkXBAAAACMAARAD.jpg,0,118,349
A_Urt9TpyTclsAAAAAAAAAAAAAAQAAAQ.jpg,A_5BrdQ7yMxs4AAAAAAAAAAAAAAQAAAQ.jpg,0,37,213
qvyQGoFhTm69RSHS-41E9QAAACMAARAD.jpg,A_zfe6Ta1sN6AAAAAAAAAAAAAAAQAAAQ.jpg,0,209,79
A_izqHSKPN0SsAAAAAAAAAAAAAAQAAAQ.jpg,A_7FcUTJfZ-EEAAAAAAAAAAAAAAQAAAQ.jpg,0,281,200
A_MfjWQa58yzwAAAAAAAAAAAAAAQAAAQ.jpg,A_fDM3T7_Er0wAAAAAAAAAAAAAAQAAAQ.jpg,0,90,21
A_chnJTr6v4Y8AAAAAAAAAAAAAAQAAAQ.jpg,A_IdUASo3kSSUAAAAAAAAAAAAAAQAAAQ.jpg,0,216,248
A_xteZTaHHkAYAAAAAAAAAAAAAAQAAAQ.jpg,A_GNYnToAhNA8AAAAAAAAAAAAAAQAAAQ.jpg,0,205,35
zQs0kBsAS2mS20h_2hp37AAAACMAARAD.jpg,A_o8ipRYjXiXQAAAAAAAAAAAAAAQAAAQ.jpg,0,316,176
A_SnWNTb004p4AAAAAAAAAAAAAAQAAAQ.jpg,A_FgqDQY4q28cAAAAAAAAAAAAAAQAAAQ.jpg,0,195,104
A_BquTQbUQF58AAAAAAAAAAAAAAQAAAQ.jpg,2d-0eWw0TDKv5kSoh012ogAAACMAARAD.jpg,0,197,316
A_XJPfQZIMlRoAAAAAAAAAAAAAAQAAAQ.jpg,A_0RXtQrcbVQMAAAAAAAAAAAAAAQAAAQ.jpg,0,320,223
A_FGfzSpRlJ9AAAAAAAAAAAAAAAQAAAQ.jpg,A__sCTTLlfQsMAAAAAAAAAAAAAAQAAAQ.jpg,0,263,158
A_4vgZSoQuhPgAAAAAAAAAAAAAAQAAAQ.jpg,oUwFV4MkS2S9joIua_wkvwAAACMAARAD.jpg,0,294,155
A_UM9FRqczn4sAAAAAAAAAAAAAAQAAAQ.jpg,A_V3ppS6VZwMoAAAAAAAAAAAAAAQAAAQ.jpg,0,42,340
HO658TQUQEWkFzwQclWO6QAAACMAARAD.jpg,A_CWhQSqgeUq4AAAAAAAAAAAAAAQAAAQ.jpg,0,316,345
A_qA51SrJMwRIAAAAAAAAAAAAAAQAAAQ.jpg,A_zjM2TKZ3uLYAAAAAAAAAAAAAAQAAAQ.jpg,0,222,97
A_OVixS5gitWkAAAAAAAAAAAAAAQAAAQ.jpg,A_BUqXSoHm6xYAAAAAAAAAAAAAAQAAAQ.jpg,0,118,309
A_DOZRQIHcpw0AAAAAAAAAAAAAAQAAAQ.jpg,A_2zQ8SKw0HmwAAAAAAAAAAAAAAQAAAQ.jpg,0,39,119
A_IeYBSaupD3QAAAAAAAAAAAAAAQAAAQ.jpg,A_JiP8RIdhMFgAAAAAAAAAAAAAAQAAAQ.jpg,0,75,14
A_DhQlQKr7slQAAAAAAAAAAAAAAQAAAQ.jpg,A_00INR7szioMAAAAAAAAAAAAAAQAAAQ.jpg,0,346,89
A_-bJ-Q4552o0AAAAAAAAAAAAAAQAAAQ.jpg,A_8hQJTq1WHRsAAAAAAAAAAAAAAQAAAQ.jpg,0,50,51
A_lTNbTYEaGsMAAAAAAAAAAAAAAQAAAQ.jpg,A_MGtdT6XD3YAAAAAAAAAAAAAAAQAAAQ.jpg,0,224,236
A_zIdqT5wAadAAAAAAAAAAAAAAAQAAAQ.jpg,A_j72ARLb_6boAAAAAAAAAAAAAAQAAAQ.jpg,0,297,161
hc_8dM3TTzeQxx1wn6w2ogAAACMAARAD.jpg,A_kRgtTKT8j2YAAAAAAAAAAAAAAQAAAQ.jpg,0,128,261
C5W99xn9Rpmnq-8QffgzswAAACMAARAD.jpg,40cC6HWzRva34jaC_YZZAwAAACMAARED.jpg,0,120,128
jljP-9JORDyajV3g_xwG_wAAACMAARAD.jpg,A_048mQIy0UMoAAAAAAAAAAAAAAQAAAQ.jpg,0,129,223
A_CAlCTIVL_TQAAAAAAAAAAAAAAQAAAQ.jpg,A_q3_rR6k-lYMAAAAAAAAAAAAAAQAAAQ.jpg,0,295,245
A__EmvQZaIrk0AAAAAAAAAAAAAAQAAAQ.jpg,A_ZLTNQ5wA3ncNnJxCvdxuZQAAAQAAAQ.jpg,0,330,63
A_Ej53QIThr-wAAAAAAAAAAAAAAQAAAQ.jpg,A_Oa8eT5Wc8OgAAAAAAAAAAAAAAQAAAQ.jpg,0,57,113
wlvKhmPsRnuzCvy0hg9dSQAAACMAARAD.jpg,A_o8ipRYjXiXQAAAAAAAAAAAAAAQAAAQ.jpg,0,282,176
A_ivfcQaWsgdsAAAAAAAAAAAAAAQAAAQ.jpg,A_7FcUTJfZ-EEAAAAAAAAAAAAAAQAAAQ.jpg,0,296,200
A_BH18R5ERvpkAAAAAAAAAAAAAAQAAAQ.jpg,A_4lT3QpjRRVEAAAAAAAAAAAAAAQAAAQ.jpg,0,198,258
A_tnVbTq1hG0IAAAAAAAAAAAAAAQAAAQ.jpg,A_00INR7szioMAAAAAAAAAAAAAAQAAAQ.jpg,0,194,89
A_-mntSLpmrZwAAAAAAAAAAAAAAQAAAQ.jpg,A_OStdQqQjUL8AAAAAAAAAAAAAAQAAAQ.jpg,0,149,210
A_7z2dSpjqRhsAAAAAAAAAAAAAAQAAAQ.jpg,A_3HV_SoaRBjcAAAAAAAAAAAAAAQAAAQ.jpg,0,302,260
A_GsfXSomQxTQAAAAAAAAAAAAAAQAAAQ.jpg,A_TfvQTrtOPDQAAAAAAAAAAAAAAQAAAQ.jpg,0,201,243
A__z-iTZs2YvEAAAAAAAAAAAAAAQAAAQ.jpg,A_S4LDTLYmuK0AAAAAAAAAAAAAAQAAAQ.jpg,0,14,36
A_Jz60TodhpGjXzl5IpWUeAQAAAQAAAQ.jpg,A_rdsOTar7H-kAAAAAAAAAAAAAAQAAAQ.jpg,0,99,46
A_WD_RToG7TiEAAAAAAAAAAAAAAQAAAQ.jpg,A_fJ6qQJnwL64AAAAAAAAAAAAAAQAAAQ.jpg,0,301,305
A_g3YhTbvJ9A8AAAAAAAAAAAAAAQAAAQ.jpg,A_SDD3Q6kABacAAAAAAAAAAAAAAQAAAQ.jpg,0,198,247
A_YRDWQrX8B_UAAAAAAAAAAAAAAQAAAQ.jpg,A__NR8QZ1qcjQAAAAAAAAAAAAAAQAAAQ.jpg,0,258,97
A_ZLTNQ5wA3ncNnJxCvdxuZQAAAQAAAQ.jpg,A_437OSrredWUAAAAAAAAAAAAAAQAAAQ.jpg,0,63,271
2G8MIAaDRluIS-ucQOWdigAAACMAARAD.jpg,2A23mcKTRe6iwvdle-DnoQAAACMAARAD.jpg,0,54,349
A_m8smT6igYF8AAAAAAAAAAAAAAQAAAQ.jpg,Xep9PWi-TnyRkBu-1lOpugAAACMAARAD.jpg,0,12,150
FzycvDuPSGu-ef2sruqE3wAAACMAARAD.jpg,A_M9P2TpZaQRMAAAAAAAAAAAAAAQAAAQ.jpg,0,150,275
A_Kgq_SLzseBQAAAAAAAAAAAAAAQAAAQ.jpg,A_xKkVSpQDOR8AAAAAAAAAAAAAAQAAAQ.jpg,0,295,79
A_hbD0T7EIoRYAAAAAAAAAAAAAAQAAAQ.jpg,4AGq8NKSRuOp1uokfOiJnwAAACMAARAD.jpg,0,74,52
A_LKyVRYb174gAAAAAAAAAAAAAAQAAAQ.jpg,hL3x2UFYTb-fOuBIwUKJMAAAACMAARED.jpg,0,203,128
A_UE-JSb_9FMYAAAAAAAAAAAAAAQAAAQ.jpg,A_kjIITIS-f1QAAAAAAAAAAAAAAQAAAQ.jpg,0,144,261
O1CN017Zqu3U1WkLrs8drP0_!!0-mtopupload.jpg,A_X5hASJq4FlIAAAAAAAAAAAAAAQAAAQ.jpg,0,22,240
A__DuWR5Z1Kp8AAAAAAAAAAAAAAQAAAQ.jpg,A_MVpnTJIllNYAAAAAAAAAAAAAAQAAAQ.jpg,0,50,51
A_EhJNRrpu2Z0AAAAAAAAAAAAAAQAAAQ.jpg,A_Li70RYXYOToAAAAAAAAAAAAAAQAAAQ.jpg,0,233,171
A_eBxrT7u84_YAAAAAAAAAAAAAAQAAAQ.jpg,A_Ieo9SKFx2U0AAAAAAAAAAAAAAQAAAQ.jpg,0,276,82
A_zz-aSZh8rzMAAAAAAAAAAAAAAQAAAQ.jpg,A_7z2dSpjqRhsAAAAAAAAAAAAAAQAAAQ.jpg,0,127,302
J1CtsgliQ_Wz7dWKjUh9SwAAACMAARAD.jpg,A_M-KbRYPdAHoAAAAAAAAAAAAAAQAAAQ.jpg,0,307,336
A_KQxIT7wL_kgAAAAAAAAAAAAAAQAAAQ.jpg,A_uY8RT48iBmoAAAAAAAAAAAAAAQAAAQ.jpg,0,18,178
A_TnpqRIoO1cIAAAAAAAAAAAAAAQAAAQ.jpg,NEaQDqOzRj2kGdWgt4KrigAAACMAARAD.jpg,0,130,209
PYuk0PscTpKyg5nsQBOYZgAAACMAARAD.jpg,A_i7AkRLef484AAAAAAAAAAAAAAQAAAQ.jpg,0,107,240
A_0Z_BTJTyxrUAAAAAAAAAAAAAAQAAAQ.jpg,A_J1qLRIBVPRwAAAAAAAAAAAAAAQAAAQ.jpg,0,135,151
A_UXmITL-h8LMAAAAAAAAAAAAAAQAAAQ.jpg,A_B17tQL9G7GAAAAAAAAAAAAAAAQAAAQ.jpg,0,140,331
A_8qvqS61s-g4AAAAAAAAAAAAAAQAAAQ.jpg,A_m8smT6igYF8AAAAAAAAAAAAAAQAAAQ.jpg,0,332,12
A_a0R0R5IAcOEAAAAAAAAAAAAAAQAAAQ.jpg,bSowLH_QSz-W1UMpKjz0owAAACMAARAD.jpg,0,167,315
A_uo1iTaASRHgAAAAAAAAAAAAAAQAAAQ.jpg,A_7uWzQaplAc4AAAAAAAAAAAAAAQAAAQ.jpg,0,185,260
A_b-8qRr28s_QAAAAAAAAAAAAAAQAAAQ.jpg,A_LUknQ5zwlPEAAAAAAAAAAAAAAQAAAQ.jpg,0,130,288
A_CaW2Rr7FxicAAAAAAAAAAAAAAQAAAQ.jpg,A_6CUMTK6sWtwAAAAAAAAAAAAAAQAAAQ.jpg,0,281,45
dNTm6a6ZQU-tMrEpqKmLXwAAACMAARAD.jpg,A_LUknQ5zwlPEAAAAAAAAAAAAAAQAAAQ.jpg,0,56,288
A_9TXZTICb-ssAAAAAAAAAAAAAAQAAAQ.jpg,A_8MxtS7nrx5oAAAAAAAAAAAAAAQAAAQ.jpg,0,189,53
A_LWb7SL9pX8IAAAAAAAAAAAAAAQAAAQ.jpg,A_H2d7SazIiaAAAAAAAAAAAAAAAQAAAQ.jpg,0,98,73
A_C0vvSpWL_JsAAAAAAAAAAAAAAQAAAQ.jpg,A_TlQXRagTGKcAAAAAAAAAAAAAAQAAAQ.jpg,0,121,172
A_UM9FRqczn4sAAAAAAAAAAAAAAQAAAQ.jpg,3TWmN3cgR6O-z4Ry4M-TngAAACMAARAD.jpg,0,42,132
A_VcXdQZCQUrIAAAAAAAAAAAAAAQAAAQ.jpg,1u5RC96DSSGhP-caETvXfQAAACMAARAD.jpg,0,250,177
A_jBgOSoE5gk8AAAAAAAAAAAAAAQAAAQ.jpg,A_pfnXQq9r3uoAAAAAAAAAAAAAAQAAAQ.jpg,0,196,199
A_HPLCS6zhfDUAAAAAAAAAAAAAAQAAAQ.jpg,A_ESFIRqtAdmEAAAAAAAAAAAAAAQAAAQ.jpg,0,218,106
A_3muFRpfosX0AAAAAAAAAAAAAAQAAAQ.jpg,A_Ver0Ro7tFCYAAAAAAAAAAAAAAQAAAQ.jpg,0,10,222
A_Y6qGQYFvMP0AAAAAAAAAAAAAAQAAAQ.jpg,A_lPwKS7HXTIUAAAAAAAAAAAAAAQAAAQ.jpg,0,138,309
A_xt-fRpljCNgAAAAAAAAAAAAAAQAAAQ.jpg,oUwFV4MkS2S9joIua_wkvwAAACMAARAD.jpg,0,83,155
A_qK3GTKpbnwAAAAAAAAAAAAAAAQAAAQ.jpg,A_bmExSKHslRkAAAAAAAAAAAAAAQAAAQ.jpg,0,83,14
A_6BoNTIj6Zn8AAAAAAAAAAAAAAQAAAQ.jpg,A_2DA2SZLf5vEAAAAAAAAAAAAAAQAAAQ.jpg,0,126,24
A_6DRKTb5hhmYAAAAAAAAAAAAAAQAAAQ.jpg,xEkROLFrT8eZz88qyGMUDgAAACMAARAD.jpg,0,38,327
A_7zNRSYbqsoAAAAAAAAAAAAAAAQAAAQ.jpg,A_6JGwQau_WNoAAAAAAAAAAAAAAQAAAQ.jpg,0,130,284
IvmXxLWaQd-LKBYjjNz-zwAAACMAARAD.jpg,A_H2d7SazIiaAAAAAAAAAAAAAAAQAAAQ.jpg,0,315,73
A_wNo8Squ-ZpAAAAAAAAAAAAAAAQAAAQ.jpg,A_60h2TaONPo8AAAAAAAAAAAAAAQAAAQ.jpg,0,8,37
A_jDBmTIN3O1EAAAAAAAAAAAAAAQAAAQ.jpg,4zN2JMNhQYWDS2AtX0u64wAAACMAARAD.jpg,0,133,54
O1CN01i3vtpY1iOA4ELUKNq_!!0-mtopupload.jpg,A_eQMGQYpNRSIAAAAAAAAAAAAAAQAAAQ.jpg,0,22,41
A_2W5zQLpISkcAAAAAAAAAAAAAAQAAAQ.jpg,5-dDbF_HS_O0O2_34lIV9AAAACMAARAD.jpg,0,105,186
A_7FcUTJfZ-EEAAAAAAAAAAAAAAQAAAQ.jpg,PXhnsQ6BSAW7VRUKjS1fswAAACMAARAD.jpg,0,200,70
A_yBncQYqQkt4AAAAAAAAAAAAAAQAAAQ.jpg,A_dN7FSZa9E6kAAAAAAAAAAAAAAQAAAQ.jpg,0,250,225
A_SXGPT6VlGv0AAAAAAAAAAAAAAQAAAQ.jpg,A_sltnS47XRVEAAAAAAAAAAAAAAQAAAQ.jpg,0,15,201
A_FyXHS6lwH00AAAAAAAAAAAAAAQAAAQ.jpg,A_00INR7szioMAAAAAAAAAAAAAAQAAAQ.jpg,0,142,89
A_9FlLRZb9wXUAAAAAAAAAAAAAAQAAAQ.jpg,A_6r0MSZSuGksAAAAAAAAAAAAAAQAAAQ.jpg,0,49,262
A_IdUASo3kSSUAAAAAAAAAAAAAAQAAAQ.jpg,A_aDWaRJ0Cte4AAAAAAAAAAAAAAQAAAQ.jpg,0,248,200
A_zVV9QJHiLggAAAAAAAAAAAAAAQAAAQ.jpg,A_o6tyRpwL8I0AAAAAAAAAAAAAAQAAAQ.jpg,0,67,100
36L3Z5XgRFWtMVjSmPOSTwAAACMAARAD.jpg,A_Uw6pRLOcnFcAAAAAAAAAAAAAAQAAAQ.jpg,0,190,242
A__YxFR6NzEjQAAAAAAAAAAAAAAQAAAQ.jpg,A_OdypSY5DoYwAAAAAAAAAAAAAAQAAAQ.jpg,0,13,298
A_DOZRQIHcpw0AAAAAAAAAAAAAAQAAAQ.jpg,A_demMTaFj7p8AAAAAAAAAAAAAAQAAAQ.jpg,0,39,126
A_ZkMGSr_0kyQAAAAAAAAAAAAAAQAAAQ.jpg,A_meIyTZfLrbEAAAAAAAAAAAAAAQAAAQ.jpg,0,138,289
A_TRvMSK9h_7YAAAAAAAAAAAAAAQAAAQ.jpg,A_LC73QKKHtxsAAAAAAAAAAAAAAQAAAQ.jpg,0,48,183
A_QodUQrrQR2YAAAAAAAAAAAAAAQAAAQ.jpg,A_llXqTpsSgWwAAAAAAAAAAAAAAQAAAQ.jpg,0,270,90
YFn8FC0cQFGTffeP-0YugAAAACMAARAD.jpg,A_lXDEQaoW4GsAAAAAAAAAAAAAAQAAAQ.jpg,0,188,125
A_2nNMSZOEYsQAAAAAAAAAAAAAAQAAAQ.jpg,A_0GHaQ5v1mnFBBtxPokPDawAAAQAAAQ.jpg,0,349,64
A_miO8RI_sLsIAAAAAAAAAAAAAAQAAAQ.jpg,A_PLH0TI0npUYAAAAAAAAAAAAAAQAAAQ.jpg,0,180,294
A_7B2HSpMadEgAAAAAAAAAAAAAAQAAAQ.jpg,A_FSyZQ40qPbEAAAAAAAAAAAAAAQAAAQ.jpg,0,258,257
A_ZLTNQ5wA3ncNnJxCvdxuZQAAAQAAAQ.jpg,A_CMb2RJx-GToAAAAAAAAAAAAAAQAAAQ.jpg,0,63,180
A_29WIRrT3Pg4AAAAAAAAAAAAAAQAAAQ.jpg,CGF0IrWnSRGBFZV0QP-bbAAAACMAARAD.jpg,0,75,219
A_PYU8Qr4rH5YAAAAAAAAAAAAAAQAAAQ.jpg,A_gR_YR4d18TQAAAAAAAAAAAAAAQAAAQ.jpg,0,19,127
A_50hVQpJOh38AAAAAAAAAAAAAAQAAAQ.jpg,A_dZG9Q4576q8AAAAAAAAAAAAAAQAAAQ.jpg,0,333,183
A_dIlQSIobnFAAAAAAAAAAAAAAAQAAAQ.jpg,A_mFi6TLRxJ9cAAAAAAAAAAAAAAQAAAQ.jpg,0,45,144
A_cKh6QbFC51wAAAAAAAAAAAAAAQAAAQ.jpg,A_ab2UR5VE8pYAAAAAAAAAAAAAAQAAAQ.jpg,0,169,49
A_DLIAQKcBAyYAAAAAAAAAAAAAAQAAAQ.jpg,A_vKhxQLRWwhkAAAAAAAAAAAAAAQAAAQ.jpg,0,244,252
A_WBiBQpmmEtAAAAAAAAAAAAAAAQAAAQ.jpg,A_usXqRrG0zfAAAAAAAAAAAAAAAQAAAQ.jpg,0,50,88
A__pBPR5UaDJ8AAAAAAAAAAAAAAQAAAQ.jpg,A_Efp6QLrSZ-gAAAAAAAAAAAAAAQAAAQ.jpg,0,229,274
A_AcFbQoqDqRwAAAAAAAAAAAAAAQAAAQ.jpg,A_cKTpQK7jeCMAAAAAAAAAAAAAAQAAAQ.jpg,0,345,143
A_aYeATJcaX1MAAAAAAAAAAAAAAQAAAQ.jpg,A_TQs9RbfFYCkAAAAAAAAAAAAAAQAAAQ.jpg,0,249,280
A_7HodQI2rtSUAAAAAAAAAAAAAAQAAAQ.jpg,A_vxNlQoSOcesAAAAAAAAAAAAAAQAAAQ.jpg,0,24,23
A_hqAJQ6LPFncAAAAAAAAAAAAAAQAAAQ.jpg,A_KxBVRZ_49dEAAAAAAAAAAAAAAQAAAQ.jpg,0,108,176
A_D9o9T7zICSYAAAAAAAAAAAAAAQAAAQ.jpg,A_TQs9RbfFYCkAAAAAAAAAAAAAAQAAAQ.jpg,0,113,280
rMWpilyUToW_ESjYFAiCGwAAACMAARAD.jpg,A_-HPcQKsgKR8AAAAAAAAAAAAAAQAAAQ.jpg,0,238,96
A_S1K7SaRCgmsAAAAAAAAAAAAAAQAAAQ.jpg,A_RZTaRK3bJIcAAAAAAAAAAAAAAQAAAQ.jpg,0,111,123
A_yusuSowwe7sAAAAAAAAAAAAAAQAAAQ.jpg,s-goRr4zRqihodt8c49wvwAAACMAARAD.jpg,0,145,174
A_gh7QT5Mx8uUAAAAAAAAAAAAAAQAAAQ.jpg,A_DLk9QaFF3W0AAAAAAAAAAAAAAQAAAQ.jpg,0,41,328
A_8g2uSoogj9AAAAAAAAAAAAAAAQAAAQ.jpg,A_95Z4QIMBISQAAAAAAAAAAAAAAQAAAQ.jpg,0,322,184
s5_LPbJATXy82lMu1uSeJQAAACMAARAD.jpg,A_Mr_oTZ8LdmUAAAAAAAAAAAAAAQAAAQ.jpg,0,348,181
A_EL3MTLdLMz8AAAAAAAAAAAAAAQAAAQ.jpg,A_rdK1TpMuf28AAAAAAAAAAAAAAQAAAQ.jpg,0,343,283
A_Q0c_QIvmCAoAAAAAAAAAAAAAAQAAAQ.jpg,A_UGJ9TY8666oAAAAAAAAAAAAAAQAAAQ.jpg,0,118,325
A_hB7UQZ1wHGQAAAAAAAAAAAAAAQAAAQ.jpg,A_GIwlTbJGP0EAAAAAAAAAAAAAAQAAAQ.jpg,0,183,30
A_-HPcQKsgKR8AAAAAAAAAAAAAAQAAAQ.jpg,ZyHG3kTpSISXJaNBidsZFQAAACMAARAD.jpg,0,96,238
A_xK0XQo9bd_wAAAAAAAAAAAAAAQAAAQ.jpg,A_vXcfRYxmGwMAAAAAAAAAAAAAAQAAAQ.jpg,0,143,85
A_zRxmTpGb1kMAAAAAAAAAAAAAAQAAAQ.jpg,A_a5OsTbYWWVQAAAAAAAAAAAAAAQAAAQ.jpg,0,183,137
A_xigkRLl7oW4AAAAAAAAAAAAAAQAAAQ.jpg,A_-cgBQ7nWdC4AAAAAAAAAAAAAAQAAAQ.jpg,0,230,283
T9sfxIkpSdiBNdMd91kAeAAAACMAARAD.jpg,A_5z1SRIthrRMAAAAAAAAAAAAAAQAAAQ.jpg,0,321,176
A_Or1GTqTym0AAAAAAAAAAAAAAAQAAAQ.jpg,A_1vE2T5QGHN4AAAAAAAAAAAAAAQAAAQ.jpg,0,170,297
A_LaJXSLgvcWABL0VDvY1hqgAAAQAAAQ.jpg,A_1328TKphdQgAAAAAAAAAAAAAAQAAAQ.jpg,0,185,30
rMWpilyUToW_ESjYFAiCGwAAACMAARAD.jpg,A_jHKHTLW4rOcAAAAAAAAAAAAAAQAAAQ.jpg,0,238,267
A_naL1RJ86jCoAAAAAAAAAAAAAAQAAAQ.jpg,A_03AFSaoCIYMAAAAAAAAAAAAAAQAAAQ.jpg,0,28,184
A_y6yGT6qZ-m4AAAAAAAAAAAAAAQAAAQ.jpg,A_DTn9RaIFKaUAAAAAAAAAAAAAAQAAAQ.jpg,0,103,246
A_aDhQT4JRtKIAAAAAAAAAAAAAAQAAAQ.jpg,A_79Y3T534mhsAAAAAAAAAAAAAAQAAAQ.jpg,0,275,205
A_P3qUR6v9jfsAAAAAAAAAAAAAAQAAAQ.jpg,A_fgxxT7gC-zwAAAAAAAAAAAAAAQAAAQ.jpg,0,204,198
A_pfnXQq9r3uoAAAAAAAAAAAAAAQAAAQ.jpg,A_dN7FSZa9E6kAAAAAAAAAAAAAAQAAAQ.jpg,0,199,225
A_eKNXQLRk11AAAAAAAAAAAAAAAQAAAQ.jpg,A_JFQFRqCRuosAAAAAAAAAAAAAAQAAAQ.jpg,0,112,68
A_wcRmTIDKqJAAAAAAAAAAAAAAAQAAAQ.jpg,A_CFppRq-ikRoAAAAAAAAAAAAAAQAAAQ.jpg,0,240,227
A_8TLTSrYPUTUAAAAAAAAAAAAAAQAAAQ.jpg,A_CjU5SoWF2L0AAAAAAAAAAAAAAQAAAQ.jpg,0,328,118
A_GNYnToAhNA8AAAAAAAAAAAAAAQAAAQ.jpg,tZ9Ffj0eTdiamVFL64HrAwAAACMAARAD.jpg,0,35,72
O1CN01i3vtpY1iOA4ELUKNq_!!0-mtopupload.jpg,A_q9E-TreZOpcAAAAAAAAAAAAAAQAAAQ.jpg,0,22,276
A_pMrhQLroe0IAAAAAAAAAAAAAAQAAAQ.jpg,A_hKxiQrUhfZUAAAAAAAAAAAAAAQAAAQ.jpg,0,319,141
A_VfpjQZM4v8EAAAAAAAAAAAAAAQAAAQ.jpg,Gy5X3mM5RdSB0CqW4GSoGwAAACMAARAD.jpg,0,196,291
A_2nNMSZOEYsQAAAAAAAAAAAAAAQAAAQ.jpg,A_BM-IS64L6owAAAAAAAAAAAAAAQAAAQ.jpg,0,349,332
A_v2AMTqrkHXgAAAAAAAAAAAAAAQAAAQ.jpg,uKy0yW2aSKGHTpR2lfUysQAAACMAARAD.jpg,0,163,132
A_BbMtSbuC4rkAAAAAAAAAAAAAAQAAAQ.jpg,A_I-uhS4pzzngAAAAAAAAAAAAAAQAAAQ.jpg,0,259,260
A_yrFZSaXtfAEAAAAAAAAAAAAAAQAAAQ.jpg,A_2oJSS7TmnnsAAAAAAAAAAAAAAQAAAQ.jpg,0,162,329
A_zfe6Ta1sN6AAAAAAAAAAAAAAAQAAAQ.jpg,A_8MxtS7nrx5oAAAAAAAAAAAAAAQAAAQ.jpg,0,79,53
A_zjktQp-czbsAAAAAAAAAAAAAAQAAAQ.jpg,A_Yl1ZSL-Lto8AAAAAAAAAAAAAAQAAAQ.jpg,0,118,241
A_DNjCS6LPySIAAAAAAAAAAAAAAQAAAQ.jpg,A_FxEiTbFDhBMAAAAAAAAAAAAAAQAAAQ.jpg,0,272,21
A_XSjzR59VqvHRlAVGm_RBAAAAAQAAAQ.jpg,A_a-RNSrOUV5IAAAAAAAAAAAAAAQAAAQ.jpg,0,144,296
A_7boYR4gvvhMAAAAAAAAAAAAAAQAAAQ.jpg,A_FjITQKM8yiQAAAAAAAAAAAAAAQAAAQ.jpg,0,152,210
A_B17tQL9G7GBxlR5AvcHBegAAAQAAAQ.jpg,A_5zh3RYWgmsoAAAAAAAAAAAAAAQAAAQ.jpg,0,331,76
A_57b6Sb8-FAYAAAAAAAAAAAAAAQAAAQ.jpg,A_WBiBQpmmEtAAAAAAAAAAAAAAAQAAAQ.jpg,0,300,50
A_S11EQYn7Fj8AAAAAAAAAAAAAAQAAAQ.jpg,A_7boYR4gvvhMAAAAAAAAAAAAAAQAAAQ.jpg,0,224,152
A_02oeQZQGpSIAAAAAAAAAAAAAAQAAAQ.jpg,A_g3QTTLBYHsUAAAAAAAAAAAAAAQAAAQ.jpg,0,297,136
A_yhhDQbrQfGcAAAAAAAAAAAAAAQAAAQ.jpg,Z_Hv1amYSOKoJUJcV5cxjwAAACMAARAD.jpg,0,206,211
A_pfnXQq9r3uoAAAAAAAAAAAAAAQAAAQ.jpg,A_h8ycS56cyH0AAAAAAAAAAAAAAQAAAQ.jpg,0,199,11
A_N1bgTpTlLkIAAAAAAAAAAAAAAQAAAQ.jpg,A_o8ipRYjXiXQAAAAAAAAAAAAAAQAAAQ.jpg,0,285,176
A_D9w_QbDG9s4AAAAAAAAAAAAAAQAAAQ.jpg,A_rdsOTar7H-kAAAAAAAAAAAAAAQAAAQ.jpg,0,26,46
A_1iq-SaD4TSYAAAAAAAAAAAAAAQAAAQ.jpg,A_plIEQ4aQaFEAAAAAAAAAAAAAAQAAAQ.jpg,0,300,349
A_FSCJRYy3dFwAAAAAAAAAAAAAAQAAAQ.jpg,A_wrCkQIW0mVgAAAAAAAAAAAAAAQAAAQ.jpg,0,3,86
A_CJEPQZwY7_IAAAAAAAAAAAAAAQAAAQ.jpg,A_wMMDQIdbntYV1_RPvr7IlAAAAQAAAQ.jpg,0,191,63
A_hiF9SJL03uIAAAAAAAAAAAAAAQAAAQ.jpg,A_Hr8iQJfMnWAAAAAAAAAAAAAAAQAAAQ.jpg,0,214,86
A_vjMsQZpQaTkAAAAAAAAAAAAAAQAAAQ.jpg,A_ob2HSriDloEAAAAAAAAAAAAAAQAAAQ.jpg,0,133,236
A_yqmVSY6yhroAAAAAAAAAAAAAAQAAAQ.jpg,A_usXqRrG0zfAAAAAAAAAAAAAAAQAAAQ.jpg,0,104,88
-6WHQxGYR3ej96FqYNv-hAAAACMAARAD.jpg,CGF0IrWnSRGBFZV0QP-bbAAAACMAARAD.jpg,0,208,219
A_ob2HSriDloEAAAAAAAAAAAAAAQAAAQ.jpg,A_yrFZSaXtfAEAAAAAAAAAAAAAAQAAAQ.jpg,0,236,162
HqCc8PT8QMalF5QdbcP9UwAAACMAARAD.jpg,A_cFBbQb-i068AAAAAAAAAAAAAAQAAAQ.jpg,0,107,16
A_L9_gSaoQ_w8AAAAAAAAAAAAAAQAAAQ.jpg,A_CMb2RJx-GToAAAAAAAAAAAAAAQAAAQ.jpg,0,234,180
A_LZQHRJnzs8kAAAAAAAAAAAAAAQAAAQ.jpg,A_kRgtTKT8j2YAAAAAAAAAAAAAAQAAAQ.jpg,0,85,261
A_SXGPT6VlGv0AAAAAAAAAAAAAAQAAAQ.jpg,A_Uga7SbOpyY0AAAAAAAAAAAAAAQAAAQ.jpg,0,15,69
A_5BrdQ7yMxs4AAAAAAAAAAAAAAQAAAQ.jpg,A_uSLAQKtJDr4AAAAAAAAAAAAAAQAAAQ.jpg,0,213,179
A__MyoS6tXD44AAAAAAAAAAAAAAQAAAQ.jpg,A_gyLzR4cxZpIAAAAAAAAAAAAAAQAAAQ.jpg,0,86,274
A_ywmfQoWVLnUAAAAAAAAAAAAAAQAAAQ.jpg,A_MtxfT4wtikgAAAAAAAAAAAAAAQAAAQ.jpg,0,78,286
A_pOfiQ7jDy15GaENDjjN7nQAAAQAAAQ.jpg,A_pICTQLbIAwkAAAAAAAAAAAAAAQAAAQ.jpg,0,13,89
A_UHv6TJv2h5cAAAAAAAAAAAAAAQAAAQ.jpg,A_aEr8SogcnnIAAAAAAAAAAAAAAQAAAQ.jpg,0,283,311
A_cY_dQKTxLZIAAAAAAAAAAAAAAQAAAQ.jpg,A_AK9lSaWJ_m0AAAAAAAAAAAAAAQAAAQ.jpg,0,34,296
A_DLk9QaFF3W0AAAAAAAAAAAAAAQAAAQ.jpg,UB-NZRT8SxapdoqCNWuvvAAAACMAARAD.jpg,0,328,211
A_HCX2Trvkdz8AAAAAAAAAAAAAAQAAAQ.jpg,A_HHmHS7TxQaEAAAAAAAAAAAAAAQAAAQ.jpg,0,103,305
A_3AbSRaIVmvwAAAAAAAAAAAAAAQAAAQ.jpg,A_9rUXTan94pAAAAAAAAAAAAAAAQAAAQ.jpg,0,158,32
A_5rhHQ4uH0DUAAAAAAAAAAAAAAQAAAQ.jpg,W2GbcBOXQ8S9PGJqLQppPQAAACMAARED.jpg,0,343,209
A_waonRYbJYOwAAAAAAAAAAAAAAQAAAQ.jpg,A_zMhHRKUhSuErdB5Pt_ADkgAAAQAAAQ.jpg,0,194,148
A_0ZBaRKtusuAAAAAAAAAAAAAAAQAAAQ.jpg,A_LKyVRYb174gAAAAAAAAAAAAAAQAAAQ.jpg,0,182,203
A_OwX6S7nJKi4AAAAAAAAAAAAAAQAAAQ.jpg,A_stmPT54njmIU_RNLpIBqvAAAAQAAAQ.jpg,0,220,147
2A23mcKTRe6iwvdle-DnoQAAACMAARAD.jpg,A_0fKgSYxegzcAAAAAAAAAAAAAAQAAAQ.jpg,0,349,26
A_jO7PT6D764gAAAAAAAAAAAAAAQAAAQ.jpg,A_q3NGSb8R88wAAAAAAAAAAAAAAQAAAQ.jpg,0,106,253
A_rMDcQZ59WB8AAAAAAAAAAAAAAQAAAQ.jpg,A_4OwVSaVoxg4AAAAAAAAAAAAAAQAAAQ.jpg,0,97,170
A_j72ARLb_6boAAAAAAAAAAAAAAQAAAQ.jpg,A_xK0XQo9bd_wAAAAAAAAAAAAAAQAAAQ.jpg,0,161,143
A_uJ6ISJ1NElsAAAAAAAAAAAAAAQAAAQ.jpg,A_Y1ryTIb8npX6SU9Br3TwMgAAAQAAAQ.jpg,0,256,221
crE-yGuKTyaiQLaA4borcAAAACMAARAD.jpg,A_Y4XwSLpSghkAAAAAAAAAAAAAAQAAAQ.jpg,0,109,114
RZ0pi9gnRguCbwW_2IFLegAAACMAARAD.jpg,M00cOfTlQD-7SbSDoVEZiwAAACMAARAD.jpg,0,315,323
A_5x9gRIcmjIsAAAAAAAAAAAAAAQAAAQ.jpg,A__-KSSaYDssAAAAAAAAAAAAAAAQAAAQ.jpg,0,244,234
A_FEs-Ro6DnjoAAAAAAAAAAAAAAQAAAQ.jpg,A_BUqXSoHm6xYAAAAAAAAAAAAAAQAAAQ.jpg,0,267,309
A_4lT3QpjRRVEAAAAAAAAAAAAAAQAAAQ.jpg,A_kKmNR65xnvsAAAAAAAAAAAAAAQAAAQ.jpg,0,258,195
A_uJmSS6jwC_EAAAAAAAAAAAAAAQAAAQ.jpg,A_o8ipRYjXiXQAAAAAAAAAAAAAAQAAAQ.jpg,0,151,176
A_UE-JSb_9FMYAAAAAAAAAAAAAAQAAAQ.jpg,A_vXcfRYxmGwMAAAAAAAAAAAAAAQAAAQ.jpg,0,144,85
A_y6yGT6qZ-m4AAAAAAAAAAAAAAQAAAQ.jpg,A_UKkIRaJ9WRsAAAAAAAAAAAAAAQAAAQ.jpg,0,103,277
A_HXWXTZxti_gAAAAAAAAAAAAAAQAAAQ.jpg,A_JzxkRq5CL7UKXIZGrRlzfQAAAQAAAQ.jpg,0,311,216
A_o8ipRYjXiXQAAAAAAAAAAAAAAQAAAQ.jpg,A_DkWtQphhpucAAAAAAAAAAAAAAQAAAQ.jpg,0,176,195
A_HXWXTZxti_gAAAAAAAAAAAAAAQAAAQ.jpg,A_cwDhQLizVhEAAAAAAAAAAAAAAQAAAQ.jpg,0,311,159
A_rZCET7Bcu5YAAAAAAAAAAAAAAQAAAQ.jpg,A_1cY0SJWiw2gAAAAAAAAAAAAAAQAAAQ.jpg,0,143,249
A_kPvdTbagJ9MAAAAAAAAAAAAAAQAAAQ.jpg,A__2g8SIdev1YAAAAAAAAAAAAAAQAAAQ.jpg,0,8,153
A_VKWZTI04Y7wAAAAAAAAAAAAAAQAAAQ.jpg,A_6XZZT6vaEZ4AAAAAAAAAAAAAAQAAAQ.jpg,0,41,294
A_a7OnT702SKIAAAAAAAAAAAAAAQAAAQ.jpg,dE5D0FnIS42ZuBi1OUZO3AAAACMAARAD.jpg,0,161,56
A_Cl0sQ69mrY4AAAAAAAAAAAAAAQAAAQ.jpg,A_L_fMQ4YgTbUAAAAAAAAAAAAAAQAAAQ.jpg,0,341,125
A_sUiCS7uVW54AAAAAAAAAAAAAAQAAAQ.jpg,A_OwX6S7nJKi4AAAAAAAAAAAAAAQAAAQ.jpg,0,227,220
oAlUaNt0SoOd1pDlZebq6QAAACMAARAD.jpg,A_D6LoTIKJagkAAAAAAAAAAAAAAQAAAQ.jpg,0,327,77
A_ByB_RpYeWmsAAAAAAAAAAAAAAQAAAQ.jpg,A_aDhQT4JRtKIAAAAAAAAAAAAAAQAAAQ.jpg,0,232,275
A_ZBuhRJ_erngAAAAAAAAAAAAAAQAAAQ.jpg,A_KhFwTKJ4XWwAAAAAAAAAAAAAAQAAAQ.jpg,0,34,338
A_S4LDTLYmuK0AAAAAAAAAAAAAAQAAAQ.jpg,A_a0R0R5IAcOEAAAAAAAAAAAAAAQAAAQ.jpg,0,36,167
YFn8FC0cQFGTffeP-0YugAAAACMAARAD.jpg,A_5dhIRrfer5YAAAAAAAAAAAAAAQAAAQ.jpg,0,188,65
A_cwDhQLizVhEAAAAAAAAAAAAAAQAAAQ.jpg,A_g1RJRYomLtCGJS5AnNEITgAAAQAAAQ.jpg,0,159,89
uKy0yW2aSKGHTpR2lfUysQAAACMAARAD.jpg,A_3felTbn-u0kAAAAAAAAAAAAAAQAAAQ.jpg,0,132,108
A_DLIAQKcBAyYAAAAAAAAAAAAAAQAAAQ.jpg,A_tZlpQLPXXpQAAAAAAAAAAAAAAQAAAQ.jpg,0,244,84
A_0RBhTJcWtikAAAAAAAAAAAAAAQAAAQ.jpg,A_nwlKT4igLyQAAAAAAAAAAAAAAQAAAQ.jpg,0,270,37
A_miO8RI_sLsIAAAAAAAAAAAAAAQAAAQ.jpg,A_vxNlQoSOcesAAAAAAAAAAAAAAQAAAQ.jpg,0,180,23
A_YQOgTaaY1XgAAAAAAAAAAAAAAQAAAQ.jpg,A_D5vXRpubIH4AAAAAAAAAAAAAAQAAAQ.jpg,0,60,154
A_oIudQY-doeoAAAAAAAAAAAAAAQAAAQ.jpg,YDkF-IExTl-pKxGA-asCwwAAACMAARAD.jpg,0,58,166
A_yusuSowwe7sAAAAAAAAAAAAAAQAAAQ.jpg,wlvKhmPsRnuzCvy0hg9dSQAAACMAARAD.jpg,0,145,282
A_Rh_cT7z_w7wAAAAAAAAAAAAAAQAAAQ.jpg,A_7w30T4PSpVgAAAAAAAAAAAAAAQAAAQ.jpg,0,17,229
A_KhFwTKJ4XWwAAAAAAAAAAAAAAQAAAQ.jpg,A_XTPLTJ9RiO4AAAAAAAAAAAAAAQAAAQ.jpg,0,338,325
A_DTn9RaIFKaUAAAAAAAAAAAAAAQAAAQ.jpg,A__9DkRL2nqzgAAAAAAAAAAAAAAQAAAQ.jpg,0,246,222
A_88GIR4a9ssoAAAAAAAAAAAAAAQAAAQ.jpg,A_LC73QKKHtxsAAAAAAAAAAAAAAQAAAQ.jpg,0,266,183
A_GPn_QKLHezwAAAAAAAAAAAAAAQAAAQ.jpg,A_TfvQTrtOPDQAAAAAAAAAAAAAAQAAAQ.jpg,0,116,243
A__OfaT7yTwxUAAAAAAAAAAAAAAQAAAQ.jpg,A_JDCBRYXWhPEAAAAAAAAAAAAAAQAAAQ.jpg,0,273,320
A_GhJrQqvVGfAAAAAAAAAAAAAAAQAAAQ.jpg,A_YQOgTaaY1XgAAAAAAAAAAAAAAQAAAQ.jpg,0,46,60
A_qr-cQJhu1vcAAAAAAAAAAAAAAQAAAQ.jpg,A_OuUyQI8epH8AAAAAAAAAAAAAAQAAAQ.jpg,0,35,51
A_mbl7SbkDKR4AAAAAAAAAAAAAAQAAAQ.jpg,A_YOLjSLCb05sAAAAAAAAAAAAAAQAAAQ.jpg,0,16,31
A_CUlQSpIInD0AAAAAAAAAAAAAAQAAAQ.jpg,A_xTY-S4O2kyYAAAAAAAAAAAAAAQAAAQ.jpg,0,322,333
A_gyLzR4cxZpIAAAAAAAAAAAAAAQAAAQ.jpg,A_aDhQT4JRtKIAAAAAAAAAAAAAAQAAAQ.jpg,0,274,275
A_W2IxTrShf0MAAAAAAAAAAAAAAQAAAQ.jpg,A_qi_5T4aATlcAAAAAAAAAAAAAAQAAAQ.jpg,0,334,261
A_0xRaQ4mC4A0AAAAAAAAAAAAAAQAAAQ.jpg,YogXrvTpT3CF9S-8BEORggAAACMAARAD.jpg,0,332,71
A_NuL2TKMEwowAAAAAAAAAAAAAAQAAAQ.jpg,A_i8kmSqzWZtEAAAAAAAAAAAAAAQAAAQ.jpg,0,265,284
A__2g8SIdev1YAAAAAAAAAAAAAAQAAAQ.jpg,8quPjI33SE-iyYx4UOnjkQAAACMAARAD.jpg,0,153,68
A_9Hj6Q4nQNhEAAAAAAAAAAAAAAQAAAQ.jpg,A_e6DJRYXhaSoAAAAAAAAAAAAAAQAAAQ.jpg,0,299,193
A_4ERZQIbzN0oAAAAAAAAAAAAAAQAAAQ.jpg,A_UHv6TJv2h5cAAAAAAAAAAAAAAQAAAQ.jpg,0,265,283
zQs0kBsAS2mS20h_2hp37AAAACMAARAD.jpg,A_DJoqQr7L5-IAAAAAAAAAAAAAAQAAAQ.jpg,0,316,36
A_OssPT5JNclsAAAAAAAAAAAAAAQAAAQ.jpg,2G8MIAaDRluIS-ucQOWdigAAACMAARAD.jpg,0,269,54
xwiaT4SHTLGOVAZCtHq9yQAAACMAARAD.jpg,A_r8U0Tp2-P0MAAAAAAAAAAAAAAQAAAQ.jpg,0,27,57
A_FOIbSaYkQ0MAAAAAAAAAAAAAAQAAAQ.jpg,A_T7tpTqdx0wcAAAAAAAAAAAAAAQAAAQ.jpg,0,80,159
A_W-xaT78i22MAAAAAAAAAAAAAAQAAAQ.jpg,A_Ws9rTr4ssSIAAAAAAAAAAAAAAQAAAQ.jpg,0,50,159
A_DJoqQr7L5-IAAAAAAAAAAAAAAQAAAQ.jpg,A_Sgy4Q5WINnoAAAAAAAAAAAAAAQAAAQ.jpg,0,36,157
A_57b6Sb8-FAYAAAAAAAAAAAAAAQAAAQ.jpg,eub05Tg8Ri20vTxIGswtRwAAACMAARAD.jpg,0,300,323
A_HXWXTZxti_gAAAAAAAAAAAAAAQAAAQ.jpg,A_pO8kQqJBt3EAAAAAAAAAAAAAAQAAAQ.jpg,0,311,39
A_8wJfSLcHUG4AAAAAAAAAAAAAAQAAAQ.jpg,A_ccDFRJJgbtIAAAAAAAAAAAAAAQAAAQ.jpg,0,12,0
A_C4yWR6KggDwAAAAAAAAAAAAAAQAAAQ.jpg,A_juPfTZQWNPEAAAAAAAAAAAAAAQAAAQ.jpg,0,61,30
HekMXIAUTl2HXeAFu4VTAgAAACMAARAD.jpg,A_Jt0NQ7kxnNgAAAAAAAAAAAAAAQAAAQ.jpg,0,164,314
A_yuLVT43MzcgAAAAAAAAAAAAAAQAAAQ.jpg,A_IOFuS4ljD_MAAAAAAAAAAAAAAQAAAQ.jpg,0,167,57
dsoua9awQ96zA43Lqf2KVgAAACMAARAD.jpg,A_uJ6ISJ1NElsAAAAAAAAAAAAAAQAAAQ.jpg,0,226,256
A_IOFuS4ljD_MAAAAAAAAAAAAAAQAAAQ.jpg,EIpoK14ATmCiS-H_pM6kvAAAACMAARAD.jpg,0,57,54
A_qpwOTZvgL9EAAAAAAAAAAAAAAQAAAQ.jpg,A_jKAHQ6HeOiMAAAAAAAAAAAAAAQAAAQ.jpg,0,26,285
A_Km6WQabbG9cAAAAAAAAAAAAAAQAAAQ.jpg,A_Y6qGQYFvMP0AAAAAAAAAAAAAAQAAAQ.jpg,0,248,138
A_7MhsTIG0_08AAAAAAAAAAAAAAQAAAQ.jpg,A_TQs9RbfFYCkAAAAAAAAAAAAAAQAAAQ.jpg,0,278,280
A_wpTZRJrKEPsAAAAAAAAAAAAAAQAAAQ.jpg,A_NloJTpjGmzgAAAAAAAAAAAAAAQAAAQ.jpg,0,38,62
A_ccDFRJJgbtIAAAAAAAAAAAAAAQAAAQ.jpg,A_T_xdRoOUXqsAAAAAAAAAAAAAAQAAAQ.jpg,0,0,140
A_XkL2TbqrMEwAAAAAAAAAAAAAAQAAAQ.jpg,A_rphdRInnC2cAAAAAAAAAAAAAAQAAAQ.jpg,0,178,138
IJnfoTCGRzy_PnKxNA20FAAAACMAARAD.jpg,A_JFQFRqCRuosAAAAAAAAAAAAAAQAAAQ.jpg,0,306,68
A_Hu1zSa0hFccAAAAAAAAAAAAAAQAAAQ.jpg,tQd1XCVwSy27_2CRPo0NAAAAACMAARAD.jpg,0,187,109
A_QYfVToXTeu0AAAAAAAAAAAAAAQAAAQ.jpg,A_iGqzSrLtlcMAAAAAAAAAAAAAAQAAAQ.jpg,0,229,261
A_29WIRrT3Pg4AAAAAAAAAAAAAAQAAAQ.jpg,A_N57xRZ6tBnwAAAAAAAAAAAAAAQAAAQ.jpg,0,75,157
A_aMDbQ5OmVQ4AAAAAAAAAAAAAAQAAAQ.jpg,A_DTn9RaIFKaUAAAAAAAAAAAAAAQAAAQ.jpg,0,95,246
A_-gLFTpM2eMUAAAAAAAAAAAAAAQAAAQ.jpg,A_PQ-mQpRZPwgAAAAAAAAAAAAAAQAAAQ.jpg,0,81,35
xW1Mn56mRh-OB69ayDWmoQAAACMAARAD.jpg,A__iBTRLnSgRsAAAAAAAAAAAAAAQAAAQ.jpg,0,190,308
A_aOn9RpOdtFIAAAAAAAAAAAAAAQAAAQ.jpg,A_1iq-SaD4TSYAAAAAAAAAAAAAAQAAAQ.jpg,0,172,300
HO658TQUQEWkFzwQclWO6QAAACMAARAD.jpg,A_NpaSRqrF3DwAAAAAAAAAAAAAAQAAAQ.jpg,0,316,196
A_rXoUTpGp2akAAAAAAAAAAAAAAQAAAQ.jpg,A_TY-_RJN0r98AAAAAAAAAAAAAAQAAAQ.jpg,0,249,79
A_GtTURpEqgsQAAAAAAAAAAAAAAQAAAQ.jpg,A_gWzlTqoUv50AAAAAAAAAAAAAAQAAAQ.jpg,0,111,239
A_m-aWTY3Ot-AAAAAAAAAAAAAAAQAAAQ.jpg,A_lPwKS7HXTIUAAAAAAAAAAAAAAQAAAQ.jpg,0,26,309
A_zMhHRKUhSuE7jzBNqjIYmQAAAQAAAQ.jpg,A_cKh6QbFC51wAAAAAAAAAAAAAAQAAAQ.jpg,0,148,169
A_9T8iRZsNnOoAAAAAAAAAAAAAAQAAAQ.jpg,elFmGazMSCiTA9cBKwcuMwAAACMAARAD.jpg,0,91,327
A_gyLzR4cxZpIAAAAAAAAAAAAAAQAAAQ.jpg,A_Vb0FSquZ6YkAAAAAAAAAAAAAAQAAAQ.jpg,0,274,237
A_DpAcQ6ZefVMAAAAAAAAAAAAAAQAAAQ.jpg,A_7dttRYIKAKQAAAAAAAAAAAAAAQAAAQ.jpg,0,246,116
A_kQDWQJm3qKQAAAAAAAAAAAAAAQAAAQ.jpg,bcn92ETmR3OJk3KR9IsmiQAAACMAARAD.jpg,0,32,307
A_GBRjRJz7PoIAAAAAAAAAAAAAAQAAAQ.jpg,A_FeBCQrUGfIcAAAAAAAAAAAAAAQAAAQ.jpg,0,324,272
A_JywcTrmEceIAAAAAAAAAAAAAAQAAAQ.jpg,A_5dNJRaepYnUAAAAAAAAAAAAAAQAAAQ.jpg,0,266,302
A_XSdhTajB4_kAAAAAAAAAAAAAAQAAAQ.jpg,A_a7OnT702SKIAAAAAAAAAAAAAAQAAAQ.jpg,0,243,161
1u5RC96DSSGhP-caETvXfQAAACMAARAD.jpg,A_Md8QTJnt4HsAAAAAAAAAAAAAAQAAAQ.jpg,0,177,88
A_uMyGRoe6OD4AAAAAAAAAAAAAAQAAAQ.jpg,A_ZLTNQ5wA3ncNnJxCvdxuZQAAAQAAAQ.jpg,0,23,63
A_21V8SYT5XQkAAAAAAAAAAAAAAQAAAQ.jpg,qOv8xeZkRVeDHmMZ8t0QaAAAACMAARAD.jpg,0,220,219
A_g9LKSo8QMHwAAAAAAAAAAAAAAQAAAQ.jpg,A_2fEAQ6wRV78AAAAAAAAAAAAAAQAAAQ.jpg,0,173,255
A_YwS1QpL6r01b6sxKihNftwAAAQAAAQ.jpg,A_g3YhTbvJ9A8AAAAAAAAAAAAAAQAAAQ.jpg,0,248,198
A_R094QKfEc7UAAAAAAAAAAAAAAQAAAQ.jpg,A_0RBhTJcWtikAAAAAAAAAAAAAAQAAAQ.jpg,0,272,270
A_-bJ-Q4552o0AAAAAAAAAAAAAAQAAAQ.jpg,A_tZlpQLPXXpQAAAAAAAAAAAAAAQAAAQ.jpg,0,50,84
A_dI4zSai8yk8AAAAAAAAAAAAAAQAAAQ.jpg,A_jBgOSoE5gk8AAAAAAAAAAAAAAQAAAQ.jpg,0,221,196
A_S7r7Srj5r_wAAAAAAAAAAAAAAQAAAQ.jpg,A_BdbARbNUADgAAAAAAAAAAAAAAQAAAQ.jpg,0,313,122
A_pOfiQ7jDy14AAAAAAAAAAAAAAQAAAQ.jpg,YogXrvTpT3CF9S-8BEORggAAACMAARAD.jpg,0,13,71
A_D9o9T7zICSYAAAAAAAAAAAAAAQAAAQ.jpg,A_MkJtQKVpPRIAAAAAAAAAAAAAAQAAAQ.jpg,0,113,232
A__DuWR5Z1Kp8AAAAAAAAAAAAAAQAAAQ.jpg,A_DJoqQr7L5-IAAAAAAAAAAAAAAQAAAQ.jpg,0,50,36
A_vTQoRLws130AAAAAAAAAAAAAAQAAAQ.jpg,A_aDhQT4JRtKIAAAAAAAAAAAAAAQAAAQ.jpg,0,287,275
A_R094QKfEc7UAAAAAAAAAAAAAAQAAAQ.jpg,A_TIBEQZKlgbsAAAAAAAAAAAAAAQAAAQ.jpg,0,272,237
A_Li70RYXYOToAAAAAAAAAAAAAAQAAAQ.jpg,A_2zQ8SKw0HmwAAAAAAAAAAAAAAQAAAQ.jpg,0,171,119
A_xNCNSreklsIAAAAAAAAAAAAAAQAAAQ.jpg,_YxN02DfQ7OUYkwftQP0QQAAACMAARAD.jpg,0,1,166
A_7WinQJg-1OcAAAAAAAAAAAAAAQAAAQ.jpg,WpudhUmPQtCbPSRoq9BnHgAAACMAARAD.jpg,0,31,20
A__dC3S5as98wAAAAAAAAAAAAAAQAAAQ.jpg,A_kQDWQJm3qKQAAAAAAAAAAAAAAQAAAQ.jpg,0,279,32
A_8xTQSLkd18MAAAAAAAAAAAAAAQAAAQ.jpg,A_KtrxQJE_sIMAAAAAAAAAAAAAAQAAAQ.jpg,0,125,33
VExaZWAxSUuI3YKpQvrnIgAAACMAARAD.jpg,A_S1K7SaRCgmsAAAAAAAAAAAAAAQAAAQ.jpg,0,190,111
A_y0pUQad8WowAAAAAAAAAAAAAAQAAAQ.jpg,4zN2JMNhQYWDS2AtX0u64wAAACMAARAD.jpg,0,48,54
A_ceTJQKFD4CcAAAAAAAAAAAAAAQAAAQ.jpg,A_D9w_QbDG9s4AAAAAAAAAAAAAAQAAAQ.jpg,0,277,26
4zN2JMNhQYWDS2AtX0u64wAAACMAARAD.jpg,A2fZWAEeTfWyTqA6MlIezgAAACMAARAD.jpg,0,54,164
A_aA69SpvZhQQAAAAAAAAAAAAAAQAAAQ.jpg,A_0aCUSY5NN4IAAAAAAAAAAAAAAQAAAQ.jpg,0,311,175
A_vjMsQZpQaTkAAAAAAAAAAAAAAQAAAQ.jpg,A_9FlLRZb9wXUAAAAAAAAAAAAAAQAAAQ.jpg,0,133,49
dsoua9awQ96zA43Lqf2KVgAAACMAARAD.jpg,A_95Z4QIMBISQAAAAAAAAAAAAAAQAAAQ.jpg,0,226,184
A_OrR4RrU6OP0AAAAAAAAAAAAAAQAAAQ.jpg,A_1328TKphdQgAAAAAAAAAAAAAAQAAAQ.jpg,0,212,30
A_-cgBQ7nWdC4AAAAAAAAAAAAAAQAAAQ.jpg,A_FraFT4NK-OwAAAAAAAAAAAAAAQAAAQ.jpg,0,283,204
A_Ieo9SKFx2U0AAAAAAAAAAAAAAQAAAQ.jpg,A_gBKETKn8DvwAAAAAAAAAAAAAAQAAAQ.jpg,0,82,182
A_XHurTYV1xScAAAAAAAAAAAAAAQAAAQ.jpg,A_qA51SrJMwRIAAAAAAAAAAAAAAQAAAQ.jpg,0,337,222
A_l-VLRK4I89oAAAAAAAAAAAAAAQAAAQ.jpg,A_jZ1QQ773-Q8AAAAAAAAAAAAAAQAAAQ.jpg,0,31,98
A_tnVbTq1hG0IAAAAAAAAAAAAAAQAAAQ.jpg,A_BelDQrZMthQAAAAAAAAAAAAAAQAAAQ.jpg,0,194,217
A_4rz3RZuMxDMAAAAAAAAAAAAAAQAAAQ.jpg,A_qcBWSoqyLrEAAAAAAAAAAAAAAQAAAQ.jpg,0,165,344
YKrsyS6qRZ-rCTySE0CuoAAAACMAARAD.jpg,A_tmV0SKPNXSUAAAAAAAAAAAAAAQAAAQ.jpg,0,107,169
A_wOfbQoNWSAQAAAAAAAAAAAAAAQAAAQ.jpg,A_LlQfQ5eZYSAAAAAAAAAAAAAAAQAAAQ.jpg,0,2,94
A_tdauTaw260cAAAAAAAAAAAAAAQAAAQ.jpg,A_dej1SoczgZ0AAAAAAAAAAAAAAQAAAQ.jpg,0,264,43
A_qWCCR7R42PUAAAAAAAAAAAAAAQAAAQ.jpg,A_JzxkRq5CL7UAAAAAAAAAAAAAAQAAAQ.jpg,0,288,216
A_qr-cQJhu1vcAAAAAAAAAAAAAAQAAAQ.jpg,A_avXxR4A0gikAAAAAAAAAAAAAAQAAAQ.jpg,0,35,280
qOv8xeZkRVeDHmMZ8t0QaAAAACMAARAD.jpg,igBDl6ziSdODf-fpbtEL1wAAACMAARAD.jpg,0,219,306
A_WBiBQpmmEtAAAAAAAAAAAAAAAQAAAQ.jpg,A_0VjnQoOyQFYAAAAAAAAAAAAAAQAAAQ.jpg,0,50,119
A_KW5iQISstkQAAAAAAAAAAAAAAQAAAQ.jpg,A_V9dzTZ0oezwAAAAAAAAAAAAAAQAAAQ.jpg,0,146,235
A_lvCUQay2busAAAAAAAAAAAAAAQAAAQ.jpg,A_KjDbQJVMoCMAAAAAAAAAAAAAAQAAAQ.jpg,0,226,171
A_3TwiRJY6T9oAAAAAAAAAAAAAAQAAAQ.jpg,A_Yl1ZSL-Lto8AAAAAAAAAAAAAAQAAAQ.jpg,0,235,241
A_FSCJRYy3dFwAAAAAAAAAAAAAAQAAAQ.jpg,A_mFi6TLRxJ9cAAAAAAAAAAAAAAQAAAQ.jpg,0,3,144
A_QZE9RZrlk7wAAAAAAAAAAAAAAQAAAQ.jpg,A_M9P2TpZaQRMAAAAAAAAAAAAAAQAAAQ.jpg,0,223,275
A_TgAqQpXQPWgAAAAAAAAAAAAAAQAAAQ.jpg,A_hdpuRLEj1icAAAAAAAAAAAAAAQAAAQ.jpg,0,139,326
A_Y6qGQYFvMP0AAAAAAAAAAAAAAQAAAQ.jpg,A_gyLzR4cxZpIAAAAAAAAAAAAAAQAAAQ.jpg,0,138,274
A_4OwVSaVoxg4AAAAAAAAAAAAAAQAAAQ.jpg,A_gBKETKn8DvwAAAAAAAAAAAAAAQAAAQ.jpg,0,170,182
A_z3KSSqDlw1QAAAAAAAAAAAAAAQAAAQ.jpg,uxwfx91iR5GKZanJd9Z42wAAACMAARAD.jpg,0,263,174
A_mt3oRoMfsrEAAAAAAAAAAAAAAQAAAQ.jpg,A_Rx6HR586O4sAAAAAAAAAAAAAAQAAAQ.jpg,0,237,325
A_vEWFRJ2pIzwAAAAAAAAAAAAAAQAAAQ.jpg,A_1cY0SJWiw2gAAAAAAAAAAAAAAQAAAQ.jpg,0,165,249
A_pOfiQ7jDy14AAAAAAAAAAAAAAQAAAQ.jpg,A_qQf9R5n-NaZuA4BJgsZMVwAAAQAAAQ.jpg,0,13,10
A_jB9eRYoChjwAAAAAAAAAAAAAAQAAAQ.jpg,A_hPGSRoU0C8kAAAAAAAAAAAAAAQAAAQ.jpg,0,175,308
A_JJxfRa1-EmUAAAAAAAAAAAAAAQAAAQ.jpg,A_Oa8eT5Wc8OgAAAAAAAAAAAAAAQAAAQ.jpg,0,74,113
A_S1K7SaRCgmsAAAAAAAAAAAAAAQAAAQ.jpg,A_XSdhTajB4_kAAAAAAAAAAAAAAQAAAQ.jpg,0,111,243
A_NnDDQ68F5F8AAAAAAAAAAAAAAQAAAQ.jpg,O1CN017Zqu3U1WkLrs8drP0_!!0-mtopupload.jpg,0,146,22
A_4uZrQJsALPQAAAAAAAAAAAAAAQAAAQ.jpg,A_CXUcR6GYNjkAAAAAAAAAAAAAAQAAAQ.jpg,0,135,280
A_7uWzQaplAc4AAAAAAAAAAAAAAQAAAQ.jpg,2iEC5ZrsSa2JpfKnTQbADQAAACMAARAD.jpg,0,260,6
A_CXUcR6GYNjkAAAAAAAAAAAAAAQAAAQ.jpg,5xr55tW6SGCb4W78k-0IXwAAACMAARAD.jpg,0,280,211
A_RPqaQYB6kjQAAAAAAAAAAAAAAQAAAQ.jpg,A_zj1HS5Be7c4AAAAAAAAAAAAAAQAAAQ.jpg,0,168,197
A_KtrxQJE_sIMAAAAAAAAAAAAAAQAAAQ.jpg,A_qwMrRIrUjOkAAAAAAAAAAAAAAQAAAQ.jpg,0,33,100
A_WFX-R60X0GE0GDJMjg5KkAAAAQAAAQ.jpg,A_OdypSY5DoYwAAAAAAAAAAAAAAQAAAQ.jpg,0,62,298
A__z-iTZs2YvEAAAAAAAAAAAAAAQAAAQ.jpg,A_dWv2RbF20pgAAAAAAAAAAAAAAQAAAQ.jpg,0,14,243
A_2iAoQIypnLoAAAAAAAAAAAAAAQAAAQ.jpg,Nr4fpTnSRWGdwsellE27SQAAACMAARAD.jpg,0,254,71
A_0aCUSY5NN4IAAAAAAAAAAAAAAQAAAQ.jpg,A_EUqYT7AVrh4AAAAAAAAAAAAAAQAAAQ.jpg,0,175,154
A_OuUyQI8epH8AAAAAAAAAAAAAAQAAAQ.jpg,A_V03gR7K90bIAAAAAAAAAAAAAAQAAAQ.jpg,0,51,220
A_tXSZTIQiK3YAAAAAAAAAAAAAAQAAAQ.jpg,95yWrxU0SHOjvzfmAl1GjwAAACMAARAD.jpg,0,151,174
WpudhUmPQtCbPSRoq9BnHgAAACMAARAD.jpg,A_wrCkQIW0mVgAAAAAAAAAAAAAAQAAAQ.jpg,0,20,86
A_K3lrQrI1-gIAAAAAAAAAAAAAAQAAAQ.jpg,A_PLpYQbchnYsAAAAAAAAAAAAAAQAAAQ.jpg,0,334,7
A_4OAEQbtm3HIAAAAAAAAAAAAAAQAAAQ.jpg,A_00wGQ6p8j_UAAAAAAAAAAAAAAQAAAQ.jpg,0,12,214
A_3muFRpfosX0AAAAAAAAAAAAAAQAAAQ.jpg,A_rMDcQZ59WB8AAAAAAAAAAAAAAQAAAQ.jpg,0,10,97
A_QMXJRr8rzh4AAAAAAAAAAAAAAQAAAQ.jpg,A_ToioR6w5lKgAAAAAAAAAAAAAAQAAAQ.jpg,0,300,283
A_eBxrT7u84_YAAAAAAAAAAAAAAQAAAQ.jpg,A_dN7FSZa9E6kAAAAAAAAAAAAAAQAAAQ.jpg,0,276,225
A_mEEyRI2A9fMAAAAAAAAAAAAAAQAAAQ.jpg,A_7kJbS6bLFokAAAAAAAAAAAAAAQAAAQ.jpg,0,251,205
A_y8iFSJzwNJ4AAAAAAAAAAAAAAQAAAQ.jpg,A_DEkJRYlXFNsAAAAAAAAAAAAAAQAAAQ.jpg,0,272,268
A_LaJXSLgvcWABL0VDvY1hqgAAAQAAAQ.jpg,A_LngHSpFXTD4AAAAAAAAAAAAAAQAAAQ.jpg,0,185,336
A_eKPdQ7NuzWMAAAAAAAAAAAAAAQAAAQ.jpg,A_Hu1zSa0hFcdm4cpMozBtlgAAAQAAAQ.jpg,0,79,187
A_HblBQpqvsuIAAAAAAAAAAAAAAQAAAQ.jpg,A_TnpqRIoO1cIAAAAAAAAAAAAAAQAAAQ.jpg,0,225,130
s-goRr4zRqihodt8c49wvwAAACMAARAD.jpg,A_cexvRK__-1MAAAAAAAAAAAAAAQAAAQ.jpg,0,174,204
A_pfnXQq9r3uoAAAAAAAAAAAAAAQAAAQ.jpg,A_uo1iTaASRHgAAAAAAAAAAAAAAQAAAQ.jpg,0,199,185
p_poUnC6T06GTFnucmRJSwAAACMAARAD.jpg,A_LsbQTaqu05YAAAAAAAAAAAAAAQAAAQ.jpg,0,307,146
A_GGwZR7_S7yYAAAAAAAAAAAAAAQAAAQ.jpg,A_NDzHTLNzG5MAAAAAAAAAAAAAAQAAAQ.jpg,0,55,235
A_AK9lSaWJ_m0AAAAAAAAAAAAAAQAAAQ.jpg,A_WcuHSKIfpFcAAAAAAAAAAAAAAQAAAQ.jpg,0,296,329
A_QMXJRr8rzh4AAAAAAAAAAAAAAQAAAQ.jpg,A_zMhHRKUhSuE7jzBNqjIYmQAAAQAAAQ.jpg,0,300,148
A_HII8R5WzRQ4AAAAAAAAAAAAAAQAAAQ.jpg,O1CN018y9zNy1b2RyzTX0bZ_!!0-mtopupload.jpg,0,179,22
5xr55tW6SGCb4W78k-0IXwAAACMAARAD.jpg,A_jlGaToiTR1cAAAAAAAAAAAAAAQAAAQ.jpg,0,211,298
A_sw55T7tdUW8AAAAAAAAAAAAAAQAAAQ.jpg,A_dej1SoczgZ0AAAAAAAAAAAAAAQAAAQ.jpg,0,29,43
A_naL1RJ86jCoAAAAAAAAAAAAAAQAAAQ.jpg,A_XNHHSZlJH00AAAAAAAAAAAAAAQAAAQ.jpg,0,28,153
A_BdbARbNUADgAAAAAAAAAAAAAAQAAAQ.jpg,RJaJONp-R9-6Wg29qPh_MQAAACMAARAD.jpg,0,122,348
A_5BrdQ7yMxs4AAAAAAAAAAAAAAQAAAQ.jpg,95yWrxU0SHOjvzfmAl1GjwAAACMAARAD.jpg,0,213,174
A_19KTRKsU1bgAAAAAAAAAAAAAAQAAAQ.jpg,A_-fnOTrhcN3oAAAAAAAAAAAAAAQAAAQ.jpg,0,59,243
A_5X2gQreyAEgAAAAAAAAAAAAAAQAAAQ.jpg,2G8MIAaDRluIS-ucQOWdigAAACMAARAD.jpg,0,93,54
A_eKNXQLRk11AAAAAAAAAAAAAAAQAAAQ.jpg,A_SsADSplZuU0AAAAAAAAAAAAAAQAAAQ.jpg,0,112,258
A_GMLtS7vMkDMAAAAAAAAAAAAAAQAAAQ.jpg,A_C0vvSpWL_JsAAAAAAAAAAAAAAQAAAQ.jpg,0,241,121
A_MzYDRI1zIykAAAAAAAAAAAAAAQAAAQ.jpg,A_z0kCQr_tfJQAAAAAAAAAAAAAAQAAAQ.jpg,0,122,23
A_Wa5hTLtdsh8AAAAAAAAAAAAAAQAAAQ.jpg,A_jDBmTIN3O1EAAAAAAAAAAAAAAQAAAQ.jpg,0,224,133
A_V03gR7K90bIAAAAAAAAAAAAAAQAAAQ.jpg,A_jO7PT6D764gAAAAAAAAAAAAAAQAAAQ.jpg,0,220,106
A_cexvRK__-1MAAAAAAAAAAAAAAQAAAQ.jpg,A_b4GpSbjTmGoAAAAAAAAAAAAAAQAAAQ.jpg,0,204,337
A_o3aNQ59nIZoAAAAAAAAAAAAAAQAAAQ.jpg,A_lhr8T5PNQm0AAAAAAAAAAAAAAQAAAQ.jpg,0,94,231
VExaZWAxSUuI3YKpQvrnIgAAACMAARAD.jpg,A_5dhIRrfer5YAAAAAAAAAAAAAAQAAAQ.jpg,0,190,65
FjU3DCiVRJi-p0oNR-tAGgAAACMAARAD.jpg,A_6J5kQJhOduUAAAAAAAAAAAAAAQAAAQ.jpg,0,27,77
A_7uWzQaplAc4AAAAAAAAAAAAAAQAAAQ.jpg,A_DJoqQr7L5-IAAAAAAAAAAAAAAQAAAQ.jpg,0,260,36
A_FZxTQJDVbkYAAAAAAAAAAAAAAQAAAQ.jpg,A_NbMERImKF5IAAAAAAAAAAAAAAQAAAQ.jpg,0,289,214
A_GIwlTbJGP0EAAAAAAAAAAAAAAQAAAQ.jpg,A__-KSSaYDssAAAAAAAAAAAAAAAQAAAQ.jpg,0,30,234
A_lU5xT7JfAoEAAAAAAAAAAAAAAQAAAQ.jpg,A_nZIFTqwyAG0AAAAAAAAAAAAAAQAAAQ.jpg,0,317,341
A_CJEPQZwY7_LC6f1Fh61-vQAAAQAAAQ.jpg,A_qpwOTZvgL9EAAAAAAAAAAAAAAQAAAQ.jpg,0,191,26
A__hNgQJmrLXkAAAAAAAAAAAAAAQAAAQ.jpg,A__-5CSqwIXuQAAAAAAAAAAAAAAQAAAQ.jpg,0,100,255
A_LaJXSLgvcWAAAAAAAAAAAAAAAQAAAQ.jpg,A_eKPdQ7NuzWMAAAAAAAAAAAAAAQAAAQ.jpg,0,185,79
A_Jt0NQ7kxnNgAAAAAAAAAAAAAAQAAAQ.jpg,A_QodUQrrQR2YAAAAAAAAAAAAAAQAAAQ.jpg,0,314,270
A_0jiiRbW7afUAAAAAAAAAAAAAAQAAAQ.jpg,A_jejVTopHAJoAAAAAAAAAAAAAAQAAAQ.jpg,0,260,194
A_jjT_Q5XInXYAAAAAAAAAAAAAAQAAAQ.jpg,A_bIcBTZ3tUqEAAAAAAAAAAAAAAQAAAQ.jpg,0,92,289
A_l_WDRZSqqCQAAAAAAAAAAAAAAQAAAQ.jpg,YogXrvTpT3CF9S-8BEORggAAACMAARAD.jpg,0,1,71
A_MVBqSa4_cZAAAAAAAAAAAAAAAQAAAQ.jpg,A_stmPT54njmIAAAAAAAAAAAAAAQAAAQ.jpg,0,284,147
A_i86wS72-_lQAAAAAAAAAAAAAAQAAAQ.jpg,A_hbD0T7EIoRYAAAAAAAAAAAAAAQAAAQ.jpg,0,224,74
A_FZxTQJDVbkYAAAAAAAAAAAAAAQAAAQ.jpg,A_JO5ZSKO_S7YAAAAAAAAAAAAAAQAAAQ.jpg,0,289,269
A_BMEtTpAKIZUAAAAAAAAAAAAAAQAAAQ.jpg,A_L9_gSaoQ_w8AAAAAAAAAAAAAAQAAAQ.jpg,0,247,234
A_2nNMSZOEYsQAAAAAAAAAAAAAAQAAAQ.jpg,A_eKNXQLRk11AAAAAAAAAAAAAAAQAAAQ.jpg,0,349,112
A_JAkWS63CU4MAAAAAAAAAAAAAAQAAAQ.jpg,A_FGfzSpRlJ9AAAAAAAAAAAAAAAQAAAQ.jpg,0,67,263
A_miO8RI_sLsIAAAAAAAAAAAAAAQAAAQ.jpg,A_Oj4CRqQrUiU9b2pImURI-AAAAQAAAQ.jpg,0,180,176
7ACCezYsSqiEz-zehRjeGAAAACMAARAD.jpg,A_kQDWQJm3qKQAAAAAAAAAAAAAAQAAAQ.jpg,0,310,32
GkKIt_19Rh2gdu0uxH4mbgAAACMAARAD.jpg,A_qzxeRo3Av5AAAAAAAAAAAAAAAQAAAQ.jpg,0,291,346
A_gR_YR4d18TQAAAAAAAAAAAAAAQAAAQ.jpg,A_dfRbQI26OtwAAAAAAAAAAAAAAQAAAQ.jpg,0,127,58
A_hFIsQqIAQwEAAAAAAAAAAAAAAQAAAQ.jpg,A_hV6oRqWGM8sAAAAAAAAAAAAAAQAAAQ.jpg,0,81,329
A_WFX-R60X0GEAAAAAAAAAAAAAAQAAAQ.jpg,A_Rc01QbuRw5YAAAAAAAAAAAAAAQAAAQ.jpg,0,62,136
A_i8kmSqzWZtEAAAAAAAAAAAAAAQAAAQ.jpg,A_Hr8iQJfMnWAAAAAAAAAAAAAAAQAAAQ.jpg,0,284,86
A_FgqDQY4q28cAAAAAAAAAAAAAAQAAAQ.jpg,A_q3NGSb8R88wAAAAAAAAAAAAAAQAAAQ.jpg,0,104,253
A_ZT5FQpIeXlQAAAAAAAAAAAAAAQAAAQ.jpg,A_wmoBRoo-T8IAAAAAAAAAAAAAAQAAAQ.jpg,0,290,279
A_ItmHSrXG59IAAAAAAAAAAAAAAQAAAQ.jpg,A_l8urSJ3Y_ZMAAAAAAAAAAAAAAQAAAQ.jpg,0,179,182
A_WJZqQYuskC4AAAAAAAAAAAAAAQAAAQ.jpg,A_hdpuRLEj1idQCwdMtulO4QAAAQAAAQ.jpg,0,335,326
A_TiDfT7B8BmwAAAAAAAAAAAAAAQAAAQ.jpg,A_jHKHTLW4rOcAAAAAAAAAAAAAAQAAAQ.jpg,0,152,267
A_bBofSp4thsQAAAAAAAAAAAAAAQAAAQ.jpg,A_1Sm2RrE0saQAAAAAAAAAAAAAAQAAAQ.jpg,0,45,95
A_1XV-TI8AFDMAAAAAAAAAAAAAAQAAAQ.jpg,A_Uga7SbOpyY0AAAAAAAAAAAAAAQAAAQ.jpg,0,295,69
A_GPn_QKLHezwAAAAAAAAAAAAAAQAAAQ.jpg,A_zOObQob7uGMAAAAAAAAAAAAAAQAAAQ.jpg,0,116,65
VhTnM3vfTZ-8xD9trXiLSAAAACMAARAD.jpg,A_tB9JQ6SKjKYAAAAAAAAAAAAAAQAAAQ.jpg,0,71,201
A_LWb7SL9pX8IAAAAAAAAAAAAAAQAAAQ.jpg,A_zVV9QJHiLggAAAAAAAAAAAAAAQAAAQ.jpg,0,98,67
A_p7msSIPIoxsAAAAAAAAAAAAAAQAAAQ.jpg,A_o8ipRYjXiXQAAAAAAAAAAAAAAQAAAQ.jpg,0,202,176
RJaJONp-R9-6Wg29qPh_MQAAACMAARAD.jpg,QdzTTlrGTCCQ1F9xM9w-rwAAACMAARED.jpg,0,348,321
A_5dNJRaepYnUAAAAAAAAAAAAAAQAAAQ.jpg,A_M-KbRYPdAHoAAAAAAAAAAAAAAQAAAQ.jpg,0,302,336
NEaQDqOzRj2kGdWgt4KrigAAACMAARAD.jpg,55fo6TlLS8mFijkrYINs0AAAACMAARAD.jpg,0,209,56
A_CkzZSIBF3KYAAAAAAAAAAAAAAQAAAQ.jpg,A_jKAHQ6HeOiMAAAAAAAAAAAAAAQAAAQ.jpg,0,299,285
A_3bzNSLXJbYMAAAAAAAAAAAAAAQAAAQ.jpg,Z_Hv1amYSOKoJUJcV5cxjwAAACMAARAD.jpg,0,324,211
A_SBeaQLvJMpwAAAAAAAAAAAAAAQAAAQ.jpg,A_qK3GTKpbnwAAAAAAAAAAAAAAAQAAAQ.jpg,0,225,83
A_MfvYSISsOaYAAAAAAAAAAAAAAQAAAQ.jpg,A_yrFZSaXtfAEAAAAAAAAAAAAAAQAAAQ.jpg,0,59,162
A_LlQfQ5eZYSAAAAAAAAAAAAAAAQAAAQ.jpg,7ACCezYsSqiEz-zehRjeGAAAACMAARAD.jpg,0,94,310
do9fiCurQMewDq6x14MTlgAAACMAARAD.jpg,A_MwufRZG5iJ8AAAAAAAAAAAAAAQAAAQ.jpg,0,226,236
A_vbb5RrhFhKkAAAAAAAAAAAAAAQAAAQ.jpg,A_AxC7T5vfyIoAAAAAAAAAAAAAAQAAAQ.jpg,0,220,85
A_jBgOSoE5gk8AAAAAAAAAAAAAAQAAAQ.jpg,A_dfRbQI26OtwAAAAAAAAAAAAAAQAAAQ.jpg,0,196,58
A_vAl2Q52NU9MAAAAAAAAAAAAAAQAAAQ.jpg,A_OssPT5JNclsAAAAAAAAAAAAAAQAAAQ.jpg,0,340,269
A_s1uuSboGX58AAAAAAAAAAAAAAQAAAQ.jpg,A_S1K7SaRCgmsAAAAAAAAAAAAAAQAAAQ.jpg,0,171,111
A_O-HYQbAzM04AAAAAAAAAAAAAAQAAAQ.jpg,A_T7tpTqdx0wcAAAAAAAAAAAAAAQAAAQ.jpg,0,61,159
A_GFtPRKYwYKQAAAAAAAAAAAAAAQAAAQ.jpg,A_GN8FS4YXEKMAAAAAAAAAAAAAAQAAAQ.jpg,0,347,82
A_DLk9QaFF3W0AAAAAAAAAAAAAAQAAAQ.jpg,A_s-BYTbC6hKgAAAAAAAAAAAAAAQAAAQ.jpg,0,328,162
A__iVyQa-Ul-kAAAAAAAAAAAAAAQAAAQ.jpg,A_ob2HSriDloEAAAAAAAAAAAAAAQAAAQ.jpg,0,249,236
A_V03gR7K90bIAAAAAAAAAAAAAAQAAAQ.jpg,A_YQOgTaaY1XgAAAAAAAAAAAAAAQAAAQ.jpg,0,220,60
A_uSLAQKtJDr4AAAAAAAAAAAAAAQAAAQ.jpg,A_BRtzS61gGD4AAAAAAAAAAAAAAQAAAQ.jpg,0,179,82
A_v2AMTqrkHXgAAAAAAAAAAAAAAQAAAQ.jpg,bFGitjnDRq-tq8QMMSegPgAAACMAARAD.jpg,0,163,70
A_FbS7RJkTRPMAAAAAAAAAAAAAAQAAAQ.jpg,A_hqBxRo7pAs4AAAAAAAAAAAAAAQAAAQ.jpg,0,99,167
A_WAmwRrFJUhUAAAAAAAAAAAAAAQAAAQ.jpg,A_wr26TqasgdEAAAAAAAAAAAAAAQAAAQ.jpg,0,149,165
Kaf40bOpT5G9tQ2a92m9aQAAACMAARAD.jpg,A_7kJbS6bLFokAAAAAAAAAAAAAAQAAAQ.jpg,0,186,205
A_MwufRZG5iJ8AAAAAAAAAAAAAAQAAAQ.jpg,A_ymwwSJZai5IAAAAAAAAAAAAAAQAAAQ.jpg,0,236,122
A_VW4rTbmlHh8AAAAAAAAAAAAAAQAAAQ.jpg,t7OjT-JkTe-fdqtZnMC8oAAAACMAARAD.jpg,0,336,129
A_Oa8eT5Wc8OgAAAAAAAAAAAAAAQAAAQ.jpg,A_Z7bIS7KQQFUAAAAAAAAAAAAAAQAAAQ.jpg,0,113,83
A_9z7ISKHMk40AAAAAAAAAAAAAAQAAAQ.jpg,A_cdBQTbPmNRcAAAAAAAAAAAAAAQAAAQ.jpg,0,334,154
A_VKWZTI04Y7wAAAAAAAAAAAAAAQAAAQ.jpg,A_CRqJQKCtnOMAAAAAAAAAAAAAAQAAAQ.jpg,0,41,341
A_JFQFRqCRuosAAAAAAAAAAAAAAQAAAQ.jpg,HO658TQUQEWkFzwQclWO6QAAACMAARAD.jpg,0,68,316
A_MOhrQLLyVDYAAAAAAAAAAAAAAQAAAQ.jpg,xW1Mn56mRh-OB69ayDWmoQAAACMAARAD.jpg,0,262,190
A_ZQs8RZuoJBoAAAAAAAAAAAAAAQAAAQ.jpg,A_5dNJRaepYnUAAAAAAAAAAAAAAQAAAQ.jpg,0,232,302
A_M9P2TpZaQRMAAAAAAAAAAAAAAQAAAQ.jpg,ydJW6409RSKvBzpK1xzS0QAAACMAARAD.jpg,0,275,27
hL3x2UFYTb-fOuBIwUKJMAAAACMAARED.jpg,A_JJxfRa1-EmUAAAAAAAAAAAAAAQAAAQ.jpg,0,128,74
tk4mOGEERLCxkiRM1WOXuwAAACMAARAD.jpg,A_BozJTaHtlVkAAAAAAAAAAAAAAQAAAQ.jpg,0,211,173
A__9DkRL2nqzgAAAAAAAAAAAAAAQAAAQ.jpg,A_I-uhS4pzzngAAAAAAAAAAAAAAQAAAQ.jpg,0,222,260
A_UKkIRaJ9WRsAAAAAAAAAAAAAAQAAAQ.jpg,A_7FcUTJfZ-EEAAAAAAAAAAAAAAQAAAQ.jpg,0,277,200
A_ZovJRIoln2wAAAAAAAAAAAAAAQAAAQ.jpg,A_XSjzR59VqvHRlAVGm_RBAAAAAQAAAQ.jpg,0,47,144
A_0DqmSI5YLTYAAAAAAAAAAAAAAQAAAQ.jpg,A_5z1SRIthrRMAAAAAAAAAAAAAAQAAAQ.jpg,0,87,176
W2GbcBOXQ8S9PGJqLQppPQAAACMAARED.jpg,xW1Mn56mRh-OB69ayDWmoQAAACMAARAD.jpg,0,209,190
A_zSt_TZGlWdoAAAAAAAAAAAAAAQAAAQ.jpg,A_Ba6QQqFUsP4AAAAAAAAAAAAAAQAAAQ.jpg,0,38,15
A_vzFyQL-m9f0AAAAAAAAAAAAAAQAAAQ.jpg,IvmXxLWaQd-LKBYjjNz-zwAAACMAARAD.jpg,0,11,315
A_kQDWQJm3qKQAAAAAAAAAAAAAAQAAAQ.jpg,A_DhQlQKr7slQAAAAAAAAAAAAAAQAAAQ.jpg,0,32,346
A_tZlpQLPXXpQAAAAAAAAAAAAAAQAAAQ.jpg,A_z3KSSqDlw1QAAAAAAAAAAAAAAQAAAQ.jpg,0,84,263
A_ywmfQoWVLnUAAAAAAAAAAAAAAQAAAQ.jpg,A_T1kYQ7qQrxcAAAAAAAAAAAAAAQAAAQ.jpg,0,78,246
A_0ZuNSaLNy7EAAAAAAAAAAAAAAQAAAQ.jpg,A_OwX6S7nJKi4AAAAAAAAAAAAAAQAAAQ.jpg,0,156,220
A_8yHrSI9wXtsAAAAAAAAAAAAAAQAAAQ.jpg,A_YOLjSLCb05sAAAAAAAAAAAAAAQAAAQ.jpg,0,334,31
Nr4fpTnSRWGdwsellE27SQAAACMAARAD.jpg,A_XHurTYV1xScAAAAAAAAAAAAAAQAAAQ.jpg,0,71,337
A__euTTbzk1_QAAAAAAAAAAAAAAQAAAQ.jpg,A_-HPcQKsgKR8AAAAAAAAAAAAAAQAAAQ.jpg,0,210,96
A_I4uaQKtPPhAAAAAAAAAAAAAAAQAAAQ.jpg,A_mbdXS47FykQAAAAAAAAAAAAAAQAAAQ.jpg,0,329,252
qHnFLmDMQMiYxAn70xvcRwAAACMAARAD.jpg,A_OdypSY5DoYwAAAAAAAAAAAAAAQAAAQ.jpg,0,208,298
A_usXqRrG0zfAAAAAAAAAAAAAAAQAAAQ.jpg,A_96HDTpXfEp0AAAAAAAAAAAAAAQAAAQ.jpg,0,88,38
A_ESFIRqtAdmEAAAAAAAAAAAAAAQAAAQ.jpg,A_S4LDTLYmuK0AAAAAAAAAAAAAAQAAAQ.jpg,0,106,36
A_sltnS47XRVEAAAAAAAAAAAAAAQAAAQ.jpg,A_KlKMQ7YwUQUAAAAAAAAAAAAAAQAAAQ.jpg,0,201,269
A_QR05Sq93mfIAAAAAAAAAAAAAAQAAAQ.jpg,46wgkuZZT6eVVCnVPQgrpgAAACMAARAD.jpg,0,69,327
A_4rjUSryl48IAAAAAAAAAAAAAAQAAAQ.jpg,gioGl7mwSCab39gMX8ARnAAAACMAARAD.jpg,0,317,177
A_3bzNSLXJbYOwMn1EhM5NdAAAAQAAAQ.jpg,A_DhQlQKr7slQAAAAAAAAAAAAAAQAAAQ.jpg,0,324,346
A_LlQfQ5eZYSAAAAAAAAAAAAAAAQAAAQ.jpg,A_HPLCS6zhfDUAAAAAAAAAAAAAAQAAAQ.jpg,0,94,218
A_zIdqT5wAadAAAAAAAAAAAAAAAQAAAQ.jpg,HO658TQUQEWkFzwQclWO6QAAACMAARAD.jpg,0,297,316
A_PLH0TI0npUYAAAAAAAAAAAAAAQAAAQ.jpg,jljP-9JORDyajV3g_xwG_wAAACMAARAD.jpg,0,294,129
A_aOn9RpOdtFIAAAAAAAAAAAAAAQAAAQ.jpg,A_V4M-S5Mt__QAAAAAAAAAAAAAAQAAAQ.jpg,0,172,191
A_aMDbQ5OmVQ4AAAAAAAAAAAAAAQAAAQ.jpg,A_kjIITIS-f1QAAAAAAAAAAAAAAQAAAQ.jpg,0,95,261
A_7zpaTrXCE1sAAAAAAAAAAAAAAQAAAQ.jpg,A_0RXtQrcbVQMAAAAAAAAAAAAAAQAAAQ.jpg,0,288,223
A__iSlQZS0IuEAAAAAAAAAAAAAAQAAAQ.jpg,A_DsowTrYbJyAAAAAAAAAAAAAAAQAAAQ.jpg,0,197,45
A_JywcTrmEceIAAAAAAAAAAAAAAQAAAQ.jpg,A_UHv6TJv2h5cAAAAAAAAAAAAAAQAAAQ.jpg,0,266,283
A_hZtcTJN4JNsAAAAAAAAAAAAAAQAAAQ.jpg,A_yaQwRrApyMQAAAAAAAAAAAAAAQAAAQ.jpg,0,271,276
A_CKcESIEZPPsAAAAAAAAAAAAAAQAAAQ.jpg,A_Md8QTJnt4HsAAAAAAAAAAAAAAQAAAQ.jpg,0,198,88
A_xzWOSL6pNFAAAAAAAAAAAAAAAQAAAQ.jpg,A_biEZSZF2Fp0AAAAAAAAAAAAAAQAAAQ.jpg,0,274,115
A_qzxeRo3Av5AAAAAAAAAAAAAAAQAAAQ.jpg,A_d1iSRoW_qgQAAAAAAAAAAAAAAQAAAQ.jpg,0,346,18
A_1XV-TI8AFDMAAAAAAAAAAAAAAQAAAQ.jpg,A_A17DRrV-btsAAAAAAAAAAAAAAQAAAQ.jpg,0,295,33
A_r5lyTqEh9NQAAAAAAAAAAAAAAQAAAQ.jpg,A_fR9dQ5HrbU4AAAAAAAAAAAAAAQAAAQ.jpg,0,170,18
A_RaRvSLwdvtQAAAAAAAAAAAAAAQAAAQ.jpg,A_bZNnSJorqvMAAAAAAAAAAAAAAQAAAQ.jpg,0,173,231
A__9DkRL2nqzgAAAAAAAAAAAAAAQAAAQ.jpg,A_roDNRZHSdREAAAAAAAAAAAAAAQAAAQ.jpg,0,222,88
A_LC73QKKHtxsAAAAAAAAAAAAAAQAAAQ.jpg,A_pUauTrONA4kAAAAAAAAAAAAAAQAAAQ.jpg,0,183,318
zusOFo_RSsqRAqtrfJ1fEgAAACMAARAD.jpg,A_BquTQbUQF58AAAAAAAAAAAAAAQAAAQ.jpg,0,348,197
A_DLk9QaFF3W0AAAAAAAAAAAAAAQAAAQ.jpg,A_8wJfSLcHUG4AAAAAAAAAAAAAAQAAAQ.jpg,0,328,12
A_a0R0R5IAcOEAAAAAAAAAAAAAAQAAAQ.jpg,A_iGqzSrLtlcMAAAAAAAAAAAAAAQAAAQ.jpg,0,167,261
hL3x2UFYTb-fOuBIwUKJMAAAACMAARED.jpg,A_SVMaQLMJtYIAAAAAAAAAAAAAAQAAAQ.jpg,0,128,238
A_cKL1QqoK8C4AAAAAAAAAAAAAAQAAAQ.jpg,A_nec0R4X7desAAAAAAAAAAAAAAQAAAQ.jpg,0,111,189
A_KRefSIqxAhMAAAAAAAAAAAAAAQAAAQ.jpg,A_Ver0Ro7tFCYAAAAAAAAAAAAAAQAAAQ.jpg,0,259,222
A_OQeoS4r3iwoAAAAAAAAAAAAAAQAAAQ.jpg,A_fgxxT7gC-zwAAAAAAAAAAAAAAQAAAQ.jpg,0,284,198
A_t6AyT4K76akAAAAAAAAAAAAAAQAAAQ.jpg,A_FSCJRYy3dFwAAAAAAAAAAAAAAQAAAQ.jpg,0,346,3
A_iWCAS7hDyJEAAAAAAAAAAAAAAQAAAQ.jpg,A_zjM2TKZ3uLYAAAAAAAAAAAAAAQAAAQ.jpg,0,281,97
A_GpPxSZ7FJvMAAAAAAAAAAAAAAQAAAQ.jpg,A_DNjCS6LPySIAAAAAAAAAAAAAAQAAAQ.jpg,0,53,272
A_W9fQSKt4JzUAAAAAAAAAAAAAAQAAAQ.jpg,A_W-HLSo2GkJIAAAAAAAAAAAAAAQAAAQ.jpg,0,95,64
A_fw0nSIvq86cAAAAAAAAAAAAAAQAAAQ.jpg,A_URuNQJscuisAAAAAAAAAAAAAAQAAAQ.jpg,0,65,297
A_YQOgTaaY1XgAAAAAAAAAAAAAAQAAAQ.jpg,A_zjM2TKZ3uLYAAAAAAAAAAAAAAQAAAQ.jpg,0,60,97
A_5zUtS5frsf4AAAAAAAAAAAAAAQAAAQ.jpg,A_A3vxSa7MGD4AAAAAAAAAAAAAAQAAAQ.jpg,0,148,29
A_GtTURpEqgsQAAAAAAAAAAAAAAQAAAQ.jpg,A_oEAqSaEmWGMAAAAAAAAAAAAAAQAAAQ.jpg,0,111,294
A_8MxtS7nrx5oAAAAAAAAAAAAAAQAAAQ.jpg,A_CKcESIEZPPsAAAAAAAAAAAAAAQAAAQ.jpg,0,53,198
A_AoHdR7FLKwgAAAAAAAAAAAAAAQAAAQ.jpg,A_7aSXR6UMp8sAAAAAAAAAAAAAAQAAAQ.jpg,0,178,115
A_DV2SR5jhC0wAAAAAAAAAAAAAAQAAAQ.jpg,2d-0eWw0TDKv5kSoh012ogAAACMAARAD.jpg,0,34,316
A_4uZrQJsALPQAAAAAAAAAAAAAAQAAAQ.jpg,A_8TLTSrYPUTUAAAAAAAAAAAAAAQAAAQ.jpg,0,135,328
A_tB9JQ6SKjKYAAAAAAAAAAAAAAQAAAQ.jpg,frarTD7lTOqgeRc7RMPqNQAAACMAARAD.jpg,0,201,188
aa7CED-ZTiSSG_-WFIoMkwAAACMAARAD.jpg,-6WHQxGYR3ej96FqYNv-hAAAACMAARAD.jpg,0,166,208
A_r8U0Tp2-P0MAAAAAAAAAAAAAAQAAAQ.jpg,A_M6rDSaJqguwAAAAAAAAAAAAAAQAAAQ.jpg,0,57,25
A_FjITQKM8yiQAAAAAAAAAAAAAAQAAAQ.jpg,A_xt-fRpljCNgAAAAAAAAAAAAAAQAAAQ.jpg,0,210,83
A_izLaT4q7z-8AAAAAAAAAAAAAAQAAAQ.jpg,A_krhJT7X9SC0AAAAAAAAAAAAAAQAAAQ.jpg,0,160,60
M00cOfTlQD-7SbSDoVEZiwAAACMAARAD.jpg,A_VSe4QrbJjMcAAAAAAAAAAAAAAQAAAQ.jpg,0,323,0
A_ZLTNQ5wA3ncNnJxCvdxuZQAAAQAAAQ.jpg,A_Q8HDR58ZuAwAAAAAAAAAAAAAAQAAAQ.jpg,0,63,251
A_WJZqQYuskC4AAAAAAAAAAAAAAQAAAQ.jpg,A_RPqaQYB6kjQAAAAAAAAAAAAAAQAAAQ.jpg,0,335,168
A_2yTCT6348MsAAAAAAAAAAAAAAQAAAQ.jpg,A_0Z_BTJTyxrUAAAAAAAAAAAAAAQAAAQ.jpg,0,305,135
A_wcRmTIDKqJAAAAAAAAAAAAAAAQAAAQ.jpg,A_bZNnSJorqvMAAAAAAAAAAAAAAQAAAQ.jpg,0,240,231
X7bAJ7tFSBG_4F661zvLggAAACMAARAD.jpg,A_ESFIRqtAdmEAAAAAAAAAAAAAAQAAAQ.jpg,0,207,106
A_0tvJRLe5_mUAAAAAAAAAAAAAAQAAAQ.jpg,A_f0N3RpGHGX4AAAAAAAAAAAAAAQAAAQ.jpg,0,86,73
A_hZtcTJN4JNsAAAAAAAAAAAAAAQAAAQ.jpg,A_NDzHTLNzG5MAAAAAAAAAAAAAAQAAAQ.jpg,0,271,235
A_7PWcRpT6-noAAAAAAAAAAAAAAQAAAQ.jpg,A_i86wS72-_lQAAAAAAAAAAAAAAQAAAQ.jpg,0,145,224
A_K0ldRalVubcAAAAAAAAAAAAAAQAAAQ.jpg,A_eQMGQYpNRSIAAAAAAAAAAAAAAQAAAQ.jpg,0,24,41
A_50hVQpJOh38AAAAAAAAAAAAAAQAAAQ.jpg,A_Uh4ZRZjAbOAAAAAAAAAAAAAAAQAAAQ.jpg,0,333,52
A_ncTYTqtScNEAAAAAAAAAAAAAAQAAAQ.jpg,A_5QphQrKDPQgAAAAAAAAAAAAAAQAAAQ.jpg,0,299,285
A_dx0gTp9A5A0AAAAAAAAAAAAAAQAAAQ.jpg,A_-bJ-Q4552o0AAAAAAAAAAAAAAQAAAQ.jpg,0,105,50
A_rGSuTZXVuRUAAAAAAAAAAAAAAQAAAQ.jpg,A_IfS8TqroUEgAAAAAAAAAAAAAAQAAAQ.jpg,0,2,131
A_SE5MTp9TUMsAAAAAAAAAAAAAAQAAAQ.jpg,A_hwdWQq75_mQAAAAAAAAAAAAAAQAAAQ.jpg,0,42,7
A_8SMFQ4ABOP4AAAAAAAAAAAAAAQAAAQ.jpg,A_5RnLQp7mKNsAAAAAAAAAAAAAAQAAAQ.jpg,0,78,130
A_peVaRKhGG6EAAAAAAAAAAAAAAQAAAQ.jpg,A_bBofSp4thsQAAAAAAAAAAAAAAQAAAQ.jpg,0,338,45
A_OQeoS4r3iwoAAAAAAAAAAAAAAQAAAQ.jpg,A_mbl7SbkDKR4AAAAAAAAAAAAAAQAAAQ.jpg,0,284,16
A_pTBdRpDG19IAAAAAAAAAAAAAAQAAAQ.jpg,O1CN01FwhDIF1wj8peOpsqy_!!0-mtopupload.jpg,0,171,22
A_4OAEQbtm3HIAAAAAAAAAAAAAAQAAAQ.jpg,A_KlKMQ7YwUQUAAAAAAAAAAAAAAQAAAQ.jpg,0,12,269
A_tiodTJuNpegAAAAAAAAAAAAAAQAAAQ.jpg,A_wcRmTIDKqJAAAAAAAAAAAAAAAQAAAQ.jpg,0,252,240
A_TnpqRIoO1cIAAAAAAAAAAAAAAQAAAQ.jpg,A_H_zgSYO_OSwAAAAAAAAAAAAAAQAAAQ.jpg,0,130,231
A_TKDrRJ6csBwAAAAAAAAAAAAAAQAAAQ.jpg,A_lhr8T5PNQm0AAAAAAAAAAAAAAQAAAQ.jpg,0,257,231
A_vdO2RolMKVcAAAAAAAAAAAAAAQAAAQ.jpg,A_DNjCS6LPySIAAAAAAAAAAAAAAQAAAQ.jpg,0,98,272
A_CgA9TI6N9eIAAAAAAAAAAAAAAQAAAQ.jpg,sXCLxmKsRfaVAGlXbY1y3wAAACMAARAD.jpg,0,227,306
A_B416T40hjHAAAAAAAAAAAAAAAQAAAQ.jpg,A_jBgOSoE5gk8AAAAAAAAAAAAAAQAAAQ.jpg,0,116,196
A_lOYRTrARg8kAAAAAAAAAAAAAAQAAAQ.jpg,A_usXqRrG0zfAAAAAAAAAAAAAAAQAAAQ.jpg,0,285,88
A_DLIAQKcBAyYAAAAAAAAAAAAAAQAAAQ.jpg,A_cy6BT7zBon8AAAAAAAAAAAAAAQAAAQ.jpg,0,244,145
O1CN01i3vtpY1iOA4ELUKNq_!!0-mtopupload.jpg,A_SnWNTb004p4AAAAAAAAAAAAAAQAAAQ.jpg,0,22,195
A_Ka1IRZhFoOoAAAAAAAAAAAAAAQAAAQ.jpg,A_wr26TqasgdEAAAAAAAAAAAAAAQAAAQ.jpg,0,125,165
A_eBxrT7u84_YAAAAAAAAAAAAAAQAAAQ.jpg,A__DuWR5Z1Kp8AAAAAAAAAAAAAAQAAAQ.jpg,0,276,50
A_2zQ8SKw0HmwAAAAAAAAAAAAAAQAAAQ.jpg,KtjlPeKCRb-0vismjLY7MgAAACMAARED.jpg,0,119,128
A_qpwOTZvgL9EAAAAAAAAAAAAAAQAAAQ.jpg,A_Y4XwSLpSghkAAAAAAAAAAAAAAQAAAQ.jpg,0,26,114
lFnXbsgySbe-RMVrti88KQAAACMAARAD.jpg,A_3hHGTIRrcnwAAAAAAAAAAAAAAQAAAQ.jpg,0,134,9
HekMXIAUTl2HXeAFu4VTAgAAACMAARAD.jpg,A_EvDCT75_gY4AAAAAAAAAAAAAAQAAAQ.jpg,0,164,57
A_048mQIy0UMoAAAAAAAAAAAAAAQAAAQ.jpg,A_CHCqQrj2mVQAAAAAAAAAAAAAAQAAAQ.jpg,0,223,303
A_Ak6wQLMJZPUAAAAAAAAAAAAAAQAAAQ.jpg,tk4mOGEERLCxkiRM1WOXuwAAACMAARAD.jpg,0,135,211
A_FjITQKM8yiQAAAAAAAAAAAAAAQAAAQ.jpg,A_82YISZVTz64AAAAAAAAAAAAAAQAAAQ.jpg,0,210,298
A_GhJrQqvVGfAAAAAAAAAAAAAAAQAAAQ.jpg,A_EsHfTJi2lYUAAAAAAAAAAAAAAQAAAQ.jpg,0,46,314
A_Ba6QQqFUsP4AAAAAAAAAAAAAAQAAAQ.jpg,Z1qDRVboSz625P_djDkBSwAAACMAARAD.jpg,0,15,315
ydJW6409RSKvBzpK1xzS0QAAACMAARAD.jpg,A_7zzVQYVHFHgAAAAAAAAAAAAAAQAAAQ.jpg,0,27,158
A_CSAAQqCz9coAAAAAAAAAAAAAAQAAAQ.jpg,A_oEAqSaEmWGMAAAAAAAAAAAAAAQAAAQ.jpg,0,117,294
2d-0eWw0TDKv5kSoh012ogAAACMAARAD.jpg,A_82YISZVTz64AAAAAAAAAAAAAAQAAAQ.jpg,0,316,298
OjXGrQwIRLe0jn5ENTl1XwAAACMAARAD.jpg,A_LWb7SL9pX8IAAAAAAAAAAAAAAQAAAQ.jpg,0,291,98
A_bZNnSJorqvMAAAAAAAAAAAAAAQAAAQ.jpg,t7OjT-JkTe-fdqtZnMC8oAAAACMAARAD.jpg,0,231,129
A_QodUQrrQR2YAAAAAAAAAAAAAAQAAAQ.jpg,A_NfYdSZ8-0FYAAAAAAAAAAAAAAQAAAQ.jpg,0,270,126
A_9rUXTan94pAAAAAAAAAAAAAAAQAAAQ.jpg,A_FraFT4NK-OwAAAAAAAAAAAAAAQAAAQ.jpg,0,32,204
A_Rx6HR586O4sAAAAAAAAAAAAAAQAAAQ.jpg,A_6xTOT6mkZzUAAAAAAAAAAAAAAQAAAQ.jpg,0,325,7
A_KRnoQ5ccGD4AAAAAAAAAAAAAAQAAAQ.jpg,qHnFLmDMQMiYxAn70xvcRwAAACMAARAD.jpg,0,235,208
A_vdO2RolMKVcAAAAAAAAAAAAAAQAAAQ.jpg,YKrsyS6qRZ-rCTySE0CuoAAAACMAARAD.jpg,0,98,107
A_NpaSRqrF3DwAAAAAAAAAAAAAAQAAAQ.jpg,A_y3o0T5zshLsAAAAAAAAAAAAAAQAAAQ.jpg,0,196,152
A_AK9lSaWJ_m0AAAAAAAAAAAAAAQAAAQ.jpg,A_NpaSRqrF3DwAAAAAAAAAAAAAAQAAAQ.jpg,0,296,196
A_Sdv3QYReNXkAAAAAAAAAAAAAAQAAAQ.jpg,A_zjM2TKZ3uLYAAAAAAAAAAAAAAQAAAQ.jpg,0,250,97
A_6CUMTK6sWtwAAAAAAAAAAAAAAQAAAQ.jpg,A_iK_RRJMtR_0AAAAAAAAAAAAAAQAAAQ.jpg,0,45,101
A_oLSJS49B_k4AAAAAAAAAAAAAAQAAAQ.jpg,A_e6vmTbdC-9oAAAAAAAAAAAAAAQAAAQ.jpg,0,317,264
IJnfoTCGRzy_PnKxNA20FAAAACMAARAD.jpg,A_2n3hQr-JmJQAAAAAAAAAAAAAAQAAAQ.jpg,0,306,16
A_6J5kQJhOduUAAAAAAAAAAAAAAQAAAQ.jpg,xwiaT4SHTLGOVAZCtHq9yQAAACMAARAD.jpg,0,77,27
A_ysxzSpSaAJ0AAAAAAAAAAAAAAQAAAQ.jpg,A_WFX-R60X0GE0GDJMjg5KkAAAAQAAAQ.jpg,0,66,62
A_3hHGTIRrcnwAAAAAAAAAAAAAAQAAAQ.jpg,A_g-xBTZf8gWoAAAAAAAAAAAAAAQAAAQ.jpg,0,9,256
A_gh7QT5Mx8uUAAAAAAAAAAAAAAQAAAQ.jpg,A_7w30T4PSpVgAAAAAAAAAAAAAAQAAAQ.jpg,0,41,229
A_oWLETqhT6YIAAAAAAAAAAAAAAQAAAQ.jpg,A_aDKBQ7mM76cAAAAAAAAAAAAAAQAAAQ.jpg,0,214,256
A_iPsbSr7C5DcAAAAAAAAAAAAAAQAAAQ.jpg,A_zjktQp-czbsAAAAAAAAAAAAAAQAAAQ.jpg,0,254,118
A_0GHaQ5v1mnFBBtxPokPDawAAAQAAAQ.jpg,otcaKuZmTvi_QxerP6VRdAAAACMAARAD.jpg,0,64,207
A_gyLzR4cxZpIAAAAAAAAAAAAAAQAAAQ.jpg,A_hdpuRLEj1idQCwdMtulO4QAAAQAAAQ.jpg,0,274,326
uwbM_KZaT4WXCQZJ66Ib_QAAACMAARAD.jpg,A_ZQs8RZuoJBoAAAAAAAAAAAAAAQAAAQ.jpg,0,192,232
A_Z9O5TZhkv2IAAAAAAAAAAAAAAQAAAQ.jpg,A_B5PLRYT7qakAAAAAAAAAAAAAAQAAAQ.jpg,0,227,228
A_t87cQqq5PeYAAAAAAAAAAAAAAQAAAQ.jpg,A_dx0gTp9A5A0AAAAAAAAAAAAAAQAAAQ.jpg,0,146,105
T3Ow5yM2ThqSP6KFh8RfwAAAACMAARAD.jpg,A_Wa5hTLtdsh8AAAAAAAAAAAAAAQAAAQ.jpg,0,282,224
A_DNjCS6LPySIAAAAAAAAAAAAAAQAAAQ.jpg,BnMTwNDZTDic7PE_4wP9cwAAACMAARAD.jpg,0,272,186
A_rdK1TpMuf28AAAAAAAAAAAAAAQAAAQ.jpg,A_8jMWRbavcW0AAAAAAAAAAAAAAQAAAQ.jpg,0,283,287
A_Oa8eT5Wc8OgAAAAAAAAAAAAAAQAAAQ.jpg,A_wxWxSZH1r_QAAAAAAAAAAAAAAQAAAQ.jpg,0,113,293
A_DpAcQ6ZefVMAAAAAAAAAAAAAAQAAAQ.jpg,A_3R5AT4k8aW0AAAAAAAAAAAAAAQAAAQ.jpg,0,246,59
A_vAl2Q52NU9MAAAAAAAAAAAAAAQAAAQ.jpg,A_NuL2TKMEwowAAAAAAAAAAAAAAQAAAQ.jpg,0,340,265
A_rXoUTpGp2akAAAAAAAAAAAAAAQAAAQ.jpg,A_ywmfQoWVLnUAAAAAAAAAAAAAAQAAAQ.jpg,0,249,78
A_g-xBTZf8gWoAAAAAAAAAAAAAAQAAAQ.jpg,A_QYfVToXTeu0AAAAAAAAAAAAAAQAAAQ.jpg,0,256,229
A_HII8R5WzRQ4AAAAAAAAAAAAAAQAAAQ.jpg,A_7agWQomXiksAAAAAAAAAAAAAAQAAAQ.jpg,0,179,85
A_aU59RJLl9L4AAAAAAAAAAAAAAQAAAQ.jpg,A_1WHrSb70BwYAAAAAAAAAAAAAAQAAAQ.jpg,0,32,347
A_y8iFSJzwNJ4AAAAAAAAAAAAAAQAAAQ.jpg,A_D9o9T7zICSYbaeZMlwxEKQAAAQAAAQ.jpg,0,272,113
A__z-iTZs2YvEAAAAAAAAAAAAAAQAAAQ.jpg,A_Cl0sQ69mrY4AAAAAAAAAAAAAAQAAAQ.jpg,0,14,341
A_I4uaQKtPPhAAAAAAAAAAAAAAAQAAAQ.jpg,A_LC73QKKHtxsAAAAAAAAAAAAAAQAAAQ.jpg,0,329,183
A_EL3MTLdLMz8AAAAAAAAAAAAAAQAAAQ.jpg,A_avXxR4A0gikAAAAAAAAAAAAAAQAAAQ.jpg,0,343,280
A_ToioR6w5lKgAAAAAAAAAAAAAAQAAAQ.jpg,A_8RO8SZ_cRhQAAAAAAAAAAAAAAQAAAQ.jpg,0,283,303
A_SUrFSpyat3oAAAAAAAAAAAAAAQAAAQ.jpg,A_y6yGT6qZ-m4AAAAAAAAAAAAAAQAAAQ.jpg,0,102,103
A_xigkRLl7oW4AAAAAAAAAAAAAAQAAAQ.jpg,A_g3QTTLBYHsUAAAAAAAAAAAAAAQAAAQ.jpg,0,230,136
A_0jiiRbW7afUAAAAAAAAAAAAAAQAAAQ.jpg,A_Aw59RY7js60AAAAAAAAAAAAAAQAAAQ.jpg,0,260,5
A_5rhHQ4uH0DUAAAAAAAAAAAAAAQAAAQ.jpg,A_Urt9TpyTclsAAAAAAAAAAAAAAQAAAQ.jpg,0,343,37
A_MkJtQKVpPRIAAAAAAAAAAAAAAQAAAQ.jpg,A_HTT-TokpzUQAAAAAAAAAAAAAAQAAAQ.jpg,0,232,268
C7LFRq-yQ3al5ElDQWDhUAAAACMAARAD.jpg,A_NloJTpjGmzjncmZIj3dViAAAAQAAAQ.jpg,0,310,62
A_CkzESoa57iMAAAAAAAAAAAAAAQAAAQ.jpg,Fv9FYvAkQc6AGTP11upBrwAAACMAARAD.jpg,0,116,4
A_mwutT7LdQ9IAAAAAAAAAAAAAAQAAAQ.jpg,A_vXcfRYxmGwMAAAAAAAAAAAAAAQAAAQ.jpg,0,110,85
A_He2nSrEFR1YAAAAAAAAAAAAAAQAAAQ.jpg,A_9FlLRZb9wXUAAAAAAAAAAAAAAQAAAQ.jpg,0,300,49
A__iVyQa-Ul-kAAAAAAAAAAAAAAQAAAQ.jpg,2G8MIAaDRluIS-ucQOWdigAAACMAARAD.jpg,0,249,54
A_mSuHQqYkujMAAAAAAAAAAAAAAQAAAQ.jpg,A_ZX7pT4uWMgsAAAAAAAAAAAAAAQAAAQ.jpg,0,319,268
A_wOfbQoNWSAQAAAAAAAAAAAAAAQAAAQ.jpg,RJaJONp-R9-6Wg29qPh_MQAAACMAARAD.jpg,0,2,348
A_KlKMQ7YwUQUAAAAAAAAAAAAAAQAAAQ.jpg,MkS_FJIUSj-AkfBJ2KVoEwAAACMAARAD.jpg,0,269,208
A_n4mzQqZYsskAAAAAAAAAAAAAAQAAAQ.jpg,A_TIBEQZKlgbsAAAAAAAAAAAAAAQAAAQ.jpg,0,131,237
A_fAd6Q6jPCKAAAAAAAAAAAAAAAQAAAQ.jpg,A_LngHSpFXTD4AAAAAAAAAAAAAAQAAAQ.jpg,0,339,336
A_B17tQL9G7GBxlR5AvcHBegAAAQAAAQ.jpg,A_Q8HDR58ZuAwAAAAAAAAAAAAAAQAAAQ.jpg,0,331,251
A_1328TKphdQgAAAAAAAAAAAAAAQAAAQ.jpg,A_YGM9RqelARIAAAAAAAAAAAAAAQAAAQ.jpg,0,30,250
WNf53_8ITqK97-33UL-ISgAAACMAARAD.jpg,A_pfnXQq9r3uoAAAAAAAAAAAAAAQAAAQ.jpg,0,155,199
A_Qee6TYh_N0AAAAAAAAAAAAAAAQAAAQ.jpg,A_dxCNSp4IGbAAAAAAAAAAAAAAAQAAAQ.jpg,0,303,172
36L3Z5XgRFWtMVjSmPOSTwAAACMAARAD.jpg,A_Ieo9SKFx2U0AAAAAAAAAAAAAAQAAAQ.jpg,0,190,82
zGfOrLgJRWq4z48tv9EHeQAAACMAARAD.jpg,A_mtcjT5-8fxIAAAAAAAAAAAAAAQAAAQ.jpg,0,155,60
A_DEkJRYlXFNsAAAAAAAAAAAAAAQAAAQ.jpg,A_5aAtRZYw7_wAAAAAAAAAAAAAAQAAAQ.jpg,0,268,51
A_PQ-mQpRZPwgAAAAAAAAAAAAAAQAAAQ.jpg,A_ivfcQaWsgdsAAAAAAAAAAAAAAQAAAQ.jpg,0,35,296
C5W99xn9Rpmnq-8QffgzswAAACMAARAD.jpg,A_LvVhRqiGvcIAAAAAAAAAAAAAAQAAAQ.jpg,0,120,194
A_DTn9RaIFKaUAAAAAAAAAAAAAAQAAAQ.jpg,A_eKNXQLRk11AAAAAAAAAAAAAAAQAAAQ.jpg,0,246,112
A_zE7OR59AboMAAAAAAAAAAAAAAQAAAQ.jpg,A_CkzESoa57iMAAAAAAAAAAAAAAQAAAQ.jpg,0,341,116
A_yqmVSY6yhroAAAAAAAAAAAAAAQAAAQ.jpg,A_zcYfTIvp2lMAAAAAAAAAAAAAAQAAAQ.jpg,0,104,277
gpZWgwFPRP-Iq02OHwMZPgAAACMAARAD.jpg,A_xkbbR6DqPbwAAAAAAAAAAAAAAQAAAQ.jpg,0,52,288
A_iJVwTais0UgAAAAAAAAAAAAAAQAAAQ.jpg,A_ePq8Ras0owIAAAAAAAAAAAAAAQAAAQ.jpg,0,131,320
A_P3qUR6v9jfsAAAAAAAAAAAAAAQAAAQ.jpg,A_2fEAQ6wRV78AAAAAAAAAAAAAAQAAAQ.jpg,0,204,255
A_jcJHTp85KP0AAAAAAAAAAAAAAQAAAQ.jpg,A_gCrJTKWF4KgAAAAAAAAAAAAAAQAAAQ.jpg,0,64,117
A_h8ycS56cyH0AAAAAAAAAAAAAAQAAAQ.jpg,A_7TWPT4_hkwwAAAAAAAAAAAAAAQAAAQ.jpg,0,11,345
A__53oQqKI9vwAAAAAAAAAAAAAAQAAAQ.jpg,MkS_FJIUSj-AkfBJ2KVoEwAAACMAARAD.jpg,0,340,208
A_7agWQomXiksAAAAAAAAAAAAAAQAAAQ.jpg,A_1WHrSb70BwYAAAAAAAAAAAAAAQAAAQ.jpg,0,85,347
A_MtxfT4wtikgAAAAAAAAAAAAAAQAAAQ.jpg,A_Mxe5T4Zt64cAAAAAAAAAAAAAAQAAAQ.jpg,0,286,237
A_CJEPQZwY7_IAAAAAAAAAAAAAAQAAAQ.jpg,A_EVAPRrwpj30AAAAAAAAAAAAAAQAAAQ.jpg,0,191,46
A_JzxkRq5CL7UKXIZGrRlzfQAAAQAAAQ.jpg,A_95Z4QIMBISQAAAAAAAAAAAAAAQAAAQ.jpg,0,216,184
A_MfvYSISsOaYAAAAAAAAAAAAAAQAAAQ.jpg,A_CKcESIEZPPsAAAAAAAAAAAAAAQAAAQ.jpg,0,59,198
A_BUCBRov7kcoAAAAAAAAAAAAAAQAAAQ.jpg,AxQOGcN4RkCPWfcMhYgBuQAAACMAARAD.jpg,0,170,307
A_vxNlQoSOcesAAAAAAAAAAAAAAQAAAQ.jpg,A_o3aNQ59nIZoAAAAAAAAAAAAAAQAAAQ.jpg,0,23,94
A_5x9gRIcmjIsAAAAAAAAAAAAAAQAAAQ.jpg,A_jXO8TqgUNaEAAAAAAAAAAAAAAQAAAQ.jpg,0,244,3
A_S7r7Srj5r_wAAAAAAAAAAAAAAQAAAQ.jpg,s-goRr4zRqihodt8c49wvwAAACMAARAD.jpg,0,313,174
A_hPGSRoU0C8kAAAAAAAAAAAAAAQAAAQ.jpg,A_Efp6QLrSZ-gAAAAAAAAAAAAAAQAAAQ.jpg,0,308,274
A_WFX-R60X0GE0GDJMjg5KkAAAAQAAAQ.jpg,A_cKL1QqoK8C4AAAAAAAAAAAAAAQAAAQ.jpg,0,62,111
A_icEHSLdCQo8AAAAAAAAAAAAAAQAAAQ.jpg,A_GN8FS4YXEKMAAAAAAAAAAAAAAQAAAQ.jpg,0,124,82
A_YrcgQoK0NyIAAAAAAAAAAAAAAQAAAQ.jpg,A_AgMeSbS1YrMAAAAAAAAAAAAAAQAAAQ.jpg,0,215,169
A_h4c5Sad3a7IAAAAAAAAAAAAAAQAAAQ.jpg,A_EUqYT7AVrh4AAAAAAAAAAAAAAQAAAQ.jpg,0,40,154
A_fAd6Q6jPCKAAAAAAAAAAAAAAAQAAAQ.jpg,A_TETcSo4ZDCgAAAAAAAAAAAAAAQAAAQ.jpg,0,339,205
A_SU_3R4a-QnYAAAAAAAAAAAAAAQAAAQ.jpg,A_a0R0R5IAcOEAAAAAAAAAAAAAAQAAAQ.jpg,0,259,167
A_KRefSIqxAhMAAAAAAAAAAAAAAQAAAQ.jpg,A_q0dFR7cGWkQAAAAAAAAAAAAAAQAAAQ.jpg,0,259,123
A_5zh3RYWgmsoAAAAAAAAAAAAAAQAAAQ.jpg,A_NLtxRaP1d6wAAAAAAAAAAAAAAQAAAQ.jpg,0,76,106
A_5z1SRIthrRMAAAAAAAAAAAAAAQAAAQ.jpg,A_9EM2TajlqXoAAAAAAAAAAAAAAQAAAQ.jpg,0,176,58
A_XHurTYV1xScAAAAAAAAAAAAAAQAAAQ.jpg,A_lTNbTYEaGsMAAAAAAAAAAAAAAQAAAQ.jpg,0,337,224
A_TnpqRIoO1cIAAAAAAAAAAAAAAQAAAQ.jpg,A_1BkkT5s3pZkAAAAAAAAAAAAAAQAAAQ.jpg,0,130,304
A_pUauTrONA4kAAAAAAAAAAAAAAQAAAQ.jpg,A_6XZZT6vaEZ4AAAAAAAAAAAAAAQAAAQ.jpg,0,318,294
A_6McDRL0y-v8AAAAAAAAAAAAAAQAAAQ.jpg,gpZWgwFPRP-Iq02OHwMZPgAAACMAARAD.jpg,0,200,52
A_gZaiTKWdZY4AAAAAAAAAAAAAAQAAAQ.jpg,A_BvagTqt2xW0AAAAAAAAAAAAAAQAAAQ.jpg,0,290,180
A_LUkoSJrXkSUAAAAAAAAAAAAAAQAAAQ.jpg,A_KhFwTKJ4XWwAAAAAAAAAAAAAAQAAAQ.jpg,0,17,338
A_qpwOTZvgL9EAAAAAAAAAAAAAAQAAAQ.jpg,A_FGfzSpRlJ9AAAAAAAAAAAAAAAQAAAQ.jpg,0,26,263
A_gyLzR4cxZpIAAAAAAAAAAAAAAQAAAQ.jpg,A_3bzNSLXJbYMAAAAAAAAAAAAAAQAAAQ.jpg,0,274,324
A_f93rT43JBg0AAAAAAAAAAAAAAQAAAQ.jpg,A_Q2ygQ7cJQygAAAAAAAAAAAAAAQAAAQ.jpg,0,102,276
A_XSdhTajB4_kAAAAAAAAAAAAAAQAAAQ.jpg,A_CaW2Rr7FxicAAAAAAAAAAAAAAQAAAQ.jpg,0,243,281
A_roDNRZHSdREAAAAAAAAAAAAAAQAAAQ.jpg,A_wivkSpYnjv0AAAAAAAAAAAAAAQAAAQ.jpg,0,88,101
A_He2nSrEFR1YAAAAAAAAAAAAAAQAAAQ.jpg,A__MyoS6tXD44AAAAAAAAAAAAAAQAAAQ.jpg,0,300,86
A_4mW0Q5rIZpgAAAAAAAAAAAAAAQAAAQ.jpg,A_-fGnSJLpn7kAAAAAAAAAAAAAAQAAAQ.jpg,0,162,273
A_M6rDSaJqguwAAAAAAAAAAAAAAQAAAQ.jpg,A_VVyqSqssGX8AAAAAAAAAAAAAAQAAAQ.jpg,0,25,110
A_XTPLTJ9RiO4AAAAAAAAAAAAAAQAAAQ.jpg,A_OssPT5JNclsAAAAAAAAAAAAAAQAAAQ.jpg,0,325,269
A_rmRYSoi_81sAAAAAAAAAAAAAAQAAAQ.jpg,1yv1XFmYQIqGC3ETpIuU2QAAACMAARAD.jpg,0,218,70
A_v9o_T5ly55wAAAAAAAAAAAAAAQAAAQ.jpg,A_mtcjT5-8fxIAAAAAAAAAAAAAAQAAAQ.jpg,0,344,60
ZyHG3kTpSISXJaNBidsZFQAAACMAARAD.jpg,A_rphdRInnC2cAAAAAAAAAAAAAAQAAAQ.jpg,0,238,138
A_ARs4S5uu-scAAAAAAAAAAAAAAQAAAQ.jpg,A_cy6BT7zBon8AAAAAAAAAAAAAAQAAAQ.jpg,0,0,145
A_dxCNSp4IGbAAAAAAAAAAAAAAAQAAAQ.jpg,A_57b6Sb8-FAYAAAAAAAAAAAAAAQAAAQ.jpg,0,172,300
A_048mQIy0UMoAAAAAAAAAAAAAAQAAAQ.jpg,RZ0pi9gnRguCbwW_2IFLegAAACMAARAD.jpg,0,223,315
A_izqHSKPN0SsAAAAAAAAAAAAAAQAAAQ.jpg,A_uJmSS6jwC_EAAAAAAAAAAAAAAQAAAQ.jpg,0,281,151
A_XNHHSZlJH00AAAAAAAAAAAAAAQAAAQ.jpg,A_4rjUSryl48IAAAAAAAAAAAAAAQAAAQ.jpg,0,153,317
yUud5fmzR3q6UJMUV6hLQwAAACMAARAD.jpg,A_Q0c_QIvmCAoAAAAAAAAAAAAAAQAAAQ.jpg,0,306,118
A_nw_7QLxh6h4AAAAAAAAAAAAAAQAAAQ.jpg,A_76m-RZH9-rYAAAAAAAAAAAAAAQAAAQ.jpg,0,271,239
f4a1-1TxSRStvQAki3vjjQAAACMAARAD.jpg,A_Yr4LQpnqCAEAAAAAAAAAAAAAAQAAAQ.jpg,0,150,48
A_BM-IS64L6owAAAAAAAAAAAAAAQAAAQ.jpg,A_88GIR4a9ssoAAAAAAAAAAAAAAQAAAQ.jpg,0,332,266
A_BvagTqt2xW0AAAAAAAAAAAAAAQAAAQ.jpg,A_MVpnTJIllNYAAAAAAAAAAAAAAQAAAQ.jpg,0,180,51
W2GbcBOXQ8S9PGJqLQppPQAAACMAARED.jpg,gpZWgwFPRP-Iq02OHwMZPgAAACMAARAD.jpg,0,209,52
A_gnzFTrJMNnQAAAAAAAAAAAAAAQAAAQ.jpg,s5_LPbJATXy82lMu1uSeJQAAACMAARAD.jpg,0,232,348
A_QZE9RZrlk7wAAAAAAAAAAAAAAQAAAQ.jpg,A_YGM9RqelARIAAAAAAAAAAAAAAQAAAQ.jpg,0,223,250
A_hwdWQq75_mQAAAAAAAAAAAAAAQAAAQ.jpg,A_T5AVSb-PcwMAAAAAAAAAAAAAAQAAAQ.jpg,0,7,98
ydJW6409RSKvBzpK1xzS0QAAACMAARAD.jpg,A_juPfTZQWNPEAAAAAAAAAAAAAAQAAAQ.jpg,0,27,30
A_dxCNSp4IGbAAAAAAAAAAAAAAAQAAAQ.jpg,A_AcFbQoqDqRwAAAAAAAAAAAAAAQAAAQ.jpg,0,172,345
A_ncTYTqtScNEAAAAAAAAAAAAAAQAAAQ.jpg,A_CXUcR6GYNjkAAAAAAAAAAAAAAQAAAQ.jpg,0,299,280
GkKIt_19Rh2gdu0uxH4mbgAAACMAARAD.jpg,A_7WinQJg-1OcAAAAAAAAAAAAAAQAAAQ.jpg,0,291,31
HO658TQUQEWkFzwQclWO6QAAACMAARAD.jpg,A_aDWaRJ0Cte4AAAAAAAAAAAAAAQAAAQ.jpg,0,316,200
A_TfvQTrtOPDQAAAAAAAAAAAAAAQAAAQ.jpg,A_eaJbRIsiIAcAAAAAAAAAAAAAAQAAAQ.jpg,0,243,278
A_RDX7SYBqMVwAAAAAAAAAAAAAAQAAAQ.jpg,A_1iq-SaD4TSYAAAAAAAAAAAAAAQAAAQ.jpg,0,41,300
A_OVixS5gitWkAAAAAAAAAAAAAAQAAAQ.jpg,A_to61RICU3tgAAAAAAAAAAAAAAQAAAQ.jpg,0,118,139
A_tmV0SKPNXSUAAAAAAAAAAAAAAQAAAQ.jpg,A_LngHSpFXTD4AAAAAAAAAAAAAAQAAAQ.jpg,0,169,336
f4a1-1TxSRStvQAki3vjjQAAACMAARAD.jpg,2iEC5ZrsSa2JpfKnTQbADQAAACMAARAD.jpg,0,150,6
A_CaW2Rr7FxicAAAAAAAAAAAAAAQAAAQ.jpg,NHtoXmJsQbC2oYEEvNh-agAAACMAARAD.jpg,0,281,6
7ACCezYsSqiEz-zehRjeGAAAACMAARAD.jpg,A_LngHSpFXTD4AAAAAAAAAAAAAAQAAAQ.jpg,0,310,336
A_S7r7Srj5r_wAAAAAAAAAAAAAAQAAAQ.jpg,A_BRtzS61gGD4AAAAAAAAAAAAAAQAAAQ.jpg,0,313,82
A_tmZ3QpBor3sAAAAAAAAAAAAAAQAAAQ.jpg,A_RaRvSLwdvtQAAAAAAAAAAAAAAQAAAQ.jpg,0,203,173
A_Or1GTqTym0AAAAAAAAAAAAAAAQAAAQ.jpg,A_mEEyRI2A9fMAAAAAAAAAAAAAAQAAAQ.jpg,0,170,251
A_6BoNTIj6Zn8AAAAAAAAAAAAAAQAAAQ.jpg,A_iK_RRJMtR_0AAAAAAAAAAAAAAQAAAQ.jpg,0,126,101
A_zSt_TZGlWdoAAAAAAAAAAAAAAQAAAQ.jpg,A_b-8qRr28s_QAAAAAAAAAAAAAAQAAAQ.jpg,0,38,130
A_RxhpTqk6BKsAAAAAAAAAAAAAAQAAAQ.jpg,eub05Tg8Ri20vTxIGswtRwAAACMAARAD.jpg,0,203,323
A_S11EQYn7Fj8AAAAAAAAAAAAAAQAAAQ.jpg,B4vLF17OQ7iz0JDSOsJBYwAAACMAARAD.jpg,0,224,71
A_79Y3T534mhsAAAAAAAAAAAAAAQAAAQ.jpg,A_UGJ9TY8666oAAAAAAAAAAAAAAQAAAQ.jpg,0,205,325
pJMeyxnvRPOCrS-s9zDN6AAAACMAARAD.jpg,A_J9o_QJCEnBQAAAAAAAAAAAAAAQAAAQ.jpg,0,323,94
A_A3vxSa7MGD4AAAAAAAAAAAAAAQAAAQ.jpg,A_-JpBS6Eepe4AAAAAAAAAAAAAAQAAAQ.jpg,0,29,210
gssR255rQKW-hXQD0Y7E_AAAACMAARAD.jpg,A_wOfbQoNWSAQAAAAAAAAAAAAAAQAAAQ.jpg,0,120,2
A_YGM9RqelARIAAAAAAAAAAAAAAQAAAQ.jpg,5xr55tW6SGCb4W78k-0IXwAAACMAARAD.jpg,0,250,211
A_cU0aRI8xDi0AAAAAAAAAAAAAAQAAAQ.jpg,A_96HDTpXfEp0AAAAAAAAAAAAAAQAAAQ.jpg,0,156,38
A_dMj3SrywR0MAAAAAAAAAAAAAAQAAAQ.jpg,A_7MhsTIG0_08AAAAAAAAAAAAAAQAAAQ.jpg,0,265,278
A_p01WSpLvktkAAAAAAAAAAAAAAQAAAQ.jpg,A_YOLjSLCb05sAAAAAAAAAAAAAAQAAAQ.jpg,0,136,31
A_7OgCTLT7J9AAAAAAAAAAAAAAAQAAAQ.jpg,A_lUxgRJaTT48AAAAAAAAAAAAAAQAAAQ.jpg,0,2,55
A_3hHGTIRrcnwAAAAAAAAAAAAAAQAAAQ.jpg,A_TnpqRIoO1cIAAAAAAAAAAAAAAQAAAQ.jpg,0,9,130
A_DLk9QaFF3W0AAAAAAAAAAAAAAQAAAQ.jpg,A_lOYRTrARg8kAAAAAAAAAAAAAAQAAAQ.jpg,0,328,285
A_zIdqT5wAadAAAAAAAAAAAAAAAQAAAQ.jpg,LkTAGmb3TGuGGZHU52brUQAAACMAARAD.jpg,0,297,207
A_xvAiTaIgyiIAAAAAAAAAAAAAAQAAAQ.jpg,A_eBxrT7u84_YAAAAAAAAAAAAAAQAAAQ.jpg,0,154,276
A_pOfiQ7jDy14AAAAAAAAAAAAAAQAAAQ.jpg,A_T1kYQ7qQrxcAAAAAAAAAAAAAAQAAAQ.jpg,0,13,246
A_pWOlQZby4GYAAAAAAAAAAAAAAQAAAQ.jpg,A_aDKBQ7mM76cAAAAAAAAAAAAAAQAAAQ.jpg,0,121,256
A_M9P2TpZaQRMAAAAAAAAAAAAAAQAAAQ.jpg,qt9ydc-FTHqABlnv0E338AAAACMAARAD.jpg,0,275,150
A_W9fQSKt4JzUAAAAAAAAAAAAAAQAAAQ.jpg,A__UAoQbHt2SIAAAAAAAAAAAAAAQAAAQ.jpg,0,95,111
A_des9TqTtlVkAAAAAAAAAAAAAAQAAAQ.jpg,A_7MhsTIG0_08AAAAAAAAAAAAAAQAAAQ.jpg,0,230,278
A_q3_rR6k-lYMAAAAAAAAAAAAAAQAAAQ.jpg,A_nZIFTqwyAG0AAAAAAAAAAAAAAQAAAQ.jpg,0,245,341
A_EN1PTpOOkWkAAAAAAAAAAAAAAQAAAQ.jpg,PKvgCxspT06mVkCupz9C2QAAACMAARAD.jpg,0,66,134
A_0MTNRpRpwNIAAAAAAAAAAAAAAQAAAQ.jpg,A_NDzHTLNzG5MAAAAAAAAAAAAAAQAAAQ.jpg,0,36,235
A_OxUmQoSZMqwAAAAAAAAAAAAAAQAAAQ.jpg,2A23mcKTRe6iwvdle-DnoQAAACMAARAD.jpg,0,230,349
A_jDBmTIN3O1EAAAAAAAAAAAAAAQAAAQ.jpg,A_qo9KQ6YZpa0AAAAAAAAAAAAAAQAAAQ.jpg,0,133,11
A_-gLFTpM2eMUAAAAAAAAAAAAAAQAAAQ.jpg,xEkROLFrT8eZz88qyGMUDgAAACMAARAD.jpg,0,81,327
A_m6o3TaR9GfMAAAAAAAAAAAAAAQAAAQ.jpg,A_GdTOQ6xnzZMAAAAAAAAAAAAAAQAAAQ.jpg,0,304,342
A_KRnoQ5ccGD4AAAAAAAAAAAAAAQAAAQ.jpg,A_05zKQb6bySIAAAAAAAAAAAAAAQAAAQ.jpg,0,235,216
A_D5vXRpubIH4AAAAAAAAAAAAAAQAAAQ.jpg,A_xNCNSreklsIAAAAAAAAAAAAAAQAAAQ.jpg,0,154,1
A_avXxR4A0gikAAAAAAAAAAAAAAQAAAQ.jpg,A_N7TMSppc4iUAAAAAAAAAAAAAAQAAAQ.jpg,0,280,101
1DUlr4dURtqhdRrCS69ZgAAAACMAARAD.jpg,A_xK0XQo9bd_wAAAAAAAAAAAAAAQAAAQ.jpg,0,310,143
A_zfe6Ta1sN6AAAAAAAAAAAAAAAQAAAQ.jpg,A_qpwOTZvgL9EAAAAAAAAAAAAAAQAAAQ.jpg,0,79,26
A_yuLVT43MzcgAAAAAAAAAAAAAAQAAAQ.jpg,A_RDX7SYBqMVwAAAAAAAAAAAAAAQAAAQ.jpg,0,167,41
A_gWzlTqoUv50AAAAAAAAAAAAAAQAAAQ.jpg,A_IHGMTadv9ZoAAAAAAAAAAAAAAQAAAQ.jpg,0,239,104
A_xNCNSreklsIAAAAAAAAAAAAAAQAAAQ.jpg,A_CUlQSpIInD0AAAAAAAAAAAAAAQAAAQ.jpg,0,1,322
YKrsyS6qRZ-rCTySE0CuoAAAACMAARAD.jpg,A_0Z_BTJTyxrUAAAAAAAAAAAAAAQAAAQ.jpg,0,107,135
A_w5yBQq07ZGQAAAAAAAAAAAAAAQAAAQ.jpg,A_t7pjSY5KeJwAAAAAAAAAAAAAAQAAAQ.jpg,0,218,324
A_tnVbTq1hG0IAAAAAAAAAAAAAAQAAAQ.jpg,A_qB4QT6PpWG8AAAAAAAAAAAAAAQAAAQ.jpg,0,194,242
A_XSdhTajB4_kAAAAAAAAAAAAAAQAAAQ.jpg,2iEC5ZrsSa2JpfKnTQbADQAAACMAARAD.jpg,0,243,6
A_96HDTpXfEp0AAAAAAAAAAAAAAQAAAQ.jpg,A_S1K7SaRCgmsAAAAAAAAAAAAAAQAAAQ.jpg,0,38,111
A_ab2UR5VE8pYAAAAAAAAAAAAAAQAAAQ.jpg,A_1AcjS7HMufYAAAAAAAAAAAAAAQAAAQ.jpg,0,49,189
A_rphdRInnC2cAAAAAAAAAAAAAAQAAAQ.jpg,A_t6AyT4K76akAAAAAAAAAAAAAAQAAAQ.jpg,0,138,346
A__YxFR6NzEjQAAAAAAAAAAAAAAQAAAQ.jpg,A_16FyRKAdZCwAAAAAAAAAAAAAAQAAAQ.jpg,0,13,139
A_VSe4QrbJjMcAAAAAAAAAAAAAAQAAAQ.jpg,AxQOGcN4RkCPWfcMhYgBuQAAACMAARAD.jpg,0,0,307
A_vEWFRJ2pIzwAAAAAAAAAAAAAAQAAAQ.jpg,8qks6YhlRy-wDJtrkIZaIgAAACMAARAD.jpg,0,165,316
3TWmN3cgR6O-z4Ry4M-TngAAACMAARAD.jpg,dRX2p0mwRrumfcxLhB9tHAAAACMAARAD.jpg,0,132,6
jljP-9JORDyajV3g_xwG_wAAACMAARAD.jpg,A_XJPfQZIMlRoAAAAAAAAAAAAAAQAAAQ.jpg,0,129,320
A_b-8qRr28s_QAAAAAAAAAAAAAAQAAAQ.jpg,A_VKWZTI04Y7wAAAAAAAAAAAAAAQAAAQ.jpg,0,130,41
A_VV-4R7Xfd1AAAAAAAAAAAAAAAQAAAQ.jpg,A_c_7LRYptgZ4AAAAAAAAAAAAAAQAAAQ.jpg,0,221,263
A_mVW5RI4asboAAAAAAAAAAAAAAQAAAQ.jpg,A_VW4rTbmlHh8AAAAAAAAAAAAAAQAAAQ.jpg,0,255,336
A_eaJbRIsiIAcAAAAAAAAAAAAAAQAAAQ.jpg,A_CSAAQqCz9coAAAAAAAAAAAAAAQAAAQ.jpg,0,278,117
A_mHpGR5oYn_kAAAAAAAAAAAAAAQAAAQ.jpg,A_vjMsQZpQaTkAAAAAAAAAAAAAAQAAAQ.jpg,0,320,133
A_yaQwRrApyMQAAAAAAAAAAAAAAQAAAQ.jpg,A_sjosRJ0wPVkAAAAAAAAAAAAAAQAAAQ.jpg,0,276,179
A_uY8RT48iBmoAAAAAAAAAAAAAAQAAAQ.jpg,A_izqHSKPN0SsAAAAAAAAAAAAAAQAAAQ.jpg,0,178,281
A_E-xxRLjoDi0AAAAAAAAAAAAAAQAAAQ.jpg,A_4mW0Q5rIZpgAAAAAAAAAAAAAAQAAAQ.jpg,0,115,162
A_biEZSZF2Fp0AAAAAAAAAAAAAAQAAAQ.jpg,A_rZL0S6dvFYvlzupIll1R-AAAAQAAAQ.jpg,0,115,175
8uu1FfYMQXe3pxQOcXQR9gAAACMAARAD.jpg,A_cY_dQKTxLZIAAAAAAAAAAAAAAQAAAQ.jpg,0,155,34
A_8SMFQ4ABOP4AAAAAAAAAAAAAAQAAAQ.jpg,A_eKPdQ7NuzWMAAAAAAAAAAAAAAQAAAQ.jpg,0,78,79
A_L_fMQ4YgTbUAAAAAAAAAAAAAAQAAAQ.jpg,A_z0kCQr_tfJQAAAAAAAAAAAAAAQAAAQ.jpg,0,125,23
A_CC3tRqsji7gAAAAAAAAAAAAAAQAAAQ.jpg,A_1ruyQ7LcAuoAAAAAAAAAAAAAAQAAAQ.jpg,0,234,347
A_gBKETKn8DvwAAAAAAAAAAAAAAQAAAQ.jpg,A_dNP4R4O9ASkAAAAAAAAAAAAAAQAAAQ.jpg,0,182,257
A_3S3LTZgdkc8AAAAAAAAAAAAAAQAAAQ.jpg,A_MwufRZG5iJ8AAAAAAAAAAAAAAQAAAQ.jpg,0,331,236
A_cWO0Sb2sA9gAAAAAAAAAAAAAAQAAAQ.jpg,A__5f3Qa27j5YAAAAAAAAAAAAAAQAAAQ.jpg,0,200,277
A_fdXCTprSOxYAAAAAAAAAAAAAAQAAAQ.jpg,A_-HPcQKsgKR8AAAAAAAAAAAAAAQAAAQ.jpg,0,339,96
A_AcFbQoqDqRwAAAAAAAAAAAAAAQAAAQ.jpg,A_rZCET7Bcu5YAAAAAAAAAAAAAAQAAAQ.jpg,0,345,143
A_dIlQSIobnFAAAAAAAAAAAAAAAQAAAQ.jpg,A_GBRjRJz7PoIAAAAAAAAAAAAAAQAAAQ.jpg,0,45,324
GkKIt_19Rh2gdu0uxH4mbgAAACMAARAD.jpg,A_P_orQb_1tnYAAAAAAAAAAAAAAQAAAQ.jpg,0,291,269
A_Ak6wQLMJZPUAAAAAAAAAAAAAAQAAAQ.jpg,A_eCGwQpnlatEAAAAAAAAAAAAAAQAAAQ.jpg,0,135,80
A_qQm9SqhVmh8AAAAAAAAAAAAAAQAAAQ.jpg,A_B5PLRYT7qakAAAAAAAAAAAAAAQAAAQ.jpg,0,135,228
Z1qDRVboSz625P_djDkBSwAAACMAARAD.jpg,A_3muFRpfosX0AAAAAAAAAAAAAAQAAAQ.jpg,0,315,10
A_60h2TaONPo8AAAAAAAAAAAAAAQAAAQ.jpg,A_JFf0QpMDxLUAAAAAAAAAAAAAAQAAAQ.jpg,0,37,178
A_qQm9SqhVmh8AAAAAAAAAAAAAAQAAAQ.jpg,A_bRcAQpqLS8kAAAAAAAAAAAAAAQAAAQ.jpg,0,135,184
A_pUauTrONA4kAAAAAAAAAAAAAAQAAAQ.jpg,A_P_orQb_1tnYAAAAAAAAAAAAAAQAAAQ.jpg,0,318,269
A_05zKQb6bySIAAAAAAAAAAAAAAQAAAQ.jpg,A_tmZ3QpBor3sAAAAAAAAAAAAAAQAAAQ.jpg,0,216,203
A_t7pjSY5KeJwAAAAAAAAAAAAAAQAAAQ.jpg,A_-fnOTrhcN3oAAAAAAAAAAAAAAQAAAQ.jpg,0,324,243
A_UH_uSo5LjOsAAAAAAAAAAAAAAQAAAQ.jpg,A_rGSuTZXVuRUGn2pDh9p9vgAAAQAAAQ.jpg,0,101,2
A_gpwRSb16XloAAAAAAAAAAAAAAQAAAQ.jpg,s5_LPbJATXy82lMu1uSeJQAAACMAARAD.jpg,0,241,348
tZ9Ffj0eTdiamVFL64HrAwAAACMAARAD.jpg,A_t7pjSY5KeJwAAAAAAAAAAAAAAQAAAQ.jpg,0,72,324
A_ab2UR5VE8pYAAAAAAAAAAAAAAQAAAQ.jpg,Kaf40bOpT5G9tQ2a92m9aQAAACMAARAD.jpg,0,49,186
A_Li70RYXYOToAAAAAAAAAAAAAAQAAAQ.jpg,A_jwl4QaUztl0AAAAAAAAAAAAAAQAAAQ.jpg,0,171,187
A_Xt5tQpzDINoAAAAAAAAAAAAAAQAAAQ.jpg,A_TgAqQpXQPWgAAAAAAAAAAAAAAQAAAQ.jpg,0,314,139
A_phjfSK7C04wAAAAAAAAAAAAAAQAAAQ.jpg,A_s3DKToWP_5UAAAAAAAAAAAAAAQAAAQ.jpg,0,145,142
A_aEr8SogcnnIAAAAAAAAAAAAAAQAAAQ.jpg,A_USsBT7LiLzQAAAAAAAAAAAAAAQAAAQ.jpg,0,311,286
A_zz-aSZh8rzMAAAAAAAAAAAAAAQAAAQ.jpg,A_mcPlS6cWS-wAAAAAAAAAAAAAAQAAAQ.jpg,0,127,55
A_Uga7SbOpyY0AAAAAAAAAAAAAAQAAAQ.jpg,A_mEEyRI2A9fMAAAAAAAAAAAAAAQAAAQ.jpg,0,69,251
A_SbRDQbZ63xkAAAAAAAAAAAAAAQAAAQ.jpg,A_c7PhTYy24i4AAAAAAAAAAAAAAQAAAQ.jpg,0,78,137
A_DV2SR5jhC0wAAAAAAAAAAAAAAQAAAQ.jpg,A_ojwmQZn-s4QAAAAAAAAAAAAAAQAAAQ.jpg,0,34,8
QQxyNEuVSAWRtd0Fk3TSiAAAACMAARAD.jpg,A_KQxIT7wL_kgAAAAAAAAAAAAAAQAAAQ.jpg,0,192,18
A_CMb2RJx-GToAAAAAAAAAAAAAAQAAAQ.jpg,A_2yTCT6348MsAAAAAAAAAAAAAAQAAAQ.jpg,0,180,305
PYuk0PscTpKyg5nsQBOYZgAAACMAARAD.jpg,A_PXh2Q7BkVC0AAAAAAAAAAAAAAQAAAQ.jpg,0,107,122
oUwFV4MkS2S9joIua_wkvwAAACMAARAD.jpg,A_W9fQSKt4JzUAAAAAAAAAAAAAAQAAAQ.jpg,0,155,95
A_Uqn1Qq1RIzkAAAAAAAAAAAAAAQAAAQ.jpg,A_dI4zSai8yk-dZNBKqTLbdAAAAQAAAQ.jpg,0,112,221
A_FOIbSaYkQ0MAAAAAAAAAAAAAAQAAAQ.jpg,A_pO8kQqJBt3EAAAAAAAAAAAAAAQAAAQ.jpg,0,80,39
A_OtoGQIQE13QAAAAAAAAAAAAAAQAAAQ.jpg,A_Ka1IRZhFoOoAAAAAAAAAAAAAAQAAAQ.jpg,0,10,125
A_MVpnTJIllNYAAAAAAAAAAAAAAQAAAQ.jpg,A_ZX7pT4uWMgsAAAAAAAAAAAAAAQAAAQ.jpg,0,51,268
A_FGfzSpRlJ9AAAAAAAAAAAAAAAQAAAQ.jpg,A_e6vmTbdC-9oAAAAAAAAAAAAAAQAAAQ.jpg,0,263,264
A_OVixS5gitWkAAAAAAAAAAAAAAQAAAQ.jpg,A_o6_aR5P_rB8AAAAAAAAAAAAAAQAAAQ.jpg,0,118,217
A__YxFR6NzEjQecYhCqT3cqQAAAQAAAQ.jpg,A_EN1PTpOOkWkAAAAAAAAAAAAAAQAAAQ.jpg,0,13,66
A_lTNbTYEaGsMAAAAAAAAAAAAAAQAAAQ.jpg,A_KkNnR5qXorcAAAAAAAAAAAAAAQAAAQ.jpg,0,224,313
A_6aJ8Sa2FS-YAAAAAAAAAAAAAAQAAAQ.jpg,A_0MTNRpRpwNIAAAAAAAAAAAAAAQAAAQ.jpg,0,317,36
A_naL1RJ86jCoAAAAAAAAAAAAAAQAAAQ.jpg,A_NDzHTLNzG5MAAAAAAAAAAAAAAQAAAQ.jpg,0,28,235
A_hZtcTJN4JNsAAAAAAAAAAAAAAQAAAQ.jpg,A_PD58S5qjNQoAAAAAAAAAAAAAAQAAAQ.jpg,0,271,262
A_p7msSIPIoxsAAAAAAAAAAAAAAQAAAQ.jpg,A_hsJDSo4xcbkAAAAAAAAAAAAAAQAAAQ.jpg,0,202,3
A_50hVQpJOh38AAAAAAAAAAAAAAQAAAQ.jpg,A_EgytQoIRmCEAAAAAAAAAAAAAAQAAAQ.jpg,0,333,343
A_H_zgSYO_OSwAAAAAAAAAAAAAAQAAAQ.jpg,46wgkuZZT6eVVCnVPQgrpgAAACMAARAD.jpg,0,231,327
A_aMDbQ5OmVQ4AAAAAAAAAAAAAAQAAAQ.jpg,8fDO2NZcTqetpeRD2liw8gAAACMAARAD.jpg,0,95,190
A_h-8AQKUCJ6wAAAAAAAAAAAAAAQAAAQ.jpg,x8Wo4mizQyiMb9ZQPKg2hgAAACMAARAD.jpg,0,257,109
A_8gLsQ6KuwHQAAAAAAAAAAAAAAQAAAQ.jpg,4mdzWDyRQ82GuQWRmzSQBQAAACMAARAD.jpg,0,124,186
unXpdCHiSwq1IsIo2bI8PAAAACMAARAD.jpg,A_Tt6HTJdxA1kAAAAAAAAAAAAAAQAAAQ.jpg,0,70,19
A_OxUmQoSZMqwAAAAAAAAAAAAAAQAAAQ.jpg,sXCLxmKsRfaVAGlXbY1y3wAAACMAARAD.jpg,0,230,306
A_GpPxSZ7FJvMAAAAAAAAAAAAAAQAAAQ.jpg,A_w8x7SaCEWdkAAAAAAAAAAAAAAQAAAQ.jpg,0,53,58
8qks6YhlRy-wDJtrkIZaIgAAACMAARAD.jpg,A_fXp1S7xHV6YAAAAAAAAAAAAAAQAAAQ.jpg,0,316,106
A_TdNTTqxkNsEAAAAAAAAAAAAAAQAAAQ.jpg,A_PYU8Qr4rH5YAAAAAAAAAAAAAAQAAAQ.jpg,0,339,19
A_UVLcS7GdN0sAAAAAAAAAAAAAAQAAAQ.jpg,A_FZxTQJDVbkYAAAAAAAAAAAAAAQAAAQ.jpg,0,44,289
3TWmN3cgR6O-z4Ry4M-TngAAACMAARAD.jpg,A_41GqSJs5RO4AAAAAAAAAAAAAAQAAAQ.jpg,0,132,265
A_TIBEQZKlgbsAAAAAAAAAAAAAAQAAAQ.jpg,zQs0kBsAS2mS20h_2hp37AAAACMAARAD.jpg,0,237,316
A_mELMSZX6_9YAAAAAAAAAAAAAAQAAAQ.jpg,A_P3qUR6v9jfsAAAAAAAAAAAAAAQAAAQ.jpg,0,180,204
A_z3KSSqDlw1QAAAAAAAAAAAAAAQAAAQ.jpg,A_zjM2TKZ3uLYAAAAAAAAAAAAAAQAAAQ.jpg,0,263,97
A_qcBWSoqyLrEAAAAAAAAAAAAAAQAAAQ.jpg,A_00INR7szioMAAAAAAAAAAAAAAQAAAQ.jpg,0,344,89
A_BTGhRL3hvxwAAAAAAAAAAAAAAQAAAQ.jpg,A_-iZQTKAWibIAAAAAAAAAAAAAAQAAAQ.jpg,0,0,230
A_CkzZSIBF3KYAAAAAAAAAAAAAAQAAAQ.jpg,A_7HodQI2rtSUAAAAAAAAAAAAAAQAAAQ.jpg,0,299,24
A_SyljToXBtGgAAAAAAAAAAAAAAQAAAQ.jpg,A_Zt9yT7lqoQMAAAAAAAAAAAAAAQAAAQ.jpg,0,88,47
A_rphdRInnC2cAAAAAAAAAAAAAAQAAAQ.jpg,A_GhJrQqvVGfAAAAAAAAAAAAAAAQAAAQ.jpg,0,138,46
A_ItmHSrXG59IAAAAAAAAAAAAAAQAAAQ.jpg,A_FbS7RJkTRPMAAAAAAAAAAAAAAQAAAQ.jpg,0,179,99
A_zxwhSKLMsogAAAAAAAAAAAAAAQAAAQ.jpg,hc_8dM3TTzeQxx1wn6w2ogAAACMAARAD.jpg,0,147,128
A_UHv6TJv2h5cAAAAAAAAAAAAAAQAAAQ.jpg,A_IOFuS4ljD_MAAAAAAAAAAAAAAQAAAQ.jpg,0,283,57
A_mSuHQqYkujMAAAAAAAAAAAAAAQAAAQ.jpg,A_-bJ-Q4552o0AAAAAAAAAAAAAAQAAAQ.jpg,0,319,50
A_miO8RI_sLsIAAAAAAAAAAAAAAQAAAQ.jpg,A_z3KSSqDlw1QAAAAAAAAAAAAAAQAAAQ.jpg,0,180,263
A_izqHSKPN0SsAAAAAAAAAAAAAAQAAAQ.jpg,A_qwMrRIrUjOkAAAAAAAAAAAAAAQAAAQ.jpg,0,281,100
A_DLk9QaFF3W0AAAAAAAAAAAAAAQAAAQ.jpg,A_vcbAQrSa0GIAAAAAAAAAAAAAAQAAAQ.jpg,0,328,222
A_nwlKT4igLyQAAAAAAAAAAAAAAQAAAQ.jpg,dE5D0FnIS42ZuBi1OUZO3AAAACMAARAD.jpg,0,37,56
A_xNCNSreklsIAAAAAAAAAAAAAAQAAAQ.jpg,A_PQ-mQpRZPwgAAAAAAAAAAAAAAQAAAQ.jpg,0,1,35
A_OT8IQIP4z90AAAAAAAAAAAAAAQAAAQ.jpg,A_C4yWR6KggDwAAAAAAAAAAAAAAQAAAQ.jpg,0,264,61
A_Uzk2SrABsKIAAAAAAAAAAAAAAQAAAQ.jpg,A_PKCVSakmtxUAAAAAAAAAAAAAAQAAAQ.jpg,0,153,278
A_eCGwQpnlatEAAAAAAAAAAAAAAQAAAQ.jpg,A_0-ELRoJDoOAAAAAAAAAAAAAAAQAAAQ.jpg,0,80,160
HekMXIAUTl2HXeAFu4VTAgAAACMAARAD.jpg,A_5dNJRaepYnUAAAAAAAAAAAAAAQAAAQ.jpg,0,164,302
A_Yr4LQpnqCAEAAAAAAAAAAAAAAQAAAQ.jpg,A_iGqzSrLtlcMAAAAAAAAAAAAAAQAAAQ.jpg,0,48,261
A_BbMtSbuC4rkAAAAAAAAAAAAAAQAAAQ.jpg,dyxtW91GQ3m1hwcxGe6xNQAAACMAARAD.jpg,0,259,72
A_Yl1ZSL-Lto8AAAAAAAAAAAAAAQAAAQ.jpg,A_o3aNQ59nIZoAAAAAAAAAAAAAAQAAAQ.jpg,0,241,94
A_vzFyQL-m9f0AAAAAAAAAAAAAAQAAAQ.jpg,A_t7pjSY5KeJwAAAAAAAAAAAAAAQAAAQ.jpg,0,11,324
A_u5XySKZ9cywAAAAAAAAAAAAAAQAAAQ.jpg,A_EhJNRrpu2Z0AAAAAAAAAAAAAAQAAAQ.jpg,0,274,233
I-4jbqVlSyeXyWm3u8uXGQAAACMAARAD.jpg,A_tnVbTq1hG0IAAAAAAAAAAAAAAQAAAQ.jpg,0,56,194
A_wmoBRoo-T8IAAAAAAAAAAAAAAQAAAQ.jpg,A_ChqmSJ1Ok-IAAAAAAAAAAAAAAQAAAQ.jpg,0,279,153
A_p4flTrdsBe8AAAAAAAAAAAAAAQAAAQ.jpg,A_FTXOTL2SfYwAAAAAAAAAAAAAAQAAAQ.jpg,0,76,293
A_EhJNRrpu2Z0AAAAAAAAAAAAAAQAAAQ.jpg,A_q7aRSpBENVQAAAAAAAAAAAAAAQAAAQ.jpg,0,233,12
pJMeyxnvRPOCrS-s9zDN6AAAACMAARAD.jpg,A_F-Y6SLy3q3kAAAAAAAAAAAAAAQAAAQ.jpg,0,323,127
A_zj1HS5Be7c4AAAAAAAAAAAAAAQAAAQ.jpg,A_uY8RT48iBmoAAAAAAAAAAAAAAQAAAQ.jpg,0,197,178
A_TfvQTrtOPDQAAAAAAAAAAAAAAQAAAQ.jpg,A_048mQIy0UMoAAAAAAAAAAAAAAQAAAQ.jpg,0,243,223
A_CjU5SoWF2L0AAAAAAAAAAAAAAQAAAQ.jpg,A_cUEKTLA6SR4AAAAAAAAAAAAAAQAAAQ.jpg,0,118,312
A__NR8QZ1qcjQAAAAAAAAAAAAAAQAAAQ.jpg,A_5JaUS5e0nHAAAAAAAAAAAAAAAQAAAQ.jpg,0,97,204
A_MfvYSISsOaYAAAAAAAAAAAAAAQAAAQ.jpg,A_W-xaT78i22MAAAAAAAAAAAAAAQAAAQ.jpg,0,59,50
A_UVLcS7GdN0sAAAAAAAAAAAAAAQAAAQ.jpg,A_AK9lSaWJ_m0AAAAAAAAAAAAAAQAAAQ.jpg,0,44,296
A_osC4T6WDCO8AAAAAAAAAAAAAAQAAAQ.jpg,A_fDM3T7_Er0wAAAAAAAAAAAAAAQAAAQ.jpg,0,202,21
LkTAGmb3TGuGGZHU52brUQAAACMAARAD.jpg,A_vxNlQoSOcesAAAAAAAAAAAAAAQAAAQ.jpg,0,207,23
A_oIudQY-doeoAAAAAAAAAAAAAAQAAAQ.jpg,A_EN1PTpOOkWkAAAAAAAAAAAAAAQAAAQ.jpg,0,58,66
A_cWO0Sb2sA9gAAAAAAAAAAAAAAQAAAQ.jpg,A_fDM3T7_Er0wAAAAAAAAAAAAAAQAAAQ.jpg,0,200,21
A_xK0XQo9bd_wAAAAAAAAAAAAAAQAAAQ.jpg,frarTD7lTOqgeRc7RMPqNQAAACMAARAD.jpg,0,143,188
A_j72ARLb_6boAAAAAAAAAAAAAAQAAAQ.jpg,A_0gczRYEcMd0AAAAAAAAAAAAAAQAAAQ.jpg,0,161,193
A_usXqRrG0zfAAAAAAAAAAAAAAAQAAAQ.jpg,A_GPn_QKLHezwAAAAAAAAAAAAAAQAAAQ.jpg,0,88,116
A_JTXPTI39PMkAAAAAAAAAAAAAAQAAAQ.jpg,A_qltmS7ZNsLUAAAAAAAAAAAAAAQAAAQ.jpg,0,199,91
A_05zKQb6bySIAAAAAAAAAAAAAAQAAAQ.jpg,eub05Tg8Ri20vTxIGswtRwAAACMAARAD.jpg,0,216,323
A_I4uaQKtPPhAAAAAAAAAAAAAAAQAAAQ.jpg,A_spNeTrbTaesAAAAAAAAAAAAAAQAAAQ.jpg,0,329,114
A_JKoXS5qMLWXZM1xIuGy1bAAAAQAAAQ.jpg,hc_8dM3TTzeQxx1wn6w2ogAAACMAARAD.jpg,0,148,128
A_dx0gTp9A5A0AAAAAAAAAAAAAAQAAAQ.jpg,A_bIcBTZ3tUqEAAAAAAAAAAAAAAQAAAQ.jpg,0,105,289
A_VsLNT7sWz3wAAAAAAAAAAAAAAQAAAQ.jpg,A_WNgORoRRamAAAAAAAAAAAAAAAQAAAQ.jpg,0,322,141
A_S7r7Srj5r_wAAAAAAAAAAAAAAQAAAQ.jpg,A_2bxUSqLc6wAAAAAAAAAAAAAAAQAAAQ.jpg,0,313,255
A_wPnAQIK6lFQAAAAAAAAAAAAAAQAAAQ.jpg,A_7t5MRrn6fyUAAAAAAAAAAAAAAQAAAQ.jpg,0,84,303
A_spNeTrbTaesAAAAAAAAAAAAAAQAAAQ.jpg,A__iSlQZS0IuEAAAAAAAAAAAAAAQAAAQ.jpg,0,114,197
A_B5PLRYT7qakAAAAAAAAAAAAAAQAAAQ.jpg,A_y8PMQofn1wsAAAAAAAAAAAAAAQAAAQ.jpg,0,228,244
A_4COnRIftFtkAAAAAAAAAAAAAAQAAAQ.jpg,A_5aAtRZYw7_wAAAAAAAAAAAAAAQAAAQ.jpg,0,104,51
A_BquTQbUQF58AAAAAAAAAAAAAAQAAAQ.jpg,A_aYeATJcaX1MAAAAAAAAAAAAAAQAAAQ.jpg,0,197,249
A_PXxiSIQQDWkAAAAAAAAAAAAAAQAAAQ.jpg,MkS_FJIUSj-AkfBJ2KVoEwAAACMAARAD.jpg,0,4,208
A_g3YhTbvJ9A8AAAAAAAAAAAAAAQAAAQ.jpg,A_lTNbTYEaGsMAAAAAAAAAAAAAAQAAAQ.jpg,0,198,224
A_qo9KQ6YZpa0AAAAAAAAAAAAAAQAAAQ.jpg,A_Efp6QLrSZ-gAAAAAAAAAAAAAAQAAAQ.jpg,0,11,274
A_4rjUSryl48IAAAAAAAAAAAAAAQAAAQ.jpg,A_ivfcQaWsgdsAAAAAAAAAAAAAAQAAAQ.jpg,0,317,296
A_AuorQ4yCMh0AAAAAAAAAAAAAAQAAAQ.jpg,A_qi_5T4aATlcAAAAAAAAAAAAAAQAAAQ.jpg,0,161,261
A_fNviRZaQBUIAAAAAAAAAAAAAAQAAAQ.jpg,A_TdNTTqxkNsEAAAAAAAAAAAAAAQAAAQ.jpg,0,151,339
A_VVyqSqssGX8AAAAAAAAAAAAAAQAAAQ.jpg,A_437OSrredWUAAAAAAAAAAAAAAQAAAQ.jpg,0,110,271
2A23mcKTRe6iwvdle-DnoQAAACMAARAD.jpg,dsoua9awQ96zA43Lqf2KVgAAACMAARAD.jpg,0,349,226
A_f7WbRLWc904AAAAAAAAAAAAAAQAAAQ.jpg,A_i7AkRLef484AAAAAAAAAAAAAAQAAAQ.jpg,0,142,240
A_GtTURpEqgsQAAAAAAAAAAAAAAQAAAQ.jpg,A_5BrdQ7yMxs4AAAAAAAAAAAAAAQAAAQ.jpg,0,111,213
A_M-KbRYPdAHoAAAAAAAAAAAAAAQAAAQ.jpg,A_RZTaRK3bJIcAAAAAAAAAAAAAAQAAAQ.jpg,0,336,123
A_LC73QKKHtxsAAAAAAAAAAAAAAQAAAQ.jpg,A_LKyVRYb174gAAAAAAAAAAAAAAQAAAQ.jpg,0,183,203
A_m6o3TaR9GfMAAAAAAAAAAAAAAQAAAQ.jpg,A_bKPlQL4w2iUAAAAAAAAAAAAAAQAAAQ.jpg,0,304,345
A_M2dJTrQsL7gAAAAAAAAAAAAAAQAAAQ.jpg,A_S7r7Srj5r_wAAAAAAAAAAAAAAQAAAQ.jpg,0,167,313
A_Ysu4QqIqPYkAAAAAAAAAAAAAAQAAAQ.jpg,A_WIkoSofHxNkAAAAAAAAAAAAAAQAAAQ.jpg,0,333,67
K36qV-IBRmOVon1zVvZi5gAAACMAARAD.jpg,A_hAAHRLBv6kUAAAAAAAAAAAAAAQAAAQ.jpg,0,321,202
8quPjI33SE-iyYx4UOnjkQAAACMAARAD.jpg,A_FbS7RJkTRPMAAAAAAAAAAAAAAQAAAQ.jpg,0,68,99
A_bZNnSJorqvMAAAAAAAAAAAAAAQAAAQ.jpg,A_8xTQSLkd18MAAAAAAAAAAAAAAQAAAQ.jpg,0,231,125
A_9f9RQYMEDW8AAAAAAAAAAAAAAQAAAQ.jpg,A_4uZrQJsALPQAAAAAAAAAAAAAAQAAAQ.jpg,0,338,135
A_BTGhRL3hvxwAAAAAAAAAAAAAAQAAAQ.jpg,A_uzHRSJ5nN_cAAAAAAAAAAAAAAQAAAQ.jpg,0,0,335
A_AoHdR7FLKwgAAAAAAAAAAAAAAQAAAQ.jpg,A_Urt9TpyTclsAAAAAAAAAAAAAAQAAAQ.jpg,0,178,37
A_Urt9TpyTclsAAAAAAAAAAAAAAQAAAQ.jpg,A_Uh4ZRZjAbOAAAAAAAAAAAAAAAQAAAQ.jpg,0,37,52
A_CKcESIEZPPsAAAAAAAAAAAAAAQAAAQ.jpg,A_D9o9T7zICSYAAAAAAAAAAAAAAQAAAQ.jpg,0,198,113
A_bZNnSJorqvMAAAAAAAAAAAAAAQAAAQ.jpg,A_vdO2RolMKVcAAAAAAAAAAAAAAQAAAQ.jpg,0,231,98
A_PLH0TI0npUYAAAAAAAAAAAAAAQAAAQ.jpg,A_uJ6ISJ1NElsAAAAAAAAAAAAAAQAAAQ.jpg,0,294,256
A_plIEQ4aQaFEAAAAAAAAAAAAAAQAAAQ.jpg,A_WFX-R60X0GE0GDJMjg5KkAAAAQAAAQ.jpg,0,349,62
A_bKPlQL4w2iUAAAAAAAAAAAAAAQAAAQ.jpg,A_eCGwQpnlatEAAAAAAAAAAAAAAQAAAQ.jpg,0,345,80
A_88GIR4a9ssoAAAAAAAAAAAAAAQAAAQ.jpg,A_B5PLRYT7qakAAAAAAAAAAAAAAQAAAQ.jpg,0,266,228
A_nKQBTJiTOPkAAAAAAAAAAAAAAQAAAQ.jpg,A_ytOxT7NilIsAAAAAAAAAAAAAAQAAAQ.jpg,0,234,244
A_LvVhRqiGvcIAAAAAAAAAAAAAAQAAAQ.jpg,A_jKAHQ6HeOiMAAAAAAAAAAAAAAQAAAQ.jpg,0,194,285
A_acoIRKkS4KMAAAAAAAAAAAAAAQAAAQ.jpg,A_EVPKRbZgOYgAAAAAAAAAAAAAAQAAAQ.jpg,0,336,136
O4evSscSQOaRanT5DclZ5wAAACMAARAD.jpg,A_SU_3R4a-QnYAAAAAAAAAAAAAAQAAAQ.jpg,0,4,259
A_z_sFRp0sqQIAAAAAAAAAAAAAAQAAAQ.jpg,A_vAl2Q52NU9MAAAAAAAAAAAAAAQAAAQ.jpg,0,168,340
A_XQs-QoHKkXEAAAAAAAAAAAAAAQAAAQ.jpg,A_c_7LRYptgZ4AAAAAAAAAAAAAAQAAAQ.jpg,0,217,263
A_aBdGT4bei2QAAAAAAAAAAAAAAQAAAQ.jpg,A_cwILQL0IAHcAAAAAAAAAAAAAAQAAAQ.jpg,0,233,83
A_wEzeR4yAYOUAAAAAAAAAAAAAAQAAAQ.jpg,A_SqQTTY_3jwUAAAAAAAAAAAAAAQAAAQ.jpg,0,117,84
A_0xRaQ4mC4A0AAAAAAAAAAAAAAQAAAQ.jpg,A_GIwlTbJGP0EAAAAAAAAAAAAAAQAAAQ.jpg,0,332,30
A_yhhDQbrQfGd8ld9BhzssNAAAAQAAAQ.jpg,A_K-1tRZOChRUAAAAAAAAAAAAAAQAAAQ.jpg,0,206,181
A_Hu1zSa0hFcdm4cpMozBtlgAAAQAAAQ.jpg,A_waonRYbJYOwAAAAAAAAAAAAAAQAAAQ.jpg,0,187,194
A_xvAiTaIgyiIAAAAAAAAAAAAAAQAAAQ.jpg,A_RU49RpH8I6MAAAAAAAAAAAAAAQAAAQ.jpg,0,154,270
A_Oj4CRqQrUiU9b2pImURI-AAAAQAAAQ.jpg,A_vaaqQKunbZkAAAAAAAAAAAAAAQAAAQ.jpg,0,176,141
A_fbzVQ5muvQIAAAAAAAAAAAAAAQAAAQ.jpg,p_poUnC6T06GTFnucmRJSwAAACMAARAD.jpg,0,77,307
A_wrCkQIW0mVgAAAAAAAAAAAAAAQAAAQ.jpg,A_ZhFOTLvWldQAAAAAAAAAAAAAAQAAAQ.jpg,0,86,251
A_LlQfQ5eZYSAAAAAAAAAAAAAAAQAAAQ.jpg,A_Va1UTrmeizMAAAAAAAAAAAAAAQAAAQ.jpg,0,94,17
A_3sPRTprtYa8AAAAAAAAAAAAAAQAAAQ.jpg,A_LaJXSLgvcWAAAAAAAAAAAAAAAQAAAQ.jpg,0,66,185
6g8v5a03RwKTmcG_80RgNwAAACMAARED.jpg,A_EBtBR7SR8xIAAAAAAAAAAAAAAQAAAQ.jpg,0,321,292
7B--srC_TKKKH1ccdVhHJQAAACMAARAD.jpg,A_vTQoRLws130AAAAAAAAAAAAAAQAAAQ.jpg,0,6,287
A_T5AVSb-PcwMAAAAAAAAAAAAAAQAAAQ.jpg,_YxN02DfQ7OUYkwftQP0QQAAACMAARAD.jpg,0,98,166
A_6wWbR7D5KboAAAAAAAAAAAAAAQAAAQ.jpg,A_CkzZSIBF3KYAAAAAAAAAAAAAAQAAAQ.jpg,0,61,299
A_8ZqeTLmaayAAAAAAAAAAAAAAAQAAAQ.jpg,A_6JGwQau_WNoAAAAAAAAAAAAAAQAAAQ.jpg,0,212,284
A_OuUyQI8epH8AAAAAAAAAAAAAAQAAAQ.jpg,A_eBxrT7u84_YAAAAAAAAAAAAAAQAAAQ.jpg,0,51,276
A_vTQoRLws130AAAAAAAAAAAAAAQAAAQ.jpg,A_O-HYQbAzM04AAAAAAAAAAAAAAQAAAQ.jpg,0,287,61
A_H_ulSqKIeUgAAAAAAAAAAAAAAQAAAQ.jpg,A_wcRmTIDKqJAAAAAAAAAAAAAAAQAAAQ.jpg,0,93,240
A_WBiBQpmmEtAAAAAAAAAAAAAAAQAAAQ.jpg,A__OQTR7tlKikAAAAAAAAAAAAAAQAAAQ.jpg,0,50,215
8bqSm5suQB-TkC66R2F-lgAAACMAARAD.jpg,A_xVWGSYgcMQkAAAAAAAAAAAAAAQAAAQ.jpg,0,177,206
A_4rjUSryl48IAAAAAAAAAAAAAAQAAAQ.jpg,A_3felTbn-u0kAAAAAAAAAAAAAAQAAAQ.jpg,0,317,108
A_87ZNTKwrTcYAAAAAAAAAAAAAAQAAAQ.jpg,uKy0yW2aSKGHTpR2lfUysQAAACMAARAD.jpg,0,30,132
A_cy6BT7zBon8AAAAAAAAAAAAAAQAAAQ.jpg,A_gBKETKn8DvwAAAAAAAAAAAAAAQAAAQ.jpg,0,145,182
A_HBC_SqXcNasAAAAAAAAAAAAAAQAAAQ.jpg,A__V74SLTYzbMAAAAAAAAAAAAAAQAAAQ.jpg,0,53,268
zQs0kBsAS2mS20h_2hp37AAAACMAARAD.jpg,A_mwbHSqmRhcQAAAAAAAAAAAAAAQAAAQ.jpg,0,316,253
A_fAd6Q6jPCKAAAAAAAAAAAAAAAQAAAQ.jpg,A_pO8kQqJBt3EAAAAAAAAAAAAAAQAAAQ.jpg,0,339,39
A_MjewSKBgq9EAAAAAAAAAAAAAAQAAAQ.jpg,A_4lT3QpjRRVEAAAAAAAAAAAAAAQAAAQ.jpg,0,5,258
A_USsBT7LiLzQAAAAAAAAAAAAAAQAAAQ.jpg,A_meIyTZfLrbEAAAAAAAAAAAAAAQAAAQ.jpg,0,286,289
A_H_ulSqKIeUgAAAAAAAAAAAAAAQAAAQ.jpg,A_nJFYQIdXJJIAAAAAAAAAAAAAAQAAAQ.jpg,0,93,138
A_82BHQ5VJpoQAAAAAAAAAAAAAAQAAAQ.jpg,ysnTdNgkTQ2KcesYGinCrgAAACMAARAD.jpg,0,326,132
A_CKcESIEZPPsAAAAAAAAAAAAAAQAAAQ.jpg,A_Q2ygQ7cJQygAAAAAAAAAAAAAAQAAAQ.jpg,0,198,276
A_8wJfSLcHUG4AAAAAAAAAAAAAAQAAAQ.jpg,A_sjosRJ0wPVkAAAAAAAAAAAAAAQAAAQ.jpg,0,12,179
A_Db7ZTbup1uwAAAAAAAAAAAAAAQAAAQ.jpg,FjU3DCiVRJi-p0oNR-tAGgAAACMAARAD.jpg,0,254,27
A_SB5pT6dIdz0AAAAAAAAAAAAAAQAAAQ.jpg,A_SDD3Q6kABacAAAAAAAAAAAAAAQAAAQ.jpg,0,197,247
Nr4fpTnSRWGdwsellE27SQAAACMAARAD.jpg,A_6xTOT6mkZzUAAAAAAAAAAAAAAQAAAQ.jpg,0,71,7
aa7CED-ZTiSSG_-WFIoMkwAAACMAARAD.jpg,A_bmExSKHslRkAAAAAAAAAAAAAAQAAAQ.jpg,0,166,14
A_rXoUTpGp2akAAAAAAAAAAAAAAQAAAQ.jpg,A_yhhDQbrQfGd8ld9BhzssNAAAAQAAAQ.jpg,0,249,206
A_qpwOTZvgL9EAAAAAAAAAAAAAAQAAAQ.jpg,VhTnM3vfTZ-8xD9trXiLSAAAACMAARAD.jpg,0,26,71
36L3Z5XgRFWtMVjSmPOSTwAAACMAARAD.jpg,A_NDzHTLNzG5MAAAAAAAAAAAAAAQAAAQ.jpg,0,190,235
1yv1XFmYQIqGC3ETpIuU2QAAACMAARAD.jpg,A_XQs-QoHKkXEAAAAAAAAAAAAAAQAAAQ.jpg,0,70,217
A_rGSuTZXVuRUAAAAAAAAAAAAAAQAAAQ.jpg,A_pTBdRpDG19IAAAAAAAAAAAAAAQAAAQ.jpg,0,2,171
A_B70bT5SypHUAAAAAAAAAAAAAAQAAAQ.jpg,A__pBPR5UaDJ8AAAAAAAAAAAAAAQAAAQ.jpg,0,55,229
A_a5OsTbYWWVQAAAAAAAAAAAAAAQAAAQ.jpg,A_S4LDTLYmuK0AAAAAAAAAAAAAAQAAAQ.jpg,0,137,36
A_5X2gQreyAEgAAAAAAAAAAAAAAQAAAQ.jpg,A_-pSrT6xClQcAAAAAAAAAAAAAAQAAAQ.jpg,0,93,97
A_nwlKT4igLyQAAAAAAAAAAAAAAQAAAQ.jpg,A__zLJQayQmP0AAAAAAAAAAAAAAQAAAQ.jpg,0,37,91
rXxlFn69QMONIxtgsZJajQAAACMAARAD.jpg,A_NfYdSZ8-0FYAAAAAAAAAAAAAAQAAAQ.jpg,0,282,126
A_m2BwRaFdErIAAAAAAAAAAAAAAQAAAQ.jpg,A_2fEAQ6wRV78AAAAAAAAAAAAAAQAAAQ.jpg,0,182,255
A_wSWmTr7_FucAAAAAAAAAAAAAAQAAAQ.jpg,A_VSe4QrbJjMcAAAAAAAAAAAAAAQAAAQ.jpg,0,302,0
A_OwX6S7nJKi4AAAAAAAAAAAAAAQAAAQ.jpg,IvmXxLWaQd-LKBYjjNz-zwAAACMAARAD.jpg,0,220,315
A_Fk7aSIVdPRsAAAAAAAAAAAAAAQAAAQ.jpg,A__OQTR7tlKikAAAAAAAAAAAAAAQAAAQ.jpg,0,156,215
A_DsowTrYbJyAAAAAAAAAAAAAAAQAAAQ.jpg,s5_LPbJATXy82lMu1uSeJQAAACMAARAD.jpg,0,45,348
A_rZL0S6dvFYvlzupIll1R-AAAAQAAAQ.jpg,A_I0duQIGPqIUAAAAAAAAAAAAAAQAAAQ.jpg,0,175,187
A_yaQwRrApyMQAAAAAAAAAAAAAAQAAAQ.jpg,A_cU0aRI8xDi0AAAAAAAAAAAAAAQAAAQ.jpg,0,276,156
A_UGJ9TY8666oAAAAAAAAAAAAAAQAAAQ.jpg,A_K-1tRZOChRUAAAAAAAAAAAAAAQAAAQ.jpg,0,325,181
A_-iZQTKAWibIAAAAAAAAAAAAAAQAAAQ.jpg,A_TKDrRJ6csBwAAAAAAAAAAAAAAQAAAQ.jpg,0,230,257
A_KW5iQISstkQAAAAAAAAAAAAAAQAAAQ.jpg,hc_8dM3TTzeQxx1wn6w2ogAAACMAARAD.jpg,0,146,128
A_MtxfT4wtikgAAAAAAAAAAAAAAQAAAQ.jpg,A_jjT_Q5XInXYAAAAAAAAAAAAAAQAAAQ.jpg,0,286,92
A_7kJbS6bLFokAAAAAAAAAAAAAAQAAAQ.jpg,A_LKyVRYb174gAAAAAAAAAAAAAAQAAAQ.jpg,0,205,203
A_HeLsQKQMu50AAAAAAAAAAAAAAQAAAQ.jpg,A_r8U0Tp2-P0MAAAAAAAAAAAAAAQAAAQ.jpg,0,43,57
A_kJWgSJRDpycAAAAAAAAAAAAAAQAAAQ.jpg,A_LTsOT5XBs1cAAAAAAAAAAAAAAQAAAQ.jpg,0,228,270
A_8qvqS61s-g4AAAAAAAAAAAAAAQAAAQ.jpg,A_S11EQYn7Fj8AAAAAAAAAAAAAAQAAAQ.jpg,0,332,224
NEaQDqOzRj2kGdWgt4KrigAAACMAARAD.jpg,A_nKQBTJiTOPkAAAAAAAAAAAAAAQAAAQ.jpg,0,209,234
A_wivkSpYnjv0AAAAAAAAAAAAAAQAAAQ.jpg,A_PXxiSIQQDWkAAAAAAAAAAAAAAQAAAQ.jpg,0,101,4
A_URuNQJscuisAAAAAAAAAAAAAAQAAAQ.jpg,A_LWb7SL9pX8IAAAAAAAAAAAAAAQAAAQ.jpg,0,297,98
A__ZWPQJQKX10AAAAAAAAAAAAAAQAAAQ.jpg,A_fw0nSIvq86cAAAAAAAAAAAAAAQAAAQ.jpg,0,314,65
A_QMXJRr8rzh4AAAAAAAAAAAAAAQAAAQ.jpg,40cC6HWzRva34jaC_YZZAwAAACMAARED.jpg,0,300,128
C5W99xn9Rpmnq-8QffgzswAAACMAARAD.jpg,A_CWhQSqgeUq4AAAAAAAAAAAAAAQAAAQ.jpg,0,120,345
A_g1RJRYomLtCGJS5AnNEITgAAAQAAAQ.jpg,A_TgAqQpXQPWgAAAAAAAAAAAAAAQAAAQ.jpg,0,89,139
A_I5KDRLmGgB8AAAAAAAAAAAAAAQAAAQ.jpg,A_WDLkR6ptwJYAAAAAAAAAAAAAAQAAAQ.jpg,0,296,160
A_CC3tRqsji7gAAAAAAAAAAAAAAQAAAQ.jpg,A_0xRaQ4mC4A0AAAAAAAAAAAAAAQAAAQ.jpg,0,234,332
A__-5CSqwIXuQAAAAAAAAAAAAAAQAAAQ.jpg,A_DEkJRYlXFNsAAAAAAAAAAAAAAQAAAQ.jpg,0,255,268
A_y6yGT6qZ-m4AAAAAAAAAAAAAAQAAAQ.jpg,A_NuL2TKMEwowAAAAAAAAAAAAAAQAAAQ.jpg,0,103,265
A_C0vvSpWL_JsAAAAAAAAAAAAAAQAAAQ.jpg,rPNyWMgLSMewMHD2BSt6gAAAACMAARAD.jpg,0,121,209
A_Q8HDR58ZuAwAAAAAAAAAAAAAAQAAAQ.jpg,A_gnzFTrJMNnQAAAAAAAAAAAAAAQAAAQ.jpg,0,251,232
A_dN7FSZa9E6kAAAAAAAAAAAAAAQAAAQ.jpg,A__-5CSqwIXuQAAAAAAAAAAAAAAQAAAQ.jpg,0,225,255
A__pBPR5UaDJ8AAAAAAAAAAAAAAQAAAQ.jpg,A_cdBQTbPmNRcAAAAAAAAAAAAAAQAAAQ.jpg,0,229,154
A_bBofSp4thsQAAAAAAAAAAAAAAQAAAQ.jpg,jjWLPK10Q3S11BG3fnopQgAAACMAARAD.jpg,0,45,188
A_WJZqQYuskC4AAAAAAAAAAAAAAQAAAQ.jpg,A_oIudQY-doeoAAAAAAAAAAAAAAQAAAQ.jpg,0,335,58
A_jC-uQI9wmRgAAAAAAAAAAAAAAQAAAQ.jpg,A_BH18R5ERvpkAAAAAAAAAAAAAAQAAAQ.jpg,0,75,198
A_dfRbQI26OtwAAAAAAAAAAAAAAQAAAQ.jpg,A_ACH-Ta-cq-oAAAAAAAAAAAAAAQAAAQ.jpg,0,58,340
A__UAoQbHt2SIAAAAAAAAAAAAAAQAAAQ.jpg,A_m2BwRaFdErIAAAAAAAAAAAAAAQAAAQ.jpg,0,111,182
Z_Hv1amYSOKoJUJcV5cxjwAAACMAARAD.jpg,A_AKdFRp5BRZYAAAAAAAAAAAAAAQAAAQ.jpg,0,211,162
A_ccDFRJJgbtIAAAAAAAAAAAAAAQAAAQ.jpg,A_MfjWQa58yzwAAAAAAAAAAAAAAQAAAQ.jpg,0,0,90
A_CFppRq-ikRoAAAAAAAAAAAAAAQAAAQ.jpg,A_yaQwRrApyMQAAAAAAAAAAAAAAQAAAQ.jpg,0,227,276
A_dLjnR7Wqd6IAAAAAAAAAAAAAAQAAAQ.jpg,A_00wGQ6p8j_UAAAAAAAAAAAAAAQAAAQ.jpg,0,17,214
A_I-uhS4pzzngAAAAAAAAAAAAAAQAAAQ.jpg,A__-5CSqwIXuQAAAAAAAAAAAAAAQAAAQ.jpg,0,260,255
A_VsLNT7sWz3wAAAAAAAAAAAAAAQAAAQ.jpg,A_f8MgS5sAGg0AAAAAAAAAAAAAAQAAAQ.jpg,0,322,93
A_sfE-TqYrEMMAAAAAAAAAAAAAAQAAAQ.jpg,A_qK3GTKpbnwAAAAAAAAAAAAAAAQAAAQ.jpg,0,93,83
A_FhdITbO2NLEAAAAAAAAAAAAAAQAAAQ.jpg,A_YOLjSLCb05sAAAAAAAAAAAAAAQAAAQ.jpg,0,102,31
PKvgCxspT06mVkCupz9C2QAAACMAARAD.jpg,MkS_FJIUSj-AkfBJ2KVoEwAAACMAARAD.jpg,0,134,208
tJDuEYiaTTSKF7b-QNnRbgAAACMAARAD.jpg,A_YaJOSrbcB5YAAAAAAAAAAAAAAQAAAQ.jpg,0,107,181
A_CFppRq-ikRoAAAAAAAAAAAAAAQAAAQ.jpg,A_SbRDQbZ63xkAAAAAAAAAAAAAAQAAAQ.jpg,0,227,78
A_roDNRZHSdREAAAAAAAAAAAAAAQAAAQ.jpg,WpudhUmPQtCbPSRoq9BnHgAAACMAARAD.jpg,0,88,20
A_mVW5RI4asboAAAAAAAAAAAAAAQAAAQ.jpg,A_ytKZR43YYx0AAAAAAAAAAAAAAQAAAQ.jpg,0,255,330
QQxyNEuVSAWRtd0Fk3TSiAAAACMAARAD.jpg,A_CfJDTJ9aiOAAAAAAAAAAAAAAAQAAAQ.jpg,0,192,121
WmmQfVkFSa6ES7uWWRqn-gAAACMAARAD.jpg,A_dx0gTp9A5A0AAAAAAAAAAAAAAQAAAQ.jpg,0,20,105
A_wOfbQoNWSAQAAAAAAAAAAAAAAQAAAQ.jpg,A_Sm0gS7RP30QAAAAAAAAAAAAAAQAAAQ.jpg,0,2,140
A_Md8QTJnt4HsAAAAAAAAAAAAAAQAAAQ.jpg,A_u5XySKZ9cywAAAAAAAAAAAAAAQAAAQ.jpg,0,88,274
A_QodUQrrQR2YAAAAAAAAAAAAAAQAAAQ.jpg,A_5IoZTb3Daq8AAAAAAAAAAAAAAQAAAQ.jpg,0,270,245
A_zfe6Ta1sN6AAAAAAAAAAAAAAAQAAAQ.jpg,A_GWDtRJ-PEYIAAAAAAAAAAAAAAQAAAQ.jpg,0,79,142
HqCc8PT8QMalF5QdbcP9UwAAACMAARAD.jpg,A_FOIbSaYkQ0MAAAAAAAAAAAAAAQAAAQ.jpg,0,107,80
A_gleuQrcJ404AAAAAAAAAAAAAAQAAAQ.jpg,A_EcV-QL_t4UAAAAAAAAAAAAAAAQAAAQ.jpg,0,8,67
A_N7TMSppc4iUAAAAAAAAAAAAAAQAAAQ.jpg,A_eKNXQLRk11AAAAAAAAAAAAAAAQAAAQ.jpg,0,101,112
A_OxUmQoSZMqwAAAAAAAAAAAAAAQAAAQ.jpg,A_z_sFRp0sqQIAAAAAAAAAAAAAAQAAAQ.jpg,0,230,168
A_-cgBQ7nWdC4AAAAAAAAAAAAAAQAAAQ.jpg,A_BAxDTpRHSnwAAAAAAAAAAAAAAQAAAQ.jpg,0,283,236
A_v2AMTqrkHXgAAAAAAAAAAAAAAQAAAQ.jpg,A_9SxdQYnmGb8AAAAAAAAAAAAAAQAAAQ.jpg,0,163,259
A_CHCqQrj2mVQAAAAAAAAAAAAAAQAAAQ.jpg,A_DJoqQr7L5-IAAAAAAAAAAAAAAQAAAQ.jpg,0,303,36
A_gBKETKn8DvwAAAAAAAAAAAAAAQAAAQ.jpg,A_S7r7Srj5r_wAAAAAAAAAAAAAAQAAAQ.jpg,0,182,313
A_C_r4QL5_wX0AAAAAAAAAAAAAAQAAAQ.jpg,A_Db7ZTbup1uwAAAAAAAAAAAAAAQAAAQ.jpg,0,121,254
A_6XZZT6vaEZ4AAAAAAAAAAAAAAQAAAQ.jpg,A_CaW2Rr7FxicAAAAAAAAAAAAAAQAAAQ.jpg,0,294,281
A_7TXVT6R41bwAAAAAAAAAAAAAAQAAAQ.jpg,A_izqHSKPN0SsAAAAAAAAAAAAAAQAAAQ.jpg,0,161,281
IJnfoTCGRzy_PnKxNA20FAAAACMAARAD.jpg,A_jdqPRo2GPt0AAAAAAAAAAAAAAQAAAQ.jpg,0,306,115
A_RZTaRK3bJIcAAAAAAAAAAAAAAQAAAQ.jpg,A_WFX-R60X0GEAAAAAAAAAAAAAAQAAAQ.jpg,0,123,62
A_CSAAQqCz9coAAAAAAAAAAAAAAQAAAQ.jpg,A_05zKQb6bySIAAAAAAAAAAAAAAQAAAQ.jpg,0,117,216
A_C0vvSpWL_JsAAAAAAAAAAAAAAQAAAQ.jpg,zGfOrLgJRWq4z48tv9EHeQAAACMAARAD.jpg,0,121,155
A_jO7PT6D764gAAAAAAAAAAAAAAQAAAQ.jpg,A_hbD0T7EIoRYAAAAAAAAAAAAAAQAAAQ.jpg,0,106,74
A_aDWaRJ0Cte4AAAAAAAAAAAAAAQAAAQ.jpg,A_4mW0Q5rIZpgAAAAAAAAAAAAAAQAAAQ.jpg,0,200,162
A_MtxfT4wtikgAAAAAAAAAAAAAAQAAAQ.jpg,A_UKkIRaJ9WRsAAAAAAAAAAAAAAQAAAQ.jpg,0,286,277
A_chnJTr6v4Y8AAAAAAAAAAAAAAQAAAQ.jpg,A_D9o9T7zICSYAAAAAAAAAAAAAAQAAAQ.jpg,0,216,113
A_h-8AQKUCJ6wAAAAAAAAAAAAAAQAAAQ.jpg,7ACCezYsSqiEz-zehRjeGAAAACMAARAD.jpg,0,257,310
LkTAGmb3TGuGGZHU52brUQAAACMAARAD.jpg,A_LC73QKKHtxsAAAAAAAAAAAAAAQAAAQ.jpg,0,207,183
A_BozJTaHtlVkAAAAAAAAAAAAAAQAAAQ.jpg,A_dIlQSIobnFAAAAAAAAAAAAAAAQAAAQ.jpg,0,173,45
A_SXGPT6VlGv0AAAAAAAAAAAAAAQAAAQ.jpg,A_pNVfTIS6svkAAAAAAAAAAAAAAQAAAQ.jpg,0,15,293
A_EZU5Q47i9PQAAAAAAAAAAAAAAQAAAQ.jpg,A_3sPRTprtYa8AAAAAAAAAAAAAAQAAAQ.jpg,0,16,66
A_3felTbn-u0kAAAAAAAAAAAAAAQAAAQ.jpg,A_h0wES7JMcj8AAAAAAAAAAAAAAQAAAQ.jpg,0,108,293
A_GIwlTbJGP0EAAAAAAAAAAAAAAQAAAQ.jpg,A_8TLTSrYPUTUAAAAAAAAAAAAAAQAAAQ.jpg,0,30,328
A_ePq8Ras0owIAAAAAAAAAAAAAAQAAAQ.jpg,A_Kg8hQIvTubMAAAAAAAAAAAAAAQAAAQ.jpg,0,320,144
Z_Hv1amYSOKoJUJcV5cxjwAAACMAARAD.jpg,A_zOObQob7uGMAAAAAAAAAAAAAAQAAAQ.jpg,0,211,65
A_m7-sRo3H-HgAAAAAAAAAAAAAAQAAAQ.jpg,A_peVaRKhGG6EAAAAAAAAAAAAAAQAAAQ.jpg,0,330,338
A_TnpqRIoO1cIAAAAAAAAAAAAAAQAAAQ.jpg,A__MyoS6tXD44AAAAAAAAAAAAAAQAAAQ.jpg,0,130,86
bcn92ETmR3OJk3KR9IsmiQAAACMAARAD.jpg,A_tXSZTIQiK3YAAAAAAAAAAAAAAQAAAQ.jpg,0,307,151
A_UXmITL-h8LMAAAAAAAAAAAAAAQAAAQ.jpg,A_VQ4tRoLu4e4AAAAAAAAAAAAAAQAAAQ.jpg,0,140,292
A_ChqmSJ1Ok-IAAAAAAAAAAAAAAQAAAQ.jpg,XX6adT1pTv6LJ-Njrj_c1wAAACMAARAD.jpg,0,153,219
A_BXDpSpUjofgAAAAAAAAAAAAAAQAAAQ.jpg,A_T5AVSb-PcwMAAAAAAAAAAAAAAQAAAQ.jpg,0,68,98
A_mEEyRI2A9fMAAAAAAAAAAAAAAQAAAQ.jpg,A_ivfcQaWsgdsAAAAAAAAAAAAAAQAAAQ.jpg,0,251,296
A_n4mzQqZYsskAAAAAAAAAAAAAAQAAAQ.jpg,PXhnsQ6BSAW7VRUKjS1fswAAACMAARAD.jpg,0,131,70
A_YwS1QpL6r01b6sxKihNftwAAAQAAAQ.jpg,8fDO2NZcTqetpeRD2liw8gAAACMAARAD.jpg,0,248,190
A_HblBQpqvsuIAAAAAAAAAAAAAAQAAAQ.jpg,A_d1iSRoW_qgQAAAAAAAAAAAAAAQAAAQ.jpg,0,225,18
A_vbb5RrhFhKkAAAAAAAAAAAAAAQAAAQ.jpg,1u5RC96DSSGhP-caETvXfQAAACMAARAD.jpg,0,220,177
A_kCm8SqJ4xbQAAAAAAAAAAAAAAQAAAQ.jpg,A_mhYFS7uBQCIAAAAAAAAAAAAAAQAAAQ.jpg,0,299,193
A_XQs-QoHKkXEAAAAAAAAAAAAAAQAAAQ.jpg,A_C_r4QL5_wX0AAAAAAAAAAAAAAQAAAQ.jpg,0,217,121
A_1WHrSb70BwYAAAAAAAAAAAAAAQAAAQ.jpg,A_qltmS7ZNsLUAAAAAAAAAAAAAAQAAAQ.jpg,0,347,91
A_zxwhSKLMsogAAAAAAAAAAAAAAQAAAQ.jpg,A_Fs6DTJ51k3oAAAAAAAAAAAAAAQAAAQ.jpg,0,147,95
A_xvAiTaIgyiIAAAAAAAAAAAAAAQAAAQ.jpg,A_lfw2QZuTKukAAAAAAAAAAAAAAQAAAQ.jpg,0,154,217
A_AuorQ4yCMh0AAAAAAAAAAAAAAQAAAQ.jpg,T9sfxIkpSdiBNdMd91kAeAAAACMAARAD.jpg,0,161,321
A_OdypSY5DoYwAAAAAAAAAAAAAAQAAAQ.jpg,A_KNPtSqaKcSkAAAAAAAAAAAAAAQAAAQ.jpg,0,298,18
FjU3DCiVRJi-p0oNR-tAGgAAACMAARAD.jpg,A_DV2SR5jhC0wAAAAAAAAAAAAAAQAAAQ.jpg,0,27,34
A_yusuSowwe7sAAAAAAAAAAAAAAQAAAQ.jpg,A_FjITQKM8yiQAAAAAAAAAAAAAAQAAAQ.jpg,0,145,210
A_7t5MRrn6fyUAAAAAAAAAAAAAAQAAAQ.jpg,A_Db7ZTbup1uwAAAAAAAAAAAAAAQAAAQ.jpg,0,303,254
A_bBofSp4thsQAAAAAAAAAAAAAAQAAAQ.jpg,A_WB6uRqwOQD8AAAAAAAAAAAAAAQAAAQ.jpg,0,45,245
A_-fnOTrhcN3oAAAAAAAAAAAAAAQAAAQ.jpg,A_z3KSSqDlw1QAAAAAAAAAAAAAAQAAAQ.jpg,0,243,263
A_f8MgS5sAGg0AAAAAAAAAAAAAAQAAAQ.jpg,B4vLF17OQ7iz0JDSOsJBYwAAACMAARAD.jpg,0,93,71
A_Or1GTqTym0AAAAAAAAAAAAAAAQAAAQ.jpg,A_A17DRrV-btsAAAAAAAAAAAAAAQAAAQ.jpg,0,170,33
A_rMDcQZ59WB8AAAAAAAAAAAAAAQAAAQ.jpg,W2GbcBOXQ8S9PGJqLQppPQAAACMAARED.jpg,0,97,209
A_02oeQZQGpSIAAAAAAAAAAAAAAQAAAQ.jpg,A_RZTaRK3bJIcAAAAAAAAAAAAAAQAAAQ.jpg,0,297,123
A_h8ycS56cyH0AAAAAAAAAAAAAAQAAAQ.jpg,A_DC12To5UBZwAAAAAAAAAAAAAAQAAAQ.jpg,0,11,23
A_osC4T6WDCO8AAAAAAAAAAAAAAQAAAQ.jpg,A_QodUQrrQR2YAAAAAAAAAAAAAAQAAAQ.jpg,0,202,270
qvyQGoFhTm69RSHS-41E9QAAACMAARAD.jpg,A_fXp1S7xHV6YAAAAAAAAAAAAAAQAAAQ.jpg,0,209,106
A_dIlQSIobnFAAAAAAAAAAAAAAAQAAAQ.jpg,A_aDKBQ7mM76cAAAAAAAAAAAAAAQAAAQ.jpg,0,45,256
A_O8KZRLhoNGMAAAAAAAAAAAAAAQAAAQ.jpg,A_6wWbR7D5KboAAAAAAAAAAAAAAQAAAQ.jpg,0,105,61
A_8P78SYHj8vsAAAAAAAAAAAAAAQAAAQ.jpg,A_r8U0Tp2-P0MAAAAAAAAAAAAAAQAAAQ.jpg,0,312,57
A_jdqPRo2GPt0AAAAAAAAAAAAAAQAAAQ.jpg,A_79Y3T534mhsAAAAAAAAAAAAAAQAAAQ.jpg,0,115,205
A_hqBxRo7pAs4AAAAAAAAAAAAAAQAAAQ.jpg,A_wrCkQIW0mVgAAAAAAAAAAAAAAQAAAQ.jpg,0,167,86
A_Jt0NQ7kxnNgAAAAAAAAAAAAAAQAAAQ.jpg,A_HTT-TokpzUQAAAAAAAAAAAAAAQAAAQ.jpg,0,314,268
A_Z7bIS7KQQFUAAAAAAAAAAAAAAQAAAQ.jpg,t7OjT-JkTe-fdqtZnMC8oAAAACMAARAD.jpg,0,83,129
A_gpwRSb16XloAAAAAAAAAAAAAAQAAAQ.jpg,A_04oDR5lbyT4AAAAAAAAAAAAAAQAAAQ.jpg,0,241,163
A_hiF9SJL03uIAAAAAAAAAAAAAAQAAAQ.jpg,A_RU49RpH8I6MAAAAAAAAAAAAAAQAAAQ.jpg,0,214,270
A_ItmHSrXG59IAAAAAAAAAAAAAAQAAAQ.jpg,A_HRkFRZKRfK4AAAAAAAAAAAAAAQAAAQ.jpg,0,179,330
A_L_fMQ4YgTbUAAAAAAAAAAAAAAQAAAQ.jpg,A_vXcfRYxmGwMAAAAAAAAAAAAAAQAAAQ.jpg,0,125,85
A_ePq8Ras0owIAAAAAAAAAAAAAAQAAAQ.jpg,A_K9CLR4e8IykAAAAAAAAAAAAAAQAAAQ.jpg,0,320,346
A_DpAcQ6ZefVMAAAAAAAAAAAAAAQAAAQ.jpg,A_I0duQIGPqIUAAAAAAAAAAAAAAQAAAQ.jpg,0,246,187
A_dZG9Q4576q8AAAAAAAAAAAAAAQAAAQ.jpg,A_fJ6qQJnwL64AAAAAAAAAAAAAAQAAAQ.jpg,0,183,305
A_tB9JQ6SKjKYAAAAAAAAAAAAAAQAAAQ.jpg,A_Q0c_QIvmCAoAAAAAAAAAAAAAAQAAAQ.jpg,0,201,118
A_7agWQomXiksAAAAAAAAAAAAAAQAAAQ.jpg,A_GKxxTacH56QAAAAAAAAAAAAAAQAAAQ.jpg,0,85,21
A_WNgORoRRamAAAAAAAAAAAAAAAQAAAQ.jpg,A_gCrJTKWF4KgAAAAAAAAAAAAAAQAAAQ.jpg,0,141,117
A_IgaXRJ1OsMYAAAAAAAAAAAAAAQAAAQ.jpg,A__euTTbzk1_QAAAAAAAAAAAAAAQAAAQ.jpg,0,305,210
A_h0UnRoWDbBQAAAAAAAAAAAAAAQAAAQ.jpg,A_D5prT4UpL5EAAAAAAAAAAAAAAQAAAQ.jpg,0,181,87
Sz6t1kxuSjqrB9PpBED6oAAAACMAARED.jpg,A_hwdWQq75_mQAAAAAAAAAAAAAAQAAAQ.jpg,0,54,7
A_HTNURIoNl30AAAAAAAAAAAAAAQAAAQ.jpg,A_5QphQrKDPQgAAAAAAAAAAAAAAQAAAQ.jpg,0,31,285
A_hdpuRLEj1id2OI1JoO1-QAAAAQAAAQ.jpg,A_h0UnRoWDbBQAAAAAAAAAAAAAAQAAAQ.jpg,0,326,181
A_ccDFRJJgbtIAAAAAAAAAAAAAAQAAAQ.jpg,A_EUqYT7AVrh4AAAAAAAAAAAAAAQAAAQ.jpg,0,0,154
A_vaaqQKunbZkAAAAAAAAAAAAAAQAAAQ.jpg,A_waonRYbJYOwAAAAAAAAAAAAAAQAAAQ.jpg,0,141,194
A_VgR1Q7EKYp8AAAAAAAAAAAAAAQAAAQ.jpg,igBDl6ziSdODf-fpbtEL1wAAACMAARAD.jpg,0,90,306
A_VNPxS4voAo4AAAAAAAAAAAAAAQAAAQ.jpg,A_KW5iQISstkQAAAAAAAAAAAAAAQAAAQ.jpg,0,49,146
A_kJWgSJRDpycAAAAAAAAAAAAAAQAAAQ.jpg,A_JKoXS5qMLWXZM1xIuGy1bAAAAQAAAQ.jpg,0,228,148
A_LsbQTaqu05YAAAAAAAAAAAAAAQAAAQ.jpg,A_I4uaQKtPPhAAAAAAAAAAAAAAAQAAAQ.jpg,0,146,329
A_GNYnToAhNA8AAAAAAAAAAAAAAQAAAQ.jpg,A_RZTaRK3bJIcAAAAAAAAAAAAAAQAAAQ.jpg,0,35,123
A_roDNRZHSdREAAAAAAAAAAAAAAQAAAQ.jpg,A_CYraTbeA8PYAAAAAAAAAAAAAAQAAAQ.jpg,0,88,245
A_OssPT5JNclsAAAAAAAAAAAAAAQAAAQ.jpg,A_8TLTSrYPUTUAAAAAAAAAAAAAAQAAAQ.jpg,0,269,328
A_45ZeSYlRX04AAAAAAAAAAAAAAQAAAQ.jpg,A_rGSuTZXVuRUGn2pDh9p9vgAAAQAAAQ.jpg,0,338,2
A_5RnLQp7mKNsAAAAAAAAAAAAAAQAAAQ.jpg,O1CN017Zqu3U1WkLrs8drP0_!!0-mtopupload.jpg,0,130,22
ejYUJjUrTHmLuE2JKdcsRgAAACMAARAD.jpg,A_jwl4QaUztl0AAAAAAAAAAAAAAQAAAQ.jpg,0,20,187
A_BA6tQ66OKSUAAAAAAAAAAAAAAQAAAQ.jpg,A__jF0T41lCBMAAAAAAAAAAAAAAQAAAQ.jpg,0,43,218
A_qpwOTZvgL9EAAAAAAAAAAAAAAQAAAQ.jpg,A_sltnS47XRVEAAAAAAAAAAAAAAQAAAQ.jpg,0,26,201
A_phjfSK7C04wAAAAAAAAAAAAAAQAAAQ.jpg,A_2PylSJ1j8RIAAAAAAAAAAAAAAQAAAQ.jpg,0,145,191
A_UH_uSo5LjOsAAAAAAAAAAAAAAQAAAQ.jpg,A_FhdITbO2NLEAAAAAAAAAAAAAAQAAAQ.jpg,0,101,102
A_HTNURIoNl30AAAAAAAAAAAAAAQAAAQ.jpg,A_P_orQb_1tnYAAAAAAAAAAAAAAQAAAQ.jpg,0,31,269
A_ACqjTY_SpjgAAAAAAAAAAAAAAQAAAQ.jpg,A_0-ELRoJDoOAAAAAAAAAAAAAAAQAAAQ.jpg,0,256,160
A_MzYDRI1zIykAAAAAAAAAAAAAAQAAAQ.jpg,A_HCX2Trvkdz8AAAAAAAAAAAAAAQAAAQ.jpg,0,122,103
A_hKxiQrUhfZUAAAAAAAAAAAAAAQAAAQ.jpg,A_29WIRrT3Pg4AAAAAAAAAAAAAAQAAAQ.jpg,0,141,75
A_C0vvSpWL_JsAAAAAAAAAAAAAAQAAAQ.jpg,A_pOfiQ7jDy15GaENDjjN7nQAAAQAAAQ.jpg,0,121,13
A_Yr4LQpnqCAEAAAAAAAAAAAAAAQAAAQ.jpg,A_BUCBRov7kcoAAAAAAAAAAAAAAQAAAQ.jpg,0,48,170
A__z-iTZs2YvEAAAAAAAAAAAAAAQAAAQ.jpg,A_lU5xT7JfAoEAAAAAAAAAAAAAAQAAAQ.jpg,0,14,317
A_7zNRSYbqsoAAAAAAAAAAAAAAAQAAAQ.jpg,A_pNVfTIS6svkAAAAAAAAAAAAAAQAAAQ.jpg,0,130,293
A_olfhSYntr84AAAAAAAAAAAAAAQAAAQ.jpg,hL3x2UFYTb-fOuBIwUKJMAAAACMAARED.jpg,0,337,128
A_KRnoQ5ccGD4AAAAAAAAAAAAAAQAAAQ.jpg,A_AMHwR48il0gAAAAAAAAAAAAAAQAAAQ.jpg,0,235,139
A_LWb7SL9pX8IAAAAAAAAAAAAAAQAAAQ.jpg,A_gceJT5IcfZ4AAAAAAAAAAAAAAQAAAQ.jpg,0,98,40
PYuk0PscTpKyg5nsQBOYZgAAACMAARAD.jpg,ydJW6409RSKvBzpK1xzS0QAAACMAARAD.jpg,0,107,27
A_YOLjSLCb05sAAAAAAAAAAAAAAQAAAQ.jpg,A_KtrxQJE_sIMAAAAAAAAAAAAAAQAAAQ.jpg,0,31,33
A_yuLVT43MzcgAAAAAAAAAAAAAAQAAAQ.jpg,A_XhFbQoM2GvIAAAAAAAAAAAAAAQAAAQ.jpg,0,167,229
A_CWhQSqgeUq4AAAAAAAAAAAAAAQAAAQ.jpg,A_gyLzR4cxZpIAAAAAAAAAAAAAAQAAAQ.jpg,0,345,274
4AGq8NKSRuOp1uokfOiJnwAAACMAARAD.jpg,A_m7-sRo3H-HgAAAAAAAAAAAAAAQAAAQ.jpg,0,52,330
A_OkeCQptuOYkAAAAAAAAAAAAAAQAAAQ.jpg,A_33L3RYDwFfYAAAAAAAAAAAAAAQAAAQ.jpg,0,32,335
A__LYISrzZ_GIAAAAAAAAAAAAAAQAAAQ.jpg,2G8MIAaDRluIS-ucQOWdigAAACMAARAD.jpg,0,287,54
A_2TkOSZj4Q5QAAAAAAAAAAAAAAQAAAQ.jpg,A_TlQXRagTGKcAAAAAAAAAAAAAAQAAAQ.jpg,0,108,172
A_-6tiTb6_VSoAAAAAAAAAAAAAAQAAAQ.jpg,A_pICTQLbIAwkAAAAAAAAAAAAAAQAAAQ.jpg,0,34,89
A_PNRuRprSSG4AAAAAAAAAAAAAAQAAAQ.jpg,A__-KSSaYDssAAAAAAAAAAAAAAAQAAAQ.jpg,0,335,234
A_RDX7SYBqMVwAAAAAAAAAAAAAAQAAAQ.jpg,A_2iAoQIypnLoAAAAAAAAAAAAAAQAAAQ.jpg,0,41,254
A_ARs4S5uu-scAAAAAAAAAAAAAAQAAAQ.jpg,A_cdBQTbPmNRcAAAAAAAAAAAAAAQAAAQ.jpg,0,0,154
A_5IoZTb3Daq8AAAAAAAAAAAAAAQAAAQ.jpg,A_higyRahZ3-cAAAAAAAAAAAAAAQAAAQ.jpg,0,245,266
A_sw55T7tdUW8AAAAAAAAAAAAAAQAAAQ.jpg,A_dmmqQrIoeIMAAAAAAAAAAAAAAQAAAQ.jpg,0,29,279
A_gR_YR4d18TQAAAAAAAAAAAAAAQAAAQ.jpg,A_MVBqSa4_cZAAAAAAAAAAAAAAAQAAAQ.jpg,0,127,284
A_c7PhTYy24i4AAAAAAAAAAAAAAQAAAQ.jpg,A_SU_3R4a-QnYAAAAAAAAAAAAAAQAAAQ.jpg,0,137,259
A_sUiCS7uVW54AAAAAAAAAAAAAAQAAAQ.jpg,A_RaRvSLwdvtQAAAAAAAAAAAAAAQAAAQ.jpg,0,227,173
A_5BrdQ7yMxs4AAAAAAAAAAAAAAQAAAQ.jpg,A_UIUSR7SsVxQAAAAAAAAAAAAAAQAAAQ.jpg,0,213,81
A_aEr8SogcnnIAAAAAAAAAAAAAAQAAAQ.jpg,A_QMXJRr8rzh4AAAAAAAAAAAAAAQAAAQ.jpg,0,311,300
A_Ba6QQqFUsP4AAAAAAAAAAAAAAQAAAQ.jpg,A_acoIRKkS4KMAAAAAAAAAAAAAAQAAAQ.jpg,0,15,336
A_cHCiQbPdurUAAAAAAAAAAAAAAQAAAQ.jpg,A_Rh_cT7z_w7wAAAAAAAAAAAAAAQAAAQ.jpg,0,39,17
_YxN02DfQ7OUYkwftQP0QQAAACMAARAD.jpg,A_D9o9T7zICSYAAAAAAAAAAAAAAQAAAQ.jpg,0,166,113
A_K0FxT6aY5N8AAAAAAAAAAAAAAQAAAQ.jpg,A_nwlKT4igLyQAAAAAAAAAAAAAAQAAAQ.jpg,0,301,37
A_qmTVSqXlh7UAAAAAAAAAAAAAAQAAAQ.jpg,A_GtpMTbLtVR4AAAAAAAAAAAAAAQAAAQ.jpg,0,105,319
A_Fs6DTJ51k3oAAAAAAAAAAAAAAQAAAQ.jpg,A_N57xRZ6tBnwAAAAAAAAAAAAAAQAAAQ.jpg,0,95,157
A_HTNURIoNl30AAAAAAAAAAAAAAQAAAQ.jpg,A_lfw2QZuTKukAAAAAAAAAAAAAAQAAAQ.jpg,0,31,217
A_mEEyRI2A9fMAAAAAAAAAAAAAAQAAAQ.jpg,A_P3qUR6v9jfsAAAAAAAAAAAAAAQAAAQ.jpg,0,251,204
A_8wJfSLcHUG4AAAAAAAAAAAAAAQAAAQ.jpg,A_zVV9QJHiLggAAAAAAAAAAAAAAQAAAQ.jpg,0,12,67
A_TY-_RJN0r98AAAAAAAAAAAAAAQAAAQ.jpg,A_-ZsZRYceA08AAAAAAAAAAAAAAQAAAQ.jpg,0,79,96
A_BozJTaHtlVkAAAAAAAAAAAAAAQAAAQ.jpg,A_LFTBTrq2so4AAAAAAAAAAAAAAQAAAQ.jpg,0,173,278
otcaKuZmTvi_QxerP6VRdAAAACMAARAD.jpg,zQs0kBsAS2mS20h_2hp37AAAACMAARAD.jpg,0,207,316
A_srDSRYqJNiUAAAAAAAAAAAAAAQAAAQ.jpg,A__-5CSqwIXuQAAAAAAAAAAAAAAQAAAQ.jpg,0,44,255
A__iSlQZS0IuEAAAAAAAAAAAAAAQAAAQ.jpg,A_SqQTTY_3jwUAAAAAAAAAAAAAAQAAAQ.jpg,0,197,84
A_-gLFTpM2eMUAAAAAAAAAAAAAAQAAAQ.jpg,A_8vypTI74gzgAAAAAAAAAAAAAAQAAAQ.jpg,0,81,295
A_S11EQYn7Fj8AAAAAAAAAAAAAAQAAAQ.jpg,A_sw55T7tdUW8AAAAAAAAAAAAAAQAAAQ.jpg,0,224,29
A_kJWgSJRDpycAAAAAAAAAAAAAAQAAAQ.jpg,A_Li70RYXYOToAAAAAAAAAAAAAAQAAAQ.jpg,0,228,171
A_kiLeTKqEGUkAAAAAAAAAAAAAAQAAAQ.jpg,A_H_zgSYO_OSwAAAAAAAAAAAAAAQAAAQ.jpg,0,1,231
A_AcFbQoqDqRwAAAAAAAAAAAAAAQAAAQ.jpg,A_YGM9RqelARIAAAAAAAAAAAAAAQAAAQ.jpg,0,345,250
A_TnpqRIoO1cIAAAAAAAAAAAAAAQAAAQ.jpg,A_Y1ryTIb8npX6SU9Br3TwMgAAAQAAAQ.jpg,0,130,221
CGF0IrWnSRGBFZV0QP-bbAAAACMAARAD.jpg,qyqNN_HDShqToEUCAcDKYQAAACMAARAD.jpg,0,219,291
A_GdTOQ6xnzZMAAAAAAAAAAAAAAQAAAQ.jpg,A_Kg8hQIvTubMAAAAAAAAAAAAAAQAAAQ.jpg,0,342,144
A_o6_aR5P_rB8AAAAAAAAAAAAAAQAAAQ.jpg,A_r5lyTqEh9NQAAAAAAAAAAAAAAQAAAQ.jpg,0,217,170
A_Uh4ZRZjAbOAAAAAAAAAAAAAAAQAAAQ.jpg,A_Uga7SbOpyY0AAAAAAAAAAAAAAQAAAQ.jpg,0,52,69
A_WAmwRrFJUhUAAAAAAAAAAAAAAQAAAQ.jpg,A_lOYRTrARg8kAAAAAAAAAAAAAAQAAAQ.jpg,0,149,285
A_VW4rTbmlHh8AAAAAAAAAAAAAAQAAAQ.jpg,A_2zQ8SKw0HmwAAAAAAAAAAAAAAQAAAQ.jpg,0,336,119
A_Sdv3QYReNXkAAAAAAAAAAAAAAQAAAQ.jpg,A_uY8RT48iBmoAAAAAAAAAAAAAAQAAAQ.jpg,0,250,178
A_KRnoQ5ccGD4AAAAAAAAAAAAAAQAAAQ.jpg,A_h8ycS56cyH0AAAAAAAAAAAAAAQAAAQ.jpg,0,235,11
A_0aCUSY5NN4IAAAAAAAAAAAAAAQAAAQ.jpg,A_jlGaToiTR1cAAAAAAAAAAAAAAQAAAQ.jpg,0,175,298
A_z0kCQr_tfJQAAAAAAAAAAAAAAQAAAQ.jpg,A_cU0aRI8xDi0AAAAAAAAAAAAAAQAAAQ.jpg,0,23,156
A__sCTTLlfQsMAAAAAAAAAAAAAAQAAAQ.jpg,A_g1RJRYomLtCGJS5AnNEITgAAAQAAAQ.jpg,0,158,89
_YxN02DfQ7OUYkwftQP0QQAAACMAARAD.jpg,A_fJ6qQJnwL64AAAAAAAAAAAAAAQAAAQ.jpg,0,166,305
O1CN018y9zNy1b2RyzTX0bZ_!!0-mtopupload.jpg,A_Hr8iQJfMnWAAAAAAAAAAAAAAAQAAAQ.jpg,0,22,86
A_lPHeQo7aiawAAAAAAAAAAAAAAQAAAQ.jpg,A_Y1ryTIb8npX6SU9Br3TwMgAAAQAAAQ.jpg,0,189,221
A_LvVhRqiGvcIAAAAAAAAAAAAAAQAAAQ.jpg,A_xt-fRpljCNgAAAAAAAAAAAAAAQAAAQ.jpg,0,194,83
A_SE5MTp9TUMsAAAAAAAAAAAAAAQAAAQ.jpg,A_VW4rTbmlHh8AAAAAAAAAAAAAAQAAAQ.jpg,0,42,336
A_CYraTbeA8PYAAAAAAAAAAAAAAQAAAQ.jpg,A_cWO0Sb2sA9gAAAAAAAAAAAAAAQAAAQ.jpg,0,245,200
A_SqQTTY_3jwUAAAAAAAAAAAAAAQAAAQ.jpg,A_Tt6HTJdxA1kAAAAAAAAAAAAAAQAAAQ.jpg,0,84,19
A_IgaXRJ1OsMYAAAAAAAAAAAAAAQAAAQ.jpg,ydJW6409RSKvBzpK1xzS0QAAACMAARAD.jpg,0,305,27
WNf53_8ITqK97-33UL-ISgAAACMAARAD.jpg,A_OdypSY5DoYwAAAAAAAAAAAAAAQAAAQ.jpg,0,155,298
A_iK_RRJMtR_0AAAAAAAAAAAAAAQAAAQ.jpg,A_V9dzTZ0oezwAAAAAAAAAAAAAAQAAAQ.jpg,0,101,235
A_qo9KQ6YZpa0AAAAAAAAAAAAAAQAAAQ.jpg,A_EZU5Q47i9PQAAAAAAAAAAAAAAQAAAQ.jpg,0,11,16
A_M-KbRYPdAHoAAAAAAAAAAAAAAQAAAQ.jpg,95yWrxU0SHOjvzfmAl1GjwAAACMAARAD.jpg,0,336,174
A_jXO8TqgUNaEAAAAAAAAAAAAAAQAAAQ.jpg,GkKIt_19Rh2gdu0uxH4mbgAAACMAARAD.jpg,0,3,291
A_ANj4S6gZrSgAAAAAAAAAAAAAAQAAAQ.jpg,A_BUCBRov7kcoAAAAAAAAAAAAAAQAAAQ.jpg,0,92,170
A_OVixS5gitWkAAAAAAAAAAAAAAQAAAQ.jpg,A_CgA9TI6N9eIAAAAAAAAAAAAAAQAAAQ.jpg,0,118,227
A_8wJfSLcHUG4AAAAAAAAAAAAAAQAAAQ.jpg,36L3Z5XgRFWtMVjSmPOSTwAAACMAARAD.jpg,0,12,190
A_c7PhTYy24i4AAAAAAAAAAAAAAQAAAQ.jpg,A_oTz0Q6Q2sBMAAAAAAAAAAAAAAQAAAQ.jpg,0,137,76
A_T7tpTqdx0wcAAAAAAAAAAAAAAQAAAQ.jpg,A_bv-GT6sWBVEAAAAAAAAAAAAAAQAAAQ.jpg,0,159,254
A_Fk7aSIVdPRsAAAAAAAAAAAAAAQAAAQ.jpg,A_xK0XQo9bd_wAAAAAAAAAAAAAAQAAAQ.jpg,0,156,143
A_XfLkRYLFXGAAAAAAAAAAAAAAAQAAAQ.jpg,A_S11EQYn7Fj8AAAAAAAAAAAAAAQAAAQ.jpg,0,78,224
A_e6vmTbdC-9oAAAAAAAAAAAAAAQAAAQ.jpg,A_CKcESIEZPPsAAAAAAAAAAAAAAQAAAQ.jpg,0,264,198
A_hdpuRLEj1icAAAAAAAAAAAAAAQAAAQ.jpg,A_TgAqQpXQPWgAAAAAAAAAAAAAAQAAAQ.jpg,0,326,139
A_atr-Q7oa0ywAAAAAAAAAAAAAAQAAAQ.jpg,A_SDD3Q6kABacAAAAAAAAAAAAAAQAAAQ.jpg,0,43,247
A_aBdGT4bei2QAAAAAAAAAAAAAAQAAAQ.jpg,A_vzFyQL-m9f0AAAAAAAAAAAAAAQAAAQ.jpg,0,233,11
A_SbRDQbZ63xkAAAAAAAAAAAAAAQAAAQ.jpg,A__NR8QZ1qcjQAAAAAAAAAAAAAAQAAAQ.jpg,0,78,97
qyqNN_HDShqToEUCAcDKYQAAACMAARAD.jpg,A_NbMERImKF5IAAAAAAAAAAAAAAQAAAQ.jpg,0,291,214
QQxyNEuVSAWRtd0Fk3TSiAAAACMAARAD.jpg,A_LFTBTrq2so4AAAAAAAAAAAAAAQAAAQ.jpg,0,192,278
A_ZBuhRJ_erngAAAAAAAAAAAAAAQAAAQ.jpg,_YxN02DfQ7OUYkwftQP0QQAAACMAARAD.jpg,0,34,166
A_b-wTSqGrNAEAAAAAAAAAAAAAAQAAAQ.jpg,A_WcuHSKIfpFcAAAAAAAAAAAAAAQAAAQ.jpg,0,149,329
A_0jiiRbW7afUAAAAAAAAAAAAAAQAAAQ.jpg,A_izqHSKPN0SsAAAAAAAAAAAAAAQAAAQ.jpg,0,260,281
A_e7dMTaR9QaEAAAAAAAAAAAAAAQAAAQ.jpg,A_CkzZSIBF3KYAAAAAAAAAAAAAAQAAAQ.jpg,0,312,299
A_ChqmSJ1Ok-IAAAAAAAAAAAAAAQAAAQ.jpg,A_7w30T4PSpVgAAAAAAAAAAAAAAQAAAQ.jpg,0,153,229
A_Tt6HTJdxA1kAAAAAAAAAAAAAAQAAAQ.jpg,A__hNgQJmrLXkAAAAAAAAAAAAAAQAAAQ.jpg,0,19,100
A_LKyVRYb174gAAAAAAAAAAAAAAQAAAQ.jpg,A_URuNQJscuisAAAAAAAAAAAAAAQAAAQ.jpg,0,203,297
A_stmPT54njmIU_RNLpIBqvAAAAQAAAQ.jpg,A_Sm0gS7RP30QAAAAAAAAAAAAAAQAAAQ.jpg,0,147,140
A_xteZTaHHkAYAAAAAAAAAAAAAAQAAAQ.jpg,A_3S3LTZgdkc8AAAAAAAAAAAAAAQAAAQ.jpg,0,205,331
A_ab2UR5VE8pYAAAAAAAAAAAAAAQAAAQ.jpg,5tv9hCixSeCiHja6EI7b6AAAACMAARAD.jpg,0,49,120
A_6J5kQJhOduUAAAAAAAAAAAAAAQAAAQ.jpg,A_cexvRK__-1MAAAAAAAAAAAAAAQAAAQ.jpg,0,77,204
A_dWv2RbF20pgAAAAAAAAAAAAAAQAAAQ.jpg,A_FSCJRYy3dFwAAAAAAAAAAAAAAQAAAQ.jpg,0,243,3
A_atr-Q7oa0ywAAAAAAAAAAAAAAQAAAQ.jpg,I-4jbqVlSyeXyWm3u8uXGQAAACMAARAD.jpg,0,43,56
A__DuWR5Z1Kp8AAAAAAAAAAAAAAQAAAQ.jpg,A_-iZQTKAWibIAAAAAAAAAAAAAAQAAAQ.jpg,0,50,230
A_h0wES7JMcj8AAAAAAAAAAAAAAQAAAQ.jpg,A_WFX-R60X0GEAAAAAAAAAAAAAAQAAAQ.jpg,0,293,62
A_CRqJQKCtnOMAAAAAAAAAAAAAAQAAAQ.jpg,A_gmv7RZlv2wwAAAAAAAAAAAAAAQAAAQ.jpg,0,341,263
KtjlPeKCRb-0vismjLY7MgAAACMAARED.jpg,A_u5XySKZ9cywAAAAAAAAAAAAAAQAAAQ.jpg,0,128,274
A_oEAqSaEmWGMAAAAAAAAAAAAAAQAAAQ.jpg,rPNyWMgLSMewMHD2BSt6gAAAACMAARAD.jpg,0,294,209
8qks6YhlRy-wDJtrkIZaIgAAACMAARAD.jpg,rXxlFn69QMONIxtgsZJajQAAACMAARAD.jpg,0,316,282
A_Cx8AT5HA35gAAAAAAAAAAAAAAQAAAQ.jpg,A_DLk9QaFF3W0AAAAAAAAAAAAAAQAAAQ.jpg,0,140,328
A_kQDWQJm3qKQAAAAAAAAAAAAAAQAAAQ.jpg,A_Dl-rQYisXAQAAAAAAAAAAAAAAQAAAQ.jpg,0,32,37
A_7Rs9Q46XFoAAAAAAAAAAAAAAAQAAAQ.jpg,A_7MhsTIG0_08AAAAAAAAAAAAAAQAAAQ.jpg,0,92,278
A_kJWgSJRDpycAAAAAAAAAAAAAAQAAAQ.jpg,A_ysxzSpSaAJ0AAAAAAAAAAAAAAQAAAQ.jpg,0,228,66
A_lPwKS7HXTIUAAAAAAAAAAAAAAQAAAQ.jpg,A_KwVMSYgdftIAAAAAAAAAAAAAAQAAAQ.jpg,0,309,165
A_P_orQb_1tnYAAAAAAAAAAAAAAQAAAQ.jpg,A_Wa5hTLtdsh8AAAAAAAAAAAAAAQAAAQ.jpg,0,269,224
A_ZhFOTLvWldQAAAAAAAAAAAAAAQAAAQ.jpg,bMTOZCIyTXCpPa4ub3bHTQAAACMAARAD.jpg,0,251,72
A_KxBVRZ_49dEAAAAAAAAAAAAAAQAAAQ.jpg,A_aDWaRJ0Cte4AAAAAAAAAAAAAAQAAAQ.jpg,0,176,200
A_QZE9RZrlk7wAAAAAAAAAAAAAAQAAAQ.jpg,gioGl7mwSCab39gMX8ARnAAAACMAARAD.jpg,0,223,177
A_oIudQY-doeoAAAAAAAAAAAAAAQAAAQ.jpg,A_w5yBQq07ZGQAAAAAAAAAAAAAAQAAAQ.jpg,0,58,218
A_6rXsToXOMygAAAAAAAAAAAAAAQAAAQ.jpg,xwiaT4SHTLGOVAZCtHq9yQAAACMAARAD.jpg,0,290,27
A2fZWAEeTfWyTqA6MlIezgAAACMAARAD.jpg,A_8g2uSoogj9AAAAAAAAAAAAAAAQAAAQ.jpg,0,164,322
A_2n3hQr-JmJQAAAAAAAAAAAAAAQAAAQ.jpg,A_xzWOSL6pNFAAAAAAAAAAAAAAAQAAAQ.jpg,0,16,274
A_SU_3R4a-QnYAAAAAAAAAAAAAAQAAAQ.jpg,A_yFmGSo2bp-cAAAAAAAAAAAAAAQAAAQ.jpg,0,259,248
A_GtTURpEqgsQAAAAAAAAAAAAAAQAAAQ.jpg,A_xK0XQo9bd_wAAAAAAAAAAAAAAQAAAQ.jpg,0,111,143
A_peVaRKhGG6EAAAAAAAAAAAAAAQAAAQ.jpg,A_1WHrSb70BwYAAAAAAAAAAAAAAQAAAQ.jpg,0,338,347
A_qQf9R5n-NaZuA4BJgsZMVwAAAQAAAQ.jpg,jV3ehro-TYitsrnBzUlcVgAAACMAARAD.jpg,0,10,120
A_Dl-rQYisXAQAAAAAAAAAAAAAAQAAAQ.jpg,wlvKhmPsRnuzCvy0hg9dSQAAACMAARAD.jpg,0,37,282
bSowLH_QSz-W1UMpKjz0owAAACMAARAD.jpg,A_R094QKfEc7UAAAAAAAAAAAAAAQAAAQ.jpg,0,315,272
A_VVyqSqssGX8AAAAAAAAAAAAAAQAAAQ.jpg,A_oTz0Q6Q2sBMAAAAAAAAAAAAAAQAAAQ.jpg,0,110,76
A_GIwlTbJGP0EAAAAAAAAAAAAAAQAAAQ.jpg,A_048mQIy0UMoAAAAAAAAAAAAAAQAAAQ.jpg,0,30,223
A_8vypTI74gzgAAAAAAAAAAAAAAQAAAQ.jpg,A_EvDCT75_gY4AAAAAAAAAAAAAAQAAAQ.jpg,0,295,57
A_CjU5SoWF2L0AAAAAAAAAAAAAAQAAAQ.jpg,A_kKmNR65xnvsAAAAAAAAAAAAAAQAAAQ.jpg,0,118,195
A_3felTbn-u0kAAAAAAAAAAAAAAQAAAQ.jpg,A_K0FxT6aY5N8AAAAAAAAAAAAAAQAAAQ.jpg,0,108,301
A_uMyGRoe6OD4AAAAAAAAAAAAAAQAAAQ.jpg,A_O-HYQbAzM04AAAAAAAAAAAAAAQAAAQ.jpg,0,23,61
A_2yTCT6348MsAAAAAAAAAAAAAAQAAAQ.jpg,A_Jz60TodhpGjXzl5IpWUeAQAAAQAAAQ.jpg,0,305,99
A_xVWGSYgcMQkAAAAAAAAAAAAAAQAAAQ.jpg,A_jcJHTp85KP3Y3pFEtvZWcAAAAQAAAQ.jpg,0,206,64
A_9C0_SY5HMwYAAAAAAAAAAAAAAQAAAQ.jpg,A_N0opT5roVPAAAAAAAAAAAAAAAQAAAQ.jpg,0,81,242
A_DpAcQ6ZefVMAAAAAAAAAAAAAAQAAAQ.jpg,A_2fEAQ6wRV78AAAAAAAAAAAAAAQAAAQ.jpg,0,246,255
A_w8x7SaCEWdkAAAAAAAAAAAAAAQAAAQ.jpg,A_juPfTZQWNPEAAAAAAAAAAAAAAQAAAQ.jpg,0,58,30
A_oTz0Q6Q2sBMAAAAAAAAAAAAAAQAAAQ.jpg,A_oU0aQJ48IRsAAAAAAAAAAAAAAQAAAQ.jpg,0,76,133
A_hwdWQq75_mQAAAAAAAAAAAAAAQAAAQ.jpg,ydJW6409RSKvBzpK1xzS0QAAACMAARAD.jpg,0,7,27
A_cexvRK__-1MAAAAAAAAAAAAAAQAAAQ.jpg,A_aDWaRJ0Cte4AAAAAAAAAAAAAAQAAAQ.jpg,0,204,200
A_hiF9SJL03uIAAAAAAAAAAAAAAQAAAQ.jpg,A_jlGaToiTR1cAAAAAAAAAAAAAAQAAAQ.jpg,0,214,298
KtjlPeKCRb-0vismjLY7MgAAACMAARED.jpg,A_TRvMSK9h_7YAAAAAAAAAAAAAAQAAAQ.jpg,0,128,48
A_vcbAQrSa0GIAAAAAAAAAAAAAAQAAAQ.jpg,A_0RBhTJcWtikAAAAAAAAAAAAAAQAAAQ.jpg,0,222,270
A_tZlpQLPXXpQAAAAAAAAAAAAAAQAAAQ.jpg,A_ANj4S6gZrSgAAAAAAAAAAAAAAQAAAQ.jpg,0,84,92
A_9EM2TajlqXoAAAAAAAAAAAAAAQAAAQ.jpg,A_3R5AT4k8aW0AAAAAAAAAAAAAAQAAAQ.jpg,0,58,59
A_cY_dQKTxLZIAAAAAAAAAAAAAAQAAAQ.jpg,A_0aCUSY5NN4IAAAAAAAAAAAAAAQAAAQ.jpg,0,34,175
A_C_r4QL5_wX0AAAAAAAAAAAAAAQAAAQ.jpg,A_T1kYQ7qQrxcAAAAAAAAAAAAAAQAAAQ.jpg,0,121,246
A_yaQwRrApyMQAAAAAAAAAAAAAAQAAAQ.jpg,A_UHH0So61ecgAAAAAAAAAAAAAAQAAAQ.jpg,0,276,275
A_NLtxRaP1d6wAAAAAAAAAAAAAAQAAAQ.jpg,A_H_ulSqKIeUgAAAAAAAAAAAAAAQAAAQ.jpg,0,106,93
A_jB9eRYoChjwAAAAAAAAAAAAAAQAAAQ.jpg,A_uJmSS6jwC_EAAAAAAAAAAAAAAQAAAQ.jpg,0,175,151
A_6aJ8Sa2FS-YAAAAAAAAAAAAAAQAAAQ.jpg,A_nKQBTJiTOPkAAAAAAAAAAAAAAQAAAQ.jpg,0,317,234
A_Vb0FSquZ6YkAAAAAAAAAAAAAAQAAAQ.jpg,A_yusuSowwe7sAAAAAAAAAAAAAAQAAAQ.jpg,0,237,145
A_-cgBQ7nWdC4AAAAAAAAAAAAAAQAAAQ.jpg,A_mELMSZX6_9YAAAAAAAAAAAAAAQAAAQ.jpg,0,283,180
A_KRefSIqxAhMAAAAAAAAAAAAAAQAAAQ.jpg,A__iBTRLnSgRsAAAAAAAAAAAAAAQAAAQ.jpg,0,259,308
A_PKCVSakmtxUAAAAAAAAAAAAAAQAAAQ.jpg,A_HXWXTZxti_gAAAAAAAAAAAAAAQAAAQ.jpg,0,278,311
A_YRDWQrX8B_UAAAAAAAAAAAAAAQAAAQ.jpg,A_bJUVQLWonskAAAAAAAAAAAAAAQAAAQ.jpg,0,258,344
A_zSt_TZGlWdoAAAAAAAAAAAAAAQAAAQ.jpg,A_Uw6pRLOcnFcAAAAAAAAAAAAAAQAAAQ.jpg,0,38,242
A__YxFR6NzEjQecYhCqT3cqQAAAQAAAQ.jpg,fcg3fFELSXuinicx0-hYRQAAACMAARAD.jpg,0,13,27
A_hdpuRLEj1icAAAAAAAAAAAAAAQAAAQ.jpg,A_vdO2RolMKVcAAAAAAAAAAAAAAQAAAQ.jpg,0,326,98
A__FEKTZUF1Y8AAAAAAAAAAAAAAQAAAQ.jpg,A_4mW0Q5rIZpgAAAAAAAAAAAAAAQAAAQ.jpg,0,137,162
UB-NZRT8SxapdoqCNWuvvAAAACMAARAD.jpg,B4vLF17OQ7iz0JDSOsJBYwAAACMAARAD.jpg,0,211,71
A_SVMaQLMJtYIAAAAAAAAAAAAAAQAAAQ.jpg,J1O8TQTwTPSajGqg9HcALwAAACMAARAD.jpg,0,238,192
A_B5PLRYT7qakAAAAAAAAAAAAAAQAAAQ.jpg,A_OQeoS4r3iwoAAAAAAAAAAAAAAQAAAQ.jpg,0,228,284
A_Hp9BSaTeieAAAAAAAAAAAAAAAQAAAQ.jpg,A_NloJTpjGmzjncmZIj3dViAAAAQAAAQ.jpg,0,29,62
LkTAGmb3TGuGGZHU52brUQAAACMAARAD.jpg,A_WFX-R60X0GEAAAAAAAAAAAAAAQAAAQ.jpg,0,207,62
A_DRG9SbIn_7sAAAAAAAAAAAAAAQAAAQ.jpg,A_PQ-mQpRZPwgAAAAAAAAAAAAAAQAAAQ.jpg,0,119,35
O1CN017Zqu3U1WkLrs8drP0_!!0-mtopupload.jpg,A_ANj4S6gZrSgAAAAAAAAAAAAAAQAAAQ.jpg,0,22,92
A_0GHaQ5v1mnFBBtxPokPDawAAAQAAAQ.jpg,A_f93rT43JBg0AAAAAAAAAAAAAAQAAAQ.jpg,0,64,102
A_S4LDTLYmuK0AAAAAAAAAAAAAAQAAAQ.jpg,A__euTTbzk1_QAAAAAAAAAAAAAAQAAAQ.jpg,0,36,210
bcn92ETmR3OJk3KR9IsmiQAAACMAARAD.jpg,A_OtoGQIQE13QAAAAAAAAAAAAAAQAAAQ.jpg,0,307,10
A_2wBqTpzmeL3VldlEs7raLQAAAQAAAQ.jpg,A_b1eiQ4BovAEAAAAAAAAAAAAAAQAAAQ.jpg,0,49,343
A_BTGhRL3hvxwAAAAAAAAAAAAAAQAAAQ.jpg,A_pOfiQ7jDy15GaENDjjN7nQAAAQAAAQ.jpg,0,0,13
A_dZG9Q4576q8AAAAAAAAAAAAAAQAAAQ.jpg,A_7YkuQ4_prsMAAAAAAAAAAAAAAQAAAQ.jpg,0,183,117
A_LlQfQ5eZYSAAAAAAAAAAAAAAAQAAAQ.jpg,A_qWCCR7R42PUAAAAAAAAAAAAAAQAAAQ.jpg,0,94,288
A_t87cQqq5PeYAAAAAAAAAAAAAAQAAAQ.jpg,Sz6t1kxuSjqrB9PpBED6oAAAACMAARED.jpg,0,146,54
A_vdO2RolMKVcAAAAAAAAAAAAAAQAAAQ.jpg,A_N7TMSppc4iUAAAAAAAAAAAAAAQAAAQ.jpg,0,98,101
A_zMhHRKUhSuE7jzBNqjIYmQAAAQAAAQ.jpg,A_nwlKT4igLyQAAAAAAAAAAAAAAQAAAQ.jpg,0,148,37
A_g9o_RrSonkcAAAAAAAAAAAAAAQAAAQ.jpg,I-4jbqVlSyeXyWm3u8uXGQAAACMAARAD.jpg,0,25,56
A_UBFIRp0LaJAAAAAAAAAAAAAAAQAAAQ.jpg,A_y8iFSJzwNJ4AAAAAAAAAAAAAAQAAAQ.jpg,0,199,272
A_CgA9TI6N9eIAAAAAAAAAAAAAAQAAAQ.jpg,A_7WinQJg-1OcAAAAAAAAAAAAAAQAAAQ.jpg,0,227,31
A_BUCBRov7kcoAAAAAAAAAAAAAAQAAAQ.jpg,A_tZlpQLPXXpQAAAAAAAAAAAAAAQAAAQ.jpg,0,170,84
A_dxCNSp4IGbAAAAAAAAAAAAAAAQAAAQ.jpg,A_pO8kQqJBt3EAAAAAAAAAAAAAAQAAAQ.jpg,0,172,39
A_mHpGR5oYn_kAAAAAAAAAAAAAAQAAAQ.jpg,A_yhhDQbrQfGcAAAAAAAAAAAAAAQAAAQ.jpg,0,320,206
A_-gLFTpM2eMUAAAAAAAAAAAAAAQAAAQ.jpg,A_ACqjTY_SpjgAAAAAAAAAAAAAAQAAAQ.jpg,0,81,256
A_tjIQQ4rItcQAAAAAAAAAAAAAAQAAAQ.jpg,A_d-HpRbQdU1YAAAAAAAAAAAAAAQAAAQ.jpg,0,163,33
A_UHH0So61ecgAAAAAAAAAAAAAAQAAAQ.jpg,A_Y1ryTIb8npX6SU9Br3TwMgAAAQAAAQ.jpg,0,275,221
A_zz-aSZh8rzMAAAAAAAAAAAAAAQAAAQ.jpg,A_2zQ8SKw0HmwAAAAAAAAAAAAAAQAAAQ.jpg,0,127,119
A_ZLTNQ5wA3ncNnJxCvdxuZQAAAQAAAQ.jpg,uwbM_KZaT4WXCQZJ66Ib_QAAACMAARAD.jpg,0,63,192
A_04oDR5lbyT4AAAAAAAAAAAAAAQAAAQ.jpg,A_6DRKTb5hhmYAAAAAAAAAAAAAAQAAAQ.jpg,0,163,38
A_WNgORoRRamAAAAAAAAAAAAAAAQAAAQ.jpg,A_P3qUR6v9jfsAAAAAAAAAAAAAAQAAAQ.jpg,0,141,204
A_pGBkRrTqPD0AAAAAAAAAAAAAAQAAAQ.jpg,A_bWQgQawVwX4AAAAAAAAAAAAAAQAAAQ.jpg,0,5,90
A_ACH-Ta-cq-oAAAAAAAAAAAAAAQAAAQ.jpg,A_xt-fRpljCNgAAAAAAAAAAAAAAQAAAQ.jpg,0,340,83
A_dej1SoczgZ0AAAAAAAAAAAAAAQAAAQ.jpg,A_ZovJRIoln2wAAAAAAAAAAAAAAQAAAQ.jpg,0,43,47
A_HII8R5WzRQ4AAAAAAAAAAAAAAQAAAQ.jpg,A_qltmS7ZNsLUAAAAAAAAAAAAAAQAAAQ.jpg,0,179,91
aa7CED-ZTiSSG_-WFIoMkwAAACMAARAD.jpg,A_xKkVSpQDOR8AAAAAAAAAAAAAAQAAAQ.jpg,0,166,79
A_KlKMQ7YwUQUAAAAAAAAAAAAAAQAAAQ.jpg,A_fNviRZaQBUIAAAAAAAAAAAAAAQAAAQ.jpg,0,269,151
ysnTdNgkTQ2KcesYGinCrgAAACMAARAD.jpg,A_YfwbQJ4I5K8AAAAAAAAAAAAAAQAAAQ.jpg,0,132,311
40cC6HWzRva34jaC_YZZAwAAACMAARED.jpg,A_J9o_QJCEnBQAAAAAAAAAAAAAAQAAAQ.jpg,0,128,94
A_sw55T7tdUW8AAAAAAAAAAAAAAQAAAQ.jpg,A_NpaSRqrF3DwAAAAAAAAAAAAAAQAAAQ.jpg,0,29,196
A_K1SDTrzJRsMAAAAAAAAAAAAAAQAAAQ.jpg,A_MOhrQLLyVDYAAAAAAAAAAAAAAQAAAQ.jpg,0,82,262
A_7PWcRpT6-noAAAAAAAAAAAAAAQAAAQ.jpg,A_UHH0So61ecgAAAAAAAAAAAAAAQAAAQ.jpg,0,145,275
A_ZhFOTLvWldQAAAAAAAAAAAAAAQAAAQ.jpg,A_wMMDQIdbntYV1_RPvr7IlAAAAQAAAQ.jpg,0,251,63
A_olotS4XoJFkAAAAAAAAAAAAAAQAAAQ.jpg,A_m-aWTY3Ot-AAAAAAAAAAAAAAAQAAAQ.jpg,0,124,26
A_3BuiQbibhO8AAAAAAAAAAAAAAQAAAQ.jpg,A_8vypTI74gzgAAAAAAAAAAAAAAQAAAQ.jpg,0,9,295
A_g55DSKHkNDkAAAAAAAAAAAAAAQAAAQ.jpg,A_m6o3TaR9GfMAAAAAAAAAAAAAAQAAAQ.jpg,0,137,304
A_2PylSJ1j8RIAAAAAAAAAAAAAAQAAAQ.jpg,A_o6_aR5P_rB8AAAAAAAAAAAAAAQAAAQ.jpg,0,191,217
A_RZTaRK3bJIcAAAAAAAAAAAAAAQAAAQ.jpg,A__LYISrzZ_GIAAAAAAAAAAAAAAQAAAQ.jpg,0,123,287
A__hNgQJmrLXkAAAAAAAAAAAAAAQAAAQ.jpg,A_CRqJQKCtnOMAAAAAAAAAAAAAAQAAAQ.jpg,0,100,341
A_9jzqQrTHgCQAAAAAAAAAAAAAAQAAAQ.jpg,A_hV6oRqWGM8sAAAAAAAAAAAAAAQAAAQ.jpg,0,126,329
A_7mlCRqiHNywAAAAAAAAAAAAAAQAAAQ.jpg,A_ANj4S6gZrSgAAAAAAAAAAAAAAQAAAQ.jpg,0,215,92
A_mbdXS47FykQAAAAAAAAAAAAAAQAAAQ.jpg,A_1AcjS7HMufYAAAAAAAAAAAAAAQAAAQ.jpg,0,252,189
A_3bzNSLXJbYMAAAAAAAAAAAAAAQAAAQ.jpg,A_mFe3QKV54XcAAAAAAAAAAAAAAQAAAQ.jpg,0,324,185
A_plhwSYSpPVIAAAAAAAAAAAAAAQAAAQ.jpg,A_vEWFRJ2pIzwAAAAAAAAAAAAAAQAAAQ.jpg,0,264,165
A_92iARaRRPR8AAAAAAAAAAAAAAQAAAQ.jpg,A_izqHSKPN0SsAAAAAAAAAAAAAAQAAAQ.jpg,0,84,281
A_TQs9RbfFYCkAAAAAAAAAAAAAAQAAAQ.jpg,A_BTGhRL3hvxwAAAAAAAAAAAAAAQAAAQ.jpg,0,280,0
A_3felTbn-u0kAAAAAAAAAAAAAAQAAAQ.jpg,A_OVixS5gitWkAAAAAAAAAAAAAAQAAAQ.jpg,0,108,118
IvmXxLWaQd-LKBYjjNz-zwAAACMAARAD.jpg,A_stmPT54njmIAAAAAAAAAAAAAAQAAAQ.jpg,0,315,147
5-dDbF_HS_O0O2_34lIV9AAAACMAARAD.jpg,A_SB5pT6dIdz0AAAAAAAAAAAAAAQAAAQ.jpg,0,186,197
A_-cgBQ7nWdC4AAAAAAAAAAAAAAQAAAQ.jpg,A_Jt0NQ7kxnNgAAAAAAAAAAAAAAQAAAQ.jpg,0,283,314
A_aOn9RpOdtFIAAAAAAAAAAAAAAQAAAQ.jpg,A_hAAHRLBv6kUAAAAAAAAAAAAAAQAAAQ.jpg,0,172,202
A_phjfSK7C04wAAAAAAAAAAAAAAQAAAQ.jpg,A_0RXtQrcbVQMAAAAAAAAAAAAAAQAAAQ.jpg,0,145,223
A__z-iTZs2YvEAAAAAAAAAAAAAAQAAAQ.jpg,A_y3o0T5zshLsAAAAAAAAAAAAAAQAAAQ.jpg,0,14,152
frdTcr-kQKe_ugKUa32pmwAAACMAARAD.jpg,A_hdpuRLEj1icAAAAAAAAAAAAAAQAAAQ.jpg,0,174,326
A_MtxfT4wtikgAAAAAAAAAAAAAAQAAAQ.jpg,A_UE-JSb_9FMYAAAAAAAAAAAAAAQAAAQ.jpg,0,286,144
A_fJ6qQJnwL64AAAAAAAAAAAAAAQAAAQ.jpg,A_B5PLRYT7qakAAAAAAAAAAAAAAQAAAQ.jpg,0,305,228
A_EhJNRrpu2Z0AAAAAAAAAAAAAAQAAAQ.jpg,A_1AcjS7HMufYAAAAAAAAAAAAAAQAAAQ.jpg,0,233,189
qOv8xeZkRVeDHmMZ8t0QaAAAACMAARAD.jpg,A_m30KQICzj5QAAAAAAAAAAAAAAQAAAQ.jpg,0,219,332
A_hFIsQqIAQwEAAAAAAAAAAAAAAQAAAQ.jpg,A_YOLjSLCb05sAAAAAAAAAAAAAAQAAAQ.jpg,0,81,31
oUwFV4MkS2S9joIua_wkvwAAACMAARAD.jpg,A_olfhSYntr84AAAAAAAAAAAAAAQAAAQ.jpg,0,155,337
A_A17DRrV-btsAAAAAAAAAAAAAAQAAAQ.jpg,A_cFBbQb-i068AAAAAAAAAAAAAAQAAAQ.jpg,0,33,16
A_c_7LRYptgZ4AAAAAAAAAAAAAAQAAAQ.jpg,A_7kJbS6bLFokAAAAAAAAAAAAAAQAAAQ.jpg,0,263,205
A_9f9RQYMEDW8AAAAAAAAAAAAAAQAAAQ.jpg,fcg3fFELSXuinicx0-hYRQAAACMAARAD.jpg,0,338,27
A_5X2gQreyAEgAAAAAAAAAAAAAAQAAAQ.jpg,A_TnpqRIoO1cIAAAAAAAAAAAAAAQAAAQ.jpg,0,93,130
A_JiP8RIdhMFgAAAAAAAAAAAAAAQAAAQ.jpg,A_IOFuS4ljD_MAAAAAAAAAAAAAAQAAAQ.jpg,0,14,57
A_ul0zRLO4ulQAAAAAAAAAAAAAAQAAAQ.jpg,A_uJmSS6jwC_EAAAAAAAAAAAAAAQAAAQ.jpg,0,74,151
A_WAmwRrFJUhUAAAAAAAAAAAAAAQAAAQ.jpg,A_05zKQb6bySIAAAAAAAAAAAAAAQAAAQ.jpg,0,149,216
A_cutQQr13fwsAAAAAAAAAAAAAAQAAAQ.jpg,A_00wGQ6p8j_UAAAAAAAAAAAAAAQAAAQ.jpg,0,52,214
A_0fKgSYxegzcAAAAAAAAAAAAAAQAAAQ.jpg,A_Qee6TYh_N0AAAAAAAAAAAAAAAQAAAQ.jpg,0,26,303
A_VPDvSqwWeHQAAAAAAAAAAAAAAQAAAQ.jpg,A_GNYnToAhNA8AAAAAAAAAAAAAAQAAAQ.jpg,0,287,35
A_tmZ3QpBor3sAAAAAAAAAAAAAAQAAAQ.jpg,A_h-8AQKUCJ6wAAAAAAAAAAAAAAQAAAQ.jpg,0,203,257
tZ9Ffj0eTdiamVFL64HrAwAAACMAARAD.jpg,A_jO7PT6D764gAAAAAAAAAAAAAAQAAAQ.jpg,0,72,106
A_w5yBQq07ZGQAAAAAAAAAAAAAAQAAAQ.jpg,A_bv-GT6sWBVEAAAAAAAAAAAAAAQAAAQ.jpg,0,218,254
A_aOn9RpOdtFIAAAAAAAAAAAAAAQAAAQ.jpg,A__pBPR5UaDJ8AAAAAAAAAAAAAAQAAAQ.jpg,0,172,229
A_F-Y6SLy3q3kAAAAAAAAAAAAAAQAAAQ.jpg,A_0ZuNSaLNy7EAAAAAAAAAAAAAAQAAAQ.jpg,0,127,156
A_mbl_QJe6wqwAAAAAAAAAAAAAAQAAAQ.jpg,A_mHpGR5oYn_kAAAAAAAAAAAAAAQAAAQ.jpg,0,168,320
A_JywcTrmEceIAAAAAAAAAAAAAAQAAAQ.jpg,A_z_sFRp0sqQIAAAAAAAAAAAAAAQAAAQ.jpg,0,266,168
A_HCX2Trvkdz8AAAAAAAAAAAAAAQAAAQ.jpg,A_vTQoRLws130AAAAAAAAAAAAAAQAAAQ.jpg,0,103,287
A_SDD3Q6kABacAAAAAAAAAAAAAAQAAAQ.jpg,ysnTdNgkTQ2KcesYGinCrgAAACMAARAD.jpg,0,247,132
A_TiDfT7B8BmwAAAAAAAAAAAAAAQAAAQ.jpg,PKvgCxspT06mVkCupz9C2QAAACMAARAD.jpg,0,152,134
A_RPqaQYB6kjQAAAAAAAAAAAAAAQAAAQ.jpg,A_Yl1ZSL-Lto8AAAAAAAAAAAAAAQAAAQ.jpg,0,168,241
A_jB9eRYoChjwAAAAAAAAAAAAAAQAAAQ.jpg,A_oZO5TK174JsAAAAAAAAAAAAAAQAAAQ.jpg,0,175,184
A_K0FxT6aY5N8AAAAAAAAAAAAAAQAAAQ.jpg,A_82BHQ5VJpoQAAAAAAAAAAAAAAQAAAQ.jpg,0,301,326
A_JhozTLdUXBAAAAAAAAAAAAAAAQAAAQ.jpg,A_mbl_QJe6wqwAAAAAAAAAAAAAAQAAAQ.jpg,0,238,168
A_NDzHTLNzG5MAAAAAAAAAAAAAAQAAAQ.jpg,OjXGrQwIRLe0jn5ENTl1XwAAACMAARAD.jpg,0,235,291
A_JKoXS5qMLWXZM1xIuGy1bAAAAQAAAQ.jpg,A_VSe4QrbJjMcAAAAAAAAAAAAAAQAAAQ.jpg,0,148,0
Fv9FYvAkQc6AGTP11upBrwAAACMAARAD.jpg,A_aKs_R7ladhcAAAAAAAAAAAAAAQAAAQ.jpg,0,4,69
A_cexvRK__-1MAAAAAAAAAAAAAAQAAAQ.jpg,A_qmTVSqXlh7UAAAAAAAAAAAAAAQAAAQ.jpg,0,204,105
A_ob2HSriDloEAAAAAAAAAAAAAAQAAAQ.jpg,A_YrcgQoK0NyIAAAAAAAAAAAAAAQAAAQ.jpg,0,236,215
A_K0ldRalVubcAAAAAAAAAAAAAAQAAAQ.jpg,A_YGM9RqelARIAAAAAAAAAAAAAAQAAAQ.jpg,0,24,250
A_7uWzQaplAc4AAAAAAAAAAAAAAQAAAQ.jpg,A_gnzFTrJMNnQAAAAAAAAAAAAAAQAAAQ.jpg,0,260,232
A_IeYUSZHnPzOciWNLuhXRvwAAAQAAAQ.jpg,A_kiLeTKqEGUkAAAAAAAAAAAAAAQAAAQ.jpg,0,96,1
A_2DA2SZLf5vEAAAAAAAAAAAAAAQAAAQ.jpg,1DUlr4dURtqhdRrCS69ZgAAAACMAARAD.jpg,0,24,310
A_tmV0SKPNXSUAAAAAAAAAAAAAAQAAAQ.jpg,A_dI4zSai8yk-dZNBKqTLbdAAAAQAAAQ.jpg,0,169,221
A_C4yWR6KggDwAAAAAAAAAAAAAAQAAAQ.jpg,oUwFV4MkS2S9joIua_wkvwAAACMAARAD.jpg,0,61,155
A_dWv2RbF20pgAAAAAAAAAAAAAAQAAAQ.jpg,55fo6TlLS8mFijkrYINs0AAAACMAARAD.jpg,0,243,56
Z_Hv1amYSOKoJUJcV5cxjwAAACMAARAD.jpg,A_PR05ToNQKfQAAAAAAAAAAAAAAQAAAQ.jpg,0,211,212
J9zK50Y5RvujoRzPnQkXBAAAACMAARAD.jpg,A_00wGQ6p8j_UAAAAAAAAAAAAAAQAAAQ.jpg,0,349,214
A_zOObQob7uGMAAAAAAAAAAAAAAQAAAQ.jpg,A_uY8RT48iBmoAAAAAAAAAAAAAAQAAAQ.jpg,0,65,178
A_yqmVSY6yhroAAAAAAAAAAAAAAQAAAQ.jpg,A_eUwvR77C5UwAAAAAAAAAAAAAAQAAAQ.jpg,0,104,65
A_D9o9T7zICSYbaeZMlwxEKQAAAQAAAQ.jpg,A_YRDWQrX8B_UAAAAAAAAAAAAAAQAAAQ.jpg,0,113,258
A_CMb2RJx-GToAAAAAAAAAAAAAAQAAAQ.jpg,A_437OSrredWUAAAAAAAAAAAAAAQAAAQ.jpg,0,180,271
A_pUauTrONA4lSN5NPuoRqAAAAAQAAAQ.jpg,A_lv0eRrxAXNwAAAAAAAAAAAAAAQAAAQ.jpg,0,318,193
A_ePq8Ras0owIAAAAAAAAAAAAAAQAAAQ.jpg,A_oGUWTJP5TlUAAAAAAAAAAAAAAQAAAQ.jpg,0,320,202
2A23mcKTRe6iwvdle-DnoQAAACMAARAD.jpg,wlvKhmPsRnuzCvy0hg9dSQAAACMAARAD.jpg,0,349,282
A_wOfbQoNWSAQAAAAAAAAAAAAAAQAAAQ.jpg,A_5dNJRaepYnUAAAAAAAAAAAAAAQAAAQ.jpg,0,2,302
A_GPn_QKLHezwAAAAAAAAAAAAAAQAAAQ.jpg,J4N-el7oSxaafAyjuSBgGAAAACMAARAD.jpg,0,116,129
A_oWLETqhT6YIAAAAAAAAAAAAAAQAAAQ.jpg,A_xigkRLl7oW4AAAAAAAAAAAAAAQAAAQ.jpg,0,214,230
eVAexCuGQ-2ZHt6vXBAIlwAAACMAARAD.jpg,A_H2d7SazIiaAAAAAAAAAAAAAAAQAAAQ.jpg,0,219,73
A_sw55T7tdUW8AAAAAAAAAAAAAAQAAAQ.jpg,A_yaQwRrApyMQAAAAAAAAAAAAAAQAAAQ.jpg,0,29,276
A_K1SDTrzJRsMAAAAAAAAAAAAAAQAAAQ.jpg,A_gR_YR4d18TQAAAAAAAAAAAAAAQAAAQ.jpg,0,82,127
A_CRqJQKCtnOMAAAAAAAAAAAAAAQAAAQ.jpg,A_Jz60TodhpGjXzl5IpWUeAQAAAQAAAQ.jpg,0,341,99
GkKIt_19Rh2gdu0uxH4mbgAAACMAARAD.jpg,A_b-8qRr28s_QAAAAAAAAAAAAAAQAAAQ.jpg,0,291,130
A_3felTbn-u0kAAAAAAAAAAAAAAQAAAQ.jpg,8quPjI33SE-iyYx4UOnjkQAAACMAARAD.jpg,0,108,68
A_m6o3TaR9GfMAAAAAAAAAAAAAAQAAAQ.jpg,A_Q0c_QIvmCAoAAAAAAAAAAAAAAQAAAQ.jpg,0,304,118
A_6J5kQJhOduUAAAAAAAAAAAAAAQAAAQ.jpg,A_ePq8Ras0owIAAAAAAAAAAAAAAQAAAQ.jpg,0,77,320
A_TnpqRIoO1cIAAAAAAAAAAAAAAQAAAQ.jpg,A_OT8IQIP4z90AAAAAAAAAAAAAAQAAAQ.jpg,0,130,264
A_wOfbQoNWSAQAAAAAAAAAAAAAAQAAAQ.jpg,A_RZTaRK3bJIcAAAAAAAAAAAAAAQAAAQ.jpg,0,2,123
A_yaQwRrApyMQAAAAAAAAAAAAAAQAAAQ.jpg,A_KRnoQ5ccGD4AAAAAAAAAAAAAAQAAAQ.jpg,0,276,235
A__OQTR7tlKikAAAAAAAAAAAAAAQAAAQ.jpg,A_i8kmSqzWZtEAAAAAAAAAAAAAAQAAAQ.jpg,0,215,284
A__DG-QaId_tcAAAAAAAAAAAAAAQAAAQ.jpg,A_pNVfTIS6svkAAAAAAAAAAAAAAQAAAQ.jpg,0,87,293
A_yqalTI6j368AAAAAAAAAAAAAAQAAAQ.jpg,A_Xrx1SIEgz8YAAAAAAAAAAAAAAQAAAQ.jpg,0,73,206
A_pNVfTIS6svkAAAAAAAAAAAAAAQAAAQ.jpg,A_UIM0T5DUSJMAAAAAAAAAAAAAAQAAAQ.jpg,0,293,24
A_Y4XwSLpSghkAAAAAAAAAAAAAAQAAAQ.jpg,A_ffGlTZG85-QAAAAAAAAAAAAAAQAAAQ.jpg,0,114,322
A_TLSkT501MYQAAAAAAAAAAAAAAQAAAQ.jpg,A_m6o3TaR9GfMAAAAAAAAAAAAAAQAAAQ.jpg,0,325,304
A_OssPT5JNclsAAAAAAAAAAAAAAQAAAQ.jpg,A_VW4rTbmlHh8AAAAAAAAAAAAAAQAAAQ.jpg,0,269,336
A_Oj4CRqQrUiU9b2pImURI-AAAAQAAAQ.jpg,A_CHCqQrj2mVQAAAAAAAAAAAAAAQAAAQ.jpg,0,176,303
A_nZIFTqwyAG0AAAAAAAAAAAAAAQAAAQ.jpg,A_GtTURpEqgsQAAAAAAAAAAAAAAQAAAQ.jpg,0,341,111
A_zxwhSKLMsogAAAAAAAAAAAAAAQAAAQ.jpg,A_1ruyQ7LcAuoAAAAAAAAAAAAAAQAAAQ.jpg,0,147,347
A_Hd0LRLVyFxQAAAAAAAAAAAAAAQAAAQ.jpg,A_7FcUTJfZ-EEAAAAAAAAAAAAAAQAAAQ.jpg,0,213,200
A_e6vmTbdC-9oAAAAAAAAAAAAAAQAAAQ.jpg,A_UH_uSo5LjOsAAAAAAAAAAAAAAQAAAQ.jpg,0,264,101
A_r8U0Tp2-P0MAAAAAAAAAAAAAAQAAAQ.jpg,A_Oa8eT5Wc8OgAAAAAAAAAAAAAAQAAAQ.jpg,0,57,113
oUwFV4MkS2S9joIua_wkvwAAACMAARAD.jpg,A_F-Y6SLy3q3kAAAAAAAAAAAAAAQAAAQ.jpg,0,155,127
A_yqmVSY6yhroAAAAAAAAAAAAAAQAAAQ.jpg,A_iTDeS5OoNC4AAAAAAAAAAAAAAQAAAQ.jpg,0,104,328
A_PKCVSakmtxUAAAAAAAAAAAAAAQAAAQ.jpg,A_ymwwSJZai5IAAAAAAAAAAAAAAQAAAQ.jpg,0,278,122
A_Ver0Ro7tFCYAAAAAAAAAAAAAAQAAAQ.jpg,A_-pSrT6xClQcAAAAAAAAAAAAAAQAAAQ.jpg,0,222,97
A_e6DJRYXhaSoAAAAAAAAAAAAAAQAAAQ.jpg,A_45ZeSYlRX04AAAAAAAAAAAAAAQAAAQ.jpg,0,193,338
A_aYeATJcaX1MAAAAAAAAAAAAAAQAAAQ.jpg,A_Hu1zSa0hFccAAAAAAAAAAAAAAQAAAQ.jpg,0,249,187
A_HTT-TokpzUQAAAAAAAAAAAAAAQAAAQ.jpg,A_uMyGRoe6OD4AAAAAAAAAAAAAAQAAAQ.jpg,0,268,23
A_m7-sRo3H-HgAAAAAAAAAAAAAAQAAAQ.jpg,do9fiCurQMewDq6x14MTlgAAACMAARAD.jpg,0,330,226
A_6XZZT6vaEZ4AAAAAAAAAAAAAAQAAAQ.jpg,A_O-HYQbAzM04AAAAAAAAAAAAAAQAAAQ.jpg,0,294,61
A_GKxxTacH56QAAAAAAAAAAAAAAQAAAQ.jpg,A_BT-TSJ2u3kMAAAAAAAAAAAAAAQAAAQ.jpg,0,21,279
A_f0N3RpGHGX4AAAAAAAAAAAAAAQAAAQ.jpg,s5_LPbJATXy82lMu1uSeJQAAACMAARAD.jpg,0,73,348
A_dN7FSZa9E6kAAAAAAAAAAAAAAQAAAQ.jpg,A_YGM9RqelARIAAAAAAAAAAAAAAQAAAQ.jpg,0,225,250
A_rGSuTZXVuRUGn2pDh9p9vgAAAQAAAQ.jpg,A_GJH7T7H_iloAAAAAAAAAAAAAAQAAAQ.jpg,0,2,252
A_p7msSIPIoxsAAAAAAAAAAAAAAQAAAQ.jpg,A_hPGSRoU0C8kAAAAAAAAAAAAAAQAAAQ.jpg,0,202,308
A_q7aRSpBENVQAAAAAAAAAAAAAAQAAAQ.jpg,A_bZNnSJorqvMAAAAAAAAAAAAAAQAAAQ.jpg,0,12,231
RIZCEXosSOm6gQj1pn6RSAAAACMAARAD.jpg,xW1Mn56mRh-OB69ayDWmoQAAACMAARAD.jpg,0,164,190
A_lTNbTYEaGsMAAAAAAAAAAAAAAQAAAQ.jpg,A_UXmITL-h8LMAAAAAAAAAAAAAAQAAAQ.jpg,0,224,140
A_ZLTNQ5wA3ndGXjRCsAnKcwAAAQAAAQ.jpg,A_iGqzSrLtlcMAAAAAAAAAAAAAAQAAAQ.jpg,0,63,261
A_V03gR7K90bIAAAAAAAAAAAAAAQAAAQ.jpg,A_Jt0NQ7kxnNgAAAAAAAAAAAAAAQAAAQ.jpg,0,220,314
A_UVLcS7GdN0sAAAAAAAAAAAAAAQAAAQ.jpg,A_IfS8TqroUEgAAAAAAAAAAAAAAQAAAQ.jpg,0,44,131
A_LC73QKKHtxsAAAAAAAAAAAAAAQAAAQ.jpg,jjWLPK10Q3S11BG3fnopQgAAACMAARAD.jpg,0,183,188
A_plIEQ4aQaFEAAAAAAAAAAAAAAQAAAQ.jpg,A_0tvJRLe5_mUAAAAAAAAAAAAAAQAAAQ.jpg,0,349,86
A_D5prT4UpL5EAAAAAAAAAAAAAAQAAAQ.jpg,2G8MIAaDRluIS-ucQOWdigAAACMAARAD.jpg,0,87,54
A_iJVwTais0UgAAAAAAAAAAAAAAQAAAQ.jpg,A_Oa8eT5Wc8OgAAAAAAAAAAAAAAQAAAQ.jpg,0,131,113
A__ZWPQJQKX10AAAAAAAAAAAAAAQAAAQ.jpg,A_EBtBR7SR8xIAAAAAAAAAAAAAAQAAAQ.jpg,0,314,292
A_D9w_QbDG9s4AAAAAAAAAAAAAAQAAAQ.jpg,A_jjT_Q5XInXYAAAAAAAAAAAAAAQAAAQ.jpg,0,26,92
A_jejVTopHAJoAAAAAAAAAAAAAAQAAAQ.jpg,A_yFmGSo2bp-cAAAAAAAAAAAAAAQAAAQ.jpg,0,194,248
A_nwlKT4igLyQAAAAAAAAAAAAAAQAAAQ.jpg,A_gnzFTrJMNnQAAAAAAAAAAAAAAQAAAQ.jpg,0,37,232
A_Kgq_SLzseBQAAAAAAAAAAAAAAQAAAQ.jpg,Fv9FYvAkQc6AGTP11upBrwAAACMAARAD.jpg,0,295,4
A_gnzFTrJMNnQAAAAAAAAAAAAAAQAAAQ.jpg,A_OQeoS4r3iwoAAAAAAAAAAAAAAQAAAQ.jpg,0,232,284
bMTOZCIyTXCpPa4ub3bHTQAAACMAARAD.jpg,A_d1iSRoW_qgQAAAAAAAAAAAAAAQAAAQ.jpg,0,72,18
A_XiKLT6SCDZsAAAAAAAAAAAAAAQAAAQ.jpg,A_846cT62QLOEAAAAAAAAAAAAAAQAAAQ.jpg,0,168,10
A_JDCBRYXWhPEAAAAAAAAAAAAAAQAAAQ.jpg,A_Y1ryTIb8npX6SU9Br3TwMgAAAQAAAQ.jpg,0,320,221
A_UIUSR7SsVxQAAAAAAAAAAAAAAQAAAQ.jpg,A_SsADSplZuU0AAAAAAAAAAAAAAQAAAQ.jpg,0,81,258
A_UXmITL-h8LMAAAAAAAAAAAAAAQAAAQ.jpg,A_88GIR4a9ssoAAAAAAAAAAAAAAQAAAQ.jpg,0,140,266
A_VPDvSqwWeHQAAAAAAAAAAAAAAQAAAQ.jpg,A_r8U0Tp2-P0MAAAAAAAAAAAAAAQAAAQ.jpg,0,287,57
A_DsowTrYbJyAAAAAAAAAAAAAAAQAAAQ.jpg,A_vcbAQrSa0GIAAAAAAAAAAAAAAQAAAQ.jpg,0,45,222
A_KkNnR5qXorcAAAAAAAAAAAAAAQAAAQ.jpg,A_pUauTrONA4kAAAAAAAAAAAAAAQAAAQ.jpg,0,313,318
A_juPfTZQWNPEAAAAAAAAAAAAAAQAAAQ.jpg,8bqSm5suQB-TkC66R2F-lgAAACMAARAD.jpg,0,30,177
A_gPk9T4n_WewAAAAAAAAAAAAAAQAAAQ.jpg,A_KW5iQISstkQAAAAAAAAAAAAAAQAAAQ.jpg,0,28,146
A_YrcgQoK0NyIAAAAAAAAAAAAAAQAAAQ.jpg,A_cU0aRI8xDi0AAAAAAAAAAAAAAQAAAQ.jpg,0,215,156
A_4OwVSaVoxg4AAAAAAAAAAAAAAQAAAQ.jpg,A_6KB1R5-AhUgAAAAAAAAAAAAAAQAAAQ.jpg,0,170,36
A_KQxIT7wL_kgAAAAAAAAAAAAAAQAAAQ.jpg,A_8gLsQ6KuwHQAAAAAAAAAAAAAAQAAAQ.jpg,0,18,124
ydJW6409RSKvBzpK1xzS0QAAACMAARAD.jpg,PXhnsQ6BSAW7VRUKjS1fswAAACMAARAD.jpg,0,27,70
A_q7aRSpBENVQAAAAAAAAAAAAAAQAAAQ.jpg,A_RaRvSLwdvtQAAAAAAAAAAAAAAQAAAQ.jpg,0,12,173
A_SJTyRbZbs-8AAAAAAAAAAAAAAQAAAQ.jpg,A_qo9KQ6YZpa0AAAAAAAAAAAAAAQAAAQ.jpg,0,149,11
A_SbRDQbZ63xkAAAAAAAAAAAAAAQAAAQ.jpg,A_5QphQrKDPQgAAAAAAAAAAAAAAQAAAQ.jpg,0,78,285
dGG2aRuKRkqEOETt9YkP4gAAACMAARAD.jpg,A_6aJ8Sa2FS-YAAAAAAAAAAAAAAQAAAQ.jpg,0,282,317
A_OQeoS4r3iwoAAAAAAAAAAAAAAQAAAQ.jpg,A_lzVvRL-LTpYAAAAAAAAAAAAAAQAAAQ.jpg,0,284,225
A_uFYOR6hS8Q8AAAAAAAAAAAAAAQAAAQ.jpg,A_CJEPQZwY7_IAAAAAAAAAAAAAAQAAAQ.jpg,0,59,191
A_gBw2Q6_QWsUAAAAAAAAAAAAAAQAAAQ.jpg,A_lXDEQaoW4GsAAAAAAAAAAAAAAQAAAQ.jpg,0,1,125
A_r0rxRqzUNowAAAAAAAAAAAAAAQAAAQ.jpg,GkKIt_19Rh2gdu0uxH4mbgAAACMAARAD.jpg,0,241,291
A_FSyZQ40qPbEAAAAAAAAAAAAAAQAAAQ.jpg,tQd1XCVwSy27_2CRPo0NAAAAACMAARAD.jpg,0,257,109
A_tgVnS7L93MwAAAAAAAAAAAAAAQAAAQ.jpg,A__UAoQbHt2SIAAAAAAAAAAAAAAQAAAQ.jpg,0,247,111
A_ZX7pT4uWMgsAAAAAAAAAAAAAAQAAAQ.jpg,A_cKL1QqoK8C4AAAAAAAAAAAAAAQAAAQ.jpg,0,268,111
A_1cY0SJWiw2gAAAAAAAAAAAAAAQAAAQ.jpg,A_w5yBQq07ZGQAAAAAAAAAAAAAAQAAAQ.jpg,0,249,218
A_RaRvSLwdvtQAAAAAAAAAAAAAAQAAAQ.jpg,A_BbMtSbuC4rkAAAAAAAAAAAAAAQAAAQ.jpg,0,173,259
I-4jbqVlSyeXyWm3u8uXGQAAACMAARAD.jpg,A_rZCET7Bcu5YAAAAAAAAAAAAAAQAAAQ.jpg,0,56,143
A_lvCUQay2busAAAAAAAAAAAAAAQAAAQ.jpg,A_DsowTrYbJyAAAAAAAAAAAAAAAQAAAQ.jpg,0,226,45
A_plIEQ4aQaFEAAAAAAAAAAAAAAQAAAQ.jpg,A_rGSuTZXVuRUGn2pDh9p9vgAAAQAAAQ.jpg,0,349,2
A_PD58S5qjNQoAAAAAAAAAAAAAAQAAAQ.jpg,A_sltnS47XRVEAAAAAAAAAAAAAAQAAAQ.jpg,0,262,201
A_QYfVToXTeu0AAAAAAAAAAAAAAQAAAQ.jpg,A_ytKZR43YYx0AAAAAAAAAAAAAAQAAAQ.jpg,0,229,330
A_yqalTI6j368AAAAAAAAAAAAAAQAAAQ.jpg,A_Hr8iQJfMnWAAAAAAAAAAAAAAAQAAAQ.jpg,0,73,86
A_IeYUSZHnPzOciWNLuhXRvwAAAQAAAQ.jpg,A_0aCUSY5NN4IAAAAAAAAAAAAAAQAAAQ.jpg,0,96,175
A_C0vvSpWL_JsAAAAAAAAAAAAAAQAAAQ.jpg,A_atr-Q7oa0ywAAAAAAAAAAAAAAQAAAQ.jpg,0,121,43
A_TgAqQpXQPWgAAAAAAAAAAAAAAQAAAQ.jpg,A_r5lyTqEh9NQAAAAAAAAAAAAAAQAAAQ.jpg,0,139,170
A_y6yGT6qZ-m4AAAAAAAAAAAAAAQAAAQ.jpg,A_juPfTZQWNPEAAAAAAAAAAAAAAQAAAQ.jpg,0,103,30
A_fhlXTKaMzqIAAAAAAAAAAAAAAQAAAQ.jpg,A_d1iSRoW_qgQAAAAAAAAAAAAAAQAAAQ.jpg,0,342,18
A_M2dJTrQsL7gAAAAAAAAAAAAAAQAAAQ.jpg,A_zE7OR59AboMAAAAAAAAAAAAAAQAAAQ.jpg,0,167,341
PXhnsQ6BSAW7VRUKjS1fswAAACMAARAD.jpg,A_xgEcQJU0HaoAAAAAAAAAAAAAAQAAAQ.jpg,0,70,273
A_rZL0S6dvFYvlzupIll1R-AAAAQAAAQ.jpg,A_LRDNQb_6khoAAAAAAAAAAAAAAQAAAQ.jpg,0,175,342
A_L9_gSaoQ_w8AAAAAAAAAAAAAAQAAAQ.jpg,A_T_xdRoOUXqsAAAAAAAAAAAAAAQAAAQ.jpg,0,234,140
A_8TLTSrYPUTUAAAAAAAAAAAAAAQAAAQ.jpg,A__YxFR6NzEjQAAAAAAAAAAAAAAQAAAQ.jpg,0,328,13
A_OwX6S7nJKi4AAAAAAAAAAAAAAQAAAQ.jpg,qyqNN_HDShqToEUCAcDKYQAAACMAARAD.jpg,0,220,291
A_jejVTopHAJoAAAAAAAAAAAAAAQAAAQ.jpg,A_hAAHRLBv6kUAAAAAAAAAAAAAAQAAAQ.jpg,0,194,202
AxQOGcN4RkCPWfcMhYgBuQAAACMAARAD.jpg,A_GtpMTbLtVR4AAAAAAAAAAAAAAQAAAQ.jpg,0,307,319
A_wPnAQIK6lFQAAAAAAAAAAAAAAQAAAQ.jpg,A_OrR4RrU6OP0AAAAAAAAAAAAAAQAAAQ.jpg,0,84,212
A_UXmITL-h8LMAAAAAAAAAAAAAAQAAAQ.jpg,A_XTPLTJ9RiO4AAAAAAAAAAAAAAQAAAQ.jpg,0,140,325
A_d-HpRbQdU1YAAAAAAAAAAAAAAQAAAQ.jpg,A_V03gR7K90bIAAAAAAAAAAAAAAQAAAQ.jpg,0,33,220
A_TiDfT7B8BmwAAAAAAAAAAAAAAQAAAQ.jpg,A_nwlKT4igLyQAAAAAAAAAAAAAAQAAAQ.jpg,0,152,37
A_higyRahZ3-cAAAAAAAAAAAAAAQAAAQ.jpg,A_cKTpQK7jeCMAAAAAAAAAAAAAAQAAAQ.jpg,0,266,143
A_CSAAQqCz9coAAAAAAAAAAAAAAQAAAQ.jpg,A_R094QKfEc7UAAAAAAAAAAAAAAQAAAQ.jpg,0,117,272
A_nw_7QLxh6h4AAAAAAAAAAAAAAQAAAQ.jpg,A_dI4zSai8yk8AAAAAAAAAAAAAAQAAAQ.jpg,0,271,221
A_MjewSKBgq9EAAAAAAAAAAAAAAQAAAQ.jpg,A_g1RJRYomLtCGJS5AnNEITgAAAQAAAQ.jpg,0,5,89
A_7zpaTrXCE1sAAAAAAAAAAAAAAQAAAQ.jpg,A_l_WDRZSqqCQAAAAAAAAAAAAAAQAAAQ.jpg,0,288,1
A_wr26TqasgdEAAAAAAAAAAAAAAQAAAQ.jpg,A_VV-4R7Xfd1AAAAAAAAAAAAAAAQAAAQ.jpg,0,165,221
CGF0IrWnSRGBFZV0QP-bbAAAACMAARAD.jpg,46wgkuZZT6eVVCnVPQgrpgAAACMAARAD.jpg,0,219,327
PKvgCxspT06mVkCupz9C2QAAACMAARAD.jpg,A_HII8R5WzRQ4AAAAAAAAAAAAAAQAAAQ.jpg,0,134,179
A_9SxdQYnmGb8AAAAAAAAAAAAAAQAAAQ.jpg,A_FjITQKM8yiQAAAAAAAAAAAAAAQAAAQ.jpg,0,259,210
A_TfvQTrtOPDQAAAAAAAAAAAAAAQAAAQ.jpg,A_xK0XQo9bd_wAAAAAAAAAAAAAAQAAAQ.jpg,0,243,143
A_ab2UR5VE8pYAAAAAAAAAAAAAAQAAAQ.jpg,A_puDYQoa6ZyAAAAAAAAAAAAAAAQAAAQ.jpg,0,49,160
A_JzxkRq5CL7UKXIZGrRlzfQAAAQAAAQ.jpg,2G8MIAaDRluIS-ucQOWdigAAACMAARAD.jpg,0,216,54
NHtoXmJsQbC2oYEEvNh-agAAACMAARAD.jpg,A_jejVTopHAJoAAAAAAAAAAAAAAQAAAQ.jpg,0,6,194
A_TnpqRIoO1cIAAAAAAAAAAAAAAQAAAQ.jpg,A_M-KbRYPdAHoAAAAAAAAAAAAAAQAAAQ.jpg,0,130,336
A_L9_gSaoQ_w8AAAAAAAAAAAAAAQAAAQ.jpg,A_cKh6QbFC51wAAAAAAAAAAAAAAQAAAQ.jpg,0,234,169
A_jC-uQI9wmRgAAAAAAAAAAAAAAQAAAQ.jpg,A_8TLTSrYPUTUAAAAAAAAAAAAAAQAAAQ.jpg,0,75,328
A_3BuiQbibhO8AAAAAAAAAAAAAAQAAAQ.jpg,A_8qvqS61s-g4AAAAAAAAAAAAAAQAAAQ.jpg,0,9,332
A_lWreSpZxhyAAAAAAAAAAAAAAAQAAAQ.jpg,A_mVW5RI4asboAAAAAAAAAAAAAAQAAAQ.jpg,0,15,255
A_aDhQT4JRtKIAAAAAAAAAAAAAAQAAAQ.jpg,A_Dl-rQYisXAQAAAAAAAAAAAAAAQAAAQ.jpg,0,275,37
A_Ak6wQLMJZPUAAAAAAAAAAAAAAQAAAQ.jpg,A_wOfbQoNWSAQAAAAAAAAAAAAAAQAAAQ.jpg,0,135,2
A_yFmGSo2bp-cAAAAAAAAAAAAAAQAAAQ.jpg,A_N13KR4j5Yt8AAAAAAAAAAAAAAQAAAQ.jpg,0,248,228
A_xigkRLl7oW4AAAAAAAAAAAAAAQAAAQ.jpg,4mdzWDyRQ82GuQWRmzSQBQAAACMAARAD.jpg,0,230,186
ysnTdNgkTQ2KcesYGinCrgAAACMAARAD.jpg,A_eKPdQ7NuzWMAAAAAAAAAAAAAAQAAAQ.jpg,0,132,79
A_1328TKphdQgAAAAAAAAAAAAAAQAAAQ.jpg,A_lPwKS7HXTIUAAAAAAAAAAAAAAQAAAQ.jpg,0,30,309
A_LvVhRqiGvcIAAAAAAAAAAAAAAQAAAQ.jpg,A_aU59RJLl9L4AAAAAAAAAAAAAAQAAAQ.jpg,0,194,32
FzycvDuPSGu-ef2sruqE3wAAACMAARAD.jpg,A_IOFuS4ljD_MAAAAAAAAAAAAAAQAAAQ.jpg,0,150,57
A_miO8RI_sLsIAAAAAAAAAAAAAAQAAAQ.jpg,A_437OSrredWUAAAAAAAAAAAAAAQAAAQ.jpg,0,180,271
A_cKTpQK7jeCMAAAAAAAAAAAAAAQAAAQ.jpg,A_LWb7SL9pX8IAAAAAAAAAAAAAAQAAAQ.jpg,0,143,98
A_3hHGTIRrcnwAAAAAAAAAAAAAAQAAAQ.jpg,A_H2d7SazIiaAAAAAAAAAAAAAAAQAAAQ.jpg,0,9,73
A_BAxDTpRHSnwAAAAAAAAAAAAAAQAAAQ.jpg,A_8ZqeTLmaayAAAAAAAAAAAAAAAQAAAQ.jpg,0,236,212
A_juPfTZQWNPEAAAAAAAAAAAAAAQAAAQ.jpg,A_mhYFS7uBQCIAAAAAAAAAAAAAAQAAAQ.jpg,0,30,193
A_KW5iQISstkQAAAAAAAAAAAAAAQAAAQ.jpg,A_GMLtS7vMkDMAAAAAAAAAAAAAAQAAAQ.jpg,0,146,241
A_UbkTQI6a8oMAAAAAAAAAAAAAAQAAAQ.jpg,hL3x2UFYTb-fOuBIwUKJMAAAACMAARED.jpg,0,61,128
A_KhFwTKJ4XWwAAAAAAAAAAAAAAQAAAQ.jpg,A_rIp5QoMBGOQAAAAAAAAAAAAAAQAAAQ.jpg,0,338,53
A_6JGwQau_WNoAAAAAAAAAAAAAAQAAAQ.jpg,A_hiF9SJL03uIAAAAAAAAAAAAAAQAAAQ.jpg,0,284,214
A_aU59RJLl9L4AAAAAAAAAAAAAAQAAAQ.jpg,A_FeBCQrUGfIcAAAAAAAAAAAAAAQAAAQ.jpg,0,32,272
A_g1RJRYomLtCGJS5AnNEITgAAAQAAAQ.jpg,-6WHQxGYR3ej96FqYNv-hAAAACMAARAD.jpg,0,89,208
A_lTNbTYEaGsMAAAAAAAAAAAAAAQAAAQ.jpg,A_MfjWQa58yzwAAAAAAAAAAAAAAQAAAQ.jpg,0,224,90
A_92a6Tq_Mr68AAAAAAAAAAAAAAQAAAQ.jpg,A_LvVhRqiGvcIAAAAAAAAAAAAAAQAAAQ.jpg,0,175,194
A_HRkFRZKRfK4AAAAAAAAAAAAAAQAAAQ.jpg,A_7dSiR56sjZkAAAAAAAAAAAAAAQAAAQ.jpg,0,330,313
A_6DRKTb5hhmYAAAAAAAAAAAAAAQAAAQ.jpg,A_SbRDQbZ63xkAAAAAAAAAAAAAAQAAAQ.jpg,0,38,78
A_vaaqQKunbZkAAAAAAAAAAAAAAQAAAQ.jpg,rMWpilyUToW_ESjYFAiCGwAAACMAARAD.jpg,0,141,238
A_FZxTQJDVbkYAAAAAAAAAAAAAAQAAAQ.jpg,A_FYeLRIlqv1sAAAAAAAAAAAAAAQAAAQ.jpg,0,289,318
A_wPiZSI8pSBIAAAAAAAAAAAAAAQAAAQ.jpg,HekMXIAUTl2HXeAFu4VTAgAAACMAARAD.jpg,0,157,164
A_oU0aQJ48IRsAAAAAAAAAAAAAAQAAAQ.jpg,A_HeLsQKQMu50AAAAAAAAAAAAAAQAAAQ.jpg,0,133,43
EIpoK14ATmCiS-H_pM6kvAAAACMAARAD.jpg,A_-HPcQKsgKR8AAAAAAAAAAAAAAQAAAQ.jpg,0,54,96
A_T_xdRoOUXqsAAAAAAAAAAAAAAQAAAQ.jpg,O4evSscSQOaRanT5DclZ5wAAACMAARAD.jpg,0,140,4
A_s3DKToWP_5UAAAAAAAAAAAAAAQAAAQ.jpg,A_QZE9RZrlk7wAAAAAAAAAAAAAAQAAAQ.jpg,0,142,223
uKy0yW2aSKGHTpR2lfUysQAAACMAARAD.jpg,A_7zpaTrXCE1sAAAAAAAAAAAAAAQAAAQ.jpg,0,132,288
A_yBncQYqQkt4AAAAAAAAAAAAAAQAAAQ.jpg,A_H_zgSYO_OSwAAAAAAAAAAAAAAQAAAQ.jpg,0,250,231
A_bv-GT6sWBVEAAAAAAAAAAAAAAQAAAQ.jpg,A_NDzHTLNzG5MAAAAAAAAAAAAAAQAAAQ.jpg,0,254,235
A_g3QTTLBYHsUAAAAAAAAAAAAAAQAAAQ.jpg,A_wNo8Squ-ZpAAAAAAAAAAAAAAAQAAAQ.jpg,0,136,8
A_GGwZR7_S7yYAAAAAAAAAAAAAAQAAAQ.jpg,A_7t5MRrn6fyUAAAAAAAAAAAAAAQAAAQ.jpg,0,55,303
A_T_xdRoOUXqsAAAAAAAAAAAAAAQAAAQ.jpg,A_PR05ToNQKfQAAAAAAAAAAAAAAQAAAQ.jpg,0,140,212
A_CbtxSYI7W3wAAAAAAAAAAAAAAQAAAQ.jpg,A_wr26TqasgdEAAAAAAAAAAAAAAQAAAQ.jpg,0,280,165
A_SJTyRbZbs-8AAAAAAAAAAAAAAQAAAQ.jpg,A_GdTOQ6xnzZMAAAAAAAAAAAAAAQAAAQ.jpg,0,149,342
otcaKuZmTvi_QxerP6VRdAAAACMAARAD.jpg,A_PD58S5qjNQoAAAAAAAAAAAAAAQAAAQ.jpg,0,207,262
A_Uga7SbOpyY0AAAAAAAAAAAAAAQAAAQ.jpg,A_srDSRYqJNiUAAAAAAAAAAAAAAQAAAQ.jpg,0,69,44
A_KRnoQ5ccGD4AAAAAAAAAAAAAAQAAAQ.jpg,A_zMhHRKUhSuE7jzBNqjIYmQAAAQAAAQ.jpg,0,235,148
zGfOrLgJRWq4z48tv9EHeQAAACMAARAD.jpg,A_vAl2Q52NU9MAAAAAAAAAAAAAAQAAAQ.jpg,0,155,340
A_Ver0Ro7tFCYAAAAAAAAAAAAAAQAAAQ.jpg,A_7dSiR56sjZkAAAAAAAAAAAAAAQAAAQ.jpg,0,222,313
A_gWzlTqoUv50AAAAAAAAAAAAAAQAAAQ.jpg,A_6KB1R5-AhUgAAAAAAAAAAAAAAQAAAQ.jpg,0,239,36
A_5QphQrKDPQgAAAAAAAAAAAAAAQAAAQ.jpg,crE-yGuKTyaiQLaA4borcAAAACMAARAD.jpg,0,285,109
A_GtpMTbLtVR4AAAAAAAAAAAAAAQAAAQ.jpg,A_FbS7RJkTRPMAAAAAAAAAAAAAAQAAAQ.jpg,0,319,99
A_v-mDS7qZe7oAAAAAAAAAAAAAAQAAAQ.jpg,8uu1FfYMQXe3pxQOcXQR9gAAACMAARAD.jpg,0,19,155
crE-yGuKTyaiQLaA4borcAAAACMAARAD.jpg,oUwFV4MkS2S9joIua_wkvwAAACMAARAD.jpg,0,109,155
A_MzYDRI1zIykAAAAAAAAAAAAAAQAAAQ.jpg,A_nJFYQIdXJJIAAAAAAAAAAAAAAQAAAQ.jpg,0,122,138
A_7t5MRrn6fyUAAAAAAAAAAAAAAQAAAQ.jpg,A_Jz60TodhpGgUYFBLnH7ZnAAAAQAAAQ.jpg,0,303,99
A_HCX2Trvkdz8AAAAAAAAAAAAAAQAAAQ.jpg,A_wpTZRJrKEPsAAAAAAAAAAAAAAQAAAQ.jpg,0,103,38
A_s6NBRJVoqogAAAAAAAAAAAAAAQAAAQ.jpg,A_qDygQaMbmCsAAAAAAAAAAAAAAQAAAQ.jpg,0,228,119
A_wpTZRJrKEPsAAAAAAAAAAAAAAQAAAQ.jpg,A_Cx8AT5HA35gAAAAAAAAAAAAAAQAAAQ.jpg,0,38,140
A_6McDRL0y-v8AAAAAAAAAAAAAAQAAAQ.jpg,A_WD_RToG7TiEAAAAAAAAAAAAAAQAAAQ.jpg,0,200,301
A_WcuHSKIfpFcAAAAAAAAAAAAAAQAAAQ.jpg,A_HeLsQKQMu50AAAAAAAAAAAAAAQAAAQ.jpg,0,329,43
A_LUknQ5zwlPEAAAAAAAAAAAAAAQAAAQ.jpg,A__EmvQZaIrk0AAAAAAAAAAAAAAQAAAQ.jpg,0,288,330
A_uJ6ISJ1NElsAAAAAAAAAAAAAAQAAAQ.jpg,4zN2JMNhQYWDS2AtX0u64wAAACMAARAD.jpg,0,256,54
A_FxEiTbFDhBMAAAAAAAAAAAAAAQAAAQ.jpg,A_jZ1QQ773-Q8AAAAAAAAAAAAAAQAAAQ.jpg,0,21,98
A_TYT0T4Fvp38AAAAAAAAAAAAAAQAAAQ.jpg,A_z3KSSqDlw1QAAAAAAAAAAAAAAQAAAQ.jpg,0,302,263
HqCc8PT8QMalF5QdbcP9UwAAACMAARAD.jpg,A_SsADSplZuU0AAAAAAAAAAAAAAQAAAQ.jpg,0,107,258
A_dmmqQrIoeIMAAAAAAAAAAAAAAQAAAQ.jpg,A_6CUMTK6sWtwAAAAAAAAAAAAAAQAAAQ.jpg,0,279,45
A_sltnS47XRVEAAAAAAAAAAAAAAQAAAQ.jpg,A_A17DRrV-btsAAAAAAAAAAAAAAQAAAQ.jpg,0,201,33
A_XHurTYV1xScAAAAAAAAAAAAAAQAAAQ.jpg,A_SUrFSpyat3oAAAAAAAAAAAAAAQAAAQ.jpg,0,337,102
5tv9hCixSeCiHja6EI7b6AAAACMAARAD.jpg,A_1ruyQ7LcAuoAAAAAAAAAAAAAAQAAAQ.jpg,0,120,347
A_CXUcR6GYNjkAAAAAAAAAAAAAAQAAAQ.jpg,A_-cgBQ7nWdC4AAAAAAAAAAAAAAQAAAQ.jpg,0,280,283
A_JAkWS63CU4MAAAAAAAAAAAAAAQAAAQ.jpg,p_poUnC6T06GTFnucmRJSwAAACMAARAD.jpg,0,67,307
A_iK_RRJMtR_0AAAAAAAAAAAAAAQAAAQ.jpg,A_L_fMQ4YgTbUAAAAAAAAAAAAAAQAAAQ.jpg,0,101,125
CsysDwi5QjeJ03Wvg2F9SAAAACMAARAD.jpg,A_B70bT5SypHUAAAAAAAAAAAAAAQAAAQ.jpg,0,99,55
frdTcr-kQKe_ugKUa32pmwAAACMAARAD.jpg,YFn8FC0cQFGTffeP-0YugAAAACMAARAD.jpg,0,174,188
A_q3NGSb8R88wAAAAAAAAAAAAAAQAAAQ.jpg,A_5dhIRrfer5YAAAAAAAAAAAAAAQAAAQ.jpg,0,253,65
A_bjTUS6o38jQAAAAAAAAAAAAAAQAAAQ.jpg,A_2W5zQLpISkcAAAAAAAAAAAAAAQAAAQ.jpg,0,103,105
A__FEKTZUF1Y8AAAAAAAAAAAAAAQAAAQ.jpg,A_-bFhSYWyHW8AAAAAAAAAAAAAAQAAAQ.jpg,0,137,108
A_3bzNSLXJbYOwMn1EhM5NdAAAAQAAAQ.jpg,A_f0N3RpGHGX4AAAAAAAAAAAAAAQAAAQ.jpg,0,324,73
GkKIt_19Rh2gdu0uxH4mbgAAACMAARAD.jpg,jljP-9JORDyajV3g_xwG_wAAACMAARAD.jpg,0,291,129
A_nKQBTJiTOPkAAAAAAAAAAAAAAQAAAQ.jpg,A_33L3RYDwFfYAAAAAAAAAAAAAAQAAAQ.jpg,0,234,335
dyxtW91GQ3m1hwcxGe6xNQAAACMAARAD.jpg,A_6DRKTb5hhmYAAAAAAAAAAAAAAQAAAQ.jpg,0,72,38
A_bZNnSJorqvMAAAAAAAAAAAAAAQAAAQ.jpg,A_JhozTLdUXBAAAAAAAAAAAAAAAQAAAQ.jpg,0,231,238
A_rXoUTpGp2akAAAAAAAAAAAAAAQAAAQ.jpg,5tv9hCixSeCiHja6EI7b6AAAACMAARAD.jpg,0,249,120
A_zVV9QJHiLggAAAAAAAAAAAAAAQAAAQ.jpg,A_6KB1R5-AhUgAAAAAAAAAAAAAAQAAAQ.jpg,0,67,36
A_Rh_cT7z_w7wAAAAAAAAAAAAAAQAAAQ.jpg,A_CSAAQqCz9coAAAAAAAAAAAAAAQAAAQ.jpg,0,17,117
A_CC3tRqsji7gAAAAAAAAAAAAAAQAAAQ.jpg,uwbM_KZaT4WXCQZJ66Ib_QAAACMAARAD.jpg,0,234,192
A_uJ6ISJ1NElsAAAAAAAAAAAAAAQAAAQ.jpg,A_WDLkR6ptwJYAAAAAAAAAAAAAAQAAAQ.jpg,0,256,160
s-goRr4zRqihodt8c49wvwAAACMAARAD.jpg,A_jKAHQ6HeOiMAAAAAAAAAAAAAAQAAAQ.jpg,0,174,285
A_Pgp4TYloAOwAAAAAAAAAAAAAAQAAAQ.jpg,A_KtrxQJE_sIMAAAAAAAAAAAAAAQAAAQ.jpg,0,281,33
A_OxUmQoSZMqwAAAAAAAAAAAAAAQAAAQ.jpg,A_KlKMQ7YwUQUAAAAAAAAAAAAAAQAAAQ.jpg,0,230,269
A_1BkkT5s3pZkAAAAAAAAAAAAAAQAAAQ.jpg,A_QQI2TrP_nAAAAAAAAAAAAAAAAQAAAQ.jpg,0,304,199
A_NpaSRqrF3DwAAAAAAAAAAAAAAQAAAQ.jpg,A_NLtxRaP1d6wAAAAAAAAAAAAAAQAAAQ.jpg,0,196,106
A_Ej53QIThr-wAAAAAAAAAAAAAAQAAAQ.jpg,A_LvVhRqiGvcIAAAAAAAAAAAAAAQAAAQ.jpg,0,57,194
A_qK0OTL76_bMAAAAAAAAAAAAAAQAAAQ.jpg,9Z0hAJwqQ_Sp0MUIGh4b1wAAACMAARAD.jpg,0,21,207
A_0Z_BTJTyxrUAAAAAAAAAAAAAAQAAAQ.jpg,A_tnVbTq1hG0IAAAAAAAAAAAAAAQAAAQ.jpg,0,135,194
XDjg9OcHR_imQ2hoka747gAAACMAARAD.jpg,A_bKPlQL4w2iUAAAAAAAAAAAAAAQAAAQ.jpg,0,208,345
A_9FlLRZb9wXUAAAAAAAAAAAAAAQAAAQ.jpg,A_Ysu4QqIqPYkAAAAAAAAAAAAAAQAAAQ.jpg,0,49,333
A_OdypSY5DoYwAAAAAAAAAAAAAAQAAAQ.jpg,A_fJ6qQJnwL64AAAAAAAAAAAAAAQAAAQ.jpg,0,298,305
A_0DqmSI5YLTYAAAAAAAAAAAAAAQAAAQ.jpg,A_LsbQTaqu05YAAAAAAAAAAAAAAQAAAQ.jpg,0,87,146
A_l_WDRZSqqCQAAAAAAAAAAAAAAQAAAQ.jpg,A_GGwZR7_S7yYAAAAAAAAAAAAAAQAAAQ.jpg,0,1,55
A_Yl1ZSL-Lto8AAAAAAAAAAAAAAQAAAQ.jpg,A_pGC9TI631dMAAAAAAAAAAAAAAQAAAQ.jpg,0,241,74
A_Jt0NQ7kxnNgAAAAAAAAAAAAAAQAAAQ.jpg,A_JO5ZSKO_S7YAAAAAAAAAAAAAAQAAAQ.jpg,0,314,269
A_SXGPT6VlGv0AAAAAAAAAAAAAAQAAAQ.jpg,A_2lrgQ5piRFsAAAAAAAAAAAAAAQAAAQ.jpg,0,15,123
A_iK_RRJMtR_0AAAAAAAAAAAAAAQAAAQ.jpg,A_CFppRq-ikRoAAAAAAAAAAAAAAQAAAQ.jpg,0,101,227
A_aMDbQ5OmVQ4AAAAAAAAAAAAAAQAAAQ.jpg,A_Md8QTJnt4HsAAAAAAAAAAAAAAQAAAQ.jpg,0,95,88
A_l8urSJ3Y_ZMAAAAAAAAAAAAAAQAAAQ.jpg,A_USsBT7LiLzQAAAAAAAAAAAAAAQAAAQ.jpg,0,182,286
A_7mlCRqiHNywAAAAAAAAAAAAAAQAAAQ.jpg,5Oscl8XJRRC2rytTlGL-0AAAACMAARAD.jpg,0,215,226
A_Urt9TpyTclsAAAAAAAAAAAAAAQAAAQ.jpg,A_jcJHTp85KP3Y3pFEtvZWcAAAAQAAAQ.jpg,0,37,64
A_K3lrQrI1-gIAAAAAAAAAAAAAAQAAAQ.jpg,A_C4yWR6KggDwAAAAAAAAAAAAAAQAAAQ.jpg,0,334,61
A_JiP8RIdhMFgAAAAAAAAAAAAAAQAAAQ.jpg,A_Uh4ZRZjAbOAAAAAAAAAAAAAAAQAAAQ.jpg,0,14,52
A_OT8IQIP4z90AAAAAAAAAAAAAAQAAAQ.jpg,A_AKdFRp5BRZYAAAAAAAAAAAAAAQAAAQ.jpg,0,264,162
A_gWzlTqoUv50AAAAAAAAAAAAAAQAAAQ.jpg,A_oTz0Q6Q2sBMAAAAAAAAAAAAAAQAAAQ.jpg,0,239,76
A_BTUkT4Eo6pQAAAAAAAAAAAAAAQAAAQ.jpg,A_sjosRJ0wPVkAAAAAAAAAAAAAAQAAAQ.jpg,0,266,179
A_TneoSKTv7UkAAAAAAAAAAAAAAQAAAQ.jpg,A_qltmS7ZNsLUAAAAAAAAAAAAAAQAAAQ.jpg,0,223,91
A_S11EQYn7Fj8AAAAAAAAAAAAAAQAAAQ.jpg,A_t6AyT4K76akAAAAAAAAAAAAAAQAAAQ.jpg,0,224,346
A_c7PhTYy24i4AAAAAAAAAAAAAAQAAAQ.jpg,A__53oQqKI9vwAAAAAAAAAAAAAAQAAAQ.jpg,0,137,340
A_NuL2TKMEwowAAAAAAAAAAAAAAQAAAQ.jpg,A_76m-RZH9-rYAAAAAAAAAAAAAAQAAAQ.jpg,0,265,239
A_XhFbQoM2GvIAAAAAAAAAAAAAAQAAAQ.jpg,A_B5PLRYT7qakAAAAAAAAAAAAAAQAAAQ.jpg,0,229,228
A_V9dzTZ0oezwAAAAAAAAAAAAAAQAAAQ.jpg,A_TfvQTrtOPDQAAAAAAAAAAAAAAQAAAQ.jpg,0,235,243
A_ErnBQ6DQzEoAAAAAAAAAAAAAAQAAAQ.jpg,A_LUknQ5zwlPEAAAAAAAAAAAAAAQAAAQ.jpg,0,9,288
A_8ZqeTLmaayAAAAAAAAAAAAAAAQAAAQ.jpg,8Qwjp3LcQ3iDOb7i9kMsegAAACMAARAD.jpg,0,212,20
A_iGqzSrLtlcMAAAAAAAAAAAAAAQAAAQ.jpg,A_3JWtT62FzhAAAAAAAAAAAAAAAQAAAQ.jpg,0,261,290
pJMeyxnvRPOCrS-s9zDN6AAAACMAARAD.jpg,A_acoIRKkS4KMAAAAAAAAAAAAAAQAAAQ.jpg,0,323,336
A_2wBqTpzmeL3VldlEs7raLQAAAQAAAQ.jpg,A_eCGwQpnlatEAAAAAAAAAAAAAAQAAAQ.jpg,0,49,80
A_MtxfT4wtikgAAAAAAAAAAAAAAQAAAQ.jpg,A_LZQHRJnzs8kAAAAAAAAAAAAAAQAAAQ.jpg,0,286,85
A_wNo8Squ-ZpAAAAAAAAAAAAAAAQAAAQ.jpg,A__FEKTZUF1Y8AAAAAAAAAAAAAAQAAAQ.jpg,0,8,137
A_8RO8SZ_cRhQAAAAAAAAAAAAAAQAAAQ.jpg,A_kRgtTKT8j2YAAAAAAAAAAAAAAQAAAQ.jpg,0,303,261
A__OfaT7yTwxUAAAAAAAAAAAAAAQAAAQ.jpg,A_JFQFRqCRuosAAAAAAAAAAAAAAQAAAQ.jpg,0,273,68
A_-gLFTpM2eMUAAAAAAAAAAAAAAQAAAQ.jpg,A_y0pUQad8WowAAAAAAAAAAAAAAQAAAQ.jpg,0,81,48
55fo6TlLS8mFijkrYINs0AAAACMAARAD.jpg,A_P_orQb_1tnYAAAAAAAAAAAAAAQAAAQ.jpg,0,56,269
A_Vu_PRqVmM8AAAAAAAAAAAAAAAQAAAQ.jpg,A_-ZsZRYceA08AAAAAAAAAAAAAAQAAAQ.jpg,0,14,96
A_l7TnSbKoau8AAAAAAAAAAAAAAQAAAQ.jpg,A_VR95Q4yGMG0AAAAAAAAAAAAAAQAAAQ.jpg,0,40,114
A_g55DSKHkNDkAAAAAAAAAAAAAAQAAAQ.jpg,A_J-7MTKEefysAAAAAAAAAAAAAAQAAAQ.jpg,0,137,44
A_aKs_R7ladhcAAAAAAAAAAAAAAQAAAQ.jpg,A_sw55T7tdUW8AAAAAAAAAAAAAAQAAAQ.jpg,0,69,29
A_5RnLQp7mKNsAAAAAAAAAAAAAAQAAAQ.jpg,A_k02wRqflDJcAAAAAAAAAAAAAAQAAAQ.jpg,0,130,328
A__2g8SIdev1YAAAAAAAAAAAAAAQAAAQ.jpg,A_KG1fRooRKKoAAAAAAAAAAAAAAQAAAQ.jpg,0,153,286
J1O8TQTwTPSajGqg9HcALwAAACMAARAD.jpg,A_JO5ZSKO_S7YAAAAAAAAAAAAAAQAAAQ.jpg,0,192,269
A_peVaRKhGG6EAAAAAAAAAAAAAAQAAAQ.jpg,A_0mFaQoSKPVgAAAAAAAAAAAAAAQAAAQ.jpg,0,338,87
qt9ydc-FTHqABlnv0E338AAAACMAARAD.jpg,A_8gLsQ6KuwHQAAAAAAAAAAAAAAQAAAQ.jpg,0,150,124
A_wEzeR4yAYOUAAAAAAAAAAAAAAQAAAQ.jpg,A__5f3Qa27j5YAAAAAAAAAAAAAAQAAAQ.jpg,0,117,277
A_vdO2RolMKVcAAAAAAAAAAAAAAQAAAQ.jpg,A_vBLvSIjsr5oAAAAAAAAAAAAAAQAAAQ.jpg,0,98,308
A_FeBCQrUGfIcAAAAAAAAAAAAAAQAAAQ.jpg,A_p4flTrdsBe8AAAAAAAAAAAAAAQAAAQ.jpg,0,272,76
A_vbb5RrhFhKkAAAAAAAAAAAAAAQAAAQ.jpg,A_D5prT4UpL5EAAAAAAAAAAAAAAQAAAQ.jpg,0,220,87
A_y8iFSJzwNJ4AAAAAAAAAAAAAAQAAAQ.jpg,A_N0opT5roVPAAAAAAAAAAAAAAAQAAAQ.jpg,0,272,242
A_fXp1S7xHV6YAAAAAAAAAAAAAAQAAAQ.jpg,A_c_7LRYptgZ4AAAAAAAAAAAAAAQAAAQ.jpg,0,106,263
A_m8sWQpOHV-EAAAAAAAAAAAAAAQAAAQ.jpg,A_UIM0T5DUSJMAAAAAAAAAAAAAAQAAAQ.jpg,0,25,24
A_dI4zSai8yk8AAAAAAAAAAAAAAQAAAQ.jpg,A_cY_dQKTxLZIAAAAAAAAAAAAAAQAAAQ.jpg,0,221,34
A_3R5AT4k8aW0AAAAAAAAAAAAAAQAAAQ.jpg,ORZnfTwMTGmDKW-_9Zm_cAAAACMAARAD.jpg,0,59,348
A_21V8SYT5XQkAAAAAAAAAAAAAAQAAAQ.jpg,A_TnpqRIoO1cIAAAAAAAAAAAAAAQAAAQ.jpg,0,220,130
A_VKWZTI04Y7wAAAAAAAAAAAAAAQAAAQ.jpg,A_HXWXTZxti_gAAAAAAAAAAAAAAQAAAQ.jpg,0,41,311
ejYUJjUrTHmLuE2JKdcsRgAAACMAARAD.jpg,A_sEMKS4Zum5UAAAAAAAAAAAAAAQAAAQ.jpg,0,20,273
A_2lrgQ5piRFsAAAAAAAAAAAAAAQAAAQ.jpg,A_YRDWQrX8B_UAAAAAAAAAAAAAAQAAAQ.jpg,0,123,258
A_82YISZVTz64AAAAAAAAAAAAAAQAAAQ.jpg,3TWmN3cgR6O-z4Ry4M-TngAAACMAARAD.jpg,0,298,132
A_5JaUS5e0nHAAAAAAAAAAAAAAAQAAAQ.jpg,A_XNHHSZlJH00AAAAAAAAAAAAAAQAAAQ.jpg,0,204,153
A_tZlpQLPXXpQAAAAAAAAAAAAAAQAAAQ.jpg,A_vA8kSp4KcUUAAAAAAAAAAAAAAQAAAQ.jpg,0,84,141
A_O8KZRLhoNGMAAAAAAAAAAAAAAQAAAQ.jpg,A_W2IxTrShf0MAAAAAAAAAAAAAAQAAAQ.jpg,0,105,334
A_fgxxT7gC-zwAAAAAAAAAAAAAAQAAAQ.jpg,A_Km6WQabbG9cAAAAAAAAAAAAAAQAAAQ.jpg,0,198,248
8quPjI33SE-iyYx4UOnjkQAAACMAARAD.jpg,A_dWv2RbF20pgAAAAAAAAAAAAAAQAAAQ.jpg,0,68,243
A_mbl7SbkDKR4AAAAAAAAAAAAAAQAAAQ.jpg,A_sltnS47XRVEAAAAAAAAAAAAAAQAAAQ.jpg,0,16,201
A_05zKQb6bySIAAAAAAAAAAAAAAQAAAQ.jpg,A_EgytQoIRmCEAAAAAAAAAAAAAAQAAAQ.jpg,0,216,343
A_2nNMSZOEYsQAAAAAAAAAAAAAAQAAAQ.jpg,hL3x2UFYTb-fOuBIwUKJMAAAACMAARED.jpg,0,349,128
A_6JGwQau_WNoAAAAAAAAAAAAAAQAAAQ.jpg,4AGq8NKSRuOp1uokfOiJnwAAACMAARAD.jpg,0,284,52
A_naL1RJ86jCoAAAAAAAAAAAAAAQAAAQ.jpg,A_gR_YR4d18TQAAAAAAAAAAAAAAQAAAQ.jpg,0,28,127
A_pMrhQLroe0IAAAAAAAAAAAAAAQAAAQ.jpg,A_I4uaQKtPPhAAAAAAAAAAAAAAAQAAAQ.jpg,0,319,329
A_CC3tRqsji7gAAAAAAAAAAAAAAQAAAQ.jpg,A_RZTaRK3bJIcAAAAAAAAAAAAAAQAAAQ.jpg,0,234,123
A_-JpBS6Eepe4AAAAAAAAAAAAAAQAAAQ.jpg,A_xteZTaHHkAYAAAAAAAAAAAAAAQAAAQ.jpg,0,210,205
A_Vb0FSquZ6YkAAAAAAAAAAAAAAQAAAQ.jpg,A_f8MgS5sAGg0AAAAAAAAAAAAAAQAAAQ.jpg,0,237,93
A__53oQqKI9vwAAAAAAAAAAAAAAQAAAQ.jpg,A_He2nSrEFR1YAAAAAAAAAAAAAAQAAAQ.jpg,0,340,300
A_ByB_RpYeWmsAAAAAAAAAAAAAAQAAAQ.jpg,A_lU5xT7JfAoEAAAAAAAAAAAAAAQAAAQ.jpg,0,232,317
A_SUrFSpyat3oAAAAAAAAAAAAAAQAAAQ.jpg,A_CFppRq-ikRoAAAAAAAAAAAAAAQAAAQ.jpg,0,102,227
A_29WIRrT3Pg4AAAAAAAAAAAAAAQAAAQ.jpg,A_hPGSRoU0C8kAAAAAAAAAAAAAAQAAAQ.jpg,0,75,308
A_VR95Q4yGMG0AAAAAAAAAAAAAAQAAAQ.jpg,A_76m-RZH9-rYAAAAAAAAAAAAAAQAAAQ.jpg,0,114,239
A_rGSuTZXVuRUGn2pDh9p9vgAAAQAAAQ.jpg,A_TneoSKTv7UkAAAAAAAAAAAAAAQAAAQ.jpg,0,2,223
A_HTT-TokpzUQAAAAAAAAAAAAAAQAAAQ.jpg,A_FbS7RJkTRPMAAAAAAAAAAAAAAQAAAQ.jpg,0,268,99
A_EkWETZHkU5kAAAAAAAAAAAAAAQAAAQ.jpg,A_FYeLRIlqv1sAAAAAAAAAAAAAAQAAAQ.jpg,0,212,318
A_e7dMTaR9QaEAAAAAAAAAAAAAAQAAAQ.jpg,A_OxUmQoSZMqwAAAAAAAAAAAAAAQAAAQ.jpg,0,312,230
A_T7tpTqdx0wcAAAAAAAAAAAAAAQAAAQ.jpg,A_k6J1RpHE-uEAAAAAAAAAAAAAAQAAAQ.jpg,0,159,131
A_ryBhQJmZFnUAAAAAAAAAAAAAAQAAAQ.jpg,A_aU59RJLl9L4AAAAAAAAAAAAAAQAAAQ.jpg,0,267,32
UB-NZRT8SxapdoqCNWuvvAAAACMAARAD.jpg,LkTAGmb3TGuGGZHU52brUQAAACMAARAD.jpg,0,211,207
5xr55tW6SGCb4W78k-0IXwAAACMAARAD.jpg,A_LngHSpFXTD4AAAAAAAAAAAAAAQAAAQ.jpg,0,211,336
A_dNP4R4O9ASkAAAAAAAAAAAAAAQAAAQ.jpg,A_cUEKTLA6SR4AAAAAAAAAAAAAAQAAAQ.jpg,0,257,312
qt9ydc-FTHqABlnv0E338AAAACMAARAD.jpg,lFnXbsgySbe-RMVrti88KQAAACMAARAD.jpg,0,150,134
A_wSWmTr7_FucAAAAAAAAAAAAAAQAAAQ.jpg,A_PKCVSakmtxUAAAAAAAAAAAAAAQAAAQ.jpg,0,302,278
tk4mOGEERLCxkiRM1WOXuwAAACMAARAD.jpg,A_eUwvR77C5UwAAAAAAAAAAAAAAQAAAQ.jpg,0,211,65
A_dIlQSIobnFAAAAAAAAAAAAAAAQAAAQ.jpg,A_sfE-TqYrEMMAAAAAAAAAAAAAAQAAAQ.jpg,0,45,93
A_1XV-TI8AFDMAAAAAAAAAAAAAAQAAAQ.jpg,A_pWOlQZby4GYAAAAAAAAAAAAAAQAAAQ.jpg,0,295,121
A_i86wS72-_lQAAAAAAAAAAAAAAQAAAQ.jpg,A_BA6tQ66OKSUAAAAAAAAAAAAAAQAAAQ.jpg,0,224,43
A_4OdZTY_C4z8AAAAAAAAAAAAAAQAAAQ.jpg,A_hFIsQqIAQwEAAAAAAAAAAAAAAQAAAQ.jpg,0,304,81
A_M6rDSaJqguwAAAAAAAAAAAAAAQAAAQ.jpg,A_oIudQY-doeoAAAAAAAAAAAAAAQAAAQ.jpg,0,25,58
A_7dSiR56sjZkAAAAAAAAAAAAAAQAAAQ.jpg,A_qzxeRo3Av5AAAAAAAAAAAAAAAQAAAQ.jpg,0,313,346
A_0mFaQoSKPVgAAAAAAAAAAAAAAQAAAQ.jpg,A_QYfVToXTeu0AAAAAAAAAAAAAAQAAAQ.jpg,0,87,229
A_fNviRZaQBUIAAAAAAAAAAAAAAQAAAQ.jpg,A_pGC9TI631dMAAAAAAAAAAAAAAQAAAQ.jpg,0,151,74
A_VQ4tRoLu4e4AAAAAAAAAAAAAAQAAAQ.jpg,Xep9PWi-TnyRkBu-1lOpugAAACMAARAD.jpg,0,292,150
A_2fEAQ6wRV78AAAAAAAAAAAAAAQAAAQ.jpg,A_J-7MTKEefysAAAAAAAAAAAAAAQAAAQ.jpg,0,255,44
A_4COnRIftFtkAAAAAAAAAAAAAAQAAAQ.jpg,A_FZxTQJDVbkYAAAAAAAAAAAAAAQAAAQ.jpg,0,104,289
A_q3_rR6k-lYMAAAAAAAAAAAAAAQAAAQ.jpg,9OMvA3NtSGCRN6ymcLH-cAAAACMAARAD.jpg,0,245,323
A_MzYDRI1zIykAAAAAAAAAAAAAAQAAAQ.jpg,A_WIkoSofHxNkAAAAAAAAAAAAAAQAAAQ.jpg,0,122,67
8Qwjp3LcQ3iDOb7i9kMsegAAACMAARAD.jpg,A_bWQgQawVwX4AAAAAAAAAAAAAAQAAAQ.jpg,0,20,90
A_yhhDQbrQfGcAAAAAAAAAAAAAAQAAAQ.jpg,A_iPsbSr7C5DcAAAAAAAAAAAAAAQAAAQ.jpg,0,206,254
A_qzxeRo3Av5AAAAAAAAAAAAAAAQAAAQ.jpg,A_TdNTTqxkNsEAAAAAAAAAAAAAAQAAAQ.jpg,0,346,339
A_m7-sRo3H-HgAAAAAAAAAAAAAAQAAAQ.jpg,A_f7WbRLWc904AAAAAAAAAAAAAAQAAAQ.jpg,0,330,142
A_q9E-TreZOpcAAAAAAAAAAAAAAQAAAQ.jpg,A_MwufRZG5iJ8AAAAAAAAAAAAAAQAAAQ.jpg,0,276,236
A_0xRaQ4mC4A0AAAAAAAAAAAAAAQAAAQ.jpg,A_DpAcQ6ZefVMAAAAAAAAAAAAAAQAAAQ.jpg,0,332,246
A_f8MgS5sAGg0AAAAAAAAAAAAAAQAAAQ.jpg,A_SsVBRJzukC8AAAAAAAAAAAAAAQAAAQ.jpg,0,93,308
A_O8IBS7bcXMAAAAAAAAAAAAAAAQAAAQ.jpg,A_B416T40hjHAAAAAAAAAAAAAAAQAAAQ.jpg,0,196,116
A_WFX-R60X0GEAAAAAAAAAAAAAAQAAAQ.jpg,A_rZCET7Bcu5YAAAAAAAAAAAAAAQAAAQ.jpg,0,62,143
A_vaaqQKunbZkAAAAAAAAAAAAAAQAAAQ.jpg,A_Jz60TodhpGgUYFBLnH7ZnAAAAQAAAQ.jpg,0,141,99
A_qi_5T4aATlcAAAAAAAAAAAAAAQAAAQ.jpg,xW1Mn56mRh-OB69ayDWmoQAAACMAARAD.jpg,0,261,190
7ACCezYsSqiEz-zehRjeGAAAACMAARAD.jpg,A_57b6Sb8-FAYAAAAAAAAAAAAAAQAAAQ.jpg,0,310,300
A_KlKMQ7YwUQUAAAAAAAAAAAAAAQAAAQ.jpg,A_xteZTaHHkAYAAAAAAAAAAAAAAQAAAQ.jpg,0,269,205
A_Mr_oTZ8LdmUAAAAAAAAAAAAAAQAAAQ.jpg,A_hDlVQZkfoCwAAAAAAAAAAAAAAQAAAQ.jpg,0,181,173
A_IfS8TqroUEgAAAAAAAAAAAAAAQAAAQ.jpg,A_tiodTJuNpegAAAAAAAAAAAAAAQAAAQ.jpg,0,131,252
UB-NZRT8SxapdoqCNWuvvAAAACMAARAD.jpg,A_e7dMTaR9QaEAAAAAAAAAAAAAAQAAAQ.jpg,0,211,312
NHtoXmJsQbC2oYEEvNh-agAAACMAARAD.jpg,A_xkbbR6DqPbwAAAAAAAAAAAAAAQAAAQ.jpg,0,6,288
A_-6tiTb6_VSoAAAAAAAAAAAAAAQAAAQ.jpg,A_Ka1IRZhFoOoAAAAAAAAAAAAAAQAAAQ.jpg,0,34,125
A_NDzHTLNzG5MAAAAAAAAAAAAAAQAAAQ.jpg,A_AcFbQoqDqRwAAAAAAAAAAAAAAQAAAQ.jpg,0,235,345
A_plIEQ4aQaFEAAAAAAAAAAAAAAQAAAQ.jpg,zQs0kBsAS2mS20h_2hp37AAAACMAARAD.jpg,0,349,316
A_uMyGRoe6OD4AAAAAAAAAAAAAAQAAAQ.jpg,A_qcBdQZZoAUcAAAAAAAAAAAAAAQAAAQ.jpg,0,23,110
A_CjU5SoWF2L0AAAAAAAAAAAAAAQAAAQ.jpg,A_JFQFRqCRuouu-ldCkHSAIAAAAQAAAQ.jpg,0,118,68
A_acoIRKkS4KMAAAAAAAAAAAAAAQAAAQ.jpg,A_PNRuRprSSG4AAAAAAAAAAAAAAQAAAQ.jpg,0,336,335
A_P_orQb_1tnYAAAAAAAAAAAAAAQAAAQ.jpg,A_9SxdQYnmGb8AAAAAAAAAAAAAAQAAAQ.jpg,0,269,259
A_vA8kSp4KcUUAAAAAAAAAAAAAAQAAAQ.jpg,A_qL1DQ52JFAsAAAAAAAAAAAAAAQAAAQ.jpg,0,141,44
A_1vE2T5QGHN4AAAAAAAAAAAAAAQAAAQ.jpg,A_9z7ISKHMk40AAAAAAAAAAAAAAQAAAQ.jpg,0,297,334
A_gWzlTqoUv50AAAAAAAAAAAAAAQAAAQ.jpg,A_LWb7SL9pX8IAAAAAAAAAAAAAAQAAAQ.jpg,0,239,98
A_plhwSYSpPVIAAAAAAAAAAAAAAQAAAQ.jpg,UGSrDzPcQN2snR0B29V38AAAACMAARAD.jpg,0,264,192
A_J1qLRIBVPRwAAAAAAAAAAAAAAQAAAQ.jpg,A_y8iFSJzwNJ4AAAAAAAAAAAAAAQAAAQ.jpg,0,151,272
A_ARs4S5uu-scAAAAAAAAAAAAAAQAAAQ.jpg,A_IfS8TqroUEgAAAAAAAAAAAAAAQAAAQ.jpg,0,0,131
A_bv-GT6sWBVEAAAAAAAAAAAAAAQAAAQ.jpg,A__-5CSqwIXuQAAAAAAAAAAAAAAQAAAQ.jpg,0,254,255
A_0Z_BTJTyxrUAAAAAAAAAAAAAAQAAAQ.jpg,ZyHG3kTpSISXJaNBidsZFQAAACMAARAD.jpg,0,135,238
A_S7r7Srj5r_wAAAAAAAAAAAAAAQAAAQ.jpg,A_ByB_RpYeWmsAAAAAAAAAAAAAAQAAAQ.jpg,0,313,232
A_Tt6HTJdxA1kAAAAAAAAAAAAAAQAAAQ.jpg,A_1cY0SJWiw2gAAAAAAAAAAAAAAQAAAQ.jpg,0,19,249
A_8MxtS7nrx5oAAAAAAAAAAAAAAQAAAQ.jpg,A_cwDhQLizVhEAAAAAAAAAAAAAAQAAAQ.jpg,0,53,159
A_m2BwRaFdErIAAAAAAAAAAAAAAQAAAQ.jpg,A_vAl2Q52NU9MAAAAAAAAAAAAAAQAAAQ.jpg,0,182,340
A_tiodTJuNpegAAAAAAAAAAAAAAQAAAQ.jpg,A_uY8RT48iBmoAAAAAAAAAAAAAAQAAAQ.jpg,0,252,178
8Qwjp3LcQ3iDOb7i9kMsegAAACMAARAD.jpg,A_kEkzS6WBDdQAAAAAAAAAAAAAAQAAAQ.jpg,0,20,156
A_ryBhQJmZFnUAAAAAAAAAAAAAAQAAAQ.jpg,IJnfoTCGRzy_PnKxNA20FAAAACMAARAD.jpg,0,267,306
A_pOfiQ7jDy15GaENDjjN7nQAAAQAAAQ.jpg,A_m6o3TaR9GfMAAAAAAAAAAAAAAQAAAQ.jpg,0,13,304
A_I8uqQ7SlDm0AAAAAAAAAAAAAAQAAAQ.jpg,A_lvCUQay2busAAAAAAAAAAAAAAQAAAQ.jpg,0,271,226
A_1y6dQaZsLNQAAAAAAAAAAAAAAQAAAQ.jpg,A_kCm8SqJ4xbQAAAAAAAAAAAAAAQAAAQ.jpg,0,100,299
A_DpAcQ6ZefVMAAAAAAAAAAAAAAQAAAQ.jpg,A_p01WSpLvktkAAAAAAAAAAAAAAQAAAQ.jpg,0,246,136
A_xgEcQJU0HaoAAAAAAAAAAAAAAQAAAQ.jpg,A_zfe6Ta1sN6AAAAAAAAAAAAAAAQAAAQ.jpg,0,273,79
A_YaJOSrbcB5YAAAAAAAAAAAAAAQAAAQ.jpg,YDkF-IExTl-pKxGA-asCwwAAACMAARAD.jpg,0,181,166
A_LsbQTaqu05YAAAAAAAAAAAAAAQAAAQ.jpg,A_YfwbQJ4I5K8AAAAAAAAAAAAAAQAAAQ.jpg,0,146,311
A_rZkOR6rZ9rgAAAAAAAAAAAAAAQAAAQ.jpg,A_T_xdRoOUXqsAAAAAAAAAAAAAAQAAAQ.jpg,0,73,140
Nr4fpTnSRWGdwsellE27SQAAACMAARAD.jpg,A_Z4zcS4aqMeIAAAAAAAAAAAAAAQAAAQ.jpg,0,71,253
eVAexCuGQ-2ZHt6vXBAIlwAAACMAARAD.jpg,A_atr-Q7oa0ywAAAAAAAAAAAAAAQAAAQ.jpg,0,219,43
A_IdUASo3kSSUAAAAAAAAAAAAAAQAAAQ.jpg,A_7kJbS6bLFokAAAAAAAAAAAAAAQAAAQ.jpg,0,248,205
A_BM-IS64L6owAAAAAAAAAAAAAAQAAAQ.jpg,A_CgA9TI6N9eIAAAAAAAAAAAAAAQAAAQ.jpg,0,332,227
A_1Sm2RrE0saQAAAAAAAAAAAAAAQAAAQ.jpg,A_ojwmQZn-s4QAAAAAAAAAAAAAAQAAAQ.jpg,0,95,8
tk4mOGEERLCxkiRM1WOXuwAAACMAARAD.jpg,A_bBofSp4thsQAAAAAAAAAAAAAAQAAAQ.jpg,0,211,45
A_PLH0TI0npUYAAAAAAAAAAAAAAQAAAQ.jpg,A_dfRbQI26OtwAAAAAAAAAAAAAAQAAAQ.jpg,0,294,58
qvyQGoFhTm69RSHS-41E9QAAACMAARAD.jpg,A_8RO8SZ_cRhQAAAAAAAAAAAAAAQAAAQ.jpg,0,209,303
gioGl7mwSCab39gMX8ARnAAAACMAARAD.jpg,A_oLSJS49B_k4AAAAAAAAAAAAAAQAAAQ.jpg,0,177,317
A_uMyGRoe6OD4AAAAAAAAAAAAAAQAAAQ.jpg,A_5QphQrKDPQgAAAAAAAAAAAAAAQAAAQ.jpg,0,23,285
A_xTY-S4O2kyYAAAAAAAAAAAAAAQAAAQ.jpg,A_ZLTNQ5wA3ncNnJxCvdxuZQAAAQAAAQ.jpg,0,333,63
4AGq8NKSRuOp1uokfOiJnwAAACMAARAD.jpg,A_eBxrT7u84_YAAAAAAAAAAAAAAQAAAQ.jpg,0,52,276
A_vBLvSIjsr5oAAAAAAAAAAAAAAQAAAQ.jpg,A_S1K7SaRCgmsAAAAAAAAAAAAAAQAAAQ.jpg,0,308,111
A_ds1XTZvQ5xIAAAAAAAAAAAAAAQAAAQ.jpg,A_3BuiQbibhO8AAAAAAAAAAAAAAQAAAQ.jpg,0,242,9
A_hZtcTJN4JNsAAAAAAAAAAAAAAQAAAQ.jpg,YogXrvTpT3CF9S-8BEORggAAACMAARAD.jpg,0,271,71
A_uY8RT48iBmoAAAAAAAAAAAAAAQAAAQ.jpg,uwbM_KZaT4WXCQZJ66Ib_QAAACMAARAD.jpg,0,178,192
A_04oDR5lbyT4AAAAAAAAAAAAAAQAAAQ.jpg,A_ey1NQqwj2xkAAAAAAAAAAAAAAQAAAQ.jpg,0,163,35
A_g55DSKHkNDkAAAAAAAAAAAAAAQAAAQ.jpg,A__DuWR5Z1Kp8AAAAAAAAAAAAAAQAAAQ.jpg,0,137,50
A_LFTBTrq2so4AAAAAAAAAAAAAAQAAAQ.jpg,A_h0wES7JMcj8AAAAAAAAAAAAAAQAAAQ.jpg,0,278,293
A_ItmHSrXG59IAAAAAAAAAAAAAAQAAAQ.jpg,A_FhdITbO2NLEAAAAAAAAAAAAAAQAAAQ.jpg,0,179,102
A_xzWOSL6pNFAAAAAAAAAAAAAAAQAAAQ.jpg,A_BRtzS61gGD4AAAAAAAAAAAAAAQAAAQ.jpg,0,274,82
A_3R5AT4k8aW0AAAAAAAAAAAAAAQAAAQ.jpg,KtjlPeKCRb-0vismjLY7MgAAACMAARED.jpg,0,59,128
A_M6uVTLJ2EukAAAAAAAAAAAAAAQAAAQ.jpg,KhYwboiXREiuD9ad__7GDwAAACMAARAD.jpg,0,331,188
A_2wBqTpzmeL3VldlEs7raLQAAAQAAAQ.jpg,A_92a6Tq_Mr68AAAAAAAAAAAAAAQAAAQ.jpg,0,49,175
A_jcJHTp85KP0AAAAAAAAAAAAAAQAAAQ.jpg,A_IHGMTadv9ZoAAAAAAAAAAAAAAQAAAQ.jpg,0,64,104
A_TcbgToJZ2O0AAAAAAAAAAAAAAQAAAQ.jpg,A_AKdFRp5BRZYAAAAAAAAAAAAAAQAAAQ.jpg,0,213,162
A_N0ukQ4h4un4AAAAAAAAAAAAAAQAAAQ.jpg,A_aEr8SogcnnIAAAAAAAAAAAAAAQAAAQ.jpg,0,77,311
5-dDbF_HS_O0O2_34lIV9AAAACMAARAD.jpg,A_DsowTrYbJyAAAAAAAAAAAAAAAQAAAQ.jpg,0,186,45
A_MVBqSa4_cZAAAAAAAAAAAAAAAQAAAQ.jpg,A_X-X-Tq1BLFsAAAAAAAAAAAAAAQAAAQ.jpg,0,284,42
A_4uZrQJsALPQAAAAAAAAAAAAAAQAAAQ.jpg,C5W99xn9Rpmnq-8QffgzswAAACMAARAD.jpg,0,135,120
A_OrR4RrU6OP0AAAAAAAAAAAAAAQAAAQ.jpg,A_xt-fRpljCNgAAAAAAAAAAAAAAQAAAQ.jpg,0,212,83
40cC6HWzRva34jaC_YZZAwAAACMAARED.jpg,A_nJFYQIdXJJIAAAAAAAAAAAAAAQAAAQ.jpg,0,128,138
A_s-BYTbC6hKgAAAAAAAAAAAAAAQAAAQ.jpg,A_lhr8T5PNQm0AAAAAAAAAAAAAAQAAAQ.jpg,0,162,231
A_hdpuRLEj1id2OI1JoO1-QAAAAQAAAQ.jpg,A_UM9FRqczn4sAAAAAAAAAAAAAAQAAAQ.jpg,0,326,42
xW1Mn56mRh-OB69ayDWmoQAAACMAARAD.jpg,A_iWCAS7hDyJEAAAAAAAAAAAAAAQAAAQ.jpg,0,190,281
A_1YVzSbIROi8AAAAAAAAAAAAAAQAAAQ.jpg,A_yhhDQbrQfGd8ld9BhzssNAAAAQAAAQ.jpg,0,253,206
QdzTTlrGTCCQ1F9xM9w-rwAAACMAARED.jpg,Fv9FYvAkQc6AGTP11upBrwAAACMAARAD.jpg,0,321,4
_YxN02DfQ7OUYkwftQP0QQAAACMAARAD.jpg,A_BTUkT4Eo6pQAAAAAAAAAAAAAAQAAAQ.jpg,0,166,266
A_Urt9TpyTclsAAAAAAAAAAAAAAQAAAQ.jpg,A_EtEwQb8aGLUAAAAAAAAAAAAAAQAAAQ.jpg,0,37,46
fcg3fFELSXuinicx0-hYRQAAACMAARAD.jpg,A_f7WbRLWc904AAAAAAAAAAAAAAQAAAQ.jpg,0,27,142
A_FOIbSaYkQ0MAAAAAAAAAAAAAAQAAAQ.jpg,A__V74SLTYzbMAAAAAAAAAAAAAAQAAAQ.jpg,0,80,268
A_BMEtTpAKIZUAAAAAAAAAAAAAAQAAAQ.jpg,WmmQfVkFSa6ES7uWWRqn-gAAACMAARAD.jpg,0,247,20
A_V9dzTZ0oezwAAAAAAAAAAAAAAQAAAQ.jpg,A_lvCUQay2busAAAAAAAAAAAAAAQAAAQ.jpg,0,235,226
A_xK0XQo9bd_wAAAAAAAAAAAAAAQAAAQ.jpg,A_wNo8Squ-ZpAAAAAAAAAAAAAAAQAAAQ.jpg,0,143,8
A_StpkT6djYVMAAAAAAAAAAAAAAQAAAQ.jpg,A_XfLkRYLFXGAAAAAAAAAAAAAAAQAAAQ.jpg,0,213,78
A_ZT5FQpIeXlQAAAAAAAAAAAAAAQAAAQ.jpg,A_z3KSSqDlw1QAAAAAAAAAAAAAAQAAAQ.jpg,0,290,263
T3Ow5yM2ThqSP6KFh8RfwAAAACMAARAD.jpg,A_KxBVRZ_49dEAAAAAAAAAAAAAAQAAAQ.jpg,0,282,176
A_LngHSpFXTD4AAAAAAAAAAAAAAQAAAQ.jpg,A_LC73QKKHtxsAAAAAAAAAAAAAAQAAAQ.jpg,0,336,183
A_Oj4CRqQrUiU9b2pImURI-AAAAQAAAQ.jpg,A_hdpuRLEj1id2OI1JoO1-QAAAAQAAAQ.jpg,0,176,326
A_9C0_SY5HMwYAAAAAAAAAAAAAAQAAAQ.jpg,A_zE7OR59AboMAAAAAAAAAAAAAAQAAAQ.jpg,0,81,341
A_u5XySKZ9cywAAAAAAAAAAAAAAQAAAQ.jpg,A_mcPlS6cWS-wAAAAAAAAAAAAAAQAAAQ.jpg,0,274,55
B4vLF17OQ7iz0JDSOsJBYwAAACMAARAD.jpg,A_xteZTaHHkAYAAAAAAAAAAAAAAQAAAQ.jpg,0,71,205
A_vKhxQLRWwhkAAAAAAAAAAAAAAQAAAQ.jpg,9OMvA3NtSGCRN6ymcLH-cAAAACMAARAD.jpg,0,252,323
A_Kgq_SLzseBQAAAAAAAAAAAAAAQAAAQ.jpg,A_jZ1QQ773-Q8AAAAAAAAAAAAAAQAAAQ.jpg,0,295,98
A_05zKQb6bySIAAAAAAAAAAAAAAQAAAQ.jpg,EIpoK14ATmCiS-H_pM6kvAAAACMAARAD.jpg,0,216,54
A_jdqPRo2GPt0AAAAAAAAAAAAAAQAAAQ.jpg,A_-gLFTpM2eMUAAAAAAAAAAAAAAQAAAQ.jpg,0,115,81
A_kRgtTKT8j2YAAAAAAAAAAAAAAQAAAQ.jpg,A_GFtPRKYwYKQAAAAAAAAAAAAAAQAAAQ.jpg,0,261,347
bcn92ETmR3OJk3KR9IsmiQAAACMAARAD.jpg,A_lv0eRrxAXNwAAAAAAAAAAAAAAQAAAQ.jpg,0,307,193
A_VW4rTbmlHh8AAAAAAAAAAAAAAQAAAQ.jpg,A_SBeaQLvJMpwAAAAAAAAAAAAAAQAAAQ.jpg,0,336,225
A_wr26TqasgdEAAAAAAAAAAAAAAQAAAQ.jpg,A_dej1SoczgZ0AAAAAAAAAAAAAAQAAAQ.jpg,0,165,43
A_oZO5TK174JsAAAAAAAAAAAAAAQAAAQ.jpg,A_K1SDTrzJRsMAAAAAAAAAAAAAAQAAAQ.jpg,0,184,82
A_gZaiTKWdZY4AAAAAAAAAAAAAAQAAAQ.jpg,A_oEAqSaEmWGMAAAAAAAAAAAAAAQAAAQ.jpg,0,290,294
A_2W5zQLpISkcAAAAAAAAAAAAAAQAAAQ.jpg,A_mo3GRaXrNTgAAAAAAAAAAAAAAQAAAQ.jpg,0,105,309
A_IdUASo3kSSUAAAAAAAAAAAAAAQAAAQ.jpg,A_FEs-Ro6DnjoAAAAAAAAAAAAAAQAAAQ.jpg,0,248,267
A_T7tpTqdx0wcAAAAAAAAAAAAAAQAAAQ.jpg,A_3R5AT4k8aW0AAAAAAAAAAAAAAQAAAQ.jpg,0,159,59
A_jlGaToiTR1cAAAAAAAAAAAAAAQAAAQ.jpg,A_Q8HDR58ZuAwAAAAAAAAAAAAAAQAAAQ.jpg,0,298,251
A_WBiBQpmmEtAAAAAAAAAAAAAAAQAAAQ.jpg,A_gleuQrcJ404AAAAAAAAAAAAAAQAAAQ.jpg,0,50,8
A_Y1ryTIb8npX6SU9Br3TwMgAAAQAAAQ.jpg,A_HII8R5WzRQ4AAAAAAAAAAAAAAQAAAQ.jpg,0,221,179
A_ojwmQZn-s4QAAAAAAAAAAAAAAQAAAQ.jpg,A_oU0aQJ48IRsAAAAAAAAAAAAAAQAAAQ.jpg,0,8,133
A_6bWnTrslKhwAAAAAAAAAAAAAAQAAAQ.jpg,A_RxhpTqk6BKsAAAAAAAAAAAAAAQAAAQ.jpg,0,158,203
rPNyWMgLSMewMHD2BSt6gAAAACMAARAD.jpg,A__FI5Q5Jfi3EAAAAAAAAAAAAAAQAAAQ.jpg,0,209,29
A_oEAqSaEmWGMAAAAAAAAAAAAAAQAAAQ.jpg,A_BH18R5ERvpkAAAAAAAAAAAAAAQAAAQ.jpg,0,294,198
A_5zUtS5frsf4AAAAAAAAAAAAAAQAAAQ.jpg,A_7FcUTJfZ-EEAAAAAAAAAAAAAAQAAAQ.jpg,0,148,200
A_xK0XQo9bd_wAAAAAAAAAAAAAAQAAAQ.jpg,A_LaJXSLgvcWAAAAAAAAAAAAAAAQAAAQ.jpg,0,143,185
A_BXDpSpUjofgAAAAAAAAAAAAAAQAAAQ.jpg,A_r0rxRqzUNowAAAAAAAAAAAAAAQAAAQ.jpg,0,68,241
A_B416T40hjHAAAAAAAAAAAAAAAQAAAQ.jpg,A_KNPtSqaKcSkAAAAAAAAAAAAAAQAAAQ.jpg,0,116,18
B4vLF17OQ7iz0JDSOsJBYwAAACMAARAD.jpg,A_NDzHTLNzG5MAAAAAAAAAAAAAAQAAAQ.jpg,0,71,235
A_g3YhTbvJ9A8AAAAAAAAAAAAAAQAAAQ.jpg,gssR255rQKW-hXQD0Y7E_AAAACMAARAD.jpg,0,198,120
A_KRnoQ5ccGD4AAAAAAAAAAAAAAQAAAQ.jpg,A_m8smT6igYF8AAAAAAAAAAAAAAQAAAQ.jpg,0,235,12
A_l7TnSbKoau8AAAAAAAAAAAAAAQAAAQ.jpg,A_hiF9SJL03uIAAAAAAAAAAAAAAQAAAQ.jpg,0,40,214
A_qDygQaMbmCsAAAAAAAAAAAAAAQAAAQ.jpg,A_Jz60TodhpGgUYFBLnH7ZnAAAAQAAAQ.jpg,0,119,99
A_WBiBQpmmEtAAAAAAAAAAAAAAAQAAAQ.jpg,UGSrDzPcQN2snR0B29V38AAAACMAARAD.jpg,0,50,192
A_tjIQQ4rItcQAAAAAAAAAAAAAAQAAAQ.jpg,A_TnpqRIoO1cIAAAAAAAAAAAAAAQAAAQ.jpg,0,163,130
A_Va1UTrmeizMAAAAAAAAAAAAAAQAAAQ.jpg,A_Ka1IRZhFoOoAAAAAAAAAAAAAAQAAAQ.jpg,0,17,125
A_i8kmSqzWZtEAAAAAAAAAAAAAAQAAAQ.jpg,A_kKmNR65xnvsAAAAAAAAAAAAAAQAAAQ.jpg,0,284,195
HqCc8PT8QMalF5QdbcP9UwAAACMAARAD.jpg,A_bJUVQLWonskAAAAAAAAAAAAAAQAAAQ.jpg,0,107,344
A_-bJ-Q4552o0AAAAAAAAAAAAAAQAAAQ.jpg,A_jBgOSoE5gk8AAAAAAAAAAAAAAQAAAQ.jpg,0,50,196
A_eQMGQYpNRSIAAAAAAAAAAAAAAQAAAQ.jpg,A_OtoGQIQE13QAAAAAAAAAAAAAAQAAAQ.jpg,0,41,10
A_K0ldRalVubcAAAAAAAAAAAAAAQAAAQ.jpg,A_ncTYTqtScNEAAAAAAAAAAAAAAQAAAQ.jpg,0,24,299
A_VgR1Q7EKYp8AAAAAAAAAAAAAAQAAAQ.jpg,A__2g8SIdev1YAAAAAAAAAAAAAAQAAAQ.jpg,0,90,153
A_hwdWQq75_mQAAAAAAAAAAAAAAQAAAQ.jpg,A_DNjCS6LPySIAAAAAAAAAAAAAAQAAAQ.jpg,0,7,272
A_JywcTrmEceIAAAAAAAAAAAAAAQAAAQ.jpg,A_Uqn1Qq1RIzkAAAAAAAAAAAAAAQAAAQ.jpg,0,266,112
A_KXFaQ7PvD3gAAAAAAAAAAAAAAQAAAQ.jpg,A_7boYR4gvvhMAAAAAAAAAAAAAAQAAAQ.jpg,0,169,152
A_oEAqSaEmWGMAAAAAAAAAAAAAAQAAAQ.jpg,7B--srC_TKKKH1ccdVhHJQAAACMAARAD.jpg,0,294,6
A_Md8QTJnt4HsAAAAAAAAAAAAAAQAAAQ.jpg,A_0mFaQoSKPVgAAAAAAAAAAAAAAQAAAQ.jpg,0,88,87
A_3muFRpfosX0AAAAAAAAAAAAAAQAAAQ.jpg,A_wivkSpYnjv0AAAAAAAAAAAAAAQAAAQ.jpg,0,10,101
A_DNjCS6LPySIAAAAAAAAAAAAAAQAAAQ.jpg,A_zxwhSKLMsogAAAAAAAAAAAAAAQAAAQ.jpg,0,272,147
A_dfRbQI26OtwAAAAAAAAAAAAAAQAAAQ.jpg,8fDO2NZcTqetpeRD2liw8gAAACMAARAD.jpg,0,58,190
A_yBncQYqQkt4AAAAAAAAAAAAAAQAAAQ.jpg,A_plIEQ4aQaFEAAAAAAAAAAAAAAQAAAQ.jpg,0,250,349
A_TRvMSK9h_7YAAAAAAAAAAAAAAQAAAQ.jpg,A_iAk4T7b-HD4AAAAAAAAAAAAAAQAAAQ.jpg,0,48,337
A_YfwbQJ4I5K8AAAAAAAAAAAAAAQAAAQ.jpg,A_SJTyRbZbs-8AAAAAAAAAAAAAAQAAAQ.jpg,0,311,149
A_JywcTrmEceIAAAAAAAAAAAAAAQAAAQ.jpg,KhYwboiXREiuD9ad__7GDwAAACMAARAD.jpg,0,266,188
A_sjosRJ0wPVkAAAAAAAAAAAAAAQAAAQ.jpg,rPNyWMgLSMewMHD2BSt6gAAAACMAARAD.jpg,0,179,209
O4evSscSQOaRanT5DclZ5wAAACMAARAD.jpg,A_izLaT4q7z-8AAAAAAAAAAAAAAQAAAQ.jpg,0,4,160
A_LngHSpFXTD4AAAAAAAAAAAAAAQAAAQ.jpg,A_roDNRZHSdREAAAAAAAAAAAAAAQAAAQ.jpg,0,336,88
4zN2JMNhQYWDS2AtX0u64wAAACMAARAD.jpg,A_MtxfT4wtikgAAAAAAAAAAAAAAQAAAQ.jpg,0,54,286
PKvgCxspT06mVkCupz9C2QAAACMAARAD.jpg,95yWrxU0SHOjvzfmAl1GjwAAACMAARAD.jpg,0,134,174
A_3S3LTZgdkc8AAAAAAAAAAAAAAQAAAQ.jpg,A_LsbQTaqu05YAAAAAAAAAAAAAAQAAAQ.jpg,0,331,146
A_Hu1zSa0hFcdm4cpMozBtlgAAAQAAAQ.jpg,A_vA8kSp4KcUUAAAAAAAAAAAAAAQAAAQ.jpg,0,187,141
A_y3o0T5zshLsAAAAAAAAAAAAAAQAAAQ.jpg,A_Sgy4Q5WINnoAAAAAAAAAAAAAAQAAAQ.jpg,0,152,157
A__dC3S5as98wAAAAAAAAAAAAAAQAAAQ.jpg,A_GN8FS4YXEKMAAAAAAAAAAAAAAQAAAQ.jpg,0,279,82
A_f93rT43JBg0AAAAAAAAAAAAAAQAAAQ.jpg,A_PXh2Q7BkVC0AAAAAAAAAAAAAAQAAAQ.jpg,0,102,122
A_A17DRrV-btsAAAAAAAAAAAAAAQAAAQ.jpg,A_KxBVRZ_49dEAAAAAAAAAAAAAAQAAAQ.jpg,0,33,176
A_C4yWR6KggDwAAAAAAAAAAAAAAQAAAQ.jpg,A_e6vmTbdC-9oAAAAAAAAAAAAAAQAAAQ.jpg,0,61,264
IJnfoTCGRzy_PnKxNA20FAAAACMAARAD.jpg,A_21V8SYT5XQkAAAAAAAAAAAAAAQAAAQ.jpg,0,306,220
A_fR9dQ5HrbU4AAAAAAAAAAAAAAQAAAQ.jpg,A_ePq8Ras0owIAAAAAAAAAAAAAAQAAAQ.jpg,0,18,320
A_GhJrQqvVGfAAAAAAAAAAAAAAAQAAAQ.jpg,gioGl7mwSCab39gMX8ARnAAAACMAARAD.jpg,0,46,177
OjXGrQwIRLe0jn5ENTl1XwAAACMAARAD.jpg,A_srDSRYqJNiUAAAAAAAAAAAAAAQAAAQ.jpg,0,291,44
A_ToioR6w5lKgAAAAAAAAAAAAAAQAAAQ.jpg,A_eLCGTJtC0LMAAAAAAAAAAAAAAQAAAQ.jpg,0,283,127
A_zMhHRKUhSuE7jzBNqjIYmQAAAQAAAQ.jpg,A_BUqXSoHm6xYAAAAAAAAAAAAAAQAAAQ.jpg,0,148,309
A_1WHrSb70BwYAAAAAAAAAAAAAAQAAAQ.jpg,A_zMhHRKUhSuErdB5Pt_ADkgAAAQAAAQ.jpg,0,347,148
A_96HDTpXfEp0AAAAAAAAAAAAAAQAAAQ.jpg,A_hdpuRLEj1idQCwdMtulO4QAAAQAAAQ.jpg,0,38,326
A_7HodQI2rtSUAAAAAAAAAAAAAAQAAAQ.jpg,A_rZkOR6rZ9rgAAAAAAAAAAAAAAQAAAQ.jpg,0,24,73
A_WFX-R60X0GEAAAAAAAAAAAAAAQAAAQ.jpg,A_meIyTZfLrbEAAAAAAAAAAAAAAQAAAQ.jpg,0,62,289
dE5D0FnIS42ZuBi1OUZO3AAAACMAARAD.jpg,A_HII8R5WzRQ4AAAAAAAAAAAAAAQAAAQ.jpg,0,56,179
A_FSCJRYy3dFwAAAAAAAAAAAAAAQAAAQ.jpg,A_Rx6HR586O4sAAAAAAAAAAAAAAQAAAQ.jpg,0,3,325
A_JzxkRq5CL7UKXIZGrRlzfQAAAQAAAQ.jpg,A_3BuiQbibhO8AAAAAAAAAAAAAAQAAAQ.jpg,0,216,9
A_jwl4QaUztl0AAAAAAAAAAAAAAQAAAQ.jpg,A_0ZuNSaLNy7EAAAAAAAAAAAAAAQAAAQ.jpg,0,187,156
tZ9Ffj0eTdiamVFL64HrAwAAACMAARAD.jpg,A_JFQFRqCRuouu-ldCkHSAIAAAAQAAAQ.jpg,0,72,68
A_K-1tRZOChRUAAAAAAAAAAAAAAQAAAQ.jpg,A_cwDhQLizVhEAAAAAAAAAAAAAAQAAAQ.jpg,0,181,159
A_wcRmTIDKqJAAAAAAAAAAAAAAAQAAAQ.jpg,A_KxBVRZ_49dEAAAAAAAAAAAAAAQAAAQ.jpg,0,240,176
A_L9_gSaoQ_w8AAAAAAAAAAAAAAQAAAQ.jpg,A_ivfcQaWsgdsAAAAAAAAAAAAAAQAAAQ.jpg,0,234,296
A_higyRahZ3-cAAAAAAAAAAAAAAQAAAQ.jpg,uKy0yW2aSKGHTpR2lfUysQAAACMAARAD.jpg,0,266,132
A_q0dFR7cGWkQAAAAAAAAAAAAAAQAAAQ.jpg,A_76m-RZH9-rYAAAAAAAAAAAAAAQAAAQ.jpg,0,123,239
A_peVaRKhGG6EAAAAAAAAAAAAAAQAAAQ.jpg,A_qQf9R5n-NaZuA4BJgsZMVwAAAQAAAQ.jpg,0,338,10
A_iK_RRJMtR_0AAAAAAAAAAAAAAQAAAQ.jpg,A_zVV9QJHiLggAAAAAAAAAAAAAAQAAAQ.jpg,0,101,67
A_PLpYQbchnYsAAAAAAAAAAAAAAQAAAQ.jpg,A_rsioTJ5AOrcAAAAAAAAAAAAAAQAAAQ.jpg,0,7,9
A_hB7UQZ1wHGQAAAAAAAAAAAAAAQAAAQ.jpg,A_2TkOSZj4Q5QAAAAAAAAAAAAAAQAAAQ.jpg,0,183,108
A_gBw2Q6_QWsUAAAAAAAAAAAAAAQAAAQ.jpg,7ACCezYsSqiEz-zehRjeGAAAACMAARAD.jpg,0,1,310
A_3AbSRaIVmvwAAAAAAAAAAAAAAQAAAQ.jpg,A_Ej53QIThr-wAAAAAAAAAAAAAAQAAAQ.jpg,0,158,57
A_VVyqSqssGX8AAAAAAAAAAAAAAQAAAQ.jpg,A_I0duQIGPqIUAAAAAAAAAAAAAAQAAAQ.jpg,0,110,187
A_YfwbQJ4I5K8AAAAAAAAAAAAAAQAAAQ.jpg,A_7dttRYIKAKQAAAAAAAAAAAAAAQAAAQ.jpg,0,311,116
A_iAk4T7b-HD4AAAAAAAAAAAAAAQAAAQ.jpg,A_CbtxSYI7W3wAAAAAAAAAAAAAAQAAAQ.jpg,0,337,280
A_Ba6QQqFUsP4AAAAAAAAAAAAAAQAAAQ.jpg,A_S7r7Srj5r_wAAAAAAAAAAAAAAQAAAQ.jpg,0,15,313
A_PNRuRprSSG4AAAAAAAAAAAAAAQAAAQ.jpg,A__jF0T41lCBMAAAAAAAAAAAAAAQAAAQ.jpg,0,335,218
A_cKL1QqoK8C4AAAAAAAAAAAAAAQAAAQ.jpg,A_GsfXSomQxTQAAAAAAAAAAAAAAQAAAQ.jpg,0,111,201
A_y8PMQofn1wsAAAAAAAAAAAAAAQAAAQ.jpg,A_lPwKS7HXTIUAAAAAAAAAAAAAAQAAAQ.jpg,0,244,309
A_V9dzTZ0oezwAAAAAAAAAAAAAAQAAAQ.jpg,A_w5yBQq07ZGQAAAAAAAAAAAAAAQAAAQ.jpg,0,235,218
A_YfwbQJ4I5K8AAAAAAAAAAAAAAQAAAQ.jpg,A_8RO8SZ_cRhQAAAAAAAAAAAAAAQAAAQ.jpg,0,311,303
A_rGSuTZXVuRUGn2pDh9p9vgAAAQAAAQ.jpg,A_EL3MTLdLMz8AAAAAAAAAAAAAAQAAAQ.jpg,0,2,343
A_FGfzSpRlJ9AAAAAAAAAAAAAAAQAAAQ.jpg,A_m8sWQpOHV-EAAAAAAAAAAAAAAQAAAQ.jpg,0,263,25
A_bLPoRob0He8AAAAAAAAAAAAAAQAAAQ.jpg,A_cWO0Sb2sA9gAAAAAAAAAAAAAAQAAAQ.jpg,0,319,200
A_sltnS47XRVEAAAAAAAAAAAAAAQAAAQ.jpg,A_rsioTJ5AOrcAAAAAAAAAAAAAAQAAAQ.jpg,0,201,9
A_mt3oRoMfsrEAAAAAAAAAAAAAAQAAAQ.jpg,A_LUknQ5zwlPEAAAAAAAAAAAAAAQAAAQ.jpg,0,237,288
8qks6YhlRy-wDJtrkIZaIgAAACMAARAD.jpg,A_6DRKTb5hhmYAAAAAAAAAAAAAAQAAAQ.jpg,0,316,38
A_o6_aR5P_rB8AAAAAAAAAAAAAAQAAAQ.jpg,A_7HodQI2rtSUAAAAAAAAAAAAAAQAAAQ.jpg,0,217,24
A_PKCVSakmtxUAAAAAAAAAAAAAAQAAAQ.jpg,A_qA51SrJMwRIAAAAAAAAAAAAAAQAAAQ.jpg,0,278,222
A_hiF9SJL03uIAAAAAAAAAAAAAAQAAAQ.jpg,A_kCm8SqJ4xbQAAAAAAAAAAAAAAQAAAQ.jpg,0,214,299
A_b1eiQ4BovAEAAAAAAAAAAAAAAQAAAQ.jpg,A_g1RJRYomLtCGJS5AnNEITgAAAQAAAQ.jpg,0,343,89
A_ToioR6w5lKgAAAAAAAAAAAAAAQAAAQ.jpg,A_YGM9RqelARIAAAAAAAAAAAAAAQAAAQ.jpg,0,283,250
A_8RO8SZ_cRhQAAAAAAAAAAAAAAQAAAQ.jpg,A_ywmfQoWVLnUAAAAAAAAAAAAAAQAAAQ.jpg,0,303,78
A_xVWGSYgcMQkAAAAAAAAAAAAAAQAAAQ.jpg,A_ywmfQoWVLnUAAAAAAAAAAAAAAQAAAQ.jpg,0,206,78
A_g3YhTbvJ9A8AAAAAAAAAAAAAAQAAAQ.jpg,A_vAl2Q52NU9MAAAAAAAAAAAAAAQAAAQ.jpg,0,198,340
A_96HDTpXfEp0AAAAAAAAAAAAAAQAAAQ.jpg,A_pOfiQ7jDy15GaENDjjN7nQAAAQAAAQ.jpg,0,38,13
A_8yHrSI9wXtsAAAAAAAAAAAAAAQAAAQ.jpg,A_LlQfQ5eZYSAAAAAAAAAAAAAAAQAAAQ.jpg,0,334,94
A_hPGSRoU0C8kAAAAAAAAAAAAAAQAAAQ.jpg,A_0MTNRpRpwNIAAAAAAAAAAAAAAQAAAQ.jpg,0,308,36
A_BRtzS61gGD4AAAAAAAAAAAAAAQAAAQ.jpg,A_lU5xT7JfAoEAAAAAAAAAAAAAAQAAAQ.jpg,0,82,317
A_gBKETKn8DvwAAAAAAAAAAAAAAQAAAQ.jpg,A_dx0gTp9A5A0AAAAAAAAAAAAAAQAAAQ.jpg,0,182,105
A_NDzHTLNzG5MAAAAAAAAAAAAAAQAAAQ.jpg,A_W-HLSo2GkJIAAAAAAAAAAAAAAQAAAQ.jpg,0,235,64
A_bIcBTZ3tUqEAAAAAAAAAAAAAAQAAAQ.jpg,HO658TQUQEWkFzwQclWO6QAAACMAARAD.jpg,0,289,316
A_LaJXSLgvcWABL0VDvY1hqgAAAQAAAQ.jpg,A_ZT5FQpIeXlQAAAAAAAAAAAAAAQAAAQ.jpg,0,185,290
A_Q2ygQ7cJQygAAAAAAAAAAAAAAQAAAQ.jpg,A_aDWaRJ0Cte4AAAAAAAAAAAAAAQAAAQ.jpg,0,276,200
A_hZtcTJN4JNsAAAAAAAAAAAAAAQAAAQ.jpg,A_Ysu4QqIqPYkAAAAAAAAAAAAAAQAAAQ.jpg,0,271,333
A_xt-fRpljCNgAAAAAAAAAAAAAAQAAAQ.jpg,A_RaRvSLwdvtQAAAAAAAAAAAAAAQAAAQ.jpg,0,83,173
A_h0e0SItXSKwAAAAAAAAAAAAAAQAAAQ.jpg,A_FYeLRIlqv1sAAAAAAAAAAAAAAQAAAQ.jpg,0,289,318
A_7YkuQ4_prsMAAAAAAAAAAAAAAQAAAQ.jpg,A_6DRKTb5hhmYAAAAAAAAAAAAAAQAAAQ.jpg,0,117,38
A_ItmHSrXG59IAAAAAAAAAAAAAAQAAAQ.jpg,A__UAoQbHt2SIAAAAAAAAAAAAAAQAAAQ.jpg,0,179,111
A__-5CSqwIXuQAAAAAAAAAAAAAAQAAAQ.jpg,A_ByB_RpYeWmsAAAAAAAAAAAAAAQAAAQ.jpg,0,255,232
A_hiF9SJL03uIAAAAAAAAAAAAAAQAAAQ.jpg,A_wMMDQIdbntYAAAAAAAAAAAAAAQAAAQ.jpg,0,214,63
A_zIdqT5wAadAAAAAAAAAAAAAAAQAAAQ.jpg,A_SQeJQr1DQCoAAAAAAAAAAAAAAQAAAQ.jpg,0,297,233
A_tmV0SKPNXSUAAAAAAAAAAAAAAQAAAQ.jpg,A_LUknQ5zwlPEAAAAAAAAAAAAAAQAAAQ.jpg,0,169,288
A_CAlCTIVL_TQAAAAAAAAAAAAAAQAAAQ.jpg,A_Q0c_QIvmCAoAAAAAAAAAAAAAAQAAAQ.jpg,0,295,118
A_Ak6wQLMJZPUAAAAAAAAAAAAAAQAAAQ.jpg,A_6BoNTIj6Zn8AAAAAAAAAAAAAAQAAAQ.jpg,0,135,126
A_AB0vQqatlaMAAAAAAAAAAAAAAQAAAQ.jpg,A_Cl0sQ69mrY4AAAAAAAAAAAAAAQAAAQ.jpg,0,233,341
A_NbMERImKF5IAAAAAAAAAAAAAAQAAAQ.jpg,A_gBKETKn8DvwAAAAAAAAAAAAAAQAAAQ.jpg,0,214,182
A_LTsOT5XBs1cAAAAAAAAAAAAAAQAAAQ.jpg,A_CRqJQKCtnOMAAAAAAAAAAAAAAQAAAQ.jpg,0,270,341
A_0RXtQrcbVQMAAAAAAAAAAAAAAQAAAQ.jpg,A__ZWPQJQKX10AAAAAAAAAAAAAAQAAAQ.jpg,0,223,314
A_Pgp4TYloAOwAAAAAAAAAAAAAAQAAAQ.jpg,A_29WIRrT3Pg4AAAAAAAAAAAAAAQAAAQ.jpg,0,281,75
A_xvAiTaIgyiIAAAAAAAAAAAAAAQAAAQ.jpg,A_tB9JQ6SKjKYAAAAAAAAAAAAAAQAAAQ.jpg,0,154,201
A_-iZQTKAWibIAAAAAAAAAAAAAAQAAAQ.jpg,A_k6J1RpHE-uEAAAAAAAAAAAAAAQAAAQ.jpg,0,230,131
A_7TXVT6R41bwAAAAAAAAAAAAAAQAAAQ.jpg,A_TfvQTrtOPDQAAAAAAAAAAAAAAQAAAQ.jpg,0,161,243
7ACCezYsSqiEz-zehRjeGAAAACMAARAD.jpg,A_gCrJTKWF4KgAAAAAAAAAAAAAAQAAAQ.jpg,0,310,117
A_846cT62QLOEAAAAAAAAAAAAAAQAAAQ.jpg,Nr4fpTnSRWGdwsellE27SQAAACMAARAD.jpg,0,10,71
A_MVBqSa4_cZAAAAAAAAAAAAAAAQAAAQ.jpg,A_bBofSp4thsQAAAAAAAAAAAAAAQAAAQ.jpg,0,284,45
aa7CED-ZTiSSG_-WFIoMkwAAACMAARAD.jpg,dE5D0FnIS42ZuBi1OUZO3AAAACMAARAD.jpg,0,166,56
A_vdO2RolMKVcAAAAAAAAAAAAAAQAAAQ.jpg,A_Xt5tQpzDINoAAAAAAAAAAAAAAQAAAQ.jpg,0,98,314
A_6CUMTK6sWtwAAAAAAAAAAAAAAQAAAQ.jpg,A_Oa8eT5Wc8OgAAAAAAAAAAAAAAQAAAQ.jpg,0,45,113
A_SQeJQr1DQCoAAAAAAAAAAAAAAQAAAQ.jpg,8quPjI33SE-iyYx4UOnjkQAAACMAARAD.jpg,0,233,68
A_DkWtQphhpucAAAAAAAAAAAAAAQAAAQ.jpg,A_29ykT6cSV_gAAAAAAAAAAAAAAQAAAQ.jpg,0,195,247
A_BdbARbNUADgAAAAAAAAAAAAAAQAAAQ.jpg,A_cU0aRI8xDi0AAAAAAAAAAAAAAQAAAQ.jpg,0,122,156
A_aBdGT4bei2QAAAAAAAAAAAAAAQAAAQ.jpg,eub05Tg8Ri20vTxIGswtRwAAACMAARAD.jpg,0,233,323
A_CC3tRqsji7gAAAAAAAAAAAAAAQAAAQ.jpg,A_dxCNSp4IGbAAAAAAAAAAAAAAAQAAAQ.jpg,0,234,172
A_g9LKSo8QMHwAAAAAAAAAAAAAAQAAAQ.jpg,A_Vb0FSquZ6YkAAAAAAAAAAAAAAQAAAQ.jpg,0,173,237
A_ffGlTZG85-QAAAAAAAAAAAAAAQAAAQ.jpg,9Z0hAJwqQ_Sp0MUIGh4b1wAAACMAARAD.jpg,0,322,207
A_-pSrT6xClQcAAAAAAAAAAAAAAQAAAQ.jpg,A_NfYdSZ8-0FYAAAAAAAAAAAAAAQAAAQ.jpg,0,97,126
A_-bFhSYWyHW8AAAAAAAAAAAAAAQAAAQ.jpg,A_ceTJQKFD4CcAAAAAAAAAAAAAAQAAAQ.jpg,0,108,277
A_o6tyRpwL8I0AAAAAAAAAAAAAAQAAAQ.jpg,A_29WIRrT3Pg4AAAAAAAAAAAAAAQAAAQ.jpg,0,100,75
A_4rz3RZuMxDMAAAAAAAAAAAAAAQAAAQ.jpg,A_peVaRKhGG6EAAAAAAAAAAAAAAQAAAQ.jpg,0,165,338
A_FGfzSpRlJ9AAAAAAAAAAAAAAAQAAAQ.jpg,s5_LPbJATXy82lMu1uSeJQAAACMAARAD.jpg,0,263,348
A_YwS1QpL6r01b6sxKihNftwAAAQAAAQ.jpg,A_mFe3QKV54XcAAAAAAAAAAAAAAQAAAQ.jpg,0,248,185
A_h4c5Sad3a7IAAAAAAAAAAAAAAQAAAQ.jpg,A_gCrJTKWF4KgAAAAAAAAAAAAAAQAAAQ.jpg,0,40,117
A_2TkOSZj4Q5QAAAAAAAAAAAAAAQAAAQ.jpg,A_DhQlQKr7slQAAAAAAAAAAAAAAQAAAQ.jpg,0,108,346
A_GJH7T7H_iloAAAAAAAAAAAAAAQAAAQ.jpg,A_wmoBRoo-T8IAAAAAAAAAAAAAAQAAAQ.jpg,0,252,279
A_OssPT5JNclsAAAAAAAAAAAAAAQAAAQ.jpg,A_4COnRIftFtkAAAAAAAAAAAAAAQAAAQ.jpg,0,269,104
A_hFIsQqIAQwEAAAAAAAAAAAAAAQAAAQ.jpg,A_SyljToXBtGgAAAAAAAAAAAAAAQAAAQ.jpg,0,81,88
A_qWCCR7R42PUAAAAAAAAAAAAAAQAAAQ.jpg,A_-fnOTrhcN3oAAAAAAAAAAAAAAQAAAQ.jpg,0,288,243
A__53oQqKI9vwAAAAAAAAAAAAAAQAAAQ.jpg,A__-5CSqwIXuQAAAAAAAAAAAAAAQAAAQ.jpg,0,340,255
A_j72ARLb_6boAAAAAAAAAAAAAAQAAAQ.jpg,A_wcRmTIDKqJAAAAAAAAAAAAAAAQAAAQ.jpg,0,161,240
A_atr-Q7oa0ywAAAAAAAAAAAAAAQAAAQ.jpg,A_GWDtRJ-PEYIAAAAAAAAAAAAAAQAAAQ.jpg,0,43,142
jljP-9JORDyajV3g_xwG_wAAACMAARAD.jpg,A_cKh6QbFC51wAAAAAAAAAAAAAAQAAAQ.jpg,0,129,169
A_h4c5Sad3a7IAAAAAAAAAAAAAAQAAAQ.jpg,A_Qee6TYh_N0AAAAAAAAAAAAAAAQAAAQ.jpg,0,40,303
A__zLJQayQmP0AAAAAAAAAAAAAAQAAAQ.jpg,A_Tt6HTJdxA1kAAAAAAAAAAAAAAQAAAQ.jpg,0,91,19
A_rMDcQZ59WB8AAAAAAAAAAAAAAQAAAQ.jpg,p_poUnC6T06GTFnucmRJSwAAACMAARAD.jpg,0,97,307
A_2oJSS7TmnnsAAAAAAAAAAAAAAQAAAQ.jpg,A_UIUSR7SsVxQAAAAAAAAAAAAAAQAAAQ.jpg,0,329,81
A_V4M-S5Mt__QAAAAAAAAAAAAAAQAAAQ.jpg,VhTnM3vfTZ-8xD9trXiLSAAAACMAARAD.jpg,0,191,71
A_6DRKTb5hhmYAAAAAAAAAAAAAAQAAAQ.jpg,tJDuEYiaTTSKF7b-QNnRbgAAACMAARAD.jpg,0,38,107
A_lUxgRJaTT48AAAAAAAAAAAAAAQAAAQ.jpg,A_kQDWQJm3qKQAAAAAAAAAAAAAAQAAAQ.jpg,0,55,32
A_k6J1RpHE-uEAAAAAAAAAAAAAAQAAAQ.jpg,A_JUa9QZwAOOgAAAAAAAAAAAAAAQAAAQ.jpg,0,131,298
A_FxEiTbFDhBMAAAAAAAAAAAAAAQAAAQ.jpg,A_ToioR6w5lKgAAAAAAAAAAAAAAQAAAQ.jpg,0,21,283
A_7TWPT4_hkwwAAAAAAAAAAAAAAQAAAQ.jpg,A_wNo8Squ-ZpAAAAAAAAAAAAAAAQAAAQ.jpg,0,345,8
A_NnDDQ68F5F8AAAAAAAAAAAAAAQAAAQ.jpg,A_7agWQomXiksAAAAAAAAAAAAAAQAAAQ.jpg,0,146,85
A_wivkSpYnjv0AAAAAAAAAAAAAAQAAAQ.jpg,A_bRcAQpqLS8kAAAAAAAAAAAAAAQAAAQ.jpg,0,101,184
A_Ba6QQqFUsP4AAAAAAAAAAAAAAQAAAQ.jpg,A_GKxxTacH56QAAAAAAAAAAAAAAQAAAQ.jpg,0,15,21
A_VV-4R7Xfd1AAAAAAAAAAAAAAAQAAAQ.jpg,A_LaJXSLgvcWABL0VDvY1hqgAAAQAAAQ.jpg,0,221,185
A_wlP4RZZzpEgAAAAAAAAAAAAAAQAAAQ.jpg,A_OStdQqQjUL8AAAAAAAAAAAAAAQAAAQ.jpg,0,3,210
A_yhhDQbrQfGcAAAAAAAAAAAAAAQAAAQ.jpg,A_4uZrQJsALPQAAAAAAAAAAAAAAQAAAQ.jpg,0,206,135
A_K1SDTrzJRsMAAAAAAAAAAAAAAQAAAQ.jpg,A_BvagTqt2xW0AAAAAAAAAAAAAAQAAAQ.jpg,0,82,180
A_AxC7T5vfyIoAAAAAAAAAAAAAAQAAAQ.jpg,A_HII8R5WzRQ4AAAAAAAAAAAAAAQAAAQ.jpg,0,85,179
A_sjosRJ0wPVkAAAAAAAAAAAAAAQAAAQ.jpg,A_zcYfTIvp2lMAAAAAAAAAAAAAAQAAAQ.jpg,0,179,277
A_l8urSJ3Y_ZMAAAAAAAAAAAAAAQAAAQ.jpg,A_z0kCQr_tfJQAAAAAAAAAAAAAAQAAAQ.jpg,0,182,23
A_aOn9RpOdtFIAAAAAAAAAAAAAAQAAAQ.jpg,A_fdXCTprSOxYAAAAAAAAAAAAAAQAAAQ.jpg,0,172,339
A_1ruyQ7LcAuoAAAAAAAAAAAAAAQAAAQ.jpg,A_dIlQSIobnFAAAAAAAAAAAAAAAQAAAQ.jpg,0,347,45
A_xVWGSYgcMQkAAAAAAAAAAAAAAQAAAQ.jpg,A_FSCJRYy3dFwAAAAAAAAAAAAAAQAAAQ.jpg,0,206,3
A_F67BSool6_AAAAAAAAAAAAAAAQAAAQ.jpg,A_MtxfT4wtikgAAAAAAAAAAAAAAQAAAQ.jpg,0,92,286
A_iK_RRJMtR_0AAAAAAAAAAAAAAQAAAQ.jpg,kI8JptLQRmKD74_JZNiHXQAAACMAARAD.jpg,0,101,129
A_zRxmTpGb1kMAAAAAAAAAAAAAAQAAAQ.jpg,A_hPGSRoU0C8kAAAAAAAAAAAAAAQAAAQ.jpg,0,183,308
A_WBiBQpmmEtAAAAAAAAAAAAAAAQAAAQ.jpg,A_7agWQomXiksAAAAAAAAAAAAAAQAAAQ.jpg,0,50,85
A_cKh6QbFC51wAAAAAAAAAAAAAAQAAAQ.jpg,A_jcJHTp85KP3Y3pFEtvZWcAAAAQAAAQ.jpg,0,169,64
A_VcXdQZCQUrIAAAAAAAAAAAAAAQAAAQ.jpg,RZ0pi9gnRguCbwW_2IFLegAAACMAARAD.jpg,0,250,315
A_95Z4QIMBISQAAAAAAAAAAAAAAQAAAQ.jpg,A_StpkT6djYVMAAAAAAAAAAAAAAQAAAQ.jpg,0,184,213
A_zcYfTIvp2lMAAAAAAAAAAAAAAQAAAQ.jpg,rMWpilyUToW_ESjYFAiCGwAAACMAARAD.jpg,0,277,238
A_YOLjSLCb05sAAAAAAAAAAAAAAQAAAQ.jpg,Fv9FYvAkQc6AGTP11upBrwAAACMAARAD.jpg,0,31,4
A_hiF9SJL03uIAAAAAAAAAAAAAAQAAAQ.jpg,A__OfaT7yTwxUAAAAAAAAAAAAAAQAAAQ.jpg,0,214,273
8quPjI33SE-iyYx4UOnjkQAAACMAARAD.jpg,YDkF-IExTl-pKxGA-asCwwAAACMAARAD.jpg,0,68,166
A_LngHSpFXTD4AAAAAAAAAAAAAAQAAAQ.jpg,A_olotS4XoJFkAAAAAAAAAAAAAAQAAAQ.jpg,0,336,124
A_E-xxRLjoDi0AAAAAAAAAAAAAAQAAAQ.jpg,A_Cl0sQ69mrY4AAAAAAAAAAAAAAQAAAQ.jpg,0,115,341
A_5dhIRrfer5YAAAAAAAAAAAAAAQAAAQ.jpg,A_jdqPRo2GPt0AAAAAAAAAAAAAAQAAAQ.jpg,0,65,115
A_FxEiTbFDhBMAAAAAAAAAAAAAAQAAAQ.jpg,A_KjDbQJVMoCMAAAAAAAAAAAAAAQAAAQ.jpg,0,21,171
A_QQBWQ5OgNqcAAAAAAAAAAAAAAQAAAQ.jpg,A_jKAHQ6HeOiMAAAAAAAAAAAAAAQAAAQ.jpg,0,318,285
A_TneoSKTv7UkAAAAAAAAAAAAAAQAAAQ.jpg,A_phjfSK7C04wAAAAAAAAAAAAAAQAAAQ.jpg,0,223,145
A_ab2UR5VE8pYAAAAAAAAAAAAAAQAAAQ.jpg,A_1YVzSbIROi8AAAAAAAAAAAAAAQAAAQ.jpg,0,49,253
40cC6HWzRva34jaC_YZZAwAAACMAARED.jpg,A_ywmfQoWVLnUAAAAAAAAAAAAAAQAAAQ.jpg,0,128,78
igBDl6ziSdODf-fpbtEL1wAAACMAARAD.jpg,A_Cl0sQ69mrY4AAAAAAAAAAAAAAQAAAQ.jpg,0,306,341
A__DG-QaId_tcAAAAAAAAAAAAAAQAAAQ.jpg,A_Q8HDR58ZuAwAAAAAAAAAAAAAAQAAAQ.jpg,0,87,251
A_9EM2TajlqXoAAAAAAAAAAAAAAQAAAQ.jpg,A_olfhSYntr84AAAAAAAAAAAAAAQAAAQ.jpg,0,58,337
A_qwMrRIrUjOkAAAAAAAAAAAAAAQAAAQ.jpg,Z1qDRVboSz625P_djDkBSwAAACMAARAD.jpg,0,100,315
p_poUnC6T06GTFnucmRJSwAAACMAARAD.jpg,A_9rUXTan94pAAAAAAAAAAAAAAAQAAAQ.jpg,0,307,32
A_aDWaRJ0Cte4AAAAAAAAAAAAAAQAAAQ.jpg,A_79Y3T534mhsAAAAAAAAAAAAAAQAAAQ.jpg,0,200,205
A_m-aWTY3Ot-AAAAAAAAAAAAAAAQAAAQ.jpg,A_jXO8TqgUNaEAAAAAAAAAAAAAAQAAAQ.jpg,0,26,3
A_0ZuNSaLNy7EAAAAAAAAAAAAAAQAAAQ.jpg,A_V9dzTZ0oezwAAAAAAAAAAAAAAQAAAQ.jpg,0,156,235
A_B17tQL9G7GAAAAAAAAAAAAAAAQAAAQ.jpg,A_mELMSZX6_9YAAAAAAAAAAAAAAQAAAQ.jpg,0,331,180
A_jejVTopHAJoAAAAAAAAAAAAAAQAAAQ.jpg,A_vsngRpRhfFsAAAAAAAAAAAAAAQAAAQ.jpg,0,194,112
A_LWb7SL9pX8IAAAAAAAAAAAAAAQAAAQ.jpg,A_DC12To5UBZwAAAAAAAAAAAAAAQAAAQ.jpg,0,98,23
A_57b6Sb8-FAYAAAAAAAAAAAAAAQAAAQ.jpg,A_dLjnR7Wqd6IAAAAAAAAAAAAAAQAAAQ.jpg,0,300,17
A_KQxIT7wL_kgAAAAAAAAAAAAAAQAAAQ.jpg,A_oTz0Q6Q2sBMAAAAAAAAAAAAAAQAAAQ.jpg,0,18,76
A_6JGwQau_WNoAAAAAAAAAAAAAAQAAAQ.jpg,A_GPn_QKLHezwAAAAAAAAAAAAAAQAAAQ.jpg,0,284,116
A_Uga7SbOpyY0AAAAAAAAAAAAAAQAAAQ.jpg,A_cFBbQb-i068AAAAAAAAAAAAAAQAAAQ.jpg,0,69,16
A_e6vmTbdC-9oAAAAAAAAAAAAAAQAAAQ.jpg,uI5fw6x6QLSNO_eB4fXEZwAAACMAARAD.jpg,0,264,109
A_olfhSYntr84AAAAAAAAAAAAAAQAAAQ.jpg,A_Oj4CRqQrUiU9b2pImURI-AAAAQAAAQ.jpg,0,337,176
A__sCTTLlfQsMAAAAAAAAAAAAAAQAAAQ.jpg,NHtoXmJsQbC2oYEEvNh-agAAACMAARAD.jpg,0,158,6
A_4mW0Q5rIZpgAAAAAAAAAAAAAAQAAAQ.jpg,A_ZLTNQ5wA3ndGXjRCsAnKcwAAAQAAAQ.jpg,0,162,63
dsoua9awQ96zA43Lqf2KVgAAACMAARAD.jpg,A_kKmNR65xnvsAAAAAAAAAAAAAAQAAAQ.jpg,0,226,195
A_gmv7RZlv2wwAAAAAAAAAAAAAAQAAAQ.jpg,A_ToioR6w5lKgAAAAAAAAAAAAAAQAAAQ.jpg,0,263,283
A_Vb0FSquZ6YkAAAAAAAAAAAAAAQAAAQ.jpg,A_LvVhRqiGvcIAAAAAAAAAAAAAAQAAAQ.jpg,0,237,194
A_04oDR5lbyT4AAAAAAAAAAAAAAQAAAQ.jpg,f4a1-1TxSRStvQAki3vjjQAAACMAARAD.jpg,0,163,150
A_XiKLT6SCDZsAAAAAAAAAAAAAAQAAAQ.jpg,A_peVaRKhGG6EAAAAAAAAAAAAAAQAAAQ.jpg,0,168,338
A_TKDrRJ6csBwAAAAAAAAAAAAAAQAAAQ.jpg,A_dej1SoczgZ0AAAAAAAAAAAAAAQAAAQ.jpg,0,257,43
A_lv0eRrxAXNwAAAAAAAAAAAAAAQAAAQ.jpg,A_m2BwRaFdErIAAAAAAAAAAAAAAQAAAQ.jpg,0,193,182
A_miO8RI_sLsIAAAAAAAAAAAAAAQAAAQ.jpg,A_ChqmSJ1Ok-IAAAAAAAAAAAAAAQAAAQ.jpg,0,180,153
FqQ7Yv3sQqamD1XqNUNQeQAAACMAARAD.jpg,A_SbRDQbZ63xkAAAAAAAAAAAAAAQAAAQ.jpg,0,164,78
bMTOZCIyTXCpPa4ub3bHTQAAACMAARAD.jpg,1DUlr4dURtqhdRrCS69ZgAAAACMAARAD.jpg,0,72,310
A_oWLETqhT6YIAAAAAAAAAAAAAAQAAAQ.jpg,A_Hd0LRLVyFxQAAAAAAAAAAAAAAQAAAQ.jpg,0,214,213
A_YOLjSLCb05sAAAAAAAAAAAAAAQAAAQ.jpg,WmmQfVkFSa6ES7uWWRqn-gAAACMAARAD.jpg,0,31,20
A_l7TnSbKoau8AAAAAAAAAAAAAAQAAAQ.jpg,A_des9TqTtlVkAAAAAAAAAAAAAAQAAAQ.jpg,0,40,230
A_6aJ8Sa2FS-YAAAAAAAAAAAAAAQAAAQ.jpg,elFmGazMSCiTA9cBKwcuMwAAACMAARAD.jpg,0,317,327
A_5zh3RYWgmsoAAAAAAAAAAAAAAQAAAQ.jpg,A_437OSrredWUAAAAAAAAAAAAAAQAAAQ.jpg,0,76,271
36L3Z5XgRFWtMVjSmPOSTwAAACMAARAD.jpg,A_V4M-S5Mt__QAAAAAAAAAAAAAAQAAAQ.jpg,0,190,191
A_TETcSo4ZDCgAAAAAAAAAAAAAAQAAAQ.jpg,A_OkeCQptuOYkAAAAAAAAAAAAAAQAAAQ.jpg,0,205,32
A_-bJ-Q4552o0AAAAAAAAAAAAAAQAAAQ.jpg,A_vaaqQKunbZkAAAAAAAAAAAAAAQAAAQ.jpg,0,50,141
J1CtsgliQ_Wz7dWKjUh9SwAAACMAARAD.jpg,A__iSlQZS0IuEAAAAAAAAAAAAAAQAAAQ.jpg,0,307,197
J4N-el7oSxaafAyjuSBgGAAAACMAARAD.jpg,qyqNN_HDShqToEUCAcDKYQAAACMAARAD.jpg,0,129,291
A_LKyVRYb174gAAAAAAAAAAAAAAQAAAQ.jpg,A_BM-IS64L6owAAAAAAAAAAAAAAQAAAQ.jpg,0,203,332
A_aA69SpvZhQQAAAAAAAAAAAAAAQAAAQ.jpg,A_W9fQSKt4JzUAAAAAAAAAAAAAAQAAAQ.jpg,0,311,95
A_wMMDQIdbntYAAAAAAAAAAAAAAQAAAQ.jpg,A_-bJ-Q4552o0AAAAAAAAAAAAAAQAAAQ.jpg,0,63,50
8uu1FfYMQXe3pxQOcXQR9gAAACMAARAD.jpg,A_B416T40hjHAAAAAAAAAAAAAAAQAAAQ.jpg,0,155,116
A_pWOlQZby4GYAAAAAAAAAAAAAAQAAAQ.jpg,A_K-1tRZOChRUAAAAAAAAAAAAAAQAAAQ.jpg,0,121,181
A_MfjWQa58yzwAAAAAAAAAAAAAAQAAAQ.jpg,A_EN1PTpOOkWkAAAAAAAAAAAAAAQAAAQ.jpg,0,90,66
qHnFLmDMQMiYxAn70xvcRwAAACMAARAD.jpg,A_ymwwSJZai5IAAAAAAAAAAAAAAQAAAQ.jpg,0,208,122
A_rZCET7Bcu5YAAAAAAAAAAAAAAQAAAQ.jpg,A_hZtcTJN4JNsAAAAAAAAAAAAAAQAAAQ.jpg,0,143,271
A_-bFhSYWyHW8AAAAAAAAAAAAAAQAAAQ.jpg,A_tB9JQ6SKjKYAAAAAAAAAAAAAAQAAAQ.jpg,0,108,201
A_wPnAQIK6lFQAAAAAAAAAAAAAAQAAAQ.jpg,A_rZL0S6dvFYvlzupIll1R-AAAAQAAAQ.jpg,0,84,175
A_Or1GTqTym0AAAAAAAAAAAAAAAQAAAQ.jpg,A_7OgCTLT7J9AAAAAAAAAAAAAAAQAAAQ.jpg,0,170,2
A_YaJOSrbcB5YAAAAAAAAAAAAAAQAAAQ.jpg,Fv9FYvAkQc6AGTP11upBrwAAACMAARAD.jpg,0,181,4
A_T2lFRJy5a2gAAAAAAAAAAAAAAQAAAQ.jpg,_YxN02DfQ7OUYkwftQP0QQAAACMAARAD.jpg,0,28,166
A_MwufRZG5iJ8AAAAAAAAAAAAAAQAAAQ.jpg,A_bIcBTZ3tUqEAAAAAAAAAAAAAAQAAAQ.jpg,0,236,289
A_2iAoQIypnLoAAAAAAAAAAAAAAQAAAQ.jpg,YDkF-IExTl-pKxGA-asCwwAAACMAARAD.jpg,0,254,166
A_88GIR4a9ssoAAAAAAAAAAAAAAQAAAQ.jpg,A_a0W5TbtRiX4AAAAAAAAAAAAAAQAAAQ.jpg,0,266,69
A_yhhDQbrQfGd8ld9BhzssNAAAAQAAAQ.jpg,A_ab2UR5VE8pYAAAAAAAAAAAAAAQAAAQ.jpg,0,206,49
dNTm6a6ZQU-tMrEpqKmLXwAAACMAARAD.jpg,A_19KTRKsU1bgAAAAAAAAAAAAAAQAAAQ.jpg,0,56,59
A_vBLvSIjsr5oAAAAAAAAAAAAAAQAAAQ.jpg,eub05Tg8Ri20vTxIGswtRwAAACMAARAD.jpg,0,308,323
A_MkJtQKVpPRIAAAAAAAAAAAAAAQAAAQ.jpg,A_2PylSJ1j8RIAAAAAAAAAAAAAAQAAAQ.jpg,0,232,191
A_jKAHQ6HeOiMAAAAAAAAAAAAAAQAAAQ.jpg,A_WB6uRqwOQD8AAAAAAAAAAAAAAQAAAQ.jpg,0,285,245
A_i7AkRLef484AAAAAAAAAAAAAAQAAAQ.jpg,A_DLk9QaFF3W0AAAAAAAAAAAAAAQAAAQ.jpg,0,240,328
A_AQhlTojyuDEAAAAAAAAAAAAAAQAAAQ.jpg,A_TLSkT501MYQAAAAAAAAAAAAAAQAAAQ.jpg,0,231,325
A_1cY0SJWiw2gAAAAAAAAAAAAAAQAAAQ.jpg,A_ds1XTZvQ5xIAAAAAAAAAAAAAAQAAAQ.jpg,0,249,242
A_hwdWQq75_mQAAAAAAAAAAAAAAQAAAQ.jpg,A_LC73QKKHtxsAAAAAAAAAAAAAAQAAAQ.jpg,0,7,183
A_NloJTpjGmzjncmZIj3dViAAAAQAAAQ.jpg,LkTAGmb3TGuGGZHU52brUQAAACMAARAD.jpg,0,62,207
A_JJxfRa1-EmUAAAAAAAAAAAAAAQAAAQ.jpg,A_gnzFTrJMNnQAAAAAAAAAAAAAAQAAAQ.jpg,0,74,232
A_9z7ISKHMk40AAAAAAAAAAAAAAQAAAQ.jpg,A_y0pUQad8WowAAAAAAAAAAAAAAQAAAQ.jpg,0,334,48
A_cy6BT7zBon8AAAAAAAAAAAAAAQAAAQ.jpg,A_z3KSSqDlw1QAAAAAAAAAAAAAAQAAAQ.jpg,0,145,263
A_Cl0sQ69mrY4AAAAAAAAAAAAAAQAAAQ.jpg,A_QYfVToXTeu0AAAAAAAAAAAAAAQAAAQ.jpg,0,341,229
A_8P78SYHj8vsAAAAAAAAAAAAAAQAAAQ.jpg,A_KjDbQJVMoCMAAAAAAAAAAAAAAQAAAQ.jpg,0,312,171
A_K0FxT6aY5N8AAAAAAAAAAAAAAQAAAQ.jpg,qt9ydc-FTHqABlnv0E338AAAACMAARAD.jpg,0,301,150
A_C4yWR6KggDwAAAAAAAAAAAAAAQAAAQ.jpg,A_MfjWQa58yzwAAAAAAAAAAAAAAQAAAQ.jpg,0,61,90
PYuk0PscTpKyg5nsQBOYZgAAACMAARAD.jpg,A_URuNQJscuisAAAAAAAAAAAAAAQAAAQ.jpg,0,107,297
A_NjG2SqOfUE4AAAAAAAAAAAAAAQAAAQ.jpg,A_0-ELRoJDoOAAAAAAAAAAAAAAAQAAAQ.jpg,0,342,160
A_mELMSZX6_9YAAAAAAAAAAAAAAQAAAQ.jpg,O1CN017Zqu3U1WkLrs8drP0_!!0-mtopupload.jpg,0,180,22
A_03AFSaoCIYMAAAAAAAAAAAAAAQAAAQ.jpg,HuSWm8MwS8C21fYeSVVyagAAACMAARAD.jpg,0,184,134
A_eKNXQLRk11AAAAAAAAAAAAAAAQAAAQ.jpg,A_hV6oRqWGM8sAAAAAAAAAAAAAAQAAAQ.jpg,0,112,329
jljP-9JORDyajV3g_xwG_wAAACMAARAD.jpg,A_7B2HSpMadEgAAAAAAAAAAAAAAQAAAQ.jpg,0,129,258
yUud5fmzR3q6UJMUV6hLQwAAACMAARAD.jpg,A__53oQqKI9vwAAAAAAAAAAAAAAQAAAQ.jpg,0,306,340
A_8vypTI74gzgAAAAAAAAAAAAAAQAAAQ.jpg,A_gmv7RZlv2wwAAAAAAAAAAAAAAQAAAQ.jpg,0,295,263
A_Hn4STI9pSQMAAAAAAAAAAAAAAQAAAQ.jpg,A_QR05Sq93mfIAAAAAAAAAAAAAAQAAAQ.jpg,0,40,69
A_eqkkQptcgkUAAAAAAAAAAAAAAQAAAQ.jpg,A_VVyqSqssGX8AAAAAAAAAAAAAAQAAAQ.jpg,0,94,110
A_tB9JQ6SKjKYAAAAAAAAAAAAAAQAAAQ.jpg,A_-mntSLpmrZwAAAAAAAAAAAAAAQAAAQ.jpg,0,201,149
A_H2d7SazIiaAAAAAAAAAAAAAAAQAAAQ.jpg,A_2TkOSZj4Q5QAAAAAAAAAAAAAAQAAAQ.jpg,0,73,108
A_FOOWRLdgH6EAAAAAAAAAAAAAAQAAAQ.jpg,A_Q8HDR58ZuAwAAAAAAAAAAAAAAQAAAQ.jpg,0,42,251
A_dmmqQrIoeIMAAAAAAAAAAAAAAQAAAQ.jpg,A_OssPT5JNclsAAAAAAAAAAAAAAQAAAQ.jpg,0,279,269
A_RU49RpH8I6MAAAAAAAAAAAAAAQAAAQ.jpg,A_9T8iRZsNnOoAAAAAAAAAAAAAAQAAAQ.jpg,0,270,91
A_3HV_SoaRBjcAAAAAAAAAAAAAAQAAAQ.jpg,A_NfYdSZ8-0FYAAAAAAAAAAAAAAQAAAQ.jpg,0,260,126
FjU3DCiVRJi-p0oNR-tAGgAAACMAARAD.jpg,A_xTY-S4O2kyYAAAAAAAAAAAAAAQAAAQ.jpg,0,27,333
jljP-9JORDyajV3g_xwG_wAAACMAARAD.jpg,B4vLF17OQ7iz0JDSOsJBYwAAACMAARAD.jpg,0,129,71
A_ePq8Ras0owIAAAAAAAAAAAAAAQAAAQ.jpg,A_hG-AQqJyNKkAAAAAAAAAAAAAAQAAAQ.jpg,0,320,239
LNlPtwVGSl-ipHGlshPDWAAAACMAARAD.jpg,gpZWgwFPRP-Iq02OHwMZPgAAACMAARAD.jpg,0,134,52
A_t6AyT4K76akAAAAAAAAAAAAAAQAAAQ.jpg,A_BXDpSpUjofgAAAAAAAAAAAAAAQAAAQ.jpg,0,346,68
A_HBC_SqXcNasAAAAAAAAAAAAAAQAAAQ.jpg,4zN2JMNhQYWDS2AtX0u64wAAACMAARAD.jpg,0,53,54
O1CN01FwhDIF1wj8peOpsqy_!!0-mtopupload.jpg,A_T_xdRoOUXqsAAAAAAAAAAAAAAQAAAQ.jpg,0,22,140
AxQOGcN4RkCPWfcMhYgBuQAAACMAARAD.jpg,A_LFTBTrq2so4AAAAAAAAAAAAAAQAAAQ.jpg,0,307,278
A_Hu1zSa0hFccAAAAAAAAAAAAAAQAAAQ.jpg,A_cY_dQKTxLZIAAAAAAAAAAAAAAQAAAQ.jpg,0,187,34
A_o6tyRpwL8I0AAAAAAAAAAAAAAQAAAQ.jpg,A_DRG9SbIn_7sAAAAAAAAAAAAAAQAAAQ.jpg,0,100,119
A_W-HLSo2GkJIAAAAAAAAAAAAAAQAAAQ.jpg,A_g9LKSo8QMHwAAAAAAAAAAAAAAQAAAQ.jpg,0,64,173
frdTcr-kQKe_ugKUa32pmwAAACMAARAD.jpg,7B--srC_TKKKH1ccdVhHJQAAACMAARAD.jpg,0,174,6
A_5rhHQ4uH0DUAAAAAAAAAAAAAAQAAAQ.jpg,A_Kgq_SLzseBQAAAAAAAAAAAAAAQAAAQ.jpg,0,343,295
A_jXO8TqgUNaEAAAAAAAAAAAAAAQAAAQ.jpg,A_dN7FSZa9E6kAAAAAAAAAAAAAAQAAAQ.jpg,0,3,225
2G8MIAaDRluIS-ucQOWdigAAACMAARAD.jpg,A_ryBhQJmZFnUAAAAAAAAAAAAAAQAAAQ.jpg,0,54,267
A_rGSuTZXVuRUAAAAAAAAAAAAAAQAAAQ.jpg,A_nwlKT4igLyQAAAAAAAAAAAAAAQAAAQ.jpg,0,2,37
A_LlQfQ5eZYSAAAAAAAAAAAAAAAQAAAQ.jpg,A_FOOWRLdgH6EAAAAAAAAAAAAAAQAAAQ.jpg,0,94,42
A_8MxtS7nrx5oAAAAAAAAAAAAAAQAAAQ.jpg,A_q9E-TreZOpcAAAAAAAAAAAAAAQAAAQ.jpg,0,53,276
A_JFf0QpMDxLUAAAAAAAAAAAAAAQAAAQ.jpg,A_Sm0gS7RP30QAAAAAAAAAAAAAAQAAAQ.jpg,0,178,140
A_jO7PT6D764gAAAAAAAAAAAAAAQAAAQ.jpg,A_S7r7Srj5r_wAAAAAAAAAAAAAAQAAAQ.jpg,0,106,313
Kaf40bOpT5G9tQ2a92m9aQAAACMAARAD.jpg,A_5aAtRZYw7_wAAAAAAAAAAAAAAQAAAQ.jpg,0,186,51
7B--srC_TKKKH1ccdVhHJQAAACMAARAD.jpg,A_wlP4RZZzpEgAAAAAAAAAAAAAAQAAAQ.jpg,0,6,3
A_vxNlQoSOcesAAAAAAAAAAAAAAQAAAQ.jpg,A_FYeLRIlqv1sAAAAAAAAAAAAAAQAAAQ.jpg,0,23,318
A_jHKHTLW4rOcAAAAAAAAAAAAAAQAAAQ.jpg,A_cdBQTbPmNRcAAAAAAAAAAAAAAQAAAQ.jpg,0,267,154
Nr4fpTnSRWGdwsellE27SQAAACMAARAD.jpg,EIpoK14ATmCiS-H_pM6kvAAAACMAARAD.jpg,0,71,54
A_16FyRKAdZCwAAAAAAAAAAAAAAQAAAQ.jpg,A_c7PhTYy24i4AAAAAAAAAAAAAAQAAAQ.jpg,0,139,137
A_aU59RJLl9L4AAAAAAAAAAAAAAQAAAQ.jpg,A_TETcSo4ZDCgAAAAAAAAAAAAAAQAAAQ.jpg,0,32,205
A_-JpBS6Eepe4AAAAAAAAAAAAAAQAAAQ.jpg,A_FOIbSaYkQ0MAAAAAAAAAAAAAAQAAAQ.jpg,0,210,80
A_TLSkT501MYQAAAAAAAAAAAAAAQAAAQ.jpg,FzycvDuPSGu-ef2sruqE3wAAACMAARAD.jpg,0,325,150
A_WgcxSLmAZ9YAAAAAAAAAAAAAAQAAAQ.jpg,A_xK0XQo9bd_wAAAAAAAAAAAAAAQAAAQ.jpg,0,15,143
A_r0rxRqzUNowAAAAAAAAAAAAAAQAAAQ.jpg,A_BRtzS61gGD4AAAAAAAAAAAAAAQAAAQ.jpg,0,241,82
A_VR95Q4yGMG0AAAAAAAAAAAAAAQAAAQ.jpg,A_yuLVT43MzcgAAAAAAAAAAAAAAQAAAQ.jpg,0,114,167
A_F-Y6SLy3q3kAAAAAAAAAAAAAAQAAAQ.jpg,A_PKCVSakmtxUAAAAAAAAAAAAAAQAAAQ.jpg,0,127,278
A_bBofSp4thsQAAAAAAAAAAAAAAQAAAQ.jpg,A_YfwbQJ4I5K8AAAAAAAAAAAAAAQAAAQ.jpg,0,45,311
A_Hp9BSaTeieAAAAAAAAAAAAAAAQAAAQ.jpg,A_ZQs8RZuoJBoAAAAAAAAAAAAAAQAAAQ.jpg,0,29,232
A_kRgtTKT8j2YAAAAAAAAAAAAAAQAAAQ.jpg,A_YGM9RqelARIAAAAAAAAAAAAAAQAAAQ.jpg,0,261,250
A_oIudQY-doeoAAAAAAAAAAAAAAQAAAQ.jpg,7ACCezYsSqiEz-zehRjeGAAAACMAARAD.jpg,0,58,310
A_fdXCTprSOxYAAAAAAAAAAAAAAQAAAQ.jpg,A_bWQgQawVwX4AAAAAAAAAAAAAAQAAAQ.jpg,0,339,90
A_2f4ZRqel34oAAAAAAAAAAAAAAQAAAQ.jpg,A_H2d7SazIiaAAAAAAAAAAAAAAAQAAAQ.jpg,0,33,73
A_ul0zRLO4ulQAAAAAAAAAAAAAAQAAAQ.jpg,A_0ZuNSaLNy7EAAAAAAAAAAAAAAQAAAQ.jpg,0,74,156
A_S1K7SaRCgmsAAAAAAAAAAAAAAQAAAQ.jpg,A_UHH0So61ecgAAAAAAAAAAAAAAQAAAQ.jpg,0,111,275
A_yFmGSo2bp-cAAAAAAAAAAAAAAQAAAQ.jpg,A_LC73QKKHtxsAAAAAAAAAAAAAAQAAAQ.jpg,0,248,183
A_7FcUTJfZ-EEAAAAAAAAAAAAAAQAAAQ.jpg,A_qpwOTZvgL9EAAAAAAAAAAAAAAQAAAQ.jpg,0,200,26
A_iPsbSr7C5DcAAAAAAAAAAAAAAQAAAQ.jpg,A_eBxrT7u84_YAAAAAAAAAAAAAAQAAAQ.jpg,0,254,276
A_aU59RJLl9L4AAAAAAAAAAAAAAQAAAQ.jpg,A_zfe6Ta1sN6AAAAAAAAAAAAAAAQAAAQ.jpg,0,32,79
A_avXxR4A0gikAAAAAAAAAAAAAAQAAAQ.jpg,A_VKWZTI04Y7wAAAAAAAAAAAAAAQAAAQ.jpg,0,280,41
A_LaJXSLgvcWAAAAAAAAAAAAAAAQAAAQ.jpg,A_eUwvR77C5UwAAAAAAAAAAAAAAQAAAQ.jpg,0,185,65
A_TQs9RbfFYCkAAAAAAAAAAAAAAQAAAQ.jpg,A_S33KQZXSRKEAAAAAAAAAAAAAAQAAAQ.jpg,0,280,80
A_atr-Q7oa0ywAAAAAAAAAAAAAAQAAAQ.jpg,A_BH18R5ERvpkAAAAAAAAAAAAAAQAAAQ.jpg,0,43,198
A_NjG2SqOfUE4AAAAAAAAAAAAAAQAAAQ.jpg,A_9jzqQrTHgCQAAAAAAAAAAAAAAQAAAQ.jpg,0,342,126
A_wmoBRoo-T8IAAAAAAAAAAAAAAQAAAQ.jpg,A_Fs6DTJ51k3oAAAAAAAAAAAAAAQAAAQ.jpg,0,279,95
YogXrvTpT3CF9S-8BEORggAAACMAARAD.jpg,A_-fGnSJLpn7kAAAAAAAAAAAAAAQAAAQ.jpg,0,71,273
A_mSuHQqYkujMAAAAAAAAAAAAAAQAAAQ.jpg,A_CkzZSIBF3KYAAAAAAAAAAAAAAQAAAQ.jpg,0,319,299
A_gBKETKn8DvwAAAAAAAAAAAAAAQAAAQ.jpg,8bqSm5suQB-TkC66R2F-lgAAACMAARAD.jpg,0,182,177
A_s-BYTbC6hKgAAAAAAAAAAAAAAQAAAQ.jpg,A_yhhDQbrQfGd8ld9BhzssNAAAAQAAAQ.jpg,0,162,206
A_tZlpQLPXXpQAAAAAAAAAAAAAAQAAAQ.jpg,A_xNCNSreklsIAAAAAAAAAAAAAAQAAAQ.jpg,0,84,1
A_7WinQJg-1OcAAAAAAAAAAAAAAQAAAQ.jpg,A_0tvJRLe5_mUAAAAAAAAAAAAAAQAAAQ.jpg,0,31,86
A_qltmS7ZNsLUAAAAAAAAAAAAAAQAAAQ.jpg,A_lPHeQo7aiawAAAAAAAAAAAAAAQAAAQ.jpg,0,91,189
A_1AcjS7HMufYAAAAAAAAAAAAAAQAAAQ.jpg,A_Vb0FSquZ6YkAAAAAAAAAAAAAAQAAAQ.jpg,0,189,237
B4vLF17OQ7iz0JDSOsJBYwAAACMAARAD.jpg,A_Rh_cT7z_w7wAAAAAAAAAAAAAAQAAAQ.jpg,0,71,17
A_EcV-QL_t4UAAAAAAAAAAAAAAAQAAAQ.jpg,A_vBLvSIjsr5oAAAAAAAAAAAAAAQAAAQ.jpg,0,67,308
A_bKPlQL4w2iUAAAAAAAAAAAAAAQAAAQ.jpg,A_MVBqSa4_cZAAAAAAAAAAAAAAAQAAAQ.jpg,0,345,284
A_048mQIy0UMoAAAAAAAAAAAAAAQAAAQ.jpg,Z_Hv1amYSOKoJUJcV5cxjwAAACMAARAD.jpg,0,223,211
A_ZBuhRJ_erngAAAAAAAAAAAAAAQAAAQ.jpg,A_FbS7RJkTRPMAAAAAAAAAAAAAAQAAAQ.jpg,0,34,99
A_zSt_TZGlWdoAAAAAAAAAAAAAAQAAAQ.jpg,A_M6uVTLJ2EukAAAAAAAAAAAAAAQAAAQ.jpg,0,38,331
A_lfw2QZuTKukAAAAAAAAAAAAAAQAAAQ.jpg,A_vBLvSIjsr5oAAAAAAAAAAAAAAQAAAQ.jpg,0,217,308
A_ffGlTZG85-QAAAAAAAAAAAAAAQAAAQ.jpg,A_Dl-rQYisXAQAAAAAAAAAAAAAAQAAAQ.jpg,0,322,37
A_ymwwSJZai5IAAAAAAAAAAAAAAQAAAQ.jpg,A_t7pjSY5KeJwAAAAAAAAAAAAAAQAAAQ.jpg,0,122,324
A_W-xaT78i22MAAAAAAAAAAAAAAQAAAQ.jpg,A_w5yBQq07ZGQAAAAAAAAAAAAAAQAAAQ.jpg,0,50,218
A_DJoqQr7L5-IAAAAAAAAAAAAAAQAAAQ.jpg,A_fdXCTprSOxYAAAAAAAAAAAAAAQAAAQ.jpg,0,36,339
A_HeLsQKQMu50AAAAAAAAAAAAAAQAAAQ.jpg,eVAexCuGQ-2ZHt6vXBAIlwAAACMAARAD.jpg,0,43,219
A_AuorQ4yCMh0AAAAAAAAAAAAAAQAAAQ.jpg,A_nZIFTqwyAG0AAAAAAAAAAAAAAQAAAQ.jpg,0,161,341
A_UIUSR7SsVxQAAAAAAAAAAAAAAQAAAQ.jpg,A_3JWtT62FzhAAAAAAAAAAAAAAAQAAAQ.jpg,0,81,290
A_aDKBQ7mM76cAAAAAAAAAAAAAAQAAAQ.jpg,A_0mFaQoSKPVgAAAAAAAAAAAAAAQAAAQ.jpg,0,256,87
A_zMhHRKUhSuE7jzBNqjIYmQAAAQAAAQ.jpg,A_5RnLQp7mKNsAAAAAAAAAAAAAAQAAAQ.jpg,0,148,130
A_DTn9RaIFKaUAAAAAAAAAAAAAAQAAAQ.jpg,dNTm6a6ZQU-tMrEpqKmLXwAAACMAARAD.jpg,0,246,56
A_zz-aSZh8rzMAAAAAAAAAAAAAAQAAAQ.jpg,A_ytOxT7NilIsAAAAAAAAAAAAAAQAAAQ.jpg,0,127,244
A__ZWPQJQKX10AAAAAAAAAAAAAAQAAAQ.jpg,A_l-VLRK4I89oAAAAAAAAAAAAAAQAAAQ.jpg,0,314,31
xW1Mn56mRh-OB69ayDWmoQAAACMAARAD.jpg,crE-yGuKTyaiQLaA4borcAAAACMAARAD.jpg,0,190,109
A_SsADSplZuU0AAAAAAAAAAAAAAQAAAQ.jpg,A_ChqmSJ1Ok-IAAAAAAAAAAAAAAQAAAQ.jpg,0,258,153
A_0GHaQ5v1mnFBBtxPokPDawAAAQAAAQ.jpg,A_t6AyT4K76akAAAAAAAAAAAAAAQAAAQ.jpg,0,64,346
A_QQBWQ5OgNqcAAAAAAAAAAAAAAQAAAQ.jpg,A_cwILQL0IAHcAAAAAAAAAAAAAAQAAAQ.jpg,0,318,83
ORZnfTwMTGmDKW-_9Zm_cAAAACMAARAD.jpg,A_mHpGR5oYn_kAAAAAAAAAAAAAAQAAAQ.jpg,0,348,320
A_rsioTJ5AOrcAAAAAAAAAAAAAAQAAAQ.jpg,A_Hu1zSa0hFccAAAAAAAAAAAAAAQAAAQ.jpg,0,9,187
A_MGtdT6XD3YAAAAAAAAAAAAAAAQAAAQ.jpg,A_f93rT43JBg0AAAAAAAAAAAAAAQAAAQ.jpg,0,236,102
A_QMXJRr8rzh4AAAAAAAAAAAAAAQAAAQ.jpg,A_LZQHRJnzs8kAAAAAAAAAAAAAAQAAAQ.jpg,0,300,85
A_avXxR4A0gikAAAAAAAAAAAAAAQAAAQ.jpg,A_aU59RJLl9L4AAAAAAAAAAAAAAQAAAQ.jpg,0,280,32
A_t7pjSY5KeJwAAAAAAAAAAAAAAQAAAQ.jpg,A_waonRYbJYOwAAAAAAAAAAAAAAQAAAQ.jpg,0,324,194
A_B416T40hjHAAAAAAAAAAAAAAAQAAAQ.jpg,A_1OujSoSRAr8AAAAAAAAAAAAAAQAAAQ.jpg,0,116,292
5-dDbF_HS_O0O2_34lIV9AAAACMAARAD.jpg,A_LRDNQb_6khoAAAAAAAAAAAAAAQAAAQ.jpg,0,186,342
A_2PylSJ1j8RIAAAAAAAAAAAAAAQAAAQ.jpg,A_6McDRL0y-v8AAAAAAAAAAAAAAQAAAQ.jpg,0,191,200
A_tjIQQ4rItcQAAAAAAAAAAAAAAQAAAQ.jpg,T9sfxIkpSdiBNdMd91kAeAAAACMAARAD.jpg,0,163,321
4zN2JMNhQYWDS2AtX0u64wAAACMAARAD.jpg,A_mbdXS47FykQAAAAAAAAAAAAAAQAAAQ.jpg,0,54,252
A_pBcpQ5u7crsAAAAAAAAAAAAAAQAAAQ.jpg,A_tXSZTIQiK3YAAAAAAAAAAAAAAQAAAQ.jpg,0,286,151
A_4OdZTY_C4z8AAAAAAAAAAAAAAQAAAQ.jpg,A_TlQXRagTGKcAAAAAAAAAAAAAAQAAAQ.jpg,0,304,172
A_GsfXSomQxTQAAAAAAAAAAAAAAQAAAQ.jpg,A_JzxkRq5CL7UAAAAAAAAAAAAAAQAAAQ.jpg,0,201,216
A_CjU5SoWF2L0AAAAAAAAAAAAAAQAAAQ.jpg,A_ItmHSrXG59IAAAAAAAAAAAAAAQAAAQ.jpg,0,118,179
A_CgA9TI6N9eIAAAAAAAAAAAAAAQAAAQ.jpg,A_LaJXSLgvcWAAAAAAAAAAAAAAAQAAAQ.jpg,0,227,185
A_6BoNTIj6Zn8AAAAAAAAAAAAAAQAAAQ.jpg,A_Uh4ZRZjAbOAAAAAAAAAAAAAAAQAAAQ.jpg,0,126,52
qt9ydc-FTHqABlnv0E338AAAACMAARAD.jpg,A_D9o9T7zICSYAAAAAAAAAAAAAAQAAAQ.jpg,0,150,113
A_stIeTZ6xLSQAAAAAAAAAAAAAAQAAAQ.jpg,A_nJFYQIdXJJIAAAAAAAAAAAAAAQAAAQ.jpg,0,172,138
VhTnM3vfTZ-8xD9trXiLSAAAACMAARAD.jpg,A_ePq8Ras0owIAAAAAAAAAAAAAAQAAAQ.jpg,0,71,320
A_q0dFR7cGWkQAAAAAAAAAAAAAAQAAAQ.jpg,A_95Z4QIMBISQAAAAAAAAAAAAAAQAAAQ.jpg,0,123,184
A_zcYfTIvp2lMAAAAAAAAAAAAAAQAAAQ.jpg,A_NfYdSZ8-0FYAAAAAAAAAAAAAAQAAAQ.jpg,0,277,126
A_7uWzQaplAc4AAAAAAAAAAAAAAQAAAQ.jpg,A_EZU5Q47i9PQAAAAAAAAAAAAAAQAAAQ.jpg,0,260,16
A_Xt5tQpzDINoAAAAAAAAAAAAAAQAAAQ.jpg,A__2g8SIdev1YAAAAAAAAAAAAAAQAAAQ.jpg,0,314,153
A_kJWgSJRDpycAAAAAAAAAAAAAAQAAAQ.jpg,A_ACH-Ta-cq-oAAAAAAAAAAAAAAQAAAQ.jpg,0,228,340
A_hFIsQqIAQwEAAAAAAAAAAAAAAQAAAQ.jpg,1DUlr4dURtqhdRrCS69ZgAAAACMAARAD.jpg,0,81,310
A_tmZ3QpBor3sAAAAAAAAAAAAAAQAAAQ.jpg,A_JvhQSaZL14UAAAAAAAAAAAAAAQAAAQ.jpg,0,203,75
2A23mcKTRe6iwvdle-DnoQAAACMAARAD.jpg,A_Hp9BSaTeieAAAAAAAAAAAAAAAQAAAQ.jpg,0,349,29
A_TETcSo4ZDCgAAAAAAAAAAAAAAQAAAQ.jpg,A_N0opT5roVPAAAAAAAAAAAAAAAQAAAQ.jpg,0,205,242
A_XhFbQoM2GvIAAAAAAAAAAAAAAQAAAQ.jpg,A_2zQ8SKw0HmwAAAAAAAAAAAAAAQAAAQ.jpg,0,229,119
O4evSscSQOaRanT5DclZ5wAAACMAARAD.jpg,A_7agWQomXiksAAAAAAAAAAAAAAQAAAQ.jpg,0,4,85
A_Vu_PRqVmM8AAAAAAAAAAAAAAAQAAAQ.jpg,A_des9TqTtlVkAAAAAAAAAAAAAAQAAAQ.jpg,0,14,230
B4vLF17OQ7iz0JDSOsJBYwAAACMAARAD.jpg,A_q7aRSpBENVQAAAAAAAAAAAAAAQAAAQ.jpg,0,71,12
FjU3DCiVRJi-p0oNR-tAGgAAACMAARAD.jpg,A_1YVzSbIROi8AAAAAAAAAAAAAAQAAAQ.jpg,0,27,253
A_KlKMQ7YwUQUAAAAAAAAAAAAAAQAAAQ.jpg,A__iBTRLnSgRsAAAAAAAAAAAAAAQAAAQ.jpg,0,269,308
bSowLH_QSz-W1UMpKjz0owAAACMAARAD.jpg,Z_Hv1amYSOKoJUJcV5cxjwAAACMAARAD.jpg,0,315,211
A_7zzVQYVHFHgAAAAAAAAAAAAAAQAAAQ.jpg,36L3Z5XgRFWtMVjSmPOSTwAAACMAARAD.jpg,0,158,190
A_K0ldRalVubcAAAAAAAAAAAAAAQAAAQ.jpg,A_EsHfTJi2lYUAAAAAAAAAAAAAAQAAAQ.jpg,0,24,314
A_HeLsQKQMu50AAAAAAAAAAAAAAQAAAQ.jpg,A_rdsOTar7H-kAAAAAAAAAAAAAAQAAAQ.jpg,0,43,46
A_XNHHSZlJH00AAAAAAAAAAAAAAQAAAQ.jpg,A_CXUcR6GYNjkAAAAAAAAAAAAAAQAAAQ.jpg,0,153,280
A_ymwwSJZai5IAAAAAAAAAAAAAAQAAAQ.jpg,KtjlPeKCRb-0vismjLY7MgAAACMAARED.jpg,0,122,128
A_4OwVSaVoxg4AAAAAAAAAAAAAAQAAAQ.jpg,A_WDLkR6ptwJYAAAAAAAAAAAAAAQAAAQ.jpg,0,170,160
dNTm6a6ZQU-tMrEpqKmLXwAAACMAARAD.jpg,A_lWreSpZxhyAAAAAAAAAAAAAAAQAAAQ.jpg,0,56,15
A_hdpuRLEj1icAAAAAAAAAAAAAAQAAAQ.jpg,A_OrR4RrU6OP0AAAAAAAAAAAAAAQAAAQ.jpg,0,326,212
A_pUauTrONA4lSN5NPuoRqAAAAAQAAAQ.jpg,A_ogroTKEURIMAAAAAAAAAAAAAAQAAAQ.jpg,0,318,102
A_tXSZTIQiK3YAAAAAAAAAAAAAAQAAAQ.jpg,uI5fw6x6QLSNO_eB4fXEZwAAACMAARAD.jpg,0,151,109
A_95Z4QIMBISQAAAAAAAAAAAAAAQAAAQ.jpg,A_Rx6HR586O4sAAAAAAAAAAAAAAQAAAQ.jpg,0,184,325
A_J9o_QJCEnBQAAAAAAAAAAAAAAQAAAQ.jpg,A_T1kYQ7qQrxcAAAAAAAAAAAAAAQAAAQ.jpg,0,94,246
A_ysxzSpSaAJ0AAAAAAAAAAAAAAQAAAQ.jpg,A_O8IBS7bcXMAAAAAAAAAAAAAAAQAAAQ.jpg,0,66,196
A_HPLCS6zhfDUAAAAAAAAAAAAAAQAAAQ.jpg,A_BelDQrZMthQAAAAAAAAAAAAAAQAAAQ.jpg,0,218,217
A_QZE9RZrlk7wAAAAAAAAAAAAAAQAAAQ.jpg,A__YxFR6NzEjQAAAAAAAAAAAAAAQAAAQ.jpg,0,223,13
A_tgVnS7L93MwAAAAAAAAAAAAAAQAAAQ.jpg,A_048mQIy0UMoAAAAAAAAAAAAAAQAAAQ.jpg,0,247,223
A_HXWXTZxti_gAAAAAAAAAAAAAAQAAAQ.jpg,A_9jzqQrTHgCQAAAAAAAAAAAAAAQAAAQ.jpg,0,311,126
YDkF-IExTl-pKxGA-asCwwAAACMAARAD.jpg,A_Cx8AT5HA35gAAAAAAAAAAAAAAQAAAQ.jpg,0,166,140
A_bJUVQLWonskAAAAAAAAAAAAAAQAAAQ.jpg,A_cexvRK__-1MAAAAAAAAAAAAAAQAAAQ.jpg,0,344,204
jjWLPK10Q3S11BG3fnopQgAAACMAARAD.jpg,kI8JptLQRmKD74_JZNiHXQAAACMAARAD.jpg,0,188,129
A_acoIRKkS4KMAAAAAAAAAAAAAAQAAAQ.jpg,A_T5AVSb-PcwMAAAAAAAAAAAAAAQAAAQ.jpg,0,336,98
qHnFLmDMQMiYxAn70xvcRwAAACMAARAD.jpg,A_UM9FRqczn4sAAAAAAAAAAAAAAQAAAQ.jpg,0,208,42
A_rsioTJ5AOrcAAAAAAAAAAAAAAQAAAQ.jpg,A_K1SDTrzJRsMAAAAAAAAAAAAAAQAAAQ.jpg,0,9,82
A_z0kCQr_tfJQAAAAAAAAAAAAAAQAAAQ.jpg,A_HTNURIoNl30AAAAAAAAAAAAAAQAAAQ.jpg,0,23,31
J1CtsgliQ_Wz7dWKjUh9SwAAACMAARAD.jpg,A_BozJTaHtlVkAAAAAAAAAAAAAAQAAAQ.jpg,0,307,173
A_BRtzS61gGD4AAAAAAAAAAAAAAQAAAQ.jpg,A_UXmITL-h8LMAAAAAAAAAAAAAAQAAAQ.jpg,0,82,140
J1O8TQTwTPSajGqg9HcALwAAACMAARAD.jpg,A_otkrQ6x55ioAAAAAAAAAAAAAAQAAAQ.jpg,0,192,123
A__euTTbzk1_QAAAAAAAAAAAAAAQAAAQ.jpg,A_7WinQJg-1OcAAAAAAAAAAAAAAQAAAQ.jpg,0,210,31
A_s6NBRJVoqogAAAAAAAAAAAAAAQAAAQ.jpg,A_9Hj6Q4nQNhEAAAAAAAAAAAAAAQAAAQ.jpg,0,228,299
A_HHmHS7TxQaEAAAAAAAAAAAAAAQAAAQ.jpg,A_Uw6pRLOcnFcAAAAAAAAAAAAAAQAAAQ.jpg,0,305,242
IJnfoTCGRzy_PnKxNA20FAAAACMAARAD.jpg,A_Hr8iQJfMnWAAAAAAAAAAAAAAAQAAAQ.jpg,0,306,86
A_Va1UTrmeizMAAAAAAAAAAAAAAQAAAQ.jpg,A_ZkMGSr_0kyQAAAAAAAAAAAAAAQAAAQ.jpg,0,17,138
A_t6AyT4K76akAAAAAAAAAAAAAAQAAAQ.jpg,A_KkNnR5qXorcAAAAAAAAAAAAAAQAAAQ.jpg,0,346,313
A_ANj4S6gZrSgAAAAAAAAAAAAAAQAAAQ.jpg,A_NLtxRaP1d6wAAAAAAAAAAAAAAQAAAQ.jpg,0,92,106
A_p4flTrdsBe8AAAAAAAAAAAAAAQAAAQ.jpg,A_9rUXTan94pAAAAAAAAAAAAAAAQAAAQ.jpg,0,76,32
A_d1iSRoW_qgQAAAAAAAAAAAAAAQAAAQ.jpg,HO658TQUQEWkFzwQclWO6QAAACMAARAD.jpg,0,18,316
A_yaQwRrApyMQAAAAAAAAAAAAAAQAAAQ.jpg,A_DLIAQKcBAyYAAAAAAAAAAAAAAQAAAQ.jpg,0,276,244
A_KG1fRooRKKoAAAAAAAAAAAAAAQAAAQ.jpg,A_kiLeTKqEGUkAAAAAAAAAAAAAAQAAAQ.jpg,0,286,1
Nr4fpTnSRWGdwsellE27SQAAACMAARAD.jpg,A_4rz3RZuMxDMAAAAAAAAAAAAAAQAAAQ.jpg,0,71,165
A_8HNgToSMI-0AAAAAAAAAAAAAAQAAAQ.jpg,A_7PWcRpT6-noAAAAAAAAAAAAAAQAAAQ.jpg,0,5,145
A_JhozTLdUXBAAAAAAAAAAAAAAAQAAAQ.jpg,eub05Tg8Ri20vTxIGswtRwAAACMAARAD.jpg,0,238,323
A_BXDpSpUjofgAAAAAAAAAAAAAAQAAAQ.jpg,qyqNN_HDShqToEUCAcDKYQAAACMAARAD.jpg,0,68,291
WmmQfVkFSa6ES7uWWRqn-gAAACMAARAD.jpg,A_S11EQYn7Fj8AAAAAAAAAAAAAAQAAAQ.jpg,0,20,224
A_1BkkT5s3pZkAAAAAAAAAAAAAAQAAAQ.jpg,qvyQGoFhTm69RSHS-41E9QAAACMAARAD.jpg,0,304,209
A_GhJrQqvVGfAAAAAAAAAAAAAAAQAAAQ.jpg,A_Hu1zSa0hFccAAAAAAAAAAAAAAQAAAQ.jpg,0,46,187
A_6JGwQau_WNoAAAAAAAAAAAAAAQAAAQ.jpg,A_SUrFSpyat3oAAAAAAAAAAAAAAQAAAQ.jpg,0,284,102
zusOFo_RSsqRAqtrfJ1fEgAAACMAARAD.jpg,A_eqkkQptcgkUAAAAAAAAAAAAAAQAAAQ.jpg,0,348,94
A_qwMrRIrUjOkAAAAAAAAAAAAAAQAAAQ.jpg,A_v-mDS7qZe7oAAAAAAAAAAAAAAQAAAQ.jpg,0,100,19
A_aEr8SogcnnIAAAAAAAAAAAAAAQAAAQ.jpg,A_tmV0SKPNXSUAAAAAAAAAAAAAAQAAAQ.jpg,0,311,169
A_CfJDTJ9aiOAAAAAAAAAAAAAAAQAAAQ.jpg,A_rGSuTZXVuRUAAAAAAAAAAAAAAQAAAQ.jpg,0,121,2
A_i8kmSqzWZtEAAAAAAAAAAAAAAQAAAQ.jpg,A_aA69SpvZhQQAAAAAAAAAAAAAAQAAAQ.jpg,0,284,311
A_M2dJTrQsL7gAAAAAAAAAAAAAAQAAAQ.jpg,A_b1eiQ4BovAEAAAAAAAAAAAAAAQAAAQ.jpg,0,167,343
A__2g8SIdev1YAAAAAAAAAAAAAAQAAAQ.jpg,A_DC12To5UBZwAAAAAAAAAAAAAAQAAAQ.jpg,0,153,23
A_WAmwRrFJUhUAAAAAAAAAAAAAAQAAAQ.jpg,A_M-KbRYPdAHoAAAAAAAAAAAAAAQAAAQ.jpg,0,149,336
A_Uw6pRLOcnFcAAAAAAAAAAAAAAQAAAQ.jpg,A_SXGPT6VlGv0AAAAAAAAAAAAAAQAAAQ.jpg,0,242,15
uwbM_KZaT4WXCQZJ66Ib_QAAACMAARAD.jpg,A_-gLFTpM2eMUAAAAAAAAAAAAAAQAAAQ.jpg,0,192,81
A_FliWQ7H5vocAAAAAAAAAAAAAAQAAAQ.jpg,A_gh7QT5Mx8uUAAAAAAAAAAAAAAQAAAQ.jpg,0,301,41
A_fgxxT7gC-zwAAAAAAAAAAAAAAQAAAQ.jpg,A_VNPxS4voAo4AAAAAAAAAAAAAAQAAAQ.jpg,0,198,49
A_PLH0TI0npUYAAAAAAAAAAAAAAQAAAQ.jpg,A_rphdRInnC2cAAAAAAAAAAAAAAQAAAQ.jpg,0,294,138
A_eKPdQ7NuzWMAAAAAAAAAAAAAAQAAAQ.jpg,A_w8x7SaCEWdkAAAAAAAAAAAAAAQAAAQ.jpg,0,79,58
A_Ej53QIThr-wAAAAAAAAAAAAAAQAAAQ.jpg,A_plhwSYSpPVIAAAAAAAAAAAAAAQAAAQ.jpg,0,57,264
A_mbl_QJe6wqwAAAAAAAAAAAAAAQAAAQ.jpg,A_DpAcQ6ZefVMAAAAAAAAAAAAAAQAAAQ.jpg,0,168,246
A_-bJ-Q4552o0AAAAAAAAAAAAAAQAAAQ.jpg,A_IeYBSaupD3QAAAAAAAAAAAAAAQAAAQ.jpg,0,50,75
A_qo9KQ6YZpa0AAAAAAAAAAAAAAQAAAQ.jpg,dsoua9awQ96zA43Lqf2KVgAAACMAARAD.jpg,0,11,226
A_TcbgToJZ2O0AAAAAAAAAAAAAAQAAAQ.jpg,A_cWO0Sb2sA9gAAAAAAAAAAAAAAQAAAQ.jpg,0,213,200
A_s3DKToWP_5UAAAAAAAAAAAAAAQAAAQ.jpg,J4N-el7oSxaafAyjuSBgGAAAACMAARAD.jpg,0,142,129
A_xvAiTaIgyiIAAAAAAAAAAAAAAQAAAQ.jpg,A_AoHdR7FLKwgAAAAAAAAAAAAAAQAAAQ.jpg,0,154,178
A_fw0nSIvq86cAAAAAAAAAAAAAAQAAAQ.jpg,A_cutQQr13fwsAAAAAAAAAAAAAAQAAAQ.jpg,0,65,52
A_6CUMTK6sWtwAAAAAAAAAAAAAAQAAAQ.jpg,A_FraFT4NK-OwAAAAAAAAAAAAAAQAAAQ.jpg,0,45,204
A_uSLAQKtJDr4AAAAAAAAAAAAAAQAAAQ.jpg,-6WHQxGYR3ej96FqYNv-hAAAACMAARAD.jpg,0,179,208
A_EN1PTpOOkWkAAAAAAAAAAAAAAQAAAQ.jpg,A_KG1fRooRKKoAAAAAAAAAAAAAAQAAAQ.jpg,0,66,286
A_7dttRYIKAKQAAAAAAAAAAAAAAQAAAQ.jpg,A_7B2HSpMadEgAAAAAAAAAAAAAAQAAAQ.jpg,0,116,258
A_6KB1R5-AhUgAAAAAAAAAAAAAAQAAAQ.jpg,A_r5lyTqEh9NQAAAAAAAAAAAAAAQAAAQ.jpg,0,36,170
A_BH18R5ERvpkAAAAAAAAAAAAAAQAAAQ.jpg,A_Rh_cT7z_w7wAAAAAAAAAAAAAAQAAAQ.jpg,0,198,17
A_yqalTI6j368AAAAAAAAAAAAAAQAAAQ.jpg,A_AK9lSaWJ_m0AAAAAAAAAAAAAAQAAAQ.jpg,0,73,296
A_BH18R5ERvpkAAAAAAAAAAAAAAQAAAQ.jpg,A_sjosRJ0wPVkAAAAAAAAAAAAAAQAAAQ.jpg,0,198,179
A_pMrhQLroe0IAAAAAAAAAAAAAAQAAAQ.jpg,A_AgMeSbS1YrMAAAAAAAAAAAAAAQAAAQ.jpg,0,319,169
A_vsngRpRhfFsAAAAAAAAAAAAAAQAAAQ.jpg,A_FSyZQ40qPbEAAAAAAAAAAAAAAQAAAQ.jpg,0,112,257
A_hG-AQqJyNKkAAAAAAAAAAAAAAQAAAQ.jpg,A_8xTQSLkd18MAAAAAAAAAAAAAAQAAAQ.jpg,0,239,125
A_j3DbSYcsPaAAAAAAAAAAAAAAAQAAAQ.jpg,A_CRqJQKCtnOMAAAAAAAAAAAAAAQAAAQ.jpg,0,114,341
A_XQs-QoHKkXEAAAAAAAAAAAAAAQAAAQ.jpg,A_GsfXSomQxTQAAAAAAAAAAAAAAQAAAQ.jpg,0,217,201
A_zIdqT5wAadAAAAAAAAAAAAAAAQAAAQ.jpg,A_-fnOTrhcN3oAAAAAAAAAAAAAAQAAAQ.jpg,0,297,243
A_aBdGT4bei2QAAAAAAAAAAAAAAQAAAQ.jpg,A_BTUkT4Eo6pQAAAAAAAAAAAAAAQAAAQ.jpg,0,233,266
uwbM_KZaT4WXCQZJ66Ib_QAAACMAARAD.jpg,A_29ykT6cSV_gAAAAAAAAAAAAAAQAAAQ.jpg,0,192,247
A_Z4zcS4aqMeIAAAAAAAAAAAAAAQAAAQ.jpg,A_I0duQIGPqIUAAAAAAAAAAAAAAQAAAQ.jpg,0,253,187
spShQhU4QW2E7C_-GrtwBwAAACMAARAD.jpg,A_ysxzSpSaAJ0AAAAAAAAAAAAAAQAAAQ.jpg,0,72,66
A_4rz3RZuMxDMAAAAAAAAAAAAAAQAAAQ.jpg,A_jB9eRYoChjwAAAAAAAAAAAAAAQAAAQ.jpg,0,165,175
A_y0pUQad8WowAAAAAAAAAAAAAAQAAAQ.jpg,A_B17tQL9G7GBxlR5AvcHBegAAAQAAAQ.jpg,0,48,331
A_I5KDRLmGgB8AAAAAAAAAAAAAAQAAAQ.jpg,A_eKPdQ7NuzWMAAAAAAAAAAAAAAQAAAQ.jpg,0,296,79
A_5X2gQreyAEgAAAAAAAAAAAAAAQAAAQ.jpg,A_SsADSplZuU0AAAAAAAAAAAAAAQAAAQ.jpg,0,93,258
A_qQm9SqhVmh8AAAAAAAAAAAAAAQAAAQ.jpg,A_kEkzS6WBDdQAAAAAAAAAAAAAAQAAAQ.jpg,0,135,156
Gy5X3mM5RdSB0CqW4GSoGwAAACMAARAD.jpg,A_7kJbS6bLFokAAAAAAAAAAAAAAQAAAQ.jpg,0,291,205
A_izqHSKPN0SsAAAAAAAAAAAAAAQAAAQ.jpg,A_Vu_PRqVmM8AAAAAAAAAAAAAAAQAAAQ.jpg,0,281,14
A_sfE-TqYrEMMAAAAAAAAAAAAAAQAAAQ.jpg,A_eQMGQYpNRSIAAAAAAAAAAAAAAQAAAQ.jpg,0,93,41
A_jBgOSoE5gk8AAAAAAAAAAAAAAQAAAQ.jpg,crE-yGuKTyaiQLaA4borcAAAACMAARAD.jpg,0,196,109
A_l8urSJ3Y_ZMAAAAAAAAAAAAAAQAAAQ.jpg,A_HRkFRZKRfK4AAAAAAAAAAAAAAQAAAQ.jpg,0,182,330
A_gnzFTrJMNnQAAAAAAAAAAAAAAQAAAQ.jpg,A_o6tyRpwL8I0AAAAAAAAAAAAAAQAAAQ.jpg,0,232,100
A_UVLcS7GdN0sAAAAAAAAAAAAAAQAAAQ.jpg,A__euTTbzk1_QAAAAAAAAAAAAAAQAAAQ.jpg,0,44,210
A_jC-uQI9wmRgAAAAAAAAAAAAAAQAAAQ.jpg,A_lOYRTrARg8kAAAAAAAAAAAAAAQAAAQ.jpg,0,75,285
qyqNN_HDShqToEUCAcDKYQAAACMAARAD.jpg,A_Y6qGQYFvMP0AAAAAAAAAAAAAAQAAAQ.jpg,0,291,138
A_Db7ZTbup1uwAAAAAAAAAAAAAAQAAAQ.jpg,A_fdXCTprSOxYAAAAAAAAAAAAAAQAAAQ.jpg,0,254,339
A_cwDhQLizVhEAAAAAAAAAAAAAAQAAAQ.jpg,A_HCX2Trvkdz8AAAAAAAAAAAAAAQAAAQ.jpg,0,159,103
A_lvCUQay2busAAAAAAAAAAAAAAQAAAQ.jpg,jjWLPK10Q3S11BG3fnopQgAAACMAARAD.jpg,0,226,188
dyxtW91GQ3m1hwcxGe6xNQAAACMAARAD.jpg,NEaQDqOzRj2kGdWgt4KrigAAACMAARAD.jpg,0,72,209
A_hAAHRLBv6kUAAAAAAAAAAAAAAQAAAQ.jpg,A__z-iTZs2YvEAAAAAAAAAAAAAAQAAAQ.jpg,0,202,14
RIZCEXosSOm6gQj1pn6RSAAAACMAARAD.jpg,A_GGwZR7_S7yYAAAAAAAAAAAAAAQAAAQ.jpg,0,164,55
A_VPDvSqwWeHQAAAAAAAAAAAAAAQAAAQ.jpg,A_6CUMTK6sWtwAAAAAAAAAAAAAAQAAAQ.jpg,0,287,45
A_y8iFSJzwNJ4AAAAAAAAAAAAAAQAAAQ.jpg,A_Y1ryTIb8npX6SU9Br3TwMgAAAQAAAQ.jpg,0,272,221
A_Md8QTJnt4HsAAAAAAAAAAAAAAQAAAQ.jpg,A_v9o_T5ly55wAAAAAAAAAAAAAAQAAAQ.jpg,0,88,344
A_0GHaQ5v1mnFBBtxPokPDawAAAQAAAQ.jpg,A_XQs-QoHKkXEAAAAAAAAAAAAAAQAAAQ.jpg,0,64,217
A_VPDvSqwWeHQAAAAAAAAAAAAAAQAAAQ.jpg,A_rXoUTpGp2akAAAAAAAAAAAAAAQAAAQ.jpg,0,287,249
sXCLxmKsRfaVAGlXbY1y3wAAACMAARAD.jpg,CsysDwi5QjeJ03Wvg2F9SAAAACMAARAD.jpg,0,306,99
A_g1RJRYomLtCGJS5AnNEITgAAAQAAAQ.jpg,A_kJWgSJRDpycAAAAAAAAAAAAAAQAAAQ.jpg,0,89,228
A_7FcUTJfZ-EEAAAAAAAAAAAAAAQAAAQ.jpg,A_ByB_RpYeWmsAAAAAAAAAAAAAAQAAAQ.jpg,0,200,232
A_82BHQ5VJpoQAAAAAAAAAAAAAAQAAAQ.jpg,A_xt-fRpljCNgAAAAAAAAAAAAAAQAAAQ.jpg,0,326,83
A_9SxdQYnmGb8AAAAAAAAAAAAAAQAAAQ.jpg,W2GbcBOXQ8S9PGJqLQppPQAAACMAARED.jpg,0,259,209
A_izqHSKPN0SsAAAAAAAAAAAAAAQAAAQ.jpg,A_UH_uSo5LjOsAAAAAAAAAAAAAAQAAAQ.jpg,0,281,101
A_W9fQSKt4JzUAAAAAAAAAAAAAAQAAAQ.jpg,otcaKuZmTvi_QxerP6VRdAAAACMAARAD.jpg,0,95,207
A_HPLCS6zhfDUAAAAAAAAAAAAAAQAAAQ.jpg,dGG2aRuKRkqEOETt9YkP4gAAACMAARAD.jpg,0,218,282
QQxyNEuVSAWRtd0Fk3TSiAAAACMAARAD.jpg,A_JKoXS5qMLWXZM1xIuGy1bAAAAQAAAQ.jpg,0,192,148
A_T_xdRoOUXqsAAAAAAAAAAAAAAQAAAQ.jpg,A_57b6Sb8-FAYAAAAAAAAAAAAAAQAAAQ.jpg,0,140,300
A_2bxUSqLc6wAAAAAAAAAAAAAAAQAAAQ.jpg,A_osC4T6WDCO8AAAAAAAAAAAAAAQAAAQ.jpg,0,255,202
YKrsyS6qRZ-rCTySE0CuoAAAACMAARAD.jpg,A_I-uhS4pzzngAAAAAAAAAAAAAAQAAAQ.jpg,0,107,260
A_rGSuTZXVuRUGn2pDh9p9vgAAAQAAAQ.jpg,A_82BHQ5VJpoQAAAAAAAAAAAAAAQAAAQ.jpg,0,2,326
A_dej1SoczgZ0AAAAAAAAAAAAAAQAAAQ.jpg,A_UE-JSb_9FMYAAAAAAAAAAAAAAQAAAQ.jpg,0,43,144
A_pGBkRrTqPD0AAAAAAAAAAAAAAQAAAQ.jpg,A_3BuiQbibhO8AAAAAAAAAAAAAAQAAAQ.jpg,0,5,9
A_9EM2TajlqXoAAAAAAAAAAAAAAQAAAQ.jpg,HqCc8PT8QMalF5QdbcP9UwAAACMAARAD.jpg,0,58,107
A_dI4zSai8yk-dZNBKqTLbdAAAAQAAAQ.jpg,A_QQI2TrP_nAAAAAAAAAAAAAAAAQAAAQ.jpg,0,221,199
A_F67BSool6_AAAAAAAAAAAAAAAQAAAQ.jpg,A_82BHQ5VJpoQAAAAAAAAAAAAAAQAAAQ.jpg,0,92,326
A_fhlXTKaMzqIAAAAAAAAAAAAAAQAAAQ.jpg,A_-fGnSJLpn7kAAAAAAAAAAAAAAQAAAQ.jpg,0,342,273
A_9TXZTICb-ssAAAAAAAAAAAAAAQAAAQ.jpg,A_2PylSJ1j8RIAAAAAAAAAAAAAAQAAAQ.jpg,0,189,191
A_HII8R5WzRQ4AAAAAAAAAAAAAAQAAAQ.jpg,A_8xTQSLkd18MAAAAAAAAAAAAAAQAAAQ.jpg,0,179,125
A_29WIRrT3Pg4AAAAAAAAAAAAAAQAAAQ.jpg,A_nw_7QLxh6h4AAAAAAAAAAAAAAQAAAQ.jpg,0,75,271
A_CAlCTIVL_TQAAAAAAAAAAAAAAQAAAQ.jpg,A_HeLsQKQMu50AAAAAAAAAAAAAAQAAAQ.jpg,0,295,43
A_CWhQSqgeUq4AAAAAAAAAAAAAAQAAAQ.jpg,A__9DkRL2nqzgAAAAAAAAAAAAAAQAAAQ.jpg,0,345,222
A_hdpuRLEj1id2OI1JoO1-QAAAAQAAAQ.jpg,A_sjosRJ0wPVkAAAAAAAAAAAAAAQAAAQ.jpg,0,326,179
A_9f9RQYMEDW8AAAAAAAAAAAAAAQAAAQ.jpg,A_3TwiRJY6T9oAAAAAAAAAAAAAAQAAAQ.jpg,0,338,235
A_aEr8SogcnnIAAAAAAAAAAAAAAQAAAQ.jpg,A_mwbHSqmRhcQAAAAAAAAAAAAAAQAAAQ.jpg,0,311,253
A_XTPLTJ9RiO4AAAAAAAAAAAAAAQAAAQ.jpg,A_GN8FS4YXEKMAAAAAAAAAAAAAAQAAAQ.jpg,0,325,82
A_m8sWQpOHV-EAAAAAAAAAAAAAAQAAAQ.jpg,A_fKn_SJlVzk8AAAAAAAAAAAAAAQAAAQ.jpg,0,25,239
A_HXWXTZxti_gAAAAAAAAAAAAAAQAAAQ.jpg,eub05Tg8Ri20vTxIGswtRwAAACMAARAD.jpg,0,311,323
oAlUaNt0SoOd1pDlZebq6QAAACMAARAD.jpg,A_hsJDSo4xcbkAAAAAAAAAAAAAAQAAAQ.jpg,0,327,3
A_sEMKS4Zum5UAAAAAAAAAAAAAAQAAAQ.jpg,A_PXh2Q7BkVC0AAAAAAAAAAAAAAQAAAQ.jpg,0,273,122
A_pBcpQ5u7crsAAAAAAAAAAAAAAQAAAQ.jpg,A_TY-_RJN0r98AAAAAAAAAAAAAAQAAAQ.jpg,0,286,79
A_6McDRL0y-v8AAAAAAAAAAAAAAQAAAQ.jpg,A_NDzHTLNzG5MAAAAAAAAAAAAAAQAAAQ.jpg,0,200,235
A_LTsOT5XBs1cAAAAAAAAAAAAAAQAAAQ.jpg,A_JvhQSaZL14UAAAAAAAAAAAAAAQAAAQ.jpg,0,270,75
A_LKyVRYb174gAAAAAAAAAAAAAAQAAAQ.jpg,A_WAmwRrFJUhUAAAAAAAAAAAAAAQAAAQ.jpg,0,203,149
A_J-7MTKEefysAAAAAAAAAAAAAAQAAAQ.jpg,A_p7msSIPIoxsAAAAAAAAAAAAAAQAAAQ.jpg,0,44,202
A_ANj4S6gZrSgAAAAAAAAAAAAAAQAAAQ.jpg,A_JTXPTI39PMkAAAAAAAAAAAAAAQAAAQ.jpg,0,92,199
A_2bxUSqLc6wAAAAAAAAAAAAAAAQAAAQ.jpg,A_plIEQ4aQaFEAAAAAAAAAAAAAAQAAAQ.jpg,0,255,349
A_Ver0Ro7tFCYAAAAAAAAAAAAAAQAAAQ.jpg,zQs0kBsAS2mS20h_2hp37AAAACMAARAD.jpg,0,222,316
A_mbdXS47FykQAAAAAAAAAAAAAAQAAAQ.jpg,A_xKkVSpQDOR8AAAAAAAAAAAAAAQAAAQ.jpg,0,252,79
A_bKPlQL4w2iUAAAAAAAAAAAAAAQAAAQ.jpg,A_cKh6QbFC51wAAAAAAAAAAAAAAQAAAQ.jpg,0,345,169
A_Rc01QbuRw5YAAAAAAAAAAAAAAQAAAQ.jpg,A_S33KQZXSRKEAAAAAAAAAAAAAAQAAAQ.jpg,0,136,80
A_krhJT7X9SC0AAAAAAAAAAAAAAQAAAQ.jpg,A_TfvQTrtOPDQAAAAAAAAAAAAAAQAAAQ.jpg,0,60,243
A_21V8SYT5XQkAAAAAAAAAAAAAAQAAAQ.jpg,UGSrDzPcQN2snR0B29V38AAAACMAARAD.jpg,0,220,192
A_JJxfRa1-EmUAAAAAAAAAAAAAAQAAAQ.jpg,A_D6LoTIKJagkAAAAAAAAAAAAAAQAAAQ.jpg,0,74,77
A_k6J1RpHE-uEAAAAAAAAAAAAAAQAAAQ.jpg,MfYoqfAzSxyKWkDANp68IQAAACMAARAD.jpg,0,131,132
A_A3vxSa7MGD4AAAAAAAAAAAAAAQAAAQ.jpg,A_S11EQYn7Fj8AAAAAAAAAAAAAAQAAAQ.jpg,0,29,224
A_VKWZTI04Y7wAAAAAAAAAAAAAAQAAAQ.jpg,A_eKNXQLRk11AAAAAAAAAAAAAAAQAAAQ.jpg,0,41,112
A_xTY-S4O2kyYAAAAAAAAAAAAAAQAAAQ.jpg,A_f8MgS5sAGg0AAAAAAAAAAAAAAQAAAQ.jpg,0,333,93
A_7z2dSpjqRhsAAAAAAAAAAAAAAQAAAQ.jpg,gssR255rQKW-hXQD0Y7E_AAAACMAARAD.jpg,0,302,120
A_tmZ3QpBor3sAAAAAAAAAAAAAAQAAAQ.jpg,A_EN1PTpOOkWkAAAAAAAAAAAAAAQAAAQ.jpg,0,203,66
A_ItmHSrXG59IAAAAAAAAAAAAAAQAAAQ.jpg,A_CgA9TI6N9eIAAAAAAAAAAAAAAQAAAQ.jpg,0,179,227
A_GBRjRJz7PoIAAAAAAAAAAAAAAQAAAQ.jpg,A_Mxe5T4Zt64cAAAAAAAAAAAAAAQAAAQ.jpg,0,324,237
A_BelDQrZMthQAAAAAAAAAAAAAAQAAAQ.jpg,A_UH_uSo5LjOsAAAAAAAAAAAAAAQAAAQ.jpg,0,217,101
A_wcRmTIDKqJAAAAAAAAAAAAAAAQAAAQ.jpg,A_lhr8T5PNQm0AAAAAAAAAAAAAAQAAAQ.jpg,0,240,231
A_dej1SoczgZ0AAAAAAAAAAAAAAQAAAQ.jpg,A_wmoBRoo-T8IAAAAAAAAAAAAAAQAAAQ.jpg,0,43,279
A_Dl-rQYisXAQAAAAAAAAAAAAAAQAAAQ.jpg,A_EBtBR7SR8xIAAAAAAAAAAAAAAQAAAQ.jpg,0,37,292
A_pNAcQKJ6yH4AAAAAAAAAAAAAAQAAAQ.jpg,A_lPHeQo7aiawAAAAAAAAAAAAAAQAAAQ.jpg,0,344,189
A_FEs-Ro6DnjoAAAAAAAAAAAAAAQAAAQ.jpg,A_DTn9RaIFKaUAAAAAAAAAAAAAAQAAAQ.jpg,0,267,246
A_AoHdR7FLKwgAAAAAAAAAAAAAAQAAAQ.jpg,A_ZovJRIoln2wAAAAAAAAAAAAAAQAAAQ.jpg,0,178,47
Z1qDRVboSz625P_djDkBSwAAACMAARAD.jpg,uwbM_KZaT4WXCQZJ66Ib_QAAACMAARAD.jpg,0,315,192
A_KRefSIqxAhMAAAAAAAAAAAAAAQAAAQ.jpg,A_d-HpRbQdU1YAAAAAAAAAAAAAAQAAAQ.jpg,0,259,33
A_3sPRTprtYa8AAAAAAAAAAAAAAQAAAQ.jpg,A_7zzVQYVHFHgAAAAAAAAAAAAAAQAAAQ.jpg,0,66,158
A_7zNRSYbqsoAAAAAAAAAAAAAAAQAAAQ.jpg,A_I8uqQ7SlDm0AAAAAAAAAAAAAAQAAAQ.jpg,0,130,271
A_3JWtT62FzhAAAAAAAAAAAAAAAQAAAQ.jpg,KtjlPeKCRb-0vismjLY7MgAAACMAARED.jpg,0,290,128
A_AuorQ4yCMh0AAAAAAAAAAAAAAQAAAQ.jpg,WmmQfVkFSa6ES7uWWRqn-gAAACMAARAD.jpg,0,161,20
A_846cT62QLOEAAAAAAAAAAAAAAQAAAQ.jpg,A_jdqPRo2GPt0AAAAAAAAAAAAAAQAAAQ.jpg,0,10,115
A_XhFbQoM2GvIAAAAAAAAAAAAAAQAAAQ.jpg,A_2nNMSZOEYsQAAAAAAAAAAAAAAQAAAQ.jpg,0,229,349
A_9f9RQYMEDW8AAAAAAAAAAAAAAQAAAQ.jpg,A__DG-QaId_tcAAAAAAAAAAAAAAQAAAQ.jpg,0,338,87
A_m8sWQpOHV-EAAAAAAAAAAAAAAQAAAQ.jpg,A_J-7MTKEefysAAAAAAAAAAAAAAQAAAQ.jpg,0,25,44
A_v2AMTqrkHXgAAAAAAAAAAAAAAQAAAQ.jpg,A_B17tQL9G7GAAAAAAAAAAAAAAAQAAAQ.jpg,0,163,331
A__DG-QaId_tcAAAAAAAAAAAAAAQAAAQ.jpg,A_gh7QT5Mx8uUAAAAAAAAAAAAAAQAAAQ.jpg,0,87,41
A_ffGlTZG85-QAAAAAAAAAAAAAAQAAAQ.jpg,A_aYeATJcaX1MAAAAAAAAAAAAAAQAAAQ.jpg,0,322,249
A_6J5kQJhOduUAAAAAAAAAAAAAAQAAAQ.jpg,A_s1uuSboGX58AAAAAAAAAAAAAAQAAAQ.jpg,0,77,171
hc_8dM3TTzeQxx1wn6w2ogAAACMAARAD.jpg,yUud5fmzR3q6UJMUV6hLQwAAACMAARAD.jpg,0,128,306
A_9TXZTICb-ssAAAAAAAAAAAAAAQAAAQ.jpg,A_bLPoRob0He8AAAAAAAAAAAAAAQAAAQ.jpg,0,189,319
A_-fnOTrhcN3oAAAAAAAAAAAAAAQAAAQ.jpg,A_wMMDQIdbntYV1_RPvr7IlAAAAQAAAQ.jpg,0,243,63
A_q3_rR6k-lYMAAAAAAAAAAAAAAQAAAQ.jpg,A_DC12To5UBZwAAAAAAAAAAAAAAQAAAQ.jpg,0,245,23
A_TgAqQpXQPWgAAAAAAAAAAAAAAQAAAQ.jpg,A__FEKTZUF1Y8AAAAAAAAAAAAAAQAAAQ.jpg,0,139,137
8uu1FfYMQXe3pxQOcXQR9gAAACMAARAD.jpg,LkTAGmb3TGuGGZHU52brUQAAACMAARAD.jpg,0,155,207
A_6KB1R5-AhUgAAAAAAAAAAAAAAQAAAQ.jpg,A_mo3GRaXrNTgAAAAAAAAAAAAAAQAAAQ.jpg,0,36,309
A_SnWNTb004p4AAAAAAAAAAAAAAQAAAQ.jpg,A_-JpBS6Eepe4AAAAAAAAAAAAAAQAAAQ.jpg,0,195,210
A_fgxxT7gC-zwAAAAAAAAAAAAAAQAAAQ.jpg,A_gmv7RZlv2wwAAAAAAAAAAAAAAQAAAQ.jpg,0,198,263
A_Ak6wQLMJZPUAAAAAAAAAAAAAAQAAAQ.jpg,A_pO8kQqJBt3EAAAAAAAAAAAAAAQAAAQ.jpg,0,135,39
A_AK9lSaWJ_m0AAAAAAAAAAAAAAQAAAQ.jpg,A_3muFRpfosX0AAAAAAAAAAAAAAQAAAQ.jpg,0,296,10
A_tmV0SKPNXSUAAAAAAAAAAAAAAQAAAQ.jpg,A_EVPKRbZgOYgAAAAAAAAAAAAAAQAAAQ.jpg,0,169,136
A_EN1PTpOOkWkAAAAAAAAAAAAAAQAAAQ.jpg,A_BRtzS61gGD4AAAAAAAAAAAAAAQAAAQ.jpg,0,66,82
A_biEZSZF2Fp0AAAAAAAAAAAAAAQAAAQ.jpg,PXhnsQ6BSAW7VRUKjS1fswAAACMAARAD.jpg,0,115,70
Xep9PWi-TnyRkBu-1lOpugAAACMAARAD.jpg,A_TdNTTqxkNsEAAAAAAAAAAAAAAQAAAQ.jpg,0,150,339
A_QR05Sq93mfIAAAAAAAAAAAAAAQAAAQ.jpg,A_aEr8SogcnnIAAAAAAAAAAAAAAQAAAQ.jpg,0,69,311
A_-JpBS6Eepe4AAAAAAAAAAAAAAQAAAQ.jpg,A_PXh2Q7BkVC0AAAAAAAAAAAAAAQAAAQ.jpg,0,210,122
A_LZQHRJnzs8kAAAAAAAAAAAAAAQAAAQ.jpg,A_zcYfTIvp2lMAAAAAAAAAAAAAAQAAAQ.jpg,0,85,277
A_XTPLTJ9RiO4AAAAAAAAAAAAAAQAAAQ.jpg,A_2lrgQ5piRFsAAAAAAAAAAAAAAQAAAQ.jpg,0,325,123
A_cy6BT7zBon8AAAAAAAAAAAAAAQAAAQ.jpg,I-4jbqVlSyeXyWm3u8uXGQAAACMAARAD.jpg,0,145,56
A_5dNJRaepYnUAAAAAAAAAAAAAAQAAAQ.jpg,A_jHKHTLW4rOcAAAAAAAAAAAAAAQAAAQ.jpg,0,302,267
A_hdpuRLEj1id2OI1JoO1-QAAAAQAAAQ.jpg,A_MfvYSISsOaYAAAAAAAAAAAAAAQAAAQ.jpg,0,326,59
A_e6DJRYXhaSoAAAAAAAAAAAAAAQAAAQ.jpg,A_AB0vQqatlaMAAAAAAAAAAAAAAQAAAQ.jpg,0,193,233
A_CkzESoa57iMAAAAAAAAAAAAAAQAAAQ.jpg,IJnfoTCGRzy_PnKxNA20FAAAACMAARAD.jpg,0,116,306
K36qV-IBRmOVon1zVvZi5gAAACMAARAD.jpg,cOr4Q-vIToudfDTJK_hYsQAAACMAARAD.jpg,0,321,4
A_yrFZSaXtfAEAAAAAAAAAAAAAAQAAAQ.jpg,A_4ERZQIbzN0oAAAAAAAAAAAAAAQAAAQ.jpg,0,162,265
A_bmExSKHslRkAAAAAAAAAAAAAAQAAAQ.jpg,A_k02wRqflDJcAAAAAAAAAAAAAAQAAAQ.jpg,0,14,328
A_tmV0SKPNXSUAAAAAAAAAAAAAAQAAAQ.jpg,A_21V8SYT5XQkAAAAAAAAAAAAAAQAAAQ.jpg,0,169,220
A_QodUQrrQR2YAAAAAAAAAAAAAAQAAAQ.jpg,8uu1FfYMQXe3pxQOcXQR9gAAACMAARAD.jpg,0,270,155
C5W99xn9Rpmnq-8QffgzswAAACMAARAD.jpg,A_h-8AQKUCJ6wAAAAAAAAAAAAAAQAAAQ.jpg,0,120,257
A_jB9eRYoChjwAAAAAAAAAAAAAAQAAAQ.jpg,A_mbl7SbkDKR4AAAAAAAAAAAAAAQAAAQ.jpg,0,175,16
EIpoK14ATmCiS-H_pM6kvAAAACMAARAD.jpg,A_VSe4QrbJjMcAAAAAAAAAAAAAAQAAAQ.jpg,0,54,0
A_CFppRq-ikRoAAAAAAAAAAAAAAQAAAQ.jpg,A_plIEQ4aQaFEAAAAAAAAAAAAAAQAAAQ.jpg,0,227,349
A_Ieo9SKFx2U0AAAAAAAAAAAAAAQAAAQ.jpg,A_8yHrSI9wXtsAAAAAAAAAAAAAAQAAAQ.jpg,0,82,334
A_pTBdRpDG19IAAAAAAAAAAAAAAQAAAQ.jpg,A_T1kYQ7qQrxcAAAAAAAAAAAAAAQAAAQ.jpg,0,171,246
A_ojwmQZn-s4QAAAAAAAAAAAAAAQAAAQ.jpg,A_qK3GTKpbnwAAAAAAAAAAAAAAAQAAAQ.jpg,0,8,83
A_M6uVTLJ2EukAAAAAAAAAAAAAAQAAAQ.jpg,A_96HDTpXfEp0AAAAAAAAAAAAAAQAAAQ.jpg,0,331,38
x8Wo4mizQyiMb9ZQPKg2hgAAACMAARAD.jpg,A_dLjnR7Wqd6IAAAAAAAAAAAAAAQAAAQ.jpg,0,109,17
A_xgEcQJU0HaoAAAAAAAAAAAAAAQAAAQ.jpg,A_JAkWS63CU4MAAAAAAAAAAAAAAQAAAQ.jpg,0,273,67
A_6CUMTK6sWtwAAAAAAAAAAAAAAQAAAQ.jpg,FjU3DCiVRJi-p0oNR-tAGgAAACMAARAD.jpg,0,45,27
A_jKAHQ6HeOiMAAAAAAAAAAAAAAQAAAQ.jpg,A_yhhDQbrQfGcAAAAAAAAAAAAAAQAAAQ.jpg,0,285,206
A_6KB1R5-AhUgAAAAAAAAAAAAAAQAAAQ.jpg,A_OrR4RrU6OP0AAAAAAAAAAAAAAQAAAQ.jpg,0,36,212
A_atr-Q7oa0ywAAAAAAAAAAAAAAQAAAQ.jpg,A_bZNnSJorqvMAAAAAAAAAAAAAAQAAAQ.jpg,0,43,231
A_2iAoQIypnLoAAAAAAAAAAAAAAQAAAQ.jpg,A_puDYQoa6ZyAAAAAAAAAAAAAAAQAAAQ.jpg,0,254,160
A_41GqSJs5RO4AAAAAAAAAAAAAAQAAAQ.jpg,A_bJUVQLWonskAAAAAAAAAAAAAAQAAAQ.jpg,0,265,344
A_4COnRIftFtkAAAAAAAAAAAAAAQAAAQ.jpg,ORZnfTwMTGmDKW-_9Zm_cAAAACMAARAD.jpg,0,104,348
A_xkbbR6DqPbwAAAAAAAAAAAAAAQAAAQ.jpg,A_3felTbn-u0kAAAAAAAAAAAAAAQAAAQ.jpg,0,288,108
A_BelDQrZMthQAAAAAAAAAAAAAAQAAAQ.jpg,A_UBFIRp0LaJAAAAAAAAAAAAAAAQAAAQ.jpg,0,217,199
A_Db7ZTbup1uwAAAAAAAAAAAAAAQAAAQ.jpg,A_BT-TSJ2u3kMAAAAAAAAAAAAAAQAAAQ.jpg,0,254,279
A_-mntSLpmrZwAAAAAAAAAAAAAAQAAAQ.jpg,A_wMMDQIdbntYV1_RPvr7IlAAAAQAAAQ.jpg,0,149,63
GkKIt_19Rh2gdu0uxH4mbgAAACMAARAD.jpg,A_pGBkRrTqPD0AAAAAAAAAAAAAAQAAAQ.jpg,0,291,5
A_Z9O5TZhkv2IAAAAAAAAAAAAAAQAAAQ.jpg,A_wpTZRJrKEPsAAAAAAAAAAAAAAQAAAQ.jpg,0,227,38
A_A3vxSa7MGD4AAAAAAAAAAAAAAQAAAQ.jpg,A_AMHwR48il0gAAAAAAAAAAAAAAQAAAQ.jpg,0,29,139
A_9T8iRZsNnOoAAAAAAAAAAAAAAQAAAQ.jpg,A_D5prT4UpL5EAAAAAAAAAAAAAAQAAAQ.jpg,0,91,87
A_tB9JQ6SKjKYAAAAAAAAAAAAAAQAAAQ.jpg,A_LJALQ5tQhGoAAAAAAAAAAAAAAQAAAQ.jpg,0,201,246
A_p4flTrdsBe8AAAAAAAAAAAAAAQAAAQ.jpg,A_jHKHTLW4rOcAAAAAAAAAAAAAAQAAAQ.jpg,0,76,267
A_tgVnS7L93MwAAAAAAAAAAAAAAQAAAQ.jpg,A_Ver0Ro7tFCYAAAAAAAAAAAAAAQAAAQ.jpg,0,247,222
A_eBxrT7u84_YAAAAAAAAAAAAAAQAAAQ.jpg,A_VKWZTI04Y7wAAAAAAAAAAAAAAQAAAQ.jpg,0,276,41
spShQhU4QW2E7C_-GrtwBwAAACMAARAD.jpg,A_LUknQ5zwlPEAAAAAAAAAAAAAAQAAAQ.jpg,0,72,288
A_Hp9BSaTeieAAAAAAAAAAAAAAAQAAAQ.jpg,A_CC3tRqsji7gAAAAAAAAAAAAAAQAAAQ.jpg,0,29,234
A_0MTNRpRpwNIAAAAAAAAAAAAAAQAAAQ.jpg,A_6xKYQ5BLeRAAAAAAAAAAAAAAAQAAAQ.jpg,0,36,80
A_eBxrT7u84_YAAAAAAAAAAAAAAQAAAQ.jpg,A_qbU3SpMKod4AAAAAAAAAAAAAAQAAAQ.jpg,0,276,240
A_wlP4RZZzpEgAAAAAAAAAAAAAAQAAAQ.jpg,A_bLPoRob0He8AAAAAAAAAAAAAAQAAAQ.jpg,0,3,319
A_KkNnR5qXorcAAAAAAAAAAAAAAQAAAQ.jpg,A_nKQBTJiTOPkAAAAAAAAAAAAAAQAAAQ.jpg,0,313,234
A_dI4zSai8yk-dZNBKqTLbdAAAAQAAAQ.jpg,Gy5X3mM5RdSB0CqW4GSoGwAAACMAARAD.jpg,0,221,291
A_hdpuRLEj1icAAAAAAAAAAAAAAQAAAQ.jpg,A_miO8RI_sLsIAAAAAAAAAAAAAAQAAAQ.jpg,0,326,180
A_1328TKphdQgAAAAAAAAAAAAAAQAAAQ.jpg,95yWrxU0SHOjvzfmAl1GjwAAACMAARAD.jpg,0,30,174
A_b4GpSbjTmGoAAAAAAAAAAAAAAQAAAQ.jpg,A_zfe6Ta1sN6AAAAAAAAAAAAAAAQAAAQ.jpg,0,337,79
f4a1-1TxSRStvQAki3vjjQAAACMAARAD.jpg,A_JFQFRqCRuouu-ldCkHSAIAAAAQAAAQ.jpg,0,150,68
A_O8KZRLhoNGMAAAAAAAAAAAAAAQAAAQ.jpg,A_-fGnSJLpn7kAAAAAAAAAAAAAAQAAAQ.jpg,0,105,273
A_sfE-TqYrEMMAAAAAAAAAAAAAAQAAAQ.jpg,A_CXUcR6GYNjkAAAAAAAAAAAAAAQAAAQ.jpg,0,93,280
A_zcYfTIvp2lMAAAAAAAAAAAAAAQAAAQ.jpg,A_O8IBS7bcXMAAAAAAAAAAAAAAAQAAAQ.jpg,0,277,196
A_KQxIT7wL_kgAAAAAAAAAAAAAAQAAAQ.jpg,A_CaW2Rr7FxicAAAAAAAAAAAAAAQAAAQ.jpg,0,18,281
A_LUknQ5zwlPEAAAAAAAAAAAAAAQAAAQ.jpg,A_h0UnRoWDbBQAAAAAAAAAAAAAAQAAAQ.jpg,0,288,181
A_0RXtQrcbVQMAAAAAAAAAAAAAAQAAAQ.jpg,A_FbS7RJkTRPMAAAAAAAAAAAAAAQAAAQ.jpg,0,223,99
A_d-HpRbQdU1YAAAAAAAAAAAAAAQAAAQ.jpg,8fDO2NZcTqetpeRD2liw8gAAACMAARAD.jpg,0,33,190
A_6KB1R5-AhUgAAAAAAAAAAAAAAQAAAQ.jpg,A_FGfzSpRlJ9AAAAAAAAAAAAAAAQAAAQ.jpg,0,36,263
A_y6yGT6qZ-m4AAAAAAAAAAAAAAQAAAQ.jpg,A_meIyTZfLrbEAAAAAAAAAAAAAAQAAAQ.jpg,0,103,289
A_YrcgQoK0NyIAAAAAAAAAAAAAAQAAAQ.jpg,A_a0W5TbtRiX4AAAAAAAAAAAAAAQAAAQ.jpg,0,215,69
A_QQI2TrP_nAAAAAAAAAAAAAAAAQAAAQ.jpg,A_S33KQZXSRKEAAAAAAAAAAAAAAQAAAQ.jpg,0,199,80
A_h0UnRoWDbBQAAAAAAAAAAAAAAQAAAQ.jpg,A_zE7OR59AboMAAAAAAAAAAAAAAQAAAQ.jpg,0,181,341
A_EVPKRbZgOYgAAAAAAAAAAAAAAQAAAQ.jpg,A_aU59RJLl9L4AAAAAAAAAAAAAAQAAAQ.jpg,0,136,32
2iEC5ZrsSa2JpfKnTQbADQAAACMAARAD.jpg,A__iVyQa-Ul-kAAAAAAAAAAAAAAQAAAQ.jpg,0,6,249
A_3TwiRJY6T9oAAAAAAAAAAAAAAQAAAQ.jpg,A_mt3oRoMfsrEAAAAAAAAAAAAAAQAAAQ.jpg,0,235,237
omt8M0kmRMSuRUW91x_fLgAAACMAARAD.jpg,A_5zUtS5frsf4AAAAAAAAAAAAAAQAAAQ.jpg,0,177,148
A_zSt_TZGlWdoAAAAAAAAAAAAAAQAAAQ.jpg,A_jjT_Q5XInXYAAAAAAAAAAAAAAQAAAQ.jpg,0,38,92
O4evSscSQOaRanT5DclZ5wAAACMAARAD.jpg,A_Sdv3QYReNXkAAAAAAAAAAAAAAQAAAQ.jpg,0,4,250
A_nec0R4X7desAAAAAAAAAAAAAAQAAAQ.jpg,A_7mlCRqiHNywAAAAAAAAAAAAAAQAAAQ.jpg,0,189,215
A_NloJTpjGmzgAAAAAAAAAAAAAAQAAAQ.jpg,A_KhFwTKJ4XWwAAAAAAAAAAAAAAQAAAQ.jpg,0,62,338
A_SXh7Qo_BhxkAAAAAAAAAAAAAAQAAAQ.jpg,1u5RC96DSSGhP-caETvXfQAAACMAARAD.jpg,0,292,177
A_7PWcRpT6-noAAAAAAAAAAAAAAQAAAQ.jpg,A_OtoGQIQE13QAAAAAAAAAAAAAAQAAAQ.jpg,0,145,10
A_tiodTJuNpegAAAAAAAAAAAAAAQAAAQ.jpg,A_meIyTZfLrbEAAAAAAAAAAAAAAQAAAQ.jpg,0,252,289
A_K1SDTrzJRsMAAAAAAAAAAAAAAQAAAQ.jpg,A_J-7MTKEefysAAAAAAAAAAAAAAQAAAQ.jpg,0,82,44
A_fdNlRZAJ1LIAAAAAAAAAAAAAAQAAAQ.jpg,A_UHv6TJv2h5cAAAAAAAAAAAAAAQAAAQ.jpg,0,89,283
A_C_r4QL5_wX0AAAAAAAAAAAAAAQAAAQ.jpg,A_M6uVTLJ2EukAAAAAAAAAAAAAAQAAAQ.jpg,0,121,331
A_s3DKToWP_5UAAAAAAAAAAAAAAQAAAQ.jpg,A_nw_7QLxh6h4AAAAAAAAAAAAAAQAAAQ.jpg,0,142,271
A_Uzk2SrABsKIAAAAAAAAAAAAAAQAAAQ.jpg,A_UXmITL-h8LMAAAAAAAAAAAAAAQAAAQ.jpg,0,153,140
-6WHQxGYR3ej96FqYNv-hAAAACMAARAD.jpg,A_MwufRZG5iJ8AAAAAAAAAAAAAAQAAAQ.jpg,0,208,236
A_Y4XwSLpSghkAAAAAAAAAAAAAAQAAAQ.jpg,kI8JptLQRmKD74_JZNiHXQAAACMAARAD.jpg,0,114,129
A_r8U0Tp2-P0MAAAAAAAAAAAAAAQAAAQ.jpg,A_8HNgToSMI-0AAAAAAAAAAAAAAQAAAQ.jpg,0,57,5
A_tjIQQ4rItcQAAAAAAAAAAAAAAQAAAQ.jpg,A_JzxkRq5CL7UKXIZGrRlzfQAAAQAAAQ.jpg,0,163,216
A_rdsOTar7H-kAAAAAAAAAAAAAAQAAAQ.jpg,A__FEKTZUF1Y8AAAAAAAAAAAAAAQAAAQ.jpg,0,46,137
A_WAmwRrFJUhUAAAAAAAAAAAAAAQAAAQ.jpg,A_Uzk2SrABsKIAAAAAAAAAAAAAAQAAAQ.jpg,0,149,153
s5_LPbJATXy82lMu1uSeJQAAACMAARAD.jpg,KtjlPeKCRb-0vismjLY7MgAAACMAARED.jpg,0,348,128
A_gmv7RZlv2wwAAAAAAAAAAAAAAQAAAQ.jpg,A_EtEwQb8aGLUAAAAAAAAAAAAAAQAAAQ.jpg,0,263,46
A_S8r-QoOdnNoAAAAAAAAAAAAAAQAAAQ.jpg,A_GPn_QKLHezwAAAAAAAAAAAAAAQAAAQ.jpg,0,28,116
A_ZovJRIoln2wAAAAAAAAAAAAAAQAAAQ.jpg,A_AMHwR48il0gAAAAAAAAAAAAAAQAAAQ.jpg,0,47,139
A_FGfzSpRlJ9AAAAAAAAAAAAAAAQAAAQ.jpg,A_dmmqQrIoeIMAAAAAAAAAAAAAAQAAAQ.jpg,0,263,279
A_miO8RI_sLsIAAAAAAAAAAAAAAQAAAQ.jpg,A_L_fMQ4YgTbUAAAAAAAAAAAAAAQAAAQ.jpg,0,180,125
XDjg9OcHR_imQ2hoka747gAAACMAARAD.jpg,A_EVPKRbZgOYgAAAAAAAAAAAAAAQAAAQ.jpg,0,208,136
A_ACqjTY_SpjgAAAAAAAAAAAAAAQAAAQ.jpg,A_4ERZQIbzN0oAAAAAAAAAAAAAAQAAAQ.jpg,0,256,265
A_fw0nSIvq86cAAAAAAAAAAAAAAQAAAQ.jpg,HqCc8PT8QMalF5QdbcP9UwAAACMAARAD.jpg,0,65,107
Sz6t1kxuSjqrB9PpBED6oAAAACMAARED.jpg,A_GpPxSZ7FJvMAAAAAAAAAAAAAAQAAAQ.jpg,0,54,53
A_NpaSRqrF3DwAAAAAAAAAAAAAAQAAAQ.jpg,qHnFLmDMQMiYxAn70xvcRwAAACMAARAD.jpg,0,196,208
A_-cgBQ7nWdC4AAAAAAAAAAAAAAQAAAQ.jpg,A_iWCAS7hDyJEAAAAAAAAAAAAAAQAAAQ.jpg,0,283,281
A_puDYQoa6ZyAAAAAAAAAAAAAAAQAAAQ.jpg,A_zRxmTpGb1kMAAAAAAAAAAAAAAQAAAQ.jpg,0,160,183
A_JO5ZSKO_S7YAAAAAAAAAAAAAAQAAAQ.jpg,PKvgCxspT06mVkCupz9C2QAAACMAARAD.jpg,0,269,134
A_Efp6QLrSZ-gAAAAAAAAAAAAAAQAAAQ.jpg,A_z3KSSqDlw1QAAAAAAAAAAAAAAQAAAQ.jpg,0,274,263
A_KQwhSbAW-YwAAAAAAAAAAAAAAQAAAQ.jpg,zQs0kBsAS2mS20h_2hp37AAAACMAARAD.jpg,0,195,316
A_dZG9Q4576q8AAAAAAAAAAAAAAQAAAQ.jpg,A_roDNRZHSdREAAAAAAAAAAAAAAQAAAQ.jpg,0,183,88
A_Vb0FSquZ6YkAAAAAAAAAAAAAAQAAAQ.jpg,A_KYy1R7vQUokAAAAAAAAAAAAAAQAAAQ.jpg,0,237,267
A_T5AVSb-PcwMAAAAAAAAAAAAAAQAAAQ.jpg,A_wOfbQoNWSAQAAAAAAAAAAAAAAQAAAQ.jpg,0,98,2
A_TgAqQpXQPWgAAAAAAAAAAAAAAQAAAQ.jpg,xW1Mn56mRh-OB69ayDWmoQAAACMAARAD.jpg,0,139,190
A__OQTR7tlKikAAAAAAAAAAAAAAQAAAQ.jpg,bcn92ETmR3OJk3KR9IsmiQAAACMAARAD.jpg,0,215,307
A_eCGwQpnlatEAAAAAAAAAAAAAAQAAAQ.jpg,A_K9CLR4e8IykAAAAAAAAAAAAAAQAAAQ.jpg,0,80,346
A_xgEcQJU0HaoAAAAAAAAAAAAAAQAAAQ.jpg,A_XJPfQZIMlRoAAAAAAAAAAAAAAQAAAQ.jpg,0,273,320
2G8MIAaDRluIS-ucQOWdigAAACMAARAD.jpg,A_g9o_RrSonkcAAAAAAAAAAAAAAQAAAQ.jpg,0,54,25
A_zMhHRKUhSuE7jzBNqjIYmQAAAQAAAQ.jpg,A__FEKTZUF1Y8AAAAAAAAAAAAAAQAAAQ.jpg,0,148,137
A_2n3hQr-JmJQAAAAAAAAAAAAAAQAAAQ.jpg,A_lhr8T5PNQm0AAAAAAAAAAAAAAQAAAQ.jpg,0,16,231
A_8ZqeTLmaayAAAAAAAAAAAAAAAQAAAQ.jpg,A_wr26TqasgdEAAAAAAAAAAAAAAQAAAQ.jpg,0,212,165
A_1XV-TI8AFDMAAAAAAAAAAAAAAQAAAQ.jpg,A_mbdXS47FykQAAAAAAAAAAAAAAQAAAQ.jpg,0,295,252
A_f93rT43JBg0AAAAAAAAAAAAAAQAAAQ.jpg,A_UM9FRqczn4sAAAAAAAAAAAAAAQAAAQ.jpg,0,102,42
A_Oa8eT5Wc8OgAAAAAAAAAAAAAAQAAAQ.jpg,A_XfLkRYLFXGAAAAAAAAAAAAAAAQAAAQ.jpg,0,113,78
A_UM9FRqczn4sAAAAAAAAAAAAAAQAAAQ.jpg,zQs0kBsAS2mS20h_2hp37AAAACMAARAD.jpg,0,42,316
K36qV-IBRmOVon1zVvZi5gAAACMAARAD.jpg,A_mt3oRoMfsrEAAAAAAAAAAAAAAQAAAQ.jpg,0,321,237
A_v-mDS7qZe7oAAAAAAAAAAAAAAQAAAQ.jpg,A_NfYdSZ8-0FYAAAAAAAAAAAAAAQAAAQ.jpg,0,19,126
A_PKCVSakmtxUAAAAAAAAAAAAAAQAAAQ.jpg,3TWmN3cgR6O-z4Ry4M-TngAAACMAARAD.jpg,0,278,132
A_gWzlTqoUv50AAAAAAAAAAAAAAQAAAQ.jpg,A_S8r-QoOdnNoAAAAAAAAAAAAAAQAAAQ.jpg,0,239,28
A_oGUWTJP5TlUAAAAAAAAAAAAAAQAAAQ.jpg,A_q0dFR7cGWkQAAAAAAAAAAAAAAQAAAQ.jpg,0,202,123
A_ob2HSriDloEAAAAAAAAAAAAAAQAAAQ.jpg,frarTD7lTOqgeRc7RMPqNQAAACMAARAD.jpg,0,236,188
A_SE5MTp9TUMsAAAAAAAAAAAAAAQAAAQ.jpg,A_He2nSrEFR1YAAAAAAAAAAAAAAQAAAQ.jpg,0,42,300
A_zjM2TKZ3uLYAAAAAAAAAAAAAAQAAAQ.jpg,A_VQ4tRoLu4e4AAAAAAAAAAAAAAQAAAQ.jpg,0,97,292
A_TnpqRIoO1cIAAAAAAAAAAAAAAQAAAQ.jpg,A_mwbHSqmRhcQAAAAAAAAAAAAAAQAAAQ.jpg,0,130,253
A_ePq8Ras0owIAAAAAAAAAAAAAAQAAAQ.jpg,A_lPjNSaZ7r9wAAAAAAAAAAAAAAQAAAQ.jpg,0,320,333
A_uFYOR6hS8Q8AAAAAAAAAAAAAAQAAAQ.jpg,A_wrCkQIW0mVgAAAAAAAAAAAAAAQAAAQ.jpg,0,59,86
A_-HPcQKsgKR8AAAAAAAAAAAAAAQAAAQ.jpg,A_WFX-R60X0GEAAAAAAAAAAAAAAQAAAQ.jpg,0,96,62
zQs0kBsAS2mS20h_2hp37AAAACMAARAD.jpg,A_P3qUR6v9jfsAAAAAAAAAAAAAAQAAAQ.jpg,0,316,204
A_XHurTYV1xScAAAAAAAAAAAAAAQAAAQ.jpg,A_BbMtSbuC4rkAAAAAAAAAAAAAAQAAAQ.jpg,0,337,259
A_c_7LRYptgZ4AAAAAAAAAAAAAAQAAAQ.jpg,A_00wGQ6p8j_UAAAAAAAAAAAAAAQAAAQ.jpg,0,263,214
-6WHQxGYR3ej96FqYNv-hAAAACMAARAD.jpg,A_CAlCTIVL_TQAAAAAAAAAAAAAAQAAAQ.jpg,0,208,295
A__NR8QZ1qcjQAAAAAAAAAAAAAAQAAAQ.jpg,A_AuorQ4yCMh0AAAAAAAAAAAAAAQAAAQ.jpg,0,97,161
A_uJmSS6jwC_EAAAAAAAAAAAAAAQAAAQ.jpg,A_bjTUS6o38jQAAAAAAAAAAAAAAQAAAQ.jpg,0,151,103
Nr4fpTnSRWGdwsellE27SQAAACMAARAD.jpg,A_0aCUSY5NN4IAAAAAAAAAAAAAAQAAAQ.jpg,0,71,175
A_1cY0SJWiw2gAAAAAAAAAAAAAAQAAAQ.jpg,A_8TLTSrYPUTUAAAAAAAAAAAAAAQAAAQ.jpg,0,249,328
A_jBgOSoE5gk8AAAAAAAAAAAAAAQAAAQ.jpg,A_ToioR6w5lKgAAAAAAAAAAAAAAQAAAQ.jpg,0,196,283
A_95Z4QIMBISQAAAAAAAAAAAAAAQAAAQ.jpg,A_fhlXTKaMzqIAAAAAAAAAAAAAAQAAAQ.jpg,0,184,342
Z_Hv1amYSOKoJUJcV5cxjwAAACMAARAD.jpg,A_W-xaT78i22MAAAAAAAAAAAAAAQAAAQ.jpg,0,211,50
A_7dSiR56sjZkAAAAAAAAAAAAAAQAAAQ.jpg,A_VW4rTbmlHh8AAAAAAAAAAAAAAQAAAQ.jpg,0,313,336
A_cexvRK__-1MAAAAAAAAAAAAAAQAAAQ.jpg,A_uo1iTaASRHgAAAAAAAAAAAAAAQAAAQ.jpg,0,204,185
A_fR9dQ5HrbU4AAAAAAAAAAAAAAQAAAQ.jpg,A_UKkIRaJ9WRsAAAAAAAAAAAAAAQAAAQ.jpg,0,18,277
A_xTY-S4O2kyYAAAAAAAAAAAAAAQAAAQ.jpg,A_g9LKSo8QMHwAAAAAAAAAAAAAAQAAAQ.jpg,0,333,173
A_lUxgRJaTT48AAAAAAAAAAAAAAQAAAQ.jpg,A_vbb5RrhFhKkAAAAAAAAAAAAAAQAAAQ.jpg,0,55,220
A_JzxkRq5CL7UAAAAAAAAAAAAAAQAAAQ.jpg,A_6JGwQau_WNoAAAAAAAAAAAAAAQAAAQ.jpg,0,216,284
A_stIeTZ6xLSQAAAAAAAAAAAAAAQAAAQ.jpg,hc_8dM3TTzeQxx1wn6w2ogAAACMAARAD.jpg,0,172,128
A_1y6dQaZsLNQAAAAAAAAAAAAAAQAAAQ.jpg,A_BAxDTpRHSnwAAAAAAAAAAAAAAQAAAQ.jpg,0,100,236
A_m-aWTY3Ot-AAAAAAAAAAAAAAAQAAAQ.jpg,5tv9hCixSeCiHja6EI7b6AAAACMAARAD.jpg,0,26,120
A_NjG2SqOfUE4AAAAAAAAAAAAAAQAAAQ.jpg,A_RU49RpH8I6MAAAAAAAAAAAAAAQAAAQ.jpg,0,342,270
A_a-RNSrOUV5IAAAAAAAAAAAAAAQAAAQ.jpg,w9YQq4_NScePMhUzHiU7ugAAACMAARAD.jpg,0,296,166
A_tFWpS7wqAh0AAAAAAAAAAAAAAQAAAQ.jpg,A_7dttRYIKAKQAAAAAAAAAAAAAAQAAAQ.jpg,0,39,116
A__pBPR5UaDJ8AAAAAAAAAAAAAAQAAAQ.jpg,3TWmN3cgR6O-z4Ry4M-TngAAACMAARAD.jpg,0,229,132
A_oLSJS49B_k4AAAAAAAAAAAAAAQAAAQ.jpg,IJnfoTCGRzy_PnKxNA20FAAAACMAARAD.jpg,0,317,306
frarTD7lTOqgeRc7RMPqNQAAACMAARAD.jpg,A_aDhQT4JRtKIAAAAAAAAAAAAAAQAAAQ.jpg,0,188,275
gioGl7mwSCab39gMX8ARnAAAACMAARAD.jpg,A_BUqXSoHm6xYAAAAAAAAAAAAAAQAAAQ.jpg,0,177,309
A_l7TnSbKoau8AAAAAAAAAAAAAAQAAAQ.jpg,A_iWCAS7hDyJEAAAAAAAAAAAAAAQAAAQ.jpg,0,40,281
A_KhFwTKJ4XWwAAAAAAAAAAAAAAQAAAQ.jpg,A_4rjUSryl48IAAAAAAAAAAAAAAQAAAQ.jpg,0,338,317
A_rZCET7Bcu5YAAAAAAAAAAAAAAQAAAQ.jpg,A_ZQs8RZuoJBoAAAAAAAAAAAAAAQAAAQ.jpg,0,143,232
2d-0eWw0TDKv5kSoh012ogAAACMAARAD.jpg,A_to61RICU3tgAAAAAAAAAAAAAAQAAAQ.jpg,0,316,139
A_FZxTQJDVbkYAAAAAAAAAAAAAAQAAAQ.jpg,A_2PylSJ1j8RIAAAAAAAAAAAAAAQAAAQ.jpg,0,289,191
A_yqmVSY6yhroAAAAAAAAAAAAAAQAAAQ.jpg,A_JzxkRq5CL7UKXIZGrRlzfQAAAQAAAQ.jpg,0,104,216
A_LKyVRYb174gAAAAAAAAAAAAAAQAAAQ.jpg,A_DLIAQKcBAyYAAAAAAAAAAAAAAQAAAQ.jpg,0,203,244
36L3Z5XgRFWtMVjSmPOSTwAAACMAARAD.jpg,A_HHmHS7TxQaEAAAAAAAAAAAAAAQAAAQ.jpg,0,190,305
A_K9CLR4e8IykAAAAAAAAAAAAAAQAAAQ.jpg,A_j_V4R55jT3AAAAAAAAAAAAAAAQAAAQ.jpg,0,346,96
A_q3_rR6k-lYMAAAAAAAAAAAAAAQAAAQ.jpg,A_92iARaRRPR8AAAAAAAAAAAAAAQAAAQ.jpg,0,245,84
A_e6vmTbdC-9oAAAAAAAAAAAAAAQAAAQ.jpg,X7bAJ7tFSBG_4F661zvLggAAACMAARAD.jpg,0,264,207
A__FEKTZUF1Y8AAAAAAAAAAAAAAQAAAQ.jpg,A_ErnBQ6DQzEoAAAAAAAAAAAAAAQAAAQ.jpg,0,137,9
A_uzHRSJ5nN_cAAAAAAAAAAAAAAQAAAQ.jpg,A_WNgORoRRamAAAAAAAAAAAAAAAQAAAQ.jpg,0,335,141
A_gleuQrcJ404AAAAAAAAAAAAAAQAAAQ.jpg,A_zjktQp-czbsAAAAAAAAAAAAAAQAAAQ.jpg,0,8,118
A_6rXsToXOMygAAAAAAAAAAAAAAQAAAQ.jpg,A_QYfVToXTeu0AAAAAAAAAAAAAAQAAAQ.jpg,0,290,229
A_5dhIRrfer5YAAAAAAAAAAAAAAQAAAQ.jpg,A_tdauTaw260cAAAAAAAAAAAAAAQAAAQ.jpg,0,65,264
A_kCm8SqJ4xbQAAAAAAAAAAAAAAQAAAQ.jpg,A_0aCUSY5NN4IAAAAAAAAAAAAAAQAAAQ.jpg,0,299,175
A_lv0eRrxAXNwAAAAAAAAAAAAAAQAAAQ.jpg,A_UGJ9TY8666oAAAAAAAAAAAAAAQAAAQ.jpg,0,193,325
A_Hu1zSa0hFcdm4cpMozBtlgAAAQAAAQ.jpg,FqQ7Yv3sQqamD1XqNUNQeQAAACMAARAD.jpg,0,187,164
A_S33KQZXSRKEAAAAAAAAAAAAAAQAAAQ.jpg,A_z_sFRp0sqQIAAAAAAAAAAAAAAQAAAQ.jpg,0,80,168
A_95Z4QIMBISQAAAAAAAAAAAAAAQAAAQ.jpg,A__V74SLTYzbMAAAAAAAAAAAAAAQAAAQ.jpg,0,184,268
A_3S3LTZgdkc8AAAAAAAAAAAAAAQAAAQ.jpg,A_3bzNSLXJbYMAAAAAAAAAAAAAAQAAAQ.jpg,0,331,324
A_hqBxRo7pAs4AAAAAAAAAAAAAAQAAAQ.jpg,A_Hu1zSa0hFcdm4cpMozBtlgAAAQAAAQ.jpg,0,167,187
A_VPDvSqwWeHQAAAAAAAAAAAAAAQAAAQ.jpg,A_aOn9RpOdtFIAAAAAAAAAAAAAAQAAAQ.jpg,0,287,172
A_u5XySKZ9cywAAAAAAAAAAAAAAQAAAQ.jpg,A_lfw2QZuTKukAAAAAAAAAAAAAAQAAAQ.jpg,0,274,217
A2fZWAEeTfWyTqA6MlIezgAAACMAARAD.jpg,A_b-wTSqGrNAEAAAAAAAAAAAAAAQAAAQ.jpg,0,164,149
A_kiLeTKqEGUkAAAAAAAAAAAAAAQAAAQ.jpg,A_DNjCS6LPySIAAAAAAAAAAAAAAQAAAQ.jpg,0,1,272
A_O8IBS7bcXMAAAAAAAAAAAAAAAQAAAQ.jpg,A_IdUASo3kSSUAAAAAAAAAAAAAAQAAAQ.jpg,0,196,248
A_IeYUSZHnPzOciWNLuhXRvwAAAQAAAQ.jpg,A_pNAcQKJ6yH4AAAAAAAAAAAAAAQAAAQ.jpg,0,96,344
A_StpkT6djYVMAAAAAAAAAAAAAAQAAAQ.jpg,A_B17tQL9G7GAAAAAAAAAAAAAAAQAAAQ.jpg,0,213,331
A_XiKLT6SCDZsAAAAAAAAAAAAAAQAAAQ.jpg,2d-0eWw0TDKv5kSoh012ogAAACMAARAD.jpg,0,168,316
A_ogroTKEURIMAAAAAAAAAAAAAAQAAAQ.jpg,A_pNAcQKJ6yH4AAAAAAAAAAAAAAQAAAQ.jpg,0,102,344
HuSWm8MwS8C21fYeSVVyagAAACMAARAD.jpg,A_3bzNSLXJbYMAAAAAAAAAAAAAAQAAAQ.jpg,0,134,324
A_tjIQQ4rItcQAAAAAAAAAAAAAAQAAAQ.jpg,A_zIdqT5wAadAAAAAAAAAAAAAAAQAAAQ.jpg,0,163,297
A_uJ6ISJ1NElsAAAAAAAAAAAAAAQAAAQ.jpg,A_Rh_cT7z_w7wAAAAAAAAAAAAAAQAAAQ.jpg,0,256,17
A_ymwwSJZai5IAAAAAAAAAAAAAAQAAAQ.jpg,A_xKkVSpQDOR8AAAAAAAAAAAAAAQAAAQ.jpg,0,122,79
A_VW4rTbmlHh8AAAAAAAAAAAAAAQAAAQ.jpg,A_BXDpSpUjofgAAAAAAAAAAAAAAQAAAQ.jpg,0,336,68
A_uY8RT48iBmoAAAAAAAAAAAAAAQAAAQ.jpg,A_SXGPT6VlGv0AAAAAAAAAAAAAAQAAAQ.jpg,0,178,15
A_CUlQSpIInD0AAAAAAAAAAAAAAQAAAQ.jpg,A_XhFbQoM2GvIAAAAAAAAAAAAAAQAAAQ.jpg,0,322,229
A_jDBmTIN3O1EAAAAAAAAAAAAAAQAAAQ.jpg,A_iJVwTais0UgAAAAAAAAAAAAAAQAAAQ.jpg,0,133,131
A_qwMrRIrUjOkAAAAAAAAAAAAAAQAAAQ.jpg,A_dN7FSZa9E6kAAAAAAAAAAAAAAQAAAQ.jpg,0,100,225
A_chnJTr6v4Y8AAAAAAAAAAAAAAQAAAQ.jpg,A_URuNQJscuisAAAAAAAAAAAAAAQAAAQ.jpg,0,216,297
A_wxWxSZH1r_QAAAAAAAAAAAAAAQAAAQ.jpg,B4vLF17OQ7iz0JDSOsJBYwAAACMAARAD.jpg,0,293,71
A_tgVnS7L93MwAAAAAAAAAAAAAAQAAAQ.jpg,1DUlr4dURtqhdRrCS69ZgAAAACMAARAD.jpg,0,247,310
A_2iAoQIypnLoAAAAAAAAAAAAAAQAAAQ.jpg,A_cUEKTLA6SR4AAAAAAAAAAAAAAQAAAQ.jpg,0,254,312
A_Z4zcS4aqMeIAAAAAAAAAAAAAAQAAAQ.jpg,A_QR05Sq93mfIAAAAAAAAAAAAAAQAAAQ.jpg,0,253,69
A_wlP4RZZzpEgAAAAAAAAAAAAAAQAAAQ.jpg,A_nvhUSpQWokYAAAAAAAAAAAAAAQAAAQ.jpg,0,3,203
A_AgMeSbS1YrMAAAAAAAAAAAAAAQAAAQ.jpg,A_qL1DQ52JFAsAAAAAAAAAAAAAAQAAAQ.jpg,0,169,44
RZ0pi9gnRguCbwW_2IFLegAAACMAARAD.jpg,4AGq8NKSRuOp1uokfOiJnwAAACMAARAD.jpg,0,315,52
Z1qDRVboSz625P_djDkBSwAAACMAARAD.jpg,A_TlQXRagTGKcAAAAAAAAAAAAAAQAAAQ.jpg,0,315,172
A__z-iTZs2YvEAAAAAAAAAAAAAAQAAAQ.jpg,A_FGfzSpRlJ9AAAAAAAAAAAAAAAQAAAQ.jpg,0,14,263
A_8RO8SZ_cRhQAAAAAAAAAAAAAAQAAAQ.jpg,A_D9o9T7zICSYbaeZMlwxEKQAAAQAAAQ.jpg,0,303,113
A_b1eiQ4BovAEAAAAAAAAAAAAAAQAAAQ.jpg,A_5z1SRIthrRMAAAAAAAAAAAAAAQAAAQ.jpg,0,343,176
A_q3_rR6k-lYMAAAAAAAAAAAAAAQAAAQ.jpg,A_fhlXTKaMzqIAAAAAAAAAAAAAAQAAAQ.jpg,0,245,342
A_SbRDQbZ63xkAAAAAAAAAAAAAAQAAAQ.jpg,A_jcJHTp85KP0AAAAAAAAAAAAAAQAAAQ.jpg,0,78,64
A_chnJTr6v4Y8AAAAAAAAAAAAAAQAAAQ.jpg,A_DEkJRYlXFNsAAAAAAAAAAAAAAQAAAQ.jpg,0,216,268
A_nwlKT4igLyQAAAAAAAAAAAAAAQAAAQ.jpg,A_MfjWQa58yzwAAAAAAAAAAAAAAQAAAQ.jpg,0,37,90
A_Kg8hQIvTubMAAAAAAAAAAAAAAQAAAQ.jpg,A_FgqDQY4q28cAAAAAAAAAAAAAAQAAAQ.jpg,0,144,104
A_p01WSpLvktkAAAAAAAAAAAAAAQAAAQ.jpg,A_S1K7SaRCgmsAAAAAAAAAAAAAAQAAAQ.jpg,0,136,111
A_OVixS5gitWkAAAAAAAAAAAAAAQAAAQ.jpg,A_uOCiT40f578AAAAAAAAAAAAAAQAAAQ.jpg,0,118,347
A_yqalTI6j368AAAAAAAAAAAAAAQAAAQ.jpg,A_ywmfQoWVLnUAAAAAAAAAAAAAAQAAAQ.jpg,0,73,78
A_BMEtTpAKIZUAAAAAAAAAAAAAAQAAAQ.jpg,A_SQeJQr1DQCoAAAAAAAAAAAAAAQAAAQ.jpg,0,247,233
A_GPn_QKLHezwAAAAAAAAAAAAAAQAAAQ.jpg,A_-ZsZRYceA08AAAAAAAAAAAAAAQAAAQ.jpg,0,116,96
A_6BoNTIj6Zn8AAAAAAAAAAAAAAQAAAQ.jpg,A_0mFaQoSKPVgAAAAAAAAAAAAAAQAAAQ.jpg,0,126,87
J4N-el7oSxaafAyjuSBgGAAAACMAARAD.jpg,9OMvA3NtSGCRN6ymcLH-cAAAACMAARAD.jpg,0,129,323
A_9TXZTICb-ssAAAAAAAAAAAAAAQAAAQ.jpg,A_pGC9TI631dMAAAAAAAAAAAAAAQAAAQ.jpg,0,189,74
A_3uJrSJQRo58AAAAAAAAAAAAAAQAAAQ.jpg,A_ey1NQqwj2xkAAAAAAAAAAAAAAQAAAQ.jpg,0,275,35
A__iVyQa-Ul-kAAAAAAAAAAAAAAQAAAQ.jpg,A_Uh4ZRZjAbOAAAAAAAAAAAAAAAQAAAQ.jpg,0,249,52
A_fhlXTKaMzqIAAAAAAAAAAAAAAQAAAQ.jpg,A_h4c5Sad3a7IAAAAAAAAAAAAAAQAAAQ.jpg,0,342,40
A_Sdv3QYReNXkAAAAAAAAAAAAAAQAAAQ.jpg,A_KxBVRZ_49dEAAAAAAAAAAAAAAQAAAQ.jpg,0,250,176
A_JDCBRYXWhPEAAAAAAAAAAAAAAQAAAQ.jpg,7B--srC_TKKKH1ccdVhHJQAAACMAARAD.jpg,0,320,6
A_8yHrSI9wXtsAAAAAAAAAAAAAAQAAAQ.jpg,A_5P07RJ-PIlkAAAAAAAAAAAAAAQAAAQ.jpg,0,334,76
A_N57xRZ6tBnwAAAAAAAAAAAAAAQAAAQ.jpg,A_UIM0T5DUSJMAAAAAAAAAAAAAAQAAAQ.jpg,0,157,24
A_W-HLSo2GkJIAAAAAAAAAAAAAAQAAAQ.jpg,A_yaQwRrApyMQAAAAAAAAAAAAAAQAAAQ.jpg,0,64,276
T9sfxIkpSdiBNdMd91kAeAAAACMAARAD.jpg,A_OwX6S7nJKi4AAAAAAAAAAAAAAQAAAQ.jpg,0,321,220
A_TneoSKTv7UkAAAAAAAAAAAAAAQAAAQ.jpg,A_qcBdQZZoAUcAAAAAAAAAAAAAAQAAAQ.jpg,0,223,110
A_LQIQSpDZ01wAAAAAAAAAAAAAAQAAAQ.jpg,A_zRxmTpGb1kMAAAAAAAAAAAAAAQAAAQ.jpg,0,91,183
A_DhQlQKr7slQAAAAAAAAAAAAAAQAAAQ.jpg,A_02oeQZQGpSIAAAAAAAAAAAAAAQAAAQ.jpg,0,346,297
A_HBC_SqXcNasAAAAAAAAAAAAAAQAAAQ.jpg,A_TY-_RJN0r98AAAAAAAAAAAAAAQAAAQ.jpg,0,53,79
A_MtxfT4wtikgAAAAAAAAAAAAAAQAAAQ.jpg,A_RDX7SYBqMVwAAAAAAAAAAAAAAQAAAQ.jpg,0,286,41
A_Aw59RY7js60AAAAAAAAAAAAAAQAAAQ.jpg,A_SsADSplZuU0AAAAAAAAAAAAAAQAAAQ.jpg,0,5,258
A_Jz60TodhpGgUYFBLnH7ZnAAAAQAAAQ.jpg,A_M6uVTLJ2EukAAAAAAAAAAAAAAQAAAQ.jpg,0,99,331
A_LlQfQ5eZYSAAAAAAAAAAAAAAAQAAAQ.jpg,A_QMXJRr8rzh4AAAAAAAAAAAAAAQAAAQ.jpg,0,94,300
A_i-nLRI_4Z-QAAAAAAAAAAAAAAQAAAQ.jpg,A_kCm8SqJ4xbQAAAAAAAAAAAAAAQAAAQ.jpg,0,313,299
A_7iu8TpXAj0QAAAAAAAAAAAAAAQAAAQ.jpg,A_M6rDSaJqguwAAAAAAAAAAAAAAQAAAQ.jpg,0,251,25
A_gceJT5IcfZ4AAAAAAAAAAAAAAQAAAQ.jpg,A_Jt0NQ7kxnNgAAAAAAAAAAAAAAQAAAQ.jpg,0,40,314
A_hqBxRo7pAs4AAAAAAAAAAAAAAQAAAQ.jpg,A_WAmwRrFJUhUAAAAAAAAAAAAAAQAAAQ.jpg,0,167,149
A_hG-AQqJyNKkAAAAAAAAAAAAAAQAAAQ.jpg,A_rGSuTZXVuRUAAAAAAAAAAAAAAQAAAQ.jpg,0,239,2
A_RPqaQYB6kjQAAAAAAAAAAAAAAQAAAQ.jpg,A__EmvQZaIrk0AAAAAAAAAAAAAAQAAAQ.jpg,0,168,330
A_M6uVTLJ2EukAAAAAAAAAAAAAAQAAAQ.jpg,A_zcYfTIvp2lMAAAAAAAAAAAAAAQAAAQ.jpg,0,331,277
A_3felTbn-u0kAAAAAAAAAAAAAAQAAAQ.jpg,uKy0yW2aSKGHTpR2lfUysQAAACMAARAD.jpg,0,108,132
A_X-X-Tq1BLFsAAAAAAAAAAAAAAQAAAQ.jpg,A_oLSJS49B_k4AAAAAAAAAAAAAAQAAAQ.jpg,0,42,317
PXhnsQ6BSAW7VRUKjS1fswAAACMAARAD.jpg,A_eQMGQYpNRSIAAAAAAAAAAAAAAQAAAQ.jpg,0,70,41
A_plIEQ4aQaFEAAAAAAAAAAAAAAQAAAQ.jpg,A_f7WbRLWc904AAAAAAAAAAAAAAQAAAQ.jpg,0,349,142
gssR255rQKW-hXQD0Y7E_AAAACMAARAD.jpg,A_1y6dQaZsLNQAAAAAAAAAAAAAAQAAAQ.jpg,0,120,100
A_XNHHSZlJH00AAAAAAAAAAAAAAQAAAQ.jpg,A_-gLFTpM2eMUAAAAAAAAAAAAAAQAAAQ.jpg,0,153,81
J4N-el7oSxaafAyjuSBgGAAAACMAARAD.jpg,A_TKDrRJ6csBwAAAAAAAAAAAAAAQAAAQ.jpg,0,129,257
A_GtTURpEqgsQAAAAAAAAAAAAAAQAAAQ.jpg,4mdzWDyRQ82GuQWRmzSQBQAAACMAARAD.jpg,0,111,186
A_1YVzSbIROi8AAAAAAAAAAAAAAQAAAQ.jpg,A_Uga7SbOpyY0AAAAAAAAAAAAAAQAAAQ.jpg,0,253,69
A_mELMSZX6_9YAAAAAAAAAAAAAAQAAAQ.jpg,A_qbU3SpMKod4AAAAAAAAAAAAAAQAAAQ.jpg,0,180,240
A_B70bT5SypHUAAAAAAAAAAAAAAQAAAQ.jpg,A_4OwVSaVoxg4AAAAAAAAAAAAAAQAAAQ.jpg,0,55,170
A_m-aWTY3Ot-AAAAAAAAAAAAAAAQAAAQ.jpg,A_cKTpQK7jeCMAAAAAAAAAAAAAAQAAAQ.jpg,0,26,143
A_mtcjT5-8fxIAAAAAAAAAAAAAAQAAAQ.jpg,A_AMHwR48il0gAAAAAAAAAAAAAAQAAAQ.jpg,0,60,139
A_BelDQrZMthQAAAAAAAAAAAAAAQAAAQ.jpg,GkKIt_19Rh2gdu0uxH4mbgAAACMAARAD.jpg,0,217,291
A_WAmwRrFJUhUAAAAAAAAAAAAAAQAAAQ.jpg,A__2g8SIdev1YAAAAAAAAAAAAAAQAAAQ.jpg,0,149,153
A_bJUVQLWonskAAAAAAAAAAAAAAQAAAQ.jpg,A_EZU5Q47i9PQAAAAAAAAAAAAAAQAAAQ.jpg,0,344,16
A_XQs-QoHKkXEAAAAAAAAAAAAAAQAAAQ.jpg,A_sEMKS4Zum5UAAAAAAAAAAAAAAQAAAQ.jpg,0,217,273
A_0t4nQKnH940AAAAAAAAAAAAAAQAAAQ.jpg,A_WDLkR6ptwJYAAAAAAAAAAAAAAQAAAQ.jpg,0,215,160
A_j72ARLb_6boAAAAAAAAAAAAAAQAAAQ.jpg,A_-HPcQKsgKR8AAAAAAAAAAAAAAQAAAQ.jpg,0,161,96
A_gBKETKn8DvwAAAAAAAAAAAAAAQAAAQ.jpg,MkS_FJIUSj-AkfBJ2KVoEwAAACMAARAD.jpg,0,182,208
zQs0kBsAS2mS20h_2hp37AAAACMAARAD.jpg,A_Cx8AT5HA35gAAAAAAAAAAAAAAQAAAQ.jpg,0,316,140
A_0Z_BTJTyxrUAAAAAAAAAAAAAAQAAAQ.jpg,A_IdUASo3kSSUAAAAAAAAAAAAAAQAAAQ.jpg,0,135,248
A_BdbARbNUADgAAAAAAAAAAAAAAQAAAQ.jpg,frarTD7lTOqgeRc7RMPqNQAAACMAARAD.jpg,0,122,188
A_jXO8TqgUNaEAAAAAAAAAAAAAAQAAAQ.jpg,A_K-1tRZOChRUAAAAAAAAAAAAAAQAAAQ.jpg,0,3,181
A_Hd0LRLVyFxQAAAAAAAAAAAAAAQAAAQ.jpg,A_8SMFQ4ABOP4AAAAAAAAAAAAAAQAAAQ.jpg,0,213,78
A_FjITQKM8yiQAAAAAAAAAAAAAAQAAAQ.jpg,A_lhr8T5PNQm0AAAAAAAAAAAAAAQAAAQ.jpg,0,210,231
A_7t5MRrn6fyUAAAAAAAAAAAAAAQAAAQ.jpg,A_zfe6Ta1sN6AAAAAAAAAAAAAAAQAAAQ.jpg,0,303,79
A_yhhDQbrQfGcAAAAAAAAAAAAAAQAAAQ.jpg,A_VKWZTI04Y7wAAAAAAAAAAAAAAQAAAQ.jpg,0,206,41
A_7mlCRqiHNywAAAAAAAAAAAAAAQAAAQ.jpg,A_ul0zRLO4ulQAAAAAAAAAAAAAAQAAAQ.jpg,0,215,74
A_d1iSRoW_qgQAAAAAAAAAAAAAAQAAAQ.jpg,A_2yTCT6348MsAAAAAAAAAAAAAAQAAAQ.jpg,0,18,305
A_kKmNR65xnvsAAAAAAAAAAAAAAQAAAQ.jpg,A_aDhQT4JRtKIAAAAAAAAAAAAAAQAAAQ.jpg,0,195,275
igBDl6ziSdODf-fpbtEL1wAAACMAARAD.jpg,A_KtrxQJE_sIMAAAAAAAAAAAAAAQAAAQ.jpg,0,306,33
A_fXp1S7xHV6YAAAAAAAAAAAAAAQAAAQ.jpg,A_peVaRKhGG6EAAAAAAAAAAAAAAQAAAQ.jpg,0,106,338
A_TRvMSK9h_7YAAAAAAAAAAAAAAQAAAQ.jpg,A_fbzVQ5muvQIAAAAAAAAAAAAAAQAAAQ.jpg,0,48,77
A_Uw6pRLOcnFcAAAAAAAAAAAAAAQAAAQ.jpg,igBDl6ziSdODf-fpbtEL1wAAACMAARAD.jpg,0,242,306
A_vbb5RrhFhKkAAAAAAAAAAAAAAQAAAQ.jpg,A_t6AyT4K76akAAAAAAAAAAAAAAQAAAQ.jpg,0,220,346
A_Y4XwSLpSghkAAAAAAAAAAAAAAQAAAQ.jpg,A_Z7bIS7KQQFUAAAAAAAAAAAAAAQAAAQ.jpg,0,114,83
A_8vypTI74gzgAAAAAAAAAAAAAAQAAAQ.jpg,A_tmZ3QpBor3sAAAAAAAAAAAAAAQAAAQ.jpg,0,295,203
A_gnzFTrJMNnQAAAAAAAAAAAAAAQAAAQ.jpg,-6WHQxGYR3ej96FqYNv-hAAAACMAARAD.jpg,0,232,208
A_-bFhSYWyHW8AAAAAAAAAAAAAAQAAAQ.jpg,A_cutQQr13fwsAAAAAAAAAAAAAAQAAAQ.jpg,0,108,52
A_D_SeQ4c--GwAAAAAAAAAAAAAAQAAAQ.jpg,A_g55DSKHkNDkAAAAAAAAAAAAAAQAAAQ.jpg,0,309,137
KtjlPeKCRb-0vismjLY7MgAAACMAARED.jpg,A_MkJtQKVpPRIAAAAAAAAAAAAAAQAAAQ.jpg,0,128,232
A_rXoUTpGp2akAAAAAAAAAAAAAAQAAAQ.jpg,A_1BkkT5s3pZkAAAAAAAAAAAAAAQAAAQ.jpg,0,249,304
uI5fw6x6QLSNO_eB4fXEZwAAACMAARAD.jpg,A_cKL1QqoK8C4AAAAAAAAAAAAAAQAAAQ.jpg,0,109,111
O1CN01FwhDIF1wj8peOpsqy_!!0-mtopupload.jpg,A_SXh7Qo_BhxkAAAAAAAAAAAAAAQAAAQ.jpg,0,22,292
A__z-iTZs2YvEAAAAAAAAAAAAAAQAAAQ.jpg,A_n4mzQqZYsskAAAAAAAAAAAAAAQAAAQ.jpg,0,14,131
A_c7PhTYy24i4AAAAAAAAAAAAAAQAAAQ.jpg,A_ffGlTZG85-QAAAAAAAAAAAAAAQAAAQ.jpg,0,137,322
A_cKL1QqoK8C4AAAAAAAAAAAAAAQAAAQ.jpg,tQd1XCVwSy27_2CRPo0NAAAAACMAARAD.jpg,0,111,109
A_E-xxRLjoDi0AAAAAAAAAAAAAAQAAAQ.jpg,2A23mcKTRe6iwvdle-DnoQAAACMAARAD.jpg,0,115,349
A_P3qUR6v9jfsAAAAAAAAAAAAAAQAAAQ.jpg,A_xzWOSL6pNFAAAAAAAAAAAAAAAQAAAQ.jpg,0,204,274
A_ZX7pT4uWMgsAAAAAAAAAAAAAAQAAAQ.jpg,qvyQGoFhTm69RSHS-41E9QAAACMAARAD.jpg,0,268,209
A_qB4QT6PpWG8AAAAAAAAAAAAAAQAAAQ.jpg,A_8jMWRbavcW0AAAAAAAAAAAAAAQAAAQ.jpg,0,242,287
jljP-9JORDyajV3g_xwG_wAAACMAARAD.jpg,A_41GqSJs5RO4AAAAAAAAAAAAAAQAAAQ.jpg,0,129,265
A_pUauTrONA4kAAAAAAAAAAAAAAQAAAQ.jpg,A_qi_5T4aATlcAAAAAAAAAAAAAAQAAAQ.jpg,0,318,261
A_h8ycS56cyH0AAAAAAAAAAAAAAQAAAQ.jpg,A_LZQHRJnzs8kAAAAAAAAAAAAAAQAAAQ.jpg,0,11,85
A_7iu8TpXAj0QAAAAAAAAAAAAAAQAAAQ.jpg,A_sjosRJ0wPVkAAAAAAAAAAAAAAQAAAQ.jpg,0,251,179
A_fR9dQ5HrbU4AAAAAAAAAAAAAAQAAAQ.jpg,Sz6t1kxuSjqrB9PpBED6oAAAACMAARED.jpg,0,18,54
A_7FcUTJfZ-EEAAAAAAAAAAAAAAQAAAQ.jpg,WmmQfVkFSa6ES7uWWRqn-gAAACMAARAD.jpg,0,200,20
A_ZkMGSr_0kyQAAAAAAAAAAAAAAQAAAQ.jpg,A_r0rxRqzUNowAAAAAAAAAAAAAAQAAAQ.jpg,0,138,241
A_LFTBTrq2so4AAAAAAAAAAAAAAQAAAQ.jpg,A_gBw2Q6_QWsUAAAAAAAAAAAAAAQAAAQ.jpg,0,278,1
A_2TkOSZj4Q5QAAAAAAAAAAAAAAQAAAQ.jpg,A_gmv7RZlv2wwAAAAAAAAAAAAAAQAAAQ.jpg,0,108,263
FqQ7Yv3sQqamD1XqNUNQeQAAACMAARAD.jpg,A_qltmS7ZNsLUAAAAAAAAAAAAAAQAAAQ.jpg,0,164,91
A_Cl0sQ69mrY4AAAAAAAAAAAAAAQAAAQ.jpg,A_SDD3Q6kABacAAAAAAAAAAAAAAQAAAQ.jpg,0,341,247
A_3bzNSLXJbYMAAAAAAAAAAAAAAQAAAQ.jpg,A_yqalTI6j368AAAAAAAAAAAAAAQAAAQ.jpg,0,324,73
A_vjMsQZpQaTkAAAAAAAAAAAAAAQAAAQ.jpg,X7bAJ7tFSBG_4F661zvLggAAACMAARAD.jpg,0,133,207
A_AKdFRp5BRZYAAAAAAAAAAAAAAQAAAQ.jpg,A_EL3MTLdLMz8AAAAAAAAAAAAAAQAAAQ.jpg,0,162,343
A_a7OnT702SKIAAAAAAAAAAAAAAQAAAQ.jpg,A_50hVQpJOh38AAAAAAAAAAAAAAQAAAQ.jpg,0,161,333
A_UE-JSb_9FMYAAAAAAAAAAAAAAQAAAQ.jpg,A_tdauTaw260cAAAAAAAAAAAAAAQAAAQ.jpg,0,144,264
A_LUkoSJrXkSUAAAAAAAAAAAAAAQAAAQ.jpg,1u5RC96DSSGhP-caETvXfQAAACMAARAD.jpg,0,17,177
A_lU5xT7JfAoEAAAAAAAAAAAAAAQAAAQ.jpg,A_ARs4S5uu-scAAAAAAAAAAAAAAQAAAQ.jpg,0,317,0
A_YaJOSrbcB5YAAAAAAAAAAAAAAQAAAQ.jpg,A_7MhsTIG0_08AAAAAAAAAAAAAAQAAAQ.jpg,0,181,278
zGfOrLgJRWq4z48tv9EHeQAAACMAARAD.jpg,A_5aAtRZYw7_wAAAAAAAAAAAAAAQAAAQ.jpg,0,155,51
UB-NZRT8SxapdoqCNWuvvAAAACMAARAD.jpg,A_kEkzS6WBDdQAAAAAAAAAAAAAAQAAAQ.jpg,0,211,156
A_v2AMTqrkHXgAAAAAAAAAAAAAAQAAAQ.jpg,A_gpwRSb16XloAAAAAAAAAAAAAAQAAAQ.jpg,0,163,241
A__FEKTZUF1Y8AAAAAAAAAAAAAAQAAAQ.jpg,A_KhFwTKJ4XWwAAAAAAAAAAAAAAQAAAQ.jpg,0,137,338
t7OjT-JkTe-fdqtZnMC8oAAAACMAARAD.jpg,A_uzHRSJ5nN_cAAAAAAAAAAAAAAQAAAQ.jpg,0,129,335
wlvKhmPsRnuzCvy0hg9dSQAAACMAARAD.jpg,A_GtTURpEqgsQAAAAAAAAAAAAAAQAAAQ.jpg,0,282,111
A_y3o0T5zshLsAAAAAAAAAAAAAAQAAAQ.jpg,A_dMj3SrywR0MAAAAAAAAAAAAAAQAAAQ.jpg,0,152,265
PKvgCxspT06mVkCupz9C2QAAACMAARAD.jpg,A_qi_5T4aATlcAAAAAAAAAAAAAAQAAAQ.jpg,0,134,261
A_-JpBS6Eepe4AAAAAAAAAAAAAAQAAAQ.jpg,A_LWb7SL9pX8IAAAAAAAAAAAAAAQAAAQ.jpg,0,210,98
A_FYeLRIlqv1sAAAAAAAAAAAAAAQAAAQ.jpg,A_JzxkRq5CL7UKXIZGrRlzfQAAAQAAAQ.jpg,0,318,216
A_e6vmTbdC-9oAAAAAAAAAAAAAAQAAAQ.jpg,A_o8ipRYjXiXQAAAAAAAAAAAAAAQAAAQ.jpg,0,264,176
A_kiLeTKqEGUkAAAAAAAAAAAAAAQAAAQ.jpg,A_zxwhSKLMsogAAAAAAAAAAAAAAQAAAQ.jpg,0,1,147
A_6JGwQau_WNoAAAAAAAAAAAAAAQAAAQ.jpg,A_ItmHSrXG59IAAAAAAAAAAAAAAQAAAQ.jpg,0,284,179
A_7w30T4PSpVgAAAAAAAAAAAAAAQAAAQ.jpg,A_SVMaQLMJtYIAAAAAAAAAAAAAAQAAAQ.jpg,0,229,238
A_KwVMSYgdftIAAAAAAAAAAAAAAQAAAQ.jpg,A_M6uVTLJ2EukAAAAAAAAAAAAAAQAAAQ.jpg,0,165,331
A_NLtxRaP1d6wAAAAAAAAAAAAAAQAAAQ.jpg,95yWrxU0SHOjvzfmAl1GjwAAACMAARAD.jpg,0,106,174
A_qWCCR7R42PUAAAAAAAAAAAAAAQAAAQ.jpg,3TWmN3cgR6O-z4Ry4M-TngAAACMAARAD.jpg,0,288,132
A_zOObQob7uGMAAAAAAAAAAAAAAQAAAQ.jpg,A_IMTVR4woMBkAAAAAAAAAAAAAAQAAAQ.jpg,0,65,60
A_B17tQL9G7GBxlR5AvcHBegAAAQAAAQ.jpg,5tv9hCixSeCiHja6EI7b6AAAACMAARAD.jpg,0,331,120
A_iWCAS7hDyJEAAAAAAAAAAAAAAQAAAQ.jpg,A_7iu8TpXAj0QAAAAAAAAAAAAAAQAAAQ.jpg,0,281,251
A_qK0OTL76_bMAAAAAAAAAAAAAAQAAAQ.jpg,s-goRr4zRqihodt8c49wvwAAACMAARAD.jpg,0,21,174
A_K1SDTrzJRsMAAAAAAAAAAAAAAQAAAQ.jpg,A_qpwOTZvgL9EAAAAAAAAAAAAAAQAAAQ.jpg,0,82,26
A_hB7UQZ1wHGQAAAAAAAAAAAAAAQAAAQ.jpg,A_lv0eRrxAXNwAAAAAAAAAAAAAAQAAAQ.jpg,0,183,193
A_YrcgQoK0NyIAAAAAAAAAAAAAAQAAAQ.jpg,w9YQq4_NScePMhUzHiU7ugAAACMAARAD.jpg,0,215,166
A_9rUXTan94pAAAAAAAAAAAAAAAQAAAQ.jpg,A_O8IBS7bcXMAAAAAAAAAAAAAAAQAAAQ.jpg,0,32,196
A_D9o9T7zICSYAAAAAAAAAAAAAAQAAAQ.jpg,A_03AFSaoCIYMAAAAAAAAAAAAAAQAAAQ.jpg,0,113,184
A_-HPcQKsgKR8AAAAAAAAAAAAAAQAAAQ.jpg,A_m-aWTY3Ot-AAAAAAAAAAAAAAAQAAAQ.jpg,0,96,26
A_UBFIRp0LaJAAAAAAAAAAAAAAAQAAAQ.jpg,t7OjT-JkTe-fdqtZnMC8oAAAACMAARAD.jpg,0,199,129
A_uUKRRIhcetkAAAAAAAAAAAAAAQAAAQ.jpg,A_CjU5SoWF2L0AAAAAAAAAAAAAAQAAAQ.jpg,0,262,118
A_aDKBQ7mM76cAAAAAAAAAAAAAAQAAAQ.jpg,A_Z9O5TZhkv2IAAAAAAAAAAAAAAQAAAQ.jpg,0,256,227
A_JFf0QpMDxLUAAAAAAAAAAAAAAQAAAQ.jpg,A_jlGaToiTR1cAAAAAAAAAAAAAAQAAAQ.jpg,0,178,298
A_Km6WQabbG9cAAAAAAAAAAAAAAQAAAQ.jpg,8Qwjp3LcQ3iDOb7i9kMsegAAACMAARAD.jpg,0,248,20
A_pO8kQqJBt3EAAAAAAAAAAAAAAQAAAQ.jpg,A_xTY-S4O2kyYAAAAAAAAAAAAAAQAAAQ.jpg,0,39,333
A_p7msSIPIoxsAAAAAAAAAAAAAAQAAAQ.jpg,A_WgcxSLmAZ9YAAAAAAAAAAAAAAQAAAQ.jpg,0,202,15
A_juPfTZQWNPEAAAAAAAAAAAAAAQAAAQ.jpg,A__jF0T41lCBMAAAAAAAAAAAAAAQAAAQ.jpg,0,30,218
A_5JaUS5e0nHAAAAAAAAAAAAAAAQAAAQ.jpg,A_N13KR4j5Yt8AAAAAAAAAAAAAAQAAAQ.jpg,0,204,228
A_WD_RToG7TiEAAAAAAAAAAAAAAQAAAQ.jpg,A_pGC9TI631dMAAAAAAAAAAAAAAQAAAQ.jpg,0,301,74
A_ErnBQ6DQzEoAAAAAAAAAAAAAAQAAAQ.jpg,A_cHCiQbPdurUAAAAAAAAAAAAAAQAAAQ.jpg,0,9,39
A_hdpuRLEj1icAAAAAAAAAAAAAAQAAAQ.jpg,A_0fKgSYxegzcAAAAAAAAAAAAAAQAAAQ.jpg,0,326,26
A_qmTVSqXlh7UAAAAAAAAAAAAAAQAAAQ.jpg,A_XiKLT6SCDZsAAAAAAAAAAAAAAQAAAQ.jpg,0,105,168
A_2wBqTpzmeL3VldlEs7raLQAAAQAAAQ.jpg,A_olotS4XoJFkAAAAAAAAAAAAAAQAAAQ.jpg,0,49,124
A_UIUSR7SsVxQAAAAAAAAAAAAAAQAAAQ.jpg,A_wpTZRJrKEPsAAAAAAAAAAAAAAQAAAQ.jpg,0,81,38
A_N0ukQ4h4un4AAAAAAAAAAAAAAQAAAQ.jpg,A_VPDvSqwWeHQAAAAAAAAAAAAAAQAAAQ.jpg,0,77,287
A_DTn9RaIFKaUAAAAAAAAAAAAAAQAAAQ.jpg,A_hDlVQZkfoCwAAAAAAAAAAAAAAQAAAQ.jpg,0,246,173
A_Vu_PRqVmM8AAAAAAAAAAAAAAAQAAAQ.jpg,A_hPGSRoU0C8kAAAAAAAAAAAAAAQAAAQ.jpg,0,14,308
A_IdUASo3kSSUAAAAAAAAAAAAAAQAAAQ.jpg,dRX2p0mwRrumfcxLhB9tHAAAACMAARAD.jpg,0,248,6
A_xNCNSreklsIAAAAAAAAAAAAAAQAAAQ.jpg,A_3sPRTprtYa8AAAAAAAAAAAAAAQAAAQ.jpg,0,1,66
A_fiAjSYGYmikAAAAAAAAAAAAAAQAAAQ.jpg,A_IdUASo3kSSUAAAAAAAAAAAAAAQAAAQ.jpg,0,110,248
A_xNCNSreklsIAAAAAAAAAAAAAAQAAAQ.jpg,A__ZWPQJQKX10AAAAAAAAAAAAAAQAAAQ.jpg,0,1,314
A_vjMsQZpQaTkAAAAAAAAAAAAAAQAAAQ.jpg,A_n4mzQqZYsskAAAAAAAAAAAAAAQAAAQ.jpg,0,133,131
8quPjI33SE-iyYx4UOnjkQAAACMAARAD.jpg,rXxlFn69QMONIxtgsZJajQAAACMAARAD.jpg,0,68,282
A_9SxdQYnmGb8AAAAAAAAAAAAAAQAAAQ.jpg,YKrsyS6qRZ-rCTySE0CuoAAAACMAARAD.jpg,0,259,107
A_cU0aRI8xDi0AAAAAAAAAAAAAAQAAAQ.jpg,A__NR8QZ1qcjQAAAAAAAAAAAAAAQAAAQ.jpg,0,156,97
A_33L3RYDwFfYAAAAAAAAAAAAAAQAAAQ.jpg,A_6KB1R5-AhUgAAAAAAAAAAAAAAQAAAQ.jpg,0,335,36
A_eKPdQ7NuzWMAAAAAAAAAAAAAAQAAAQ.jpg,A_UBFIRp0LaJAAAAAAAAAAAAAAAQAAAQ.jpg,0,79,199
A_aU59RJLl9L4AAAAAAAAAAAAAAQAAAQ.jpg,A_NbMERImKF5IAAAAAAAAAAAAAAQAAAQ.jpg,0,32,214
A_FhdITbO2NLEAAAAAAAAAAAAAAQAAAQ.jpg,A_kJWgSJRDpycAAAAAAAAAAAAAAQAAAQ.jpg,0,102,228
A_ACqjTY_SpjgAAAAAAAAAAAAAAQAAAQ.jpg,A_qpwOTZvgL9EAAAAAAAAAAAAAAQAAAQ.jpg,0,256,26
A_fDM3T7_Er0wAAAAAAAAAAAAAAQAAAQ.jpg,A_5RnLQp7mKNsAAAAAAAAAAAAAAQAAAQ.jpg,0,21,130
A_0fKgSYxegzcAAAAAAAAAAAAAAQAAAQ.jpg,A_CWhQSqgeUq4AAAAAAAAAAAAAAQAAAQ.jpg,0,26,345
A_sw55T7tdUW8AAAAAAAAAAAAAAQAAAQ.jpg,A_IfS8TqroUEgAAAAAAAAAAAAAAQAAAQ.jpg,0,29,131
HqCc8PT8QMalF5QdbcP9UwAAACMAARAD.jpg,A_TKDrRJ6csBwAAAAAAAAAAAAAAQAAAQ.jpg,0,107,257
rMWpilyUToW_ESjYFAiCGwAAACMAARAD.jpg,A_SXGPT6VlGv0AAAAAAAAAAAAAAQAAAQ.jpg,0,238,15
A_Y6qGQYFvMP0AAAAAAAAAAAAAAQAAAQ.jpg,A_kCm8SqJ4xbQAAAAAAAAAAAAAAQAAAQ.jpg,0,138,299
A_J1qLRIBVPRwAAAAAAAAAAAAAAQAAAQ.jpg,A_yFmGSo2bp-cAAAAAAAAAAAAAAQAAAQ.jpg,0,151,248
A_juPfTZQWNPEAAAAAAAAAAAAAAQAAAQ.jpg,I-4jbqVlSyeXyWm3u8uXGQAAACMAARAD.jpg,0,30,56
A_Oj4CRqQrUiU9b2pImURI-AAAAQAAAQ.jpg,A_kqGGQIlQbEIAAAAAAAAAAAAAAQAAAQ.jpg,0,176,7
A_zVV9QJHiLggAAAAAAAAAAAAAAQAAAQ.jpg,A_SQeJQr1DQCoAAAAAAAAAAAAAAQAAAQ.jpg,0,67,233
YogXrvTpT3CF9S-8BEORggAAACMAARAD.jpg,A_2TkOSZj4Q5QAAAAAAAAAAAAAAQAAAQ.jpg,0,71,108
A_CbtxSYI7W3wAAAAAAAAAAAAAAQAAAQ.jpg,A_nec0R4X7desAAAAAAAAAAAAAAQAAAQ.jpg,0,280,189
