imageA,imageB,label,dogA,dogB
A_ccDFRJJgbtIAAAAAAAAAAAAAAQAAAQ.jpg,A_a9r9Rpz61BcAAAAAAAAAAAAAAQAAAQ.jpg,1,0,0
A_ccDFRJJgbtIAAAAAAAAAAAAAAQAAAQ.jpg,A_BTGhRL3hvxwAAAAAAAAAAAAAAQAAAQ.jpg,1,0,0
A_ccDFRJJgbtIAAAAAAAAAAAAAAQAAAQ.jpg,A_VSe4QrbJjMcAAAAAAAAAAAAAAQAAAQ.jpg,1,0,0
A_ccDFRJJgbtIAAAAAAAAAAAAAAQAAAQ.jpg,A_ARs4S5uu-scAAAAAAAAAAAAAAQAAAQ.jpg,1,0,0
A_a9r9Rpz61BcAAAAAAAAAAAAAAQAAAQ.jpg,A_BTGhRL3hvxwAAAAAAAAAAAAAAQAAAQ.jpg,1,0,0
A_a9r9Rpz61BcAAAAAAAAAAAAAAQAAAQ.jpg,A_VSe4QrbJjMcAAAAAAAAAAAAAAQAAAQ.jpg,1,0,0
A_a9r9Rpz61BcAAAAAAAAAAAAAAQAAAQ.jpg,A_ARs4S5uu-scAAAAAAAAAAAAAAQAAAQ.jpg,1,0,0
A_BTGhRL3hvxwAAAAAAAAAAAAAAQAAAQ.jpg,A_VSe4QrbJjMcAAAAAAAAAAAAAAQAAAQ.jpg,1,0,0
A_BTGhRL3hvxwAAAAAAAAAAAAAAQAAAQ.jpg,A_ARs4S5uu-scAAAAAAAAAAAAAAQAAAQ.jpg,1,0,0
A_VSe4QrbJjMcAAAAAAAAAAAAAAQAAAQ.jpg,A_ARs4S5uu-scAAAAAAAAAAAAAAQAAAQ.jpg,1,0,0
A_Zq-wSaT7ot8AAAAAAAAAAAAAAQAAAQ.jpg,A_kiLeTKqEGUkAAAAAAAAAAAAAAQAAAQ.jpg,1,1,1
A_Zq-wSaT7ot8AAAAAAAAAAAAAAQAAAQ.jpg,A_xNCNSreklsIAAAAAAAAAAAAAAQAAAQ.jpg,1,1,1
A_Zq-wSaT7ot8AAAAAAAAAAAAAAQAAAQ.jpg,A_l_WDRZSqqCQAAAAAAAAAAAAAAQAAAQ.jpg,1,1,1
A_Zq-wSaT7ot8AAAAAAAAAAAAAAQAAAQ.jpg,A_gBw2Q6_QWsUAAAAAAAAAAAAAAQAAAQ.jpg,1,1,1
A_kiLeTKqEGUkAAAAAAAAAAAAAAQAAAQ.jpg,A_xNCNSreklsIAAAAAAAAAAAAAAQAAAQ.jpg,1,1,1
A_kiLeTKqEGUkAAAAAAAAAAAAAAQAAAQ.jpg,A_l_WDRZSqqCQAAAAAAAAAAAAAAQAAAQ.jpg,1,1,1
A_kiLeTKqEGUkAAAAAAAAAAAAAAQAAAQ.jpg,A_gBw2Q6_QWsUAAAAAAAAAAAAAAQAAAQ.jpg,1,1,1
A_xNCNSreklsIAAAAAAAAAAAAAAQAAAQ.jpg,A_l_WDRZSqqCQAAAAAAAAAAAAAAQAAAQ.jpg,1,1,1
A_xNCNSreklsIAAAAAAAAAAAAAAQAAAQ.jpg,A_gBw2Q6_QWsUAAAAAAAAAAAAAAQAAAQ.jpg,1,1,1
A_l_WDRZSqqCQAAAAAAAAAAAAAAQAAAQ.jpg,A_gBw2Q6_QWsUAAAAAAAAAAAAAAQAAAQ.jpg,1,1,1
A_wOfbQoNWSAQAAAAAAAAAAAAAAQAAAQ.jpg,A_rGSuTZXVuRUAAAAAAAAAAAAAAQAAAQ.jpg,1,2,2
A_wOfbQoNWSAQAAAAAAAAAAAAAAQAAAQ.jpg,A_2PhBQZl-wekAAAAAAAAAAAAAAQAAAQ.jpg,1,2,2
A_wOfbQoNWSAQAAAAAAAAAAAAAAQAAAQ.jpg,A_7OgCTLT7J9AAAAAAAAAAAAAAAQAAAQ.jpg,1,2,2
A_wOfbQoNWSAQAAAAAAAAAAAAAAQAAAQ.jpg,A_rGSuTZXVuRUGn2pDh9p9vgAAAQAAAQ.jpg,1,2,2
A_rGSuTZXVuRUAAAAAAAAAAAAAAQAAAQ.jpg,A_2PhBQZl-wekAAAAAAAAAAAAAAQAAAQ.jpg,1,2,2
A_rGSuTZXVuRUAAAAAAAAAAAAAAQAAAQ.jpg,A_7OgCTLT7J9AAAAAAAAAAAAAAAQAAAQ.jpg,1,2,2
A_rGSuTZXVuRUAAAAAAAAAAAAAAQAAAQ.jpg,A_rGSuTZXVuRUGn2pDh9p9vgAAAQAAAQ.jpg,1,2,2
A_2PhBQZl-wekAAAAAAAAAAAAAAQAAAQ.jpg,A_7OgCTLT7J9AAAAAAAAAAAAAAAQAAAQ.jpg,1,2,2
A_2PhBQZl-wekAAAAAAAAAAAAAAQAAAQ.jpg,A_rGSuTZXVuRUGn2pDh9p9vgAAAQAAAQ.jpg,1,2,2
A_7OgCTLT7J9AAAAAAAAAAAAAAAQAAAQ.jpg,A_rGSuTZXVuRUGn2pDh9p9vgAAAQAAAQ.jpg,1,2,2
A_FSCJRYy3dFwAAAAAAAAAAAAAAQAAAQ.jpg,A_wlP4RZZzpEgAAAAAAAAAAAAAAQAAAQ.jpg,1,3,3
A_FSCJRYy3dFwAAAAAAAAAAAAAAQAAAQ.jpg,A_jXO8TqgUNaEAAAAAAAAAAAAAAQAAAQ.jpg,1,3,3
A_FSCJRYy3dFwAAAAAAAAAAAAAAQAAAQ.jpg,A_gOJ8T7kQaDgAAAAAAAAAAAAAAQAAAQ.jpg,1,3,3
A_FSCJRYy3dFwAAAAAAAAAAAAAAQAAAQ.jpg,A_hsJDSo4xcbkAAAAAAAAAAAAAAQAAAQ.jpg,1,3,3
A_wlP4RZZzpEgAAAAAAAAAAAAAAQAAAQ.jpg,A_jXO8TqgUNaEAAAAAAAAAAAAAAQAAAQ.jpg,1,3,3
A_wlP4RZZzpEgAAAAAAAAAAAAAAQAAAQ.jpg,A_gOJ8T7kQaDgAAAAAAAAAAAAAAQAAAQ.jpg,1,3,3
A_wlP4RZZzpEgAAAAAAAAAAAAAAQAAAQ.jpg,A_hsJDSo4xcbkAAAAAAAAAAAAAAQAAAQ.jpg,1,3,3
A_jXO8TqgUNaEAAAAAAAAAAAAAAQAAAQ.jpg,A_gOJ8T7kQaDgAAAAAAAAAAAAAAQAAAQ.jpg,1,3,3
A_jXO8TqgUNaEAAAAAAAAAAAAAAQAAAQ.jpg,A_hsJDSo4xcbkAAAAAAAAAAAAAAQAAAQ.jpg,1,3,3
A_gOJ8T7kQaDgAAAAAAAAAAAAAAQAAAQ.jpg,A_hsJDSo4xcbkAAAAAAAAAAAAAAQAAAQ.jpg,1,3,3
FqkFbyh3S-iRdiuoyQkTsQAAACMAARAD.jpg,O4evSscSQOaRanT5DclZ5wAAACMAARAD.jpg,1,4,4
FqkFbyh3S-iRdiuoyQkTsQAAACMAARAD.jpg,cOr4Q-vIToudfDTJK_hYsQAAACMAARAD.jpg,1,4,4
FqkFbyh3S-iRdiuoyQkTsQAAACMAARAD.jpg,Fv9FYvAkQc6AGTP11upBrwAAACMAARAD.jpg,1,4,4
FqkFbyh3S-iRdiuoyQkTsQAAACMAARAD.jpg,A_PXxiSIQQDWkAAAAAAAAAAAAAAQAAAQ.jpg,1,4,4
O4evSscSQOaRanT5DclZ5wAAACMAARAD.jpg,cOr4Q-vIToudfDTJK_hYsQAAACMAARAD.jpg,1,4,4
O4evSscSQOaRanT5DclZ5wAAACMAARAD.jpg,Fv9FYvAkQc6AGTP11upBrwAAACMAARAD.jpg,1,4,4
O4evSscSQOaRanT5DclZ5wAAACMAARAD.jpg,A_PXxiSIQQDWkAAAAAAAAAAAAAAQAAAQ.jpg,1,4,4
cOr4Q-vIToudfDTJK_hYsQAAACMAARAD.jpg,Fv9FYvAkQc6AGTP11upBrwAAACMAARAD.jpg,1,4,4
cOr4Q-vIToudfDTJK_hYsQAAACMAARAD.jpg,A_PXxiSIQQDWkAAAAAAAAAAAAAAQAAAQ.jpg,1,4,4
Fv9FYvAkQc6AGTP11upBrwAAACMAARAD.jpg,A_PXxiSIQQDWkAAAAAAAAAAAAAAQAAAQ.jpg,1,4,4
A_8HNgToSMI-0AAAAAAAAAAAAAAQAAAQ.jpg,A_Aw59RY7js60AAAAAAAAAAAAAAQAAAQ.jpg,1,5,5
A_8HNgToSMI-0AAAAAAAAAAAAAAQAAAQ.jpg,A_tTIcQp5givIAAAAAAAAAAAAAAQAAAQ.jpg,1,5,5
A_8HNgToSMI-0AAAAAAAAAAAAAAQAAAQ.jpg,A_pGBkRrTqPD0AAAAAAAAAAAAAAQAAAQ.jpg,1,5,5
A_8HNgToSMI-0AAAAAAAAAAAAAAQAAAQ.jpg,A_MjewSKBgq9EAAAAAAAAAAAAAAQAAAQ.jpg,1,5,5
A_Aw59RY7js60AAAAAAAAAAAAAAQAAAQ.jpg,A_tTIcQp5givIAAAAAAAAAAAAAAQAAAQ.jpg,1,5,5
A_Aw59RY7js60AAAAAAAAAAAAAAQAAAQ.jpg,A_pGBkRrTqPD0AAAAAAAAAAAAAAQAAAQ.jpg,1,5,5
A_Aw59RY7js60AAAAAAAAAAAAAAQAAAQ.jpg,A_MjewSKBgq9EAAAAAAAAAAAAAAQAAAQ.jpg,1,5,5
A_tTIcQp5givIAAAAAAAAAAAAAAQAAAQ.jpg,A_pGBkRrTqPD0AAAAAAAAAAAAAAQAAAQ.jpg,1,5,5
A_tTIcQp5givIAAAAAAAAAAAAAAQAAAQ.jpg,A_MjewSKBgq9EAAAAAAAAAAAAAAQAAAQ.jpg,1,5,5
A_pGBkRrTqPD0AAAAAAAAAAAAAAQAAAQ.jpg,A_MjewSKBgq9EAAAAAAAAAAAAAAQAAAQ.jpg,1,5,5
NHtoXmJsQbC2oYEEvNh-agAAACMAARAD.jpg,7B--srC_TKKKH1ccdVhHJQAAACMAARAD.jpg,1,6,6
NHtoXmJsQbC2oYEEvNh-agAAACMAARAD.jpg,eQT1_8OmRpKNZ41LUV90mQAAACMAARAD.jpg,1,6,6
NHtoXmJsQbC2oYEEvNh-agAAACMAARAD.jpg,2iEC5ZrsSa2JpfKnTQbADQAAACMAARAD.jpg,1,6,6
NHtoXmJsQbC2oYEEvNh-agAAACMAARAD.jpg,dRX2p0mwRrumfcxLhB9tHAAAACMAARAD.jpg,1,6,6
7B--srC_TKKKH1ccdVhHJQAAACMAARAD.jpg,eQT1_8OmRpKNZ41LUV90mQAAACMAARAD.jpg,1,6,6
7B--srC_TKKKH1ccdVhHJQAAACMAARAD.jpg,2iEC5ZrsSa2JpfKnTQbADQAAACMAARAD.jpg,1,6,6
7B--srC_TKKKH1ccdVhHJQAAACMAARAD.jpg,dRX2p0mwRrumfcxLhB9tHAAAACMAARAD.jpg,1,6,6
eQT1_8OmRpKNZ41LUV90mQAAACMAARAD.jpg,2iEC5ZrsSa2JpfKnTQbADQAAACMAARAD.jpg,1,6,6
eQT1_8OmRpKNZ41LUV90mQAAACMAARAD.jpg,dRX2p0mwRrumfcxLhB9tHAAAACMAARAD.jpg,1,6,6
2iEC5ZrsSa2JpfKnTQbADQAAACMAARAD.jpg,dRX2p0mwRrumfcxLhB9tHAAAACMAARAD.jpg,1,6,6
A_hwdWQq75_mQAAAAAAAAAAAAAAQAAAQ.jpg,A_KKQgQ7mQpz4AAAAAAAAAAAAAAQAAAQ.jpg,1,7,7
A_hwdWQq75_mQAAAAAAAAAAAAAAQAAAQ.jpg,A_PLpYQbchnYsAAAAAAAAAAAAAAQAAAQ.jpg,1,7,7
A_hwdWQq75_mQAAAAAAAAAAAAAAQAAAQ.jpg,A_kqGGQIlQbEIAAAAAAAAAAAAAAQAAAQ.jpg,1,7,7
A_hwdWQq75_mQAAAAAAAAAAAAAAQAAAQ.jpg,A_6xTOT6mkZzUAAAAAAAAAAAAAAQAAAQ.jpg,1,7,7
A_KKQgQ7mQpz4AAAAAAAAAAAAAAQAAAQ.jpg,A_PLpYQbchnYsAAAAAAAAAAAAAAQAAAQ.jpg,1,7,7
A_KKQgQ7mQpz4AAAAAAAAAAAAAAQAAAQ.jpg,A_kqGGQIlQbEIAAAAAAAAAAAAAAQAAAQ.jpg,1,7,7
A_KKQgQ7mQpz4AAAAAAAAAAAAAAQAAAQ.jpg,A_6xTOT6mkZzUAAAAAAAAAAAAAAQAAAQ.jpg,1,7,7
A_PLpYQbchnYsAAAAAAAAAAAAAAQAAAQ.jpg,A_kqGGQIlQbEIAAAAAAAAAAAAAAQAAAQ.jpg,1,7,7
A_PLpYQbchnYsAAAAAAAAAAAAAAQAAAQ.jpg,A_6xTOT6mkZzUAAAAAAAAAAAAAAQAAAQ.jpg,1,7,7
A_kqGGQIlQbEIAAAAAAAAAAAAAAQAAAQ.jpg,A_6xTOT6mkZzUAAAAAAAAAAAAAAQAAAQ.jpg,1,7,7
A_gleuQrcJ404AAAAAAAAAAAAAAQAAAQ.jpg,A_ojwmQZn-s4QAAAAAAAAAAAAAAQAAAQ.jpg,1,8,8
A_gleuQrcJ404AAAAAAAAAAAAAAQAAAQ.jpg,A_VSHyQ5E3b6kAAAAAAAAAAAAAAQAAAQ.jpg,1,8,8
A_gleuQrcJ404AAAAAAAAAAAAAAQAAAQ.jpg,A_wNo8Squ-ZpAAAAAAAAAAAAAAAQAAAQ.jpg,1,8,8
A_gleuQrcJ404AAAAAAAAAAAAAAQAAAQ.jpg,A_kPvdTbagJ9MAAAAAAAAAAAAAAQAAAQ.jpg,1,8,8
A_ojwmQZn-s4QAAAAAAAAAAAAAAQAAAQ.jpg,A_VSHyQ5E3b6kAAAAAAAAAAAAAAQAAAQ.jpg,1,8,8
A_ojwmQZn-s4QAAAAAAAAAAAAAAQAAAQ.jpg,A_wNo8Squ-ZpAAAAAAAAAAAAAAAQAAAQ.jpg,1,8,8
A_ojwmQZn-s4QAAAAAAAAAAAAAAQAAAQ.jpg,A_kPvdTbagJ9MAAAAAAAAAAAAAAQAAAQ.jpg,1,8,8
A_VSHyQ5E3b6kAAAAAAAAAAAAAAQAAAQ.jpg,A_wNo8Squ-ZpAAAAAAAAAAAAAAAQAAAQ.jpg,1,8,8
A_VSHyQ5E3b6kAAAAAAAAAAAAAAQAAAQ.jpg,A_kPvdTbagJ9MAAAAAAAAAAAAAAQAAAQ.jpg,1,8,8
A_wNo8Squ-ZpAAAAAAAAAAAAAAAQAAAQ.jpg,A_kPvdTbagJ9MAAAAAAAAAAAAAAQAAAQ.jpg,1,8,8
A_3hHGTIRrcnwAAAAAAAAAAAAAAQAAAQ.jpg,A_ErnBQ6DQzEoAAAAAAAAAAAAAAQAAAQ.jpg,1,9,9
A_3hHGTIRrcnwAAAAAAAAAAAAAAQAAAQ.jpg,A_3BuiQbibhO8AAAAAAAAAAAAAAQAAAQ.jpg,1,9,9
A_3hHGTIRrcnwAAAAAAAAAAAAAAQAAAQ.jpg,A_rsioTJ5AOrcAAAAAAAAAAAAAAQAAAQ.jpg,1,9,9
A_3hHGTIRrcnwAAAAAAAAAAAAAAQAAAQ.jpg,A_PKUBTpVo1sQAAAAAAAAAAAAAAQAAAQ.jpg,1,9,9
A_ErnBQ6DQzEoAAAAAAAAAAAAAAQAAAQ.jpg,A_3BuiQbibhO8AAAAAAAAAAAAAAQAAAQ.jpg,1,9,9
A_ErnBQ6DQzEoAAAAAAAAAAAAAAQAAAQ.jpg,A_rsioTJ5AOrcAAAAAAAAAAAAAAQAAAQ.jpg,1,9,9
A_ErnBQ6DQzEoAAAAAAAAAAAAAAQAAAQ.jpg,A_PKUBTpVo1sQAAAAAAAAAAAAAAQAAAQ.jpg,1,9,9
A_3BuiQbibhO8AAAAAAAAAAAAAAQAAAQ.jpg,A_rsioTJ5AOrcAAAAAAAAAAAAAAQAAAQ.jpg,1,9,9
A_3BuiQbibhO8AAAAAAAAAAAAAAQAAAQ.jpg,A_PKUBTpVo1sQAAAAAAAAAAAAAAQAAAQ.jpg,1,9,9
A_rsioTJ5AOrcAAAAAAAAAAAAAAQAAAQ.jpg,A_PKUBTpVo1sQAAAAAAAAAAAAAAQAAAQ.jpg,1,9,9
A_846cT62QLOEAAAAAAAAAAAAAAQAAAQ.jpg,A_3muFRpfosX0AAAAAAAAAAAAAAQAAAQ.jpg,1,10,10
A_846cT62QLOEAAAAAAAAAAAAAAQAAAQ.jpg,A_OtoGQIQE13QAAAAAAAAAAAAAAQAAAQ.jpg,1,10,10
A_846cT62QLOEAAAAAAAAAAAAAAQAAAQ.jpg,A_qQf9R5n-NaZuA4BJgsZMVwAAAQAAAQ.jpg,1,10,10
A_846cT62QLOEAAAAAAAAAAAAAAQAAAQ.jpg,A_qQf9R5n-NaYAAAAAAAAAAAAAAQAAAQ.jpg,1,10,10
A_3muFRpfosX0AAAAAAAAAAAAAAQAAAQ.jpg,A_OtoGQIQE13QAAAAAAAAAAAAAAQAAAQ.jpg,1,10,10
A_3muFRpfosX0AAAAAAAAAAAAAAQAAAQ.jpg,A_qQf9R5n-NaZuA4BJgsZMVwAAAQAAAQ.jpg,1,10,10
A_3muFRpfosX0AAAAAAAAAAAAAAQAAAQ.jpg,A_qQf9R5n-NaYAAAAAAAAAAAAAAQAAAQ.jpg,1,10,10
A_OtoGQIQE13QAAAAAAAAAAAAAAQAAAQ.jpg,A_qQf9R5n-NaZuA4BJgsZMVwAAAQAAAQ.jpg,1,10,10
A_OtoGQIQE13QAAAAAAAAAAAAAAQAAAQ.jpg,A_qQf9R5n-NaYAAAAAAAAAAAAAAQAAAQ.jpg,1,10,10
A_qQf9R5n-NaZuA4BJgsZMVwAAAQAAAQ.jpg,A_qQf9R5n-NaYAAAAAAAAAAAAAAQAAAQ.jpg,1,10,10
A_vzFyQL-m9f0AAAAAAAAAAAAAAQAAAQ.jpg,A_p05OT6oYxSoAAAAAAAAAAAAAAQAAAQ.jpg,1,11,11
A_vzFyQL-m9f0AAAAAAAAAAAAAAQAAAQ.jpg,A_h8ycS56cyH0AAAAAAAAAAAAAAQAAAQ.jpg,1,11,11
A_vzFyQL-m9f0AAAAAAAAAAAAAAQAAAQ.jpg,A_bPvCSq08KBsAAAAAAAAAAAAAAQAAAQ.jpg,1,11,11
A_vzFyQL-m9f0AAAAAAAAAAAAAAQAAAQ.jpg,A_qo9KQ6YZpa0AAAAAAAAAAAAAAQAAAQ.jpg,1,11,11
A_p05OT6oYxSoAAAAAAAAAAAAAAQAAAQ.jpg,A_h8ycS56cyH0AAAAAAAAAAAAAAQAAAQ.jpg,1,11,11
A_p05OT6oYxSoAAAAAAAAAAAAAAQAAAQ.jpg,A_bPvCSq08KBsAAAAAAAAAAAAAAQAAAQ.jpg,1,11,11
A_p05OT6oYxSoAAAAAAAAAAAAAAQAAAQ.jpg,A_qo9KQ6YZpa0AAAAAAAAAAAAAAQAAAQ.jpg,1,11,11
A_h8ycS56cyH0AAAAAAAAAAAAAAQAAAQ.jpg,A_bPvCSq08KBsAAAAAAAAAAAAAAQAAAQ.jpg,1,11,11
A_h8ycS56cyH0AAAAAAAAAAAAAAQAAAQ.jpg,A_qo9KQ6YZpa0AAAAAAAAAAAAAAQAAAQ.jpg,1,11,11
A_bPvCSq08KBsAAAAAAAAAAAAAAQAAAQ.jpg,A_qo9KQ6YZpa0AAAAAAAAAAAAAAQAAAQ.jpg,1,11,11
A_m8smT6igYF8AAAAAAAAAAAAAAQAAAQ.jpg,A_8wJfSLcHUG4AAAAAAAAAAAAAAQAAAQ.jpg,1,12,12
A_m8smT6igYF8AAAAAAAAAAAAAAQAAAQ.jpg,A_4OAEQbtm3HIAAAAAAAAAAAAAAQAAAQ.jpg,1,12,12
A_m8smT6igYF8AAAAAAAAAAAAAAQAAAQ.jpg,A_q7aRSpBENVQAAAAAAAAAAAAAAQAAAQ.jpg,1,12,12
A_m8smT6igYF8AAAAAAAAAAAAAAQAAAQ.jpg,A_ymJiRJSSrC0AAAAAAAAAAAAAAQAAAQ.jpg,1,12,12
A_8wJfSLcHUG4AAAAAAAAAAAAAAQAAAQ.jpg,A_4OAEQbtm3HIAAAAAAAAAAAAAAQAAAQ.jpg,1,12,12
A_8wJfSLcHUG4AAAAAAAAAAAAAAQAAAQ.jpg,A_q7aRSpBENVQAAAAAAAAAAAAAAQAAAQ.jpg,1,12,12
A_8wJfSLcHUG4AAAAAAAAAAAAAAQAAAQ.jpg,A_ymJiRJSSrC0AAAAAAAAAAAAAAQAAAQ.jpg,1,12,12
A_4OAEQbtm3HIAAAAAAAAAAAAAAQAAAQ.jpg,A_q7aRSpBENVQAAAAAAAAAAAAAAQAAAQ.jpg,1,12,12
A_4OAEQbtm3HIAAAAAAAAAAAAAAQAAAQ.jpg,A_ymJiRJSSrC0AAAAAAAAAAAAAAQAAAQ.jpg,1,12,12
A_q7aRSpBENVQAAAAAAAAAAAAAAQAAAQ.jpg,A_ymJiRJSSrC0AAAAAAAAAAAAAAQAAAQ.jpg,1,12,12
A__YxFR6NzEjQAAAAAAAAAAAAAAQAAAQ.jpg,A__YxFR6NzEjQecYhCqT3cqQAAAQAAAQ.jpg,1,13,13
A__YxFR6NzEjQAAAAAAAAAAAAAAQAAAQ.jpg,A_akXfRKCJyToAAAAAAAAAAAAAAQAAAQ.jpg,1,13,13
A__YxFR6NzEjQAAAAAAAAAAAAAAQAAAQ.jpg,A_pOfiQ7jDy15GaENDjjN7nQAAAQAAAQ.jpg,1,13,13
A__YxFR6NzEjQAAAAAAAAAAAAAAQAAAQ.jpg,A_pOfiQ7jDy14AAAAAAAAAAAAAAQAAAQ.jpg,1,13,13
A__YxFR6NzEjQecYhCqT3cqQAAAQAAAQ.jpg,A_akXfRKCJyToAAAAAAAAAAAAAAQAAAQ.jpg,1,13,13
A__YxFR6NzEjQecYhCqT3cqQAAAQAAAQ.jpg,A_pOfiQ7jDy15GaENDjjN7nQAAAQAAAQ.jpg,1,13,13
A__YxFR6NzEjQecYhCqT3cqQAAAQAAAQ.jpg,A_pOfiQ7jDy14AAAAAAAAAAAAAAQAAAQ.jpg,1,13,13
A_akXfRKCJyToAAAAAAAAAAAAAAQAAAQ.jpg,A_pOfiQ7jDy15GaENDjjN7nQAAAQAAAQ.jpg,1,13,13
A_akXfRKCJyToAAAAAAAAAAAAAAQAAAQ.jpg,A_pOfiQ7jDy14AAAAAAAAAAAAAAQAAAQ.jpg,1,13,13
A_pOfiQ7jDy15GaENDjjN7nQAAAQAAAQ.jpg,A_pOfiQ7jDy14AAAAAAAAAAAAAAQAAAQ.jpg,1,13,13
A_JiP8RIdhMFgAAAAAAAAAAAAAAQAAAQ.jpg,A_ap0DRppYXI0AAAAAAAAAAAAAAQAAAQ.jpg,1,14,14
A_JiP8RIdhMFgAAAAAAAAAAAAAAQAAAQ.jpg,A_Vu_PRqVmM8AAAAAAAAAAAAAAAQAAAQ.jpg,1,14,14
A_JiP8RIdhMFgAAAAAAAAAAAAAAQAAAQ.jpg,A__z-iTZs2YvEAAAAAAAAAAAAAAQAAAQ.jpg,1,14,14
A_JiP8RIdhMFgAAAAAAAAAAAAAAQAAAQ.jpg,A_bmExSKHslRkAAAAAAAAAAAAAAQAAAQ.jpg,1,14,14
A_ap0DRppYXI0AAAAAAAAAAAAAAQAAAQ.jpg,A_Vu_PRqVmM8AAAAAAAAAAAAAAAQAAAQ.jpg,1,14,14
A_ap0DRppYXI0AAAAAAAAAAAAAAQAAAQ.jpg,A__z-iTZs2YvEAAAAAAAAAAAAAAQAAAQ.jpg,1,14,14
A_ap0DRppYXI0AAAAAAAAAAAAAAQAAAQ.jpg,A_bmExSKHslRkAAAAAAAAAAAAAAQAAAQ.jpg,1,14,14
A_Vu_PRqVmM8AAAAAAAAAAAAAAAQAAAQ.jpg,A__z-iTZs2YvEAAAAAAAAAAAAAAQAAAQ.jpg,1,14,14
A_Vu_PRqVmM8AAAAAAAAAAAAAAAQAAAQ.jpg,A_bmExSKHslRkAAAAAAAAAAAAAAQAAAQ.jpg,1,14,14
A__z-iTZs2YvEAAAAAAAAAAAAAAQAAAQ.jpg,A_bmExSKHslRkAAAAAAAAAAAAAAQAAAQ.jpg,1,14,14
A_WgcxSLmAZ9YAAAAAAAAAAAAAAQAAAQ.jpg,A_lWreSpZxhyAAAAAAAAAAAAAAAQAAAQ.jpg,1,15,15
A_WgcxSLmAZ9YAAAAAAAAAAAAAAQAAAQ.jpg,A_SXGPT6VlGv0AAAAAAAAAAAAAAQAAAQ.jpg,1,15,15
A_WgcxSLmAZ9YAAAAAAAAAAAAAAQAAAQ.jpg,A_HmXwR5kRF3UAAAAAAAAAAAAAAQAAAQ.jpg,1,15,15
A_WgcxSLmAZ9YAAAAAAAAAAAAAAQAAAQ.jpg,A_Ba6QQqFUsP4AAAAAAAAAAAAAAQAAAQ.jpg,1,15,15
A_lWreSpZxhyAAAAAAAAAAAAAAAQAAAQ.jpg,A_SXGPT6VlGv0AAAAAAAAAAAAAAQAAAQ.jpg,1,15,15
A_lWreSpZxhyAAAAAAAAAAAAAAAQAAAQ.jpg,A_HmXwR5kRF3UAAAAAAAAAAAAAAQAAAQ.jpg,1,15,15
A_lWreSpZxhyAAAAAAAAAAAAAAAQAAAQ.jpg,A_Ba6QQqFUsP4AAAAAAAAAAAAAAQAAAQ.jpg,1,15,15
A_SXGPT6VlGv0AAAAAAAAAAAAAAQAAAQ.jpg,A_HmXwR5kRF3UAAAAAAAAAAAAAAQAAAQ.jpg,1,15,15
A_SXGPT6VlGv0AAAAAAAAAAAAAAQAAAQ.jpg,A_Ba6QQqFUsP4AAAAAAAAAAAAAAQAAAQ.jpg,1,15,15
A_HmXwR5kRF3UAAAAAAAAAAAAAAQAAAQ.jpg,A_Ba6QQqFUsP4AAAAAAAAAAAAAAQAAAQ.jpg,1,15,15
A_2n3hQr-JmJQAAAAAAAAAAAAAAQAAAQ.jpg,A_mbl7SbkDKR4AAAAAAAAAAAAAAQAAAQ.jpg,1,16,16
A_2n3hQr-JmJQAAAAAAAAAAAAAAQAAAQ.jpg,A_cFBbQb-i068AAAAAAAAAAAAAAQAAAQ.jpg,1,16,16
A_2n3hQr-JmJQAAAAAAAAAAAAAAQAAAQ.jpg,A_-iUaTI4TKcgAAAAAAAAAAAAAAQAAAQ.jpg,1,16,16
A_2n3hQr-JmJQAAAAAAAAAAAAAAQAAAQ.jpg,A_EZU5Q47i9PQAAAAAAAAAAAAAAQAAAQ.jpg,1,16,16
A_mbl7SbkDKR4AAAAAAAAAAAAAAQAAAQ.jpg,A_cFBbQb-i068AAAAAAAAAAAAAAQAAAQ.jpg,1,16,16
A_mbl7SbkDKR4AAAAAAAAAAAAAAQAAAQ.jpg,A_-iUaTI4TKcgAAAAAAAAAAAAAAQAAAQ.jpg,1,16,16
A_mbl7SbkDKR4AAAAAAAAAAAAAAQAAAQ.jpg,A_EZU5Q47i9PQAAAAAAAAAAAAAAQAAAQ.jpg,1,16,16
A_cFBbQb-i068AAAAAAAAAAAAAAQAAAQ.jpg,A_-iUaTI4TKcgAAAAAAAAAAAAAAQAAAQ.jpg,1,16,16
A_cFBbQb-i068AAAAAAAAAAAAAAQAAAQ.jpg,A_EZU5Q47i9PQAAAAAAAAAAAAAAQAAAQ.jpg,1,16,16
A_-iUaTI4TKcgAAAAAAAAAAAAAAQAAAQ.jpg,A_EZU5Q47i9PQAAAAAAAAAAAAAAQAAAQ.jpg,1,16,16
A_dLjnR7Wqd6IAAAAAAAAAAAAAAQAAAQ.jpg,A_Rh_cT7z_w7wAAAAAAAAAAAAAAQAAAQ.jpg,1,17,17
A_dLjnR7Wqd6IAAAAAAAAAAAAAAQAAAQ.jpg,A_LUkoSJrXkSUAAAAAAAAAAAAAAQAAAQ.jpg,1,17,17
A_dLjnR7Wqd6IAAAAAAAAAAAAAAQAAAQ.jpg,A_jJAcQ7WPCaYAAAAAAAAAAAAAAQAAAQ.jpg,1,17,17
A_dLjnR7Wqd6IAAAAAAAAAAAAAAQAAAQ.jpg,A_Va1UTrmeizMAAAAAAAAAAAAAAQAAAQ.jpg,1,17,17
A_Rh_cT7z_w7wAAAAAAAAAAAAAAQAAAQ.jpg,A_LUkoSJrXkSUAAAAAAAAAAAAAAQAAAQ.jpg,1,17,17
A_Rh_cT7z_w7wAAAAAAAAAAAAAAQAAAQ.jpg,A_jJAcQ7WPCaYAAAAAAAAAAAAAAQAAAQ.jpg,1,17,17
A_Rh_cT7z_w7wAAAAAAAAAAAAAAQAAAQ.jpg,A_Va1UTrmeizMAAAAAAAAAAAAAAQAAAQ.jpg,1,17,17
A_LUkoSJrXkSUAAAAAAAAAAAAAAQAAAQ.jpg,A_jJAcQ7WPCaYAAAAAAAAAAAAAAQAAAQ.jpg,1,17,17
A_LUkoSJrXkSUAAAAAAAAAAAAAAQAAAQ.jpg,A_Va1UTrmeizMAAAAAAAAAAAAAAQAAAQ.jpg,1,17,17
A_jJAcQ7WPCaYAAAAAAAAAAAAAAQAAAQ.jpg,A_Va1UTrmeizMAAAAAAAAAAAAAAQAAAQ.jpg,1,17,17
A_d1iSRoW_qgQAAAAAAAAAAAAAAQAAAQ.jpg,A_KQxIT7wL_kgAAAAAAAAAAAAAAQAAAQ.jpg,1,18,18
A_d1iSRoW_qgQAAAAAAAAAAAAAAQAAAQ.jpg,A_fR9dQ5HrbU4AAAAAAAAAAAAAAQAAAQ.jpg,1,18,18
A_d1iSRoW_qgQAAAAAAAAAAAAAAQAAAQ.jpg,A_KNPtSqaKcSkAAAAAAAAAAAAAAQAAAQ.jpg,1,18,18
A_d1iSRoW_qgQAAAAAAAAAAAAAAQAAAQ.jpg,A_rSzhRpb8U-sAAAAAAAAAAAAAAQAAAQ.jpg,1,18,18
A_KQxIT7wL_kgAAAAAAAAAAAAAAQAAAQ.jpg,A_fR9dQ5HrbU4AAAAAAAAAAAAAAQAAAQ.jpg,1,18,18
A_KQxIT7wL_kgAAAAAAAAAAAAAAQAAAQ.jpg,A_KNPtSqaKcSkAAAAAAAAAAAAAAQAAAQ.jpg,1,18,18
A_KQxIT7wL_kgAAAAAAAAAAAAAAQAAAQ.jpg,A_rSzhRpb8U-sAAAAAAAAAAAAAAQAAAQ.jpg,1,18,18
A_fR9dQ5HrbU4AAAAAAAAAAAAAAQAAAQ.jpg,A_KNPtSqaKcSkAAAAAAAAAAAAAAQAAAQ.jpg,1,18,18
A_fR9dQ5HrbU4AAAAAAAAAAAAAAQAAAQ.jpg,A_rSzhRpb8U-sAAAAAAAAAAAAAAQAAAQ.jpg,1,18,18
A_KNPtSqaKcSkAAAAAAAAAAAAAAQAAAQ.jpg,A_rSzhRpb8U-sAAAAAAAAAAAAAAQAAAQ.jpg,1,18,18
A_PYU8Qr4rH5YAAAAAAAAAAAAAAQAAAQ.jpg,A_v-mDS7qZe7oAAAAAAAAAAAAAAQAAAQ.jpg,1,19,19
A_PYU8Qr4rH5YAAAAAAAAAAAAAAQAAAQ.jpg,A_wgQ0TJWkZmUAAAAAAAAAAAAAAQAAAQ.jpg,1,19,19
A_PYU8Qr4rH5YAAAAAAAAAAAAAAQAAAQ.jpg,A_Tt6HTJdxA1kAAAAAAAAAAAAAAQAAAQ.jpg,1,19,19
A_PYU8Qr4rH5YAAAAAAAAAAAAAAQAAAQ.jpg,A_YlkgQbNnNSoAAAAAAAAAAAAAAQAAAQ.jpg,1,19,19
A_v-mDS7qZe7oAAAAAAAAAAAAAAQAAAQ.jpg,A_wgQ0TJWkZmUAAAAAAAAAAAAAAQAAAQ.jpg,1,19,19
A_v-mDS7qZe7oAAAAAAAAAAAAAAQAAAQ.jpg,A_Tt6HTJdxA1kAAAAAAAAAAAAAAQAAAQ.jpg,1,19,19
A_v-mDS7qZe7oAAAAAAAAAAAAAAQAAAQ.jpg,A_YlkgQbNnNSoAAAAAAAAAAAAAAQAAAQ.jpg,1,19,19
A_wgQ0TJWkZmUAAAAAAAAAAAAAAQAAAQ.jpg,A_Tt6HTJdxA1kAAAAAAAAAAAAAAQAAAQ.jpg,1,19,19
A_wgQ0TJWkZmUAAAAAAAAAAAAAAQAAAQ.jpg,A_YlkgQbNnNSoAAAAAAAAAAAAAAQAAAQ.jpg,1,19,19
A_Tt6HTJdxA1kAAAAAAAAAAAAAAQAAAQ.jpg,A_YlkgQbNnNSoAAAAAAAAAAAAAAQAAAQ.jpg,1,19,19
z7SRCrsfQqCFkfL-WxvKkAAAACMAARAD.jpg,WmmQfVkFSa6ES7uWWRqn-gAAACMAARAD.jpg,1,20,20
z7SRCrsfQqCFkfL-WxvKkAAAACMAARAD.jpg,WpudhUmPQtCbPSRoq9BnHgAAACMAARAD.jpg,1,20,20
z7SRCrsfQqCFkfL-WxvKkAAAACMAARAD.jpg,8Qwjp3LcQ3iDOb7i9kMsegAAACMAARAD.jpg,1,20,20
z7SRCrsfQqCFkfL-WxvKkAAAACMAARAD.jpg,ejYUJjUrTHmLuE2JKdcsRgAAACMAARAD.jpg,1,20,20
WmmQfVkFSa6ES7uWWRqn-gAAACMAARAD.jpg,WpudhUmPQtCbPSRoq9BnHgAAACMAARAD.jpg,1,20,20
WmmQfVkFSa6ES7uWWRqn-gAAACMAARAD.jpg,8Qwjp3LcQ3iDOb7i9kMsegAAACMAARAD.jpg,1,20,20
WmmQfVkFSa6ES7uWWRqn-gAAACMAARAD.jpg,ejYUJjUrTHmLuE2JKdcsRgAAACMAARAD.jpg,1,20,20
WpudhUmPQtCbPSRoq9BnHgAAACMAARAD.jpg,8Qwjp3LcQ3iDOb7i9kMsegAAACMAARAD.jpg,1,20,20
WpudhUmPQtCbPSRoq9BnHgAAACMAARAD.jpg,ejYUJjUrTHmLuE2JKdcsRgAAACMAARAD.jpg,1,20,20
8Qwjp3LcQ3iDOb7i9kMsegAAACMAARAD.jpg,ejYUJjUrTHmLuE2JKdcsRgAAACMAARAD.jpg,1,20,20
A_qK0OTL76_bMAAAAAAAAAAAAAAQAAAQ.jpg,A_20a-RY7U9B0AAAAAAAAAAAAAAQAAAQ.jpg,1,21,21
A_qK0OTL76_bMAAAAAAAAAAAAAAQAAAQ.jpg,A_GKxxTacH56QAAAAAAAAAAAAAAQAAAQ.jpg,1,21,21
A_qK0OTL76_bMAAAAAAAAAAAAAAQAAAQ.jpg,A_FxEiTbFDhBMAAAAAAAAAAAAAAQAAAQ.jpg,1,21,21
A_qK0OTL76_bMAAAAAAAAAAAAAAQAAAQ.jpg,A_fDM3T7_Er0wAAAAAAAAAAAAAAQAAAQ.jpg,1,21,21
A_20a-RY7U9B0AAAAAAAAAAAAAAQAAAQ.jpg,A_GKxxTacH56QAAAAAAAAAAAAAAQAAAQ.jpg,1,21,21
A_20a-RY7U9B0AAAAAAAAAAAAAAQAAAQ.jpg,A_FxEiTbFDhBMAAAAAAAAAAAAAAQAAAQ.jpg,1,21,21
A_20a-RY7U9B0AAAAAAAAAAAAAAQAAAQ.jpg,A_fDM3T7_Er0wAAAAAAAAAAAAAAQAAAQ.jpg,1,21,21
A_GKxxTacH56QAAAAAAAAAAAAAAQAAAQ.jpg,A_FxEiTbFDhBMAAAAAAAAAAAAAAQAAAQ.jpg,1,21,21
A_GKxxTacH56QAAAAAAAAAAAAAAQAAAQ.jpg,A_fDM3T7_Er0wAAAAAAAAAAAAAAQAAAQ.jpg,1,21,21
A_FxEiTbFDhBMAAAAAAAAAAAAAAQAAAQ.jpg,A_fDM3T7_Er0wAAAAAAAAAAAAAAQAAAQ.jpg,1,21,21
O1CN01fjcDg01yHK0TN1bE3_!!0-mtopupload.jpg,O1CN01FwhDIF1wj8peOpsqy_!!0-mtopupload.jpg,1,22,22
O1CN01fjcDg01yHK0TN1bE3_!!0-mtopupload.jpg,O1CN018y9zNy1b2RyzTX0bZ_!!0-mtopupload.jpg,1,22,22
O1CN01fjcDg01yHK0TN1bE3_!!0-mtopupload.jpg,O1CN017Zqu3U1WkLrs8drP0_!!0-mtopupload.jpg,1,22,22
O1CN01fjcDg01yHK0TN1bE3_!!0-mtopupload.jpg,O1CN01i3vtpY1iOA4ELUKNq_!!0-mtopupload.jpg,1,22,22
O1CN01fjcDg01yHK0TN1bE3_!!0-mtopupload.jpg,O1CN01ukFKMv1kRwZQAdP64_!!0-mtopupload.jpg,1,22,22
O1CN01FwhDIF1wj8peOpsqy_!!0-mtopupload.jpg,O1CN018y9zNy1b2RyzTX0bZ_!!0-mtopupload.jpg,1,22,22
O1CN01FwhDIF1wj8peOpsqy_!!0-mtopupload.jpg,O1CN017Zqu3U1WkLrs8drP0_!!0-mtopupload.jpg,1,22,22
O1CN01FwhDIF1wj8peOpsqy_!!0-mtopupload.jpg,O1CN01i3vtpY1iOA4ELUKNq_!!0-mtopupload.jpg,1,22,22
O1CN01FwhDIF1wj8peOpsqy_!!0-mtopupload.jpg,O1CN01ukFKMv1kRwZQAdP64_!!0-mtopupload.jpg,1,22,22
O1CN018y9zNy1b2RyzTX0bZ_!!0-mtopupload.jpg,O1CN017Zqu3U1WkLrs8drP0_!!0-mtopupload.jpg,1,22,22
O1CN018y9zNy1b2RyzTX0bZ_!!0-mtopupload.jpg,O1CN01i3vtpY1iOA4ELUKNq_!!0-mtopupload.jpg,1,22,22
O1CN018y9zNy1b2RyzTX0bZ_!!0-mtopupload.jpg,O1CN01ukFKMv1kRwZQAdP64_!!0-mtopupload.jpg,1,22,22
O1CN017Zqu3U1WkLrs8drP0_!!0-mtopupload.jpg,O1CN01i3vtpY1iOA4ELUKNq_!!0-mtopupload.jpg,1,22,22
O1CN017Zqu3U1WkLrs8drP0_!!0-mtopupload.jpg,O1CN01ukFKMv1kRwZQAdP64_!!0-mtopupload.jpg,1,22,22
O1CN01i3vtpY1iOA4ELUKNq_!!0-mtopupload.jpg,O1CN01ukFKMv1kRwZQAdP64_!!0-mtopupload.jpg,1,22,22
A_z0kCQr_tfJQAAAAAAAAAAAAAAQAAAQ.jpg,A_-sFNQYiDmkoAAAAAAAAAAAAAAQAAAQ.jpg,1,23,23
A_z0kCQr_tfJQAAAAAAAAAAAAAAQAAAQ.jpg,A_uMyGRoe6OD4AAAAAAAAAAAAAAQAAAQ.jpg,1,23,23
A_z0kCQr_tfJQAAAAAAAAAAAAAAQAAAQ.jpg,A_DC12To5UBZwAAAAAAAAAAAAAAQAAAQ.jpg,1,23,23
A_z0kCQr_tfJQAAAAAAAAAAAAAAQAAAQ.jpg,A_wmmCTbdk_3cAAAAAAAAAAAAAAQAAAQ.jpg,1,23,23
A_z0kCQr_tfJQAAAAAAAAAAAAAAQAAAQ.jpg,A_vxNlQoSOcesAAAAAAAAAAAAAAQAAAQ.jpg,1,23,23
A_-sFNQYiDmkoAAAAAAAAAAAAAAQAAAQ.jpg,A_uMyGRoe6OD4AAAAAAAAAAAAAAQAAAQ.jpg,1,23,23
A_-sFNQYiDmkoAAAAAAAAAAAAAAQAAAQ.jpg,A_DC12To5UBZwAAAAAAAAAAAAAAQAAAQ.jpg,1,23,23
A_-sFNQYiDmkoAAAAAAAAAAAAAAQAAAQ.jpg,A_wmmCTbdk_3cAAAAAAAAAAAAAAQAAAQ.jpg,1,23,23
A_-sFNQYiDmkoAAAAAAAAAAAAAAQAAAQ.jpg,A_vxNlQoSOcesAAAAAAAAAAAAAAQAAAQ.jpg,1,23,23
A_uMyGRoe6OD4AAAAAAAAAAAAAAQAAAQ.jpg,A_DC12To5UBZwAAAAAAAAAAAAAAQAAAQ.jpg,1,23,23
A_uMyGRoe6OD4AAAAAAAAAAAAAAQAAAQ.jpg,A_wmmCTbdk_3cAAAAAAAAAAAAAAQAAAQ.jpg,1,23,23
A_uMyGRoe6OD4AAAAAAAAAAAAAAQAAAQ.jpg,A_vxNlQoSOcesAAAAAAAAAAAAAAQAAAQ.jpg,1,23,23
A_DC12To5UBZwAAAAAAAAAAAAAAQAAAQ.jpg,A_wmmCTbdk_3cAAAAAAAAAAAAAAQAAAQ.jpg,1,23,23
A_DC12To5UBZwAAAAAAAAAAAAAAQAAAQ.jpg,A_vxNlQoSOcesAAAAAAAAAAAAAAQAAAQ.jpg,1,23,23
A_wmmCTbdk_3cAAAAAAAAAAAAAAQAAAQ.jpg,A_vxNlQoSOcesAAAAAAAAAAAAAAQAAAQ.jpg,1,23,23
A_z9eNSqTAEzAAAAAAAAAAAAAAAQAAAQ.jpg,A_a9EBQ5lnoo0AAAAAAAAAAAAAAQAAAQ.jpg,1,24,24
A_z9eNSqTAEzAAAAAAAAAAAAAAAQAAAQ.jpg,A_2DA2SZLf5vEAAAAAAAAAAAAAAQAAAQ.jpg,1,24,24
A_z9eNSqTAEzAAAAAAAAAAAAAAAQAAAQ.jpg,A_UIM0T5DUSJMAAAAAAAAAAAAAAQAAAQ.jpg,1,24,24
A_z9eNSqTAEzAAAAAAAAAAAAAAAQAAAQ.jpg,A_7HodQI2rtSUAAAAAAAAAAAAAAQAAAQ.jpg,1,24,24
A_z9eNSqTAEzAAAAAAAAAAAAAAAQAAAQ.jpg,A_K0ldRalVubcAAAAAAAAAAAAAAQAAAQ.jpg,1,24,24
A_a9EBQ5lnoo0AAAAAAAAAAAAAAQAAAQ.jpg,A_2DA2SZLf5vEAAAAAAAAAAAAAAQAAAQ.jpg,1,24,24
A_a9EBQ5lnoo0AAAAAAAAAAAAAAQAAAQ.jpg,A_UIM0T5DUSJMAAAAAAAAAAAAAAQAAAQ.jpg,1,24,24
A_a9EBQ5lnoo0AAAAAAAAAAAAAAQAAAQ.jpg,A_7HodQI2rtSUAAAAAAAAAAAAAAQAAAQ.jpg,1,24,24
A_a9EBQ5lnoo0AAAAAAAAAAAAAAQAAAQ.jpg,A_K0ldRalVubcAAAAAAAAAAAAAAQAAAQ.jpg,1,24,24
A_2DA2SZLf5vEAAAAAAAAAAAAAAQAAAQ.jpg,A_UIM0T5DUSJMAAAAAAAAAAAAAAQAAAQ.jpg,1,24,24
A_2DA2SZLf5vEAAAAAAAAAAAAAAQAAAQ.jpg,A_7HodQI2rtSUAAAAAAAAAAAAAAQAAAQ.jpg,1,24,24
A_2DA2SZLf5vEAAAAAAAAAAAAAAQAAAQ.jpg,A_K0ldRalVubcAAAAAAAAAAAAAAQAAAQ.jpg,1,24,24
A_UIM0T5DUSJMAAAAAAAAAAAAAAQAAAQ.jpg,A_7HodQI2rtSUAAAAAAAAAAAAAAQAAAQ.jpg,1,24,24
A_UIM0T5DUSJMAAAAAAAAAAAAAAQAAAQ.jpg,A_K0ldRalVubcAAAAAAAAAAAAAAQAAAQ.jpg,1,24,24
A_7HodQI2rtSUAAAAAAAAAAAAAAQAAAQ.jpg,A_K0ldRalVubcAAAAAAAAAAAAAAQAAAQ.jpg,1,24,24
A_Kon7SakBEH4AAAAAAAAAAAAAAQAAAQ.jpg,A_g9o_RrSonkcAAAAAAAAAAAAAAQAAAQ.jpg,1,25,25
A_Kon7SakBEH4AAAAAAAAAAAAAAQAAAQ.jpg,A_Kz9WTLtYMqQAAAAAAAAAAAAAAQAAAQ.jpg,1,25,25
A_Kon7SakBEH4AAAAAAAAAAAAAAQAAAQ.jpg,A_rqlSTbb2yeIAAAAAAAAAAAAAAQAAAQ.jpg,1,25,25
A_Kon7SakBEH4AAAAAAAAAAAAAAQAAAQ.jpg,A_m8sWQpOHV-EAAAAAAAAAAAAAAQAAAQ.jpg,1,25,25
A_Kon7SakBEH4AAAAAAAAAAAAAAQAAAQ.jpg,A_M6rDSaJqguwAAAAAAAAAAAAAAQAAAQ.jpg,1,25,25
A_g9o_RrSonkcAAAAAAAAAAAAAAQAAAQ.jpg,A_Kz9WTLtYMqQAAAAAAAAAAAAAAQAAAQ.jpg,1,25,25
A_g9o_RrSonkcAAAAAAAAAAAAAAQAAAQ.jpg,A_rqlSTbb2yeIAAAAAAAAAAAAAAQAAAQ.jpg,1,25,25
A_g9o_RrSonkcAAAAAAAAAAAAAAQAAAQ.jpg,A_m8sWQpOHV-EAAAAAAAAAAAAAAQAAAQ.jpg,1,25,25
A_g9o_RrSonkcAAAAAAAAAAAAAAQAAAQ.jpg,A_M6rDSaJqguwAAAAAAAAAAAAAAQAAAQ.jpg,1,25,25
A_Kz9WTLtYMqQAAAAAAAAAAAAAAQAAAQ.jpg,A_rqlSTbb2yeIAAAAAAAAAAAAAAQAAAQ.jpg,1,25,25
A_Kz9WTLtYMqQAAAAAAAAAAAAAAQAAAQ.jpg,A_m8sWQpOHV-EAAAAAAAAAAAAAAQAAAQ.jpg,1,25,25
A_Kz9WTLtYMqQAAAAAAAAAAAAAAQAAAQ.jpg,A_M6rDSaJqguwAAAAAAAAAAAAAAQAAAQ.jpg,1,25,25
A_rqlSTbb2yeIAAAAAAAAAAAAAAQAAAQ.jpg,A_m8sWQpOHV-EAAAAAAAAAAAAAAQAAAQ.jpg,1,25,25
A_rqlSTbb2yeIAAAAAAAAAAAAAAQAAAQ.jpg,A_M6rDSaJqguwAAAAAAAAAAAAAAQAAAQ.jpg,1,25,25
A_m8sWQpOHV-EAAAAAAAAAAAAAAQAAAQ.jpg,A_M6rDSaJqguwAAAAAAAAAAAAAAQAAAQ.jpg,1,25,25
A_qpwOTZvgL9EAAAAAAAAAAAAAAQAAAQ.jpg,A_0fKgSYxegzcAAAAAAAAAAAAAAQAAAQ.jpg,1,26,26
A_qpwOTZvgL9EAAAAAAAAAAAAAAQAAAQ.jpg,A_qlKSQJ59vsgAAAAAAAAAAAAAAQAAAQ.jpg,1,26,26
A_qpwOTZvgL9EAAAAAAAAAAAAAAQAAAQ.jpg,A_m-aWTY3Ot-AAAAAAAAAAAAAAAQAAAQ.jpg,1,26,26
A_qpwOTZvgL9EAAAAAAAAAAAAAAQAAAQ.jpg,A_YzaKT4AwIvIAAAAAAAAAAAAAAQAAAQ.jpg,1,26,26
A_qpwOTZvgL9EAAAAAAAAAAAAAAQAAAQ.jpg,A_D9w_QbDG9s4AAAAAAAAAAAAAAQAAAQ.jpg,1,26,26
A_0fKgSYxegzcAAAAAAAAAAAAAAQAAAQ.jpg,A_qlKSQJ59vsgAAAAAAAAAAAAAAQAAAQ.jpg,1,26,26
A_0fKgSYxegzcAAAAAAAAAAAAAAQAAAQ.jpg,A_m-aWTY3Ot-AAAAAAAAAAAAAAAQAAAQ.jpg,1,26,26
A_0fKgSYxegzcAAAAAAAAAAAAAAQAAAQ.jpg,A_YzaKT4AwIvIAAAAAAAAAAAAAAQAAAQ.jpg,1,26,26
A_0fKgSYxegzcAAAAAAAAAAAAAAQAAAQ.jpg,A_D9w_QbDG9s4AAAAAAAAAAAAAAQAAAQ.jpg,1,26,26
A_qlKSQJ59vsgAAAAAAAAAAAAAAQAAAQ.jpg,A_m-aWTY3Ot-AAAAAAAAAAAAAAAQAAAQ.jpg,1,26,26
A_qlKSQJ59vsgAAAAAAAAAAAAAAQAAAQ.jpg,A_YzaKT4AwIvIAAAAAAAAAAAAAAQAAAQ.jpg,1,26,26
A_qlKSQJ59vsgAAAAAAAAAAAAAAQAAAQ.jpg,A_D9w_QbDG9s4AAAAAAAAAAAAAAQAAAQ.jpg,1,26,26
A_m-aWTY3Ot-AAAAAAAAAAAAAAAQAAAQ.jpg,A_YzaKT4AwIvIAAAAAAAAAAAAAAQAAAQ.jpg,1,26,26
A_m-aWTY3Ot-AAAAAAAAAAAAAAAQAAAQ.jpg,A_D9w_QbDG9s4AAAAAAAAAAAAAAQAAAQ.jpg,1,26,26
A_YzaKT4AwIvIAAAAAAAAAAAAAAQAAAQ.jpg,A_D9w_QbDG9s4AAAAAAAAAAAAAAQAAAQ.jpg,1,26,26
vGAKq-TMTNeV5LTAlBj5ggAAACMAARAD.jpg,ydJW6409RSKvBzpK1xzS0QAAACMAARAD.jpg,1,27,27
vGAKq-TMTNeV5LTAlBj5ggAAACMAARAD.jpg,fcg3fFELSXuinicx0-hYRQAAACMAARAD.jpg,1,27,27
vGAKq-TMTNeV5LTAlBj5ggAAACMAARAD.jpg,FjU3DCiVRJi-p0oNR-tAGgAAACMAARAD.jpg,1,27,27
vGAKq-TMTNeV5LTAlBj5ggAAACMAARAD.jpg,5H_5JzzcTemv0Pp6LV4d1AAAACMAARAD.jpg,1,27,27
vGAKq-TMTNeV5LTAlBj5ggAAACMAARAD.jpg,xwiaT4SHTLGOVAZCtHq9yQAAACMAARAD.jpg,1,27,27
ydJW6409RSKvBzpK1xzS0QAAACMAARAD.jpg,fcg3fFELSXuinicx0-hYRQAAACMAARAD.jpg,1,27,27
ydJW6409RSKvBzpK1xzS0QAAACMAARAD.jpg,FjU3DCiVRJi-p0oNR-tAGgAAACMAARAD.jpg,1,27,27
ydJW6409RSKvBzpK1xzS0QAAACMAARAD.jpg,5H_5JzzcTemv0Pp6LV4d1AAAACMAARAD.jpg,1,27,27
ydJW6409RSKvBzpK1xzS0QAAACMAARAD.jpg,xwiaT4SHTLGOVAZCtHq9yQAAACMAARAD.jpg,1,27,27
fcg3fFELSXuinicx0-hYRQAAACMAARAD.jpg,FjU3DCiVRJi-p0oNR-tAGgAAACMAARAD.jpg,1,27,27
fcg3fFELSXuinicx0-hYRQAAACMAARAD.jpg,5H_5JzzcTemv0Pp6LV4d1AAAACMAARAD.jpg,1,27,27
fcg3fFELSXuinicx0-hYRQAAACMAARAD.jpg,xwiaT4SHTLGOVAZCtHq9yQAAACMAARAD.jpg,1,27,27
FjU3DCiVRJi-p0oNR-tAGgAAACMAARAD.jpg,5H_5JzzcTemv0Pp6LV4d1AAAACMAARAD.jpg,1,27,27
FjU3DCiVRJi-p0oNR-tAGgAAACMAARAD.jpg,xwiaT4SHTLGOVAZCtHq9yQAAACMAARAD.jpg,1,27,27
5H_5JzzcTemv0Pp6LV4d1AAAACMAARAD.jpg,xwiaT4SHTLGOVAZCtHq9yQAAACMAARAD.jpg,1,27,27
A_T2lFRJy5a2gAAAAAAAAAAAAAAQAAAQ.jpg,A_naL1RJ86jCoAAAAAAAAAAAAAAQAAAQ.jpg,1,28,28
A_T2lFRJy5a2gAAAAAAAAAAAAAAQAAAQ.jpg,A_hs3nRoC1zt8AAAAAAAAAAAAAAQAAAQ.jpg,1,28,28
A_T2lFRJy5a2gAAAAAAAAAAAAAAQAAAQ.jpg,A_OeVtR5t3G6UAAAAAAAAAAAAAAQAAAQ.jpg,1,28,28
A_T2lFRJy5a2gAAAAAAAAAAAAAAQAAAQ.jpg,A_S8r-QoOdnNoAAAAAAAAAAAAAAQAAAQ.jpg,1,28,28
A_T2lFRJy5a2gAAAAAAAAAAAAAAQAAAQ.jpg,A_gPk9T4n_WewAAAAAAAAAAAAAAQAAAQ.jpg,1,28,28
A_naL1RJ86jCoAAAAAAAAAAAAAAQAAAQ.jpg,A_hs3nRoC1zt8AAAAAAAAAAAAAAQAAAQ.jpg,1,28,28
A_naL1RJ86jCoAAAAAAAAAAAAAAQAAAQ.jpg,A_OeVtR5t3G6UAAAAAAAAAAAAAAQAAAQ.jpg,1,28,28
A_naL1RJ86jCoAAAAAAAAAAAAAAQAAAQ.jpg,A_S8r-QoOdnNoAAAAAAAAAAAAAAQAAAQ.jpg,1,28,28
A_naL1RJ86jCoAAAAAAAAAAAAAAQAAAQ.jpg,A_gPk9T4n_WewAAAAAAAAAAAAAAQAAAQ.jpg,1,28,28
A_hs3nRoC1zt8AAAAAAAAAAAAAAQAAAQ.jpg,A_OeVtR5t3G6UAAAAAAAAAAAAAAQAAAQ.jpg,1,28,28
A_hs3nRoC1zt8AAAAAAAAAAAAAAQAAAQ.jpg,A_S8r-QoOdnNoAAAAAAAAAAAAAAQAAAQ.jpg,1,28,28
A_hs3nRoC1zt8AAAAAAAAAAAAAAQAAAQ.jpg,A_gPk9T4n_WewAAAAAAAAAAAAAAQAAAQ.jpg,1,28,28
A_OeVtR5t3G6UAAAAAAAAAAAAAAQAAAQ.jpg,A_S8r-QoOdnNoAAAAAAAAAAAAAAQAAAQ.jpg,1,28,28
A_OeVtR5t3G6UAAAAAAAAAAAAAAQAAAQ.jpg,A_gPk9T4n_WewAAAAAAAAAAAAAAQAAAQ.jpg,1,28,28
A_S8r-QoOdnNoAAAAAAAAAAAAAAQAAAQ.jpg,A_gPk9T4n_WewAAAAAAAAAAAAAAQAAAQ.jpg,1,28,28
A_sw55T7tdUW8AAAAAAAAAAAAAAQAAAQ.jpg,A_A3vxSa7MGD4AAAAAAAAAAAAAAQAAAQ.jpg,1,29,29
A_sw55T7tdUW8AAAAAAAAAAAAAAQAAAQ.jpg,A_Hp9BSaTeieAAAAAAAAAAAAAAAQAAAQ.jpg,1,29,29
A_sw55T7tdUW8AAAAAAAAAAAAAAQAAAQ.jpg,A_Um2XSIT6uxYAAAAAAAAAAAAAAQAAAQ.jpg,1,29,29
A_sw55T7tdUW8AAAAAAAAAAAAAAQAAAQ.jpg,A_44TlTKCIdBoAAAAAAAAAAAAAAQAAAQ.jpg,1,29,29
A_sw55T7tdUW8AAAAAAAAAAAAAAQAAAQ.jpg,A__FI5Q5Jfi3EAAAAAAAAAAAAAAQAAAQ.jpg,1,29,29
A_A3vxSa7MGD4AAAAAAAAAAAAAAQAAAQ.jpg,A_Hp9BSaTeieAAAAAAAAAAAAAAAQAAAQ.jpg,1,29,29
A_A3vxSa7MGD4AAAAAAAAAAAAAAQAAAQ.jpg,A_Um2XSIT6uxYAAAAAAAAAAAAAAQAAAQ.jpg,1,29,29
A_A3vxSa7MGD4AAAAAAAAAAAAAAQAAAQ.jpg,A_44TlTKCIdBoAAAAAAAAAAAAAAQAAAQ.jpg,1,29,29
A_A3vxSa7MGD4AAAAAAAAAAAAAAQAAAQ.jpg,A__FI5Q5Jfi3EAAAAAAAAAAAAAAQAAAQ.jpg,1,29,29
A_Hp9BSaTeieAAAAAAAAAAAAAAAQAAAQ.jpg,A_Um2XSIT6uxYAAAAAAAAAAAAAAQAAAQ.jpg,1,29,29
A_Hp9BSaTeieAAAAAAAAAAAAAAAQAAAQ.jpg,A_44TlTKCIdBoAAAAAAAAAAAAAAQAAAQ.jpg,1,29,29
A_Hp9BSaTeieAAAAAAAAAAAAAAAQAAAQ.jpg,A__FI5Q5Jfi3EAAAAAAAAAAAAAAQAAAQ.jpg,1,29,29
A_Um2XSIT6uxYAAAAAAAAAAAAAAQAAAQ.jpg,A_44TlTKCIdBoAAAAAAAAAAAAAAQAAAQ.jpg,1,29,29
A_Um2XSIT6uxYAAAAAAAAAAAAAAQAAAQ.jpg,A__FI5Q5Jfi3EAAAAAAAAAAAAAAQAAAQ.jpg,1,29,29
A_44TlTKCIdBoAAAAAAAAAAAAAAQAAAQ.jpg,A__FI5Q5Jfi3EAAAAAAAAAAAAAAQAAAQ.jpg,1,29,29
A_juPfTZQWNPEAAAAAAAAAAAAAAQAAAQ.jpg,A_GIwlTbJGP0EAAAAAAAAAAAAAAQAAAQ.jpg,1,30,30
A_juPfTZQWNPEAAAAAAAAAAAAAAQAAAQ.jpg,A_pWwkQowUWlcAAAAAAAAAAAAAAQAAAQ.jpg,1,30,30
A_juPfTZQWNPEAAAAAAAAAAAAAAQAAAQ.jpg,A_JWHxRYpbCRgAAAAAAAAAAAAAAQAAAQ.jpg,1,30,30
A_juPfTZQWNPEAAAAAAAAAAAAAAQAAAQ.jpg,A_87ZNTKwrTcYAAAAAAAAAAAAAAQAAAQ.jpg,1,30,30
A_juPfTZQWNPEAAAAAAAAAAAAAAQAAAQ.jpg,A_1328TKphdQgAAAAAAAAAAAAAAQAAAQ.jpg,1,30,30
A_GIwlTbJGP0EAAAAAAAAAAAAAAQAAAQ.jpg,A_pWwkQowUWlcAAAAAAAAAAAAAAQAAAQ.jpg,1,30,30
A_GIwlTbJGP0EAAAAAAAAAAAAAAQAAAQ.jpg,A_JWHxRYpbCRgAAAAAAAAAAAAAAQAAAQ.jpg,1,30,30
A_GIwlTbJGP0EAAAAAAAAAAAAAAQAAAQ.jpg,A_87ZNTKwrTcYAAAAAAAAAAAAAAQAAAQ.jpg,1,30,30
A_GIwlTbJGP0EAAAAAAAAAAAAAAQAAAQ.jpg,A_1328TKphdQgAAAAAAAAAAAAAAQAAAQ.jpg,1,30,30
A_pWwkQowUWlcAAAAAAAAAAAAAAQAAAQ.jpg,A_JWHxRYpbCRgAAAAAAAAAAAAAAQAAAQ.jpg,1,30,30
A_pWwkQowUWlcAAAAAAAAAAAAAAQAAAQ.jpg,A_87ZNTKwrTcYAAAAAAAAAAAAAAQAAAQ.jpg,1,30,30
A_pWwkQowUWlcAAAAAAAAAAAAAAQAAAQ.jpg,A_1328TKphdQgAAAAAAAAAAAAAAQAAAQ.jpg,1,30,30
A_JWHxRYpbCRgAAAAAAAAAAAAAAQAAAQ.jpg,A_87ZNTKwrTcYAAAAAAAAAAAAAAQAAAQ.jpg,1,30,30
A_JWHxRYpbCRgAAAAAAAAAAAAAAQAAAQ.jpg,A_1328TKphdQgAAAAAAAAAAAAAAQAAAQ.jpg,1,30,30
A_87ZNTKwrTcYAAAAAAAAAAAAAAQAAAQ.jpg,A_1328TKphdQgAAAAAAAAAAAAAAQAAAQ.jpg,1,30,30
A_YOLjSLCb05sAAAAAAAAAAAAAAQAAAQ.jpg,A_l-VLRK4I89oAAAAAAAAAAAAAAQAAAQ.jpg,1,31,31
A_YOLjSLCb05sAAAAAAAAAAAAAAQAAAQ.jpg,A_UtCkTIobIZgAAAAAAAAAAAAAAQAAAQ.jpg,1,31,31
A_YOLjSLCb05sAAAAAAAAAAAAAAQAAAQ.jpg,A_XgEbSbazAp8AAAAAAAAAAAAAAQAAAQ.jpg,1,31,31
A_YOLjSLCb05sAAAAAAAAAAAAAAQAAAQ.jpg,A_HTNURIoNl30AAAAAAAAAAAAAAQAAAQ.jpg,1,31,31
A_YOLjSLCb05sAAAAAAAAAAAAAAQAAAQ.jpg,A_7WinQJg-1OcAAAAAAAAAAAAAAQAAAQ.jpg,1,31,31
A_l-VLRK4I89oAAAAAAAAAAAAAAQAAAQ.jpg,A_UtCkTIobIZgAAAAAAAAAAAAAAQAAAQ.jpg,1,31,31
A_l-VLRK4I89oAAAAAAAAAAAAAAQAAAQ.jpg,A_XgEbSbazAp8AAAAAAAAAAAAAAQAAAQ.jpg,1,31,31
A_l-VLRK4I89oAAAAAAAAAAAAAAQAAAQ.jpg,A_HTNURIoNl30AAAAAAAAAAAAAAQAAAQ.jpg,1,31,31
A_l-VLRK4I89oAAAAAAAAAAAAAAQAAAQ.jpg,A_7WinQJg-1OcAAAAAAAAAAAAAAQAAAQ.jpg,1,31,31
A_UtCkTIobIZgAAAAAAAAAAAAAAQAAAQ.jpg,A_XgEbSbazAp8AAAAAAAAAAAAAAQAAAQ.jpg,1,31,31
A_UtCkTIobIZgAAAAAAAAAAAAAAQAAAQ.jpg,A_HTNURIoNl30AAAAAAAAAAAAAAQAAAQ.jpg,1,31,31
A_UtCkTIobIZgAAAAAAAAAAAAAAQAAAQ.jpg,A_7WinQJg-1OcAAAAAAAAAAAAAAQAAAQ.jpg,1,31,31
A_XgEbSbazAp8AAAAAAAAAAAAAAQAAAQ.jpg,A_HTNURIoNl30AAAAAAAAAAAAAAQAAAQ.jpg,1,31,31
A_XgEbSbazAp8AAAAAAAAAAAAAAQAAAQ.jpg,A_7WinQJg-1OcAAAAAAAAAAAAAAQAAAQ.jpg,1,31,31
A_HTNURIoNl30AAAAAAAAAAAAAAQAAAQ.jpg,A_7WinQJg-1OcAAAAAAAAAAAAAAQAAAQ.jpg,1,31,31
A_kQDWQJm3qKQAAAAAAAAAAAAAAQAAAQ.jpg,A_kJ_2RJ5mMIMAAAAAAAAAAAAAAQAAAQ.jpg,1,32,32
A_kQDWQJm3qKQAAAAAAAAAAAAAAQAAAQ.jpg,A_OkeCQptuOYkAAAAAAAAAAAAAAQAAAQ.jpg,1,32,32
A_kQDWQJm3qKQAAAAAAAAAAAAAAQAAAQ.jpg,A_9rUXTan94pAAAAAAAAAAAAAAAQAAAQ.jpg,1,32,32
A_kQDWQJm3qKQAAAAAAAAAAAAAAQAAAQ.jpg,A_djD3Q5SP9N0AAAAAAAAAAAAAAQAAAQ.jpg,1,32,32
A_kQDWQJm3qKQAAAAAAAAAAAAAAQAAAQ.jpg,A_aU59RJLl9L4AAAAAAAAAAAAAAQAAAQ.jpg,1,32,32
A_kJ_2RJ5mMIMAAAAAAAAAAAAAAQAAAQ.jpg,A_OkeCQptuOYkAAAAAAAAAAAAAAQAAAQ.jpg,1,32,32
A_kJ_2RJ5mMIMAAAAAAAAAAAAAAQAAAQ.jpg,A_9rUXTan94pAAAAAAAAAAAAAAAQAAAQ.jpg,1,32,32
A_kJ_2RJ5mMIMAAAAAAAAAAAAAAQAAAQ.jpg,A_djD3Q5SP9N0AAAAAAAAAAAAAAQAAAQ.jpg,1,32,32
A_kJ_2RJ5mMIMAAAAAAAAAAAAAAQAAAQ.jpg,A_aU59RJLl9L4AAAAAAAAAAAAAAQAAAQ.jpg,1,32,32
A_OkeCQptuOYkAAAAAAAAAAAAAAQAAAQ.jpg,A_9rUXTan94pAAAAAAAAAAAAAAAQAAAQ.jpg,1,32,32
A_OkeCQptuOYkAAAAAAAAAAAAAAQAAAQ.jpg,A_djD3Q5SP9N0AAAAAAAAAAAAAAQAAAQ.jpg,1,32,32
A_OkeCQptuOYkAAAAAAAAAAAAAAQAAAQ.jpg,A_aU59RJLl9L4AAAAAAAAAAAAAAQAAAQ.jpg,1,32,32
A_9rUXTan94pAAAAAAAAAAAAAAAQAAAQ.jpg,A_djD3Q5SP9N0AAAAAAAAAAAAAAQAAAQ.jpg,1,32,32
A_9rUXTan94pAAAAAAAAAAAAAAAQAAAQ.jpg,A_aU59RJLl9L4AAAAAAAAAAAAAAQAAAQ.jpg,1,32,32
A_djD3Q5SP9N0AAAAAAAAAAAAAAQAAAQ.jpg,A_aU59RJLl9L4AAAAAAAAAAAAAAQAAAQ.jpg,1,32,32
A_A17DRrV-btsAAAAAAAAAAAAAAQAAAQ.jpg,A_2f4ZRqel34oAAAAAAAAAAAAAAQAAAQ.jpg,1,33,33
A_A17DRrV-btsAAAAAAAAAAAAAAQAAAQ.jpg,A_KtrxQJE_sIMAAAAAAAAAAAAAAQAAAQ.jpg,1,33,33
A_A17DRrV-btsAAAAAAAAAAAAAAQAAAQ.jpg,A_OXKzSYUtbyoAAAAAAAAAAAAAAQAAAQ.jpg,1,33,33
A_A17DRrV-btsAAAAAAAAAAAAAAQAAAQ.jpg,A_d-HpRbQdU1YAAAAAAAAAAAAAAQAAAQ.jpg,1,33,33
A_A17DRrV-btsAAAAAAAAAAAAAAQAAAQ.jpg,A_T0RwQ6RpE-AAAAAAAAAAAAAAAQAAAQ.jpg,1,33,33
A_2f4ZRqel34oAAAAAAAAAAAAAAQAAAQ.jpg,A_KtrxQJE_sIMAAAAAAAAAAAAAAQAAAQ.jpg,1,33,33
A_2f4ZRqel34oAAAAAAAAAAAAAAQAAAQ.jpg,A_OXKzSYUtbyoAAAAAAAAAAAAAAQAAAQ.jpg,1,33,33
A_2f4ZRqel34oAAAAAAAAAAAAAAQAAAQ.jpg,A_d-HpRbQdU1YAAAAAAAAAAAAAAQAAAQ.jpg,1,33,33
A_2f4ZRqel34oAAAAAAAAAAAAAAQAAAQ.jpg,A_T0RwQ6RpE-AAAAAAAAAAAAAAAQAAAQ.jpg,1,33,33
A_KtrxQJE_sIMAAAAAAAAAAAAAAQAAAQ.jpg,A_OXKzSYUtbyoAAAAAAAAAAAAAAQAAAQ.jpg,1,33,33
A_KtrxQJE_sIMAAAAAAAAAAAAAAQAAAQ.jpg,A_d-HpRbQdU1YAAAAAAAAAAAAAAQAAAQ.jpg,1,33,33
A_KtrxQJE_sIMAAAAAAAAAAAAAAQAAAQ.jpg,A_T0RwQ6RpE-AAAAAAAAAAAAAAAQAAAQ.jpg,1,33,33
A_OXKzSYUtbyoAAAAAAAAAAAAAAQAAAQ.jpg,A_d-HpRbQdU1YAAAAAAAAAAAAAAQAAAQ.jpg,1,33,33
A_OXKzSYUtbyoAAAAAAAAAAAAAAQAAAQ.jpg,A_T0RwQ6RpE-AAAAAAAAAAAAAAAQAAAQ.jpg,1,33,33
A_d-HpRbQdU1YAAAAAAAAAAAAAAQAAAQ.jpg,A_T0RwQ6RpE-AAAAAAAAAAAAAAAQAAAQ.jpg,1,33,33
A_l2j4RaCCgj4AAAAAAAAAAAAAAQAAAQ.jpg,A_-6tiTb6_VSoAAAAAAAAAAAAAAQAAAQ.jpg,1,34,34
A_l2j4RaCCgj4AAAAAAAAAAAAAAQAAAQ.jpg,A_ZBuhRJ_erngAAAAAAAAAAAAAAQAAAQ.jpg,1,34,34
A_l2j4RaCCgj4AAAAAAAAAAAAAAQAAAQ.jpg,A_cY_dQKTxLZIAAAAAAAAAAAAAAQAAAQ.jpg,1,34,34
A_l2j4RaCCgj4AAAAAAAAAAAAAAQAAAQ.jpg,A_DV2SR5jhC0wAAAAAAAAAAAAAAQAAAQ.jpg,1,34,34
A_l2j4RaCCgj4AAAAAAAAAAAAAAQAAAQ.jpg,A_8U4ITbf42r4AAAAAAAAAAAAAAQAAAQ.jpg,1,34,34
A_-6tiTb6_VSoAAAAAAAAAAAAAAQAAAQ.jpg,A_ZBuhRJ_erngAAAAAAAAAAAAAAQAAAQ.jpg,1,34,34
A_-6tiTb6_VSoAAAAAAAAAAAAAAQAAAQ.jpg,A_cY_dQKTxLZIAAAAAAAAAAAAAAQAAAQ.jpg,1,34,34
A_-6tiTb6_VSoAAAAAAAAAAAAAAQAAAQ.jpg,A_DV2SR5jhC0wAAAAAAAAAAAAAAQAAAQ.jpg,1,34,34
A_-6tiTb6_VSoAAAAAAAAAAAAAAQAAAQ.jpg,A_8U4ITbf42r4AAAAAAAAAAAAAAQAAAQ.jpg,1,34,34
A_ZBuhRJ_erngAAAAAAAAAAAAAAQAAAQ.jpg,A_cY_dQKTxLZIAAAAAAAAAAAAAAQAAAQ.jpg,1,34,34
A_ZBuhRJ_erngAAAAAAAAAAAAAAQAAAQ.jpg,A_DV2SR5jhC0wAAAAAAAAAAAAAAQAAAQ.jpg,1,34,34
A_ZBuhRJ_erngAAAAAAAAAAAAAAQAAAQ.jpg,A_8U4ITbf42r4AAAAAAAAAAAAAAQAAAQ.jpg,1,34,34
A_cY_dQKTxLZIAAAAAAAAAAAAAAQAAAQ.jpg,A_DV2SR5jhC0wAAAAAAAAAAAAAAQAAAQ.jpg,1,34,34
A_cY_dQKTxLZIAAAAAAAAAAAAAAQAAAQ.jpg,A_8U4ITbf42r4AAAAAAAAAAAAAAQAAAQ.jpg,1,34,34
A_DV2SR5jhC0wAAAAAAAAAAAAAAQAAAQ.jpg,A_8U4ITbf42r4AAAAAAAAAAAAAAQAAAQ.jpg,1,34,34
A_GNYnToAhNA8AAAAAAAAAAAAAAQAAAQ.jpg,A_PQ-mQpRZPwgAAAAAAAAAAAAAAQAAAQ.jpg,1,35,35
A_GNYnToAhNA8AAAAAAAAAAAAAAQAAAQ.jpg,A_gaFyQKDOiR8AAAAAAAAAAAAAAQAAAQ.jpg,1,35,35
A_GNYnToAhNA8AAAAAAAAAAAAAAQAAAQ.jpg,A_qr-cQJhu1vcAAAAAAAAAAAAAAQAAAQ.jpg,1,35,35
A_GNYnToAhNA8AAAAAAAAAAAAAAQAAAQ.jpg,A_ey1NQqwj2xkAAAAAAAAAAAAAAQAAAQ.jpg,1,35,35
A_GNYnToAhNA8AAAAAAAAAAAAAAQAAAQ.jpg,A_XV1ZT5Stg9YAAAAAAAAAAAAAAQAAAQ.jpg,1,35,35
A_PQ-mQpRZPwgAAAAAAAAAAAAAAQAAAQ.jpg,A_gaFyQKDOiR8AAAAAAAAAAAAAAQAAAQ.jpg,1,35,35
A_PQ-mQpRZPwgAAAAAAAAAAAAAAQAAAQ.jpg,A_qr-cQJhu1vcAAAAAAAAAAAAAAQAAAQ.jpg,1,35,35
A_PQ-mQpRZPwgAAAAAAAAAAAAAAQAAAQ.jpg,A_ey1NQqwj2xkAAAAAAAAAAAAAAQAAAQ.jpg,1,35,35
A_PQ-mQpRZPwgAAAAAAAAAAAAAAQAAAQ.jpg,A_XV1ZT5Stg9YAAAAAAAAAAAAAAQAAAQ.jpg,1,35,35
A_gaFyQKDOiR8AAAAAAAAAAAAAAQAAAQ.jpg,A_qr-cQJhu1vcAAAAAAAAAAAAAAQAAAQ.jpg,1,35,35
A_gaFyQKDOiR8AAAAAAAAAAAAAAQAAAQ.jpg,A_ey1NQqwj2xkAAAAAAAAAAAAAAQAAAQ.jpg,1,35,35
A_gaFyQKDOiR8AAAAAAAAAAAAAAQAAAQ.jpg,A_XV1ZT5Stg9YAAAAAAAAAAAAAAQAAAQ.jpg,1,35,35
A_qr-cQJhu1vcAAAAAAAAAAAAAAQAAAQ.jpg,A_ey1NQqwj2xkAAAAAAAAAAAAAAQAAAQ.jpg,1,35,35
A_qr-cQJhu1vcAAAAAAAAAAAAAAQAAAQ.jpg,A_XV1ZT5Stg9YAAAAAAAAAAAAAAQAAAQ.jpg,1,35,35
A_ey1NQqwj2xkAAAAAAAAAAAAAAQAAAQ.jpg,A_XV1ZT5Stg9YAAAAAAAAAAAAAAQAAAQ.jpg,1,35,35
A_KdR7So14o4sAAAAAAAAAAAAAAQAAAQ.jpg,A_6KB1R5-AhUgAAAAAAAAAAAAAAQAAAQ.jpg,1,36,36
A_KdR7So14o4sAAAAAAAAAAAAAAQAAAQ.jpg,A_S4LDTLYmuK0AAAAAAAAAAAAAAQAAAQ.jpg,1,36,36
A_KdR7So14o4sAAAAAAAAAAAAAAQAAAQ.jpg,A_DJoqQr7L5-IAAAAAAAAAAAAAAQAAAQ.jpg,1,36,36
A_KdR7So14o4sAAAAAAAAAAAAAAQAAAQ.jpg,A_0MTNRpRpwNIAAAAAAAAAAAAAAQAAAQ.jpg,1,36,36
A_KdR7So14o4sAAAAAAAAAAAAAAQAAAQ.jpg,A_Zan-RbGxxB0AAAAAAAAAAAAAAQAAAQ.jpg,1,36,36
A_6KB1R5-AhUgAAAAAAAAAAAAAAQAAAQ.jpg,A_S4LDTLYmuK0AAAAAAAAAAAAAAQAAAQ.jpg,1,36,36
A_6KB1R5-AhUgAAAAAAAAAAAAAAQAAAQ.jpg,A_DJoqQr7L5-IAAAAAAAAAAAAAAQAAAQ.jpg,1,36,36
A_6KB1R5-AhUgAAAAAAAAAAAAAAQAAAQ.jpg,A_0MTNRpRpwNIAAAAAAAAAAAAAAQAAAQ.jpg,1,36,36
A_6KB1R5-AhUgAAAAAAAAAAAAAAQAAAQ.jpg,A_Zan-RbGxxB0AAAAAAAAAAAAAAQAAAQ.jpg,1,36,36
A_S4LDTLYmuK0AAAAAAAAAAAAAAQAAAQ.jpg,A_DJoqQr7L5-IAAAAAAAAAAAAAAQAAAQ.jpg,1,36,36
A_S4LDTLYmuK0AAAAAAAAAAAAAAQAAAQ.jpg,A_0MTNRpRpwNIAAAAAAAAAAAAAAQAAAQ.jpg,1,36,36
A_S4LDTLYmuK0AAAAAAAAAAAAAAQAAAQ.jpg,A_Zan-RbGxxB0AAAAAAAAAAAAAAQAAAQ.jpg,1,36,36
A_DJoqQr7L5-IAAAAAAAAAAAAAAQAAAQ.jpg,A_0MTNRpRpwNIAAAAAAAAAAAAAAQAAAQ.jpg,1,36,36
A_DJoqQr7L5-IAAAAAAAAAAAAAAQAAAQ.jpg,A_Zan-RbGxxB0AAAAAAAAAAAAAAQAAAQ.jpg,1,36,36
A_0MTNRpRpwNIAAAAAAAAAAAAAAQAAAQ.jpg,A_Zan-RbGxxB0AAAAAAAAAAAAAAQAAAQ.jpg,1,36,36
A_D6eZR70Dw9MAAAAAAAAAAAAAAQAAAQ.jpg,A_60h2TaONPo8AAAAAAAAAAAAAAQAAAQ.jpg,1,37,37
A_D6eZR70Dw9MAAAAAAAAAAAAAAQAAAQ.jpg,A_Dl-rQYisXAQAAAAAAAAAAAAAAQAAAQ.jpg,1,37,37
A_D6eZR70Dw9MAAAAAAAAAAAAAAQAAAQ.jpg,A_nwlKT4igLyQAAAAAAAAAAAAAAQAAAQ.jpg,1,37,37
A_D6eZR70Dw9MAAAAAAAAAAAAAAQAAAQ.jpg,A_fR07TIw_Lx0AAAAAAAAAAAAAAQAAAQ.jpg,1,37,37
A_D6eZR70Dw9MAAAAAAAAAAAAAAQAAAQ.jpg,A_Urt9TpyTclsAAAAAAAAAAAAAAQAAAQ.jpg,1,37,37
A_60h2TaONPo8AAAAAAAAAAAAAAQAAAQ.jpg,A_Dl-rQYisXAQAAAAAAAAAAAAAAQAAAQ.jpg,1,37,37
A_60h2TaONPo8AAAAAAAAAAAAAAQAAAQ.jpg,A_nwlKT4igLyQAAAAAAAAAAAAAAQAAAQ.jpg,1,37,37
A_60h2TaONPo8AAAAAAAAAAAAAAQAAAQ.jpg,A_fR07TIw_Lx0AAAAAAAAAAAAAAQAAAQ.jpg,1,37,37
A_60h2TaONPo8AAAAAAAAAAAAAAQAAAQ.jpg,A_Urt9TpyTclsAAAAAAAAAAAAAAQAAAQ.jpg,1,37,37
A_Dl-rQYisXAQAAAAAAAAAAAAAAQAAAQ.jpg,A_nwlKT4igLyQAAAAAAAAAAAAAAQAAAQ.jpg,1,37,37
A_Dl-rQYisXAQAAAAAAAAAAAAAAQAAAQ.jpg,A_fR07TIw_Lx0AAAAAAAAAAAAAAQAAAQ.jpg,1,37,37
A_Dl-rQYisXAQAAAAAAAAAAAAAAQAAAQ.jpg,A_Urt9TpyTclsAAAAAAAAAAAAAAQAAAQ.jpg,1,37,37
A_nwlKT4igLyQAAAAAAAAAAAAAAQAAAQ.jpg,A_fR07TIw_Lx0AAAAAAAAAAAAAAQAAAQ.jpg,1,37,37
A_nwlKT4igLyQAAAAAAAAAAAAAAQAAAQ.jpg,A_Urt9TpyTclsAAAAAAAAAAAAAAQAAAQ.jpg,1,37,37
A_fR07TIw_Lx0AAAAAAAAAAAAAAQAAAQ.jpg,A_Urt9TpyTclsAAAAAAAAAAAAAAQAAAQ.jpg,1,37,37
A_wpTZRJrKEPsAAAAAAAAAAAAAAQAAAQ.jpg,A_96HDTpXfEp0AAAAAAAAAAAAAAQAAAQ.jpg,1,38,38
A_wpTZRJrKEPsAAAAAAAAAAAAAAQAAAQ.jpg,A_6DRKTb5hhmYAAAAAAAAAAAAAAQAAAQ.jpg,1,38,38
A_wpTZRJrKEPsAAAAAAAAAAAAAAQAAAQ.jpg,A_hmzySYUBMZIAAAAAAAAAAAAAAQAAAQ.jpg,1,38,38
A_wpTZRJrKEPsAAAAAAAAAAAAAAQAAAQ.jpg,A_Ui6VSa-i0jgAAAAAAAAAAAAAAQAAAQ.jpg,1,38,38
A_wpTZRJrKEPsAAAAAAAAAAAAAAQAAAQ.jpg,A_zSt_TZGlWdoAAAAAAAAAAAAAAQAAAQ.jpg,1,38,38
A_96HDTpXfEp0AAAAAAAAAAAAAAQAAAQ.jpg,A_6DRKTb5hhmYAAAAAAAAAAAAAAQAAAQ.jpg,1,38,38
A_96HDTpXfEp0AAAAAAAAAAAAAAQAAAQ.jpg,A_hmzySYUBMZIAAAAAAAAAAAAAAQAAAQ.jpg,1,38,38
A_96HDTpXfEp0AAAAAAAAAAAAAAQAAAQ.jpg,A_Ui6VSa-i0jgAAAAAAAAAAAAAAQAAAQ.jpg,1,38,38
A_96HDTpXfEp0AAAAAAAAAAAAAAQAAAQ.jpg,A_zSt_TZGlWdoAAAAAAAAAAAAAAQAAAQ.jpg,1,38,38
A_6DRKTb5hhmYAAAAAAAAAAAAAAQAAAQ.jpg,A_hmzySYUBMZIAAAAAAAAAAAAAAQAAAQ.jpg,1,38,38
A_6DRKTb5hhmYAAAAAAAAAAAAAAQAAAQ.jpg,A_Ui6VSa-i0jgAAAAAAAAAAAAAAQAAAQ.jpg,1,38,38
A_6DRKTb5hhmYAAAAAAAAAAAAAAQAAAQ.jpg,A_zSt_TZGlWdoAAAAAAAAAAAAAAQAAAQ.jpg,1,38,38
A_hmzySYUBMZIAAAAAAAAAAAAAAQAAAQ.jpg,A_Ui6VSa-i0jgAAAAAAAAAAAAAAQAAAQ.jpg,1,38,38
A_hmzySYUBMZIAAAAAAAAAAAAAAQAAAQ.jpg,A_zSt_TZGlWdoAAAAAAAAAAAAAAQAAAQ.jpg,1,38,38
A_Ui6VSa-i0jgAAAAAAAAAAAAAAQAAAQ.jpg,A_zSt_TZGlWdoAAAAAAAAAAAAAAQAAAQ.jpg,1,38,38
A_cHCiQbPdurUAAAAAAAAAAAAAAQAAAQ.jpg,A_wOpJTqcwk4QAAAAAAAAAAAAAAQAAAQ.jpg,1,39,39
A_cHCiQbPdurUAAAAAAAAAAAAAAQAAAQ.jpg,A_DOZRQIHcpw0AAAAAAAAAAAAAAQAAAQ.jpg,1,39,39
A_cHCiQbPdurUAAAAAAAAAAAAAAQAAAQ.jpg,A_pO8kQqJBt3EAAAAAAAAAAAAAAQAAAQ.jpg,1,39,39
A_cHCiQbPdurUAAAAAAAAAAAAAAQAAAQ.jpg,A_tFWpS7wqAh0AAAAAAAAAAAAAAQAAAQ.jpg,1,39,39
A_cHCiQbPdurUAAAAAAAAAAAAAAQAAAQ.jpg,A_d04cQ7TfTSEAAAAAAAAAAAAAAQAAAQ.jpg,1,39,39
A_wOpJTqcwk4QAAAAAAAAAAAAAAQAAAQ.jpg,A_DOZRQIHcpw0AAAAAAAAAAAAAAQAAAQ.jpg,1,39,39
A_wOpJTqcwk4QAAAAAAAAAAAAAAQAAAQ.jpg,A_pO8kQqJBt3EAAAAAAAAAAAAAAQAAAQ.jpg,1,39,39
A_wOpJTqcwk4QAAAAAAAAAAAAAAQAAAQ.jpg,A_tFWpS7wqAh0AAAAAAAAAAAAAAQAAAQ.jpg,1,39,39
A_wOpJTqcwk4QAAAAAAAAAAAAAAQAAAQ.jpg,A_d04cQ7TfTSEAAAAAAAAAAAAAAQAAAQ.jpg,1,39,39
A_DOZRQIHcpw0AAAAAAAAAAAAAAQAAAQ.jpg,A_pO8kQqJBt3EAAAAAAAAAAAAAAQAAAQ.jpg,1,39,39
A_DOZRQIHcpw0AAAAAAAAAAAAAAQAAAQ.jpg,A_tFWpS7wqAh0AAAAAAAAAAAAAAQAAAQ.jpg,1,39,39
A_DOZRQIHcpw0AAAAAAAAAAAAAAQAAAQ.jpg,A_d04cQ7TfTSEAAAAAAAAAAAAAAQAAAQ.jpg,1,39,39
A_pO8kQqJBt3EAAAAAAAAAAAAAAQAAAQ.jpg,A_tFWpS7wqAh0AAAAAAAAAAAAAAQAAAQ.jpg,1,39,39
A_pO8kQqJBt3EAAAAAAAAAAAAAAQAAAQ.jpg,A_d04cQ7TfTSEAAAAAAAAAAAAAAQAAAQ.jpg,1,39,39
A_tFWpS7wqAh0AAAAAAAAAAAAAAQAAAQ.jpg,A_d04cQ7TfTSEAAAAAAAAAAAAAAQAAAQ.jpg,1,39,39
A_l7TnSbKoau8AAAAAAAAAAAAAAQAAAQ.jpg,A_h4c5Sad3a7IAAAAAAAAAAAAAAQAAAQ.jpg,1,40,40
A_l7TnSbKoau8AAAAAAAAAAAAAAQAAAQ.jpg,A_gceJT5IcfZ4AAAAAAAAAAAAAAQAAAQ.jpg,1,40,40
A_l7TnSbKoau8AAAAAAAAAAAAAAQAAAQ.jpg,A_Hn4STI9pSQMAAAAAAAAAAAAAAQAAAQ.jpg,1,40,40
A_l7TnSbKoau8AAAAAAAAAAAAAAQAAAQ.jpg,A_vnXSQKJqb1QAAAAAAAAAAAAAAQAAAQ.jpg,1,40,40
A_l7TnSbKoau8AAAAAAAAAAAAAAQAAAQ.jpg,A_HpuYSqu1uvMAAAAAAAAAAAAAAQAAAQ.jpg,1,40,40
A_h4c5Sad3a7IAAAAAAAAAAAAAAQAAAQ.jpg,A_gceJT5IcfZ4AAAAAAAAAAAAAAQAAAQ.jpg,1,40,40
A_h4c5Sad3a7IAAAAAAAAAAAAAAQAAAQ.jpg,A_Hn4STI9pSQMAAAAAAAAAAAAAAQAAAQ.jpg,1,40,40
A_h4c5Sad3a7IAAAAAAAAAAAAAAQAAAQ.jpg,A_vnXSQKJqb1QAAAAAAAAAAAAAAQAAAQ.jpg,1,40,40
A_h4c5Sad3a7IAAAAAAAAAAAAAAQAAAQ.jpg,A_HpuYSqu1uvMAAAAAAAAAAAAAAQAAAQ.jpg,1,40,40
A_gceJT5IcfZ4AAAAAAAAAAAAAAQAAAQ.jpg,A_Hn4STI9pSQMAAAAAAAAAAAAAAQAAAQ.jpg,1,40,40
A_gceJT5IcfZ4AAAAAAAAAAAAAAQAAAQ.jpg,A_vnXSQKJqb1QAAAAAAAAAAAAAAQAAAQ.jpg,1,40,40
A_gceJT5IcfZ4AAAAAAAAAAAAAAQAAAQ.jpg,A_HpuYSqu1uvMAAAAAAAAAAAAAAQAAAQ.jpg,1,40,40
A_Hn4STI9pSQMAAAAAAAAAAAAAAQAAAQ.jpg,A_vnXSQKJqb1QAAAAAAAAAAAAAAQAAAQ.jpg,1,40,40
A_Hn4STI9pSQMAAAAAAAAAAAAAAQAAAQ.jpg,A_HpuYSqu1uvMAAAAAAAAAAAAAAQAAAQ.jpg,1,40,40
A_vnXSQKJqb1QAAAAAAAAAAAAAAQAAAQ.jpg,A_HpuYSqu1uvMAAAAAAAAAAAAAAQAAAQ.jpg,1,40,40
A_VKWZTI04Y7wAAAAAAAAAAAAAAQAAAQ.jpg,A_gh7QT5Mx8uUAAAAAAAAAAAAAAQAAAQ.jpg,1,41,41
A_VKWZTI04Y7wAAAAAAAAAAAAAAQAAAQ.jpg,A_RDX7SYBqMVwAAAAAAAAAAAAAAQAAAQ.jpg,1,41,41
A_VKWZTI04Y7wAAAAAAAAAAAAAAQAAAQ.jpg,A_ufHTQ6U54sAAAAAAAAAAAAAAAQAAAQ.jpg,1,41,41
A_VKWZTI04Y7wAAAAAAAAAAAAAAQAAAQ.jpg,A_4gPcTqwkpLYAAAAAAAAAAAAAAQAAAQ.jpg,1,41,41
A_VKWZTI04Y7wAAAAAAAAAAAAAAQAAAQ.jpg,A_eQMGQYpNRSIAAAAAAAAAAAAAAQAAAQ.jpg,1,41,41
A_gh7QT5Mx8uUAAAAAAAAAAAAAAQAAAQ.jpg,A_RDX7SYBqMVwAAAAAAAAAAAAAAQAAAQ.jpg,1,41,41
A_gh7QT5Mx8uUAAAAAAAAAAAAAAQAAAQ.jpg,A_ufHTQ6U54sAAAAAAAAAAAAAAAQAAAQ.jpg,1,41,41
A_gh7QT5Mx8uUAAAAAAAAAAAAAAQAAAQ.jpg,A_4gPcTqwkpLYAAAAAAAAAAAAAAQAAAQ.jpg,1,41,41
A_gh7QT5Mx8uUAAAAAAAAAAAAAAQAAAQ.jpg,A_eQMGQYpNRSIAAAAAAAAAAAAAAQAAAQ.jpg,1,41,41
A_RDX7SYBqMVwAAAAAAAAAAAAAAQAAAQ.jpg,A_ufHTQ6U54sAAAAAAAAAAAAAAAQAAAQ.jpg,1,41,41
A_RDX7SYBqMVwAAAAAAAAAAAAAAQAAAQ.jpg,A_4gPcTqwkpLYAAAAAAAAAAAAAAQAAAQ.jpg,1,41,41
A_RDX7SYBqMVwAAAAAAAAAAAAAAQAAAQ.jpg,A_eQMGQYpNRSIAAAAAAAAAAAAAAQAAAQ.jpg,1,41,41
A_ufHTQ6U54sAAAAAAAAAAAAAAAQAAAQ.jpg,A_4gPcTqwkpLYAAAAAAAAAAAAAAQAAAQ.jpg,1,41,41
A_ufHTQ6U54sAAAAAAAAAAAAAAAQAAAQ.jpg,A_eQMGQYpNRSIAAAAAAAAAAAAAAQAAAQ.jpg,1,41,41
A_4gPcTqwkpLYAAAAAAAAAAAAAAQAAAQ.jpg,A_eQMGQYpNRSIAAAAAAAAAAAAAAQAAAQ.jpg,1,41,41
A_jifTQ68G374AAAAAAAAAAAAAAQAAAQ.jpg,A_YQaOR4fTfKQAAAAAAAAAAAAAAQAAAQ.jpg,1,42,42
A_jifTQ68G374AAAAAAAAAAAAAAQAAAQ.jpg,A_X-X-Tq1BLFsAAAAAAAAAAAAAAQAAAQ.jpg,1,42,42
A_jifTQ68G374AAAAAAAAAAAAAAQAAAQ.jpg,A_UM9FRqczn4sAAAAAAAAAAAAAAQAAAQ.jpg,1,42,42
A_jifTQ68G374AAAAAAAAAAAAAAQAAAQ.jpg,A_FOOWRLdgH6EAAAAAAAAAAAAAAQAAAQ.jpg,1,42,42
A_jifTQ68G374AAAAAAAAAAAAAAQAAAQ.jpg,A_SE5MTp9TUMsAAAAAAAAAAAAAAQAAAQ.jpg,1,42,42
A_YQaOR4fTfKQAAAAAAAAAAAAAAQAAAQ.jpg,A_X-X-Tq1BLFsAAAAAAAAAAAAAAQAAAQ.jpg,1,42,42
A_YQaOR4fTfKQAAAAAAAAAAAAAAQAAAQ.jpg,A_UM9FRqczn4sAAAAAAAAAAAAAAQAAAQ.jpg,1,42,42
A_YQaOR4fTfKQAAAAAAAAAAAAAAQAAAQ.jpg,A_FOOWRLdgH6EAAAAAAAAAAAAAAQAAAQ.jpg,1,42,42
A_YQaOR4fTfKQAAAAAAAAAAAAAAQAAAQ.jpg,A_SE5MTp9TUMsAAAAAAAAAAAAAAQAAAQ.jpg,1,42,42
A_X-X-Tq1BLFsAAAAAAAAAAAAAAQAAAQ.jpg,A_UM9FRqczn4sAAAAAAAAAAAAAAQAAAQ.jpg,1,42,42
A_X-X-Tq1BLFsAAAAAAAAAAAAAAQAAAQ.jpg,A_FOOWRLdgH6EAAAAAAAAAAAAAAQAAAQ.jpg,1,42,42
A_X-X-Tq1BLFsAAAAAAAAAAAAAAQAAAQ.jpg,A_SE5MTp9TUMsAAAAAAAAAAAAAAQAAAQ.jpg,1,42,42
A_UM9FRqczn4sAAAAAAAAAAAAAAQAAAQ.jpg,A_FOOWRLdgH6EAAAAAAAAAAAAAAQAAAQ.jpg,1,42,42
A_UM9FRqczn4sAAAAAAAAAAAAAAQAAAQ.jpg,A_SE5MTp9TUMsAAAAAAAAAAAAAAQAAAQ.jpg,1,42,42
A_FOOWRLdgH6EAAAAAAAAAAAAAAQAAAQ.jpg,A_SE5MTp9TUMsAAAAAAAAAAAAAAQAAAQ.jpg,1,42,42
A_BA6tQ66OKSUAAAAAAAAAAAAAAQAAAQ.jpg,A_CKxEQpBINjYAAAAAAAAAAAAAAQAAAQ.jpg,1,43,43
A_BA6tQ66OKSUAAAAAAAAAAAAAAQAAAQ.jpg,A_HeLsQKQMu50AAAAAAAAAAAAAAQAAAQ.jpg,1,43,43
A_BA6tQ66OKSUAAAAAAAAAAAAAAQAAAQ.jpg,A_UGBKSZHI2xkAAAAAAAAAAAAAAQAAAQ.jpg,1,43,43
A_BA6tQ66OKSUAAAAAAAAAAAAAAQAAAQ.jpg,A_atr-Q7oa0ywAAAAAAAAAAAAAAQAAAQ.jpg,1,43,43
A_BA6tQ66OKSUAAAAAAAAAAAAAAQAAAQ.jpg,A_dej1SoczgZ0AAAAAAAAAAAAAAQAAAQ.jpg,1,43,43
A_CKxEQpBINjYAAAAAAAAAAAAAAQAAAQ.jpg,A_HeLsQKQMu50AAAAAAAAAAAAAAQAAAQ.jpg,1,43,43
A_CKxEQpBINjYAAAAAAAAAAAAAAQAAAQ.jpg,A_UGBKSZHI2xkAAAAAAAAAAAAAAQAAAQ.jpg,1,43,43
A_CKxEQpBINjYAAAAAAAAAAAAAAQAAAQ.jpg,A_atr-Q7oa0ywAAAAAAAAAAAAAAQAAAQ.jpg,1,43,43
A_CKxEQpBINjYAAAAAAAAAAAAAAQAAAQ.jpg,A_dej1SoczgZ0AAAAAAAAAAAAAAQAAAQ.jpg,1,43,43
A_HeLsQKQMu50AAAAAAAAAAAAAAQAAAQ.jpg,A_UGBKSZHI2xkAAAAAAAAAAAAAAQAAAQ.jpg,1,43,43
A_HeLsQKQMu50AAAAAAAAAAAAAAQAAAQ.jpg,A_atr-Q7oa0ywAAAAAAAAAAAAAAQAAAQ.jpg,1,43,43
A_HeLsQKQMu50AAAAAAAAAAAAAAQAAAQ.jpg,A_dej1SoczgZ0AAAAAAAAAAAAAAQAAAQ.jpg,1,43,43
A_UGBKSZHI2xkAAAAAAAAAAAAAAQAAAQ.jpg,A_atr-Q7oa0ywAAAAAAAAAAAAAAQAAAQ.jpg,1,43,43
A_UGBKSZHI2xkAAAAAAAAAAAAAAQAAAQ.jpg,A_dej1SoczgZ0AAAAAAAAAAAAAAQAAAQ.jpg,1,43,43
A_atr-Q7oa0ywAAAAAAAAAAAAAAQAAAQ.jpg,A_dej1SoczgZ0AAAAAAAAAAAAAAQAAAQ.jpg,1,43,43
A_qL1DQ52JFAsAAAAAAAAAAAAAAQAAAQ.jpg,A_srDSRYqJNiUAAAAAAAAAAAAAAQAAAQ.jpg,1,44,44
A_qL1DQ52JFAsAAAAAAAAAAAAAAQAAAQ.jpg,A_UVLcS7GdN0sAAAAAAAAAAAAAAQAAAQ.jpg,1,44,44
A_qL1DQ52JFAsAAAAAAAAAAAAAAQAAAQ.jpg,A_RzqRQprkIBoAAAAAAAAAAAAAAQAAAQ.jpg,1,44,44
A_qL1DQ52JFAsAAAAAAAAAAAAAAQAAAQ.jpg,A_J-7MTKEefysAAAAAAAAAAAAAAQAAAQ.jpg,1,44,44
A_qL1DQ52JFAsAAAAAAAAAAAAAAQAAAQ.jpg,A_Z_9gQIR_rVkAAAAAAAAAAAAAAQAAAQ.jpg,1,44,44
A_srDSRYqJNiUAAAAAAAAAAAAAAQAAAQ.jpg,A_UVLcS7GdN0sAAAAAAAAAAAAAAQAAAQ.jpg,1,44,44
A_srDSRYqJNiUAAAAAAAAAAAAAAQAAAQ.jpg,A_RzqRQprkIBoAAAAAAAAAAAAAAQAAAQ.jpg,1,44,44
A_srDSRYqJNiUAAAAAAAAAAAAAAQAAAQ.jpg,A_J-7MTKEefysAAAAAAAAAAAAAAQAAAQ.jpg,1,44,44
A_srDSRYqJNiUAAAAAAAAAAAAAAQAAAQ.jpg,A_Z_9gQIR_rVkAAAAAAAAAAAAAAQAAAQ.jpg,1,44,44
A_UVLcS7GdN0sAAAAAAAAAAAAAAQAAAQ.jpg,A_RzqRQprkIBoAAAAAAAAAAAAAAQAAAQ.jpg,1,44,44
A_UVLcS7GdN0sAAAAAAAAAAAAAAQAAAQ.jpg,A_J-7MTKEefysAAAAAAAAAAAAAAQAAAQ.jpg,1,44,44
A_UVLcS7GdN0sAAAAAAAAAAAAAAQAAAQ.jpg,A_Z_9gQIR_rVkAAAAAAAAAAAAAAQAAAQ.jpg,1,44,44
A_RzqRQprkIBoAAAAAAAAAAAAAAQAAAQ.jpg,A_J-7MTKEefysAAAAAAAAAAAAAAQAAAQ.jpg,1,44,44
A_RzqRQprkIBoAAAAAAAAAAAAAAQAAAQ.jpg,A_Z_9gQIR_rVkAAAAAAAAAAAAAAQAAAQ.jpg,1,44,44
A_J-7MTKEefysAAAAAAAAAAAAAAQAAAQ.jpg,A_Z_9gQIR_rVkAAAAAAAAAAAAAAQAAAQ.jpg,1,44,44
A_dIlQSIobnFAAAAAAAAAAAAAAAQAAAQ.jpg,A_6CUMTK6sWtwAAAAAAAAAAAAAAQAAAQ.jpg,1,45,45
A_dIlQSIobnFAAAAAAAAAAAAAAAQAAAQ.jpg,A_hCWqSaUTmIkAAAAAAAAAAAAAAQAAAQ.jpg,1,45,45
A_dIlQSIobnFAAAAAAAAAAAAAAAQAAAQ.jpg,A_DsowTrYbJyAAAAAAAAAAAAAAAQAAAQ.jpg,1,45,45
A_dIlQSIobnFAAAAAAAAAAAAAAAQAAAQ.jpg,A_bBofSp4thsQAAAAAAAAAAAAAAQAAAQ.jpg,1,45,45
A_dIlQSIobnFAAAAAAAAAAAAAAAQAAAQ.jpg,A_qiavTY4V5OwAAAAAAAAAAAAAAQAAAQ.jpg,1,45,45
A_6CUMTK6sWtwAAAAAAAAAAAAAAQAAAQ.jpg,A_hCWqSaUTmIkAAAAAAAAAAAAAAQAAAQ.jpg,1,45,45
A_6CUMTK6sWtwAAAAAAAAAAAAAAQAAAQ.jpg,A_DsowTrYbJyAAAAAAAAAAAAAAAQAAAQ.jpg,1,45,45
A_6CUMTK6sWtwAAAAAAAAAAAAAAQAAAQ.jpg,A_bBofSp4thsQAAAAAAAAAAAAAAQAAAQ.jpg,1,45,45
A_6CUMTK6sWtwAAAAAAAAAAAAAAQAAAQ.jpg,A_qiavTY4V5OwAAAAAAAAAAAAAAQAAAQ.jpg,1,45,45
A_hCWqSaUTmIkAAAAAAAAAAAAAAQAAAQ.jpg,A_DsowTrYbJyAAAAAAAAAAAAAAAQAAAQ.jpg,1,45,45
A_hCWqSaUTmIkAAAAAAAAAAAAAAQAAAQ.jpg,A_bBofSp4thsQAAAAAAAAAAAAAAQAAAQ.jpg,1,45,45
A_hCWqSaUTmIkAAAAAAAAAAAAAAQAAAQ.jpg,A_qiavTY4V5OwAAAAAAAAAAAAAAQAAAQ.jpg,1,45,45
A_DsowTrYbJyAAAAAAAAAAAAAAAQAAAQ.jpg,A_bBofSp4thsQAAAAAAAAAAAAAAQAAAQ.jpg,1,45,45
A_DsowTrYbJyAAAAAAAAAAAAAAAQAAAQ.jpg,A_qiavTY4V5OwAAAAAAAAAAAAAAQAAAQ.jpg,1,45,45
A_bBofSp4thsQAAAAAAAAAAAAAAQAAAQ.jpg,A_qiavTY4V5OwAAAAAAAAAAAAAAQAAAQ.jpg,1,45,45
A_EVAPRrwpj30AAAAAAAAAAAAAAQAAAQ.jpg,A_rdsOTar7H-kAAAAAAAAAAAAAAQAAAQ.jpg,1,46,46
A_EVAPRrwpj30AAAAAAAAAAAAAAQAAAQ.jpg,A_0-1yQb8M0NoAAAAAAAAAAAAAAQAAAQ.jpg,1,46,46
A_EVAPRrwpj30AAAAAAAAAAAAAAQAAAQ.jpg,A_GhJrQqvVGfAAAAAAAAAAAAAAAQAAAQ.jpg,1,46,46
A_EVAPRrwpj30AAAAAAAAAAAAAAQAAAQ.jpg,A_EtEwQb8aGLUAAAAAAAAAAAAAAQAAAQ.jpg,1,46,46
A_EVAPRrwpj30AAAAAAAAAAAAAAQAAAQ.jpg,A_0elSSaRbFWQAAAAAAAAAAAAAAQAAAQ.jpg,1,46,46
A_rdsOTar7H-kAAAAAAAAAAAAAAQAAAQ.jpg,A_0-1yQb8M0NoAAAAAAAAAAAAAAQAAAQ.jpg,1,46,46
A_rdsOTar7H-kAAAAAAAAAAAAAAQAAAQ.jpg,A_GhJrQqvVGfAAAAAAAAAAAAAAAQAAAQ.jpg,1,46,46
A_rdsOTar7H-kAAAAAAAAAAAAAAQAAAQ.jpg,A_EtEwQb8aGLUAAAAAAAAAAAAAAQAAAQ.jpg,1,46,46
A_rdsOTar7H-kAAAAAAAAAAAAAAQAAAQ.jpg,A_0elSSaRbFWQAAAAAAAAAAAAAAQAAAQ.jpg,1,46,46
A_0-1yQb8M0NoAAAAAAAAAAAAAAQAAAQ.jpg,A_GhJrQqvVGfAAAAAAAAAAAAAAAQAAAQ.jpg,1,46,46
A_0-1yQb8M0NoAAAAAAAAAAAAAAQAAAQ.jpg,A_EtEwQb8aGLUAAAAAAAAAAAAAAQAAAQ.jpg,1,46,46
A_0-1yQb8M0NoAAAAAAAAAAAAAAQAAAQ.jpg,A_0elSSaRbFWQAAAAAAAAAAAAAAQAAAQ.jpg,1,46,46
A_GhJrQqvVGfAAAAAAAAAAAAAAAQAAAQ.jpg,A_EtEwQb8aGLUAAAAAAAAAAAAAAQAAAQ.jpg,1,46,46
A_GhJrQqvVGfAAAAAAAAAAAAAAAQAAAQ.jpg,A_0elSSaRbFWQAAAAAAAAAAAAAAQAAAQ.jpg,1,46,46
A_EtEwQb8aGLUAAAAAAAAAAAAAAQAAAQ.jpg,A_0elSSaRbFWQAAAAAAAAAAAAAAQAAAQ.jpg,1,46,46
A_SD6EQ6H3_WcAAAAAAAAAAAAAAQAAAQ.jpg,A_Zt9yT7lqoQMAAAAAAAAAAAAAAQAAAQ.jpg,1,47,47
A_SD6EQ6H3_WcAAAAAAAAAAAAAAQAAAQ.jpg,A_iHgnS6_U93kAAAAAAAAAAAAAAQAAAQ.jpg,1,47,47
A_SD6EQ6H3_WcAAAAAAAAAAAAAAQAAAQ.jpg,A_oSb4R7rSOcQAAAAAAAAAAAAAAQAAAQ.jpg,1,47,47
A_SD6EQ6H3_WcAAAAAAAAAAAAAAQAAAQ.jpg,A_ZovJRIoln2wAAAAAAAAAAAAAAQAAAQ.jpg,1,47,47
A_SD6EQ6H3_WcAAAAAAAAAAAAAAQAAAQ.jpg,A_GNvgRp7nzOkAAAAAAAAAAAAAAQAAAQ.jpg,1,47,47
A_Zt9yT7lqoQMAAAAAAAAAAAAAAQAAAQ.jpg,A_iHgnS6_U93kAAAAAAAAAAAAAAQAAAQ.jpg,1,47,47
A_Zt9yT7lqoQMAAAAAAAAAAAAAAQAAAQ.jpg,A_oSb4R7rSOcQAAAAAAAAAAAAAAQAAAQ.jpg,1,47,47
A_Zt9yT7lqoQMAAAAAAAAAAAAAAQAAAQ.jpg,A_ZovJRIoln2wAAAAAAAAAAAAAAQAAAQ.jpg,1,47,47
A_Zt9yT7lqoQMAAAAAAAAAAAAAAQAAAQ.jpg,A_GNvgRp7nzOkAAAAAAAAAAAAAAQAAAQ.jpg,1,47,47
A_iHgnS6_U93kAAAAAAAAAAAAAAQAAAQ.jpg,A_oSb4R7rSOcQAAAAAAAAAAAAAAQAAAQ.jpg,1,47,47
A_iHgnS6_U93kAAAAAAAAAAAAAAQAAAQ.jpg,A_ZovJRIoln2wAAAAAAAAAAAAAAQAAAQ.jpg,1,47,47
A_iHgnS6_U93kAAAAAAAAAAAAAAQAAAQ.jpg,A_GNvgRp7nzOkAAAAAAAAAAAAAAQAAAQ.jpg,1,47,47
A_oSb4R7rSOcQAAAAAAAAAAAAAAQAAAQ.jpg,A_ZovJRIoln2wAAAAAAAAAAAAAAQAAAQ.jpg,1,47,47
A_oSb4R7rSOcQAAAAAAAAAAAAAAQAAAQ.jpg,A_GNvgRp7nzOkAAAAAAAAAAAAAAQAAAQ.jpg,1,47,47
A_ZovJRIoln2wAAAAAAAAAAAAAAQAAAQ.jpg,A_GNvgRp7nzOkAAAAAAAAAAAAAAQAAAQ.jpg,1,47,47
A_TRvMSK9h_7YAAAAAAAAAAAAAAQAAAQ.jpg,A_QQwbSY54pOsAAAAAAAAAAAAAAQAAAQ.jpg,1,48,48
A_TRvMSK9h_7YAAAAAAAAAAAAAAQAAAQ.jpg,A_y0pUQad8WowAAAAAAAAAAAAAAQAAAQ.jpg,1,48,48
A_TRvMSK9h_7YAAAAAAAAAAAAAAQAAAQ.jpg,A_dNSRRpBZtmMAAAAAAAAAAAAAAQAAAQ.jpg,1,48,48
A_TRvMSK9h_7YAAAAAAAAAAAAAAQAAAQ.jpg,A_Yr4LQpnqCAEAAAAAAAAAAAAAAQAAAQ.jpg,1,48,48
A_TRvMSK9h_7YAAAAAAAAAAAAAAQAAAQ.jpg,A_CosPQIcz5XEAAAAAAAAAAAAAAQAAAQ.jpg,1,48,48
A_QQwbSY54pOsAAAAAAAAAAAAAAQAAAQ.jpg,A_y0pUQad8WowAAAAAAAAAAAAAAQAAAQ.jpg,1,48,48
A_QQwbSY54pOsAAAAAAAAAAAAAAQAAAQ.jpg,A_dNSRRpBZtmMAAAAAAAAAAAAAAQAAAQ.jpg,1,48,48
A_QQwbSY54pOsAAAAAAAAAAAAAAQAAAQ.jpg,A_Yr4LQpnqCAEAAAAAAAAAAAAAAQAAAQ.jpg,1,48,48
A_QQwbSY54pOsAAAAAAAAAAAAAAQAAAQ.jpg,A_CosPQIcz5XEAAAAAAAAAAAAAAQAAAQ.jpg,1,48,48
A_y0pUQad8WowAAAAAAAAAAAAAAQAAAQ.jpg,A_dNSRRpBZtmMAAAAAAAAAAAAAAQAAAQ.jpg,1,48,48
A_y0pUQad8WowAAAAAAAAAAAAAAQAAAQ.jpg,A_Yr4LQpnqCAEAAAAAAAAAAAAAAQAAAQ.jpg,1,48,48
A_y0pUQad8WowAAAAAAAAAAAAAAQAAAQ.jpg,A_CosPQIcz5XEAAAAAAAAAAAAAAQAAAQ.jpg,1,48,48
A_dNSRRpBZtmMAAAAAAAAAAAAAAQAAAQ.jpg,A_Yr4LQpnqCAEAAAAAAAAAAAAAAQAAAQ.jpg,1,48,48
A_dNSRRpBZtmMAAAAAAAAAAAAAAQAAAQ.jpg,A_CosPQIcz5XEAAAAAAAAAAAAAAQAAAQ.jpg,1,48,48
A_Yr4LQpnqCAEAAAAAAAAAAAAAAQAAAQ.jpg,A_CosPQIcz5XEAAAAAAAAAAAAAAQAAAQ.jpg,1,48,48
A_d6BLRrCLDYEAAAAAAAAAAAAAAQAAAQ.jpg,A_2wBqTpzmeL3VldlEs7raLQAAAQAAAQ.jpg,1,49,49
A_d6BLRrCLDYEAAAAAAAAAAAAAAQAAAQ.jpg,A_VNPxS4voAo4AAAAAAAAAAAAAAQAAAQ.jpg,1,49,49
A_d6BLRrCLDYEAAAAAAAAAAAAAAQAAAQ.jpg,A_2wBqTpzmeL0AAAAAAAAAAAAAAQAAAQ.jpg,1,49,49
A_d6BLRrCLDYEAAAAAAAAAAAAAAQAAAQ.jpg,A_9FlLRZb9wXUAAAAAAAAAAAAAAQAAAQ.jpg,1,49,49
A_d6BLRrCLDYEAAAAAAAAAAAAAAQAAAQ.jpg,A_ab2UR5VE8pYAAAAAAAAAAAAAAQAAAQ.jpg,1,49,49
A_2wBqTpzmeL3VldlEs7raLQAAAQAAAQ.jpg,A_VNPxS4voAo4AAAAAAAAAAAAAAQAAAQ.jpg,1,49,49
A_2wBqTpzmeL3VldlEs7raLQAAAQAAAQ.jpg,A_2wBqTpzmeL0AAAAAAAAAAAAAAQAAAQ.jpg,1,49,49
A_2wBqTpzmeL3VldlEs7raLQAAAQAAAQ.jpg,A_9FlLRZb9wXUAAAAAAAAAAAAAAQAAAQ.jpg,1,49,49
A_2wBqTpzmeL3VldlEs7raLQAAAQAAAQ.jpg,A_ab2UR5VE8pYAAAAAAAAAAAAAAQAAAQ.jpg,1,49,49
A_VNPxS4voAo4AAAAAAAAAAAAAAQAAAQ.jpg,A_2wBqTpzmeL0AAAAAAAAAAAAAAQAAAQ.jpg,1,49,49
A_VNPxS4voAo4AAAAAAAAAAAAAAQAAAQ.jpg,A_9FlLRZb9wXUAAAAAAAAAAAAAAQAAAQ.jpg,1,49,49
A_VNPxS4voAo4AAAAAAAAAAAAAAQAAAQ.jpg,A_ab2UR5VE8pYAAAAAAAAAAAAAAQAAAQ.jpg,1,49,49
A_2wBqTpzmeL0AAAAAAAAAAAAAAQAAAQ.jpg,A_9FlLRZb9wXUAAAAAAAAAAAAAAQAAAQ.jpg,1,49,49
A_2wBqTpzmeL0AAAAAAAAAAAAAAQAAAQ.jpg,A_ab2UR5VE8pYAAAAAAAAAAAAAAQAAAQ.jpg,1,49,49
A_9FlLRZb9wXUAAAAAAAAAAAAAAQAAAQ.jpg,A_ab2UR5VE8pYAAAAAAAAAAAAAAQAAAQ.jpg,1,49,49
A_qjHLQ4LPJS8AAAAAAAAAAAAAAQAAAQ.jpg,A__DuWR5Z1Kp8AAAAAAAAAAAAAAQAAAQ.jpg,1,50,50
A_qjHLQ4LPJS8AAAAAAAAAAAAAAQAAAQ.jpg,A_W-xaT78i22MAAAAAAAAAAAAAAQAAAQ.jpg,1,50,50
A_qjHLQ4LPJS8AAAAAAAAAAAAAAQAAAQ.jpg,A_WBiBQpmmEtAAAAAAAAAAAAAAAQAAAQ.jpg,1,50,50
A_qjHLQ4LPJS8AAAAAAAAAAAAAAQAAAQ.jpg,A_-bJ-Q4552o0AAAAAAAAAAAAAAQAAAQ.jpg,1,50,50
A_qjHLQ4LPJS8AAAAAAAAAAAAAAQAAAQ.jpg,A_u4OeSpbepPAAAAAAAAAAAAAAAQAAAQ.jpg,1,50,50
A__DuWR5Z1Kp8AAAAAAAAAAAAAAQAAAQ.jpg,A_W-xaT78i22MAAAAAAAAAAAAAAQAAAQ.jpg,1,50,50
A__DuWR5Z1Kp8AAAAAAAAAAAAAAQAAAQ.jpg,A_WBiBQpmmEtAAAAAAAAAAAAAAAQAAAQ.jpg,1,50,50
A__DuWR5Z1Kp8AAAAAAAAAAAAAAQAAAQ.jpg,A_-bJ-Q4552o0AAAAAAAAAAAAAAQAAAQ.jpg,1,50,50
A__DuWR5Z1Kp8AAAAAAAAAAAAAAQAAAQ.jpg,A_u4OeSpbepPAAAAAAAAAAAAAAAQAAAQ.jpg,1,50,50
A_W-xaT78i22MAAAAAAAAAAAAAAQAAAQ.jpg,A_WBiBQpmmEtAAAAAAAAAAAAAAAQAAAQ.jpg,1,50,50
A_W-xaT78i22MAAAAAAAAAAAAAAQAAAQ.jpg,A_-bJ-Q4552o0AAAAAAAAAAAAAAQAAAQ.jpg,1,50,50
A_W-xaT78i22MAAAAAAAAAAAAAAQAAAQ.jpg,A_u4OeSpbepPAAAAAAAAAAAAAAAQAAAQ.jpg,1,50,50
A_WBiBQpmmEtAAAAAAAAAAAAAAAQAAAQ.jpg,A_-bJ-Q4552o0AAAAAAAAAAAAAAQAAAQ.jpg,1,50,50
A_WBiBQpmmEtAAAAAAAAAAAAAAAQAAAQ.jpg,A_u4OeSpbepPAAAAAAAAAAAAAAAQAAAQ.jpg,1,50,50
A_-bJ-Q4552o0AAAAAAAAAAAAAAQAAAQ.jpg,A_u4OeSpbepPAAAAAAAAAAAAAAAQAAAQ.jpg,1,50,50
A_5aAtRZYw7_wAAAAAAAAAAAAAAQAAAQ.jpg,A_CnahQLiQvNQAAAAAAAAAAAAAAQAAAQ.jpg,1,51,51
A_5aAtRZYw7_wAAAAAAAAAAAAAAQAAAQ.jpg,A_OuUyQI8epH8AAAAAAAAAAAAAAQAAAQ.jpg,1,51,51
A_5aAtRZYw7_wAAAAAAAAAAAAAAQAAAQ.jpg,A_MVpnTJIllNYAAAAAAAAAAAAAAQAAAQ.jpg,1,51,51
A_5aAtRZYw7_wAAAAAAAAAAAAAAQAAAQ.jpg,A_8hQJTq1WHRsAAAAAAAAAAAAAAQAAAQ.jpg,1,51,51
A_5aAtRZYw7_wAAAAAAAAAAAAAAQAAAQ.jpg,A_3lkvTpO3RQYAAAAAAAAAAAAAAQAAAQ.jpg,1,51,51
A_CnahQLiQvNQAAAAAAAAAAAAAAQAAAQ.jpg,A_OuUyQI8epH8AAAAAAAAAAAAAAQAAAQ.jpg,1,51,51
A_CnahQLiQvNQAAAAAAAAAAAAAAQAAAQ.jpg,A_MVpnTJIllNYAAAAAAAAAAAAAAQAAAQ.jpg,1,51,51
A_CnahQLiQvNQAAAAAAAAAAAAAAQAAAQ.jpg,A_8hQJTq1WHRsAAAAAAAAAAAAAAQAAAQ.jpg,1,51,51
A_CnahQLiQvNQAAAAAAAAAAAAAAQAAAQ.jpg,A_3lkvTpO3RQYAAAAAAAAAAAAAAQAAAQ.jpg,1,51,51
A_OuUyQI8epH8AAAAAAAAAAAAAAQAAAQ.jpg,A_MVpnTJIllNYAAAAAAAAAAAAAAQAAAQ.jpg,1,51,51
A_OuUyQI8epH8AAAAAAAAAAAAAAQAAAQ.jpg,A_8hQJTq1WHRsAAAAAAAAAAAAAAQAAAQ.jpg,1,51,51
A_OuUyQI8epH8AAAAAAAAAAAAAAQAAAQ.jpg,A_3lkvTpO3RQYAAAAAAAAAAAAAAQAAAQ.jpg,1,51,51
A_MVpnTJIllNYAAAAAAAAAAAAAAQAAAQ.jpg,A_8hQJTq1WHRsAAAAAAAAAAAAAAQAAAQ.jpg,1,51,51
A_MVpnTJIllNYAAAAAAAAAAAAAAQAAAQ.jpg,A_3lkvTpO3RQYAAAAAAAAAAAAAAQAAAQ.jpg,1,51,51
A_8hQJTq1WHRsAAAAAAAAAAAAAAQAAAQ.jpg,A_3lkvTpO3RQYAAAAAAAAAAAAAAQAAAQ.jpg,1,51,51
4AGq8NKSRuOp1uokfOiJnwAAACMAARAD.jpg,A_cutQQr13fwsAAAAAAAAAAAAAAQAAAQ.jpg,1,52,52
4AGq8NKSRuOp1uokfOiJnwAAACMAARAD.jpg,A_rrfrRI4sTLIAAAAAAAAAAAAAAQAAAQ.jpg,1,52,52
4AGq8NKSRuOp1uokfOiJnwAAACMAARAD.jpg,gpZWgwFPRP-Iq02OHwMZPgAAACMAARAD.jpg,1,52,52
4AGq8NKSRuOp1uokfOiJnwAAACMAARAD.jpg,A_Uh4ZRZjAbOAAAAAAAAAAAAAAAQAAAQ.jpg,1,52,52
4AGq8NKSRuOp1uokfOiJnwAAACMAARAD.jpg,A_sQf-QYhSGZIAAAAAAAAAAAAAAQAAAQ.jpg,1,52,52
A_cutQQr13fwsAAAAAAAAAAAAAAQAAAQ.jpg,A_rrfrRI4sTLIAAAAAAAAAAAAAAQAAAQ.jpg,1,52,52
A_cutQQr13fwsAAAAAAAAAAAAAAQAAAQ.jpg,gpZWgwFPRP-Iq02OHwMZPgAAACMAARAD.jpg,1,52,52
A_cutQQr13fwsAAAAAAAAAAAAAAQAAAQ.jpg,A_Uh4ZRZjAbOAAAAAAAAAAAAAAAQAAAQ.jpg,1,52,52
A_cutQQr13fwsAAAAAAAAAAAAAAQAAAQ.jpg,A_sQf-QYhSGZIAAAAAAAAAAAAAAQAAAQ.jpg,1,52,52
A_rrfrRI4sTLIAAAAAAAAAAAAAAQAAAQ.jpg,gpZWgwFPRP-Iq02OHwMZPgAAACMAARAD.jpg,1,52,52
A_rrfrRI4sTLIAAAAAAAAAAAAAAQAAAQ.jpg,A_Uh4ZRZjAbOAAAAAAAAAAAAAAAQAAAQ.jpg,1,52,52
A_rrfrRI4sTLIAAAAAAAAAAAAAAQAAAQ.jpg,A_sQf-QYhSGZIAAAAAAAAAAAAAAQAAAQ.jpg,1,52,52
gpZWgwFPRP-Iq02OHwMZPgAAACMAARAD.jpg,A_Uh4ZRZjAbOAAAAAAAAAAAAAAAQAAAQ.jpg,1,52,52
gpZWgwFPRP-Iq02OHwMZPgAAACMAARAD.jpg,A_sQf-QYhSGZIAAAAAAAAAAAAAAQAAAQ.jpg,1,52,52
A_Uh4ZRZjAbOAAAAAAAAAAAAAAAQAAAQ.jpg,A_sQf-QYhSGZIAAAAAAAAAAAAAAQAAAQ.jpg,1,52,52
A_laKWT4G-AeYAAAAAAAAAAAAAAQAAAQ.jpg,A_jC3STZwXP58AAAAAAAAAAAAAAQAAAQ.jpg,1,53,53
A_laKWT4G-AeYAAAAAAAAAAAAAAQAAAQ.jpg,A_rIp5QoMBGOQAAAAAAAAAAAAAAQAAAQ.jpg,1,53,53
A_laKWT4G-AeYAAAAAAAAAAAAAAQAAAQ.jpg,A_GpPxSZ7FJvMAAAAAAAAAAAAAAQAAAQ.jpg,1,53,53
A_laKWT4G-AeYAAAAAAAAAAAAAAQAAAQ.jpg,A_HBC_SqXcNasAAAAAAAAAAAAAAQAAAQ.jpg,1,53,53
A_laKWT4G-AeYAAAAAAAAAAAAAAQAAAQ.jpg,A_8MxtS7nrx5oAAAAAAAAAAAAAAQAAAQ.jpg,1,53,53
A_jC3STZwXP58AAAAAAAAAAAAAAQAAAQ.jpg,A_rIp5QoMBGOQAAAAAAAAAAAAAAQAAAQ.jpg,1,53,53
A_jC3STZwXP58AAAAAAAAAAAAAAQAAAQ.jpg,A_GpPxSZ7FJvMAAAAAAAAAAAAAAQAAAQ.jpg,1,53,53
A_jC3STZwXP58AAAAAAAAAAAAAAQAAAQ.jpg,A_HBC_SqXcNasAAAAAAAAAAAAAAQAAAQ.jpg,1,53,53
A_jC3STZwXP58AAAAAAAAAAAAAAQAAAQ.jpg,A_8MxtS7nrx5oAAAAAAAAAAAAAAQAAAQ.jpg,1,53,53
A_rIp5QoMBGOQAAAAAAAAAAAAAAQAAAQ.jpg,A_GpPxSZ7FJvMAAAAAAAAAAAAAAQAAAQ.jpg,1,53,53
A_rIp5QoMBGOQAAAAAAAAAAAAAAQAAAQ.jpg,A_HBC_SqXcNasAAAAAAAAAAAAAAQAAAQ.jpg,1,53,53
A_rIp5QoMBGOQAAAAAAAAAAAAAAQAAAQ.jpg,A_8MxtS7nrx5oAAAAAAAAAAAAAAQAAAQ.jpg,1,53,53
A_GpPxSZ7FJvMAAAAAAAAAAAAAAQAAAQ.jpg,A_HBC_SqXcNasAAAAAAAAAAAAAAQAAAQ.jpg,1,53,53
A_GpPxSZ7FJvMAAAAAAAAAAAAAAQAAAQ.jpg,A_8MxtS7nrx5oAAAAAAAAAAAAAAQAAAQ.jpg,1,53,53
A_HBC_SqXcNasAAAAAAAAAAAAAAQAAAQ.jpg,A_8MxtS7nrx5oAAAAAAAAAAAAAAQAAAQ.jpg,1,53,53
EIpoK14ATmCiS-H_pM6kvAAAACMAARAD.jpg,Sz6t1kxuSjqrB9PpBED6oAAAACMAARED.jpg,1,54,54
EIpoK14ATmCiS-H_pM6kvAAAACMAARAD.jpg,4zN2JMNhQYWDS2AtX0u64wAAACMAARAD.jpg,1,54,54
EIpoK14ATmCiS-H_pM6kvAAAACMAARAD.jpg,2G8MIAaDRluIS-ucQOWdigAAACMAARAD.jpg,1,54,54
EIpoK14ATmCiS-H_pM6kvAAAACMAARAD.jpg,P-Bqr9U1Tqa9eJtGWudTxgAAACMAARAD.jpg,1,54,54
EIpoK14ATmCiS-H_pM6kvAAAACMAARAD.jpg,IlaouobwQyib5LO0My4xMAAAACMAARAD.jpg,1,54,54
Sz6t1kxuSjqrB9PpBED6oAAAACMAARED.jpg,4zN2JMNhQYWDS2AtX0u64wAAACMAARAD.jpg,1,54,54
Sz6t1kxuSjqrB9PpBED6oAAAACMAARED.jpg,2G8MIAaDRluIS-ucQOWdigAAACMAARAD.jpg,1,54,54
Sz6t1kxuSjqrB9PpBED6oAAAACMAARED.jpg,P-Bqr9U1Tqa9eJtGWudTxgAAACMAARAD.jpg,1,54,54
Sz6t1kxuSjqrB9PpBED6oAAAACMAARED.jpg,IlaouobwQyib5LO0My4xMAAAACMAARAD.jpg,1,54,54
4zN2JMNhQYWDS2AtX0u64wAAACMAARAD.jpg,2G8MIAaDRluIS-ucQOWdigAAACMAARAD.jpg,1,54,54
4zN2JMNhQYWDS2AtX0u64wAAACMAARAD.jpg,P-Bqr9U1Tqa9eJtGWudTxgAAACMAARAD.jpg,1,54,54
4zN2JMNhQYWDS2AtX0u64wAAACMAARAD.jpg,IlaouobwQyib5LO0My4xMAAAACMAARAD.jpg,1,54,54
2G8MIAaDRluIS-ucQOWdigAAACMAARAD.jpg,P-Bqr9U1Tqa9eJtGWudTxgAAACMAARAD.jpg,1,54,54
2G8MIAaDRluIS-ucQOWdigAAACMAARAD.jpg,IlaouobwQyib5LO0My4xMAAAACMAARAD.jpg,1,54,54
P-Bqr9U1Tqa9eJtGWudTxgAAACMAARAD.jpg,IlaouobwQyib5LO0My4xMAAAACMAARAD.jpg,1,54,54
A_dKLgQptthFkAAAAAAAAAAAAAAQAAAQ.jpg,A_mcPlS6cWS-wAAAAAAAAAAAAAAQAAAQ.jpg,1,55,55
A_dKLgQptthFkAAAAAAAAAAAAAAQAAAQ.jpg,A_GGwZR7_S7yYAAAAAAAAAAAAAAQAAAQ.jpg,1,55,55
A_dKLgQptthFkAAAAAAAAAAAAAAQAAAQ.jpg,A_B70bT5SypHUAAAAAAAAAAAAAAQAAAQ.jpg,1,55,55
A_dKLgQptthFkAAAAAAAAAAAAAAQAAAQ.jpg,A_lUxgRJaTT48AAAAAAAAAAAAAAQAAAQ.jpg,1,55,55
A_dKLgQptthFkAAAAAAAAAAAAAAQAAAQ.jpg,A_K2LMQq9uAPcAAAAAAAAAAAAAAQAAAQ.jpg,1,55,55
A_mcPlS6cWS-wAAAAAAAAAAAAAAQAAAQ.jpg,A_GGwZR7_S7yYAAAAAAAAAAAAAAQAAAQ.jpg,1,55,55
A_mcPlS6cWS-wAAAAAAAAAAAAAAQAAAQ.jpg,A_B70bT5SypHUAAAAAAAAAAAAAAQAAAQ.jpg,1,55,55
A_mcPlS6cWS-wAAAAAAAAAAAAAAQAAAQ.jpg,A_lUxgRJaTT48AAAAAAAAAAAAAAQAAAQ.jpg,1,55,55
A_mcPlS6cWS-wAAAAAAAAAAAAAAQAAAQ.jpg,A_K2LMQq9uAPcAAAAAAAAAAAAAAQAAAQ.jpg,1,55,55
A_GGwZR7_S7yYAAAAAAAAAAAAAAQAAAQ.jpg,A_B70bT5SypHUAAAAAAAAAAAAAAQAAAQ.jpg,1,55,55
A_GGwZR7_S7yYAAAAAAAAAAAAAAQAAAQ.jpg,A_lUxgRJaTT48AAAAAAAAAAAAAAQAAAQ.jpg,1,55,55
A_GGwZR7_S7yYAAAAAAAAAAAAAAQAAAQ.jpg,A_K2LMQq9uAPcAAAAAAAAAAAAAAQAAAQ.jpg,1,55,55
A_B70bT5SypHUAAAAAAAAAAAAAAQAAAQ.jpg,A_lUxgRJaTT48AAAAAAAAAAAAAAQAAAQ.jpg,1,55,55
A_B70bT5SypHUAAAAAAAAAAAAAAQAAAQ.jpg,A_K2LMQq9uAPcAAAAAAAAAAAAAAQAAAQ.jpg,1,55,55
A_lUxgRJaTT48AAAAAAAAAAAAAAQAAAQ.jpg,A_K2LMQq9uAPcAAAAAAAAAAAAAAQAAAQ.jpg,1,55,55
55fo6TlLS8mFijkrYINs0AAAACMAARAD.jpg,BmtxLNdXTdqX4SH1-mkYHQAAACMAARAD.jpg,1,56,56
55fo6TlLS8mFijkrYINs0AAAACMAARAD.jpg,I-4jbqVlSyeXyWm3u8uXGQAAACMAARAD.jpg,1,56,56
55fo6TlLS8mFijkrYINs0AAAACMAARAD.jpg,dE5D0FnIS42ZuBi1OUZO3AAAACMAARAD.jpg,1,56,56
55fo6TlLS8mFijkrYINs0AAAACMAARAD.jpg,VH_MJsWWTsmHaQP-fiUEjwAAACMAARAD.jpg,1,56,56
55fo6TlLS8mFijkrYINs0AAAACMAARAD.jpg,dNTm6a6ZQU-tMrEpqKmLXwAAACMAARAD.jpg,1,56,56
BmtxLNdXTdqX4SH1-mkYHQAAACMAARAD.jpg,I-4jbqVlSyeXyWm3u8uXGQAAACMAARAD.jpg,1,56,56
BmtxLNdXTdqX4SH1-mkYHQAAACMAARAD.jpg,dE5D0FnIS42ZuBi1OUZO3AAAACMAARAD.jpg,1,56,56
BmtxLNdXTdqX4SH1-mkYHQAAACMAARAD.jpg,VH_MJsWWTsmHaQP-fiUEjwAAACMAARAD.jpg,1,56,56
BmtxLNdXTdqX4SH1-mkYHQAAACMAARAD.jpg,dNTm6a6ZQU-tMrEpqKmLXwAAACMAARAD.jpg,1,56,56
I-4jbqVlSyeXyWm3u8uXGQAAACMAARAD.jpg,dE5D0FnIS42ZuBi1OUZO3AAAACMAARAD.jpg,1,56,56
I-4jbqVlSyeXyWm3u8uXGQAAACMAARAD.jpg,VH_MJsWWTsmHaQP-fiUEjwAAACMAARAD.jpg,1,56,56
I-4jbqVlSyeXyWm3u8uXGQAAACMAARAD.jpg,dNTm6a6ZQU-tMrEpqKmLXwAAACMAARAD.jpg,1,56,56
dE5D0FnIS42ZuBi1OUZO3AAAACMAARAD.jpg,VH_MJsWWTsmHaQP-fiUEjwAAACMAARAD.jpg,1,56,56
dE5D0FnIS42ZuBi1OUZO3AAAACMAARAD.jpg,dNTm6a6ZQU-tMrEpqKmLXwAAACMAARAD.jpg,1,56,56
VH_MJsWWTsmHaQP-fiUEjwAAACMAARAD.jpg,dNTm6a6ZQU-tMrEpqKmLXwAAACMAARAD.jpg,1,56,56
A_Ej53QIThr-wAAAAAAAAAAAAAAQAAAQ.jpg,A_YSQWSIXD3cQAAAAAAAAAAAAAAQAAAQ.jpg,1,57,57
A_Ej53QIThr-wAAAAAAAAAAAAAAQAAAQ.jpg,A_EvDCT75_gY4AAAAAAAAAAAAAAQAAAQ.jpg,1,57,57
A_Ej53QIThr-wAAAAAAAAAAAAAAQAAAQ.jpg,A_r8U0Tp2-P0MAAAAAAAAAAAAAAQAAAQ.jpg,1,57,57
A_Ej53QIThr-wAAAAAAAAAAAAAAQAAAQ.jpg,A_FAjZTYOIvbUAAAAAAAAAAAAAAQAAAQ.jpg,1,57,57
A_Ej53QIThr-wAAAAAAAAAAAAAAQAAAQ.jpg,A_IOFuS4ljD_MAAAAAAAAAAAAAAQAAAQ.jpg,1,57,57
A_YSQWSIXD3cQAAAAAAAAAAAAAAQAAAQ.jpg,A_EvDCT75_gY4AAAAAAAAAAAAAAQAAAQ.jpg,1,57,57
A_YSQWSIXD3cQAAAAAAAAAAAAAAQAAAQ.jpg,A_r8U0Tp2-P0MAAAAAAAAAAAAAAQAAAQ.jpg,1,57,57
A_YSQWSIXD3cQAAAAAAAAAAAAAAQAAAQ.jpg,A_FAjZTYOIvbUAAAAAAAAAAAAAAQAAAQ.jpg,1,57,57
A_YSQWSIXD3cQAAAAAAAAAAAAAAQAAAQ.jpg,A_IOFuS4ljD_MAAAAAAAAAAAAAAQAAAQ.jpg,1,57,57
A_EvDCT75_gY4AAAAAAAAAAAAAAQAAAQ.jpg,A_r8U0Tp2-P0MAAAAAAAAAAAAAAQAAAQ.jpg,1,57,57
A_EvDCT75_gY4AAAAAAAAAAAAAAQAAAQ.jpg,A_FAjZTYOIvbUAAAAAAAAAAAAAAQAAAQ.jpg,1,57,57
A_EvDCT75_gY4AAAAAAAAAAAAAAQAAAQ.jpg,A_IOFuS4ljD_MAAAAAAAAAAAAAAQAAAQ.jpg,1,57,57
A_r8U0Tp2-P0MAAAAAAAAAAAAAAQAAAQ.jpg,A_FAjZTYOIvbUAAAAAAAAAAAAAAQAAAQ.jpg,1,57,57
A_r8U0Tp2-P0MAAAAAAAAAAAAAAQAAAQ.jpg,A_IOFuS4ljD_MAAAAAAAAAAAAAAQAAAQ.jpg,1,57,57
A_FAjZTYOIvbUAAAAAAAAAAAAAAQAAAQ.jpg,A_IOFuS4ljD_MAAAAAAAAAAAAAAQAAAQ.jpg,1,57,57
A_w8x7SaCEWdkAAAAAAAAAAAAAAQAAAQ.jpg,A_9EM2TajlqXoAAAAAAAAAAAAAAQAAAQ.jpg,1,58,58
A_w8x7SaCEWdkAAAAAAAAAAAAAAQAAAQ.jpg,A_wI14S5Qnc-kAAAAAAAAAAAAAAQAAAQ.jpg,1,58,58
A_w8x7SaCEWdkAAAAAAAAAAAAAAQAAAQ.jpg,A_dfRbQI26OtwAAAAAAAAAAAAAAQAAAQ.jpg,1,58,58
A_w8x7SaCEWdkAAAAAAAAAAAAAAQAAAQ.jpg,A_oIudQY-doeoAAAAAAAAAAAAAAQAAAQ.jpg,1,58,58
A_w8x7SaCEWdkAAAAAAAAAAAAAAQAAAQ.jpg,A_QXekTrSGlYAAAAAAAAAAAAAAAQAAAQ.jpg,1,58,58
A_9EM2TajlqXoAAAAAAAAAAAAAAQAAAQ.jpg,A_wI14S5Qnc-kAAAAAAAAAAAAAAQAAAQ.jpg,1,58,58
A_9EM2TajlqXoAAAAAAAAAAAAAAQAAAQ.jpg,A_dfRbQI26OtwAAAAAAAAAAAAAAQAAAQ.jpg,1,58,58
A_9EM2TajlqXoAAAAAAAAAAAAAAQAAAQ.jpg,A_oIudQY-doeoAAAAAAAAAAAAAAQAAAQ.jpg,1,58,58
A_9EM2TajlqXoAAAAAAAAAAAAAAQAAAQ.jpg,A_QXekTrSGlYAAAAAAAAAAAAAAAQAAAQ.jpg,1,58,58
A_wI14S5Qnc-kAAAAAAAAAAAAAAQAAAQ.jpg,A_dfRbQI26OtwAAAAAAAAAAAAAAQAAAQ.jpg,1,58,58
A_wI14S5Qnc-kAAAAAAAAAAAAAAQAAAQ.jpg,A_oIudQY-doeoAAAAAAAAAAAAAAQAAAQ.jpg,1,58,58
A_wI14S5Qnc-kAAAAAAAAAAAAAAQAAAQ.jpg,A_QXekTrSGlYAAAAAAAAAAAAAAAQAAAQ.jpg,1,58,58
A_dfRbQI26OtwAAAAAAAAAAAAAAQAAAQ.jpg,A_oIudQY-doeoAAAAAAAAAAAAAAQAAAQ.jpg,1,58,58
A_dfRbQI26OtwAAAAAAAAAAAAAAQAAAQ.jpg,A_QXekTrSGlYAAAAAAAAAAAAAAAQAAAQ.jpg,1,58,58
A_oIudQY-doeoAAAAAAAAAAAAAAQAAAQ.jpg,A_QXekTrSGlYAAAAAAAAAAAAAAAQAAAQ.jpg,1,58,58
A_MfvYSISsOaYAAAAAAAAAAAAAAQAAAQ.jpg,A_uFYOR6hS8Q8AAAAAAAAAAAAAAQAAAQ.jpg,1,59,59
A_MfvYSISsOaYAAAAAAAAAAAAAAQAAAQ.jpg,A_3R5AT4k8aW0AAAAAAAAAAAAAAQAAAQ.jpg,1,59,59
A_MfvYSISsOaYAAAAAAAAAAAAAAQAAAQ.jpg,A_19KTRKsU1bgAAAAAAAAAAAAAAQAAAQ.jpg,1,59,59
A_MfvYSISsOaYAAAAAAAAAAAAAAQAAAQ.jpg,A_MWErSYMDBZQAAAAAAAAAAAAAAQAAAQ.jpg,1,59,59
A_MfvYSISsOaYAAAAAAAAAAAAAAQAAAQ.jpg,A_mOfuTre90ooAAAAAAAAAAAAAAQAAAQ.jpg,1,59,59
A_uFYOR6hS8Q8AAAAAAAAAAAAAAQAAAQ.jpg,A_3R5AT4k8aW0AAAAAAAAAAAAAAQAAAQ.jpg,1,59,59
A_uFYOR6hS8Q8AAAAAAAAAAAAAAQAAAQ.jpg,A_19KTRKsU1bgAAAAAAAAAAAAAAQAAAQ.jpg,1,59,59
A_uFYOR6hS8Q8AAAAAAAAAAAAAAQAAAQ.jpg,A_MWErSYMDBZQAAAAAAAAAAAAAAQAAAQ.jpg,1,59,59
A_uFYOR6hS8Q8AAAAAAAAAAAAAAQAAAQ.jpg,A_mOfuTre90ooAAAAAAAAAAAAAAQAAAQ.jpg,1,59,59
A_3R5AT4k8aW0AAAAAAAAAAAAAAQAAAQ.jpg,A_19KTRKsU1bgAAAAAAAAAAAAAAQAAAQ.jpg,1,59,59
A_3R5AT4k8aW0AAAAAAAAAAAAAAQAAAQ.jpg,A_MWErSYMDBZQAAAAAAAAAAAAAAQAAAQ.jpg,1,59,59
A_3R5AT4k8aW0AAAAAAAAAAAAAAQAAAQ.jpg,A_mOfuTre90ooAAAAAAAAAAAAAAQAAAQ.jpg,1,59,59
A_19KTRKsU1bgAAAAAAAAAAAAAAQAAAQ.jpg,A_MWErSYMDBZQAAAAAAAAAAAAAAQAAAQ.jpg,1,59,59
A_19KTRKsU1bgAAAAAAAAAAAAAAQAAAQ.jpg,A_mOfuTre90ooAAAAAAAAAAAAAAQAAAQ.jpg,1,59,59
A_MWErSYMDBZQAAAAAAAAAAAAAAQAAAQ.jpg,A_mOfuTre90ooAAAAAAAAAAAAAAQAAAQ.jpg,1,59,59
A_IMTVR4woMBkAAAAAAAAAAAAAAQAAAQ.jpg,A_6_GGQrcmmBAAAAAAAAAAAAAAAQAAAQ.jpg,1,60,60
A_IMTVR4woMBkAAAAAAAAAAAAAAQAAAQ.jpg,A_krhJT7X9SC0AAAAAAAAAAAAAAQAAAQ.jpg,1,60,60
A_IMTVR4woMBkAAAAAAAAAAAAAAQAAAQ.jpg,A_YQOgTaaY1XgAAAAAAAAAAAAAAQAAAQ.jpg,1,60,60
A_IMTVR4woMBkAAAAAAAAAAAAAAQAAAQ.jpg,A_hnjSQ6SWtEUAAAAAAAAAAAAAAQAAAQ.jpg,1,60,60
A_IMTVR4woMBkAAAAAAAAAAAAAAQAAAQ.jpg,A_mtcjT5-8fxIAAAAAAAAAAAAAAQAAAQ.jpg,1,60,60
A_6_GGQrcmmBAAAAAAAAAAAAAAAQAAAQ.jpg,A_krhJT7X9SC0AAAAAAAAAAAAAAQAAAQ.jpg,1,60,60
A_6_GGQrcmmBAAAAAAAAAAAAAAAQAAAQ.jpg,A_YQOgTaaY1XgAAAAAAAAAAAAAAQAAAQ.jpg,1,60,60
A_6_GGQrcmmBAAAAAAAAAAAAAAAQAAAQ.jpg,A_hnjSQ6SWtEUAAAAAAAAAAAAAAQAAAQ.jpg,1,60,60
A_6_GGQrcmmBAAAAAAAAAAAAAAAQAAAQ.jpg,A_mtcjT5-8fxIAAAAAAAAAAAAAAQAAAQ.jpg,1,60,60
A_krhJT7X9SC0AAAAAAAAAAAAAAQAAAQ.jpg,A_YQOgTaaY1XgAAAAAAAAAAAAAAQAAAQ.jpg,1,60,60
A_krhJT7X9SC0AAAAAAAAAAAAAAQAAAQ.jpg,A_hnjSQ6SWtEUAAAAAAAAAAAAAAQAAAQ.jpg,1,60,60
A_krhJT7X9SC0AAAAAAAAAAAAAAQAAAQ.jpg,A_mtcjT5-8fxIAAAAAAAAAAAAAAQAAAQ.jpg,1,60,60
A_YQOgTaaY1XgAAAAAAAAAAAAAAQAAAQ.jpg,A_hnjSQ6SWtEUAAAAAAAAAAAAAAQAAAQ.jpg,1,60,60
A_YQOgTaaY1XgAAAAAAAAAAAAAAQAAAQ.jpg,A_mtcjT5-8fxIAAAAAAAAAAAAAAQAAAQ.jpg,1,60,60
A_hnjSQ6SWtEUAAAAAAAAAAAAAAQAAAQ.jpg,A_mtcjT5-8fxIAAAAAAAAAAAAAAQAAAQ.jpg,1,60,60
A_C4yWR6KggDwAAAAAAAAAAAAAAQAAAQ.jpg,A_O-HYQbAzM04AAAAAAAAAAAAAAQAAAQ.jpg,1,61,61
A_C4yWR6KggDwAAAAAAAAAAAAAAQAAAQ.jpg,A_noVFRIHyvJQAAAAAAAAAAAAAAQAAAQ.jpg,1,61,61
A_C4yWR6KggDwAAAAAAAAAAAAAAQAAAQ.jpg,A_1UNRTpDrXocAAAAAAAAAAAAAAQAAAQ.jpg,1,61,61
A_C4yWR6KggDwAAAAAAAAAAAAAAQAAAQ.jpg,A_6wWbR7D5KboAAAAAAAAAAAAAAQAAAQ.jpg,1,61,61
A_C4yWR6KggDwAAAAAAAAAAAAAAQAAAQ.jpg,A_UbkTQI6a8oMAAAAAAAAAAAAAAQAAAQ.jpg,1,61,61
A_O-HYQbAzM04AAAAAAAAAAAAAAQAAAQ.jpg,A_noVFRIHyvJQAAAAAAAAAAAAAAQAAAQ.jpg,1,61,61
A_O-HYQbAzM04AAAAAAAAAAAAAAQAAAQ.jpg,A_1UNRTpDrXocAAAAAAAAAAAAAAQAAAQ.jpg,1,61,61
A_O-HYQbAzM04AAAAAAAAAAAAAAQAAAQ.jpg,A_6wWbR7D5KboAAAAAAAAAAAAAAQAAAQ.jpg,1,61,61
A_O-HYQbAzM04AAAAAAAAAAAAAAQAAAQ.jpg,A_UbkTQI6a8oMAAAAAAAAAAAAAAQAAAQ.jpg,1,61,61
A_noVFRIHyvJQAAAAAAAAAAAAAAQAAAQ.jpg,A_1UNRTpDrXocAAAAAAAAAAAAAAQAAAQ.jpg,1,61,61
A_noVFRIHyvJQAAAAAAAAAAAAAAQAAAQ.jpg,A_6wWbR7D5KboAAAAAAAAAAAAAAQAAAQ.jpg,1,61,61
A_noVFRIHyvJQAAAAAAAAAAAAAAQAAAQ.jpg,A_UbkTQI6a8oMAAAAAAAAAAAAAAQAAAQ.jpg,1,61,61
A_1UNRTpDrXocAAAAAAAAAAAAAAQAAAQ.jpg,A_6wWbR7D5KboAAAAAAAAAAAAAAQAAAQ.jpg,1,61,61
A_1UNRTpDrXocAAAAAAAAAAAAAAQAAAQ.jpg,A_UbkTQI6a8oMAAAAAAAAAAAAAAQAAAQ.jpg,1,61,61
A_6wWbR7D5KboAAAAAAAAAAAAAAQAAAQ.jpg,A_UbkTQI6a8oMAAAAAAAAAAAAAAQAAAQ.jpg,1,61,61
A_9maORbkQQNoAAAAAAAAAAAAAAQAAAQ.jpg,A_JZpaTZWaJs8AAAAAAAAAAAAAAQAAAQ.jpg,1,62,62
A_9maORbkQQNoAAAAAAAAAAAAAAQAAAQ.jpg,A_WFX-R60X0GEAAAAAAAAAAAAAAQAAAQ.jpg,1,62,62
A_9maORbkQQNoAAAAAAAAAAAAAAQAAAQ.jpg,A_NloJTpjGmzjncmZIj3dViAAAAQAAAQ.jpg,1,62,62
A_9maORbkQQNoAAAAAAAAAAAAAAQAAAQ.jpg,A_WFX-R60X0GE0GDJMjg5KkAAAAQAAAQ.jpg,1,62,62
A_9maORbkQQNoAAAAAAAAAAAAAAQAAAQ.jpg,A_NloJTpjGmzgAAAAAAAAAAAAAAQAAAQ.jpg,1,62,62
A_JZpaTZWaJs8AAAAAAAAAAAAAAQAAAQ.jpg,A_WFX-R60X0GEAAAAAAAAAAAAAAQAAAQ.jpg,1,62,62
A_JZpaTZWaJs8AAAAAAAAAAAAAAQAAAQ.jpg,A_NloJTpjGmzjncmZIj3dViAAAAQAAAQ.jpg,1,62,62
A_JZpaTZWaJs8AAAAAAAAAAAAAAQAAAQ.jpg,A_WFX-R60X0GE0GDJMjg5KkAAAAQAAAQ.jpg,1,62,62
A_JZpaTZWaJs8AAAAAAAAAAAAAAQAAAQ.jpg,A_NloJTpjGmzgAAAAAAAAAAAAAAQAAAQ.jpg,1,62,62
A_WFX-R60X0GEAAAAAAAAAAAAAAQAAAQ.jpg,A_NloJTpjGmzjncmZIj3dViAAAAQAAAQ.jpg,1,62,62
A_WFX-R60X0GEAAAAAAAAAAAAAAQAAAQ.jpg,A_WFX-R60X0GE0GDJMjg5KkAAAAQAAAQ.jpg,1,62,62
A_WFX-R60X0GEAAAAAAAAAAAAAAQAAAQ.jpg,A_NloJTpjGmzgAAAAAAAAAAAAAAQAAAQ.jpg,1,62,62
A_NloJTpjGmzjncmZIj3dViAAAAQAAAQ.jpg,A_WFX-R60X0GE0GDJMjg5KkAAAAQAAAQ.jpg,1,62,62
A_NloJTpjGmzjncmZIj3dViAAAAQAAAQ.jpg,A_NloJTpjGmzgAAAAAAAAAAAAAAQAAAQ.jpg,1,62,62
A_WFX-R60X0GE0GDJMjg5KkAAAAQAAAQ.jpg,A_NloJTpjGmzgAAAAAAAAAAAAAAQAAAQ.jpg,1,62,62
A_ZLTNQ5wA3nfUqBpHgJS9MQAAAQAAAQ.jpg,A_wMMDQIdbntYAAAAAAAAAAAAAAQAAAQ.jpg,1,63,63
A_ZLTNQ5wA3nfUqBpHgJS9MQAAAQAAAQ.jpg,A_ZLTNQ5wA3ndGXjRCsAnKcwAAAQAAAQ.jpg,1,63,63
A_ZLTNQ5wA3nfUqBpHgJS9MQAAAQAAAQ.jpg,A_wMMDQIdbntYV1_RPvr7IlAAAAQAAAQ.jpg,1,63,63
A_ZLTNQ5wA3nfUqBpHgJS9MQAAAQAAAQ.jpg,A_Vj6TRJ-ZsmwAAAAAAAAAAAAAAQAAAQ.jpg,1,63,63
A_ZLTNQ5wA3nfUqBpHgJS9MQAAAQAAAQ.jpg,A_ZLTNQ5wA3ncNnJxCvdxuZQAAAQAAAQ.jpg,1,63,63
A_wMMDQIdbntYAAAAAAAAAAAAAAQAAAQ.jpg,A_ZLTNQ5wA3ndGXjRCsAnKcwAAAQAAAQ.jpg,1,63,63
A_wMMDQIdbntYAAAAAAAAAAAAAAQAAAQ.jpg,A_wMMDQIdbntYV1_RPvr7IlAAAAQAAAQ.jpg,1,63,63
A_wMMDQIdbntYAAAAAAAAAAAAAAQAAAQ.jpg,A_Vj6TRJ-ZsmwAAAAAAAAAAAAAAQAAAQ.jpg,1,63,63
A_wMMDQIdbntYAAAAAAAAAAAAAAQAAAQ.jpg,A_ZLTNQ5wA3ncNnJxCvdxuZQAAAQAAAQ.jpg,1,63,63
A_ZLTNQ5wA3ndGXjRCsAnKcwAAAQAAAQ.jpg,A_wMMDQIdbntYV1_RPvr7IlAAAAQAAAQ.jpg,1,63,63
A_ZLTNQ5wA3ndGXjRCsAnKcwAAAQAAAQ.jpg,A_Vj6TRJ-ZsmwAAAAAAAAAAAAAAQAAAQ.jpg,1,63,63
A_ZLTNQ5wA3ndGXjRCsAnKcwAAAQAAAQ.jpg,A_ZLTNQ5wA3ncNnJxCvdxuZQAAAQAAAQ.jpg,1,63,63
A_wMMDQIdbntYV1_RPvr7IlAAAAQAAAQ.jpg,A_Vj6TRJ-ZsmwAAAAAAAAAAAAAAQAAAQ.jpg,1,63,63
A_wMMDQIdbntYV1_RPvr7IlAAAAQAAAQ.jpg,A_ZLTNQ5wA3ncNnJxCvdxuZQAAAQAAAQ.jpg,1,63,63
A_Vj6TRJ-ZsmwAAAAAAAAAAAAAAQAAAQ.jpg,A_ZLTNQ5wA3ncNnJxCvdxuZQAAAQAAAQ.jpg,1,63,63
A_jcJHTp85KP3Y3pFEtvZWcAAAAQAAAQ.jpg,A_jcJHTp85KP0AAAAAAAAAAAAAAQAAAQ.jpg,1,64,64
A_jcJHTp85KP3Y3pFEtvZWcAAAAQAAAQ.jpg,A_W-HLSo2GkJIAAAAAAAAAAAAAAQAAAQ.jpg,1,64,64
A_jcJHTp85KP3Y3pFEtvZWcAAAAQAAAQ.jpg,A_0GHaQ5v1mnFBBtxPokPDawAAAQAAAQ.jpg,1,64,64
A_jcJHTp85KP3Y3pFEtvZWcAAAAQAAAQ.jpg,A_9_VjT5AcH1cAAAAAAAAAAAAAAQAAAQ.jpg,1,64,64
A_jcJHTp85KP3Y3pFEtvZWcAAAAQAAAQ.jpg,A_jcJHTp85KP1kygxCgRGH9AAAAQAAAQ.jpg,1,64,64
A_jcJHTp85KP0AAAAAAAAAAAAAAQAAAQ.jpg,A_W-HLSo2GkJIAAAAAAAAAAAAAAQAAAQ.jpg,1,64,64
A_jcJHTp85KP0AAAAAAAAAAAAAAQAAAQ.jpg,A_0GHaQ5v1mnFBBtxPokPDawAAAQAAAQ.jpg,1,64,64
A_jcJHTp85KP0AAAAAAAAAAAAAAQAAAQ.jpg,A_9_VjT5AcH1cAAAAAAAAAAAAAAQAAAQ.jpg,1,64,64
A_jcJHTp85KP0AAAAAAAAAAAAAAQAAAQ.jpg,A_jcJHTp85KP1kygxCgRGH9AAAAQAAAQ.jpg,1,64,64
A_W-HLSo2GkJIAAAAAAAAAAAAAAQAAAQ.jpg,A_0GHaQ5v1mnFBBtxPokPDawAAAQAAAQ.jpg,1,64,64
A_W-HLSo2GkJIAAAAAAAAAAAAAAQAAAQ.jpg,A_9_VjT5AcH1cAAAAAAAAAAAAAAQAAAQ.jpg,1,64,64
A_W-HLSo2GkJIAAAAAAAAAAAAAAQAAAQ.jpg,A_jcJHTp85KP1kygxCgRGH9AAAAQAAAQ.jpg,1,64,64
A_0GHaQ5v1mnFBBtxPokPDawAAAQAAAQ.jpg,A_9_VjT5AcH1cAAAAAAAAAAAAAAQAAAQ.jpg,1,64,64
A_0GHaQ5v1mnFBBtxPokPDawAAAQAAAQ.jpg,A_jcJHTp85KP1kygxCgRGH9AAAAQAAAQ.jpg,1,64,64
A_9_VjT5AcH1cAAAAAAAAAAAAAAQAAAQ.jpg,A_jcJHTp85KP1kygxCgRGH9AAAAQAAAQ.jpg,1,64,64
A_zOObQob7uGMAAAAAAAAAAAAAAQAAAQ.jpg,A_8gUmSoxIHOIAAAAAAAAAAAAAAQAAAQ.jpg,1,65,65
A_zOObQob7uGMAAAAAAAAAAAAAAQAAAQ.jpg,A_5dhIRrfer5YAAAAAAAAAAAAAAQAAAQ.jpg,1,65,65
A_zOObQob7uGMAAAAAAAAAAAAAAQAAAQ.jpg,A_fw0nSIvq86cAAAAAAAAAAAAAAQAAAQ.jpg,1,65,65
A_zOObQob7uGMAAAAAAAAAAAAAAQAAAQ.jpg,A_vU42Q7tLTYYAAAAAAAAAAAAAAQAAAQ.jpg,1,65,65
A_zOObQob7uGMAAAAAAAAAAAAAAQAAAQ.jpg,A_eUwvR77C5UwAAAAAAAAAAAAAAQAAAQ.jpg,1,65,65
A_8gUmSoxIHOIAAAAAAAAAAAAAAQAAAQ.jpg,A_5dhIRrfer5YAAAAAAAAAAAAAAQAAAQ.jpg,1,65,65
A_8gUmSoxIHOIAAAAAAAAAAAAAAQAAAQ.jpg,A_fw0nSIvq86cAAAAAAAAAAAAAAQAAAQ.jpg,1,65,65
A_8gUmSoxIHOIAAAAAAAAAAAAAAQAAAQ.jpg,A_vU42Q7tLTYYAAAAAAAAAAAAAAQAAAQ.jpg,1,65,65
A_8gUmSoxIHOIAAAAAAAAAAAAAAQAAAQ.jpg,A_eUwvR77C5UwAAAAAAAAAAAAAAQAAAQ.jpg,1,65,65
A_5dhIRrfer5YAAAAAAAAAAAAAAQAAAQ.jpg,A_fw0nSIvq86cAAAAAAAAAAAAAAQAAAQ.jpg,1,65,65
A_5dhIRrfer5YAAAAAAAAAAAAAAQAAAQ.jpg,A_vU42Q7tLTYYAAAAAAAAAAAAAAQAAAQ.jpg,1,65,65
A_5dhIRrfer5YAAAAAAAAAAAAAAQAAAQ.jpg,A_eUwvR77C5UwAAAAAAAAAAAAAAQAAAQ.jpg,1,65,65
A_fw0nSIvq86cAAAAAAAAAAAAAAQAAAQ.jpg,A_vU42Q7tLTYYAAAAAAAAAAAAAAQAAAQ.jpg,1,65,65
A_fw0nSIvq86cAAAAAAAAAAAAAAQAAAQ.jpg,A_eUwvR77C5UwAAAAAAAAAAAAAAQAAAQ.jpg,1,65,65
A_vU42Q7tLTYYAAAAAAAAAAAAAAQAAAQ.jpg,A_eUwvR77C5UwAAAAAAAAAAAAAAQAAAQ.jpg,1,65,65
A_ysxzSpSaAJ0AAAAAAAAAAAAAAQAAAQ.jpg,A_EN1PTpOOkWkAAAAAAAAAAAAAAQAAAQ.jpg,1,66,66
A_ysxzSpSaAJ0AAAAAAAAAAAAAAQAAAQ.jpg,A_3sPRTprtYa8AAAAAAAAAAAAAAQAAAQ.jpg,1,66,66
A_ysxzSpSaAJ0AAAAAAAAAAAAAAQAAAQ.jpg,A_CMybSaizJokAAAAAAAAAAAAAAQAAAQ.jpg,1,66,66
A_ysxzSpSaAJ0AAAAAAAAAAAAAAQAAAQ.jpg,A_05j1Q7VInwsAAAAAAAAAAAAAAQAAAQ.jpg,1,66,66
A_ysxzSpSaAJ0AAAAAAAAAAAAAAQAAAQ.jpg,A_J1z5T53U6AcAAAAAAAAAAAAAAQAAAQ.jpg,1,66,66
A_EN1PTpOOkWkAAAAAAAAAAAAAAQAAAQ.jpg,A_3sPRTprtYa8AAAAAAAAAAAAAAQAAAQ.jpg,1,66,66
A_EN1PTpOOkWkAAAAAAAAAAAAAAQAAAQ.jpg,A_CMybSaizJokAAAAAAAAAAAAAAQAAAQ.jpg,1,66,66
A_EN1PTpOOkWkAAAAAAAAAAAAAAQAAAQ.jpg,A_05j1Q7VInwsAAAAAAAAAAAAAAQAAAQ.jpg,1,66,66
A_EN1PTpOOkWkAAAAAAAAAAAAAAQAAAQ.jpg,A_J1z5T53U6AcAAAAAAAAAAAAAAQAAAQ.jpg,1,66,66
A_3sPRTprtYa8AAAAAAAAAAAAAAQAAAQ.jpg,A_CMybSaizJokAAAAAAAAAAAAAAQAAAQ.jpg,1,66,66
A_3sPRTprtYa8AAAAAAAAAAAAAAQAAAQ.jpg,A_05j1Q7VInwsAAAAAAAAAAAAAAQAAAQ.jpg,1,66,66
A_3sPRTprtYa8AAAAAAAAAAAAAAQAAAQ.jpg,A_J1z5T53U6AcAAAAAAAAAAAAAAQAAAQ.jpg,1,66,66
A_CMybSaizJokAAAAAAAAAAAAAAQAAAQ.jpg,A_05j1Q7VInwsAAAAAAAAAAAAAAQAAAQ.jpg,1,66,66
A_CMybSaizJokAAAAAAAAAAAAAAQAAAQ.jpg,A_J1z5T53U6AcAAAAAAAAAAAAAAQAAAQ.jpg,1,66,66
A_05j1Q7VInwsAAAAAAAAAAAAAAQAAAQ.jpg,A_J1z5T53U6AcAAAAAAAAAAAAAAQAAAQ.jpg,1,66,66
A_BjK-Q5Y-6PIAAAAAAAAAAAAAAQAAAQ.jpg,A_WIkoSofHxNkAAAAAAAAAAAAAAQAAAQ.jpg,1,67,67
A_BjK-Q5Y-6PIAAAAAAAAAAAAAAQAAAQ.jpg,A_JAkWS63CU4MAAAAAAAAAAAAAAQAAAQ.jpg,1,67,67
A_BjK-Q5Y-6PIAAAAAAAAAAAAAAQAAAQ.jpg,A_EcV-QL_t4UAAAAAAAAAAAAAAAQAAAQ.jpg,1,67,67
A_BjK-Q5Y-6PIAAAAAAAAAAAAAAQAAAQ.jpg,A_GLFkSoz8JgAAAAAAAAAAAAAAAQAAAQ.jpg,1,67,67
A_BjK-Q5Y-6PIAAAAAAAAAAAAAAQAAAQ.jpg,A_zVV9QJHiLggAAAAAAAAAAAAAAQAAAQ.jpg,1,67,67
A_WIkoSofHxNkAAAAAAAAAAAAAAQAAAQ.jpg,A_JAkWS63CU4MAAAAAAAAAAAAAAQAAAQ.jpg,1,67,67
A_WIkoSofHxNkAAAAAAAAAAAAAAQAAAQ.jpg,A_EcV-QL_t4UAAAAAAAAAAAAAAAQAAAQ.jpg,1,67,67
A_WIkoSofHxNkAAAAAAAAAAAAAAQAAAQ.jpg,A_GLFkSoz8JgAAAAAAAAAAAAAAAQAAAQ.jpg,1,67,67
A_WIkoSofHxNkAAAAAAAAAAAAAAQAAAQ.jpg,A_zVV9QJHiLggAAAAAAAAAAAAAAQAAAQ.jpg,1,67,67
A_JAkWS63CU4MAAAAAAAAAAAAAAQAAAQ.jpg,A_EcV-QL_t4UAAAAAAAAAAAAAAAQAAAQ.jpg,1,67,67
A_JAkWS63CU4MAAAAAAAAAAAAAAQAAAQ.jpg,A_GLFkSoz8JgAAAAAAAAAAAAAAAQAAAQ.jpg,1,67,67
A_JAkWS63CU4MAAAAAAAAAAAAAAQAAAQ.jpg,A_zVV9QJHiLggAAAAAAAAAAAAAAQAAAQ.jpg,1,67,67
A_EcV-QL_t4UAAAAAAAAAAAAAAAQAAAQ.jpg,A_GLFkSoz8JgAAAAAAAAAAAAAAAQAAAQ.jpg,1,67,67
A_EcV-QL_t4UAAAAAAAAAAAAAAAQAAAQ.jpg,A_zVV9QJHiLggAAAAAAAAAAAAAAQAAAQ.jpg,1,67,67
A_GLFkSoz8JgAAAAAAAAAAAAAAAQAAAQ.jpg,A_zVV9QJHiLggAAAAAAAAAAAAAAQAAAQ.jpg,1,67,67
A_JFQFRqCRuosXeWdMn9bYtQAAAQAAAQ.jpg,A_BXDpSpUjofgAAAAAAAAAAAAAAQAAAQ.jpg,1,68,68
A_JFQFRqCRuosXeWdMn9bYtQAAAQAAAQ.jpg,8quPjI33SE-iyYx4UOnjkQAAACMAARAD.jpg,1,68,68
A_JFQFRqCRuosXeWdMn9bYtQAAAQAAAQ.jpg,A_JFQFRqCRuov5T45LkZ8d6wAAAQAAAQ.jpg,1,68,68
A_JFQFRqCRuosXeWdMn9bYtQAAAQAAAQ.jpg,A_JFQFRqCRuosAAAAAAAAAAAAAAQAAAQ.jpg,1,68,68
A_JFQFRqCRuosXeWdMn9bYtQAAAQAAAQ.jpg,A_JFQFRqCRuouu-ldCkHSAIAAAAQAAAQ.jpg,1,68,68
A_BXDpSpUjofgAAAAAAAAAAAAAAQAAAQ.jpg,8quPjI33SE-iyYx4UOnjkQAAACMAARAD.jpg,1,68,68
A_BXDpSpUjofgAAAAAAAAAAAAAAQAAAQ.jpg,A_JFQFRqCRuov5T45LkZ8d6wAAAQAAAQ.jpg,1,68,68
A_BXDpSpUjofgAAAAAAAAAAAAAAQAAAQ.jpg,A_JFQFRqCRuosAAAAAAAAAAAAAAQAAAQ.jpg,1,68,68
A_BXDpSpUjofgAAAAAAAAAAAAAAQAAAQ.jpg,A_JFQFRqCRuouu-ldCkHSAIAAAAQAAAQ.jpg,1,68,68
8quPjI33SE-iyYx4UOnjkQAAACMAARAD.jpg,A_JFQFRqCRuov5T45LkZ8d6wAAAQAAAQ.jpg,1,68,68
8quPjI33SE-iyYx4UOnjkQAAACMAARAD.jpg,A_JFQFRqCRuosAAAAAAAAAAAAAAQAAAQ.jpg,1,68,68
8quPjI33SE-iyYx4UOnjkQAAACMAARAD.jpg,A_JFQFRqCRuouu-ldCkHSAIAAAAQAAAQ.jpg,1,68,68
A_JFQFRqCRuov5T45LkZ8d6wAAAQAAAQ.jpg,A_JFQFRqCRuosAAAAAAAAAAAAAAQAAAQ.jpg,1,68,68
A_JFQFRqCRuov5T45LkZ8d6wAAAQAAAQ.jpg,A_JFQFRqCRuouu-ldCkHSAIAAAAQAAAQ.jpg,1,68,68
A_JFQFRqCRuosAAAAAAAAAAAAAAQAAAQ.jpg,A_JFQFRqCRuouu-ldCkHSAIAAAAQAAAQ.jpg,1,68,68
A_a0W5TbtRiX4AAAAAAAAAAAAAAQAAAQ.jpg,A_QvWcTaeceMIAAAAAAAAAAAAAAQAAAQ.jpg,1,69,69
A_a0W5TbtRiX4AAAAAAAAAAAAAAQAAAQ.jpg,A_VRkpTYGugAYAAAAAAAAAAAAAAQAAAQ.jpg,1,69,69
A_a0W5TbtRiX4AAAAAAAAAAAAAAQAAAQ.jpg,A_Uga7SbOpyY0AAAAAAAAAAAAAAQAAAQ.jpg,1,69,69
A_a0W5TbtRiX4AAAAAAAAAAAAAAQAAAQ.jpg,A_aKs_R7ladhcAAAAAAAAAAAAAAQAAAQ.jpg,1,69,69
A_a0W5TbtRiX4AAAAAAAAAAAAAAQAAAQ.jpg,A_QR05Sq93mfIAAAAAAAAAAAAAAQAAAQ.jpg,1,69,69
A_QvWcTaeceMIAAAAAAAAAAAAAAQAAAQ.jpg,A_VRkpTYGugAYAAAAAAAAAAAAAAQAAAQ.jpg,1,69,69
A_QvWcTaeceMIAAAAAAAAAAAAAAQAAAQ.jpg,A_Uga7SbOpyY0AAAAAAAAAAAAAAQAAAQ.jpg,1,69,69
A_QvWcTaeceMIAAAAAAAAAAAAAAQAAAQ.jpg,A_aKs_R7ladhcAAAAAAAAAAAAAAQAAAQ.jpg,1,69,69
A_QvWcTaeceMIAAAAAAAAAAAAAAQAAAQ.jpg,A_QR05Sq93mfIAAAAAAAAAAAAAAQAAAQ.jpg,1,69,69
A_VRkpTYGugAYAAAAAAAAAAAAAAQAAAQ.jpg,A_Uga7SbOpyY0AAAAAAAAAAAAAAQAAAQ.jpg,1,69,69
A_VRkpTYGugAYAAAAAAAAAAAAAAQAAAQ.jpg,A_aKs_R7ladhcAAAAAAAAAAAAAAQAAAQ.jpg,1,69,69
A_VRkpTYGugAYAAAAAAAAAAAAAAQAAAQ.jpg,A_QR05Sq93mfIAAAAAAAAAAAAAAQAAAQ.jpg,1,69,69
A_Uga7SbOpyY0AAAAAAAAAAAAAAQAAAQ.jpg,A_aKs_R7ladhcAAAAAAAAAAAAAAQAAAQ.jpg,1,69,69
A_Uga7SbOpyY0AAAAAAAAAAAAAAQAAAQ.jpg,A_QR05Sq93mfIAAAAAAAAAAAAAAQAAAQ.jpg,1,69,69
A_aKs_R7ladhcAAAAAAAAAAAAAAQAAAQ.jpg,A_QR05Sq93mfIAAAAAAAAAAAAAAQAAAQ.jpg,1,69,69
32mJ2Fl5TkCqbcWzhvZbowAAACMAARAD.jpg,unXpdCHiSwq1IsIo2bI8PAAAACMAARAD.jpg,1,70,70
32mJ2Fl5TkCqbcWzhvZbowAAACMAARAD.jpg,1yv1XFmYQIqGC3ETpIuU2QAAACMAARAD.jpg,1,70,70
32mJ2Fl5TkCqbcWzhvZbowAAACMAARAD.jpg,bLTeDYoJSBixVjfTNNJNCwAAACMAARAD.jpg,1,70,70
32mJ2Fl5TkCqbcWzhvZbowAAACMAARAD.jpg,PXhnsQ6BSAW7VRUKjS1fswAAACMAARAD.jpg,1,70,70
32mJ2Fl5TkCqbcWzhvZbowAAACMAARAD.jpg,bFGitjnDRq-tq8QMMSegPgAAACMAARAD.jpg,1,70,70
unXpdCHiSwq1IsIo2bI8PAAAACMAARAD.jpg,1yv1XFmYQIqGC3ETpIuU2QAAACMAARAD.jpg,1,70,70
unXpdCHiSwq1IsIo2bI8PAAAACMAARAD.jpg,bLTeDYoJSBixVjfTNNJNCwAAACMAARAD.jpg,1,70,70
unXpdCHiSwq1IsIo2bI8PAAAACMAARAD.jpg,PXhnsQ6BSAW7VRUKjS1fswAAACMAARAD.jpg,1,70,70
unXpdCHiSwq1IsIo2bI8PAAAACMAARAD.jpg,bFGitjnDRq-tq8QMMSegPgAAACMAARAD.jpg,1,70,70
1yv1XFmYQIqGC3ETpIuU2QAAACMAARAD.jpg,bLTeDYoJSBixVjfTNNJNCwAAACMAARAD.jpg,1,70,70
1yv1XFmYQIqGC3ETpIuU2QAAACMAARAD.jpg,PXhnsQ6BSAW7VRUKjS1fswAAACMAARAD.jpg,1,70,70
1yv1XFmYQIqGC3ETpIuU2QAAACMAARAD.jpg,bFGitjnDRq-tq8QMMSegPgAAACMAARAD.jpg,1,70,70
bLTeDYoJSBixVjfTNNJNCwAAACMAARAD.jpg,PXhnsQ6BSAW7VRUKjS1fswAAACMAARAD.jpg,1,70,70
bLTeDYoJSBixVjfTNNJNCwAAACMAARAD.jpg,bFGitjnDRq-tq8QMMSegPgAAACMAARAD.jpg,1,70,70
PXhnsQ6BSAW7VRUKjS1fswAAACMAARAD.jpg,bFGitjnDRq-tq8QMMSegPgAAACMAARAD.jpg,1,70,70
nJgaXjMbQz6gOoKCxrXfQAAAACMAARAD.jpg,VhTnM3vfTZ-8xD9trXiLSAAAACMAARAD.jpg,1,71,71
nJgaXjMbQz6gOoKCxrXfQAAAACMAARAD.jpg,YogXrvTpT3CF9S-8BEORggAAACMAARAD.jpg,1,71,71
nJgaXjMbQz6gOoKCxrXfQAAAACMAARAD.jpg,5Ex230jYRSyT4TtBSWJ8EwAAACMAARAD.jpg,1,71,71
nJgaXjMbQz6gOoKCxrXfQAAAACMAARAD.jpg,Nr4fpTnSRWGdwsellE27SQAAACMAARAD.jpg,1,71,71
nJgaXjMbQz6gOoKCxrXfQAAAACMAARAD.jpg,B4vLF17OQ7iz0JDSOsJBYwAAACMAARAD.jpg,1,71,71
VhTnM3vfTZ-8xD9trXiLSAAAACMAARAD.jpg,YogXrvTpT3CF9S-8BEORggAAACMAARAD.jpg,1,71,71
VhTnM3vfTZ-8xD9trXiLSAAAACMAARAD.jpg,5Ex230jYRSyT4TtBSWJ8EwAAACMAARAD.jpg,1,71,71
VhTnM3vfTZ-8xD9trXiLSAAAACMAARAD.jpg,Nr4fpTnSRWGdwsellE27SQAAACMAARAD.jpg,1,71,71
VhTnM3vfTZ-8xD9trXiLSAAAACMAARAD.jpg,B4vLF17OQ7iz0JDSOsJBYwAAACMAARAD.jpg,1,71,71
YogXrvTpT3CF9S-8BEORggAAACMAARAD.jpg,5Ex230jYRSyT4TtBSWJ8EwAAACMAARAD.jpg,1,71,71
YogXrvTpT3CF9S-8BEORggAAACMAARAD.jpg,Nr4fpTnSRWGdwsellE27SQAAACMAARAD.jpg,1,71,71
YogXrvTpT3CF9S-8BEORggAAACMAARAD.jpg,B4vLF17OQ7iz0JDSOsJBYwAAACMAARAD.jpg,1,71,71
5Ex230jYRSyT4TtBSWJ8EwAAACMAARAD.jpg,Nr4fpTnSRWGdwsellE27SQAAACMAARAD.jpg,1,71,71
5Ex230jYRSyT4TtBSWJ8EwAAACMAARAD.jpg,B4vLF17OQ7iz0JDSOsJBYwAAACMAARAD.jpg,1,71,71
Nr4fpTnSRWGdwsellE27SQAAACMAARAD.jpg,B4vLF17OQ7iz0JDSOsJBYwAAACMAARAD.jpg,1,71,71
spShQhU4QW2E7C_-GrtwBwAAACMAARAD.jpg,tZ9Ffj0eTdiamVFL64HrAwAAACMAARAD.jpg,1,72,72
spShQhU4QW2E7C_-GrtwBwAAACMAARAD.jpg,dyxtW91GQ3m1hwcxGe6xNQAAACMAARAD.jpg,1,72,72
spShQhU4QW2E7C_-GrtwBwAAACMAARAD.jpg,qgavx9MpTKmRS4fnYbYGyQAAACMAARAD.jpg,1,72,72
spShQhU4QW2E7C_-GrtwBwAAACMAARAD.jpg,_Gk8A1x2SNG4u7FHq0Ix4wAAACMAARAD.jpg,1,72,72
spShQhU4QW2E7C_-GrtwBwAAACMAARAD.jpg,bMTOZCIyTXCpPa4ub3bHTQAAACMAARAD.jpg,1,72,72
tZ9Ffj0eTdiamVFL64HrAwAAACMAARAD.jpg,dyxtW91GQ3m1hwcxGe6xNQAAACMAARAD.jpg,1,72,72
tZ9Ffj0eTdiamVFL64HrAwAAACMAARAD.jpg,qgavx9MpTKmRS4fnYbYGyQAAACMAARAD.jpg,1,72,72
tZ9Ffj0eTdiamVFL64HrAwAAACMAARAD.jpg,_Gk8A1x2SNG4u7FHq0Ix4wAAACMAARAD.jpg,1,72,72
tZ9Ffj0eTdiamVFL64HrAwAAACMAARAD.jpg,bMTOZCIyTXCpPa4ub3bHTQAAACMAARAD.jpg,1,72,72
dyxtW91GQ3m1hwcxGe6xNQAAACMAARAD.jpg,qgavx9MpTKmRS4fnYbYGyQAAACMAARAD.jpg,1,72,72
dyxtW91GQ3m1hwcxGe6xNQAAACMAARAD.jpg,_Gk8A1x2SNG4u7FHq0Ix4wAAACMAARAD.jpg,1,72,72
dyxtW91GQ3m1hwcxGe6xNQAAACMAARAD.jpg,bMTOZCIyTXCpPa4ub3bHTQAAACMAARAD.jpg,1,72,72
qgavx9MpTKmRS4fnYbYGyQAAACMAARAD.jpg,_Gk8A1x2SNG4u7FHq0Ix4wAAACMAARAD.jpg,1,72,72
qgavx9MpTKmRS4fnYbYGyQAAACMAARAD.jpg,bMTOZCIyTXCpPa4ub3bHTQAAACMAARAD.jpg,1,72,72
_Gk8A1x2SNG4u7FHq0Ix4wAAACMAARAD.jpg,bMTOZCIyTXCpPa4ub3bHTQAAACMAARAD.jpg,1,72,72
A_yqalTI6j368AAAAAAAAAAAAAAQAAAQ.jpg,A_f0N3RpGHGX4AAAAAAAAAAAAAAQAAAQ.jpg,1,73,73
A_yqalTI6j368AAAAAAAAAAAAAAQAAAQ.jpg,A_GY4mTYZYWJ0AAAAAAAAAAAAAAQAAAQ.jpg,1,73,73
A_yqalTI6j368AAAAAAAAAAAAAAQAAAQ.jpg,A_H2d7SazIiaAAAAAAAAAAAAAAAQAAAQ.jpg,1,73,73
A_yqalTI6j368AAAAAAAAAAAAAAQAAAQ.jpg,A_zkBxSpasz7MAAAAAAAAAAAAAAQAAAQ.jpg,1,73,73
A_yqalTI6j368AAAAAAAAAAAAAAQAAAQ.jpg,A_rZkOR6rZ9rgAAAAAAAAAAAAAAQAAAQ.jpg,1,73,73
A_f0N3RpGHGX4AAAAAAAAAAAAAAQAAAQ.jpg,A_GY4mTYZYWJ0AAAAAAAAAAAAAAQAAAQ.jpg,1,73,73
A_f0N3RpGHGX4AAAAAAAAAAAAAAQAAAQ.jpg,A_H2d7SazIiaAAAAAAAAAAAAAAAQAAAQ.jpg,1,73,73
A_f0N3RpGHGX4AAAAAAAAAAAAAAQAAAQ.jpg,A_zkBxSpasz7MAAAAAAAAAAAAAAQAAAQ.jpg,1,73,73
A_f0N3RpGHGX4AAAAAAAAAAAAAAQAAAQ.jpg,A_rZkOR6rZ9rgAAAAAAAAAAAAAAQAAAQ.jpg,1,73,73
A_GY4mTYZYWJ0AAAAAAAAAAAAAAQAAAQ.jpg,A_H2d7SazIiaAAAAAAAAAAAAAAAQAAAQ.jpg,1,73,73
A_GY4mTYZYWJ0AAAAAAAAAAAAAAQAAAQ.jpg,A_zkBxSpasz7MAAAAAAAAAAAAAAQAAAQ.jpg,1,73,73
A_GY4mTYZYWJ0AAAAAAAAAAAAAAQAAAQ.jpg,A_rZkOR6rZ9rgAAAAAAAAAAAAAAQAAAQ.jpg,1,73,73
A_H2d7SazIiaAAAAAAAAAAAAAAAQAAAQ.jpg,A_zkBxSpasz7MAAAAAAAAAAAAAAQAAAQ.jpg,1,73,73
A_H2d7SazIiaAAAAAAAAAAAAAAAQAAAQ.jpg,A_rZkOR6rZ9rgAAAAAAAAAAAAAAQAAAQ.jpg,1,73,73
A_zkBxSpasz7MAAAAAAAAAAAAAAQAAAQ.jpg,A_rZkOR6rZ9rgAAAAAAAAAAAAAAQAAAQ.jpg,1,73,73
A_hbD0T7EIoRYAAAAAAAAAAAAAAQAAAQ.jpg,A_ul0zRLO4ulQAAAAAAAAAAAAAAQAAAQ.jpg,1,74,74
A_hbD0T7EIoRYAAAAAAAAAAAAAAQAAAQ.jpg,A_Uj6uSofgBi8AAAAAAAAAAAAAAQAAAQ.jpg,1,74,74
A_hbD0T7EIoRYAAAAAAAAAAAAAAQAAAQ.jpg,A_JJxfRa1-EmUAAAAAAAAAAAAAAQAAAQ.jpg,1,74,74
A_hbD0T7EIoRYAAAAAAAAAAAAAAQAAAQ.jpg,A_pGC9TI631dMAAAAAAAAAAAAAAQAAAQ.jpg,1,74,74
A_hbD0T7EIoRYAAAAAAAAAAAAAAQAAAQ.jpg,A_kcFGTZE2RQoAAAAAAAAAAAAAAQAAAQ.jpg,1,74,74
A_ul0zRLO4ulQAAAAAAAAAAAAAAQAAAQ.jpg,A_Uj6uSofgBi8AAAAAAAAAAAAAAQAAAQ.jpg,1,74,74
A_ul0zRLO4ulQAAAAAAAAAAAAAAQAAAQ.jpg,A_JJxfRa1-EmUAAAAAAAAAAAAAAQAAAQ.jpg,1,74,74
A_ul0zRLO4ulQAAAAAAAAAAAAAAQAAAQ.jpg,A_pGC9TI631dMAAAAAAAAAAAAAAQAAAQ.jpg,1,74,74
A_ul0zRLO4ulQAAAAAAAAAAAAAAQAAAQ.jpg,A_kcFGTZE2RQoAAAAAAAAAAAAAAQAAAQ.jpg,1,74,74
A_Uj6uSofgBi8AAAAAAAAAAAAAAQAAAQ.jpg,A_JJxfRa1-EmUAAAAAAAAAAAAAAQAAAQ.jpg,1,74,74
A_Uj6uSofgBi8AAAAAAAAAAAAAAQAAAQ.jpg,A_pGC9TI631dMAAAAAAAAAAAAAAQAAAQ.jpg,1,74,74
A_Uj6uSofgBi8AAAAAAAAAAAAAAQAAAQ.jpg,A_kcFGTZE2RQoAAAAAAAAAAAAAAQAAAQ.jpg,1,74,74
A_JJxfRa1-EmUAAAAAAAAAAAAAAQAAAQ.jpg,A_pGC9TI631dMAAAAAAAAAAAAAAQAAAQ.jpg,1,74,74
A_JJxfRa1-EmUAAAAAAAAAAAAAAQAAAQ.jpg,A_kcFGTZE2RQoAAAAAAAAAAAAAAQAAAQ.jpg,1,74,74
A_pGC9TI631dMAAAAAAAAAAAAAAQAAAQ.jpg,A_kcFGTZE2RQoAAAAAAAAAAAAAAQAAAQ.jpg,1,74,74
A_jC-uQI9wmRgAAAAAAAAAAAAAAQAAAQ.jpg,A_lMdgRabNaFYAAAAAAAAAAAAAAQAAAQ.jpg,1,75,75
A_jC-uQI9wmRgAAAAAAAAAAAAAAQAAAQ.jpg,A_bviuQLcssIIAAAAAAAAAAAAAAQAAAQ.jpg,1,75,75
A_jC-uQI9wmRgAAAAAAAAAAAAAAQAAAQ.jpg,A_IeYBSaupD3QAAAAAAAAAAAAAAQAAAQ.jpg,1,75,75
A_jC-uQI9wmRgAAAAAAAAAAAAAAQAAAQ.jpg,A_JvhQSaZL14UAAAAAAAAAAAAAAQAAAQ.jpg,1,75,75
A_jC-uQI9wmRgAAAAAAAAAAAAAAQAAAQ.jpg,A_29WIRrT3Pg4AAAAAAAAAAAAAAQAAAQ.jpg,1,75,75
A_lMdgRabNaFYAAAAAAAAAAAAAAQAAAQ.jpg,A_bviuQLcssIIAAAAAAAAAAAAAAQAAAQ.jpg,1,75,75
A_lMdgRabNaFYAAAAAAAAAAAAAAQAAAQ.jpg,A_IeYBSaupD3QAAAAAAAAAAAAAAQAAAQ.jpg,1,75,75
A_lMdgRabNaFYAAAAAAAAAAAAAAQAAAQ.jpg,A_JvhQSaZL14UAAAAAAAAAAAAAAQAAAQ.jpg,1,75,75
A_lMdgRabNaFYAAAAAAAAAAAAAAQAAAQ.jpg,A_29WIRrT3Pg4AAAAAAAAAAAAAAQAAAQ.jpg,1,75,75
A_bviuQLcssIIAAAAAAAAAAAAAAQAAAQ.jpg,A_IeYBSaupD3QAAAAAAAAAAAAAAQAAAQ.jpg,1,75,75
A_bviuQLcssIIAAAAAAAAAAAAAAQAAAQ.jpg,A_JvhQSaZL14UAAAAAAAAAAAAAAQAAAQ.jpg,1,75,75
A_bviuQLcssIIAAAAAAAAAAAAAAQAAAQ.jpg,A_29WIRrT3Pg4AAAAAAAAAAAAAAQAAAQ.jpg,1,75,75
A_IeYBSaupD3QAAAAAAAAAAAAAAQAAAQ.jpg,A_JvhQSaZL14UAAAAAAAAAAAAAAQAAAQ.jpg,1,75,75
A_IeYBSaupD3QAAAAAAAAAAAAAAQAAAQ.jpg,A_29WIRrT3Pg4AAAAAAAAAAAAAAQAAAQ.jpg,1,75,75
A_JvhQSaZL14UAAAAAAAAAAAAAAQAAAQ.jpg,A_29WIRrT3Pg4AAAAAAAAAAAAAAQAAAQ.jpg,1,75,75
A_rXDyRppz13cAAAAAAAAAAAAAAQAAAQ.jpg,A_5P07RJ-PIlkAAAAAAAAAAAAAAQAAAQ.jpg,1,76,76
A_rXDyRppz13cAAAAAAAAAAAAAAQAAAQ.jpg,A_oTz0Q6Q2sBMAAAAAAAAAAAAAAQAAAQ.jpg,1,76,76
A_rXDyRppz13cAAAAAAAAAAAAAAQAAAQ.jpg,A_p4flTrdsBe8AAAAAAAAAAAAAAQAAAQ.jpg,1,76,76
A_rXDyRppz13cAAAAAAAAAAAAAAQAAAQ.jpg,A_5zh3RYWgmsoAAAAAAAAAAAAAAQAAAQ.jpg,1,76,76
A_rXDyRppz13cAAAAAAAAAAAAAAQAAAQ.jpg,A_yAvwQ7uJzdYAAAAAAAAAAAAAAQAAAQ.jpg,1,76,76
A_5P07RJ-PIlkAAAAAAAAAAAAAAQAAAQ.jpg,A_oTz0Q6Q2sBMAAAAAAAAAAAAAAQAAAQ.jpg,1,76,76
A_5P07RJ-PIlkAAAAAAAAAAAAAAQAAAQ.jpg,A_p4flTrdsBe8AAAAAAAAAAAAAAQAAAQ.jpg,1,76,76
A_5P07RJ-PIlkAAAAAAAAAAAAAAQAAAQ.jpg,A_5zh3RYWgmsoAAAAAAAAAAAAAAQAAAQ.jpg,1,76,76
A_5P07RJ-PIlkAAAAAAAAAAAAAAQAAAQ.jpg,A_yAvwQ7uJzdYAAAAAAAAAAAAAAQAAAQ.jpg,1,76,76
A_oTz0Q6Q2sBMAAAAAAAAAAAAAAQAAAQ.jpg,A_p4flTrdsBe8AAAAAAAAAAAAAAQAAAQ.jpg,1,76,76
A_oTz0Q6Q2sBMAAAAAAAAAAAAAAQAAAQ.jpg,A_5zh3RYWgmsoAAAAAAAAAAAAAAQAAAQ.jpg,1,76,76
A_oTz0Q6Q2sBMAAAAAAAAAAAAAAQAAAQ.jpg,A_yAvwQ7uJzdYAAAAAAAAAAAAAAQAAAQ.jpg,1,76,76
A_p4flTrdsBe8AAAAAAAAAAAAAAQAAAQ.jpg,A_5zh3RYWgmsoAAAAAAAAAAAAAAQAAAQ.jpg,1,76,76
A_p4flTrdsBe8AAAAAAAAAAAAAAQAAAQ.jpg,A_yAvwQ7uJzdYAAAAAAAAAAAAAAQAAAQ.jpg,1,76,76
A_5zh3RYWgmsoAAAAAAAAAAAAAAQAAAQ.jpg,A_yAvwQ7uJzdYAAAAAAAAAAAAAAQAAAQ.jpg,1,76,76
A_N0ukQ4h4un4AAAAAAAAAAAAAAQAAAQ.jpg,A_D6LoTIKJagkAAAAAAAAAAAAAAQAAAQ.jpg,1,77,77
A_N0ukQ4h4un4AAAAAAAAAAAAAAQAAAQ.jpg,A_0WXUTLnvAfUAAAAAAAAAAAAAAQAAAQ.jpg,1,77,77
A_N0ukQ4h4un4AAAAAAAAAAAAAAQAAAQ.jpg,A_6J5kQJhOduUAAAAAAAAAAAAAAQAAAQ.jpg,1,77,77
A_N0ukQ4h4un4AAAAAAAAAAAAAAQAAAQ.jpg,A_p9HhS7p0Ow0AAAAAAAAAAAAAAQAAAQ.jpg,1,77,77
A_N0ukQ4h4un4AAAAAAAAAAAAAAQAAAQ.jpg,A_fbzVQ5muvQIAAAAAAAAAAAAAAQAAAQ.jpg,1,77,77
A_D6LoTIKJagkAAAAAAAAAAAAAAQAAAQ.jpg,A_0WXUTLnvAfUAAAAAAAAAAAAAAQAAAQ.jpg,1,77,77
A_D6LoTIKJagkAAAAAAAAAAAAAAQAAAQ.jpg,A_6J5kQJhOduUAAAAAAAAAAAAAAQAAAQ.jpg,1,77,77
A_D6LoTIKJagkAAAAAAAAAAAAAAQAAAQ.jpg,A_p9HhS7p0Ow0AAAAAAAAAAAAAAQAAAQ.jpg,1,77,77
A_D6LoTIKJagkAAAAAAAAAAAAAAQAAAQ.jpg,A_fbzVQ5muvQIAAAAAAAAAAAAAAQAAAQ.jpg,1,77,77
A_0WXUTLnvAfUAAAAAAAAAAAAAAQAAAQ.jpg,A_6J5kQJhOduUAAAAAAAAAAAAAAQAAAQ.jpg,1,77,77
A_0WXUTLnvAfUAAAAAAAAAAAAAAQAAAQ.jpg,A_p9HhS7p0Ow0AAAAAAAAAAAAAAQAAAQ.jpg,1,77,77
A_0WXUTLnvAfUAAAAAAAAAAAAAAQAAAQ.jpg,A_fbzVQ5muvQIAAAAAAAAAAAAAAQAAAQ.jpg,1,77,77
A_6J5kQJhOduUAAAAAAAAAAAAAAQAAAQ.jpg,A_p9HhS7p0Ow0AAAAAAAAAAAAAAQAAAQ.jpg,1,77,77
A_6J5kQJhOduUAAAAAAAAAAAAAAQAAAQ.jpg,A_fbzVQ5muvQIAAAAAAAAAAAAAAQAAAQ.jpg,1,77,77
A_p9HhS7p0Ow0AAAAAAAAAAAAAAQAAAQ.jpg,A_fbzVQ5muvQIAAAAAAAAAAAAAAQAAAQ.jpg,1,77,77
A_ywmfQoWVLnUAAAAAAAAAAAAAAQAAAQ.jpg,A_50XaQoPLKsYAAAAAAAAAAAAAAQAAAQ.jpg,1,78,78
A_ywmfQoWVLnUAAAAAAAAAAAAAAQAAAQ.jpg,A_XfLkRYLFXGAAAAAAAAAAAAAAAQAAAQ.jpg,1,78,78
A_ywmfQoWVLnUAAAAAAAAAAAAAAQAAAQ.jpg,A_8SMFQ4ABOP4AAAAAAAAAAAAAAQAAAQ.jpg,1,78,78
A_ywmfQoWVLnUAAAAAAAAAAAAAAQAAAQ.jpg,A_SbRDQbZ63xkAAAAAAAAAAAAAAQAAAQ.jpg,1,78,78
A_ywmfQoWVLnUAAAAAAAAAAAAAAQAAAQ.jpg,A_XM12Tbb-EPQAAAAAAAAAAAAAAQAAAQ.jpg,1,78,78
A_50XaQoPLKsYAAAAAAAAAAAAAAQAAAQ.jpg,A_XfLkRYLFXGAAAAAAAAAAAAAAAQAAAQ.jpg,1,78,78
A_50XaQoPLKsYAAAAAAAAAAAAAAQAAAQ.jpg,A_8SMFQ4ABOP4AAAAAAAAAAAAAAQAAAQ.jpg,1,78,78
A_50XaQoPLKsYAAAAAAAAAAAAAAQAAAQ.jpg,A_SbRDQbZ63xkAAAAAAAAAAAAAAQAAAQ.jpg,1,78,78
A_50XaQoPLKsYAAAAAAAAAAAAAAQAAAQ.jpg,A_XM12Tbb-EPQAAAAAAAAAAAAAAQAAAQ.jpg,1,78,78
A_XfLkRYLFXGAAAAAAAAAAAAAAAQAAAQ.jpg,A_8SMFQ4ABOP4AAAAAAAAAAAAAAQAAAQ.jpg,1,78,78
A_XfLkRYLFXGAAAAAAAAAAAAAAAQAAAQ.jpg,A_SbRDQbZ63xkAAAAAAAAAAAAAAQAAAQ.jpg,1,78,78
A_XfLkRYLFXGAAAAAAAAAAAAAAAQAAAQ.jpg,A_XM12Tbb-EPQAAAAAAAAAAAAAAQAAAQ.jpg,1,78,78
A_8SMFQ4ABOP4AAAAAAAAAAAAAAQAAAQ.jpg,A_SbRDQbZ63xkAAAAAAAAAAAAAAQAAAQ.jpg,1,78,78
A_8SMFQ4ABOP4AAAAAAAAAAAAAAQAAAQ.jpg,A_XM12Tbb-EPQAAAAAAAAAAAAAAQAAAQ.jpg,1,78,78
A_SbRDQbZ63xkAAAAAAAAAAAAAAQAAAQ.jpg,A_XM12Tbb-EPQAAAAAAAAAAAAAAQAAAQ.jpg,1,78,78
A_TY-_RJN0r98AAAAAAAAAAAAAAQAAAQ.jpg,A_xKkVSpQDOR8AAAAAAAAAAAAAAQAAAQ.jpg,1,79,79
A_TY-_RJN0r98AAAAAAAAAAAAAAQAAAQ.jpg,A_zfe6Ta1sN6AAAAAAAAAAAAAAAQAAAQ.jpg,1,79,79
A_TY-_RJN0r98AAAAAAAAAAAAAAQAAAQ.jpg,A_eKPdQ7NuzWMAAAAAAAAAAAAAAQAAAQ.jpg,1,79,79
A_TY-_RJN0r98AAAAAAAAAAAAAAQAAAQ.jpg,A_ytyQTJU6ZKYAAAAAAAAAAAAAAQAAAQ.jpg,1,79,79
A_TY-_RJN0r98AAAAAAAAAAAAAAQAAAQ.jpg,A_bgtWT6j_LKkAAAAAAAAAAAAAAQAAAQ.jpg,1,79,79
A_xKkVSpQDOR8AAAAAAAAAAAAAAQAAAQ.jpg,A_zfe6Ta1sN6AAAAAAAAAAAAAAAQAAAQ.jpg,1,79,79
A_xKkVSpQDOR8AAAAAAAAAAAAAAQAAAQ.jpg,A_eKPdQ7NuzWMAAAAAAAAAAAAAAQAAAQ.jpg,1,79,79
A_xKkVSpQDOR8AAAAAAAAAAAAAAQAAAQ.jpg,A_ytyQTJU6ZKYAAAAAAAAAAAAAAQAAAQ.jpg,1,79,79
A_xKkVSpQDOR8AAAAAAAAAAAAAAQAAAQ.jpg,A_bgtWT6j_LKkAAAAAAAAAAAAAAQAAAQ.jpg,1,79,79
A_zfe6Ta1sN6AAAAAAAAAAAAAAAQAAAQ.jpg,A_eKPdQ7NuzWMAAAAAAAAAAAAAAQAAAQ.jpg,1,79,79
A_zfe6Ta1sN6AAAAAAAAAAAAAAAQAAAQ.jpg,A_ytyQTJU6ZKYAAAAAAAAAAAAAAQAAAQ.jpg,1,79,79
A_zfe6Ta1sN6AAAAAAAAAAAAAAAQAAAQ.jpg,A_bgtWT6j_LKkAAAAAAAAAAAAAAQAAAQ.jpg,1,79,79
A_eKPdQ7NuzWMAAAAAAAAAAAAAAQAAAQ.jpg,A_ytyQTJU6ZKYAAAAAAAAAAAAAAQAAAQ.jpg,1,79,79
A_eKPdQ7NuzWMAAAAAAAAAAAAAAQAAAQ.jpg,A_bgtWT6j_LKkAAAAAAAAAAAAAAQAAAQ.jpg,1,79,79
A_ytyQTJU6ZKYAAAAAAAAAAAAAAQAAAQ.jpg,A_bgtWT6j_LKkAAAAAAAAAAAAAAQAAAQ.jpg,1,79,79
A_9SFeTb8NkdwAAAAAAAAAAAAAAQAAAQ.jpg,A_hOPkQ74MAngAAAAAAAAAAAAAAQAAAQ.jpg,1,80,80
A_9SFeTb8NkdwAAAAAAAAAAAAAAQAAAQ.jpg,A_6xKYQ5BLeRAAAAAAAAAAAAAAAQAAAQ.jpg,1,80,80
A_9SFeTb8NkdwAAAAAAAAAAAAAAQAAAQ.jpg,A_S33KQZXSRKEAAAAAAAAAAAAAAQAAAQ.jpg,1,80,80
A_9SFeTb8NkdwAAAAAAAAAAAAAAQAAAQ.jpg,A_eCGwQpnlatEAAAAAAAAAAAAAAQAAAQ.jpg,1,80,80
A_9SFeTb8NkdwAAAAAAAAAAAAAAQAAAQ.jpg,A_FOIbSaYkQ0MAAAAAAAAAAAAAAQAAAQ.jpg,1,80,80
A_hOPkQ74MAngAAAAAAAAAAAAAAQAAAQ.jpg,A_6xKYQ5BLeRAAAAAAAAAAAAAAAQAAAQ.jpg,1,80,80
A_hOPkQ74MAngAAAAAAAAAAAAAAQAAAQ.jpg,A_S33KQZXSRKEAAAAAAAAAAAAAAQAAAQ.jpg,1,80,80
A_hOPkQ74MAngAAAAAAAAAAAAAAQAAAQ.jpg,A_eCGwQpnlatEAAAAAAAAAAAAAAQAAAQ.jpg,1,80,80
A_hOPkQ74MAngAAAAAAAAAAAAAAQAAAQ.jpg,A_FOIbSaYkQ0MAAAAAAAAAAAAAAQAAAQ.jpg,1,80,80
A_6xKYQ5BLeRAAAAAAAAAAAAAAAQAAAQ.jpg,A_S33KQZXSRKEAAAAAAAAAAAAAAQAAAQ.jpg,1,80,80
A_6xKYQ5BLeRAAAAAAAAAAAAAAAQAAAQ.jpg,A_eCGwQpnlatEAAAAAAAAAAAAAAQAAAQ.jpg,1,80,80
A_6xKYQ5BLeRAAAAAAAAAAAAAAAQAAAQ.jpg,A_FOIbSaYkQ0MAAAAAAAAAAAAAAQAAAQ.jpg,1,80,80
A_S33KQZXSRKEAAAAAAAAAAAAAAQAAAQ.jpg,A_eCGwQpnlatEAAAAAAAAAAAAAAQAAAQ.jpg,1,80,80
A_S33KQZXSRKEAAAAAAAAAAAAAAQAAAQ.jpg,A_FOIbSaYkQ0MAAAAAAAAAAAAAAQAAAQ.jpg,1,80,80
A_eCGwQpnlatEAAAAAAAAAAAAAAQAAAQ.jpg,A_FOIbSaYkQ0MAAAAAAAAAAAAAAQAAAQ.jpg,1,80,80
A_VsaDTIsMA8AAAAAAAAAAAAAAAQAAAQ.jpg,A_UIUSR7SsVxQAAAAAAAAAAAAAAQAAAQ.jpg,1,81,81
A_VsaDTIsMA8AAAAAAAAAAAAAAAQAAAQ.jpg,A_hFIsQqIAQwEAAAAAAAAAAAAAAQAAAQ.jpg,1,81,81
A_VsaDTIsMA8AAAAAAAAAAAAAAAQAAAQ.jpg,A_9C0_SY5HMwYAAAAAAAAAAAAAAQAAAQ.jpg,1,81,81
A_VsaDTIsMA8AAAAAAAAAAAAAAAQAAAQ.jpg,A_-gLFTpM2eMUAAAAAAAAAAAAAAQAAAQ.jpg,1,81,81
A_VsaDTIsMA8AAAAAAAAAAAAAAAQAAAQ.jpg,A_ArkTQ6Dnr04AAAAAAAAAAAAAAQAAAQ.jpg,1,81,81
A_UIUSR7SsVxQAAAAAAAAAAAAAAQAAAQ.jpg,A_hFIsQqIAQwEAAAAAAAAAAAAAAQAAAQ.jpg,1,81,81
A_UIUSR7SsVxQAAAAAAAAAAAAAAQAAAQ.jpg,A_9C0_SY5HMwYAAAAAAAAAAAAAAQAAAQ.jpg,1,81,81
A_UIUSR7SsVxQAAAAAAAAAAAAAAQAAAQ.jpg,A_-gLFTpM2eMUAAAAAAAAAAAAAAQAAAQ.jpg,1,81,81
A_UIUSR7SsVxQAAAAAAAAAAAAAAQAAAQ.jpg,A_ArkTQ6Dnr04AAAAAAAAAAAAAAQAAAQ.jpg,1,81,81
A_hFIsQqIAQwEAAAAAAAAAAAAAAQAAAQ.jpg,A_9C0_SY5HMwYAAAAAAAAAAAAAAQAAAQ.jpg,1,81,81
A_hFIsQqIAQwEAAAAAAAAAAAAAAQAAAQ.jpg,A_-gLFTpM2eMUAAAAAAAAAAAAAAQAAAQ.jpg,1,81,81
A_hFIsQqIAQwEAAAAAAAAAAAAAAQAAAQ.jpg,A_ArkTQ6Dnr04AAAAAAAAAAAAAAQAAAQ.jpg,1,81,81
A_9C0_SY5HMwYAAAAAAAAAAAAAAQAAAQ.jpg,A_-gLFTpM2eMUAAAAAAAAAAAAAAQAAAQ.jpg,1,81,81
A_9C0_SY5HMwYAAAAAAAAAAAAAAQAAAQ.jpg,A_ArkTQ6Dnr04AAAAAAAAAAAAAAQAAAQ.jpg,1,81,81
A_-gLFTpM2eMUAAAAAAAAAAAAAAQAAAQ.jpg,A_ArkTQ6Dnr04AAAAAAAAAAAAAAQAAAQ.jpg,1,81,81
A_K1SDTrzJRsMAAAAAAAAAAAAAAQAAAQ.jpg,A_Ieo9SKFx2U0AAAAAAAAAAAAAAQAAAQ.jpg,1,82,82
A_K1SDTrzJRsMAAAAAAAAAAAAAAQAAAQ.jpg,A_gGmBSI0ev4IAAAAAAAAAAAAAAQAAAQ.jpg,1,82,82
A_K1SDTrzJRsMAAAAAAAAAAAAAAQAAAQ.jpg,A_BRtzS61gGD4AAAAAAAAAAAAAAQAAAQ.jpg,1,82,82
A_K1SDTrzJRsMAAAAAAAAAAAAAAQAAAQ.jpg,A_GN8FS4YXEKMAAAAAAAAAAAAAAQAAAQ.jpg,1,82,82
A_K1SDTrzJRsMAAAAAAAAAAAAAAQAAAQ.jpg,A_begRQ7mAMWEAAAAAAAAAAAAAAQAAAQ.jpg,1,82,82
A_Ieo9SKFx2U0AAAAAAAAAAAAAAQAAAQ.jpg,A_gGmBSI0ev4IAAAAAAAAAAAAAAQAAAQ.jpg,1,82,82
A_Ieo9SKFx2U0AAAAAAAAAAAAAAQAAAQ.jpg,A_BRtzS61gGD4AAAAAAAAAAAAAAQAAAQ.jpg,1,82,82
A_Ieo9SKFx2U0AAAAAAAAAAAAAAQAAAQ.jpg,A_GN8FS4YXEKMAAAAAAAAAAAAAAQAAAQ.jpg,1,82,82
A_Ieo9SKFx2U0AAAAAAAAAAAAAAQAAAQ.jpg,A_begRQ7mAMWEAAAAAAAAAAAAAAQAAAQ.jpg,1,82,82
A_gGmBSI0ev4IAAAAAAAAAAAAAAQAAAQ.jpg,A_BRtzS61gGD4AAAAAAAAAAAAAAQAAAQ.jpg,1,82,82
A_gGmBSI0ev4IAAAAAAAAAAAAAAQAAAQ.jpg,A_GN8FS4YXEKMAAAAAAAAAAAAAAQAAAQ.jpg,1,82,82
A_gGmBSI0ev4IAAAAAAAAAAAAAAQAAAQ.jpg,A_begRQ7mAMWEAAAAAAAAAAAAAAQAAAQ.jpg,1,82,82
A_BRtzS61gGD4AAAAAAAAAAAAAAQAAAQ.jpg,A_GN8FS4YXEKMAAAAAAAAAAAAAAQAAAQ.jpg,1,82,82
A_BRtzS61gGD4AAAAAAAAAAAAAAQAAAQ.jpg,A_begRQ7mAMWEAAAAAAAAAAAAAAQAAAQ.jpg,1,82,82
A_GN8FS4YXEKMAAAAAAAAAAAAAAQAAAQ.jpg,A_begRQ7mAMWEAAAAAAAAAAAAAAQAAAQ.jpg,1,82,82
A_xt-fRpljCNgAAAAAAAAAAAAAAQAAAQ.jpg,A_cwILQL0IAHcAAAAAAAAAAAAAAQAAAQ.jpg,1,83,83
A_xt-fRpljCNgAAAAAAAAAAAAAAQAAAQ.jpg,A_qK3GTKpbnwAAAAAAAAAAAAAAAQAAAQ.jpg,1,83,83
A_xt-fRpljCNgAAAAAAAAAAAAAAQAAAQ.jpg,A_-YHERL8k2FUAAAAAAAAAAAAAAQAAAQ.jpg,1,83,83
A_xt-fRpljCNgAAAAAAAAAAAAAAQAAAQ.jpg,A_J29lTq0PoBYAAAAAAAAAAAAAAQAAAQ.jpg,1,83,83
A_xt-fRpljCNgAAAAAAAAAAAAAAQAAAQ.jpg,A_Z7bIS7KQQFUAAAAAAAAAAAAAAQAAAQ.jpg,1,83,83
A_cwILQL0IAHcAAAAAAAAAAAAAAQAAAQ.jpg,A_qK3GTKpbnwAAAAAAAAAAAAAAAQAAAQ.jpg,1,83,83
A_cwILQL0IAHcAAAAAAAAAAAAAAQAAAQ.jpg,A_-YHERL8k2FUAAAAAAAAAAAAAAQAAAQ.jpg,1,83,83
A_cwILQL0IAHcAAAAAAAAAAAAAAQAAAQ.jpg,A_J29lTq0PoBYAAAAAAAAAAAAAAQAAAQ.jpg,1,83,83
A_cwILQL0IAHcAAAAAAAAAAAAAAQAAAQ.jpg,A_Z7bIS7KQQFUAAAAAAAAAAAAAAQAAAQ.jpg,1,83,83
A_qK3GTKpbnwAAAAAAAAAAAAAAAQAAAQ.jpg,A_-YHERL8k2FUAAAAAAAAAAAAAAQAAAQ.jpg,1,83,83
A_qK3GTKpbnwAAAAAAAAAAAAAAAQAAAQ.jpg,A_J29lTq0PoBYAAAAAAAAAAAAAAQAAAQ.jpg,1,83,83
A_qK3GTKpbnwAAAAAAAAAAAAAAAQAAAQ.jpg,A_Z7bIS7KQQFUAAAAAAAAAAAAAAQAAAQ.jpg,1,83,83
A_-YHERL8k2FUAAAAAAAAAAAAAAQAAAQ.jpg,A_J29lTq0PoBYAAAAAAAAAAAAAAQAAAQ.jpg,1,83,83
A_-YHERL8k2FUAAAAAAAAAAAAAAQAAAQ.jpg,A_Z7bIS7KQQFUAAAAAAAAAAAAAAQAAAQ.jpg,1,83,83
A_J29lTq0PoBYAAAAAAAAAAAAAAQAAAQ.jpg,A_Z7bIS7KQQFUAAAAAAAAAAAAAAQAAAQ.jpg,1,83,83
A_wPnAQIK6lFQAAAAAAAAAAAAAAQAAAQ.jpg,A_7I0SQrB2PW8AAAAAAAAAAAAAAQAAAQ.jpg,1,84,84
A_wPnAQIK6lFQAAAAAAAAAAAAAAQAAAQ.jpg,A_SqQTTY_3jwUAAAAAAAAAAAAAAQAAAQ.jpg,1,84,84
A_wPnAQIK6lFQAAAAAAAAAAAAAAQAAAQ.jpg,A_92iARaRRPR8AAAAAAAAAAAAAAQAAAQ.jpg,1,84,84
A_wPnAQIK6lFQAAAAAAAAAAAAAAQAAAQ.jpg,A_tZlpQLPXXpQAAAAAAAAAAAAAAQAAAQ.jpg,1,84,84
A_wPnAQIK6lFQAAAAAAAAAAAAAAQAAAQ.jpg,A_PFW9QJAztYYAAAAAAAAAAAAAAQAAAQ.jpg,1,84,84
A_7I0SQrB2PW8AAAAAAAAAAAAAAQAAAQ.jpg,A_SqQTTY_3jwUAAAAAAAAAAAAAAQAAAQ.jpg,1,84,84
A_7I0SQrB2PW8AAAAAAAAAAAAAAQAAAQ.jpg,A_92iARaRRPR8AAAAAAAAAAAAAAQAAAQ.jpg,1,84,84
A_7I0SQrB2PW8AAAAAAAAAAAAAAQAAAQ.jpg,A_tZlpQLPXXpQAAAAAAAAAAAAAAQAAAQ.jpg,1,84,84
A_7I0SQrB2PW8AAAAAAAAAAAAAAQAAAQ.jpg,A_PFW9QJAztYYAAAAAAAAAAAAAAQAAAQ.jpg,1,84,84
A_SqQTTY_3jwUAAAAAAAAAAAAAAQAAAQ.jpg,A_92iARaRRPR8AAAAAAAAAAAAAAQAAAQ.jpg,1,84,84
A_SqQTTY_3jwUAAAAAAAAAAAAAAQAAAQ.jpg,A_tZlpQLPXXpQAAAAAAAAAAAAAAQAAAQ.jpg,1,84,84
A_SqQTTY_3jwUAAAAAAAAAAAAAAQAAAQ.jpg,A_PFW9QJAztYYAAAAAAAAAAAAAAQAAAQ.jpg,1,84,84
A_92iARaRRPR8AAAAAAAAAAAAAAQAAAQ.jpg,A_tZlpQLPXXpQAAAAAAAAAAAAAAQAAAQ.jpg,1,84,84
A_92iARaRRPR8AAAAAAAAAAAAAAQAAAQ.jpg,A_PFW9QJAztYYAAAAAAAAAAAAAAQAAAQ.jpg,1,84,84
A_tZlpQLPXXpQAAAAAAAAAAAAAAQAAAQ.jpg,A_PFW9QJAztYYAAAAAAAAAAAAAAQAAAQ.jpg,1,84,84
A_vXcfRYxmGwMAAAAAAAAAAAAAAQAAAQ.jpg,A_LZQHRJnzs8kAAAAAAAAAAAAAAQAAAQ.jpg,1,85,85
A_vXcfRYxmGwMAAAAAAAAAAAAAAQAAAQ.jpg,A_AxC7T5vfyIoAAAAAAAAAAAAAAQAAAQ.jpg,1,85,85
A_vXcfRYxmGwMAAAAAAAAAAAAAAQAAAQ.jpg,A_7agWQomXiksAAAAAAAAAAAAAAQAAAQ.jpg,1,85,85
A_vXcfRYxmGwMAAAAAAAAAAAAAAQAAAQ.jpg,A_PkYjToCAA08AAAAAAAAAAAAAAQAAAQ.jpg,1,85,85
A_vXcfRYxmGwMAAAAAAAAAAAAAAQAAAQ.jpg,A_DKclRY0LfJ8AAAAAAAAAAAAAAQAAAQ.jpg,1,85,85
A_LZQHRJnzs8kAAAAAAAAAAAAAAQAAAQ.jpg,A_AxC7T5vfyIoAAAAAAAAAAAAAAQAAAQ.jpg,1,85,85
A_LZQHRJnzs8kAAAAAAAAAAAAAAQAAAQ.jpg,A_7agWQomXiksAAAAAAAAAAAAAAQAAAQ.jpg,1,85,85
A_LZQHRJnzs8kAAAAAAAAAAAAAAQAAAQ.jpg,A_PkYjToCAA08AAAAAAAAAAAAAAQAAAQ.jpg,1,85,85
A_LZQHRJnzs8kAAAAAAAAAAAAAAQAAAQ.jpg,A_DKclRY0LfJ8AAAAAAAAAAAAAAQAAAQ.jpg,1,85,85
A_AxC7T5vfyIoAAAAAAAAAAAAAAQAAAQ.jpg,A_7agWQomXiksAAAAAAAAAAAAAAQAAAQ.jpg,1,85,85
A_AxC7T5vfyIoAAAAAAAAAAAAAAQAAAQ.jpg,A_PkYjToCAA08AAAAAAAAAAAAAAQAAAQ.jpg,1,85,85
A_AxC7T5vfyIoAAAAAAAAAAAAAAQAAAQ.jpg,A_DKclRY0LfJ8AAAAAAAAAAAAAAQAAAQ.jpg,1,85,85
A_7agWQomXiksAAAAAAAAAAAAAAQAAAQ.jpg,A_PkYjToCAA08AAAAAAAAAAAAAAQAAAQ.jpg,1,85,85
A_7agWQomXiksAAAAAAAAAAAAAAQAAAQ.jpg,A_DKclRY0LfJ8AAAAAAAAAAAAAAQAAAQ.jpg,1,85,85
A_PkYjToCAA08AAAAAAAAAAAAAAQAAAQ.jpg,A_DKclRY0LfJ8AAAAAAAAAAAAAAQAAAQ.jpg,1,85,85
A_Hr8iQJfMnWAAAAAAAAAAAAAAAQAAAQ.jpg,A_gFTnQbOQfY8AAAAAAAAAAAAAAQAAAQ.jpg,1,86,86
A_Hr8iQJfMnWAAAAAAAAAAAAAAAQAAAQ.jpg,A_-8egQoGBdtoAAAAAAAAAAAAAAQAAAQ.jpg,1,86,86
A_Hr8iQJfMnWAAAAAAAAAAAAAAAQAAAQ.jpg,A_wrCkQIW0mVgAAAAAAAAAAAAAAQAAAQ.jpg,1,86,86
A_Hr8iQJfMnWAAAAAAAAAAAAAAAQAAAQ.jpg,A__MyoS6tXD44AAAAAAAAAAAAAAQAAAQ.jpg,1,86,86
A_Hr8iQJfMnWAAAAAAAAAAAAAAAQAAAQ.jpg,A_0tvJRLe5_mUAAAAAAAAAAAAAAQAAAQ.jpg,1,86,86
A_gFTnQbOQfY8AAAAAAAAAAAAAAQAAAQ.jpg,A_-8egQoGBdtoAAAAAAAAAAAAAAQAAAQ.jpg,1,86,86
A_gFTnQbOQfY8AAAAAAAAAAAAAAQAAAQ.jpg,A_wrCkQIW0mVgAAAAAAAAAAAAAAQAAAQ.jpg,1,86,86
A_gFTnQbOQfY8AAAAAAAAAAAAAAQAAAQ.jpg,A__MyoS6tXD44AAAAAAAAAAAAAAQAAAQ.jpg,1,86,86
A_gFTnQbOQfY8AAAAAAAAAAAAAAQAAAQ.jpg,A_0tvJRLe5_mUAAAAAAAAAAAAAAQAAAQ.jpg,1,86,86
A_-8egQoGBdtoAAAAAAAAAAAAAAQAAAQ.jpg,A_wrCkQIW0mVgAAAAAAAAAAAAAAQAAAQ.jpg,1,86,86
A_-8egQoGBdtoAAAAAAAAAAAAAAQAAAQ.jpg,A__MyoS6tXD44AAAAAAAAAAAAAAQAAAQ.jpg,1,86,86
A_-8egQoGBdtoAAAAAAAAAAAAAAQAAAQ.jpg,A_0tvJRLe5_mUAAAAAAAAAAAAAAQAAAQ.jpg,1,86,86
A_wrCkQIW0mVgAAAAAAAAAAAAAAQAAAQ.jpg,A__MyoS6tXD44AAAAAAAAAAAAAAQAAAQ.jpg,1,86,86
A_wrCkQIW0mVgAAAAAAAAAAAAAAQAAAQ.jpg,A_0tvJRLe5_mUAAAAAAAAAAAAAAQAAAQ.jpg,1,86,86
A__MyoS6tXD44AAAAAAAAAAAAAAQAAAQ.jpg,A_0tvJRLe5_mUAAAAAAAAAAAAAAQAAAQ.jpg,1,86,86
A_0DqmSI5YLTYAAAAAAAAAAAAAAQAAAQ.jpg,A_D5prT4UpL5EAAAAAAAAAAAAAAQAAAQ.jpg,1,87,87
A_0DqmSI5YLTYAAAAAAAAAAAAAAQAAAQ.jpg,A_0mFaQoSKPVgAAAAAAAAAAAAAAQAAAQ.jpg,1,87,87
A_0DqmSI5YLTYAAAAAAAAAAAAAAQAAAQ.jpg,A_FblDSrIyEzUAAAAAAAAAAAAAAQAAAQ.jpg,1,87,87
A_0DqmSI5YLTYAAAAAAAAAAAAAAQAAAQ.jpg,A_zwTrTZWKybsAAAAAAAAAAAAAAQAAAQ.jpg,1,87,87
A_0DqmSI5YLTYAAAAAAAAAAAAAAQAAAQ.jpg,A__DG-QaId_tcAAAAAAAAAAAAAAQAAAQ.jpg,1,87,87
A_D5prT4UpL5EAAAAAAAAAAAAAAQAAAQ.jpg,A_0mFaQoSKPVgAAAAAAAAAAAAAAQAAAQ.jpg,1,87,87
A_D5prT4UpL5EAAAAAAAAAAAAAAQAAAQ.jpg,A_FblDSrIyEzUAAAAAAAAAAAAAAQAAAQ.jpg,1,87,87
A_D5prT4UpL5EAAAAAAAAAAAAAAQAAAQ.jpg,A_zwTrTZWKybsAAAAAAAAAAAAAAQAAAQ.jpg,1,87,87
A_D5prT4UpL5EAAAAAAAAAAAAAAQAAAQ.jpg,A__DG-QaId_tcAAAAAAAAAAAAAAQAAAQ.jpg,1,87,87
A_0mFaQoSKPVgAAAAAAAAAAAAAAQAAAQ.jpg,A_FblDSrIyEzUAAAAAAAAAAAAAAQAAAQ.jpg,1,87,87
A_0mFaQoSKPVgAAAAAAAAAAAAAAQAAAQ.jpg,A_zwTrTZWKybsAAAAAAAAAAAAAAQAAAQ.jpg,1,87,87
A_0mFaQoSKPVgAAAAAAAAAAAAAAQAAAQ.jpg,A__DG-QaId_tcAAAAAAAAAAAAAAQAAAQ.jpg,1,87,87
A_FblDSrIyEzUAAAAAAAAAAAAAAQAAAQ.jpg,A_zwTrTZWKybsAAAAAAAAAAAAAAQAAAQ.jpg,1,87,87
A_FblDSrIyEzUAAAAAAAAAAAAAAQAAAQ.jpg,A__DG-QaId_tcAAAAAAAAAAAAAAQAAAQ.jpg,1,87,87
A_zwTrTZWKybsAAAAAAAAAAAAAAQAAAQ.jpg,A__DG-QaId_tcAAAAAAAAAAAAAAQAAAQ.jpg,1,87,87
A_Md8QTJnt4HsAAAAAAAAAAAAAAQAAAQ.jpg,A_SyljToXBtGgAAAAAAAAAAAAAAQAAAQ.jpg,1,88,88
A_Md8QTJnt4HsAAAAAAAAAAAAAAQAAAQ.jpg,A_Er7KSKT6V0IAAAAAAAAAAAAAAQAAAQ.jpg,1,88,88
A_Md8QTJnt4HsAAAAAAAAAAAAAAQAAAQ.jpg,A_roDNRZHSdREAAAAAAAAAAAAAAQAAAQ.jpg,1,88,88
A_Md8QTJnt4HsAAAAAAAAAAAAAAQAAAQ.jpg,A_usXqRrG0zfAAAAAAAAAAAAAAAQAAAQ.jpg,1,88,88
A_Md8QTJnt4HsAAAAAAAAAAAAAAQAAAQ.jpg,A_D_R0SK73894AAAAAAAAAAAAAAQAAAQ.jpg,1,88,88
A_SyljToXBtGgAAAAAAAAAAAAAAQAAAQ.jpg,A_Er7KSKT6V0IAAAAAAAAAAAAAAQAAAQ.jpg,1,88,88
A_SyljToXBtGgAAAAAAAAAAAAAAQAAAQ.jpg,A_roDNRZHSdREAAAAAAAAAAAAAAQAAAQ.jpg,1,88,88
A_SyljToXBtGgAAAAAAAAAAAAAAQAAAQ.jpg,A_usXqRrG0zfAAAAAAAAAAAAAAAQAAAQ.jpg,1,88,88
A_SyljToXBtGgAAAAAAAAAAAAAAQAAAQ.jpg,A_D_R0SK73894AAAAAAAAAAAAAAQAAAQ.jpg,1,88,88
A_Er7KSKT6V0IAAAAAAAAAAAAAAQAAAQ.jpg,A_roDNRZHSdREAAAAAAAAAAAAAAQAAAQ.jpg,1,88,88
A_Er7KSKT6V0IAAAAAAAAAAAAAAQAAAQ.jpg,A_usXqRrG0zfAAAAAAAAAAAAAAAQAAAQ.jpg,1,88,88
A_Er7KSKT6V0IAAAAAAAAAAAAAAQAAAQ.jpg,A_D_R0SK73894AAAAAAAAAAAAAAQAAAQ.jpg,1,88,88
A_roDNRZHSdREAAAAAAAAAAAAAAQAAAQ.jpg,A_usXqRrG0zfAAAAAAAAAAAAAAAQAAAQ.jpg,1,88,88
A_roDNRZHSdREAAAAAAAAAAAAAAQAAAQ.jpg,A_D_R0SK73894AAAAAAAAAAAAAAQAAAQ.jpg,1,88,88
A_usXqRrG0zfAAAAAAAAAAAAAAAQAAAQ.jpg,A_D_R0SK73894AAAAAAAAAAAAAAQAAAQ.jpg,1,88,88
A_pICTQLbIAwkAAAAAAAAAAAAAAQAAAQ.jpg,A_fdNlRZAJ1LIAAAAAAAAAAAAAAQAAAQ.jpg,1,89,89
A_pICTQLbIAwkAAAAAAAAAAAAAAQAAAQ.jpg,A_g1RJRYomLtCGJS5AnNEITgAAAQAAAQ.jpg,1,89,89
A_pICTQLbIAwkAAAAAAAAAAAAAAQAAAQ.jpg,A_00INR7szioMAAAAAAAAAAAAAAQAAAQ.jpg,1,89,89
A_pICTQLbIAwkAAAAAAAAAAAAAAQAAAQ.jpg,A_dBt-RKWXGVIAAAAAAAAAAAAAAQAAAQ.jpg,1,89,89
A_pICTQLbIAwkAAAAAAAAAAAAAAQAAAQ.jpg,A_g1RJRYomLtAAAAAAAAAAAAAAAQAAAQ.jpg,1,89,89
A_fdNlRZAJ1LIAAAAAAAAAAAAAAQAAAQ.jpg,A_g1RJRYomLtCGJS5AnNEITgAAAQAAAQ.jpg,1,89,89
A_fdNlRZAJ1LIAAAAAAAAAAAAAAQAAAQ.jpg,A_00INR7szioMAAAAAAAAAAAAAAQAAAQ.jpg,1,89,89
A_fdNlRZAJ1LIAAAAAAAAAAAAAAQAAAQ.jpg,A_dBt-RKWXGVIAAAAAAAAAAAAAAQAAAQ.jpg,1,89,89
A_fdNlRZAJ1LIAAAAAAAAAAAAAAQAAAQ.jpg,A_g1RJRYomLtAAAAAAAAAAAAAAAQAAAQ.jpg,1,89,89
A_g1RJRYomLtCGJS5AnNEITgAAAQAAAQ.jpg,A_00INR7szioMAAAAAAAAAAAAAAQAAAQ.jpg,1,89,89
A_g1RJRYomLtCGJS5AnNEITgAAAQAAAQ.jpg,A_dBt-RKWXGVIAAAAAAAAAAAAAAQAAAQ.jpg,1,89,89
A_g1RJRYomLtCGJS5AnNEITgAAAQAAAQ.jpg,A_g1RJRYomLtAAAAAAAAAAAAAAAQAAAQ.jpg,1,89,89
A_00INR7szioMAAAAAAAAAAAAAAQAAAQ.jpg,A_dBt-RKWXGVIAAAAAAAAAAAAAAQAAAQ.jpg,1,89,89
A_00INR7szioMAAAAAAAAAAAAAAQAAAQ.jpg,A_g1RJRYomLtAAAAAAAAAAAAAAAQAAAQ.jpg,1,89,89
A_dBt-RKWXGVIAAAAAAAAAAAAAAQAAAQ.jpg,A_g1RJRYomLtAAAAAAAAAAAAAAAQAAAQ.jpg,1,89,89
A_MfjWQa58yzwAAAAAAAAAAAAAAQAAAQ.jpg,A_llXqTpsSgWwAAAAAAAAAAAAAAQAAAQ.jpg,1,90,90
A_MfjWQa58yzwAAAAAAAAAAAAAAQAAAQ.jpg,A_bU78Tpd1tvMAAAAAAAAAAAAAAQAAAQ.jpg,1,90,90
A_MfjWQa58yzwAAAAAAAAAAAAAAQAAAQ.jpg,A_UQQgTbu6c8UAAAAAAAAAAAAAAQAAAQ.jpg,1,90,90
A_MfjWQa58yzwAAAAAAAAAAAAAAQAAAQ.jpg,A_VgR1Q7EKYp8AAAAAAAAAAAAAAQAAAQ.jpg,1,90,90
A_MfjWQa58yzwAAAAAAAAAAAAAAQAAAQ.jpg,A_bWQgQawVwX4AAAAAAAAAAAAAAQAAAQ.jpg,1,90,90
A_llXqTpsSgWwAAAAAAAAAAAAAAQAAAQ.jpg,A_bU78Tpd1tvMAAAAAAAAAAAAAAQAAAQ.jpg,1,90,90
A_llXqTpsSgWwAAAAAAAAAAAAAAQAAAQ.jpg,A_UQQgTbu6c8UAAAAAAAAAAAAAAQAAAQ.jpg,1,90,90
A_llXqTpsSgWwAAAAAAAAAAAAAAQAAAQ.jpg,A_VgR1Q7EKYp8AAAAAAAAAAAAAAQAAAQ.jpg,1,90,90
A_llXqTpsSgWwAAAAAAAAAAAAAAQAAAQ.jpg,A_bWQgQawVwX4AAAAAAAAAAAAAAQAAAQ.jpg,1,90,90
A_bU78Tpd1tvMAAAAAAAAAAAAAAQAAAQ.jpg,A_UQQgTbu6c8UAAAAAAAAAAAAAAQAAAQ.jpg,1,90,90
A_bU78Tpd1tvMAAAAAAAAAAAAAAQAAAQ.jpg,A_VgR1Q7EKYp8AAAAAAAAAAAAAAQAAAQ.jpg,1,90,90
A_bU78Tpd1tvMAAAAAAAAAAAAAAQAAAQ.jpg,A_bWQgQawVwX4AAAAAAAAAAAAAAQAAAQ.jpg,1,90,90
A_UQQgTbu6c8UAAAAAAAAAAAAAAQAAAQ.jpg,A_VgR1Q7EKYp8AAAAAAAAAAAAAAQAAAQ.jpg,1,90,90
A_UQQgTbu6c8UAAAAAAAAAAAAAAQAAAQ.jpg,A_bWQgQawVwX4AAAAAAAAAAAAAAQAAAQ.jpg,1,90,90
A_VgR1Q7EKYp8AAAAAAAAAAAAAAQAAAQ.jpg,A_bWQgQawVwX4AAAAAAAAAAAAAAQAAAQ.jpg,1,90,90
A_TwpZTY7QUIUAAAAAAAAAAAAAAQAAAQ.jpg,A_qltmS7ZNsLUAAAAAAAAAAAAAAQAAAQ.jpg,1,91,91
A_TwpZTY7QUIUAAAAAAAAAAAAAAQAAAQ.jpg,A__zLJQayQmP0AAAAAAAAAAAAAAQAAAQ.jpg,1,91,91
A_TwpZTY7QUIUAAAAAAAAAAAAAAQAAAQ.jpg,A_voYkQZD7EsEAAAAAAAAAAAAAAQAAAQ.jpg,1,91,91
A_TwpZTY7QUIUAAAAAAAAAAAAAAQAAAQ.jpg,A_LQIQSpDZ01wAAAAAAAAAAAAAAQAAAQ.jpg,1,91,91
A_TwpZTY7QUIUAAAAAAAAAAAAAAQAAAQ.jpg,A_9T8iRZsNnOoAAAAAAAAAAAAAAQAAAQ.jpg,1,91,91
A_qltmS7ZNsLUAAAAAAAAAAAAAAQAAAQ.jpg,A__zLJQayQmP0AAAAAAAAAAAAAAQAAAQ.jpg,1,91,91
A_qltmS7ZNsLUAAAAAAAAAAAAAAQAAAQ.jpg,A_voYkQZD7EsEAAAAAAAAAAAAAAQAAAQ.jpg,1,91,91
A_qltmS7ZNsLUAAAAAAAAAAAAAAQAAAQ.jpg,A_LQIQSpDZ01wAAAAAAAAAAAAAAQAAAQ.jpg,1,91,91
A_qltmS7ZNsLUAAAAAAAAAAAAAAQAAAQ.jpg,A_9T8iRZsNnOoAAAAAAAAAAAAAAQAAAQ.jpg,1,91,91
A__zLJQayQmP0AAAAAAAAAAAAAAQAAAQ.jpg,A_voYkQZD7EsEAAAAAAAAAAAAAAQAAAQ.jpg,1,91,91
A__zLJQayQmP0AAAAAAAAAAAAAAQAAAQ.jpg,A_LQIQSpDZ01wAAAAAAAAAAAAAAQAAAQ.jpg,1,91,91
A__zLJQayQmP0AAAAAAAAAAAAAAQAAAQ.jpg,A_9T8iRZsNnOoAAAAAAAAAAAAAAQAAAQ.jpg,1,91,91
A_voYkQZD7EsEAAAAAAAAAAAAAAQAAAQ.jpg,A_LQIQSpDZ01wAAAAAAAAAAAAAAQAAAQ.jpg,1,91,91
A_voYkQZD7EsEAAAAAAAAAAAAAAQAAAQ.jpg,A_9T8iRZsNnOoAAAAAAAAAAAAAAQAAAQ.jpg,1,91,91
A_LQIQSpDZ01wAAAAAAAAAAAAAAQAAAQ.jpg,A_9T8iRZsNnOoAAAAAAAAAAAAAAQAAAQ.jpg,1,91,91
A_F67BSool6_AAAAAAAAAAAAAAAQAAAQ.jpg,A_ANj4S6gZrSgAAAAAAAAAAAAAAQAAAQ.jpg,1,92,92
A_F67BSool6_AAAAAAAAAAAAAAAQAAAQ.jpg,A_bRXsTaHKnjsAAAAAAAAAAAAAAQAAAQ.jpg,1,92,92
A_F67BSool6_AAAAAAAAAAAAAAAQAAAQ.jpg,A_JiCCQqK4VcEAAAAAAAAAAAAAAQAAAQ.jpg,1,92,92
A_F67BSool6_AAAAAAAAAAAAAAAQAAAQ.jpg,A_7Rs9Q46XFoAAAAAAAAAAAAAAAQAAAQ.jpg,1,92,92
A_F67BSool6_AAAAAAAAAAAAAAAQAAAQ.jpg,A_jjT_Q5XInXYAAAAAAAAAAAAAAQAAAQ.jpg,1,92,92
A_ANj4S6gZrSgAAAAAAAAAAAAAAQAAAQ.jpg,A_bRXsTaHKnjsAAAAAAAAAAAAAAQAAAQ.jpg,1,92,92
A_ANj4S6gZrSgAAAAAAAAAAAAAAQAAAQ.jpg,A_JiCCQqK4VcEAAAAAAAAAAAAAAQAAAQ.jpg,1,92,92
A_ANj4S6gZrSgAAAAAAAAAAAAAAQAAAQ.jpg,A_7Rs9Q46XFoAAAAAAAAAAAAAAAQAAAQ.jpg,1,92,92
A_ANj4S6gZrSgAAAAAAAAAAAAAAQAAAQ.jpg,A_jjT_Q5XInXYAAAAAAAAAAAAAAQAAAQ.jpg,1,92,92
A_bRXsTaHKnjsAAAAAAAAAAAAAAQAAAQ.jpg,A_JiCCQqK4VcEAAAAAAAAAAAAAAQAAAQ.jpg,1,92,92
A_bRXsTaHKnjsAAAAAAAAAAAAAAQAAAQ.jpg,A_7Rs9Q46XFoAAAAAAAAAAAAAAAQAAAQ.jpg,1,92,92
A_bRXsTaHKnjsAAAAAAAAAAAAAAQAAAQ.jpg,A_jjT_Q5XInXYAAAAAAAAAAAAAAQAAAQ.jpg,1,92,92
A_JiCCQqK4VcEAAAAAAAAAAAAAAQAAAQ.jpg,A_7Rs9Q46XFoAAAAAAAAAAAAAAAQAAAQ.jpg,1,92,92
A_JiCCQqK4VcEAAAAAAAAAAAAAAQAAAQ.jpg,A_jjT_Q5XInXYAAAAAAAAAAAAAAQAAAQ.jpg,1,92,92
A_7Rs9Q46XFoAAAAAAAAAAAAAAAQAAAQ.jpg,A_jjT_Q5XInXYAAAAAAAAAAAAAAQAAAQ.jpg,1,92,92
A_5X2gQreyAEgAAAAAAAAAAAAAAQAAAQ.jpg,A_sfE-TqYrEMMAAAAAAAAAAAAAAQAAAQ.jpg,1,93,93
A_5X2gQreyAEgAAAAAAAAAAAAAAQAAAQ.jpg,A_H_ulSqKIeUgAAAAAAAAAAAAAAQAAAQ.jpg,1,93,93
A_5X2gQreyAEgAAAAAAAAAAAAAAQAAAQ.jpg,A_72l5RJml1agAAAAAAAAAAAAAAQAAAQ.jpg,1,93,93
A_5X2gQreyAEgAAAAAAAAAAAAAAQAAAQ.jpg,A_f8MgS5sAGg0AAAAAAAAAAAAAAQAAAQ.jpg,1,93,93
A_5X2gQreyAEgAAAAAAAAAAAAAAQAAAQ.jpg,A_V_QRSLt5ASoAAAAAAAAAAAAAAQAAAQ.jpg,1,93,93
A_sfE-TqYrEMMAAAAAAAAAAAAAAQAAAQ.jpg,A_H_ulSqKIeUgAAAAAAAAAAAAAAQAAAQ.jpg,1,93,93
A_sfE-TqYrEMMAAAAAAAAAAAAAAQAAAQ.jpg,A_72l5RJml1agAAAAAAAAAAAAAAQAAAQ.jpg,1,93,93
A_sfE-TqYrEMMAAAAAAAAAAAAAAQAAAQ.jpg,A_f8MgS5sAGg0AAAAAAAAAAAAAAQAAAQ.jpg,1,93,93
A_sfE-TqYrEMMAAAAAAAAAAAAAAQAAAQ.jpg,A_V_QRSLt5ASoAAAAAAAAAAAAAAQAAAQ.jpg,1,93,93
A_H_ulSqKIeUgAAAAAAAAAAAAAAQAAAQ.jpg,A_72l5RJml1agAAAAAAAAAAAAAAQAAAQ.jpg,1,93,93
A_H_ulSqKIeUgAAAAAAAAAAAAAAQAAAQ.jpg,A_f8MgS5sAGg0AAAAAAAAAAAAAAQAAAQ.jpg,1,93,93
A_H_ulSqKIeUgAAAAAAAAAAAAAAQAAAQ.jpg,A_V_QRSLt5ASoAAAAAAAAAAAAAAQAAAQ.jpg,1,93,93
A_72l5RJml1agAAAAAAAAAAAAAAQAAAQ.jpg,A_f8MgS5sAGg0AAAAAAAAAAAAAAQAAAQ.jpg,1,93,93
A_72l5RJml1agAAAAAAAAAAAAAAQAAAQ.jpg,A_V_QRSLt5ASoAAAAAAAAAAAAAAQAAAQ.jpg,1,93,93
A_f8MgS5sAGg0AAAAAAAAAAAAAAQAAAQ.jpg,A_V_QRSLt5ASoAAAAAAAAAAAAAAQAAAQ.jpg,1,93,93
A_RI1UQ5lyw1EAAAAAAAAAAAAAAQAAAQ.jpg,A_9_SYSrcxl1UAAAAAAAAAAAAAAQAAAQ.jpg,1,94,94
A_RI1UQ5lyw1EAAAAAAAAAAAAAAQAAAQ.jpg,A_LlQfQ5eZYSAAAAAAAAAAAAAAAQAAAQ.jpg,1,94,94
A_RI1UQ5lyw1EAAAAAAAAAAAAAAQAAAQ.jpg,A_J9o_QJCEnBQAAAAAAAAAAAAAAQAAAQ.jpg,1,94,94
A_RI1UQ5lyw1EAAAAAAAAAAAAAAQAAAQ.jpg,A_eqkkQptcgkUAAAAAAAAAAAAAAQAAAQ.jpg,1,94,94
A_RI1UQ5lyw1EAAAAAAAAAAAAAAQAAAQ.jpg,A_o3aNQ59nIZoAAAAAAAAAAAAAAQAAAQ.jpg,1,94,94
A_9_SYSrcxl1UAAAAAAAAAAAAAAQAAAQ.jpg,A_LlQfQ5eZYSAAAAAAAAAAAAAAAQAAAQ.jpg,1,94,94
A_9_SYSrcxl1UAAAAAAAAAAAAAAQAAAQ.jpg,A_J9o_QJCEnBQAAAAAAAAAAAAAAQAAAQ.jpg,1,94,94
A_9_SYSrcxl1UAAAAAAAAAAAAAAQAAAQ.jpg,A_eqkkQptcgkUAAAAAAAAAAAAAAQAAAQ.jpg,1,94,94
A_9_SYSrcxl1UAAAAAAAAAAAAAAQAAAQ.jpg,A_o3aNQ59nIZoAAAAAAAAAAAAAAQAAAQ.jpg,1,94,94
A_LlQfQ5eZYSAAAAAAAAAAAAAAAQAAAQ.jpg,A_J9o_QJCEnBQAAAAAAAAAAAAAAQAAAQ.jpg,1,94,94
A_LlQfQ5eZYSAAAAAAAAAAAAAAAQAAAQ.jpg,A_eqkkQptcgkUAAAAAAAAAAAAAAQAAAQ.jpg,1,94,94
A_LlQfQ5eZYSAAAAAAAAAAAAAAAQAAAQ.jpg,A_o3aNQ59nIZoAAAAAAAAAAAAAAQAAAQ.jpg,1,94,94
A_J9o_QJCEnBQAAAAAAAAAAAAAAQAAAQ.jpg,A_eqkkQptcgkUAAAAAAAAAAAAAAQAAAQ.jpg,1,94,94
A_J9o_QJCEnBQAAAAAAAAAAAAAAQAAAQ.jpg,A_o3aNQ59nIZoAAAAAAAAAAAAAAQAAAQ.jpg,1,94,94
A_eqkkQptcgkUAAAAAAAAAAAAAAQAAAQ.jpg,A_o3aNQ59nIZoAAAAAAAAAAAAAAQAAAQ.jpg,1,94,94
A_e3GqTpb-UCYAAAAAAAAAAAAAAQAAAQ.jpg,A_NdSjRoOfRX4AAAAAAAAAAAAAAQAAAQ.jpg,1,95,95
A_e3GqTpb-UCYAAAAAAAAAAAAAAQAAAQ.jpg,A_W9fQSKt4JzUAAAAAAAAAAAAAAQAAAQ.jpg,1,95,95
A_e3GqTpb-UCYAAAAAAAAAAAAAAQAAAQ.jpg,A_Fs6DTJ51k3oAAAAAAAAAAAAAAQAAAQ.jpg,1,95,95
A_e3GqTpb-UCYAAAAAAAAAAAAAAQAAAQ.jpg,A_1Sm2RrE0saQAAAAAAAAAAAAAAQAAAQ.jpg,1,95,95
A_e3GqTpb-UCYAAAAAAAAAAAAAAQAAAQ.jpg,A_aMDbQ5OmVQ4AAAAAAAAAAAAAAQAAAQ.jpg,1,95,95
A_NdSjRoOfRX4AAAAAAAAAAAAAAQAAAQ.jpg,A_W9fQSKt4JzUAAAAAAAAAAAAAAQAAAQ.jpg,1,95,95
A_NdSjRoOfRX4AAAAAAAAAAAAAAQAAAQ.jpg,A_Fs6DTJ51k3oAAAAAAAAAAAAAAQAAAQ.jpg,1,95,95
A_NdSjRoOfRX4AAAAAAAAAAAAAAQAAAQ.jpg,A_1Sm2RrE0saQAAAAAAAAAAAAAAQAAAQ.jpg,1,95,95
A_NdSjRoOfRX4AAAAAAAAAAAAAAQAAAQ.jpg,A_aMDbQ5OmVQ4AAAAAAAAAAAAAAQAAAQ.jpg,1,95,95
A_W9fQSKt4JzUAAAAAAAAAAAAAAQAAAQ.jpg,A_Fs6DTJ51k3oAAAAAAAAAAAAAAQAAAQ.jpg,1,95,95
A_W9fQSKt4JzUAAAAAAAAAAAAAAQAAAQ.jpg,A_1Sm2RrE0saQAAAAAAAAAAAAAAQAAAQ.jpg,1,95,95
A_W9fQSKt4JzUAAAAAAAAAAAAAAQAAAQ.jpg,A_aMDbQ5OmVQ4AAAAAAAAAAAAAAQAAAQ.jpg,1,95,95
A_Fs6DTJ51k3oAAAAAAAAAAAAAAQAAAQ.jpg,A_1Sm2RrE0saQAAAAAAAAAAAAAAQAAAQ.jpg,1,95,95
A_Fs6DTJ51k3oAAAAAAAAAAAAAAQAAAQ.jpg,A_aMDbQ5OmVQ4AAAAAAAAAAAAAAQAAAQ.jpg,1,95,95
A_1Sm2RrE0saQAAAAAAAAAAAAAAQAAAQ.jpg,A_aMDbQ5OmVQ4AAAAAAAAAAAAAAQAAAQ.jpg,1,95,95
A_j_V4R55jT3AAAAAAAAAAAAAAAQAAAQ.jpg,A_tXnbSLxsqkoAAAAAAAAAAAAAAQAAAQ.jpg,1,96,96
A_j_V4R55jT3AAAAAAAAAAAAAAAQAAAQ.jpg,A_-HPcQKsgKR8AAAAAAAAAAAAAAQAAAQ.jpg,1,96,96
A_j_V4R55jT3AAAAAAAAAAAAAAAQAAAQ.jpg,A_-ZsZRYceA08AAAAAAAAAAAAAAQAAAQ.jpg,1,96,96
A_j_V4R55jT3AAAAAAAAAAAAAAAQAAAQ.jpg,A_IeYUSZHnPzOciWNLuhXRvwAAAQAAAQ.jpg,1,96,96
A_j_V4R55jT3AAAAAAAAAAAAAAAQAAAQ.jpg,A_IeYUSZHnPzMAAAAAAAAAAAAAAQAAAQ.jpg,1,96,96
A_tXnbSLxsqkoAAAAAAAAAAAAAAQAAAQ.jpg,A_-HPcQKsgKR8AAAAAAAAAAAAAAQAAAQ.jpg,1,96,96
A_tXnbSLxsqkoAAAAAAAAAAAAAAQAAAQ.jpg,A_-ZsZRYceA08AAAAAAAAAAAAAAQAAAQ.jpg,1,96,96
A_tXnbSLxsqkoAAAAAAAAAAAAAAQAAAQ.jpg,A_IeYUSZHnPzOciWNLuhXRvwAAAQAAAQ.jpg,1,96,96
A_tXnbSLxsqkoAAAAAAAAAAAAAAQAAAQ.jpg,A_IeYUSZHnPzMAAAAAAAAAAAAAAQAAAQ.jpg,1,96,96
A_-HPcQKsgKR8AAAAAAAAAAAAAAQAAAQ.jpg,A_-ZsZRYceA08AAAAAAAAAAAAAAQAAAQ.jpg,1,96,96
A_-HPcQKsgKR8AAAAAAAAAAAAAAQAAAQ.jpg,A_IeYUSZHnPzOciWNLuhXRvwAAAQAAAQ.jpg,1,96,96
A_-HPcQKsgKR8AAAAAAAAAAAAAAQAAAQ.jpg,A_IeYUSZHnPzMAAAAAAAAAAAAAAQAAAQ.jpg,1,96,96
A_-ZsZRYceA08AAAAAAAAAAAAAAQAAAQ.jpg,A_IeYUSZHnPzOciWNLuhXRvwAAAQAAAQ.jpg,1,96,96
A_-ZsZRYceA08AAAAAAAAAAAAAAQAAAQ.jpg,A_IeYUSZHnPzMAAAAAAAAAAAAAAQAAAQ.jpg,1,96,96
A_IeYUSZHnPzOciWNLuhXRvwAAAQAAAQ.jpg,A_IeYUSZHnPzMAAAAAAAAAAAAAAQAAAQ.jpg,1,96,96
A_-pSrT6xClQcAAAAAAAAAAAAAAQAAAQ.jpg,A__NR8QZ1qcjQAAAAAAAAAAAAAAQAAAQ.jpg,1,97,97
A_-pSrT6xClQcAAAAAAAAAAAAAAQAAAQ.jpg,A_rMDcQZ59WB8AAAAAAAAAAAAAAQAAAQ.jpg,1,97,97
A_-pSrT6xClQcAAAAAAAAAAAAAAQAAAQ.jpg,A_4ZfXQLOWYBsAAAAAAAAAAAAAAQAAAQ.jpg,1,97,97
A_-pSrT6xClQcAAAAAAAAAAAAAAQAAAQ.jpg,A_zjM2TKZ3uLYAAAAAAAAAAAAAAQAAAQ.jpg,1,97,97
A_-pSrT6xClQcAAAAAAAAAAAAAAQAAAQ.jpg,A_Nz6LSIyEYioAAAAAAAAAAAAAAQAAAQ.jpg,1,97,97
A__NR8QZ1qcjQAAAAAAAAAAAAAAQAAAQ.jpg,A_rMDcQZ59WB8AAAAAAAAAAAAAAQAAAQ.jpg,1,97,97
A__NR8QZ1qcjQAAAAAAAAAAAAAAQAAAQ.jpg,A_4ZfXQLOWYBsAAAAAAAAAAAAAAQAAAQ.jpg,1,97,97
A__NR8QZ1qcjQAAAAAAAAAAAAAAQAAAQ.jpg,A_zjM2TKZ3uLYAAAAAAAAAAAAAAQAAAQ.jpg,1,97,97
A__NR8QZ1qcjQAAAAAAAAAAAAAAQAAAQ.jpg,A_Nz6LSIyEYioAAAAAAAAAAAAAAQAAAQ.jpg,1,97,97
A_rMDcQZ59WB8AAAAAAAAAAAAAAQAAAQ.jpg,A_4ZfXQLOWYBsAAAAAAAAAAAAAAQAAAQ.jpg,1,97,97
A_rMDcQZ59WB8AAAAAAAAAAAAAAQAAAQ.jpg,A_zjM2TKZ3uLYAAAAAAAAAAAAAAQAAAQ.jpg,1,97,97
A_rMDcQZ59WB8AAAAAAAAAAAAAAQAAAQ.jpg,A_Nz6LSIyEYioAAAAAAAAAAAAAAQAAAQ.jpg,1,97,97
A_4ZfXQLOWYBsAAAAAAAAAAAAAAQAAAQ.jpg,A_zjM2TKZ3uLYAAAAAAAAAAAAAAQAAAQ.jpg,1,97,97
A_4ZfXQLOWYBsAAAAAAAAAAAAAAQAAAQ.jpg,A_Nz6LSIyEYioAAAAAAAAAAAAAAQAAAQ.jpg,1,97,97
A_zjM2TKZ3uLYAAAAAAAAAAAAAAQAAAQ.jpg,A_Nz6LSIyEYioAAAAAAAAAAAAAAQAAAQ.jpg,1,97,97
A_Go8dQad5WMQAAAAAAAAAAAAAAQAAAQ.jpg,A_jZ1QQ773-Q8AAAAAAAAAAAAAAQAAAQ.jpg,1,98,98
A_Go8dQad5WMQAAAAAAAAAAAAAAQAAAQ.jpg,A_t6YXSrkNSwoAAAAAAAAAAAAAAQAAAQ.jpg,1,98,98
A_Go8dQad5WMQAAAAAAAAAAAAAAQAAAQ.jpg,A_T5AVSb-PcwMAAAAAAAAAAAAAAQAAAQ.jpg,1,98,98
A_Go8dQad5WMQAAAAAAAAAAAAAAQAAAQ.jpg,A_LWb7SL9pX8IAAAAAAAAAAAAAAQAAAQ.jpg,1,98,98
A_Go8dQad5WMQAAAAAAAAAAAAAAQAAAQ.jpg,A_vdO2RolMKVcAAAAAAAAAAAAAAQAAAQ.jpg,1,98,98
A_jZ1QQ773-Q8AAAAAAAAAAAAAAQAAAQ.jpg,A_t6YXSrkNSwoAAAAAAAAAAAAAAQAAAQ.jpg,1,98,98
A_jZ1QQ773-Q8AAAAAAAAAAAAAAQAAAQ.jpg,A_T5AVSb-PcwMAAAAAAAAAAAAAAQAAAQ.jpg,1,98,98
A_jZ1QQ773-Q8AAAAAAAAAAAAAAQAAAQ.jpg,A_LWb7SL9pX8IAAAAAAAAAAAAAAQAAAQ.jpg,1,98,98
A_jZ1QQ773-Q8AAAAAAAAAAAAAAQAAAQ.jpg,A_vdO2RolMKVcAAAAAAAAAAAAAAQAAAQ.jpg,1,98,98
A_t6YXSrkNSwoAAAAAAAAAAAAAAQAAAQ.jpg,A_T5AVSb-PcwMAAAAAAAAAAAAAAQAAAQ.jpg,1,98,98
A_t6YXSrkNSwoAAAAAAAAAAAAAAQAAAQ.jpg,A_LWb7SL9pX8IAAAAAAAAAAAAAAQAAAQ.jpg,1,98,98
A_t6YXSrkNSwoAAAAAAAAAAAAAAQAAAQ.jpg,A_vdO2RolMKVcAAAAAAAAAAAAAAQAAAQ.jpg,1,98,98
A_T5AVSb-PcwMAAAAAAAAAAAAAAQAAAQ.jpg,A_LWb7SL9pX8IAAAAAAAAAAAAAAQAAAQ.jpg,1,98,98
A_T5AVSb-PcwMAAAAAAAAAAAAAAQAAAQ.jpg,A_vdO2RolMKVcAAAAAAAAAAAAAAQAAAQ.jpg,1,98,98
A_LWb7SL9pX8IAAAAAAAAAAAAAAQAAAQ.jpg,A_vdO2RolMKVcAAAAAAAAAAAAAAQAAAQ.jpg,1,98,98
A_Jz60TodhpGjXzl5IpWUeAQAAAQAAAQ.jpg,A_FbS7RJkTRPNfx85Au_Zp3gAAAQAAAQ.jpg,1,99,99
A_Jz60TodhpGjXzl5IpWUeAQAAAQAAAQ.jpg,A_Jz60TodhpGgUYFBLnH7ZnAAAAQAAAQ.jpg,1,99,99
A_Jz60TodhpGjXzl5IpWUeAQAAAQAAAQ.jpg,A_FbS7RJkTRPMAAAAAAAAAAAAAAQAAAQ.jpg,1,99,99
A_Jz60TodhpGjXzl5IpWUeAQAAAQAAAQ.jpg,CsysDwi5QjeJ03Wvg2F9SAAAACMAARAD.jpg,1,99,99
A_Jz60TodhpGjXzl5IpWUeAQAAAQAAAQ.jpg,yzkrh0IDQUS0CKZZtweE0gAAACMAARAD.jpg,1,99,99
A_FbS7RJkTRPNfx85Au_Zp3gAAAQAAAQ.jpg,A_Jz60TodhpGgUYFBLnH7ZnAAAAQAAAQ.jpg,1,99,99
A_FbS7RJkTRPNfx85Au_Zp3gAAAQAAAQ.jpg,A_FbS7RJkTRPMAAAAAAAAAAAAAAQAAAQ.jpg,1,99,99
A_FbS7RJkTRPNfx85Au_Zp3gAAAQAAAQ.jpg,CsysDwi5QjeJ03Wvg2F9SAAAACMAARAD.jpg,1,99,99
A_FbS7RJkTRPNfx85Au_Zp3gAAAQAAAQ.jpg,yzkrh0IDQUS0CKZZtweE0gAAACMAARAD.jpg,1,99,99
A_Jz60TodhpGgUYFBLnH7ZnAAAAQAAAQ.jpg,A_FbS7RJkTRPMAAAAAAAAAAAAAAQAAAQ.jpg,1,99,99
A_Jz60TodhpGgUYFBLnH7ZnAAAAQAAAQ.jpg,CsysDwi5QjeJ03Wvg2F9SAAAACMAARAD.jpg,1,99,99
A_Jz60TodhpGgUYFBLnH7ZnAAAAQAAAQ.jpg,yzkrh0IDQUS0CKZZtweE0gAAACMAARAD.jpg,1,99,99
A_FbS7RJkTRPMAAAAAAAAAAAAAAQAAAQ.jpg,CsysDwi5QjeJ03Wvg2F9SAAAACMAARAD.jpg,1,99,99
A_FbS7RJkTRPMAAAAAAAAAAAAAAQAAAQ.jpg,yzkrh0IDQUS0CKZZtweE0gAAACMAARAD.jpg,1,99,99
CsysDwi5QjeJ03Wvg2F9SAAAACMAARAD.jpg,yzkrh0IDQUS0CKZZtweE0gAAACMAARAD.jpg,1,99,99
A_1y6dQaZsLNQAAAAAAAAAAAAAAQAAAQ.jpg,A_qwMrRIrUjOkAAAAAAAAAAAAAAQAAAQ.jpg,1,100,100
A_1y6dQaZsLNQAAAAAAAAAAAAAAQAAAQ.jpg,A_nIZXQ4X15HUAAAAAAAAAAAAAAQAAAQ.jpg,1,100,100
A_1y6dQaZsLNQAAAAAAAAAAAAAAQAAAQ.jpg,A_NJrCQ405yccAAAAAAAAAAAAAAQAAAQ.jpg,1,100,100
A_1y6dQaZsLNQAAAAAAAAAAAAAAQAAAQ.jpg,A__hNgQJmrLXkAAAAAAAAAAAAAAQAAAQ.jpg,1,100,100
A_1y6dQaZsLNQAAAAAAAAAAAAAAQAAAQ.jpg,A_o6tyRpwL8I0AAAAAAAAAAAAAAQAAAQ.jpg,1,100,100
A_qwMrRIrUjOkAAAAAAAAAAAAAAQAAAQ.jpg,A_nIZXQ4X15HUAAAAAAAAAAAAAAQAAAQ.jpg,1,100,100
A_qwMrRIrUjOkAAAAAAAAAAAAAAQAAAQ.jpg,A_NJrCQ405yccAAAAAAAAAAAAAAQAAAQ.jpg,1,100,100
A_qwMrRIrUjOkAAAAAAAAAAAAAAQAAAQ.jpg,A__hNgQJmrLXkAAAAAAAAAAAAAAQAAAQ.jpg,1,100,100
A_qwMrRIrUjOkAAAAAAAAAAAAAAQAAAQ.jpg,A_o6tyRpwL8I0AAAAAAAAAAAAAAQAAAQ.jpg,1,100,100
A_nIZXQ4X15HUAAAAAAAAAAAAAAQAAAQ.jpg,A_NJrCQ405yccAAAAAAAAAAAAAAQAAAQ.jpg,1,100,100
A_nIZXQ4X15HUAAAAAAAAAAAAAAQAAAQ.jpg,A__hNgQJmrLXkAAAAAAAAAAAAAAQAAAQ.jpg,1,100,100
A_nIZXQ4X15HUAAAAAAAAAAAAAAQAAAQ.jpg,A_o6tyRpwL8I0AAAAAAAAAAAAAAQAAAQ.jpg,1,100,100
A_NJrCQ405yccAAAAAAAAAAAAAAQAAAQ.jpg,A__hNgQJmrLXkAAAAAAAAAAAAAAQAAAQ.jpg,1,100,100
A_NJrCQ405yccAAAAAAAAAAAAAAQAAAQ.jpg,A_o6tyRpwL8I0AAAAAAAAAAAAAAQAAAQ.jpg,1,100,100
A__hNgQJmrLXkAAAAAAAAAAAAAAQAAAQ.jpg,A_o6tyRpwL8I0AAAAAAAAAAAAAAQAAAQ.jpg,1,100,100
A_iK_RRJMtR_0AAAAAAAAAAAAAAQAAAQ.jpg,A_N7TMSppc4iUAAAAAAAAAAAAAAQAAAQ.jpg,1,101,101
A_iK_RRJMtR_0AAAAAAAAAAAAAAQAAAQ.jpg,A_wivkSpYnjv0AAAAAAAAAAAAAAQAAAQ.jpg,1,101,101
A_iK_RRJMtR_0AAAAAAAAAAAAAAQAAAQ.jpg,A_LEfrSbQwIUwAAAAAAAAAAAAAAQAAAQ.jpg,1,101,101
A_iK_RRJMtR_0AAAAAAAAAAAAAAQAAAQ.jpg,A_5XhqT50fyW4AAAAAAAAAAAAAAQAAAQ.jpg,1,101,101
A_iK_RRJMtR_0AAAAAAAAAAAAAAQAAAQ.jpg,A_UH_uSo5LjOsAAAAAAAAAAAAAAQAAAQ.jpg,1,101,101
A_N7TMSppc4iUAAAAAAAAAAAAAAQAAAQ.jpg,A_wivkSpYnjv0AAAAAAAAAAAAAAQAAAQ.jpg,1,101,101
A_N7TMSppc4iUAAAAAAAAAAAAAAQAAAQ.jpg,A_LEfrSbQwIUwAAAAAAAAAAAAAAQAAAQ.jpg,1,101,101
A_N7TMSppc4iUAAAAAAAAAAAAAAQAAAQ.jpg,A_5XhqT50fyW4AAAAAAAAAAAAAAQAAAQ.jpg,1,101,101
A_N7TMSppc4iUAAAAAAAAAAAAAAQAAAQ.jpg,A_UH_uSo5LjOsAAAAAAAAAAAAAAQAAAQ.jpg,1,101,101
A_wivkSpYnjv0AAAAAAAAAAAAAAQAAAQ.jpg,A_LEfrSbQwIUwAAAAAAAAAAAAAAQAAAQ.jpg,1,101,101
A_wivkSpYnjv0AAAAAAAAAAAAAAQAAAQ.jpg,A_5XhqT50fyW4AAAAAAAAAAAAAAQAAAQ.jpg,1,101,101
A_wivkSpYnjv0AAAAAAAAAAAAAAQAAAQ.jpg,A_UH_uSo5LjOsAAAAAAAAAAAAAAQAAAQ.jpg,1,101,101
A_LEfrSbQwIUwAAAAAAAAAAAAAAQAAAQ.jpg,A_5XhqT50fyW4AAAAAAAAAAAAAAQAAAQ.jpg,1,101,101
A_LEfrSbQwIUwAAAAAAAAAAAAAAQAAAQ.jpg,A_UH_uSo5LjOsAAAAAAAAAAAAAAQAAAQ.jpg,1,101,101
A_5XhqT50fyW4AAAAAAAAAAAAAAQAAAQ.jpg,A_UH_uSo5LjOsAAAAAAAAAAAAAAQAAAQ.jpg,1,101,101
A_ogroTKEURIMAAAAAAAAAAAAAAQAAAQ.jpg,A_SUrFSpyat3oAAAAAAAAAAAAAAQAAAQ.jpg,1,102,102
A_ogroTKEURIMAAAAAAAAAAAAAAQAAAQ.jpg,A_lZcdSrXwlt8AAAAAAAAAAAAAAQAAAQ.jpg,1,102,102
A_ogroTKEURIMAAAAAAAAAAAAAAQAAAQ.jpg,A_FhdITbO2NLEAAAAAAAAAAAAAAQAAAQ.jpg,1,102,102
A_ogroTKEURIMAAAAAAAAAAAAAAQAAAQ.jpg,A_X04IS5gYN1UAAAAAAAAAAAAAAQAAAQ.jpg,1,102,102
A_ogroTKEURIMAAAAAAAAAAAAAAQAAAQ.jpg,A_f93rT43JBg0AAAAAAAAAAAAAAQAAAQ.jpg,1,102,102
A_SUrFSpyat3oAAAAAAAAAAAAAAQAAAQ.jpg,A_lZcdSrXwlt8AAAAAAAAAAAAAAQAAAQ.jpg,1,102,102
A_SUrFSpyat3oAAAAAAAAAAAAAAQAAAQ.jpg,A_FhdITbO2NLEAAAAAAAAAAAAAAQAAAQ.jpg,1,102,102
A_SUrFSpyat3oAAAAAAAAAAAAAAQAAAQ.jpg,A_X04IS5gYN1UAAAAAAAAAAAAAAQAAAQ.jpg,1,102,102
A_SUrFSpyat3oAAAAAAAAAAAAAAQAAAQ.jpg,A_f93rT43JBg0AAAAAAAAAAAAAAQAAAQ.jpg,1,102,102
A_lZcdSrXwlt8AAAAAAAAAAAAAAQAAAQ.jpg,A_FhdITbO2NLEAAAAAAAAAAAAAAQAAAQ.jpg,1,102,102
A_lZcdSrXwlt8AAAAAAAAAAAAAAQAAAQ.jpg,A_X04IS5gYN1UAAAAAAAAAAAAAAQAAAQ.jpg,1,102,102
A_lZcdSrXwlt8AAAAAAAAAAAAAAQAAAQ.jpg,A_f93rT43JBg0AAAAAAAAAAAAAAQAAAQ.jpg,1,102,102
A_FhdITbO2NLEAAAAAAAAAAAAAAQAAAQ.jpg,A_X04IS5gYN1UAAAAAAAAAAAAAAQAAAQ.jpg,1,102,102
A_FhdITbO2NLEAAAAAAAAAAAAAAQAAAQ.jpg,A_f93rT43JBg0AAAAAAAAAAAAAAQAAAQ.jpg,1,102,102
A_X04IS5gYN1UAAAAAAAAAAAAAAQAAAQ.jpg,A_f93rT43JBg0AAAAAAAAAAAAAAQAAAQ.jpg,1,102,102
A_bjTUS6o38jQAAAAAAAAAAAAAAQAAAQ.jpg,A_HCX2Trvkdz8AAAAAAAAAAAAAAQAAAQ.jpg,1,103,103
A_bjTUS6o38jQAAAAAAAAAAAAAAQAAAQ.jpg,A_y6yGT6qZ-m4AAAAAAAAAAAAAAQAAAQ.jpg,1,103,103
A_bjTUS6o38jQAAAAAAAAAAAAAAQAAAQ.jpg,A_Saa1T617BOoAAAAAAAAAAAAAAQAAAQ.jpg,1,103,103
A_bjTUS6o38jQAAAAAAAAAAAAAAQAAAQ.jpg,A_J1SrQIrDKEsAAAAAAAAAAAAAAQAAAQ.jpg,1,103,103
A_bjTUS6o38jQAAAAAAAAAAAAAAQAAAQ.jpg,A_wDwzTJgE4z0AAAAAAAAAAAAAAQAAAQ.jpg,1,103,103
A_HCX2Trvkdz8AAAAAAAAAAAAAAQAAAQ.jpg,A_y6yGT6qZ-m4AAAAAAAAAAAAAAQAAAQ.jpg,1,103,103
A_HCX2Trvkdz8AAAAAAAAAAAAAAQAAAQ.jpg,A_Saa1T617BOoAAAAAAAAAAAAAAQAAAQ.jpg,1,103,103
A_HCX2Trvkdz8AAAAAAAAAAAAAAQAAAQ.jpg,A_J1SrQIrDKEsAAAAAAAAAAAAAAQAAAQ.jpg,1,103,103
A_HCX2Trvkdz8AAAAAAAAAAAAAAQAAAQ.jpg,A_wDwzTJgE4z0AAAAAAAAAAAAAAQAAAQ.jpg,1,103,103
A_y6yGT6qZ-m4AAAAAAAAAAAAAAQAAAQ.jpg,A_Saa1T617BOoAAAAAAAAAAAAAAQAAAQ.jpg,1,103,103
A_y6yGT6qZ-m4AAAAAAAAAAAAAAQAAAQ.jpg,A_J1SrQIrDKEsAAAAAAAAAAAAAAQAAAQ.jpg,1,103,103
A_y6yGT6qZ-m4AAAAAAAAAAAAAAQAAAQ.jpg,A_wDwzTJgE4z0AAAAAAAAAAAAAAQAAAQ.jpg,1,103,103
A_Saa1T617BOoAAAAAAAAAAAAAAQAAAQ.jpg,A_J1SrQIrDKEsAAAAAAAAAAAAAAQAAAQ.jpg,1,103,103
A_Saa1T617BOoAAAAAAAAAAAAAAQAAAQ.jpg,A_wDwzTJgE4z0AAAAAAAAAAAAAAQAAAQ.jpg,1,103,103
A_J1SrQIrDKEsAAAAAAAAAAAAAAQAAAQ.jpg,A_wDwzTJgE4z0AAAAAAAAAAAAAAQAAAQ.jpg,1,103,103
A_yqmVSY6yhroAAAAAAAAAAAAAAQAAAQ.jpg,A_IHGMTadv9ZoAAAAAAAAAAAAAAQAAAQ.jpg,1,104,104
A_yqmVSY6yhroAAAAAAAAAAAAAAQAAAQ.jpg,A_kxbuQLGIcJoAAAAAAAAAAAAAAQAAAQ.jpg,1,104,104
A_yqmVSY6yhroAAAAAAAAAAAAAAQAAAQ.jpg,A_T4bSRYC3eRoAAAAAAAAAAAAAAQAAAQ.jpg,1,104,104
A_yqmVSY6yhroAAAAAAAAAAAAAAQAAAQ.jpg,A_4COnRIftFtkAAAAAAAAAAAAAAQAAAQ.jpg,1,104,104
A_yqmVSY6yhroAAAAAAAAAAAAAAQAAAQ.jpg,A_FgqDQY4q28cAAAAAAAAAAAAAAQAAAQ.jpg,1,104,104
A_IHGMTadv9ZoAAAAAAAAAAAAAAQAAAQ.jpg,A_kxbuQLGIcJoAAAAAAAAAAAAAAQAAAQ.jpg,1,104,104
A_IHGMTadv9ZoAAAAAAAAAAAAAAQAAAQ.jpg,A_T4bSRYC3eRoAAAAAAAAAAAAAAQAAAQ.jpg,1,104,104
A_IHGMTadv9ZoAAAAAAAAAAAAAAQAAAQ.jpg,A_4COnRIftFtkAAAAAAAAAAAAAAQAAAQ.jpg,1,104,104
A_IHGMTadv9ZoAAAAAAAAAAAAAAQAAAQ.jpg,A_FgqDQY4q28cAAAAAAAAAAAAAAQAAAQ.jpg,1,104,104
A_kxbuQLGIcJoAAAAAAAAAAAAAAQAAAQ.jpg,A_T4bSRYC3eRoAAAAAAAAAAAAAAQAAAQ.jpg,1,104,104
A_kxbuQLGIcJoAAAAAAAAAAAAAAQAAAQ.jpg,A_4COnRIftFtkAAAAAAAAAAAAAAQAAAQ.jpg,1,104,104
A_kxbuQLGIcJoAAAAAAAAAAAAAAQAAAQ.jpg,A_FgqDQY4q28cAAAAAAAAAAAAAAQAAAQ.jpg,1,104,104
A_T4bSRYC3eRoAAAAAAAAAAAAAAQAAAQ.jpg,A_4COnRIftFtkAAAAAAAAAAAAAAQAAAQ.jpg,1,104,104
A_T4bSRYC3eRoAAAAAAAAAAAAAAQAAAQ.jpg,A_FgqDQY4q28cAAAAAAAAAAAAAAQAAAQ.jpg,1,104,104
A_4COnRIftFtkAAAAAAAAAAAAAAQAAAQ.jpg,A_FgqDQY4q28cAAAAAAAAAAAAAAQAAAQ.jpg,1,104,104
A_H9sqSpSYeukAAAAAAAAAAAAAAQAAAQ.jpg,A_dx0gTp9A5A0AAAAAAAAAAAAAAQAAAQ.jpg,1,105,105
A_H9sqSpSYeukAAAAAAAAAAAAAAQAAAQ.jpg,A_5_qBQLdMUykAAAAAAAAAAAAAAQAAAQ.jpg,1,105,105
A_H9sqSpSYeukAAAAAAAAAAAAAAQAAAQ.jpg,A_qmTVSqXlh7UAAAAAAAAAAAAAAQAAAQ.jpg,1,105,105
A_H9sqSpSYeukAAAAAAAAAAAAAAQAAAQ.jpg,A_O8KZRLhoNGMAAAAAAAAAAAAAAQAAAQ.jpg,1,105,105
A_H9sqSpSYeukAAAAAAAAAAAAAAQAAAQ.jpg,A_2W5zQLpISkcAAAAAAAAAAAAAAQAAAQ.jpg,1,105,105
A_dx0gTp9A5A0AAAAAAAAAAAAAAQAAAQ.jpg,A_5_qBQLdMUykAAAAAAAAAAAAAAQAAAQ.jpg,1,105,105
A_dx0gTp9A5A0AAAAAAAAAAAAAAQAAAQ.jpg,A_qmTVSqXlh7UAAAAAAAAAAAAAAQAAAQ.jpg,1,105,105
A_dx0gTp9A5A0AAAAAAAAAAAAAAQAAAQ.jpg,A_O8KZRLhoNGMAAAAAAAAAAAAAAQAAAQ.jpg,1,105,105
A_dx0gTp9A5A0AAAAAAAAAAAAAAQAAAQ.jpg,A_2W5zQLpISkcAAAAAAAAAAAAAAQAAAQ.jpg,1,105,105
A_5_qBQLdMUykAAAAAAAAAAAAAAQAAAQ.jpg,A_qmTVSqXlh7UAAAAAAAAAAAAAAQAAAQ.jpg,1,105,105
A_5_qBQLdMUykAAAAAAAAAAAAAAQAAAQ.jpg,A_O8KZRLhoNGMAAAAAAAAAAAAAAQAAAQ.jpg,1,105,105
A_5_qBQLdMUykAAAAAAAAAAAAAAQAAAQ.jpg,A_2W5zQLpISkcAAAAAAAAAAAAAAQAAAQ.jpg,1,105,105
A_qmTVSqXlh7UAAAAAAAAAAAAAAQAAAQ.jpg,A_O8KZRLhoNGMAAAAAAAAAAAAAAQAAAQ.jpg,1,105,105
A_qmTVSqXlh7UAAAAAAAAAAAAAAQAAAQ.jpg,A_2W5zQLpISkcAAAAAAAAAAAAAAQAAAQ.jpg,1,105,105
A_O8KZRLhoNGMAAAAAAAAAAAAAAQAAAQ.jpg,A_2W5zQLpISkcAAAAAAAAAAAAAAQAAAQ.jpg,1,105,105
A_jO7PT6D764gAAAAAAAAAAAAAAQAAAQ.jpg,A_WRZPRYHu6xsAAAAAAAAAAAAAAQAAAQ.jpg,1,106,106
A_jO7PT6D764gAAAAAAAAAAAAAAQAAAQ.jpg,A_RNCjTKWjh0YAAAAAAAAAAAAAAQAAAQ.jpg,1,106,106
A_jO7PT6D764gAAAAAAAAAAAAAAQAAAQ.jpg,A_ESFIRqtAdmEAAAAAAAAAAAAAAQAAAQ.jpg,1,106,106
A_jO7PT6D764gAAAAAAAAAAAAAAQAAAQ.jpg,A_fXp1S7xHV6YAAAAAAAAAAAAAAQAAAQ.jpg,1,106,106
A_jO7PT6D764gAAAAAAAAAAAAAAQAAAQ.jpg,A_NLtxRaP1d6wAAAAAAAAAAAAAAQAAAQ.jpg,1,106,106
A_WRZPRYHu6xsAAAAAAAAAAAAAAQAAAQ.jpg,A_RNCjTKWjh0YAAAAAAAAAAAAAAQAAAQ.jpg,1,106,106
A_WRZPRYHu6xsAAAAAAAAAAAAAAQAAAQ.jpg,A_ESFIRqtAdmEAAAAAAAAAAAAAAQAAAQ.jpg,1,106,106
A_WRZPRYHu6xsAAAAAAAAAAAAAAQAAAQ.jpg,A_fXp1S7xHV6YAAAAAAAAAAAAAAQAAAQ.jpg,1,106,106
A_WRZPRYHu6xsAAAAAAAAAAAAAAQAAAQ.jpg,A_NLtxRaP1d6wAAAAAAAAAAAAAAQAAAQ.jpg,1,106,106
A_RNCjTKWjh0YAAAAAAAAAAAAAAQAAAQ.jpg,A_ESFIRqtAdmEAAAAAAAAAAAAAAQAAAQ.jpg,1,106,106
A_RNCjTKWjh0YAAAAAAAAAAAAAAQAAAQ.jpg,A_fXp1S7xHV6YAAAAAAAAAAAAAAQAAAQ.jpg,1,106,106
A_RNCjTKWjh0YAAAAAAAAAAAAAAQAAAQ.jpg,A_NLtxRaP1d6wAAAAAAAAAAAAAAQAAAQ.jpg,1,106,106
A_ESFIRqtAdmEAAAAAAAAAAAAAAQAAAQ.jpg,A_fXp1S7xHV6YAAAAAAAAAAAAAAQAAAQ.jpg,1,106,106
A_ESFIRqtAdmEAAAAAAAAAAAAAAQAAAQ.jpg,A_NLtxRaP1d6wAAAAAAAAAAAAAAQAAAQ.jpg,1,106,106
A_fXp1S7xHV6YAAAAAAAAAAAAAAQAAAQ.jpg,A_NLtxRaP1d6wAAAAAAAAAAAAAAQAAAQ.jpg,1,106,106
tJDuEYiaTTSKF7b-QNnRbgAAACMAARAD.jpg,x22XN24XQiaxAuBA2h4LVQAAACMAARAD.jpg,1,107,107
tJDuEYiaTTSKF7b-QNnRbgAAACMAARAD.jpg,YKrsyS6qRZ-rCTySE0CuoAAAACMAARAD.jpg,1,107,107
tJDuEYiaTTSKF7b-QNnRbgAAACMAARAD.jpg,CKbkmQ4qQU2iTWtu0-Ek3gAAACMAARAD.jpg,1,107,107
tJDuEYiaTTSKF7b-QNnRbgAAACMAARAD.jpg,HqCc8PT8QMalF5QdbcP9UwAAACMAARAD.jpg,1,107,107
tJDuEYiaTTSKF7b-QNnRbgAAACMAARAD.jpg,PYuk0PscTpKyg5nsQBOYZgAAACMAARAD.jpg,1,107,107
x22XN24XQiaxAuBA2h4LVQAAACMAARAD.jpg,YKrsyS6qRZ-rCTySE0CuoAAAACMAARAD.jpg,1,107,107
x22XN24XQiaxAuBA2h4LVQAAACMAARAD.jpg,CKbkmQ4qQU2iTWtu0-Ek3gAAACMAARAD.jpg,1,107,107
x22XN24XQiaxAuBA2h4LVQAAACMAARAD.jpg,HqCc8PT8QMalF5QdbcP9UwAAACMAARAD.jpg,1,107,107
x22XN24XQiaxAuBA2h4LVQAAACMAARAD.jpg,PYuk0PscTpKyg5nsQBOYZgAAACMAARAD.jpg,1,107,107
YKrsyS6qRZ-rCTySE0CuoAAAACMAARAD.jpg,CKbkmQ4qQU2iTWtu0-Ek3gAAACMAARAD.jpg,1,107,107
YKrsyS6qRZ-rCTySE0CuoAAAACMAARAD.jpg,HqCc8PT8QMalF5QdbcP9UwAAACMAARAD.jpg,1,107,107
YKrsyS6qRZ-rCTySE0CuoAAAACMAARAD.jpg,PYuk0PscTpKyg5nsQBOYZgAAACMAARAD.jpg,1,107,107
CKbkmQ4qQU2iTWtu0-Ek3gAAACMAARAD.jpg,HqCc8PT8QMalF5QdbcP9UwAAACMAARAD.jpg,1,107,107
CKbkmQ4qQU2iTWtu0-Ek3gAAACMAARAD.jpg,PYuk0PscTpKyg5nsQBOYZgAAACMAARAD.jpg,1,107,107
HqCc8PT8QMalF5QdbcP9UwAAACMAARAD.jpg,PYuk0PscTpKyg5nsQBOYZgAAACMAARAD.jpg,1,107,107
A_2TkOSZj4Q5QAAAAAAAAAAAAAAQAAAQ.jpg,A_-bFhSYWyHW8AAAAAAAAAAAAAAQAAAQ.jpg,1,108,108
A_2TkOSZj4Q5QAAAAAAAAAAAAAAQAAAQ.jpg,A_AWdZQa13iPIAAAAAAAAAAAAAAQAAAQ.jpg,1,108,108
A_2TkOSZj4Q5QAAAAAAAAAAAAAAQAAAQ.jpg,A_3felTbn-u0kAAAAAAAAAAAAAAQAAAQ.jpg,1,108,108
A_2TkOSZj4Q5QAAAAAAAAAAAAAAQAAAQ.jpg,A_rHPMQIrXUkgAAAAAAAAAAAAAAQAAAQ.jpg,1,108,108
A_2TkOSZj4Q5QAAAAAAAAAAAAAAQAAAQ.jpg,A_hqAJQ6LPFncAAAAAAAAAAAAAAQAAAQ.jpg,1,108,108
A_-bFhSYWyHW8AAAAAAAAAAAAAAQAAAQ.jpg,A_AWdZQa13iPIAAAAAAAAAAAAAAQAAAQ.jpg,1,108,108
A_-bFhSYWyHW8AAAAAAAAAAAAAAQAAAQ.jpg,A_3felTbn-u0kAAAAAAAAAAAAAAQAAAQ.jpg,1,108,108
A_-bFhSYWyHW8AAAAAAAAAAAAAAQAAAQ.jpg,A_rHPMQIrXUkgAAAAAAAAAAAAAAQAAAQ.jpg,1,108,108
A_-bFhSYWyHW8AAAAAAAAAAAAAAQAAAQ.jpg,A_hqAJQ6LPFncAAAAAAAAAAAAAAQAAAQ.jpg,1,108,108
A_AWdZQa13iPIAAAAAAAAAAAAAAQAAAQ.jpg,A_3felTbn-u0kAAAAAAAAAAAAAAQAAAQ.jpg,1,108,108
A_AWdZQa13iPIAAAAAAAAAAAAAAQAAAQ.jpg,A_rHPMQIrXUkgAAAAAAAAAAAAAAQAAAQ.jpg,1,108,108
A_AWdZQa13iPIAAAAAAAAAAAAAAQAAAQ.jpg,A_hqAJQ6LPFncAAAAAAAAAAAAAAQAAAQ.jpg,1,108,108
A_3felTbn-u0kAAAAAAAAAAAAAAQAAAQ.jpg,A_rHPMQIrXUkgAAAAAAAAAAAAAAQAAAQ.jpg,1,108,108
A_3felTbn-u0kAAAAAAAAAAAAAAQAAAQ.jpg,A_hqAJQ6LPFncAAAAAAAAAAAAAAQAAAQ.jpg,1,108,108
A_rHPMQIrXUkgAAAAAAAAAAAAAAQAAAQ.jpg,A_hqAJQ6LPFncAAAAAAAAAAAAAAQAAAQ.jpg,1,108,108
uI5fw6x6QLSNO_eB4fXEZwAAACMAARAD.jpg,lYGQmBMSTy-dsdIl44yVLQAAACMAARAD.jpg,1,109,109
uI5fw6x6QLSNO_eB4fXEZwAAACMAARAD.jpg,tQd1XCVwSy27_2CRPo0NAAAAACMAARAD.jpg,1,109,109
uI5fw6x6QLSNO_eB4fXEZwAAACMAARAD.jpg,crE-yGuKTyaiQLaA4borcAAAACMAARAD.jpg,1,109,109
uI5fw6x6QLSNO_eB4fXEZwAAACMAARAD.jpg,ZHZk4AZQS--WR22W_HmhtwAAACMAARAD.jpg,1,109,109
uI5fw6x6QLSNO_eB4fXEZwAAACMAARAD.jpg,x8Wo4mizQyiMb9ZQPKg2hgAAACMAARAD.jpg,1,109,109
lYGQmBMSTy-dsdIl44yVLQAAACMAARAD.jpg,tQd1XCVwSy27_2CRPo0NAAAAACMAARAD.jpg,1,109,109
lYGQmBMSTy-dsdIl44yVLQAAACMAARAD.jpg,crE-yGuKTyaiQLaA4borcAAAACMAARAD.jpg,1,109,109
lYGQmBMSTy-dsdIl44yVLQAAACMAARAD.jpg,ZHZk4AZQS--WR22W_HmhtwAAACMAARAD.jpg,1,109,109
lYGQmBMSTy-dsdIl44yVLQAAACMAARAD.jpg,x8Wo4mizQyiMb9ZQPKg2hgAAACMAARAD.jpg,1,109,109
tQd1XCVwSy27_2CRPo0NAAAAACMAARAD.jpg,crE-yGuKTyaiQLaA4borcAAAACMAARAD.jpg,1,109,109
tQd1XCVwSy27_2CRPo0NAAAAACMAARAD.jpg,ZHZk4AZQS--WR22W_HmhtwAAACMAARAD.jpg,1,109,109
tQd1XCVwSy27_2CRPo0NAAAAACMAARAD.jpg,x8Wo4mizQyiMb9ZQPKg2hgAAACMAARAD.jpg,1,109,109
crE-yGuKTyaiQLaA4borcAAAACMAARAD.jpg,ZHZk4AZQS--WR22W_HmhtwAAACMAARAD.jpg,1,109,109
crE-yGuKTyaiQLaA4borcAAAACMAARAD.jpg,x8Wo4mizQyiMb9ZQPKg2hgAAACMAARAD.jpg,1,109,109
ZHZk4AZQS--WR22W_HmhtwAAACMAARAD.jpg,x8Wo4mizQyiMb9ZQPKg2hgAAACMAARAD.jpg,1,109,109
A_VVyqSqssGX8AAAAAAAAAAAAAAQAAAQ.jpg,A_fiAjSYGYmikAAAAAAAAAAAAAAQAAAQ.jpg,1,110,110
A_VVyqSqssGX8AAAAAAAAAAAAAAQAAAQ.jpg,A_mwutT7LdQ9IAAAAAAAAAAAAAAQAAAQ.jpg,1,110,110
A_VVyqSqssGX8AAAAAAAAAAAAAAQAAAQ.jpg,A_h8BxQ7-OJWAAAAAAAAAAAAAAAQAAAQ.jpg,1,110,110
A_VVyqSqssGX8AAAAAAAAAAAAAAQAAAQ.jpg,A_qcBdQZZoAUcAAAAAAAAAAAAAAQAAAQ.jpg,1,110,110
A_VVyqSqssGX8AAAAAAAAAAAAAAQAAAQ.jpg,A_tqW9T6Gr5LAAAAAAAAAAAAAAAQAAAQ.jpg,1,110,110
A_fiAjSYGYmikAAAAAAAAAAAAAAQAAAQ.jpg,A_mwutT7LdQ9IAAAAAAAAAAAAAAQAAAQ.jpg,1,110,110
A_fiAjSYGYmikAAAAAAAAAAAAAAQAAAQ.jpg,A_h8BxQ7-OJWAAAAAAAAAAAAAAAQAAAQ.jpg,1,110,110
A_fiAjSYGYmikAAAAAAAAAAAAAAQAAAQ.jpg,A_qcBdQZZoAUcAAAAAAAAAAAAAAQAAAQ.jpg,1,110,110
A_fiAjSYGYmikAAAAAAAAAAAAAAQAAAQ.jpg,A_tqW9T6Gr5LAAAAAAAAAAAAAAAQAAAQ.jpg,1,110,110
A_mwutT7LdQ9IAAAAAAAAAAAAAAQAAAQ.jpg,A_h8BxQ7-OJWAAAAAAAAAAAAAAAQAAAQ.jpg,1,110,110
A_mwutT7LdQ9IAAAAAAAAAAAAAAQAAAQ.jpg,A_qcBdQZZoAUcAAAAAAAAAAAAAAQAAAQ.jpg,1,110,110
A_mwutT7LdQ9IAAAAAAAAAAAAAAQAAAQ.jpg,A_tqW9T6Gr5LAAAAAAAAAAAAAAAQAAAQ.jpg,1,110,110
A_h8BxQ7-OJWAAAAAAAAAAAAAAAQAAAQ.jpg,A_qcBdQZZoAUcAAAAAAAAAAAAAAQAAAQ.jpg,1,110,110
A_h8BxQ7-OJWAAAAAAAAAAAAAAAQAAAQ.jpg,A_tqW9T6Gr5LAAAAAAAAAAAAAAAQAAAQ.jpg,1,110,110
A_qcBdQZZoAUcAAAAAAAAAAAAAAQAAAQ.jpg,A_tqW9T6Gr5LAAAAAAAAAAAAAAAQAAAQ.jpg,1,110,110
A_GtTURpEqgsQAAAAAAAAAAAAAAQAAAQ.jpg,A_cKL1QqoK8C4AAAAAAAAAAAAAAQAAAQ.jpg,1,111,111
A_GtTURpEqgsQAAAAAAAAAAAAAAQAAAQ.jpg,A__UAoQbHt2SIAAAAAAAAAAAAAAQAAAQ.jpg,1,111,111
A_GtTURpEqgsQAAAAAAAAAAAAAAQAAAQ.jpg,A_S1K7SaRCgmsAAAAAAAAAAAAAAQAAAQ.jpg,1,111,111
A_GtTURpEqgsQAAAAAAAAAAAAAAQAAAQ.jpg,A_egMEQo8dtdIAAAAAAAAAAAAAAQAAAQ.jpg,1,111,111
A_GtTURpEqgsQAAAAAAAAAAAAAAQAAAQ.jpg,A_BBKYSI37po4AAAAAAAAAAAAAAQAAAQ.jpg,1,111,111
A_cKL1QqoK8C4AAAAAAAAAAAAAAQAAAQ.jpg,A__UAoQbHt2SIAAAAAAAAAAAAAAQAAAQ.jpg,1,111,111
A_cKL1QqoK8C4AAAAAAAAAAAAAAQAAAQ.jpg,A_S1K7SaRCgmsAAAAAAAAAAAAAAQAAAQ.jpg,1,111,111
A_cKL1QqoK8C4AAAAAAAAAAAAAAQAAAQ.jpg,A_egMEQo8dtdIAAAAAAAAAAAAAAQAAAQ.jpg,1,111,111
A_cKL1QqoK8C4AAAAAAAAAAAAAAQAAAQ.jpg,A_BBKYSI37po4AAAAAAAAAAAAAAQAAAQ.jpg,1,111,111
A__UAoQbHt2SIAAAAAAAAAAAAAAQAAAQ.jpg,A_S1K7SaRCgmsAAAAAAAAAAAAAAQAAAQ.jpg,1,111,111
A__UAoQbHt2SIAAAAAAAAAAAAAAQAAAQ.jpg,A_egMEQo8dtdIAAAAAAAAAAAAAAQAAAQ.jpg,1,111,111
A__UAoQbHt2SIAAAAAAAAAAAAAAQAAAQ.jpg,A_BBKYSI37po4AAAAAAAAAAAAAAQAAAQ.jpg,1,111,111
A_S1K7SaRCgmsAAAAAAAAAAAAAAQAAAQ.jpg,A_egMEQo8dtdIAAAAAAAAAAAAAAQAAAQ.jpg,1,111,111
A_S1K7SaRCgmsAAAAAAAAAAAAAAQAAAQ.jpg,A_BBKYSI37po4AAAAAAAAAAAAAAQAAAQ.jpg,1,111,111
A_egMEQo8dtdIAAAAAAAAAAAAAAQAAAQ.jpg,A_BBKYSI37po4AAAAAAAAAAAAAAQAAAQ.jpg,1,111,111
A_eKNXQLRk11AAAAAAAAAAAAAAAQAAAQ.jpg,A_Uqn1Qq1RIzkAAAAAAAAAAAAAAQAAAQ.jpg,1,112,112
A_eKNXQLRk11AAAAAAAAAAAAAAAQAAAQ.jpg,A_vsngRpRhfFsAAAAAAAAAAAAAAQAAAQ.jpg,1,112,112
A_eKNXQLRk11AAAAAAAAAAAAAAAQAAAQ.jpg,A_5fm-SLP_qg8AAAAAAAAAAAAAAQAAAQ.jpg,1,112,112
A_eKNXQLRk11AAAAAAAAAAAAAAAQAAAQ.jpg,A_xev2QKoaebgAAAAAAAAAAAAAAQAAAQ.jpg,1,112,112
A_eKNXQLRk11AAAAAAAAAAAAAAAQAAAQ.jpg,A_HngbSJVJVYUAAAAAAAAAAAAAAQAAAQ.jpg,1,112,112
A_Uqn1Qq1RIzkAAAAAAAAAAAAAAQAAAQ.jpg,A_vsngRpRhfFsAAAAAAAAAAAAAAQAAAQ.jpg,1,112,112
A_Uqn1Qq1RIzkAAAAAAAAAAAAAAQAAAQ.jpg,A_5fm-SLP_qg8AAAAAAAAAAAAAAQAAAQ.jpg,1,112,112
A_Uqn1Qq1RIzkAAAAAAAAAAAAAAQAAAQ.jpg,A_xev2QKoaebgAAAAAAAAAAAAAAQAAAQ.jpg,1,112,112
A_Uqn1Qq1RIzkAAAAAAAAAAAAAAQAAAQ.jpg,A_HngbSJVJVYUAAAAAAAAAAAAAAQAAAQ.jpg,1,112,112
A_vsngRpRhfFsAAAAAAAAAAAAAAQAAAQ.jpg,A_5fm-SLP_qg8AAAAAAAAAAAAAAQAAAQ.jpg,1,112,112
A_vsngRpRhfFsAAAAAAAAAAAAAAQAAAQ.jpg,A_xev2QKoaebgAAAAAAAAAAAAAAQAAAQ.jpg,1,112,112
A_vsngRpRhfFsAAAAAAAAAAAAAAQAAAQ.jpg,A_HngbSJVJVYUAAAAAAAAAAAAAAQAAAQ.jpg,1,112,112
A_5fm-SLP_qg8AAAAAAAAAAAAAAQAAAQ.jpg,A_xev2QKoaebgAAAAAAAAAAAAAAQAAAQ.jpg,1,112,112
A_5fm-SLP_qg8AAAAAAAAAAAAAAQAAAQ.jpg,A_HngbSJVJVYUAAAAAAAAAAAAAAQAAAQ.jpg,1,112,112
A_xev2QKoaebgAAAAAAAAAAAAAAQAAAQ.jpg,A_HngbSJVJVYUAAAAAAAAAAAAAAQAAAQ.jpg,1,112,112
A_Oa8eT5Wc8OgAAAAAAAAAAAAAAQAAAQ.jpg,A_StnfT7ASR9gAAAAAAAAAAAAAAQAAAQ.jpg,1,113,113
A_Oa8eT5Wc8OgAAAAAAAAAAAAAAQAAAQ.jpg,A_D9o9T7zICSYbaeZMlwxEKQAAAQAAAQ.jpg,1,113,113
A_Oa8eT5Wc8OgAAAAAAAAAAAAAAQAAAQ.jpg,A_4b6sSYdVNY4AAAAAAAAAAAAAAQAAAQ.jpg,1,113,113
A_Oa8eT5Wc8OgAAAAAAAAAAAAAAQAAAQ.jpg,A_D9o9T7zICSYAAAAAAAAAAAAAAQAAAQ.jpg,1,113,113
A_Oa8eT5Wc8OgAAAAAAAAAAAAAAQAAAQ.jpg,A_WidRS5aubWEAAAAAAAAAAAAAAQAAAQ.jpg,1,113,113
A_StnfT7ASR9gAAAAAAAAAAAAAAQAAAQ.jpg,A_D9o9T7zICSYbaeZMlwxEKQAAAQAAAQ.jpg,1,113,113
A_StnfT7ASR9gAAAAAAAAAAAAAAQAAAQ.jpg,A_4b6sSYdVNY4AAAAAAAAAAAAAAQAAAQ.jpg,1,113,113
A_StnfT7ASR9gAAAAAAAAAAAAAAQAAAQ.jpg,A_D9o9T7zICSYAAAAAAAAAAAAAAQAAAQ.jpg,1,113,113
A_StnfT7ASR9gAAAAAAAAAAAAAAQAAAQ.jpg,A_WidRS5aubWEAAAAAAAAAAAAAAQAAAQ.jpg,1,113,113
A_D9o9T7zICSYbaeZMlwxEKQAAAQAAAQ.jpg,A_4b6sSYdVNY4AAAAAAAAAAAAAAQAAAQ.jpg,1,113,113
A_D9o9T7zICSYbaeZMlwxEKQAAAQAAAQ.jpg,A_D9o9T7zICSYAAAAAAAAAAAAAAQAAAQ.jpg,1,113,113
A_D9o9T7zICSYbaeZMlwxEKQAAAQAAAQ.jpg,A_WidRS5aubWEAAAAAAAAAAAAAAQAAAQ.jpg,1,113,113
A_4b6sSYdVNY4AAAAAAAAAAAAAAQAAAQ.jpg,A_D9o9T7zICSYAAAAAAAAAAAAAAQAAAQ.jpg,1,113,113
A_4b6sSYdVNY4AAAAAAAAAAAAAAQAAAQ.jpg,A_WidRS5aubWEAAAAAAAAAAAAAAQAAAQ.jpg,1,113,113
A_D9o9T7zICSYAAAAAAAAAAAAAAQAAAQ.jpg,A_WidRS5aubWEAAAAAAAAAAAAAAQAAAQ.jpg,1,113,113
A_j3DbSYcsPaAAAAAAAAAAAAAAAQAAAQ.jpg,A_spNeTrbTaesAAAAAAAAAAAAAAQAAAQ.jpg,1,114,114
A_j3DbSYcsPaAAAAAAAAAAAAAAAQAAAQ.jpg,A_Y4XwSLpSghkAAAAAAAAAAAAAAQAAAQ.jpg,1,114,114
A_j3DbSYcsPaAAAAAAAAAAAAAAAQAAAQ.jpg,A_VR95Q4yGMG0AAAAAAAAAAAAAAQAAAQ.jpg,1,114,114
A_j3DbSYcsPaAAAAAAAAAAAAAAAQAAAQ.jpg,A_sKuhSojVYo8AAAAAAAAAAAAAAQAAAQ.jpg,1,114,114
A_j3DbSYcsPaAAAAAAAAAAAAAAAQAAAQ.jpg,A_pjQHSIF6MY0AAAAAAAAAAAAAAQAAAQ.jpg,1,114,114
A_spNeTrbTaesAAAAAAAAAAAAAAQAAAQ.jpg,A_Y4XwSLpSghkAAAAAAAAAAAAAAQAAAQ.jpg,1,114,114
A_spNeTrbTaesAAAAAAAAAAAAAAQAAAQ.jpg,A_VR95Q4yGMG0AAAAAAAAAAAAAAQAAAQ.jpg,1,114,114
A_spNeTrbTaesAAAAAAAAAAAAAAQAAAQ.jpg,A_sKuhSojVYo8AAAAAAAAAAAAAAQAAAQ.jpg,1,114,114
A_spNeTrbTaesAAAAAAAAAAAAAAQAAAQ.jpg,A_pjQHSIF6MY0AAAAAAAAAAAAAAQAAAQ.jpg,1,114,114
A_Y4XwSLpSghkAAAAAAAAAAAAAAQAAAQ.jpg,A_VR95Q4yGMG0AAAAAAAAAAAAAAQAAAQ.jpg,1,114,114
A_Y4XwSLpSghkAAAAAAAAAAAAAAQAAAQ.jpg,A_sKuhSojVYo8AAAAAAAAAAAAAAQAAAQ.jpg,1,114,114
A_Y4XwSLpSghkAAAAAAAAAAAAAAQAAAQ.jpg,A_pjQHSIF6MY0AAAAAAAAAAAAAAQAAAQ.jpg,1,114,114
A_VR95Q4yGMG0AAAAAAAAAAAAAAQAAAQ.jpg,A_sKuhSojVYo8AAAAAAAAAAAAAAQAAAQ.jpg,1,114,114
A_VR95Q4yGMG0AAAAAAAAAAAAAAQAAAQ.jpg,A_pjQHSIF6MY0AAAAAAAAAAAAAAQAAAQ.jpg,1,114,114
A_sKuhSojVYo8AAAAAAAAAAAAAAQAAAQ.jpg,A_pjQHSIF6MY0AAAAAAAAAAAAAAQAAAQ.jpg,1,114,114
A_biEZSZF2Fp0AAAAAAAAAAAAAAQAAAQ.jpg,A_7aSXR6UMp8sAAAAAAAAAAAAAAQAAAQ.jpg,1,115,115
A_biEZSZF2Fp0AAAAAAAAAAAAAAQAAAQ.jpg,A_OtRZSqObW10AAAAAAAAAAAAAAQAAAQ.jpg,1,115,115
A_biEZSZF2Fp0AAAAAAAAAAAAAAQAAAQ.jpg,A_jdqPRo2GPt0AAAAAAAAAAAAAAQAAAQ.jpg,1,115,115
A_biEZSZF2Fp0AAAAAAAAAAAAAAQAAAQ.jpg,A_E-xxRLjoDi0AAAAAAAAAAAAAAQAAAQ.jpg,1,115,115
A_biEZSZF2Fp0AAAAAAAAAAAAAAQAAAQ.jpg,A_lDYjR5tMHXsAAAAAAAAAAAAAAQAAAQ.jpg,1,115,115
A_7aSXR6UMp8sAAAAAAAAAAAAAAQAAAQ.jpg,A_OtRZSqObW10AAAAAAAAAAAAAAQAAAQ.jpg,1,115,115
A_7aSXR6UMp8sAAAAAAAAAAAAAAQAAAQ.jpg,A_jdqPRo2GPt0AAAAAAAAAAAAAAQAAAQ.jpg,1,115,115
A_7aSXR6UMp8sAAAAAAAAAAAAAAQAAAQ.jpg,A_E-xxRLjoDi0AAAAAAAAAAAAAAQAAAQ.jpg,1,115,115
A_7aSXR6UMp8sAAAAAAAAAAAAAAQAAAQ.jpg,A_lDYjR5tMHXsAAAAAAAAAAAAAAQAAAQ.jpg,1,115,115
A_OtRZSqObW10AAAAAAAAAAAAAAQAAAQ.jpg,A_jdqPRo2GPt0AAAAAAAAAAAAAAQAAAQ.jpg,1,115,115
A_OtRZSqObW10AAAAAAAAAAAAAAQAAAQ.jpg,A_E-xxRLjoDi0AAAAAAAAAAAAAAQAAAQ.jpg,1,115,115
A_OtRZSqObW10AAAAAAAAAAAAAAQAAAQ.jpg,A_lDYjR5tMHXsAAAAAAAAAAAAAAQAAAQ.jpg,1,115,115
A_jdqPRo2GPt0AAAAAAAAAAAAAAQAAAQ.jpg,A_E-xxRLjoDi0AAAAAAAAAAAAAAQAAAQ.jpg,1,115,115
A_jdqPRo2GPt0AAAAAAAAAAAAAAQAAAQ.jpg,A_lDYjR5tMHXsAAAAAAAAAAAAAAQAAAQ.jpg,1,115,115
A_E-xxRLjoDi0AAAAAAAAAAAAAAQAAAQ.jpg,A_lDYjR5tMHXsAAAAAAAAAAAAAAQAAAQ.jpg,1,115,115
A_8cyFQ4uebTYAAAAAAAAAAAAAAQAAAQ.jpg,A_iHzcS4F1IysAAAAAAAAAAAAAAQAAAQ.jpg,1,116,116
A_8cyFQ4uebTYAAAAAAAAAAAAAAQAAAQ.jpg,A_7dttRYIKAKQAAAAAAAAAAAAAAQAAAQ.jpg,1,116,116
A_8cyFQ4uebTYAAAAAAAAAAAAAAQAAAQ.jpg,A_GPn_QKLHezwAAAAAAAAAAAAAAQAAAQ.jpg,1,116,116
A_8cyFQ4uebTYAAAAAAAAAAAAAAQAAAQ.jpg,A_CkzESoa57iMAAAAAAAAAAAAAAQAAAQ.jpg,1,116,116
A_8cyFQ4uebTYAAAAAAAAAAAAAAQAAAQ.jpg,A_B416T40hjHAAAAAAAAAAAAAAAQAAAQ.jpg,1,116,116
A_iHzcS4F1IysAAAAAAAAAAAAAAQAAAQ.jpg,A_7dttRYIKAKQAAAAAAAAAAAAAAQAAAQ.jpg,1,116,116
A_iHzcS4F1IysAAAAAAAAAAAAAAQAAAQ.jpg,A_GPn_QKLHezwAAAAAAAAAAAAAAQAAAQ.jpg,1,116,116
A_iHzcS4F1IysAAAAAAAAAAAAAAQAAAQ.jpg,A_CkzESoa57iMAAAAAAAAAAAAAAQAAAQ.jpg,1,116,116
A_iHzcS4F1IysAAAAAAAAAAAAAAQAAAQ.jpg,A_B416T40hjHAAAAAAAAAAAAAAAQAAAQ.jpg,1,116,116
A_7dttRYIKAKQAAAAAAAAAAAAAAQAAAQ.jpg,A_GPn_QKLHezwAAAAAAAAAAAAAAQAAAQ.jpg,1,116,116
A_7dttRYIKAKQAAAAAAAAAAAAAAQAAAQ.jpg,A_CkzESoa57iMAAAAAAAAAAAAAAQAAAQ.jpg,1,116,116
A_7dttRYIKAKQAAAAAAAAAAAAAAQAAAQ.jpg,A_B416T40hjHAAAAAAAAAAAAAAAQAAAQ.jpg,1,116,116
A_GPn_QKLHezwAAAAAAAAAAAAAAQAAAQ.jpg,A_CkzESoa57iMAAAAAAAAAAAAAAQAAAQ.jpg,1,116,116
A_GPn_QKLHezwAAAAAAAAAAAAAAQAAAQ.jpg,A_B416T40hjHAAAAAAAAAAAAAAAQAAAQ.jpg,1,116,116
A_CkzESoa57iMAAAAAAAAAAAAAAQAAAQ.jpg,A_B416T40hjHAAAAAAAAAAAAAAAQAAAQ.jpg,1,116,116
A_7YkuQ4_prsMAAAAAAAAAAAAAAQAAAQ.jpg,A_wEzeR4yAYOUAAAAAAAAAAAAAAQAAAQ.jpg,1,117,117
A_7YkuQ4_prsMAAAAAAAAAAAAAAQAAAQ.jpg,A_N994QIXZ_D0AAAAAAAAAAAAAAQAAAQ.jpg,1,117,117
A_7YkuQ4_prsMAAAAAAAAAAAAAAQAAAQ.jpg,A_gCrJTKWF4KgAAAAAAAAAAAAAAQAAAQ.jpg,1,117,117
A_7YkuQ4_prsMAAAAAAAAAAAAAAQAAAQ.jpg,A_CSAAQqCz9coAAAAAAAAAAAAAAQAAAQ.jpg,1,117,117
A_7YkuQ4_prsMAAAAAAAAAAAAAAQAAAQ.jpg,A_TG_YSLyoKf4AAAAAAAAAAAAAAQAAAQ.jpg,1,117,117
A_wEzeR4yAYOUAAAAAAAAAAAAAAQAAAQ.jpg,A_N994QIXZ_D0AAAAAAAAAAAAAAQAAAQ.jpg,1,117,117
A_wEzeR4yAYOUAAAAAAAAAAAAAAQAAAQ.jpg,A_gCrJTKWF4KgAAAAAAAAAAAAAAQAAAQ.jpg,1,117,117
A_wEzeR4yAYOUAAAAAAAAAAAAAAQAAAQ.jpg,A_CSAAQqCz9coAAAAAAAAAAAAAAQAAAQ.jpg,1,117,117
A_wEzeR4yAYOUAAAAAAAAAAAAAAQAAAQ.jpg,A_TG_YSLyoKf4AAAAAAAAAAAAAAQAAAQ.jpg,1,117,117
A_N994QIXZ_D0AAAAAAAAAAAAAAQAAAQ.jpg,A_gCrJTKWF4KgAAAAAAAAAAAAAAQAAAQ.jpg,1,117,117
A_N994QIXZ_D0AAAAAAAAAAAAAAQAAAQ.jpg,A_CSAAQqCz9coAAAAAAAAAAAAAAQAAAQ.jpg,1,117,117
A_N994QIXZ_D0AAAAAAAAAAAAAAQAAAQ.jpg,A_TG_YSLyoKf4AAAAAAAAAAAAAAQAAAQ.jpg,1,117,117
A_gCrJTKWF4KgAAAAAAAAAAAAAAQAAAQ.jpg,A_CSAAQqCz9coAAAAAAAAAAAAAAQAAAQ.jpg,1,117,117
A_gCrJTKWF4KgAAAAAAAAAAAAAAQAAAQ.jpg,A_TG_YSLyoKf4AAAAAAAAAAAAAAQAAAQ.jpg,1,117,117
A_CSAAQqCz9coAAAAAAAAAAAAAAQAAAQ.jpg,A_TG_YSLyoKf4AAAAAAAAAAAAAAQAAAQ.jpg,1,117,117
A_CjU5SoWF2L0AAAAAAAAAAAAAAQAAAQ.jpg,A_Ah0RSqD5FGsAAAAAAAAAAAAAAQAAAQ.jpg,1,118,118
A_CjU5SoWF2L0AAAAAAAAAAAAAAQAAAQ.jpg,A_OVixS5gitWkAAAAAAAAAAAAAAQAAAQ.jpg,1,118,118
A_CjU5SoWF2L0AAAAAAAAAAAAAAQAAAQ.jpg,A_3RTJT4kY-YoAAAAAAAAAAAAAAQAAAQ.jpg,1,118,118
A_CjU5SoWF2L0AAAAAAAAAAAAAAQAAAQ.jpg,A_Q0c_QIvmCAoAAAAAAAAAAAAAAQAAAQ.jpg,1,118,118
A_CjU5SoWF2L0AAAAAAAAAAAAAAQAAAQ.jpg,A_zjktQp-czbsAAAAAAAAAAAAAAQAAAQ.jpg,1,118,118
A_Ah0RSqD5FGsAAAAAAAAAAAAAAQAAAQ.jpg,A_OVixS5gitWkAAAAAAAAAAAAAAQAAAQ.jpg,1,118,118
A_Ah0RSqD5FGsAAAAAAAAAAAAAAQAAAQ.jpg,A_3RTJT4kY-YoAAAAAAAAAAAAAAQAAAQ.jpg,1,118,118
A_Ah0RSqD5FGsAAAAAAAAAAAAAAQAAAQ.jpg,A_Q0c_QIvmCAoAAAAAAAAAAAAAAQAAAQ.jpg,1,118,118
A_Ah0RSqD5FGsAAAAAAAAAAAAAAQAAAQ.jpg,A_zjktQp-czbsAAAAAAAAAAAAAAQAAAQ.jpg,1,118,118
A_OVixS5gitWkAAAAAAAAAAAAAAQAAAQ.jpg,A_3RTJT4kY-YoAAAAAAAAAAAAAAQAAAQ.jpg,1,118,118
A_OVixS5gitWkAAAAAAAAAAAAAAQAAAQ.jpg,A_Q0c_QIvmCAoAAAAAAAAAAAAAAQAAAQ.jpg,1,118,118
A_OVixS5gitWkAAAAAAAAAAAAAAQAAAQ.jpg,A_zjktQp-czbsAAAAAAAAAAAAAAQAAAQ.jpg,1,118,118
A_3RTJT4kY-YoAAAAAAAAAAAAAAQAAAQ.jpg,A_Q0c_QIvmCAoAAAAAAAAAAAAAAQAAAQ.jpg,1,118,118
A_3RTJT4kY-YoAAAAAAAAAAAAAAQAAAQ.jpg,A_zjktQp-czbsAAAAAAAAAAAAAAQAAAQ.jpg,1,118,118
A_Q0c_QIvmCAoAAAAAAAAAAAAAAQAAAQ.jpg,A_zjktQp-czbsAAAAAAAAAAAAAAQAAAQ.jpg,1,118,118
A_0VjnQoOyQFYAAAAAAAAAAAAAAQAAAQ.jpg,A_6tRLRIMlZcAAAAAAAAAAAAAAAQAAAQ.jpg,1,119,119
A_0VjnQoOyQFYAAAAAAAAAAAAAAQAAAQ.jpg,A_DRG9SbIn_7sAAAAAAAAAAAAAAQAAAQ.jpg,1,119,119
A_0VjnQoOyQFYAAAAAAAAAAAAAAQAAAQ.jpg,A_qDygQaMbmCsAAAAAAAAAAAAAAQAAAQ.jpg,1,119,119
A_0VjnQoOyQFYAAAAAAAAAAAAAAQAAAQ.jpg,A_ldQSTr1mNAcAAAAAAAAAAAAAAQAAAQ.jpg,1,119,119
A_0VjnQoOyQFYAAAAAAAAAAAAAAQAAAQ.jpg,A_2zQ8SKw0HmwAAAAAAAAAAAAAAQAAAQ.jpg,1,119,119
A_6tRLRIMlZcAAAAAAAAAAAAAAAQAAAQ.jpg,A_DRG9SbIn_7sAAAAAAAAAAAAAAQAAAQ.jpg,1,119,119
A_6tRLRIMlZcAAAAAAAAAAAAAAAQAAAQ.jpg,A_qDygQaMbmCsAAAAAAAAAAAAAAQAAAQ.jpg,1,119,119
A_6tRLRIMlZcAAAAAAAAAAAAAAAQAAAQ.jpg,A_ldQSTr1mNAcAAAAAAAAAAAAAAQAAAQ.jpg,1,119,119
A_6tRLRIMlZcAAAAAAAAAAAAAAAQAAAQ.jpg,A_2zQ8SKw0HmwAAAAAAAAAAAAAAQAAAQ.jpg,1,119,119
A_DRG9SbIn_7sAAAAAAAAAAAAAAQAAAQ.jpg,A_qDygQaMbmCsAAAAAAAAAAAAAAQAAAQ.jpg,1,119,119
A_DRG9SbIn_7sAAAAAAAAAAAAAAQAAAQ.jpg,A_ldQSTr1mNAcAAAAAAAAAAAAAAQAAAQ.jpg,1,119,119
A_DRG9SbIn_7sAAAAAAAAAAAAAAQAAAQ.jpg,A_2zQ8SKw0HmwAAAAAAAAAAAAAAQAAAQ.jpg,1,119,119
A_qDygQaMbmCsAAAAAAAAAAAAAAQAAAQ.jpg,A_ldQSTr1mNAcAAAAAAAAAAAAAAQAAAQ.jpg,1,119,119
A_qDygQaMbmCsAAAAAAAAAAAAAAQAAAQ.jpg,A_2zQ8SKw0HmwAAAAAAAAAAAAAAQAAAQ.jpg,1,119,119
A_ldQSTr1mNAcAAAAAAAAAAAAAAQAAAQ.jpg,A_2zQ8SKw0HmwAAAAAAAAAAAAAAQAAAQ.jpg,1,119,119
jV3ehro-TYitsrnBzUlcVgAAACMAARAD.jpg,6s492Y5LR5Kto8OzVdvpHQAAACMAARAD.jpg,1,120,120
jV3ehro-TYitsrnBzUlcVgAAACMAARAD.jpg,AG7rU6obTP2cA80UVvA9VgAAACMAARAD.jpg,1,120,120
jV3ehro-TYitsrnBzUlcVgAAACMAARAD.jpg,C5W99xn9Rpmnq-8QffgzswAAACMAARAD.jpg,1,120,120
jV3ehro-TYitsrnBzUlcVgAAACMAARAD.jpg,5tv9hCixSeCiHja6EI7b6AAAACMAARAD.jpg,1,120,120
jV3ehro-TYitsrnBzUlcVgAAACMAARAD.jpg,gssR255rQKW-hXQD0Y7E_AAAACMAARAD.jpg,1,120,120
6s492Y5LR5Kto8OzVdvpHQAAACMAARAD.jpg,AG7rU6obTP2cA80UVvA9VgAAACMAARAD.jpg,1,120,120
6s492Y5LR5Kto8OzVdvpHQAAACMAARAD.jpg,C5W99xn9Rpmnq-8QffgzswAAACMAARAD.jpg,1,120,120
6s492Y5LR5Kto8OzVdvpHQAAACMAARAD.jpg,5tv9hCixSeCiHja6EI7b6AAAACMAARAD.jpg,1,120,120
6s492Y5LR5Kto8OzVdvpHQAAACMAARAD.jpg,gssR255rQKW-hXQD0Y7E_AAAACMAARAD.jpg,1,120,120
AG7rU6obTP2cA80UVvA9VgAAACMAARAD.jpg,C5W99xn9Rpmnq-8QffgzswAAACMAARAD.jpg,1,120,120
AG7rU6obTP2cA80UVvA9VgAAACMAARAD.jpg,5tv9hCixSeCiHja6EI7b6AAAACMAARAD.jpg,1,120,120
AG7rU6obTP2cA80UVvA9VgAAACMAARAD.jpg,gssR255rQKW-hXQD0Y7E_AAAACMAARAD.jpg,1,120,120
C5W99xn9Rpmnq-8QffgzswAAACMAARAD.jpg,5tv9hCixSeCiHja6EI7b6AAAACMAARAD.jpg,1,120,120
C5W99xn9Rpmnq-8QffgzswAAACMAARAD.jpg,gssR255rQKW-hXQD0Y7E_AAAACMAARAD.jpg,1,120,120
5tv9hCixSeCiHja6EI7b6AAAACMAARAD.jpg,gssR255rQKW-hXQD0Y7E_AAAACMAARAD.jpg,1,120,120
A_C_r4QL5_wX0AAAAAAAAAAAAAAQAAAQ.jpg,A_5SyITq15BGgAAAAAAAAAAAAAAQAAAQ.jpg,1,121,121
A_C_r4QL5_wX0AAAAAAAAAAAAAAQAAAQ.jpg,A_C0vvSpWL_JsAAAAAAAAAAAAAAQAAAQ.jpg,1,121,121
A_C_r4QL5_wX0AAAAAAAAAAAAAAQAAAQ.jpg,A_CfJDTJ9aiOAAAAAAAAAAAAAAAQAAAQ.jpg,1,121,121
A_C_r4QL5_wX0AAAAAAAAAAAAAAQAAAQ.jpg,A_yb38S7eVwa8AAAAAAAAAAAAAAQAAAQ.jpg,1,121,121
A_C_r4QL5_wX0AAAAAAAAAAAAAAQAAAQ.jpg,A_pWOlQZby4GYAAAAAAAAAAAAAAQAAAQ.jpg,1,121,121
A_5SyITq15BGgAAAAAAAAAAAAAAQAAAQ.jpg,A_C0vvSpWL_JsAAAAAAAAAAAAAAQAAAQ.jpg,1,121,121
A_5SyITq15BGgAAAAAAAAAAAAAAQAAAQ.jpg,A_CfJDTJ9aiOAAAAAAAAAAAAAAAQAAAQ.jpg,1,121,121
A_5SyITq15BGgAAAAAAAAAAAAAAQAAAQ.jpg,A_yb38S7eVwa8AAAAAAAAAAAAAAQAAAQ.jpg,1,121,121
A_5SyITq15BGgAAAAAAAAAAAAAAQAAAQ.jpg,A_pWOlQZby4GYAAAAAAAAAAAAAAQAAAQ.jpg,1,121,121
A_C0vvSpWL_JsAAAAAAAAAAAAAAQAAAQ.jpg,A_CfJDTJ9aiOAAAAAAAAAAAAAAAQAAAQ.jpg,1,121,121
A_C0vvSpWL_JsAAAAAAAAAAAAAAQAAAQ.jpg,A_yb38S7eVwa8AAAAAAAAAAAAAAQAAAQ.jpg,1,121,121
A_C0vvSpWL_JsAAAAAAAAAAAAAAQAAAQ.jpg,A_pWOlQZby4GYAAAAAAAAAAAAAAQAAAQ.jpg,1,121,121
A_CfJDTJ9aiOAAAAAAAAAAAAAAAQAAAQ.jpg,A_yb38S7eVwa8AAAAAAAAAAAAAAQAAAQ.jpg,1,121,121
A_CfJDTJ9aiOAAAAAAAAAAAAAAAQAAAQ.jpg,A_pWOlQZby4GYAAAAAAAAAAAAAAQAAAQ.jpg,1,121,121
A_yb38S7eVwa8AAAAAAAAAAAAAAQAAAQ.jpg,A_pWOlQZby4GYAAAAAAAAAAAAAAQAAAQ.jpg,1,121,121
A_twQYRK5U5dUAAAAAAAAAAAAAAQAAAQ.jpg,A_PXh2Q7BkVC0AAAAAAAAAAAAAAQAAAQ.jpg,1,122,122
A_twQYRK5U5dUAAAAAAAAAAAAAAQAAAQ.jpg,A_ymwwSJZai5IAAAAAAAAAAAAAAQAAAQ.jpg,1,122,122
A_twQYRK5U5dUAAAAAAAAAAAAAAQAAAQ.jpg,A_MzYDRI1zIykAAAAAAAAAAAAAAQAAAQ.jpg,1,122,122
A_twQYRK5U5dUAAAAAAAAAAAAAAQAAAQ.jpg,A_JeVRS799a2wAAAAAAAAAAAAAAQAAAQ.jpg,1,122,122
A_twQYRK5U5dUAAAAAAAAAAAAAAQAAAQ.jpg,A_BdbARbNUADgAAAAAAAAAAAAAAQAAAQ.jpg,1,122,122
A_PXh2Q7BkVC0AAAAAAAAAAAAAAQAAAQ.jpg,A_ymwwSJZai5IAAAAAAAAAAAAAAQAAAQ.jpg,1,122,122
A_PXh2Q7BkVC0AAAAAAAAAAAAAAQAAAQ.jpg,A_MzYDRI1zIykAAAAAAAAAAAAAAQAAAQ.jpg,1,122,122
A_PXh2Q7BkVC0AAAAAAAAAAAAAAQAAAQ.jpg,A_JeVRS799a2wAAAAAAAAAAAAAAQAAAQ.jpg,1,122,122
A_PXh2Q7BkVC0AAAAAAAAAAAAAAQAAAQ.jpg,A_BdbARbNUADgAAAAAAAAAAAAAAQAAAQ.jpg,1,122,122
A_ymwwSJZai5IAAAAAAAAAAAAAAQAAAQ.jpg,A_MzYDRI1zIykAAAAAAAAAAAAAAQAAAQ.jpg,1,122,122
A_ymwwSJZai5IAAAAAAAAAAAAAAQAAAQ.jpg,A_JeVRS799a2wAAAAAAAAAAAAAAQAAAQ.jpg,1,122,122
A_ymwwSJZai5IAAAAAAAAAAAAAAQAAAQ.jpg,A_BdbARbNUADgAAAAAAAAAAAAAAQAAAQ.jpg,1,122,122
A_MzYDRI1zIykAAAAAAAAAAAAAAQAAAQ.jpg,A_JeVRS799a2wAAAAAAAAAAAAAAQAAAQ.jpg,1,122,122
A_MzYDRI1zIykAAAAAAAAAAAAAAQAAAQ.jpg,A_BdbARbNUADgAAAAAAAAAAAAAAQAAAQ.jpg,1,122,122
A_JeVRS799a2wAAAAAAAAAAAAAAQAAAQ.jpg,A_BdbARbNUADgAAAAAAAAAAAAAAQAAAQ.jpg,1,122,122
A_otkrQ6x55ioAAAAAAAAAAAAAAQAAAQ.jpg,A_B3wzTov3pPQAAAAAAAAAAAAAAQAAAQ.jpg,1,123,123
A_otkrQ6x55ioAAAAAAAAAAAAAAQAAAQ.jpg,A_RZTaRK3bJIcAAAAAAAAAAAAAAQAAAQ.jpg,1,123,123
A_otkrQ6x55ioAAAAAAAAAAAAAAQAAAQ.jpg,A_JVqvTaADYeMAAAAAAAAAAAAAAQAAAQ.jpg,1,123,123
A_otkrQ6x55ioAAAAAAAAAAAAAAQAAAQ.jpg,A_q0dFR7cGWkQAAAAAAAAAAAAAAQAAAQ.jpg,1,123,123
A_otkrQ6x55ioAAAAAAAAAAAAAAQAAAQ.jpg,A_2lrgQ5piRFsAAAAAAAAAAAAAAQAAAQ.jpg,1,123,123
A_B3wzTov3pPQAAAAAAAAAAAAAAQAAAQ.jpg,A_RZTaRK3bJIcAAAAAAAAAAAAAAQAAAQ.jpg,1,123,123
A_B3wzTov3pPQAAAAAAAAAAAAAAQAAAQ.jpg,A_JVqvTaADYeMAAAAAAAAAAAAAAQAAAQ.jpg,1,123,123
A_B3wzTov3pPQAAAAAAAAAAAAAAQAAAQ.jpg,A_q0dFR7cGWkQAAAAAAAAAAAAAAQAAAQ.jpg,1,123,123
A_B3wzTov3pPQAAAAAAAAAAAAAAQAAAQ.jpg,A_2lrgQ5piRFsAAAAAAAAAAAAAAQAAAQ.jpg,1,123,123
A_RZTaRK3bJIcAAAAAAAAAAAAAAQAAAQ.jpg,A_JVqvTaADYeMAAAAAAAAAAAAAAQAAAQ.jpg,1,123,123
A_RZTaRK3bJIcAAAAAAAAAAAAAAQAAAQ.jpg,A_q0dFR7cGWkQAAAAAAAAAAAAAAQAAAQ.jpg,1,123,123
A_RZTaRK3bJIcAAAAAAAAAAAAAAQAAAQ.jpg,A_2lrgQ5piRFsAAAAAAAAAAAAAAQAAAQ.jpg,1,123,123
A_JVqvTaADYeMAAAAAAAAAAAAAAQAAAQ.jpg,A_q0dFR7cGWkQAAAAAAAAAAAAAAQAAAQ.jpg,1,123,123
A_JVqvTaADYeMAAAAAAAAAAAAAAQAAAQ.jpg,A_2lrgQ5piRFsAAAAAAAAAAAAAAQAAAQ.jpg,1,123,123
A_q0dFR7cGWkQAAAAAAAAAAAAAAQAAAQ.jpg,A_2lrgQ5piRFsAAAAAAAAAAAAAAQAAAQ.jpg,1,123,123
A_olotS4XoJFkAAAAAAAAAAAAAAQAAAQ.jpg,A_56etSoqz9lkAAAAAAAAAAAAAAQAAAQ.jpg,1,124,124
A_olotS4XoJFkAAAAAAAAAAAAAAQAAAQ.jpg,A_HAtPTLANbMAAAAAAAAAAAAAAAQAAAQ.jpg,1,124,124
A_olotS4XoJFkAAAAAAAAAAAAAAQAAAQ.jpg,A_icEHSLdCQo8AAAAAAAAAAAAAAQAAAQ.jpg,1,124,124
A_olotS4XoJFkAAAAAAAAAAAAAAQAAAQ.jpg,A_8gLsQ6KuwHQAAAAAAAAAAAAAAQAAAQ.jpg,1,124,124
A_olotS4XoJFkAAAAAAAAAAAAAAQAAAQ.jpg,A_A29dTpQ8IOwAAAAAAAAAAAAAAQAAAQ.jpg,1,124,124
A_56etSoqz9lkAAAAAAAAAAAAAAQAAAQ.jpg,A_HAtPTLANbMAAAAAAAAAAAAAAAQAAAQ.jpg,1,124,124
A_56etSoqz9lkAAAAAAAAAAAAAAQAAAQ.jpg,A_icEHSLdCQo8AAAAAAAAAAAAAAQAAAQ.jpg,1,124,124
A_56etSoqz9lkAAAAAAAAAAAAAAQAAAQ.jpg,A_8gLsQ6KuwHQAAAAAAAAAAAAAAQAAAQ.jpg,1,124,124
A_56etSoqz9lkAAAAAAAAAAAAAAQAAAQ.jpg,A_A29dTpQ8IOwAAAAAAAAAAAAAAQAAAQ.jpg,1,124,124
A_HAtPTLANbMAAAAAAAAAAAAAAAQAAAQ.jpg,A_icEHSLdCQo8AAAAAAAAAAAAAAQAAAQ.jpg,1,124,124
A_HAtPTLANbMAAAAAAAAAAAAAAAQAAAQ.jpg,A_8gLsQ6KuwHQAAAAAAAAAAAAAAQAAAQ.jpg,1,124,124
A_HAtPTLANbMAAAAAAAAAAAAAAAQAAAQ.jpg,A_A29dTpQ8IOwAAAAAAAAAAAAAAQAAAQ.jpg,1,124,124
A_icEHSLdCQo8AAAAAAAAAAAAAAQAAAQ.jpg,A_8gLsQ6KuwHQAAAAAAAAAAAAAAQAAAQ.jpg,1,124,124
A_icEHSLdCQo8AAAAAAAAAAAAAAQAAAQ.jpg,A_A29dTpQ8IOwAAAAAAAAAAAAAAQAAAQ.jpg,1,124,124
A_8gLsQ6KuwHQAAAAAAAAAAAAAAQAAAQ.jpg,A_A29dTpQ8IOwAAAAAAAAAAAAAAQAAAQ.jpg,1,124,124
A_L_fMQ4YgTbUAAAAAAAAAAAAAAQAAAQ.jpg,A_8xTQSLkd18MAAAAAAAAAAAAAAQAAAQ.jpg,1,125,125
A_L_fMQ4YgTbUAAAAAAAAAAAAAAQAAAQ.jpg,A_wsMpQbMfJyAAAAAAAAAAAAAAAQAAAQ.jpg,1,125,125
A_L_fMQ4YgTbUAAAAAAAAAAAAAAQAAAQ.jpg,A_k_RPQYZRrkAAAAAAAAAAAAAAAQAAAQ.jpg,1,125,125
A_L_fMQ4YgTbUAAAAAAAAAAAAAAQAAAQ.jpg,A_Ka1IRZhFoOoAAAAAAAAAAAAAAQAAAQ.jpg,1,125,125
A_L_fMQ4YgTbUAAAAAAAAAAAAAAQAAAQ.jpg,A_lXDEQaoW4GsAAAAAAAAAAAAAAQAAAQ.jpg,1,125,125
A_8xTQSLkd18MAAAAAAAAAAAAAAQAAAQ.jpg,A_wsMpQbMfJyAAAAAAAAAAAAAAAQAAAQ.jpg,1,125,125
A_8xTQSLkd18MAAAAAAAAAAAAAAQAAAQ.jpg,A_k_RPQYZRrkAAAAAAAAAAAAAAAQAAAQ.jpg,1,125,125
A_8xTQSLkd18MAAAAAAAAAAAAAAQAAAQ.jpg,A_Ka1IRZhFoOoAAAAAAAAAAAAAAQAAAQ.jpg,1,125,125
A_8xTQSLkd18MAAAAAAAAAAAAAAQAAAQ.jpg,A_lXDEQaoW4GsAAAAAAAAAAAAAAQAAAQ.jpg,1,125,125
A_wsMpQbMfJyAAAAAAAAAAAAAAAQAAAQ.jpg,A_k_RPQYZRrkAAAAAAAAAAAAAAAQAAAQ.jpg,1,125,125
A_wsMpQbMfJyAAAAAAAAAAAAAAAQAAAQ.jpg,A_Ka1IRZhFoOoAAAAAAAAAAAAAAQAAAQ.jpg,1,125,125
A_wsMpQbMfJyAAAAAAAAAAAAAAAQAAAQ.jpg,A_lXDEQaoW4GsAAAAAAAAAAAAAAQAAAQ.jpg,1,125,125
A_k_RPQYZRrkAAAAAAAAAAAAAAAQAAAQ.jpg,A_Ka1IRZhFoOoAAAAAAAAAAAAAAQAAAQ.jpg,1,125,125
A_k_RPQYZRrkAAAAAAAAAAAAAAAQAAAQ.jpg,A_lXDEQaoW4GsAAAAAAAAAAAAAAQAAAQ.jpg,1,125,125
A_Ka1IRZhFoOoAAAAAAAAAAAAAAQAAAQ.jpg,A_lXDEQaoW4GsAAAAAAAAAAAAAAQAAAQ.jpg,1,125,125
A_0eHqSotZJB4AAAAAAAAAAAAAAQAAAQ.jpg,A_6BoNTIj6Zn8AAAAAAAAAAAAAAQAAAQ.jpg,1,126,126
A_0eHqSotZJB4AAAAAAAAAAAAAAQAAAQ.jpg,A_NfYdSZ8-0FYAAAAAAAAAAAAAAQAAAQ.jpg,1,126,126
A_0eHqSotZJB4AAAAAAAAAAAAAAQAAAQ.jpg,A_9jzqQrTHgCQAAAAAAAAAAAAAAQAAAQ.jpg,1,126,126
A_0eHqSotZJB4AAAAAAAAAAAAAAQAAAQ.jpg,A_-zpLRbA5T7QAAAAAAAAAAAAAAQAAAQ.jpg,1,126,126
A_0eHqSotZJB4AAAAAAAAAAAAAAQAAAQ.jpg,A_demMTaFj7p8AAAAAAAAAAAAAAQAAAQ.jpg,1,126,126
A_6BoNTIj6Zn8AAAAAAAAAAAAAAQAAAQ.jpg,A_NfYdSZ8-0FYAAAAAAAAAAAAAAQAAAQ.jpg,1,126,126
A_6BoNTIj6Zn8AAAAAAAAAAAAAAQAAAQ.jpg,A_9jzqQrTHgCQAAAAAAAAAAAAAAQAAAQ.jpg,1,126,126
A_6BoNTIj6Zn8AAAAAAAAAAAAAAQAAAQ.jpg,A_-zpLRbA5T7QAAAAAAAAAAAAAAQAAAQ.jpg,1,126,126
A_6BoNTIj6Zn8AAAAAAAAAAAAAAQAAAQ.jpg,A_demMTaFj7p8AAAAAAAAAAAAAAQAAAQ.jpg,1,126,126
A_NfYdSZ8-0FYAAAAAAAAAAAAAAQAAAQ.jpg,A_9jzqQrTHgCQAAAAAAAAAAAAAAQAAAQ.jpg,1,126,126
A_NfYdSZ8-0FYAAAAAAAAAAAAAAQAAAQ.jpg,A_-zpLRbA5T7QAAAAAAAAAAAAAAQAAAQ.jpg,1,126,126
A_NfYdSZ8-0FYAAAAAAAAAAAAAAQAAAQ.jpg,A_demMTaFj7p8AAAAAAAAAAAAAAQAAAQ.jpg,1,126,126
A_9jzqQrTHgCQAAAAAAAAAAAAAAQAAAQ.jpg,A_-zpLRbA5T7QAAAAAAAAAAAAAAQAAAQ.jpg,1,126,126
A_9jzqQrTHgCQAAAAAAAAAAAAAAQAAAQ.jpg,A_demMTaFj7p8AAAAAAAAAAAAAAQAAAQ.jpg,1,126,126
A_-zpLRbA5T7QAAAAAAAAAAAAAAQAAAQ.jpg,A_demMTaFj7p8AAAAAAAAAAAAAAQAAAQ.jpg,1,126,126
A_JQmhRLsCpowAAAAAAAAAAAAAAQAAAQ.jpg,A_zz-aSZh8rzMAAAAAAAAAAAAAAQAAAQ.jpg,1,127,127
A_JQmhRLsCpowAAAAAAAAAAAAAAQAAAQ.jpg,A_gR_YR4d18TQAAAAAAAAAAAAAAQAAAQ.jpg,1,127,127
A_JQmhRLsCpowAAAAAAAAAAAAAAQAAAQ.jpg,A_eLCGTJtC0LMAAAAAAAAAAAAAAQAAAQ.jpg,1,127,127
A_JQmhRLsCpowAAAAAAAAAAAAAAQAAAQ.jpg,A_D-WxSLxg0XwAAAAAAAAAAAAAAQAAAQ.jpg,1,127,127
A_JQmhRLsCpowAAAAAAAAAAAAAAQAAAQ.jpg,A_F-Y6SLy3q3kAAAAAAAAAAAAAAQAAAQ.jpg,1,127,127
A_zz-aSZh8rzMAAAAAAAAAAAAAAQAAAQ.jpg,A_gR_YR4d18TQAAAAAAAAAAAAAAQAAAQ.jpg,1,127,127
A_zz-aSZh8rzMAAAAAAAAAAAAAAQAAAQ.jpg,A_eLCGTJtC0LMAAAAAAAAAAAAAAQAAAQ.jpg,1,127,127
A_zz-aSZh8rzMAAAAAAAAAAAAAAQAAAQ.jpg,A_D-WxSLxg0XwAAAAAAAAAAAAAAQAAAQ.jpg,1,127,127
A_zz-aSZh8rzMAAAAAAAAAAAAAAQAAAQ.jpg,A_F-Y6SLy3q3kAAAAAAAAAAAAAAQAAAQ.jpg,1,127,127
A_gR_YR4d18TQAAAAAAAAAAAAAAQAAAQ.jpg,A_eLCGTJtC0LMAAAAAAAAAAAAAAQAAAQ.jpg,1,127,127
A_gR_YR4d18TQAAAAAAAAAAAAAAQAAAQ.jpg,A_D-WxSLxg0XwAAAAAAAAAAAAAAQAAAQ.jpg,1,127,127
A_gR_YR4d18TQAAAAAAAAAAAAAAQAAAQ.jpg,A_F-Y6SLy3q3kAAAAAAAAAAAAAAQAAAQ.jpg,1,127,127
A_eLCGTJtC0LMAAAAAAAAAAAAAAQAAAQ.jpg,A_D-WxSLxg0XwAAAAAAAAAAAAAAQAAAQ.jpg,1,127,127
A_eLCGTJtC0LMAAAAAAAAAAAAAAQAAAQ.jpg,A_F-Y6SLy3q3kAAAAAAAAAAAAAAQAAAQ.jpg,1,127,127
A_D-WxSLxg0XwAAAAAAAAAAAAAAQAAAQ.jpg,A_F-Y6SLy3q3kAAAAAAAAAAAAAAQAAAQ.jpg,1,127,127
hc_8dM3TTzeQxx1wn6w2ogAAACMAARAD.jpg,KtjlPeKCRb-0vismjLY7MgAAACMAARED.jpg,1,128,128
hc_8dM3TTzeQxx1wn6w2ogAAACMAARAD.jpg,hL3x2UFYTb-fOuBIwUKJMAAAACMAARED.jpg,1,128,128
hc_8dM3TTzeQxx1wn6w2ogAAACMAARAD.jpg,imqELfCBQ0anyzmOWFa77wAAACMAARAD.jpg,1,128,128
hc_8dM3TTzeQxx1wn6w2ogAAACMAARAD.jpg,gO5e4wDlTpSBMkBADWucyQAAACMAARED.jpg,1,128,128
hc_8dM3TTzeQxx1wn6w2ogAAACMAARAD.jpg,40cC6HWzRva34jaC_YZZAwAAACMAARED.jpg,1,128,128
KtjlPeKCRb-0vismjLY7MgAAACMAARED.jpg,hL3x2UFYTb-fOuBIwUKJMAAAACMAARED.jpg,1,128,128
KtjlPeKCRb-0vismjLY7MgAAACMAARED.jpg,imqELfCBQ0anyzmOWFa77wAAACMAARAD.jpg,1,128,128
KtjlPeKCRb-0vismjLY7MgAAACMAARED.jpg,gO5e4wDlTpSBMkBADWucyQAAACMAARED.jpg,1,128,128
KtjlPeKCRb-0vismjLY7MgAAACMAARED.jpg,40cC6HWzRva34jaC_YZZAwAAACMAARED.jpg,1,128,128
hL3x2UFYTb-fOuBIwUKJMAAAACMAARED.jpg,imqELfCBQ0anyzmOWFa77wAAACMAARAD.jpg,1,128,128
hL3x2UFYTb-fOuBIwUKJMAAAACMAARED.jpg,gO5e4wDlTpSBMkBADWucyQAAACMAARED.jpg,1,128,128
hL3x2UFYTb-fOuBIwUKJMAAAACMAARED.jpg,40cC6HWzRva34jaC_YZZAwAAACMAARED.jpg,1,128,128
imqELfCBQ0anyzmOWFa77wAAACMAARAD.jpg,gO5e4wDlTpSBMkBADWucyQAAACMAARED.jpg,1,128,128
imqELfCBQ0anyzmOWFa77wAAACMAARAD.jpg,40cC6HWzRva34jaC_YZZAwAAACMAARED.jpg,1,128,128
gO5e4wDlTpSBMkBADWucyQAAACMAARED.jpg,40cC6HWzRva34jaC_YZZAwAAACMAARED.jpg,1,128,128
jljP-9JORDyajV3g_xwG_wAAACMAARAD.jpg,t7OjT-JkTe-fdqtZnMC8oAAAACMAARAD.jpg,1,129,129
jljP-9JORDyajV3g_xwG_wAAACMAARAD.jpg,kI8JptLQRmKD74_JZNiHXQAAACMAARAD.jpg,1,129,129
jljP-9JORDyajV3g_xwG_wAAACMAARAD.jpg,nAi--2AISa2-kG4iYClrZAAAACMAARAD.jpg,1,129,129
jljP-9JORDyajV3g_xwG_wAAACMAARAD.jpg,J4N-el7oSxaafAyjuSBgGAAAACMAARAD.jpg,1,129,129
jljP-9JORDyajV3g_xwG_wAAACMAARAD.jpg,8QdADX6zQ3mS9dmE-VCOBgAAACMAARAD.jpg,1,129,129
t7OjT-JkTe-fdqtZnMC8oAAAACMAARAD.jpg,kI8JptLQRmKD74_JZNiHXQAAACMAARAD.jpg,1,129,129
t7OjT-JkTe-fdqtZnMC8oAAAACMAARAD.jpg,nAi--2AISa2-kG4iYClrZAAAACMAARAD.jpg,1,129,129
t7OjT-JkTe-fdqtZnMC8oAAAACMAARAD.jpg,J4N-el7oSxaafAyjuSBgGAAAACMAARAD.jpg,1,129,129
t7OjT-JkTe-fdqtZnMC8oAAAACMAARAD.jpg,8QdADX6zQ3mS9dmE-VCOBgAAACMAARAD.jpg,1,129,129
kI8JptLQRmKD74_JZNiHXQAAACMAARAD.jpg,nAi--2AISa2-kG4iYClrZAAAACMAARAD.jpg,1,129,129
kI8JptLQRmKD74_JZNiHXQAAACMAARAD.jpg,J4N-el7oSxaafAyjuSBgGAAAACMAARAD.jpg,1,129,129
kI8JptLQRmKD74_JZNiHXQAAACMAARAD.jpg,8QdADX6zQ3mS9dmE-VCOBgAAACMAARAD.jpg,1,129,129
nAi--2AISa2-kG4iYClrZAAAACMAARAD.jpg,J4N-el7oSxaafAyjuSBgGAAAACMAARAD.jpg,1,129,129
nAi--2AISa2-kG4iYClrZAAAACMAARAD.jpg,8QdADX6zQ3mS9dmE-VCOBgAAACMAARAD.jpg,1,129,129
J4N-el7oSxaafAyjuSBgGAAAACMAARAD.jpg,8QdADX6zQ3mS9dmE-VCOBgAAACMAARAD.jpg,1,129,129
A_WRYZRKOZPL4AAAAAAAAAAAAAAQAAAQ.jpg,A_5RnLQp7mKNsAAAAAAAAAAAAAAQAAAQ.jpg,1,130,130
A_WRYZRKOZPL4AAAAAAAAAAAAAAQAAAQ.jpg,A_enA1RrPs6TgAAAAAAAAAAAAAAQAAAQ.jpg,1,130,130
A_WRYZRKOZPL4AAAAAAAAAAAAAAQAAAQ.jpg,A_7zNRSYbqsoAAAAAAAAAAAAAAAQAAAQ.jpg,1,130,130
A_WRYZRKOZPL4AAAAAAAAAAAAAAQAAAQ.jpg,A_b-8qRr28s_QAAAAAAAAAAAAAAQAAAQ.jpg,1,130,130
A_WRYZRKOZPL4AAAAAAAAAAAAAAQAAAQ.jpg,A_TnpqRIoO1cIAAAAAAAAAAAAAAQAAAQ.jpg,1,130,130
A_5RnLQp7mKNsAAAAAAAAAAAAAAQAAAQ.jpg,A_enA1RrPs6TgAAAAAAAAAAAAAAQAAAQ.jpg,1,130,130
A_5RnLQp7mKNsAAAAAAAAAAAAAAQAAAQ.jpg,A_7zNRSYbqsoAAAAAAAAAAAAAAAQAAAQ.jpg,1,130,130
A_5RnLQp7mKNsAAAAAAAAAAAAAAQAAAQ.jpg,A_b-8qRr28s_QAAAAAAAAAAAAAAQAAAQ.jpg,1,130,130
A_5RnLQp7mKNsAAAAAAAAAAAAAAQAAAQ.jpg,A_TnpqRIoO1cIAAAAAAAAAAAAAAQAAAQ.jpg,1,130,130
A_enA1RrPs6TgAAAAAAAAAAAAAAQAAAQ.jpg,A_7zNRSYbqsoAAAAAAAAAAAAAAAQAAAQ.jpg,1,130,130
A_enA1RrPs6TgAAAAAAAAAAAAAAQAAAQ.jpg,A_b-8qRr28s_QAAAAAAAAAAAAAAQAAAQ.jpg,1,130,130
A_enA1RrPs6TgAAAAAAAAAAAAAAQAAAQ.jpg,A_TnpqRIoO1cIAAAAAAAAAAAAAAQAAAQ.jpg,1,130,130
A_7zNRSYbqsoAAAAAAAAAAAAAAAQAAAQ.jpg,A_b-8qRr28s_QAAAAAAAAAAAAAAQAAAQ.jpg,1,130,130
A_7zNRSYbqsoAAAAAAAAAAAAAAAQAAAQ.jpg,A_TnpqRIoO1cIAAAAAAAAAAAAAAQAAAQ.jpg,1,130,130
A_b-8qRr28s_QAAAAAAAAAAAAAAQAAAQ.jpg,A_TnpqRIoO1cIAAAAAAAAAAAAAAQAAAQ.jpg,1,130,130
A_IfS8TqroUEgAAAAAAAAAAAAAAQAAAQ.jpg,A_SwDLSLSKMi8AAAAAAAAAAAAAAQAAAQ.jpg,1,131,131
A_IfS8TqroUEgAAAAAAAAAAAAAAQAAAQ.jpg,A_iJVwTais0UgAAAAAAAAAAAAAAQAAAQ.jpg,1,131,131
A_IfS8TqroUEgAAAAAAAAAAAAAAQAAAQ.jpg,A_5ObjSaWgNVgAAAAAAAAAAAAAAQAAAQ.jpg,1,131,131
A_IfS8TqroUEgAAAAAAAAAAAAAAQAAAQ.jpg,A_n4mzQqZYsskAAAAAAAAAAAAAAQAAAQ.jpg,1,131,131
A_IfS8TqroUEgAAAAAAAAAAAAAAQAAAQ.jpg,A_k6J1RpHE-uEAAAAAAAAAAAAAAQAAAQ.jpg,1,131,131
A_SwDLSLSKMi8AAAAAAAAAAAAAAQAAAQ.jpg,A_iJVwTais0UgAAAAAAAAAAAAAAQAAAQ.jpg,1,131,131
A_SwDLSLSKMi8AAAAAAAAAAAAAAQAAAQ.jpg,A_5ObjSaWgNVgAAAAAAAAAAAAAAQAAAQ.jpg,1,131,131
A_SwDLSLSKMi8AAAAAAAAAAAAAAQAAAQ.jpg,A_n4mzQqZYsskAAAAAAAAAAAAAAQAAAQ.jpg,1,131,131
A_SwDLSLSKMi8AAAAAAAAAAAAAAQAAAQ.jpg,A_k6J1RpHE-uEAAAAAAAAAAAAAAQAAAQ.jpg,1,131,131
A_iJVwTais0UgAAAAAAAAAAAAAAQAAAQ.jpg,A_5ObjSaWgNVgAAAAAAAAAAAAAAQAAAQ.jpg,1,131,131
A_iJVwTais0UgAAAAAAAAAAAAAAQAAAQ.jpg,A_n4mzQqZYsskAAAAAAAAAAAAAAQAAAQ.jpg,1,131,131
A_iJVwTais0UgAAAAAAAAAAAAAAQAAAQ.jpg,A_k6J1RpHE-uEAAAAAAAAAAAAAAQAAAQ.jpg,1,131,131
A_5ObjSaWgNVgAAAAAAAAAAAAAAQAAAQ.jpg,A_n4mzQqZYsskAAAAAAAAAAAAAAQAAAQ.jpg,1,131,131
A_5ObjSaWgNVgAAAAAAAAAAAAAAQAAAQ.jpg,A_k6J1RpHE-uEAAAAAAAAAAAAAAQAAAQ.jpg,1,131,131
A_n4mzQqZYsskAAAAAAAAAAAAAAQAAAQ.jpg,A_k6J1RpHE-uEAAAAAAAAAAAAAAQAAAQ.jpg,1,131,131
MfYoqfAzSxyKWkDANp68IQAAACMAARAD.jpg,YoSHu2JrTOO6hQ5gU0XFegAAACMAARAD.jpg,1,132,132
MfYoqfAzSxyKWkDANp68IQAAACMAARAD.jpg,wOtJM1xTQZ6YLMlLIsR6RQAAACMAARAD.jpg,1,132,132
MfYoqfAzSxyKWkDANp68IQAAACMAARAD.jpg,uKy0yW2aSKGHTpR2lfUysQAAACMAARAD.jpg,1,132,132
MfYoqfAzSxyKWkDANp68IQAAACMAARAD.jpg,3TWmN3cgR6O-z4Ry4M-TngAAACMAARAD.jpg,1,132,132
MfYoqfAzSxyKWkDANp68IQAAACMAARAD.jpg,ysnTdNgkTQ2KcesYGinCrgAAACMAARAD.jpg,1,132,132
YoSHu2JrTOO6hQ5gU0XFegAAACMAARAD.jpg,wOtJM1xTQZ6YLMlLIsR6RQAAACMAARAD.jpg,1,132,132
YoSHu2JrTOO6hQ5gU0XFegAAACMAARAD.jpg,uKy0yW2aSKGHTpR2lfUysQAAACMAARAD.jpg,1,132,132
YoSHu2JrTOO6hQ5gU0XFegAAACMAARAD.jpg,3TWmN3cgR6O-z4Ry4M-TngAAACMAARAD.jpg,1,132,132
YoSHu2JrTOO6hQ5gU0XFegAAACMAARAD.jpg,ysnTdNgkTQ2KcesYGinCrgAAACMAARAD.jpg,1,132,132
wOtJM1xTQZ6YLMlLIsR6RQAAACMAARAD.jpg,uKy0yW2aSKGHTpR2lfUysQAAACMAARAD.jpg,1,132,132
wOtJM1xTQZ6YLMlLIsR6RQAAACMAARAD.jpg,3TWmN3cgR6O-z4Ry4M-TngAAACMAARAD.jpg,1,132,132
wOtJM1xTQZ6YLMlLIsR6RQAAACMAARAD.jpg,ysnTdNgkTQ2KcesYGinCrgAAACMAARAD.jpg,1,132,132
uKy0yW2aSKGHTpR2lfUysQAAACMAARAD.jpg,3TWmN3cgR6O-z4Ry4M-TngAAACMAARAD.jpg,1,132,132
uKy0yW2aSKGHTpR2lfUysQAAACMAARAD.jpg,ysnTdNgkTQ2KcesYGinCrgAAACMAARAD.jpg,1,132,132
3TWmN3cgR6O-z4Ry4M-TngAAACMAARAD.jpg,ysnTdNgkTQ2KcesYGinCrgAAACMAARAD.jpg,1,132,132
A_1KykSqIp3y0AAAAAAAAAAAAAAQAAAQ.jpg,A_oU0aQJ48IRsAAAAAAAAAAAAAAQAAAQ.jpg,1,133,133
A_1KykSqIp3y0AAAAAAAAAAAAAAQAAAQ.jpg,A_vjMsQZpQaTkAAAAAAAAAAAAAAQAAAQ.jpg,1,133,133
A_1KykSqIp3y0AAAAAAAAAAAAAAQAAAQ.jpg,A_jDBmTIN3O1EAAAAAAAAAAAAAAQAAAQ.jpg,1,133,133
A_1KykSqIp3y0AAAAAAAAAAAAAAQAAAQ.jpg,A_cIYGQ7AY1_4AAAAAAAAAAAAAAQAAAQ.jpg,1,133,133
A_1KykSqIp3y0AAAAAAAAAAAAAAQAAAQ.jpg,A_wbFXSqEkpSMAAAAAAAAAAAAAAQAAAQ.jpg,1,133,133
A_oU0aQJ48IRsAAAAAAAAAAAAAAQAAAQ.jpg,A_vjMsQZpQaTkAAAAAAAAAAAAAAQAAAQ.jpg,1,133,133
A_oU0aQJ48IRsAAAAAAAAAAAAAAQAAAQ.jpg,A_jDBmTIN3O1EAAAAAAAAAAAAAAQAAAQ.jpg,1,133,133
A_oU0aQJ48IRsAAAAAAAAAAAAAAQAAAQ.jpg,A_cIYGQ7AY1_4AAAAAAAAAAAAAAQAAAQ.jpg,1,133,133
A_oU0aQJ48IRsAAAAAAAAAAAAAAQAAAQ.jpg,A_wbFXSqEkpSMAAAAAAAAAAAAAAQAAAQ.jpg,1,133,133
A_vjMsQZpQaTkAAAAAAAAAAAAAAQAAAQ.jpg,A_jDBmTIN3O1EAAAAAAAAAAAAAAQAAAQ.jpg,1,133,133
A_vjMsQZpQaTkAAAAAAAAAAAAAAQAAAQ.jpg,A_cIYGQ7AY1_4AAAAAAAAAAAAAAQAAAQ.jpg,1,133,133
A_vjMsQZpQaTkAAAAAAAAAAAAAAQAAAQ.jpg,A_wbFXSqEkpSMAAAAAAAAAAAAAAQAAAQ.jpg,1,133,133
A_jDBmTIN3O1EAAAAAAAAAAAAAAQAAAQ.jpg,A_cIYGQ7AY1_4AAAAAAAAAAAAAAQAAAQ.jpg,1,133,133
A_jDBmTIN3O1EAAAAAAAAAAAAAAQAAAQ.jpg,A_wbFXSqEkpSMAAAAAAAAAAAAAAQAAAQ.jpg,1,133,133
A_cIYGQ7AY1_4AAAAAAAAAAAAAAQAAAQ.jpg,A_wbFXSqEkpSMAAAAAAAAAAAAAAQAAAQ.jpg,1,133,133
A_LASnRL9zIE4AAAAAAAAAAAAAAQAAAQ.jpg,LNlPtwVGSl-ipHGlshPDWAAAACMAARAD.jpg,1,134,134
A_LASnRL9zIE4AAAAAAAAAAAAAAQAAAQ.jpg,8Qw6qRpuSFiqsPEqj_LOpwAAACMAARAD.jpg,1,134,134
A_LASnRL9zIE4AAAAAAAAAAAAAAQAAAQ.jpg,HuSWm8MwS8C21fYeSVVyagAAACMAARAD.jpg,1,134,134
A_LASnRL9zIE4AAAAAAAAAAAAAAQAAAQ.jpg,lFnXbsgySbe-RMVrti88KQAAACMAARAD.jpg,1,134,134
A_LASnRL9zIE4AAAAAAAAAAAAAAQAAAQ.jpg,PKvgCxspT06mVkCupz9C2QAAACMAARAD.jpg,1,134,134
LNlPtwVGSl-ipHGlshPDWAAAACMAARAD.jpg,8Qw6qRpuSFiqsPEqj_LOpwAAACMAARAD.jpg,1,134,134
LNlPtwVGSl-ipHGlshPDWAAAACMAARAD.jpg,HuSWm8MwS8C21fYeSVVyagAAACMAARAD.jpg,1,134,134
LNlPtwVGSl-ipHGlshPDWAAAACMAARAD.jpg,lFnXbsgySbe-RMVrti88KQAAACMAARAD.jpg,1,134,134
LNlPtwVGSl-ipHGlshPDWAAAACMAARAD.jpg,PKvgCxspT06mVkCupz9C2QAAACMAARAD.jpg,1,134,134
8Qw6qRpuSFiqsPEqj_LOpwAAACMAARAD.jpg,HuSWm8MwS8C21fYeSVVyagAAACMAARAD.jpg,1,134,134
8Qw6qRpuSFiqsPEqj_LOpwAAACMAARAD.jpg,lFnXbsgySbe-RMVrti88KQAAACMAARAD.jpg,1,134,134
8Qw6qRpuSFiqsPEqj_LOpwAAACMAARAD.jpg,PKvgCxspT06mVkCupz9C2QAAACMAARAD.jpg,1,134,134
HuSWm8MwS8C21fYeSVVyagAAACMAARAD.jpg,lFnXbsgySbe-RMVrti88KQAAACMAARAD.jpg,1,134,134
HuSWm8MwS8C21fYeSVVyagAAACMAARAD.jpg,PKvgCxspT06mVkCupz9C2QAAACMAARAD.jpg,1,134,134
lFnXbsgySbe-RMVrti88KQAAACMAARAD.jpg,PKvgCxspT06mVkCupz9C2QAAACMAARAD.jpg,1,134,134
A_4uZrQJsALPQAAAAAAAAAAAAAAQAAAQ.jpg,A_0Z_BTJTyxrUAAAAAAAAAAAAAAQAAAQ.jpg,1,135,135
A_4uZrQJsALPQAAAAAAAAAAAAAAQAAAQ.jpg,A_9nbgRqR5TioAAAAAAAAAAAAAAQAAAQ.jpg,1,135,135
A_4uZrQJsALPQAAAAAAAAAAAAAAQAAAQ.jpg,A_z-jkQpRk3FkAAAAAAAAAAAAAAQAAAQ.jpg,1,135,135
A_4uZrQJsALPQAAAAAAAAAAAAAAQAAAQ.jpg,A_qQm9SqhVmh8AAAAAAAAAAAAAAQAAAQ.jpg,1,135,135
A_4uZrQJsALPQAAAAAAAAAAAAAAQAAAQ.jpg,A_Ak6wQLMJZPUAAAAAAAAAAAAAAQAAAQ.jpg,1,135,135
A_0Z_BTJTyxrUAAAAAAAAAAAAAAQAAAQ.jpg,A_9nbgRqR5TioAAAAAAAAAAAAAAQAAAQ.jpg,1,135,135
A_0Z_BTJTyxrUAAAAAAAAAAAAAAQAAAQ.jpg,A_z-jkQpRk3FkAAAAAAAAAAAAAAQAAAQ.jpg,1,135,135
A_0Z_BTJTyxrUAAAAAAAAAAAAAAQAAAQ.jpg,A_qQm9SqhVmh8AAAAAAAAAAAAAAQAAAQ.jpg,1,135,135
A_0Z_BTJTyxrUAAAAAAAAAAAAAAQAAAQ.jpg,A_Ak6wQLMJZPUAAAAAAAAAAAAAAQAAAQ.jpg,1,135,135
A_9nbgRqR5TioAAAAAAAAAAAAAAQAAAQ.jpg,A_z-jkQpRk3FkAAAAAAAAAAAAAAQAAAQ.jpg,1,135,135
A_9nbgRqR5TioAAAAAAAAAAAAAAQAAAQ.jpg,A_qQm9SqhVmh8AAAAAAAAAAAAAAQAAAQ.jpg,1,135,135
A_9nbgRqR5TioAAAAAAAAAAAAAAQAAAQ.jpg,A_Ak6wQLMJZPUAAAAAAAAAAAAAAQAAAQ.jpg,1,135,135
A_z-jkQpRk3FkAAAAAAAAAAAAAAQAAAQ.jpg,A_qQm9SqhVmh8AAAAAAAAAAAAAAQAAAQ.jpg,1,135,135
A_z-jkQpRk3FkAAAAAAAAAAAAAAQAAAQ.jpg,A_Ak6wQLMJZPUAAAAAAAAAAAAAAQAAAQ.jpg,1,135,135
A_qQm9SqhVmh8AAAAAAAAAAAAAAQAAAQ.jpg,A_Ak6wQLMJZPUAAAAAAAAAAAAAAQAAAQ.jpg,1,135,135
A_p01WSpLvktkAAAAAAAAAAAAAAQAAAQ.jpg,A_HfAITJMN8P8AAAAAAAAAAAAAAQAAAQ.jpg,1,136,136
A_p01WSpLvktkAAAAAAAAAAAAAAQAAAQ.jpg,A_EVPKRbZgOYgAAAAAAAAAAAAAAQAAAQ.jpg,1,136,136
A_p01WSpLvktkAAAAAAAAAAAAAAQAAAQ.jpg,A_TQ2VSpdE9mMAAAAAAAAAAAAAAQAAAQ.jpg,1,136,136
A_p01WSpLvktkAAAAAAAAAAAAAAQAAAQ.jpg,A_Rc01QbuRw5YAAAAAAAAAAAAAAQAAAQ.jpg,1,136,136
A_p01WSpLvktkAAAAAAAAAAAAAAQAAAQ.jpg,A_g3QTTLBYHsUAAAAAAAAAAAAAAQAAAQ.jpg,1,136,136
A_HfAITJMN8P8AAAAAAAAAAAAAAQAAAQ.jpg,A_EVPKRbZgOYgAAAAAAAAAAAAAAQAAAQ.jpg,1,136,136
A_HfAITJMN8P8AAAAAAAAAAAAAAQAAAQ.jpg,A_TQ2VSpdE9mMAAAAAAAAAAAAAAQAAAQ.jpg,1,136,136
A_HfAITJMN8P8AAAAAAAAAAAAAAQAAAQ.jpg,A_Rc01QbuRw5YAAAAAAAAAAAAAAQAAAQ.jpg,1,136,136
A_HfAITJMN8P8AAAAAAAAAAAAAAQAAAQ.jpg,A_g3QTTLBYHsUAAAAAAAAAAAAAAQAAAQ.jpg,1,136,136
A_EVPKRbZgOYgAAAAAAAAAAAAAAQAAAQ.jpg,A_TQ2VSpdE9mMAAAAAAAAAAAAAAQAAAQ.jpg,1,136,136
A_EVPKRbZgOYgAAAAAAAAAAAAAAQAAAQ.jpg,A_Rc01QbuRw5YAAAAAAAAAAAAAAQAAAQ.jpg,1,136,136
A_EVPKRbZgOYgAAAAAAAAAAAAAAQAAAQ.jpg,A_g3QTTLBYHsUAAAAAAAAAAAAAAQAAAQ.jpg,1,136,136
A_TQ2VSpdE9mMAAAAAAAAAAAAAAQAAAQ.jpg,A_Rc01QbuRw5YAAAAAAAAAAAAAAQAAAQ.jpg,1,136,136
A_TQ2VSpdE9mMAAAAAAAAAAAAAAQAAAQ.jpg,A_g3QTTLBYHsUAAAAAAAAAAAAAAQAAAQ.jpg,1,136,136
A_Rc01QbuRw5YAAAAAAAAAAAAAAQAAAQ.jpg,A_g3QTTLBYHsUAAAAAAAAAAAAAAQAAAQ.jpg,1,136,136
A_gYglR7OJR9MAAAAAAAAAAAAAAQAAAQ.jpg,A_bGEYTpbq2xsAAAAAAAAAAAAAAQAAAQ.jpg,1,137,137
A_gYglR7OJR9MAAAAAAAAAAAAAAQAAAQ.jpg,A_c7PhTYy24i4AAAAAAAAAAAAAAQAAAQ.jpg,1,137,137
A_gYglR7OJR9MAAAAAAAAAAAAAAQAAAQ.jpg,A__FEKTZUF1Y8AAAAAAAAAAAAAAQAAAQ.jpg,1,137,137
A_gYglR7OJR9MAAAAAAAAAAAAAAQAAAQ.jpg,A_a5OsTbYWWVQAAAAAAAAAAAAAAQAAAQ.jpg,1,137,137
A_gYglR7OJR9MAAAAAAAAAAAAAAQAAAQ.jpg,A_g55DSKHkNDkAAAAAAAAAAAAAAQAAAQ.jpg,1,137,137
A_bGEYTpbq2xsAAAAAAAAAAAAAAQAAAQ.jpg,A_c7PhTYy24i4AAAAAAAAAAAAAAQAAAQ.jpg,1,137,137
A_bGEYTpbq2xsAAAAAAAAAAAAAAQAAAQ.jpg,A__FEKTZUF1Y8AAAAAAAAAAAAAAQAAAQ.jpg,1,137,137
A_bGEYTpbq2xsAAAAAAAAAAAAAAQAAAQ.jpg,A_a5OsTbYWWVQAAAAAAAAAAAAAAQAAAQ.jpg,1,137,137
A_bGEYTpbq2xsAAAAAAAAAAAAAAQAAAQ.jpg,A_g55DSKHkNDkAAAAAAAAAAAAAAQAAAQ.jpg,1,137,137
A_c7PhTYy24i4AAAAAAAAAAAAAAQAAAQ.jpg,A__FEKTZUF1Y8AAAAAAAAAAAAAAQAAAQ.jpg,1,137,137
A_c7PhTYy24i4AAAAAAAAAAAAAAQAAAQ.jpg,A_a5OsTbYWWVQAAAAAAAAAAAAAAQAAAQ.jpg,1,137,137
A_c7PhTYy24i4AAAAAAAAAAAAAAQAAAQ.jpg,A_g55DSKHkNDkAAAAAAAAAAAAAAQAAAQ.jpg,1,137,137
A__FEKTZUF1Y8AAAAAAAAAAAAAAQAAAQ.jpg,A_a5OsTbYWWVQAAAAAAAAAAAAAAQAAAQ.jpg,1,137,137
A__FEKTZUF1Y8AAAAAAAAAAAAAAQAAAQ.jpg,A_g55DSKHkNDkAAAAAAAAAAAAAAQAAAQ.jpg,1,137,137
A_a5OsTbYWWVQAAAAAAAAAAAAAAQAAAQ.jpg,A_g55DSKHkNDkAAAAAAAAAAAAAAQAAAQ.jpg,1,137,137
A_nJFYQIdXJJIAAAAAAAAAAAAAAQAAAQ.jpg,A_ZytaRL6DIcQAAAAAAAAAAAAAAQAAAQ.jpg,1,138,138
A_nJFYQIdXJJIAAAAAAAAAAAAAAQAAAQ.jpg,A_rphdRInnC2cAAAAAAAAAAAAAAQAAAQ.jpg,1,138,138
A_nJFYQIdXJJIAAAAAAAAAAAAAAQAAAQ.jpg,A_ZkMGSr_0kyQAAAAAAAAAAAAAAQAAAQ.jpg,1,138,138
A_nJFYQIdXJJIAAAAAAAAAAAAAAQAAAQ.jpg,A_Y6qGQYFvMP0AAAAAAAAAAAAAAQAAAQ.jpg,1,138,138
A_nJFYQIdXJJIAAAAAAAAAAAAAAQAAAQ.jpg,A_ZLO-T6B44-QAAAAAAAAAAAAAAQAAAQ.jpg,1,138,138
A_ZytaRL6DIcQAAAAAAAAAAAAAAQAAAQ.jpg,A_rphdRInnC2cAAAAAAAAAAAAAAQAAAQ.jpg,1,138,138
A_ZytaRL6DIcQAAAAAAAAAAAAAAQAAAQ.jpg,A_ZkMGSr_0kyQAAAAAAAAAAAAAAQAAAQ.jpg,1,138,138
A_ZytaRL6DIcQAAAAAAAAAAAAAAQAAAQ.jpg,A_Y6qGQYFvMP0AAAAAAAAAAAAAAQAAAQ.jpg,1,138,138
A_ZytaRL6DIcQAAAAAAAAAAAAAAQAAAQ.jpg,A_ZLO-T6B44-QAAAAAAAAAAAAAAQAAAQ.jpg,1,138,138
A_rphdRInnC2cAAAAAAAAAAAAAAQAAAQ.jpg,A_ZkMGSr_0kyQAAAAAAAAAAAAAAQAAAQ.jpg,1,138,138
A_rphdRInnC2cAAAAAAAAAAAAAAQAAAQ.jpg,A_Y6qGQYFvMP0AAAAAAAAAAAAAAQAAAQ.jpg,1,138,138
A_rphdRInnC2cAAAAAAAAAAAAAAQAAAQ.jpg,A_ZLO-T6B44-QAAAAAAAAAAAAAAQAAAQ.jpg,1,138,138
A_ZkMGSr_0kyQAAAAAAAAAAAAAAQAAAQ.jpg,A_Y6qGQYFvMP0AAAAAAAAAAAAAAQAAAQ.jpg,1,138,138
A_ZkMGSr_0kyQAAAAAAAAAAAAAAQAAAQ.jpg,A_ZLO-T6B44-QAAAAAAAAAAAAAAQAAAQ.jpg,1,138,138
A_Y6qGQYFvMP0AAAAAAAAAAAAAAQAAAQ.jpg,A_ZLO-T6B44-QAAAAAAAAAAAAAAQAAAQ.jpg,1,138,138
A_AMHwR48il0gAAAAAAAAAAAAAAQAAAQ.jpg,A_TgAqQpXQPWgAAAAAAAAAAAAAAQAAAQ.jpg,1,139,139
A_AMHwR48il0gAAAAAAAAAAAAAAQAAAQ.jpg,A_to61RICU3tgAAAAAAAAAAAAAAQAAAQ.jpg,1,139,139
A_AMHwR48il0gAAAAAAAAAAAAAAQAAAQ.jpg,A_16FyRKAdZCwAAAAAAAAAAAAAAQAAAQ.jpg,1,139,139
A_AMHwR48il0gAAAAAAAAAAAAAAQAAAQ.jpg,A_UA5VQr9DJc0AAAAAAAAAAAAAAQAAAQ.jpg,1,139,139
A_AMHwR48il0gAAAAAAAAAAAAAAQAAAQ.jpg,A_TA9aSIHyoewAAAAAAAAAAAAAAQAAAQ.jpg,1,139,139
A_TgAqQpXQPWgAAAAAAAAAAAAAAQAAAQ.jpg,A_to61RICU3tgAAAAAAAAAAAAAAQAAAQ.jpg,1,139,139
A_TgAqQpXQPWgAAAAAAAAAAAAAAQAAAQ.jpg,A_16FyRKAdZCwAAAAAAAAAAAAAAQAAAQ.jpg,1,139,139
A_TgAqQpXQPWgAAAAAAAAAAAAAAQAAAQ.jpg,A_UA5VQr9DJc0AAAAAAAAAAAAAAQAAAQ.jpg,1,139,139
A_TgAqQpXQPWgAAAAAAAAAAAAAAQAAAQ.jpg,A_TA9aSIHyoewAAAAAAAAAAAAAAQAAAQ.jpg,1,139,139
A_to61RICU3tgAAAAAAAAAAAAAAQAAAQ.jpg,A_16FyRKAdZCwAAAAAAAAAAAAAAQAAAQ.jpg,1,139,139
A_to61RICU3tgAAAAAAAAAAAAAAQAAAQ.jpg,A_UA5VQr9DJc0AAAAAAAAAAAAAAQAAAQ.jpg,1,139,139
A_to61RICU3tgAAAAAAAAAAAAAAQAAAQ.jpg,A_TA9aSIHyoewAAAAAAAAAAAAAAQAAAQ.jpg,1,139,139
A_16FyRKAdZCwAAAAAAAAAAAAAAQAAAQ.jpg,A_UA5VQr9DJc0AAAAAAAAAAAAAAQAAAQ.jpg,1,139,139
A_16FyRKAdZCwAAAAAAAAAAAAAAQAAAQ.jpg,A_TA9aSIHyoewAAAAAAAAAAAAAAQAAAQ.jpg,1,139,139
A_UA5VQr9DJc0AAAAAAAAAAAAAAQAAAQ.jpg,A_TA9aSIHyoewAAAAAAAAAAAAAAQAAAQ.jpg,1,139,139
A_f2fKQbfNF8MAAAAAAAAAAAAAAQAAAQ.jpg,A_Sm0gS7RP30QAAAAAAAAAAAAAAQAAAQ.jpg,1,140,140
A_f2fKQbfNF8MAAAAAAAAAAAAAAQAAAQ.jpg,A_1GuMQarIxOsAAAAAAAAAAAAAAQAAAQ.jpg,1,140,140
A_f2fKQbfNF8MAAAAAAAAAAAAAAQAAAQ.jpg,A_Cx8AT5HA35gAAAAAAAAAAAAAAQAAAQ.jpg,1,140,140
A_f2fKQbfNF8MAAAAAAAAAAAAAAQAAAQ.jpg,A_T_xdRoOUXqsAAAAAAAAAAAAAAQAAAQ.jpg,1,140,140
A_f2fKQbfNF8MAAAAAAAAAAAAAAQAAAQ.jpg,A_UXmITL-h8LMAAAAAAAAAAAAAAQAAAQ.jpg,1,140,140
A_Sm0gS7RP30QAAAAAAAAAAAAAAQAAAQ.jpg,A_1GuMQarIxOsAAAAAAAAAAAAAAQAAAQ.jpg,1,140,140
A_Sm0gS7RP30QAAAAAAAAAAAAAAQAAAQ.jpg,A_Cx8AT5HA35gAAAAAAAAAAAAAAQAAAQ.jpg,1,140,140
A_Sm0gS7RP30QAAAAAAAAAAAAAAQAAAQ.jpg,A_T_xdRoOUXqsAAAAAAAAAAAAAAQAAAQ.jpg,1,140,140
A_Sm0gS7RP30QAAAAAAAAAAAAAAQAAAQ.jpg,A_UXmITL-h8LMAAAAAAAAAAAAAAQAAAQ.jpg,1,140,140
A_1GuMQarIxOsAAAAAAAAAAAAAAQAAAQ.jpg,A_Cx8AT5HA35gAAAAAAAAAAAAAAQAAAQ.jpg,1,140,140
A_1GuMQarIxOsAAAAAAAAAAAAAAQAAAQ.jpg,A_T_xdRoOUXqsAAAAAAAAAAAAAAQAAAQ.jpg,1,140,140
A_1GuMQarIxOsAAAAAAAAAAAAAAQAAAQ.jpg,A_UXmITL-h8LMAAAAAAAAAAAAAAQAAAQ.jpg,1,140,140
A_Cx8AT5HA35gAAAAAAAAAAAAAAQAAAQ.jpg,A_T_xdRoOUXqsAAAAAAAAAAAAAAQAAAQ.jpg,1,140,140
A_Cx8AT5HA35gAAAAAAAAAAAAAAQAAAQ.jpg,A_UXmITL-h8LMAAAAAAAAAAAAAAQAAAQ.jpg,1,140,140
A_T_xdRoOUXqsAAAAAAAAAAAAAAQAAAQ.jpg,A_UXmITL-h8LMAAAAAAAAAAAAAAQAAAQ.jpg,1,140,140
A_-V96Qa0QThkAAAAAAAAAAAAAAQAAAQ.jpg,A_vaaqQKunbZkAAAAAAAAAAAAAAQAAAQ.jpg,1,141,141
A_-V96Qa0QThkAAAAAAAAAAAAAAQAAAQ.jpg,A_bFgKSZ1-WbEAAAAAAAAAAAAAAQAAAQ.jpg,1,141,141
A_-V96Qa0QThkAAAAAAAAAAAAAAQAAAQ.jpg,A_vA8kSp4KcUUAAAAAAAAAAAAAAQAAAQ.jpg,1,141,141
A_-V96Qa0QThkAAAAAAAAAAAAAAQAAAQ.jpg,A_WNgORoRRamAAAAAAAAAAAAAAAQAAAQ.jpg,1,141,141
A_-V96Qa0QThkAAAAAAAAAAAAAAQAAAQ.jpg,A_hKxiQrUhfZUAAAAAAAAAAAAAAQAAAQ.jpg,1,141,141
A_vaaqQKunbZkAAAAAAAAAAAAAAQAAAQ.jpg,A_bFgKSZ1-WbEAAAAAAAAAAAAAAQAAAQ.jpg,1,141,141
A_vaaqQKunbZkAAAAAAAAAAAAAAQAAAQ.jpg,A_vA8kSp4KcUUAAAAAAAAAAAAAAQAAAQ.jpg,1,141,141
A_vaaqQKunbZkAAAAAAAAAAAAAAQAAAQ.jpg,A_WNgORoRRamAAAAAAAAAAAAAAAQAAAQ.jpg,1,141,141
A_vaaqQKunbZkAAAAAAAAAAAAAAQAAAQ.jpg,A_hKxiQrUhfZUAAAAAAAAAAAAAAQAAAQ.jpg,1,141,141
A_bFgKSZ1-WbEAAAAAAAAAAAAAAQAAAQ.jpg,A_vA8kSp4KcUUAAAAAAAAAAAAAAQAAAQ.jpg,1,141,141
A_bFgKSZ1-WbEAAAAAAAAAAAAAAQAAAQ.jpg,A_WNgORoRRamAAAAAAAAAAAAAAAQAAAQ.jpg,1,141,141
A_bFgKSZ1-WbEAAAAAAAAAAAAAAQAAAQ.jpg,A_hKxiQrUhfZUAAAAAAAAAAAAAAQAAAQ.jpg,1,141,141
A_vA8kSp4KcUUAAAAAAAAAAAAAAQAAAQ.jpg,A_WNgORoRRamAAAAAAAAAAAAAAAQAAAQ.jpg,1,141,141
A_vA8kSp4KcUUAAAAAAAAAAAAAAQAAAQ.jpg,A_hKxiQrUhfZUAAAAAAAAAAAAAAQAAAQ.jpg,1,141,141
A_WNgORoRRamAAAAAAAAAAAAAAAQAAAQ.jpg,A_hKxiQrUhfZUAAAAAAAAAAAAAAQAAAQ.jpg,1,141,141
A_FyXHS6lwH00AAAAAAAAAAAAAAQAAAQ.jpg,A_GWDtRJ-PEYIAAAAAAAAAAAAAAQAAAQ.jpg,1,142,142
A_FyXHS6lwH00AAAAAAAAAAAAAAQAAAQ.jpg,A_f7WbRLWc904AAAAAAAAAAAAAAQAAAQ.jpg,1,142,142
A_FyXHS6lwH00AAAAAAAAAAAAAAQAAAQ.jpg,A_E3hiQIEwtSkAAAAAAAAAAAAAAQAAAQ.jpg,1,142,142
A_FyXHS6lwH00AAAAAAAAAAAAAAQAAAQ.jpg,A_mQvKR47IcpkAAAAAAAAAAAAAAQAAAQ.jpg,1,142,142
A_FyXHS6lwH00AAAAAAAAAAAAAAQAAAQ.jpg,A_s3DKToWP_5UAAAAAAAAAAAAAAQAAAQ.jpg,1,142,142
A_GWDtRJ-PEYIAAAAAAAAAAAAAAQAAAQ.jpg,A_f7WbRLWc904AAAAAAAAAAAAAAQAAAQ.jpg,1,142,142
A_GWDtRJ-PEYIAAAAAAAAAAAAAAQAAAQ.jpg,A_E3hiQIEwtSkAAAAAAAAAAAAAAQAAAQ.jpg,1,142,142
A_GWDtRJ-PEYIAAAAAAAAAAAAAAQAAAQ.jpg,A_mQvKR47IcpkAAAAAAAAAAAAAAQAAAQ.jpg,1,142,142
A_GWDtRJ-PEYIAAAAAAAAAAAAAAQAAAQ.jpg,A_s3DKToWP_5UAAAAAAAAAAAAAAQAAAQ.jpg,1,142,142
A_f7WbRLWc904AAAAAAAAAAAAAAQAAAQ.jpg,A_E3hiQIEwtSkAAAAAAAAAAAAAAQAAAQ.jpg,1,142,142
A_f7WbRLWc904AAAAAAAAAAAAAAQAAAQ.jpg,A_mQvKR47IcpkAAAAAAAAAAAAAAQAAAQ.jpg,1,142,142
A_f7WbRLWc904AAAAAAAAAAAAAAQAAAQ.jpg,A_s3DKToWP_5UAAAAAAAAAAAAAAQAAAQ.jpg,1,142,142
A_E3hiQIEwtSkAAAAAAAAAAAAAAQAAAQ.jpg,A_mQvKR47IcpkAAAAAAAAAAAAAAQAAAQ.jpg,1,142,142
A_E3hiQIEwtSkAAAAAAAAAAAAAAQAAAQ.jpg,A_s3DKToWP_5UAAAAAAAAAAAAAAQAAAQ.jpg,1,142,142
A_mQvKR47IcpkAAAAAAAAAAAAAAQAAAQ.jpg,A_s3DKToWP_5UAAAAAAAAAAAAAAQAAAQ.jpg,1,142,142
A_rZCET7Bcu5YAAAAAAAAAAAAAAQAAAQ.jpg,A_xK0XQo9bd_wAAAAAAAAAAAAAAQAAAQ.jpg,1,143,143
A_rZCET7Bcu5YAAAAAAAAAAAAAAQAAAQ.jpg,A_G_d-SZ5LZZsAAAAAAAAAAAAAAQAAAQ.jpg,1,143,143
A_rZCET7Bcu5YAAAAAAAAAAAAAAQAAAQ.jpg,A_CoL5S4nhAgMAAAAAAAAAAAAAAQAAAQ.jpg,1,143,143
A_rZCET7Bcu5YAAAAAAAAAAAAAAQAAAQ.jpg,A_k6FNQbcqp4YAAAAAAAAAAAAAAQAAAQ.jpg,1,143,143
A_rZCET7Bcu5YAAAAAAAAAAAAAAQAAAQ.jpg,A_cKTpQK7jeCMAAAAAAAAAAAAAAQAAAQ.jpg,1,143,143
A_xK0XQo9bd_wAAAAAAAAAAAAAAQAAAQ.jpg,A_G_d-SZ5LZZsAAAAAAAAAAAAAAQAAAQ.jpg,1,143,143
A_xK0XQo9bd_wAAAAAAAAAAAAAAQAAAQ.jpg,A_CoL5S4nhAgMAAAAAAAAAAAAAAQAAAQ.jpg,1,143,143
A_xK0XQo9bd_wAAAAAAAAAAAAAAQAAAQ.jpg,A_k6FNQbcqp4YAAAAAAAAAAAAAAQAAAQ.jpg,1,143,143
A_xK0XQo9bd_wAAAAAAAAAAAAAAQAAAQ.jpg,A_cKTpQK7jeCMAAAAAAAAAAAAAAQAAAQ.jpg,1,143,143
A_G_d-SZ5LZZsAAAAAAAAAAAAAAQAAAQ.jpg,A_CoL5S4nhAgMAAAAAAAAAAAAAAQAAAQ.jpg,1,143,143
A_G_d-SZ5LZZsAAAAAAAAAAAAAAQAAAQ.jpg,A_k6FNQbcqp4YAAAAAAAAAAAAAAQAAAQ.jpg,1,143,143
A_G_d-SZ5LZZsAAAAAAAAAAAAAAQAAAQ.jpg,A_cKTpQK7jeCMAAAAAAAAAAAAAAQAAAQ.jpg,1,143,143
A_CoL5S4nhAgMAAAAAAAAAAAAAAQAAAQ.jpg,A_k6FNQbcqp4YAAAAAAAAAAAAAAQAAAQ.jpg,1,143,143
A_CoL5S4nhAgMAAAAAAAAAAAAAAQAAAQ.jpg,A_cKTpQK7jeCMAAAAAAAAAAAAAAQAAAQ.jpg,1,143,143
A_k6FNQbcqp4YAAAAAAAAAAAAAAQAAAQ.jpg,A_cKTpQK7jeCMAAAAAAAAAAAAAAQAAAQ.jpg,1,143,143
A_mFi6TLRxJ9cAAAAAAAAAAAAAAQAAAQ.jpg,A_XSjzR59VqvHRlAVGm_RBAAAAAQAAAQ.jpg,1,144,144
A_mFi6TLRxJ9cAAAAAAAAAAAAAAQAAAQ.jpg,A_Kg8hQIvTubMAAAAAAAAAAAAAAQAAAQ.jpg,1,144,144
A_mFi6TLRxJ9cAAAAAAAAAAAAAAQAAAQ.jpg,A_aR-qQ6LgCM4AAAAAAAAAAAAAAQAAAQ.jpg,1,144,144
A_mFi6TLRxJ9cAAAAAAAAAAAAAAQAAAQ.jpg,A_qE1fTpJ19QIAAAAAAAAAAAAAAQAAAQ.jpg,1,144,144
A_mFi6TLRxJ9cAAAAAAAAAAAAAAQAAAQ.jpg,A_UE-JSb_9FMYAAAAAAAAAAAAAAQAAAQ.jpg,1,144,144
A_XSjzR59VqvHRlAVGm_RBAAAAAQAAAQ.jpg,A_Kg8hQIvTubMAAAAAAAAAAAAAAQAAAQ.jpg,1,144,144
A_XSjzR59VqvHRlAVGm_RBAAAAAQAAAQ.jpg,A_aR-qQ6LgCM4AAAAAAAAAAAAAAQAAAQ.jpg,1,144,144
A_XSjzR59VqvHRlAVGm_RBAAAAAQAAAQ.jpg,A_qE1fTpJ19QIAAAAAAAAAAAAAAQAAAQ.jpg,1,144,144
A_XSjzR59VqvHRlAVGm_RBAAAAAQAAAQ.jpg,A_UE-JSb_9FMYAAAAAAAAAAAAAAQAAAQ.jpg,1,144,144
A_Kg8hQIvTubMAAAAAAAAAAAAAAQAAAQ.jpg,A_aR-qQ6LgCM4AAAAAAAAAAAAAAQAAAQ.jpg,1,144,144
A_Kg8hQIvTubMAAAAAAAAAAAAAAQAAAQ.jpg,A_qE1fTpJ19QIAAAAAAAAAAAAAAQAAAQ.jpg,1,144,144
A_Kg8hQIvTubMAAAAAAAAAAAAAAQAAAQ.jpg,A_UE-JSb_9FMYAAAAAAAAAAAAAAQAAAQ.jpg,1,144,144
A_aR-qQ6LgCM4AAAAAAAAAAAAAAQAAAQ.jpg,A_qE1fTpJ19QIAAAAAAAAAAAAAAQAAAQ.jpg,1,144,144
A_aR-qQ6LgCM4AAAAAAAAAAAAAAQAAAQ.jpg,A_UE-JSb_9FMYAAAAAAAAAAAAAAQAAAQ.jpg,1,144,144
A_qE1fTpJ19QIAAAAAAAAAAAAAAQAAAQ.jpg,A_UE-JSb_9FMYAAAAAAAAAAAAAAQAAAQ.jpg,1,144,144
A_phjfSK7C04wAAAAAAAAAAAAAAQAAAQ.jpg,A_7PWcRpT6-noAAAAAAAAAAAAAAQAAAQ.jpg,1,145,145
A_phjfSK7C04wAAAAAAAAAAAAAAQAAAQ.jpg,A_yusuSowwe7sAAAAAAAAAAAAAAQAAAQ.jpg,1,145,145
A_phjfSK7C04wAAAAAAAAAAAAAAQAAAQ.jpg,A_zxzNQqQfYAMAAAAAAAAAAAAAAQAAAQ.jpg,1,145,145
A_phjfSK7C04wAAAAAAAAAAAAAAQAAAQ.jpg,A_cy6BT7zBon8AAAAAAAAAAAAAAQAAAQ.jpg,1,145,145
A_phjfSK7C04wAAAAAAAAAAAAAAQAAAQ.jpg,A_kNnVT6iAT-oAAAAAAAAAAAAAAQAAAQ.jpg,1,145,145
A_7PWcRpT6-noAAAAAAAAAAAAAAQAAAQ.jpg,A_yusuSowwe7sAAAAAAAAAAAAAAQAAAQ.jpg,1,145,145
A_7PWcRpT6-noAAAAAAAAAAAAAAQAAAQ.jpg,A_zxzNQqQfYAMAAAAAAAAAAAAAAQAAAQ.jpg,1,145,145
A_7PWcRpT6-noAAAAAAAAAAAAAAQAAAQ.jpg,A_cy6BT7zBon8AAAAAAAAAAAAAAQAAAQ.jpg,1,145,145
A_7PWcRpT6-noAAAAAAAAAAAAAAQAAAQ.jpg,A_kNnVT6iAT-oAAAAAAAAAAAAAAQAAAQ.jpg,1,145,145
A_yusuSowwe7sAAAAAAAAAAAAAAQAAAQ.jpg,A_zxzNQqQfYAMAAAAAAAAAAAAAAQAAAQ.jpg,1,145,145
A_yusuSowwe7sAAAAAAAAAAAAAAQAAAQ.jpg,A_cy6BT7zBon8AAAAAAAAAAAAAAQAAAQ.jpg,1,145,145
A_yusuSowwe7sAAAAAAAAAAAAAAQAAAQ.jpg,A_kNnVT6iAT-oAAAAAAAAAAAAAAQAAAQ.jpg,1,145,145
A_zxzNQqQfYAMAAAAAAAAAAAAAAQAAAQ.jpg,A_cy6BT7zBon8AAAAAAAAAAAAAAQAAAQ.jpg,1,145,145
A_zxzNQqQfYAMAAAAAAAAAAAAAAQAAAQ.jpg,A_kNnVT6iAT-oAAAAAAAAAAAAAAQAAAQ.jpg,1,145,145
A_cy6BT7zBon8AAAAAAAAAAAAAAQAAAQ.jpg,A_kNnVT6iAT-oAAAAAAAAAAAAAAQAAAQ.jpg,1,145,145
A_KW5iQISstkQAAAAAAAAAAAAAAQAAAQ.jpg,A_NnDDQ68F5F8AAAAAAAAAAAAAAQAAAQ.jpg,1,146,146
A_KW5iQISstkQAAAAAAAAAAAAAAQAAAQ.jpg,A_p1EvTo6QQ7MAAAAAAAAAAAAAAQAAAQ.jpg,1,146,146
A_KW5iQISstkQAAAAAAAAAAAAAAQAAAQ.jpg,A_t87cQqq5PeYAAAAAAAAAAAAAAQAAAQ.jpg,1,146,146
A_KW5iQISstkQAAAAAAAAAAAAAAQAAAQ.jpg,A_RzQdRY8vhLkAAAAAAAAAAAAAAQAAAQ.jpg,1,146,146
A_KW5iQISstkQAAAAAAAAAAAAAAQAAAQ.jpg,A_LsbQTaqu05YAAAAAAAAAAAAAAQAAAQ.jpg,1,146,146
A_NnDDQ68F5F8AAAAAAAAAAAAAAQAAAQ.jpg,A_p1EvTo6QQ7MAAAAAAAAAAAAAAQAAAQ.jpg,1,146,146
A_NnDDQ68F5F8AAAAAAAAAAAAAAQAAAQ.jpg,A_t87cQqq5PeYAAAAAAAAAAAAAAQAAAQ.jpg,1,146,146
A_NnDDQ68F5F8AAAAAAAAAAAAAAQAAAQ.jpg,A_RzQdRY8vhLkAAAAAAAAAAAAAAQAAAQ.jpg,1,146,146
A_NnDDQ68F5F8AAAAAAAAAAAAAAQAAAQ.jpg,A_LsbQTaqu05YAAAAAAAAAAAAAAQAAAQ.jpg,1,146,146
A_p1EvTo6QQ7MAAAAAAAAAAAAAAQAAAQ.jpg,A_t87cQqq5PeYAAAAAAAAAAAAAAQAAAQ.jpg,1,146,146
A_p1EvTo6QQ7MAAAAAAAAAAAAAAQAAAQ.jpg,A_RzQdRY8vhLkAAAAAAAAAAAAAAQAAAQ.jpg,1,146,146
A_p1EvTo6QQ7MAAAAAAAAAAAAAAQAAAQ.jpg,A_LsbQTaqu05YAAAAAAAAAAAAAAQAAAQ.jpg,1,146,146
A_t87cQqq5PeYAAAAAAAAAAAAAAQAAAQ.jpg,A_RzQdRY8vhLkAAAAAAAAAAAAAAQAAAQ.jpg,1,146,146
A_t87cQqq5PeYAAAAAAAAAAAAAAQAAAQ.jpg,A_LsbQTaqu05YAAAAAAAAAAAAAAQAAAQ.jpg,1,146,146
A_RzQdRY8vhLkAAAAAAAAAAAAAAQAAAQ.jpg,A_LsbQTaqu05YAAAAAAAAAAAAAAQAAAQ.jpg,1,146,146
A_xx0YQr5BNq8AAAAAAAAAAAAAAQAAAQ.jpg,A_stmPT54njmIAAAAAAAAAAAAAAQAAAQ.jpg,1,147,147
A_xx0YQr5BNq8AAAAAAAAAAAAAAQAAAQ.jpg,A_stmPT54njmIU_RNLpIBqvAAAAQAAAQ.jpg,1,147,147
A_xx0YQr5BNq8AAAAAAAAAAAAAAQAAAQ.jpg,A_zxwhSKLMsogAAAAAAAAAAAAAAQAAAQ.jpg,1,147,147
A_xx0YQr5BNq8AAAAAAAAAAAAAAQAAAQ.jpg,A_m4UIQaz3nSYAAAAAAAAAAAAAAQAAAQ.jpg,1,147,147
A_xx0YQr5BNq8AAAAAAAAAAAAAAQAAAQ.jpg,A_stmPT54njmJQA21MkONSVgAAAQAAAQ.jpg,1,147,147
A_stmPT54njmIAAAAAAAAAAAAAAQAAAQ.jpg,A_stmPT54njmIU_RNLpIBqvAAAAQAAAQ.jpg,1,147,147
A_stmPT54njmIAAAAAAAAAAAAAAQAAAQ.jpg,A_zxwhSKLMsogAAAAAAAAAAAAAAQAAAQ.jpg,1,147,147
A_stmPT54njmIAAAAAAAAAAAAAAQAAAQ.jpg,A_m4UIQaz3nSYAAAAAAAAAAAAAAQAAAQ.jpg,1,147,147
A_stmPT54njmIAAAAAAAAAAAAAAQAAAQ.jpg,A_stmPT54njmJQA21MkONSVgAAAQAAAQ.jpg,1,147,147
A_stmPT54njmIU_RNLpIBqvAAAAQAAAQ.jpg,A_zxwhSKLMsogAAAAAAAAAAAAAAQAAAQ.jpg,1,147,147
A_stmPT54njmIU_RNLpIBqvAAAAQAAAQ.jpg,A_m4UIQaz3nSYAAAAAAAAAAAAAAQAAAQ.jpg,1,147,147
A_stmPT54njmIU_RNLpIBqvAAAAQAAAQ.jpg,A_stmPT54njmJQA21MkONSVgAAAQAAAQ.jpg,1,147,147
A_zxwhSKLMsogAAAAAAAAAAAAAAQAAAQ.jpg,A_m4UIQaz3nSYAAAAAAAAAAAAAAQAAAQ.jpg,1,147,147
A_zxwhSKLMsogAAAAAAAAAAAAAAQAAAQ.jpg,A_stmPT54njmJQA21MkONSVgAAAQAAAQ.jpg,1,147,147
A_m4UIQaz3nSYAAAAAAAAAAAAAAQAAAQ.jpg,A_stmPT54njmJQA21MkONSVgAAAQAAAQ.jpg,1,147,147
A_zMhHRKUhSuErdB5Pt_ADkgAAAQAAAQ.jpg,A_zMhHRKUhSuE7jzBNqjIYmQAAAQAAAQ.jpg,1,148,148
A_zMhHRKUhSuErdB5Pt_ADkgAAAQAAAQ.jpg,A_JKoXS5qMLWUAAAAAAAAAAAAAAQAAAQ.jpg,1,148,148
A_zMhHRKUhSuErdB5Pt_ADkgAAAQAAAQ.jpg,A_zMhHRKUhSuEAAAAAAAAAAAAAAQAAAQ.jpg,1,148,148
A_zMhHRKUhSuErdB5Pt_ADkgAAAQAAAQ.jpg,A_JKoXS5qMLWXZM1xIuGy1bAAAAQAAAQ.jpg,1,148,148
A_zMhHRKUhSuErdB5Pt_ADkgAAAQAAAQ.jpg,A_5zUtS5frsf4AAAAAAAAAAAAAAQAAAQ.jpg,1,148,148
A_zMhHRKUhSuE7jzBNqjIYmQAAAQAAAQ.jpg,A_JKoXS5qMLWUAAAAAAAAAAAAAAQAAAQ.jpg,1,148,148
A_zMhHRKUhSuE7jzBNqjIYmQAAAQAAAQ.jpg,A_zMhHRKUhSuEAAAAAAAAAAAAAAQAAAQ.jpg,1,148,148
A_zMhHRKUhSuE7jzBNqjIYmQAAAQAAAQ.jpg,A_JKoXS5qMLWXZM1xIuGy1bAAAAQAAAQ.jpg,1,148,148
A_zMhHRKUhSuE7jzBNqjIYmQAAAQAAAQ.jpg,A_5zUtS5frsf4AAAAAAAAAAAAAAQAAAQ.jpg,1,148,148
A_JKoXS5qMLWUAAAAAAAAAAAAAAQAAAQ.jpg,A_zMhHRKUhSuEAAAAAAAAAAAAAAQAAAQ.jpg,1,148,148
A_JKoXS5qMLWUAAAAAAAAAAAAAAQAAAQ.jpg,A_JKoXS5qMLWXZM1xIuGy1bAAAAQAAAQ.jpg,1,148,148
A_JKoXS5qMLWUAAAAAAAAAAAAAAQAAAQ.jpg,A_5zUtS5frsf4AAAAAAAAAAAAAAQAAAQ.jpg,1,148,148
A_zMhHRKUhSuEAAAAAAAAAAAAAAQAAAQ.jpg,A_JKoXS5qMLWXZM1xIuGy1bAAAAQAAAQ.jpg,1,148,148
A_zMhHRKUhSuEAAAAAAAAAAAAAAQAAAQ.jpg,A_5zUtS5frsf4AAAAAAAAAAAAAAQAAAQ.jpg,1,148,148
A_JKoXS5qMLWXZM1xIuGy1bAAAAQAAAQ.jpg,A_5zUtS5frsf4AAAAAAAAAAAAAAQAAAQ.jpg,1,148,148
A_b-wTSqGrNAEAAAAAAAAAAAAAAQAAAQ.jpg,A_SJTyRbZbs-8AAAAAAAAAAAAAAQAAAQ.jpg,1,149,149
A_b-wTSqGrNAEAAAAAAAAAAAAAAQAAAQ.jpg,A_WAmwRrFJUhUAAAAAAAAAAAAAAQAAAQ.jpg,1,149,149
A_b-wTSqGrNAEAAAAAAAAAAAAAAQAAAQ.jpg,A_9BKdSKvV9UEAAAAAAAAAAAAAAQAAAQ.jpg,1,149,149
A_b-wTSqGrNAEAAAAAAAAAAAAAAQAAAQ.jpg,A_TYp9Q40PjSUAAAAAAAAAAAAAAQAAAQ.jpg,1,149,149
A_b-wTSqGrNAEAAAAAAAAAAAAAAQAAAQ.jpg,A_-mntSLpmrZwAAAAAAAAAAAAAAQAAAQ.jpg,1,149,149
A_SJTyRbZbs-8AAAAAAAAAAAAAAQAAAQ.jpg,A_WAmwRrFJUhUAAAAAAAAAAAAAAQAAAQ.jpg,1,149,149
A_SJTyRbZbs-8AAAAAAAAAAAAAAQAAAQ.jpg,A_9BKdSKvV9UEAAAAAAAAAAAAAAQAAAQ.jpg,1,149,149
A_SJTyRbZbs-8AAAAAAAAAAAAAAQAAAQ.jpg,A_TYp9Q40PjSUAAAAAAAAAAAAAAQAAAQ.jpg,1,149,149
A_SJTyRbZbs-8AAAAAAAAAAAAAAQAAAQ.jpg,A_-mntSLpmrZwAAAAAAAAAAAAAAQAAAQ.jpg,1,149,149
A_WAmwRrFJUhUAAAAAAAAAAAAAAQAAAQ.jpg,A_9BKdSKvV9UEAAAAAAAAAAAAAAQAAAQ.jpg,1,149,149
A_WAmwRrFJUhUAAAAAAAAAAAAAAQAAAQ.jpg,A_TYp9Q40PjSUAAAAAAAAAAAAAAQAAAQ.jpg,1,149,149
A_WAmwRrFJUhUAAAAAAAAAAAAAAQAAAQ.jpg,A_-mntSLpmrZwAAAAAAAAAAAAAAQAAAQ.jpg,1,149,149
A_9BKdSKvV9UEAAAAAAAAAAAAAAQAAAQ.jpg,A_TYp9Q40PjSUAAAAAAAAAAAAAAQAAAQ.jpg,1,149,149
A_9BKdSKvV9UEAAAAAAAAAAAAAAQAAAQ.jpg,A_-mntSLpmrZwAAAAAAAAAAAAAAQAAAQ.jpg,1,149,149
A_TYp9Q40PjSUAAAAAAAAAAAAAAQAAAQ.jpg,A_-mntSLpmrZwAAAAAAAAAAAAAAQAAAQ.jpg,1,149,149
FzycvDuPSGu-ef2sruqE3wAAACMAARAD.jpg,0RdU88SNSb2s-y4NxFgNfwAAACMAARAD.jpg,1,150,150
FzycvDuPSGu-ef2sruqE3wAAACMAARAD.jpg,f4a1-1TxSRStvQAki3vjjQAAACMAARAD.jpg,1,150,150
FzycvDuPSGu-ef2sruqE3wAAACMAARAD.jpg,Xep9PWi-TnyRkBu-1lOpugAAACMAARAD.jpg,1,150,150
FzycvDuPSGu-ef2sruqE3wAAACMAARAD.jpg,qt9ydc-FTHqABlnv0E338AAAACMAARAD.jpg,1,150,150
FzycvDuPSGu-ef2sruqE3wAAACMAARAD.jpg,_QZZGgcwSouH-KhMhR6KcAAAACMAARAD.jpg,1,150,150
0RdU88SNSb2s-y4NxFgNfwAAACMAARAD.jpg,f4a1-1TxSRStvQAki3vjjQAAACMAARAD.jpg,1,150,150
0RdU88SNSb2s-y4NxFgNfwAAACMAARAD.jpg,Xep9PWi-TnyRkBu-1lOpugAAACMAARAD.jpg,1,150,150
0RdU88SNSb2s-y4NxFgNfwAAACMAARAD.jpg,qt9ydc-FTHqABlnv0E338AAAACMAARAD.jpg,1,150,150
0RdU88SNSb2s-y4NxFgNfwAAACMAARAD.jpg,_QZZGgcwSouH-KhMhR6KcAAAACMAARAD.jpg,1,150,150
f4a1-1TxSRStvQAki3vjjQAAACMAARAD.jpg,Xep9PWi-TnyRkBu-1lOpugAAACMAARAD.jpg,1,150,150
f4a1-1TxSRStvQAki3vjjQAAACMAARAD.jpg,qt9ydc-FTHqABlnv0E338AAAACMAARAD.jpg,1,150,150
f4a1-1TxSRStvQAki3vjjQAAACMAARAD.jpg,_QZZGgcwSouH-KhMhR6KcAAAACMAARAD.jpg,1,150,150
Xep9PWi-TnyRkBu-1lOpugAAACMAARAD.jpg,qt9ydc-FTHqABlnv0E338AAAACMAARAD.jpg,1,150,150
Xep9PWi-TnyRkBu-1lOpugAAACMAARAD.jpg,_QZZGgcwSouH-KhMhR6KcAAAACMAARAD.jpg,1,150,150
qt9ydc-FTHqABlnv0E338AAAACMAARAD.jpg,_QZZGgcwSouH-KhMhR6KcAAAACMAARAD.jpg,1,150,150
A_8AsaQ4dMoL0AAAAAAAAAAAAAAQAAAQ.jpg,A_ffXuTIdlCWcAAAAAAAAAAAAAAQAAAQ.jpg,1,151,151
A_8AsaQ4dMoL0AAAAAAAAAAAAAAQAAAQ.jpg,A_uJmSS6jwC_EAAAAAAAAAAAAAAQAAAQ.jpg,1,151,151
A_8AsaQ4dMoL0AAAAAAAAAAAAAAQAAAQ.jpg,A_J1qLRIBVPRwAAAAAAAAAAAAAAQAAAQ.jpg,1,151,151
A_8AsaQ4dMoL0AAAAAAAAAAAAAAQAAAQ.jpg,A_fNviRZaQBUIAAAAAAAAAAAAAAQAAAQ.jpg,1,151,151
A_8AsaQ4dMoL0AAAAAAAAAAAAAAQAAAQ.jpg,A_tXSZTIQiK3YAAAAAAAAAAAAAAQAAAQ.jpg,1,151,151
A_ffXuTIdlCWcAAAAAAAAAAAAAAQAAAQ.jpg,A_uJmSS6jwC_EAAAAAAAAAAAAAAQAAAQ.jpg,1,151,151
A_ffXuTIdlCWcAAAAAAAAAAAAAAQAAAQ.jpg,A_J1qLRIBVPRwAAAAAAAAAAAAAAQAAAQ.jpg,1,151,151
A_ffXuTIdlCWcAAAAAAAAAAAAAAQAAAQ.jpg,A_fNviRZaQBUIAAAAAAAAAAAAAAQAAAQ.jpg,1,151,151
A_ffXuTIdlCWcAAAAAAAAAAAAAAQAAAQ.jpg,A_tXSZTIQiK3YAAAAAAAAAAAAAAQAAAQ.jpg,1,151,151
A_uJmSS6jwC_EAAAAAAAAAAAAAAQAAAQ.jpg,A_J1qLRIBVPRwAAAAAAAAAAAAAAQAAAQ.jpg,1,151,151
A_uJmSS6jwC_EAAAAAAAAAAAAAAQAAAQ.jpg,A_fNviRZaQBUIAAAAAAAAAAAAAAQAAAQ.jpg,1,151,151
A_uJmSS6jwC_EAAAAAAAAAAAAAAQAAAQ.jpg,A_tXSZTIQiK3YAAAAAAAAAAAAAAQAAAQ.jpg,1,151,151
A_J1qLRIBVPRwAAAAAAAAAAAAAAQAAAQ.jpg,A_fNviRZaQBUIAAAAAAAAAAAAAAQAAAQ.jpg,1,151,151
A_J1qLRIBVPRwAAAAAAAAAAAAAAQAAAQ.jpg,A_tXSZTIQiK3YAAAAAAAAAAAAAAQAAAQ.jpg,1,151,151
A_fNviRZaQBUIAAAAAAAAAAAAAAQAAAQ.jpg,A_tXSZTIQiK3YAAAAAAAAAAAAAAQAAAQ.jpg,1,151,151
A_cKM9Tog7d3gAAAAAAAAAAAAAAQAAAQ.jpg,A_y3o0T5zshLsAAAAAAAAAAAAAAQAAAQ.jpg,1,152,152
A_cKM9Tog7d3gAAAAAAAAAAAAAAQAAAQ.jpg,A_yo0qQ6lU6HsAAAAAAAAAAAAAAQAAAQ.jpg,1,152,152
A_cKM9Tog7d3gAAAAAAAAAAAAAAQAAAQ.jpg,A_7boYR4gvvhMAAAAAAAAAAAAAAQAAAQ.jpg,1,152,152
A_cKM9Tog7d3gAAAAAAAAAAAAAAQAAAQ.jpg,A_TiDfT7B8BmwAAAAAAAAAAAAAAQAAAQ.jpg,1,152,152
A_cKM9Tog7d3gAAAAAAAAAAAAAAQAAAQ.jpg,A_T1teTI7MnHUAAAAAAAAAAAAAAQAAAQ.jpg,1,152,152
A_y3o0T5zshLsAAAAAAAAAAAAAAQAAAQ.jpg,A_yo0qQ6lU6HsAAAAAAAAAAAAAAQAAAQ.jpg,1,152,152
A_y3o0T5zshLsAAAAAAAAAAAAAAQAAAQ.jpg,A_7boYR4gvvhMAAAAAAAAAAAAAAQAAAQ.jpg,1,152,152
A_y3o0T5zshLsAAAAAAAAAAAAAAQAAAQ.jpg,A_TiDfT7B8BmwAAAAAAAAAAAAAAQAAAQ.jpg,1,152,152
A_y3o0T5zshLsAAAAAAAAAAAAAAQAAAQ.jpg,A_T1teTI7MnHUAAAAAAAAAAAAAAQAAAQ.jpg,1,152,152
A_yo0qQ6lU6HsAAAAAAAAAAAAAAQAAAQ.jpg,A_7boYR4gvvhMAAAAAAAAAAAAAAQAAAQ.jpg,1,152,152
A_yo0qQ6lU6HsAAAAAAAAAAAAAAQAAAQ.jpg,A_TiDfT7B8BmwAAAAAAAAAAAAAAQAAAQ.jpg,1,152,152
A_yo0qQ6lU6HsAAAAAAAAAAAAAAQAAAQ.jpg,A_T1teTI7MnHUAAAAAAAAAAAAAAQAAAQ.jpg,1,152,152
A_7boYR4gvvhMAAAAAAAAAAAAAAQAAAQ.jpg,A_TiDfT7B8BmwAAAAAAAAAAAAAAQAAAQ.jpg,1,152,152
A_7boYR4gvvhMAAAAAAAAAAAAAAQAAAQ.jpg,A_T1teTI7MnHUAAAAAAAAAAAAAAQAAAQ.jpg,1,152,152
A_TiDfT7B8BmwAAAAAAAAAAAAAAQAAAQ.jpg,A_T1teTI7MnHUAAAAAAAAAAAAAAQAAAQ.jpg,1,152,152
A_XNHHSZlJH00AAAAAAAAAAAAAAQAAAQ.jpg,A__2g8SIdev1YAAAAAAAAAAAAAAQAAAQ.jpg,1,153,153
A_XNHHSZlJH00AAAAAAAAAAAAAAQAAAQ.jpg,A_ChqmSJ1Ok-IAAAAAAAAAAAAAAQAAAQ.jpg,1,153,153
A_XNHHSZlJH00AAAAAAAAAAAAAAQAAAQ.jpg,A_SdoSTYqbvSUAAAAAAAAAAAAAAQAAAQ.jpg,1,153,153
A_XNHHSZlJH00AAAAAAAAAAAAAAQAAAQ.jpg,A_Rww6Rra53Y8AAAAAAAAAAAAAAQAAAQ.jpg,1,153,153
A_XNHHSZlJH00AAAAAAAAAAAAAAQAAAQ.jpg,A_Uzk2SrABsKIAAAAAAAAAAAAAAQAAAQ.jpg,1,153,153
A__2g8SIdev1YAAAAAAAAAAAAAAQAAAQ.jpg,A_ChqmSJ1Ok-IAAAAAAAAAAAAAAQAAAQ.jpg,1,153,153
A__2g8SIdev1YAAAAAAAAAAAAAAQAAAQ.jpg,A_SdoSTYqbvSUAAAAAAAAAAAAAAQAAAQ.jpg,1,153,153
A__2g8SIdev1YAAAAAAAAAAAAAAQAAAQ.jpg,A_Rww6Rra53Y8AAAAAAAAAAAAAAQAAAQ.jpg,1,153,153
A__2g8SIdev1YAAAAAAAAAAAAAAQAAAQ.jpg,A_Uzk2SrABsKIAAAAAAAAAAAAAAQAAAQ.jpg,1,153,153
A_ChqmSJ1Ok-IAAAAAAAAAAAAAAQAAAQ.jpg,A_SdoSTYqbvSUAAAAAAAAAAAAAAQAAAQ.jpg,1,153,153
A_ChqmSJ1Ok-IAAAAAAAAAAAAAAQAAAQ.jpg,A_Rww6Rra53Y8AAAAAAAAAAAAAAQAAAQ.jpg,1,153,153
A_ChqmSJ1Ok-IAAAAAAAAAAAAAAQAAAQ.jpg,A_Uzk2SrABsKIAAAAAAAAAAAAAAQAAAQ.jpg,1,153,153
A_SdoSTYqbvSUAAAAAAAAAAAAAAQAAAQ.jpg,A_Rww6Rra53Y8AAAAAAAAAAAAAAQAAAQ.jpg,1,153,153
A_SdoSTYqbvSUAAAAAAAAAAAAAAQAAAQ.jpg,A_Uzk2SrABsKIAAAAAAAAAAAAAAQAAAQ.jpg,1,153,153
A_Rww6Rra53Y8AAAAAAAAAAAAAAQAAAQ.jpg,A_Uzk2SrABsKIAAAAAAAAAAAAAAQAAAQ.jpg,1,153,153
A_xvAiTaIgyiIAAAAAAAAAAAAAAQAAAQ.jpg,A_EUqYT7AVrh4AAAAAAAAAAAAAAQAAAQ.jpg,1,154,154
A_xvAiTaIgyiIAAAAAAAAAAAAAAQAAAQ.jpg,A_cXEhQ5lI-kAAAAAAAAAAAAAAAQAAAQ.jpg,1,154,154
A_xvAiTaIgyiIAAAAAAAAAAAAAAQAAAQ.jpg,A_uskbRJwK4XwAAAAAAAAAAAAAAQAAAQ.jpg,1,154,154
A_xvAiTaIgyiIAAAAAAAAAAAAAAQAAAQ.jpg,A_D5vXRpubIH4AAAAAAAAAAAAAAQAAAQ.jpg,1,154,154
A_xvAiTaIgyiIAAAAAAAAAAAAAAQAAAQ.jpg,A_cdBQTbPmNRcAAAAAAAAAAAAAAQAAAQ.jpg,1,154,154
A_EUqYT7AVrh4AAAAAAAAAAAAAAQAAAQ.jpg,A_cXEhQ5lI-kAAAAAAAAAAAAAAAQAAAQ.jpg,1,154,154
A_EUqYT7AVrh4AAAAAAAAAAAAAAQAAAQ.jpg,A_uskbRJwK4XwAAAAAAAAAAAAAAQAAAQ.jpg,1,154,154
A_EUqYT7AVrh4AAAAAAAAAAAAAAQAAAQ.jpg,A_D5vXRpubIH4AAAAAAAAAAAAAAQAAAQ.jpg,1,154,154
A_EUqYT7AVrh4AAAAAAAAAAAAAAQAAAQ.jpg,A_cdBQTbPmNRcAAAAAAAAAAAAAAQAAAQ.jpg,1,154,154
A_cXEhQ5lI-kAAAAAAAAAAAAAAAQAAAQ.jpg,A_uskbRJwK4XwAAAAAAAAAAAAAAQAAAQ.jpg,1,154,154
A_cXEhQ5lI-kAAAAAAAAAAAAAAAQAAAQ.jpg,A_D5vXRpubIH4AAAAAAAAAAAAAAQAAAQ.jpg,1,154,154
A_cXEhQ5lI-kAAAAAAAAAAAAAAAQAAAQ.jpg,A_cdBQTbPmNRcAAAAAAAAAAAAAAQAAAQ.jpg,1,154,154
A_uskbRJwK4XwAAAAAAAAAAAAAAQAAAQ.jpg,A_D5vXRpubIH4AAAAAAAAAAAAAAQAAAQ.jpg,1,154,154
A_uskbRJwK4XwAAAAAAAAAAAAAAQAAAQ.jpg,A_cdBQTbPmNRcAAAAAAAAAAAAAAQAAAQ.jpg,1,154,154
A_D5vXRpubIH4AAAAAAAAAAAAAAQAAAQ.jpg,A_cdBQTbPmNRcAAAAAAAAAAAAAAQAAAQ.jpg,1,154,154
zGfOrLgJRWq4z48tv9EHeQAAACMAARAD.jpg,WONvMSM7TiuLnaBmvKNEiAAAACMAARAD.jpg,1,155,155
zGfOrLgJRWq4z48tv9EHeQAAACMAARAD.jpg,WNf53_8ITqK97-33UL-ISgAAACMAARAD.jpg,1,155,155
zGfOrLgJRWq4z48tv9EHeQAAACMAARAD.jpg,ee9SWo2zTeyS2Xh3WfHGaQAAACMAARAD.jpg,1,155,155
zGfOrLgJRWq4z48tv9EHeQAAACMAARAD.jpg,oUwFV4MkS2S9joIua_wkvwAAACMAARAD.jpg,1,155,155
zGfOrLgJRWq4z48tv9EHeQAAACMAARAD.jpg,8uu1FfYMQXe3pxQOcXQR9gAAACMAARAD.jpg,1,155,155
WONvMSM7TiuLnaBmvKNEiAAAACMAARAD.jpg,WNf53_8ITqK97-33UL-ISgAAACMAARAD.jpg,1,155,155
WONvMSM7TiuLnaBmvKNEiAAAACMAARAD.jpg,ee9SWo2zTeyS2Xh3WfHGaQAAACMAARAD.jpg,1,155,155
WONvMSM7TiuLnaBmvKNEiAAAACMAARAD.jpg,oUwFV4MkS2S9joIua_wkvwAAACMAARAD.jpg,1,155,155
WONvMSM7TiuLnaBmvKNEiAAAACMAARAD.jpg,8uu1FfYMQXe3pxQOcXQR9gAAACMAARAD.jpg,1,155,155
WNf53_8ITqK97-33UL-ISgAAACMAARAD.jpg,ee9SWo2zTeyS2Xh3WfHGaQAAACMAARAD.jpg,1,155,155
WNf53_8ITqK97-33UL-ISgAAACMAARAD.jpg,oUwFV4MkS2S9joIua_wkvwAAACMAARAD.jpg,1,155,155
WNf53_8ITqK97-33UL-ISgAAACMAARAD.jpg,8uu1FfYMQXe3pxQOcXQR9gAAACMAARAD.jpg,1,155,155
ee9SWo2zTeyS2Xh3WfHGaQAAACMAARAD.jpg,oUwFV4MkS2S9joIua_wkvwAAACMAARAD.jpg,1,155,155
ee9SWo2zTeyS2Xh3WfHGaQAAACMAARAD.jpg,8uu1FfYMQXe3pxQOcXQR9gAAACMAARAD.jpg,1,155,155
oUwFV4MkS2S9joIua_wkvwAAACMAARAD.jpg,8uu1FfYMQXe3pxQOcXQR9gAAACMAARAD.jpg,1,155,155
A_0SWCTYxPcBoAAAAAAAAAAAAAAQAAAQ.jpg,A_0ZuNSaLNy7EAAAAAAAAAAAAAAQAAAQ.jpg,1,156,156
A_0SWCTYxPcBoAAAAAAAAAAAAAAQAAAQ.jpg,A_cU0aRI8xDi0AAAAAAAAAAAAAAQAAAQ.jpg,1,156,156
A_0SWCTYxPcBoAAAAAAAAAAAAAAQAAAQ.jpg,A_kEkzS6WBDdQAAAAAAAAAAAAAAQAAAQ.jpg,1,156,156
A_0SWCTYxPcBoAAAAAAAAAAAAAAQAAAQ.jpg,A_Fk7aSIVdPRsAAAAAAAAAAAAAAQAAAQ.jpg,1,156,156
A_0SWCTYxPcBoAAAAAAAAAAAAAAQAAAQ.jpg,A_c8JATZGzi1cAAAAAAAAAAAAAAQAAAQ.jpg,1,156,156
A_0ZuNSaLNy7EAAAAAAAAAAAAAAQAAAQ.jpg,A_cU0aRI8xDi0AAAAAAAAAAAAAAQAAAQ.jpg,1,156,156
A_0ZuNSaLNy7EAAAAAAAAAAAAAAQAAAQ.jpg,A_kEkzS6WBDdQAAAAAAAAAAAAAAQAAAQ.jpg,1,156,156
A_0ZuNSaLNy7EAAAAAAAAAAAAAAQAAAQ.jpg,A_Fk7aSIVdPRsAAAAAAAAAAAAAAQAAAQ.jpg,1,156,156
A_0ZuNSaLNy7EAAAAAAAAAAAAAAQAAAQ.jpg,A_c8JATZGzi1cAAAAAAAAAAAAAAQAAAQ.jpg,1,156,156
A_cU0aRI8xDi0AAAAAAAAAAAAAAQAAAQ.jpg,A_kEkzS6WBDdQAAAAAAAAAAAAAAQAAAQ.jpg,1,156,156
A_cU0aRI8xDi0AAAAAAAAAAAAAAQAAAQ.jpg,A_Fk7aSIVdPRsAAAAAAAAAAAAAAQAAAQ.jpg,1,156,156
A_cU0aRI8xDi0AAAAAAAAAAAAAAQAAAQ.jpg,A_c8JATZGzi1cAAAAAAAAAAAAAAQAAAQ.jpg,1,156,156
A_kEkzS6WBDdQAAAAAAAAAAAAAAQAAAQ.jpg,A_Fk7aSIVdPRsAAAAAAAAAAAAAAQAAAQ.jpg,1,156,156
A_kEkzS6WBDdQAAAAAAAAAAAAAAQAAAQ.jpg,A_c8JATZGzi1cAAAAAAAAAAAAAAQAAAQ.jpg,1,156,156
A_Fk7aSIVdPRsAAAAAAAAAAAAAAQAAAQ.jpg,A_c8JATZGzi1cAAAAAAAAAAAAAAQAAAQ.jpg,1,156,156
A_wPiZSI8pSBIAAAAAAAAAAAAAAQAAAQ.jpg,A_N57xRZ6tBnwAAAAAAAAAAAAAAQAAAQ.jpg,1,157,157
A_wPiZSI8pSBIAAAAAAAAAAAAAAQAAAQ.jpg,A_OeVhQYZQBVoAAAAAAAAAAAAAAQAAAQ.jpg,1,157,157
A_wPiZSI8pSBIAAAAAAAAAAAAAAQAAAQ.jpg,A_p1e5QJ0g4lgAAAAAAAAAAAAAAQAAAQ.jpg,1,157,157
A_wPiZSI8pSBIAAAAAAAAAAAAAAQAAAQ.jpg,A_Sgy4Q5WINnoAAAAAAAAAAAAAAQAAAQ.jpg,1,157,157
A_wPiZSI8pSBIAAAAAAAAAAAAAAQAAAQ.jpg,A_D7ODTa7POC4AAAAAAAAAAAAAAQAAAQ.jpg,1,157,157
A_N57xRZ6tBnwAAAAAAAAAAAAAAQAAAQ.jpg,A_OeVhQYZQBVoAAAAAAAAAAAAAAQAAAQ.jpg,1,157,157
A_N57xRZ6tBnwAAAAAAAAAAAAAAQAAAQ.jpg,A_p1e5QJ0g4lgAAAAAAAAAAAAAAQAAAQ.jpg,1,157,157
A_N57xRZ6tBnwAAAAAAAAAAAAAAQAAAQ.jpg,A_Sgy4Q5WINnoAAAAAAAAAAAAAAQAAAQ.jpg,1,157,157
A_N57xRZ6tBnwAAAAAAAAAAAAAAQAAAQ.jpg,A_D7ODTa7POC4AAAAAAAAAAAAAAQAAAQ.jpg,1,157,157
A_OeVhQYZQBVoAAAAAAAAAAAAAAQAAAQ.jpg,A_p1e5QJ0g4lgAAAAAAAAAAAAAAQAAAQ.jpg,1,157,157
A_OeVhQYZQBVoAAAAAAAAAAAAAAQAAAQ.jpg,A_Sgy4Q5WINnoAAAAAAAAAAAAAAQAAAQ.jpg,1,157,157
A_OeVhQYZQBVoAAAAAAAAAAAAAAQAAAQ.jpg,A_D7ODTa7POC4AAAAAAAAAAAAAAQAAAQ.jpg,1,157,157
A_p1e5QJ0g4lgAAAAAAAAAAAAAAQAAAQ.jpg,A_Sgy4Q5WINnoAAAAAAAAAAAAAAQAAAQ.jpg,1,157,157
A_p1e5QJ0g4lgAAAAAAAAAAAAAAQAAAQ.jpg,A_D7ODTa7POC4AAAAAAAAAAAAAAQAAAQ.jpg,1,157,157
A_Sgy4Q5WINnoAAAAAAAAAAAAAAQAAAQ.jpg,A_D7ODTa7POC4AAAAAAAAAAAAAAQAAAQ.jpg,1,157,157
A_6bWnTrslKhwAAAAAAAAAAAAAAQAAAQ.jpg,A_7zzVQYVHFHgAAAAAAAAAAAAAAQAAAQ.jpg,1,158,158
A_6bWnTrslKhwAAAAAAAAAAAAAAQAAAQ.jpg,A_wdK2RIoM3SQAAAAAAAAAAAAAAQAAAQ.jpg,1,158,158
A_6bWnTrslKhwAAAAAAAAAAAAAAQAAAQ.jpg,A__sCTTLlfQsMAAAAAAAAAAAAAAQAAAQ.jpg,1,158,158
A_6bWnTrslKhwAAAAAAAAAAAAAAQAAAQ.jpg,A_3AbSRaIVmvwAAAAAAAAAAAAAAQAAAQ.jpg,1,158,158
A_6bWnTrslKhwAAAAAAAAAAAAAAQAAAQ.jpg,A_sqlbQYqQlFAAAAAAAAAAAAAAAQAAAQ.jpg,1,158,158
A_7zzVQYVHFHgAAAAAAAAAAAAAAQAAAQ.jpg,A_wdK2RIoM3SQAAAAAAAAAAAAAAQAAAQ.jpg,1,158,158
A_7zzVQYVHFHgAAAAAAAAAAAAAAQAAAQ.jpg,A__sCTTLlfQsMAAAAAAAAAAAAAAQAAAQ.jpg,1,158,158
A_7zzVQYVHFHgAAAAAAAAAAAAAAQAAAQ.jpg,A_3AbSRaIVmvwAAAAAAAAAAAAAAQAAAQ.jpg,1,158,158
A_7zzVQYVHFHgAAAAAAAAAAAAAAQAAAQ.jpg,A_sqlbQYqQlFAAAAAAAAAAAAAAAQAAAQ.jpg,1,158,158
A_wdK2RIoM3SQAAAAAAAAAAAAAAQAAAQ.jpg,A__sCTTLlfQsMAAAAAAAAAAAAAAQAAAQ.jpg,1,158,158
A_wdK2RIoM3SQAAAAAAAAAAAAAAQAAAQ.jpg,A_3AbSRaIVmvwAAAAAAAAAAAAAAQAAAQ.jpg,1,158,158
A_wdK2RIoM3SQAAAAAAAAAAAAAAQAAAQ.jpg,A_sqlbQYqQlFAAAAAAAAAAAAAAAQAAAQ.jpg,1,158,158
A__sCTTLlfQsMAAAAAAAAAAAAAAQAAAQ.jpg,A_3AbSRaIVmvwAAAAAAAAAAAAAAQAAAQ.jpg,1,158,158
A__sCTTLlfQsMAAAAAAAAAAAAAAQAAAQ.jpg,A_sqlbQYqQlFAAAAAAAAAAAAAAAQAAAQ.jpg,1,158,158
A_3AbSRaIVmvwAAAAAAAAAAAAAAQAAAQ.jpg,A_sqlbQYqQlFAAAAAAAAAAAAAAAQAAAQ.jpg,1,158,158
A_XMPcQI5Fqs0AAAAAAAAAAAAAAQAAAQ.jpg,A_Ws9rTr4ssSIAAAAAAAAAAAAAAQAAAQ.jpg,1,159,159
A_XMPcQI5Fqs0AAAAAAAAAAAAAAQAAAQ.jpg,A_cwDhQLizVhEAAAAAAAAAAAAAAQAAAQ.jpg,1,159,159
A_XMPcQI5Fqs0AAAAAAAAAAAAAAQAAAQ.jpg,A_9OP_RqOi65cAAAAAAAAAAAAAAQAAAQ.jpg,1,159,159
A_XMPcQI5Fqs0AAAAAAAAAAAAAAQAAAQ.jpg,A_T7tpTqdx0wcAAAAAAAAAAAAAAQAAAQ.jpg,1,159,159
A_XMPcQI5Fqs0AAAAAAAAAAAAAAQAAAQ.jpg,A_-XUaRqtBWX4AAAAAAAAAAAAAAQAAAQ.jpg,1,159,159
A_Ws9rTr4ssSIAAAAAAAAAAAAAAQAAAQ.jpg,A_cwDhQLizVhEAAAAAAAAAAAAAAQAAAQ.jpg,1,159,159
A_Ws9rTr4ssSIAAAAAAAAAAAAAAQAAAQ.jpg,A_9OP_RqOi65cAAAAAAAAAAAAAAQAAAQ.jpg,1,159,159
A_Ws9rTr4ssSIAAAAAAAAAAAAAAQAAAQ.jpg,A_T7tpTqdx0wcAAAAAAAAAAAAAAQAAAQ.jpg,1,159,159
A_Ws9rTr4ssSIAAAAAAAAAAAAAAQAAAQ.jpg,A_-XUaRqtBWX4AAAAAAAAAAAAAAQAAAQ.jpg,1,159,159
A_cwDhQLizVhEAAAAAAAAAAAAAAQAAAQ.jpg,A_9OP_RqOi65cAAAAAAAAAAAAAAQAAAQ.jpg,1,159,159
A_cwDhQLizVhEAAAAAAAAAAAAAAQAAAQ.jpg,A_T7tpTqdx0wcAAAAAAAAAAAAAAQAAAQ.jpg,1,159,159
A_cwDhQLizVhEAAAAAAAAAAAAAAQAAAQ.jpg,A_-XUaRqtBWX4AAAAAAAAAAAAAAQAAAQ.jpg,1,159,159
A_9OP_RqOi65cAAAAAAAAAAAAAAQAAAQ.jpg,A_T7tpTqdx0wcAAAAAAAAAAAAAAQAAAQ.jpg,1,159,159
A_9OP_RqOi65cAAAAAAAAAAAAAAQAAAQ.jpg,A_-XUaRqtBWX4AAAAAAAAAAAAAAQAAAQ.jpg,1,159,159
A_T7tpTqdx0wcAAAAAAAAAAAAAAQAAAQ.jpg,A_-XUaRqtBWX4AAAAAAAAAAAAAAQAAAQ.jpg,1,159,159
A_WDLkR6ptwJYAAAAAAAAAAAAAAQAAAQ.jpg,A_izLaT4q7z-8AAAAAAAAAAAAAAQAAAQ.jpg,1,160,160
A_WDLkR6ptwJYAAAAAAAAAAAAAAQAAAQ.jpg,A_puDYQoa6ZyAAAAAAAAAAAAAAAQAAAQ.jpg,1,160,160
A_WDLkR6ptwJYAAAAAAAAAAAAAAQAAAQ.jpg,A_n5qWSYMC0SYAAAAAAAAAAAAAAQAAAQ.jpg,1,160,160
A_WDLkR6ptwJYAAAAAAAAAAAAAAQAAAQ.jpg,A_4dqvS7ABM9IAAAAAAAAAAAAAAQAAAQ.jpg,1,160,160
A_WDLkR6ptwJYAAAAAAAAAAAAAAQAAAQ.jpg,A_0-ELRoJDoOAAAAAAAAAAAAAAAQAAAQ.jpg,1,160,160
A_izLaT4q7z-8AAAAAAAAAAAAAAQAAAQ.jpg,A_puDYQoa6ZyAAAAAAAAAAAAAAAQAAAQ.jpg,1,160,160
A_izLaT4q7z-8AAAAAAAAAAAAAAQAAAQ.jpg,A_n5qWSYMC0SYAAAAAAAAAAAAAAQAAAQ.jpg,1,160,160
A_izLaT4q7z-8AAAAAAAAAAAAAAQAAAQ.jpg,A_4dqvS7ABM9IAAAAAAAAAAAAAAQAAAQ.jpg,1,160,160
A_izLaT4q7z-8AAAAAAAAAAAAAAQAAAQ.jpg,A_0-ELRoJDoOAAAAAAAAAAAAAAAQAAAQ.jpg,1,160,160
A_puDYQoa6ZyAAAAAAAAAAAAAAAQAAAQ.jpg,A_n5qWSYMC0SYAAAAAAAAAAAAAAQAAAQ.jpg,1,160,160
A_puDYQoa6ZyAAAAAAAAAAAAAAAQAAAQ.jpg,A_4dqvS7ABM9IAAAAAAAAAAAAAAQAAAQ.jpg,1,160,160
A_puDYQoa6ZyAAAAAAAAAAAAAAAQAAAQ.jpg,A_0-ELRoJDoOAAAAAAAAAAAAAAAQAAAQ.jpg,1,160,160
A_n5qWSYMC0SYAAAAAAAAAAAAAAQAAAQ.jpg,A_4dqvS7ABM9IAAAAAAAAAAAAAAQAAAQ.jpg,1,160,160
A_n5qWSYMC0SYAAAAAAAAAAAAAAQAAAQ.jpg,A_0-ELRoJDoOAAAAAAAAAAAAAAAQAAAQ.jpg,1,160,160
A_4dqvS7ABM9IAAAAAAAAAAAAAAQAAAQ.jpg,A_0-ELRoJDoOAAAAAAAAAAAAAAAQAAAQ.jpg,1,160,160
A_7TXVT6R41bwAAAAAAAAAAAAAAQAAAQ.jpg,A_j72ARLb_6boAAAAAAAAAAAAAAQAAAQ.jpg,1,161,161
A_7TXVT6R41bwAAAAAAAAAAAAAAQAAAQ.jpg,A_a7OnT702SKIAAAAAAAAAAAAAAQAAAQ.jpg,1,161,161
A_7TXVT6R41bwAAAAAAAAAAAAAAQAAAQ.jpg,A_AuorQ4yCMh0AAAAAAAAAAAAAAQAAAQ.jpg,1,161,161
A_7TXVT6R41bwAAAAAAAAAAAAAAQAAAQ.jpg,A_SHknSoOqca0AAAAAAAAAAAAAAQAAAQ.jpg,1,161,161
A_7TXVT6R41bwAAAAAAAAAAAAAAQAAAQ.jpg,A_Gr90SJv0YeoAAAAAAAAAAAAAAQAAAQ.jpg,1,161,161
A_j72ARLb_6boAAAAAAAAAAAAAAQAAAQ.jpg,A_a7OnT702SKIAAAAAAAAAAAAAAQAAAQ.jpg,1,161,161
A_j72ARLb_6boAAAAAAAAAAAAAAQAAAQ.jpg,A_AuorQ4yCMh0AAAAAAAAAAAAAAQAAAQ.jpg,1,161,161
A_j72ARLb_6boAAAAAAAAAAAAAAQAAAQ.jpg,A_SHknSoOqca0AAAAAAAAAAAAAAQAAAQ.jpg,1,161,161
A_j72ARLb_6boAAAAAAAAAAAAAAQAAAQ.jpg,A_Gr90SJv0YeoAAAAAAAAAAAAAAQAAAQ.jpg,1,161,161
A_a7OnT702SKIAAAAAAAAAAAAAAQAAAQ.jpg,A_AuorQ4yCMh0AAAAAAAAAAAAAAQAAAQ.jpg,1,161,161
A_a7OnT702SKIAAAAAAAAAAAAAAQAAAQ.jpg,A_SHknSoOqca0AAAAAAAAAAAAAAQAAAQ.jpg,1,161,161
A_a7OnT702SKIAAAAAAAAAAAAAAQAAAQ.jpg,A_Gr90SJv0YeoAAAAAAAAAAAAAAQAAAQ.jpg,1,161,161
A_AuorQ4yCMh0AAAAAAAAAAAAAAQAAAQ.jpg,A_SHknSoOqca0AAAAAAAAAAAAAAQAAAQ.jpg,1,161,161
A_AuorQ4yCMh0AAAAAAAAAAAAAAQAAAQ.jpg,A_Gr90SJv0YeoAAAAAAAAAAAAAAQAAAQ.jpg,1,161,161
A_SHknSoOqca0AAAAAAAAAAAAAAQAAAQ.jpg,A_Gr90SJv0YeoAAAAAAAAAAAAAAQAAAQ.jpg,1,161,161
A_bC75RrqgubUAAAAAAAAAAAAAAQAAAQ.jpg,A_yrFZSaXtfAEAAAAAAAAAAAAAAQAAAQ.jpg,1,162,162
A_bC75RrqgubUAAAAAAAAAAAAAAQAAAQ.jpg,A_yOJ6Q4IO9mcAAAAAAAAAAAAAAQAAAQ.jpg,1,162,162
A_bC75RrqgubUAAAAAAAAAAAAAAQAAAQ.jpg,A_4mW0Q5rIZpgAAAAAAAAAAAAAAQAAAQ.jpg,1,162,162
A_bC75RrqgubUAAAAAAAAAAAAAAQAAAQ.jpg,A_AKdFRp5BRZYAAAAAAAAAAAAAAQAAAQ.jpg,1,162,162
A_bC75RrqgubUAAAAAAAAAAAAAAQAAAQ.jpg,A_s-BYTbC6hKgAAAAAAAAAAAAAAQAAAQ.jpg,1,162,162
A_yrFZSaXtfAEAAAAAAAAAAAAAAQAAAQ.jpg,A_yOJ6Q4IO9mcAAAAAAAAAAAAAAQAAAQ.jpg,1,162,162
A_yrFZSaXtfAEAAAAAAAAAAAAAAQAAAQ.jpg,A_4mW0Q5rIZpgAAAAAAAAAAAAAAQAAAQ.jpg,1,162,162
A_yrFZSaXtfAEAAAAAAAAAAAAAAQAAAQ.jpg,A_AKdFRp5BRZYAAAAAAAAAAAAAAQAAAQ.jpg,1,162,162
A_yrFZSaXtfAEAAAAAAAAAAAAAAQAAAQ.jpg,A_s-BYTbC6hKgAAAAAAAAAAAAAAQAAAQ.jpg,1,162,162
A_yOJ6Q4IO9mcAAAAAAAAAAAAAAQAAAQ.jpg,A_4mW0Q5rIZpgAAAAAAAAAAAAAAQAAAQ.jpg,1,162,162
A_yOJ6Q4IO9mcAAAAAAAAAAAAAAQAAAQ.jpg,A_AKdFRp5BRZYAAAAAAAAAAAAAAQAAAQ.jpg,1,162,162
A_yOJ6Q4IO9mcAAAAAAAAAAAAAAQAAAQ.jpg,A_s-BYTbC6hKgAAAAAAAAAAAAAAQAAAQ.jpg,1,162,162
A_4mW0Q5rIZpgAAAAAAAAAAAAAAQAAAQ.jpg,A_AKdFRp5BRZYAAAAAAAAAAAAAAQAAAQ.jpg,1,162,162
A_4mW0Q5rIZpgAAAAAAAAAAAAAAQAAAQ.jpg,A_s-BYTbC6hKgAAAAAAAAAAAAAAQAAAQ.jpg,1,162,162
A_AKdFRp5BRZYAAAAAAAAAAAAAAQAAAQ.jpg,A_s-BYTbC6hKgAAAAAAAAAAAAAAQAAAQ.jpg,1,162,162
A_tjIQQ4rItcQAAAAAAAAAAAAAAQAAAQ.jpg,A_OgM_S7d4Lu0AAAAAAAAAAAAAAQAAAQ.jpg,1,163,163
A_tjIQQ4rItcQAAAAAAAAAAAAAAQAAAQ.jpg,A_04oDR5lbyT4AAAAAAAAAAAAAAQAAAQ.jpg,1,163,163
A_tjIQQ4rItcQAAAAAAAAAAAAAAQAAAQ.jpg,A_v2AMTqrkHXgAAAAAAAAAAAAAAQAAAQ.jpg,1,163,163
A_tjIQQ4rItcQAAAAAAAAAAAAAAQAAAQ.jpg,A_EfL_QYa84I4AAAAAAAAAAAAAAQAAAQ.jpg,1,163,163
A_tjIQQ4rItcQAAAAAAAAAAAAAAQAAAQ.jpg,A__ufMSoUmcLcAAAAAAAAAAAAAAQAAAQ.jpg,1,163,163
A_OgM_S7d4Lu0AAAAAAAAAAAAAAQAAAQ.jpg,A_04oDR5lbyT4AAAAAAAAAAAAAAQAAAQ.jpg,1,163,163
A_OgM_S7d4Lu0AAAAAAAAAAAAAAQAAAQ.jpg,A_v2AMTqrkHXgAAAAAAAAAAAAAAQAAAQ.jpg,1,163,163
A_OgM_S7d4Lu0AAAAAAAAAAAAAAQAAAQ.jpg,A_EfL_QYa84I4AAAAAAAAAAAAAAQAAAQ.jpg,1,163,163
A_OgM_S7d4Lu0AAAAAAAAAAAAAAQAAAQ.jpg,A__ufMSoUmcLcAAAAAAAAAAAAAAQAAAQ.jpg,1,163,163
A_04oDR5lbyT4AAAAAAAAAAAAAAQAAAQ.jpg,A_v2AMTqrkHXgAAAAAAAAAAAAAAQAAAQ.jpg,1,163,163
A_04oDR5lbyT4AAAAAAAAAAAAAAQAAAQ.jpg,A_EfL_QYa84I4AAAAAAAAAAAAAAQAAAQ.jpg,1,163,163
A_04oDR5lbyT4AAAAAAAAAAAAAAQAAAQ.jpg,A__ufMSoUmcLcAAAAAAAAAAAAAAQAAAQ.jpg,1,163,163
A_v2AMTqrkHXgAAAAAAAAAAAAAAQAAAQ.jpg,A_EfL_QYa84I4AAAAAAAAAAAAAAQAAAQ.jpg,1,163,163
A_v2AMTqrkHXgAAAAAAAAAAAAAAQAAAQ.jpg,A__ufMSoUmcLcAAAAAAAAAAAAAAQAAAQ.jpg,1,163,163
A_EfL_QYa84I4AAAAAAAAAAAAAAQAAAQ.jpg,A__ufMSoUmcLcAAAAAAAAAAAAAAQAAAQ.jpg,1,163,163
RIZCEXosSOm6gQj1pn6RSAAAACMAARAD.jpg,HqDGqYKiSIyabK5pfkisgQAAACMAARAD.jpg,1,164,164
RIZCEXosSOm6gQj1pn6RSAAAACMAARAD.jpg,HekMXIAUTl2HXeAFu4VTAgAAACMAARAD.jpg,1,164,164
RIZCEXosSOm6gQj1pn6RSAAAACMAARAD.jpg,A2fZWAEeTfWyTqA6MlIezgAAACMAARAD.jpg,1,164,164
RIZCEXosSOm6gQj1pn6RSAAAACMAARAD.jpg,FqQ7Yv3sQqamD1XqNUNQeQAAACMAARAD.jpg,1,164,164
RIZCEXosSOm6gQj1pn6RSAAAACMAARAD.jpg,8Sk3KFu_QmSMZX_JxB-X2QAAACMAARAD.jpg,1,164,164
HqDGqYKiSIyabK5pfkisgQAAACMAARAD.jpg,HekMXIAUTl2HXeAFu4VTAgAAACMAARAD.jpg,1,164,164
HqDGqYKiSIyabK5pfkisgQAAACMAARAD.jpg,A2fZWAEeTfWyTqA6MlIezgAAACMAARAD.jpg,1,164,164
HqDGqYKiSIyabK5pfkisgQAAACMAARAD.jpg,FqQ7Yv3sQqamD1XqNUNQeQAAACMAARAD.jpg,1,164,164
HqDGqYKiSIyabK5pfkisgQAAACMAARAD.jpg,8Sk3KFu_QmSMZX_JxB-X2QAAACMAARAD.jpg,1,164,164
HekMXIAUTl2HXeAFu4VTAgAAACMAARAD.jpg,A2fZWAEeTfWyTqA6MlIezgAAACMAARAD.jpg,1,164,164
HekMXIAUTl2HXeAFu4VTAgAAACMAARAD.jpg,FqQ7Yv3sQqamD1XqNUNQeQAAACMAARAD.jpg,1,164,164
HekMXIAUTl2HXeAFu4VTAgAAACMAARAD.jpg,8Sk3KFu_QmSMZX_JxB-X2QAAACMAARAD.jpg,1,164,164
A2fZWAEeTfWyTqA6MlIezgAAACMAARAD.jpg,FqQ7Yv3sQqamD1XqNUNQeQAAACMAARAD.jpg,1,164,164
A2fZWAEeTfWyTqA6MlIezgAAACMAARAD.jpg,8Sk3KFu_QmSMZX_JxB-X2QAAACMAARAD.jpg,1,164,164
FqQ7Yv3sQqamD1XqNUNQeQAAACMAARAD.jpg,8Sk3KFu_QmSMZX_JxB-X2QAAACMAARAD.jpg,1,164,164
A_4rz3RZuMxDMAAAAAAAAAAAAAAQAAAQ.jpg,A_wr26TqasgdEAAAAAAAAAAAAAAQAAAQ.jpg,1,165,165
A_4rz3RZuMxDMAAAAAAAAAAAAAAQAAAQ.jpg,A_KwVMSYgdftIAAAAAAAAAAAAAAQAAAQ.jpg,1,165,165
A_4rz3RZuMxDMAAAAAAAAAAAAAAQAAAQ.jpg,A_0ZuDSZ13H_cAAAAAAAAAAAAAAQAAAQ.jpg,1,165,165
A_4rz3RZuMxDMAAAAAAAAAAAAAAQAAAQ.jpg,A_NbXcRJayORUAAAAAAAAAAAAAAQAAAQ.jpg,1,165,165
A_4rz3RZuMxDMAAAAAAAAAAAAAAQAAAQ.jpg,A_vEWFRJ2pIzwAAAAAAAAAAAAAAQAAAQ.jpg,1,165,165
A_wr26TqasgdEAAAAAAAAAAAAAAQAAAQ.jpg,A_KwVMSYgdftIAAAAAAAAAAAAAAQAAAQ.jpg,1,165,165
A_wr26TqasgdEAAAAAAAAAAAAAAQAAAQ.jpg,A_0ZuDSZ13H_cAAAAAAAAAAAAAAQAAAQ.jpg,1,165,165
A_wr26TqasgdEAAAAAAAAAAAAAAQAAAQ.jpg,A_NbXcRJayORUAAAAAAAAAAAAAAQAAAQ.jpg,1,165,165
A_wr26TqasgdEAAAAAAAAAAAAAAQAAAQ.jpg,A_vEWFRJ2pIzwAAAAAAAAAAAAAAQAAAQ.jpg,1,165,165
A_KwVMSYgdftIAAAAAAAAAAAAAAQAAAQ.jpg,A_0ZuDSZ13H_cAAAAAAAAAAAAAAQAAAQ.jpg,1,165,165
A_KwVMSYgdftIAAAAAAAAAAAAAAQAAAQ.jpg,A_NbXcRJayORUAAAAAAAAAAAAAAQAAAQ.jpg,1,165,165
A_KwVMSYgdftIAAAAAAAAAAAAAAQAAAQ.jpg,A_vEWFRJ2pIzwAAAAAAAAAAAAAAQAAAQ.jpg,1,165,165
A_0ZuDSZ13H_cAAAAAAAAAAAAAAQAAAQ.jpg,A_NbXcRJayORUAAAAAAAAAAAAAAQAAAQ.jpg,1,165,165
A_0ZuDSZ13H_cAAAAAAAAAAAAAAQAAAQ.jpg,A_vEWFRJ2pIzwAAAAAAAAAAAAAAQAAAQ.jpg,1,165,165
A_NbXcRJayORUAAAAAAAAAAAAAAQAAAQ.jpg,A_vEWFRJ2pIzwAAAAAAAAAAAAAAQAAAQ.jpg,1,165,165
w9YQq4_NScePMhUzHiU7ugAAACMAARAD.jpg,YDkF-IExTl-pKxGA-asCwwAAACMAARAD.jpg,1,166,166
w9YQq4_NScePMhUzHiU7ugAAACMAARAD.jpg,_YxN02DfQ7OUYkwftQP0QQAAACMAARAD.jpg,1,166,166
w9YQq4_NScePMhUzHiU7ugAAACMAARAD.jpg,aa7CED-ZTiSSG_-WFIoMkwAAACMAARAD.jpg,1,166,166
w9YQq4_NScePMhUzHiU7ugAAACMAARAD.jpg,pb5VFO7UQBWHMuwgRE5PHgAAACMAARAD.jpg,1,166,166
w9YQq4_NScePMhUzHiU7ugAAACMAARAD.jpg,hoWp7-3lQi-3jCssfpyVaAAAACMAARAD.jpg,1,166,166
YDkF-IExTl-pKxGA-asCwwAAACMAARAD.jpg,_YxN02DfQ7OUYkwftQP0QQAAACMAARAD.jpg,1,166,166
YDkF-IExTl-pKxGA-asCwwAAACMAARAD.jpg,aa7CED-ZTiSSG_-WFIoMkwAAACMAARAD.jpg,1,166,166
YDkF-IExTl-pKxGA-asCwwAAACMAARAD.jpg,pb5VFO7UQBWHMuwgRE5PHgAAACMAARAD.jpg,1,166,166
YDkF-IExTl-pKxGA-asCwwAAACMAARAD.jpg,hoWp7-3lQi-3jCssfpyVaAAAACMAARAD.jpg,1,166,166
_YxN02DfQ7OUYkwftQP0QQAAACMAARAD.jpg,aa7CED-ZTiSSG_-WFIoMkwAAACMAARAD.jpg,1,166,166
_YxN02DfQ7OUYkwftQP0QQAAACMAARAD.jpg,pb5VFO7UQBWHMuwgRE5PHgAAACMAARAD.jpg,1,166,166
_YxN02DfQ7OUYkwftQP0QQAAACMAARAD.jpg,hoWp7-3lQi-3jCssfpyVaAAAACMAARAD.jpg,1,166,166
aa7CED-ZTiSSG_-WFIoMkwAAACMAARAD.jpg,pb5VFO7UQBWHMuwgRE5PHgAAACMAARAD.jpg,1,166,166
aa7CED-ZTiSSG_-WFIoMkwAAACMAARAD.jpg,hoWp7-3lQi-3jCssfpyVaAAAACMAARAD.jpg,1,166,166
pb5VFO7UQBWHMuwgRE5PHgAAACMAARAD.jpg,hoWp7-3lQi-3jCssfpyVaAAAACMAARAD.jpg,1,166,166
A_M2dJTrQsL7gAAAAAAAAAAAAAAQAAAQ.jpg,A_z7uTTKANmKQAAAAAAAAAAAAAAQAAAQ.jpg,1,167,167
A_M2dJTrQsL7gAAAAAAAAAAAAAAQAAAQ.jpg,A_a0R0R5IAcOEAAAAAAAAAAAAAAQAAAQ.jpg,1,167,167
A_M2dJTrQsL7gAAAAAAAAAAAAAAQAAAQ.jpg,A_yuLVT43MzcgAAAAAAAAAAAAAAQAAAQ.jpg,1,167,167
A_M2dJTrQsL7gAAAAAAAAAAAAAAQAAAQ.jpg,A_AVz3Sb7iIKwAAAAAAAAAAAAAAQAAAQ.jpg,1,167,167
A_M2dJTrQsL7gAAAAAAAAAAAAAAQAAAQ.jpg,A_hqBxRo7pAs4AAAAAAAAAAAAAAQAAAQ.jpg,1,167,167
A_z7uTTKANmKQAAAAAAAAAAAAAAQAAAQ.jpg,A_a0R0R5IAcOEAAAAAAAAAAAAAAQAAAQ.jpg,1,167,167
A_z7uTTKANmKQAAAAAAAAAAAAAAQAAAQ.jpg,A_yuLVT43MzcgAAAAAAAAAAAAAAQAAAQ.jpg,1,167,167
A_z7uTTKANmKQAAAAAAAAAAAAAAQAAAQ.jpg,A_AVz3Sb7iIKwAAAAAAAAAAAAAAQAAAQ.jpg,1,167,167
A_z7uTTKANmKQAAAAAAAAAAAAAAQAAAQ.jpg,A_hqBxRo7pAs4AAAAAAAAAAAAAAQAAAQ.jpg,1,167,167
A_a0R0R5IAcOEAAAAAAAAAAAAAAQAAAQ.jpg,A_yuLVT43MzcgAAAAAAAAAAAAAAQAAAQ.jpg,1,167,167
A_a0R0R5IAcOEAAAAAAAAAAAAAAQAAAQ.jpg,A_AVz3Sb7iIKwAAAAAAAAAAAAAAQAAAQ.jpg,1,167,167
A_a0R0R5IAcOEAAAAAAAAAAAAAAQAAAQ.jpg,A_hqBxRo7pAs4AAAAAAAAAAAAAAQAAAQ.jpg,1,167,167
A_yuLVT43MzcgAAAAAAAAAAAAAAQAAAQ.jpg,A_AVz3Sb7iIKwAAAAAAAAAAAAAAQAAAQ.jpg,1,167,167
A_yuLVT43MzcgAAAAAAAAAAAAAAQAAAQ.jpg,A_hqBxRo7pAs4AAAAAAAAAAAAAAQAAAQ.jpg,1,167,167
A_AVz3Sb7iIKwAAAAAAAAAAAAAAQAAAQ.jpg,A_hqBxRo7pAs4AAAAAAAAAAAAAAQAAAQ.jpg,1,167,167
A_RPqaQYB6kjQAAAAAAAAAAAAAAQAAAQ.jpg,A_XiKLT6SCDZsAAAAAAAAAAAAAAQAAAQ.jpg,1,168,168
A_RPqaQYB6kjQAAAAAAAAAAAAAAQAAAQ.jpg,A_SUhQQqbmlOwAAAAAAAAAAAAAAQAAAQ.jpg,1,168,168
A_RPqaQYB6kjQAAAAAAAAAAAAAAQAAAQ.jpg,A_zR9xTI8bns0AAAAAAAAAAAAAAQAAAQ.jpg,1,168,168
A_RPqaQYB6kjQAAAAAAAAAAAAAAQAAAQ.jpg,A_z_sFRp0sqQIAAAAAAAAAAAAAAQAAAQ.jpg,1,168,168
A_RPqaQYB6kjQAAAAAAAAAAAAAAQAAAQ.jpg,A_mbl_QJe6wqwAAAAAAAAAAAAAAQAAAQ.jpg,1,168,168
A_XiKLT6SCDZsAAAAAAAAAAAAAAQAAAQ.jpg,A_SUhQQqbmlOwAAAAAAAAAAAAAAQAAAQ.jpg,1,168,168
A_XiKLT6SCDZsAAAAAAAAAAAAAAQAAAQ.jpg,A_zR9xTI8bns0AAAAAAAAAAAAAAQAAAQ.jpg,1,168,168
A_XiKLT6SCDZsAAAAAAAAAAAAAAQAAAQ.jpg,A_z_sFRp0sqQIAAAAAAAAAAAAAAQAAAQ.jpg,1,168,168
A_XiKLT6SCDZsAAAAAAAAAAAAAAQAAAQ.jpg,A_mbl_QJe6wqwAAAAAAAAAAAAAAQAAAQ.jpg,1,168,168
A_SUhQQqbmlOwAAAAAAAAAAAAAAQAAAQ.jpg,A_zR9xTI8bns0AAAAAAAAAAAAAAQAAAQ.jpg,1,168,168
A_SUhQQqbmlOwAAAAAAAAAAAAAAQAAAQ.jpg,A_z_sFRp0sqQIAAAAAAAAAAAAAAQAAAQ.jpg,1,168,168
A_SUhQQqbmlOwAAAAAAAAAAAAAAQAAAQ.jpg,A_mbl_QJe6wqwAAAAAAAAAAAAAAQAAAQ.jpg,1,168,168
A_zR9xTI8bns0AAAAAAAAAAAAAAQAAAQ.jpg,A_z_sFRp0sqQIAAAAAAAAAAAAAAQAAAQ.jpg,1,168,168
A_zR9xTI8bns0AAAAAAAAAAAAAAQAAAQ.jpg,A_mbl_QJe6wqwAAAAAAAAAAAAAAQAAAQ.jpg,1,168,168
A_z_sFRp0sqQIAAAAAAAAAAAAAAQAAAQ.jpg,A_mbl_QJe6wqwAAAAAAAAAAAAAAQAAAQ.jpg,1,168,168
A_S0zwTqouBekAAAAAAAAAAAAAAQAAAQ.jpg,A_cKh6QbFC51wAAAAAAAAAAAAAAQAAAQ.jpg,1,169,169
A_S0zwTqouBekAAAAAAAAAAAAAAQAAAQ.jpg,A_KXFaQ7PvD3gAAAAAAAAAAAAAAQAAAQ.jpg,1,169,169
A_S0zwTqouBekAAAAAAAAAAAAAAQAAAQ.jpg,A_AgMeSbS1YrMAAAAAAAAAAAAAAQAAAQ.jpg,1,169,169
A_S0zwTqouBekAAAAAAAAAAAAAAQAAAQ.jpg,A_VJVSRaHUMhcAAAAAAAAAAAAAAQAAAQ.jpg,1,169,169
A_S0zwTqouBekAAAAAAAAAAAAAAQAAAQ.jpg,A_tmV0SKPNXSUAAAAAAAAAAAAAAQAAAQ.jpg,1,169,169
A_cKh6QbFC51wAAAAAAAAAAAAAAQAAAQ.jpg,A_KXFaQ7PvD3gAAAAAAAAAAAAAAQAAAQ.jpg,1,169,169
A_cKh6QbFC51wAAAAAAAAAAAAAAQAAAQ.jpg,A_AgMeSbS1YrMAAAAAAAAAAAAAAQAAAQ.jpg,1,169,169
A_cKh6QbFC51wAAAAAAAAAAAAAAQAAAQ.jpg,A_VJVSRaHUMhcAAAAAAAAAAAAAAQAAAQ.jpg,1,169,169
A_cKh6QbFC51wAAAAAAAAAAAAAAQAAAQ.jpg,A_tmV0SKPNXSUAAAAAAAAAAAAAAQAAAQ.jpg,1,169,169
A_KXFaQ7PvD3gAAAAAAAAAAAAAAQAAAQ.jpg,A_AgMeSbS1YrMAAAAAAAAAAAAAAQAAAQ.jpg,1,169,169
A_KXFaQ7PvD3gAAAAAAAAAAAAAAQAAAQ.jpg,A_VJVSRaHUMhcAAAAAAAAAAAAAAQAAAQ.jpg,1,169,169
A_KXFaQ7PvD3gAAAAAAAAAAAAAAQAAAQ.jpg,A_tmV0SKPNXSUAAAAAAAAAAAAAAQAAAQ.jpg,1,169,169
A_AgMeSbS1YrMAAAAAAAAAAAAAAQAAAQ.jpg,A_VJVSRaHUMhcAAAAAAAAAAAAAAQAAAQ.jpg,1,169,169
A_AgMeSbS1YrMAAAAAAAAAAAAAAQAAAQ.jpg,A_tmV0SKPNXSUAAAAAAAAAAAAAAQAAAQ.jpg,1,169,169
A_VJVSRaHUMhcAAAAAAAAAAAAAAQAAAQ.jpg,A_tmV0SKPNXSUAAAAAAAAAAAAAAQAAAQ.jpg,1,169,169
A_URYeRZOpe68AAAAAAAAAAAAAAQAAAQ.jpg,A_4OwVSaVoxg4AAAAAAAAAAAAAAQAAAQ.jpg,1,170,170
A_URYeRZOpe68AAAAAAAAAAAAAAQAAAQ.jpg,A_ewXCQJhfsF0AAAAAAAAAAAAAAQAAAQ.jpg,1,170,170
A_URYeRZOpe68AAAAAAAAAAAAAAQAAAQ.jpg,A_Or1GTqTym0AAAAAAAAAAAAAAAQAAAQ.jpg,1,170,170
A_URYeRZOpe68AAAAAAAAAAAAAAQAAAQ.jpg,A_BUCBRov7kcoAAAAAAAAAAAAAAQAAAQ.jpg,1,170,170
A_URYeRZOpe68AAAAAAAAAAAAAAQAAAQ.jpg,A_r5lyTqEh9NQAAAAAAAAAAAAAAQAAAQ.jpg,1,170,170
A_4OwVSaVoxg4AAAAAAAAAAAAAAQAAAQ.jpg,A_ewXCQJhfsF0AAAAAAAAAAAAAAQAAAQ.jpg,1,170,170
A_4OwVSaVoxg4AAAAAAAAAAAAAAQAAAQ.jpg,A_Or1GTqTym0AAAAAAAAAAAAAAAQAAAQ.jpg,1,170,170
A_4OwVSaVoxg4AAAAAAAAAAAAAAQAAAQ.jpg,A_BUCBRov7kcoAAAAAAAAAAAAAAQAAAQ.jpg,1,170,170
A_4OwVSaVoxg4AAAAAAAAAAAAAAQAAAQ.jpg,A_r5lyTqEh9NQAAAAAAAAAAAAAAQAAAQ.jpg,1,170,170
A_ewXCQJhfsF0AAAAAAAAAAAAAAQAAAQ.jpg,A_Or1GTqTym0AAAAAAAAAAAAAAAQAAAQ.jpg,1,170,170
A_ewXCQJhfsF0AAAAAAAAAAAAAAQAAAQ.jpg,A_BUCBRov7kcoAAAAAAAAAAAAAAQAAAQ.jpg,1,170,170
A_ewXCQJhfsF0AAAAAAAAAAAAAAQAAAQ.jpg,A_r5lyTqEh9NQAAAAAAAAAAAAAAQAAAQ.jpg,1,170,170
A_Or1GTqTym0AAAAAAAAAAAAAAAQAAAQ.jpg,A_BUCBRov7kcoAAAAAAAAAAAAAAQAAAQ.jpg,1,170,170
A_Or1GTqTym0AAAAAAAAAAAAAAAQAAAQ.jpg,A_r5lyTqEh9NQAAAAAAAAAAAAAAQAAAQ.jpg,1,170,170
A_BUCBRov7kcoAAAAAAAAAAAAAAQAAAQ.jpg,A_r5lyTqEh9NQAAAAAAAAAAAAAAQAAAQ.jpg,1,170,170
A_s1uuSboGX58AAAAAAAAAAAAAAQAAAQ.jpg,A_pTBdRpDG19IAAAAAAAAAAAAAAQAAAQ.jpg,1,171,171
A_s1uuSboGX58AAAAAAAAAAAAAAQAAAQ.jpg,A_kLiUS4oxWiEAAAAAAAAAAAAAAQAAAQ.jpg,1,171,171
A_s1uuSboGX58AAAAAAAAAAAAAAQAAAQ.jpg,A_Li70RYXYOToAAAAAAAAAAAAAAQAAAQ.jpg,1,171,171
A_s1uuSboGX58AAAAAAAAAAAAAAQAAAQ.jpg,A_IXO-TKQX2Z0AAAAAAAAAAAAAAQAAAQ.jpg,1,171,171
A_s1uuSboGX58AAAAAAAAAAAAAAQAAAQ.jpg,A_KjDbQJVMoCMAAAAAAAAAAAAAAQAAAQ.jpg,1,171,171
A_pTBdRpDG19IAAAAAAAAAAAAAAQAAAQ.jpg,A_kLiUS4oxWiEAAAAAAAAAAAAAAQAAAQ.jpg,1,171,171
A_pTBdRpDG19IAAAAAAAAAAAAAAQAAAQ.jpg,A_Li70RYXYOToAAAAAAAAAAAAAAQAAAQ.jpg,1,171,171
A_pTBdRpDG19IAAAAAAAAAAAAAAQAAAQ.jpg,A_IXO-TKQX2Z0AAAAAAAAAAAAAAQAAAQ.jpg,1,171,171
A_pTBdRpDG19IAAAAAAAAAAAAAAQAAAQ.jpg,A_KjDbQJVMoCMAAAAAAAAAAAAAAQAAAQ.jpg,1,171,171
A_kLiUS4oxWiEAAAAAAAAAAAAAAQAAAQ.jpg,A_Li70RYXYOToAAAAAAAAAAAAAAQAAAQ.jpg,1,171,171
A_kLiUS4oxWiEAAAAAAAAAAAAAAQAAAQ.jpg,A_IXO-TKQX2Z0AAAAAAAAAAAAAAQAAAQ.jpg,1,171,171
A_kLiUS4oxWiEAAAAAAAAAAAAAAQAAAQ.jpg,A_KjDbQJVMoCMAAAAAAAAAAAAAAQAAAQ.jpg,1,171,171
A_Li70RYXYOToAAAAAAAAAAAAAAQAAAQ.jpg,A_IXO-TKQX2Z0AAAAAAAAAAAAAAQAAAQ.jpg,1,171,171
A_Li70RYXYOToAAAAAAAAAAAAAAQAAAQ.jpg,A_KjDbQJVMoCMAAAAAAAAAAAAAAQAAAQ.jpg,1,171,171
A_IXO-TKQX2Z0AAAAAAAAAAAAAAQAAAQ.jpg,A_KjDbQJVMoCMAAAAAAAAAAAAAAQAAAQ.jpg,1,171,171
A_b8rTTZnRnF8AAAAAAAAAAAAAAQAAAQ.jpg,A_dxCNSp4IGbAAAAAAAAAAAAAAAQAAAQ.jpg,1,172,172
A_b8rTTZnRnF8AAAAAAAAAAAAAAQAAAQ.jpg,A_stIeTZ6xLSQAAAAAAAAAAAAAAQAAAQ.jpg,1,172,172
A_b8rTTZnRnF8AAAAAAAAAAAAAAQAAAQ.jpg,A_pgK-T52w7eYAAAAAAAAAAAAAAQAAAQ.jpg,1,172,172
A_b8rTTZnRnF8AAAAAAAAAAAAAAQAAAQ.jpg,A_TlQXRagTGKcAAAAAAAAAAAAAAQAAAQ.jpg,1,172,172
A_b8rTTZnRnF8AAAAAAAAAAAAAAQAAAQ.jpg,A_aOn9RpOdtFIAAAAAAAAAAAAAAQAAAQ.jpg,1,172,172
A_dxCNSp4IGbAAAAAAAAAAAAAAAQAAAQ.jpg,A_stIeTZ6xLSQAAAAAAAAAAAAAAQAAAQ.jpg,1,172,172
A_dxCNSp4IGbAAAAAAAAAAAAAAAQAAAQ.jpg,A_pgK-T52w7eYAAAAAAAAAAAAAAQAAAQ.jpg,1,172,172
A_dxCNSp4IGbAAAAAAAAAAAAAAAQAAAQ.jpg,A_TlQXRagTGKcAAAAAAAAAAAAAAQAAAQ.jpg,1,172,172
A_dxCNSp4IGbAAAAAAAAAAAAAAAQAAAQ.jpg,A_aOn9RpOdtFIAAAAAAAAAAAAAAQAAAQ.jpg,1,172,172
A_stIeTZ6xLSQAAAAAAAAAAAAAAQAAAQ.jpg,A_pgK-T52w7eYAAAAAAAAAAAAAAQAAAQ.jpg,1,172,172
A_stIeTZ6xLSQAAAAAAAAAAAAAAQAAAQ.jpg,A_TlQXRagTGKcAAAAAAAAAAAAAAQAAAQ.jpg,1,172,172
A_stIeTZ6xLSQAAAAAAAAAAAAAAQAAAQ.jpg,A_aOn9RpOdtFIAAAAAAAAAAAAAAQAAAQ.jpg,1,172,172
A_pgK-T52w7eYAAAAAAAAAAAAAAQAAAQ.jpg,A_TlQXRagTGKcAAAAAAAAAAAAAAQAAAQ.jpg,1,172,172
A_pgK-T52w7eYAAAAAAAAAAAAAAQAAAQ.jpg,A_aOn9RpOdtFIAAAAAAAAAAAAAAQAAAQ.jpg,1,172,172
A_TlQXRagTGKcAAAAAAAAAAAAAAQAAAQ.jpg,A_aOn9RpOdtFIAAAAAAAAAAAAAAQAAAQ.jpg,1,172,172
A_UxuKRYc2x7YAAAAAAAAAAAAAAQAAAQ.jpg,A_RaRvSLwdvtQAAAAAAAAAAAAAAQAAAQ.jpg,1,173,173
A_UxuKRYc2x7YAAAAAAAAAAAAAAQAAAQ.jpg,A_hDlVQZkfoCwAAAAAAAAAAAAAAQAAAQ.jpg,1,173,173
A_UxuKRYc2x7YAAAAAAAAAAAAAAQAAAQ.jpg,A_g9LKSo8QMHyeCIdHtLdTyQAAAQAAAQ.jpg,1,173,173
A_UxuKRYc2x7YAAAAAAAAAAAAAAQAAAQ.jpg,A_BozJTaHtlVkAAAAAAAAAAAAAAQAAAQ.jpg,1,173,173
A_UxuKRYc2x7YAAAAAAAAAAAAAAQAAAQ.jpg,A_g9LKSo8QMHwAAAAAAAAAAAAAAQAAAQ.jpg,1,173,173
A_RaRvSLwdvtQAAAAAAAAAAAAAAQAAAQ.jpg,A_hDlVQZkfoCwAAAAAAAAAAAAAAQAAAQ.jpg,1,173,173
A_RaRvSLwdvtQAAAAAAAAAAAAAAQAAAQ.jpg,A_g9LKSo8QMHyeCIdHtLdTyQAAAQAAAQ.jpg,1,173,173
A_RaRvSLwdvtQAAAAAAAAAAAAAAQAAAQ.jpg,A_BozJTaHtlVkAAAAAAAAAAAAAAQAAAQ.jpg,1,173,173
A_RaRvSLwdvtQAAAAAAAAAAAAAAQAAAQ.jpg,A_g9LKSo8QMHwAAAAAAAAAAAAAAQAAAQ.jpg,1,173,173
A_hDlVQZkfoCwAAAAAAAAAAAAAAQAAAQ.jpg,A_g9LKSo8QMHyeCIdHtLdTyQAAAQAAAQ.jpg,1,173,173
A_hDlVQZkfoCwAAAAAAAAAAAAAAQAAAQ.jpg,A_BozJTaHtlVkAAAAAAAAAAAAAAQAAAQ.jpg,1,173,173
A_hDlVQZkfoCwAAAAAAAAAAAAAAQAAAQ.jpg,A_g9LKSo8QMHwAAAAAAAAAAAAAAQAAAQ.jpg,1,173,173
A_g9LKSo8QMHyeCIdHtLdTyQAAAQAAAQ.jpg,A_BozJTaHtlVkAAAAAAAAAAAAAAQAAAQ.jpg,1,173,173
A_g9LKSo8QMHyeCIdHtLdTyQAAAQAAAQ.jpg,A_g9LKSo8QMHwAAAAAAAAAAAAAAQAAAQ.jpg,1,173,173
A_BozJTaHtlVkAAAAAAAAAAAAAAQAAAQ.jpg,A_g9LKSo8QMHwAAAAAAAAAAAAAAQAAAQ.jpg,1,173,173
frdTcr-kQKe_ugKUa32pmwAAACMAARAD.jpg,a_y5GjiXSBqOEP8KG75kswAAACMAARED.jpg,1,174,174
frdTcr-kQKe_ugKUa32pmwAAACMAARAD.jpg,95yWrxU0SHOjvzfmAl1GjwAAACMAARAD.jpg,1,174,174
frdTcr-kQKe_ugKUa32pmwAAACMAARAD.jpg,uxwfx91iR5GKZanJd9Z42wAAACMAARAD.jpg,1,174,174
frdTcr-kQKe_ugKUa32pmwAAACMAARAD.jpg,s-goRr4zRqihodt8c49wvwAAACMAARAD.jpg,1,174,174
frdTcr-kQKe_ugKUa32pmwAAACMAARAD.jpg,9EtIyANfQc61eEfskXaVGQAAACMAARED.jpg,1,174,174
a_y5GjiXSBqOEP8KG75kswAAACMAARED.jpg,95yWrxU0SHOjvzfmAl1GjwAAACMAARAD.jpg,1,174,174
a_y5GjiXSBqOEP8KG75kswAAACMAARED.jpg,uxwfx91iR5GKZanJd9Z42wAAACMAARAD.jpg,1,174,174
a_y5GjiXSBqOEP8KG75kswAAACMAARED.jpg,s-goRr4zRqihodt8c49wvwAAACMAARAD.jpg,1,174,174
a_y5GjiXSBqOEP8KG75kswAAACMAARED.jpg,9EtIyANfQc61eEfskXaVGQAAACMAARED.jpg,1,174,174
95yWrxU0SHOjvzfmAl1GjwAAACMAARAD.jpg,uxwfx91iR5GKZanJd9Z42wAAACMAARAD.jpg,1,174,174
95yWrxU0SHOjvzfmAl1GjwAAACMAARAD.jpg,s-goRr4zRqihodt8c49wvwAAACMAARAD.jpg,1,174,174
95yWrxU0SHOjvzfmAl1GjwAAACMAARAD.jpg,9EtIyANfQc61eEfskXaVGQAAACMAARED.jpg,1,174,174
uxwfx91iR5GKZanJd9Z42wAAACMAARAD.jpg,s-goRr4zRqihodt8c49wvwAAACMAARAD.jpg,1,174,174
uxwfx91iR5GKZanJd9Z42wAAACMAARAD.jpg,9EtIyANfQc61eEfskXaVGQAAACMAARED.jpg,1,174,174
s-goRr4zRqihodt8c49wvwAAACMAARAD.jpg,9EtIyANfQc61eEfskXaVGQAAACMAARED.jpg,1,174,174
A_rZL0S6dvFYvlzupIll1R-AAAAQAAAQ.jpg,A_rZL0S6dvFYsAAAAAAAAAAAAAAQAAAQ.jpg,1,175,175
A_rZL0S6dvFYvlzupIll1R-AAAAQAAAQ.jpg,A_jB9eRYoChjwAAAAAAAAAAAAAAQAAAQ.jpg,1,175,175
A_rZL0S6dvFYvlzupIll1R-AAAAQAAAQ.jpg,A_92a6Tq_Mr68AAAAAAAAAAAAAAQAAAQ.jpg,1,175,175
A_rZL0S6dvFYvlzupIll1R-AAAAQAAAQ.jpg,A_0aCUSY5NN4IAAAAAAAAAAAAAAQAAAQ.jpg,1,175,175
A_rZL0S6dvFYvlzupIll1R-AAAAQAAAQ.jpg,A_AAb-SaRo2rwAAAAAAAAAAAAAAQAAAQ.jpg,1,175,175
A_rZL0S6dvFYsAAAAAAAAAAAAAAQAAAQ.jpg,A_jB9eRYoChjwAAAAAAAAAAAAAAQAAAQ.jpg,1,175,175
A_rZL0S6dvFYsAAAAAAAAAAAAAAQAAAQ.jpg,A_92a6Tq_Mr68AAAAAAAAAAAAAAQAAAQ.jpg,1,175,175
A_rZL0S6dvFYsAAAAAAAAAAAAAAQAAAQ.jpg,A_0aCUSY5NN4IAAAAAAAAAAAAAAQAAAQ.jpg,1,175,175
A_rZL0S6dvFYsAAAAAAAAAAAAAAQAAAQ.jpg,A_AAb-SaRo2rwAAAAAAAAAAAAAAQAAAQ.jpg,1,175,175
A_jB9eRYoChjwAAAAAAAAAAAAAAQAAAQ.jpg,A_92a6Tq_Mr68AAAAAAAAAAAAAAQAAAQ.jpg,1,175,175
A_jB9eRYoChjwAAAAAAAAAAAAAAQAAAQ.jpg,A_0aCUSY5NN4IAAAAAAAAAAAAAAQAAAQ.jpg,1,175,175
A_jB9eRYoChjwAAAAAAAAAAAAAAQAAAQ.jpg,A_AAb-SaRo2rwAAAAAAAAAAAAAAQAAAQ.jpg,1,175,175
A_92a6Tq_Mr68AAAAAAAAAAAAAAQAAAQ.jpg,A_0aCUSY5NN4IAAAAAAAAAAAAAAQAAAQ.jpg,1,175,175
A_92a6Tq_Mr68AAAAAAAAAAAAAAQAAAQ.jpg,A_AAb-SaRo2rwAAAAAAAAAAAAAAQAAAQ.jpg,1,175,175
A_0aCUSY5NN4IAAAAAAAAAAAAAAQAAAQ.jpg,A_AAb-SaRo2rwAAAAAAAAAAAAAAQAAAQ.jpg,1,175,175
A_s3yWQZRsWqMAAAAAAAAAAAAAAQAAAQ.jpg,A_KxBVRZ_49dEAAAAAAAAAAAAAAQAAAQ.jpg,1,176,176
A_s3yWQZRsWqMAAAAAAAAAAAAAAQAAAQ.jpg,A_Oj4CRqQrUiU9b2pImURI-AAAAQAAAQ.jpg,1,176,176
A_s3yWQZRsWqMAAAAAAAAAAAAAAQAAAQ.jpg,A_Oj4CRqQrUiUAAAAAAAAAAAAAAQAAAQ.jpg,1,176,176
A_s3yWQZRsWqMAAAAAAAAAAAAAAQAAAQ.jpg,A_5z1SRIthrRMAAAAAAAAAAAAAAQAAAQ.jpg,1,176,176
A_s3yWQZRsWqMAAAAAAAAAAAAAAQAAAQ.jpg,A_o8ipRYjXiXQAAAAAAAAAAAAAAQAAAQ.jpg,1,176,176
A_KxBVRZ_49dEAAAAAAAAAAAAAAQAAAQ.jpg,A_Oj4CRqQrUiU9b2pImURI-AAAAQAAAQ.jpg,1,176,176
A_KxBVRZ_49dEAAAAAAAAAAAAAAQAAAQ.jpg,A_Oj4CRqQrUiUAAAAAAAAAAAAAAQAAAQ.jpg,1,176,176
A_KxBVRZ_49dEAAAAAAAAAAAAAAQAAAQ.jpg,A_5z1SRIthrRMAAAAAAAAAAAAAAQAAAQ.jpg,1,176,176
A_KxBVRZ_49dEAAAAAAAAAAAAAAQAAAQ.jpg,A_o8ipRYjXiXQAAAAAAAAAAAAAAQAAAQ.jpg,1,176,176
A_Oj4CRqQrUiU9b2pImURI-AAAAQAAAQ.jpg,A_Oj4CRqQrUiUAAAAAAAAAAAAAAQAAAQ.jpg,1,176,176
A_Oj4CRqQrUiU9b2pImURI-AAAAQAAAQ.jpg,A_5z1SRIthrRMAAAAAAAAAAAAAAQAAAQ.jpg,1,176,176
A_Oj4CRqQrUiU9b2pImURI-AAAAQAAAQ.jpg,A_o8ipRYjXiXQAAAAAAAAAAAAAAQAAAQ.jpg,1,176,176
A_Oj4CRqQrUiUAAAAAAAAAAAAAAQAAAQ.jpg,A_5z1SRIthrRMAAAAAAAAAAAAAAQAAAQ.jpg,1,176,176
A_Oj4CRqQrUiUAAAAAAAAAAAAAAQAAAQ.jpg,A_o8ipRYjXiXQAAAAAAAAAAAAAAQAAAQ.jpg,1,176,176
A_5z1SRIthrRMAAAAAAAAAAAAAAQAAAQ.jpg,A_o8ipRYjXiXQAAAAAAAAAAAAAAQAAAQ.jpg,1,176,176
8bqSm5suQB-TkC66R2F-lgAAACMAARAD.jpg,Ej2g9nnhTLyYvf0RFPPZMgAAACMAARAD.jpg,1,177,177
8bqSm5suQB-TkC66R2F-lgAAACMAARAD.jpg,ZAn-g8hsST-RLZKUI_1_YgAAACMAARAD.jpg,1,177,177
8bqSm5suQB-TkC66R2F-lgAAACMAARAD.jpg,gioGl7mwSCab39gMX8ARnAAAACMAARAD.jpg,1,177,177
8bqSm5suQB-TkC66R2F-lgAAACMAARAD.jpg,omt8M0kmRMSuRUW91x_fLgAAACMAARAD.jpg,1,177,177
8bqSm5suQB-TkC66R2F-lgAAACMAARAD.jpg,1u5RC96DSSGhP-caETvXfQAAACMAARAD.jpg,1,177,177
Ej2g9nnhTLyYvf0RFPPZMgAAACMAARAD.jpg,ZAn-g8hsST-RLZKUI_1_YgAAACMAARAD.jpg,1,177,177
Ej2g9nnhTLyYvf0RFPPZMgAAACMAARAD.jpg,gioGl7mwSCab39gMX8ARnAAAACMAARAD.jpg,1,177,177
Ej2g9nnhTLyYvf0RFPPZMgAAACMAARAD.jpg,omt8M0kmRMSuRUW91x_fLgAAACMAARAD.jpg,1,177,177
Ej2g9nnhTLyYvf0RFPPZMgAAACMAARAD.jpg,1u5RC96DSSGhP-caETvXfQAAACMAARAD.jpg,1,177,177
ZAn-g8hsST-RLZKUI_1_YgAAACMAARAD.jpg,gioGl7mwSCab39gMX8ARnAAAACMAARAD.jpg,1,177,177
ZAn-g8hsST-RLZKUI_1_YgAAACMAARAD.jpg,omt8M0kmRMSuRUW91x_fLgAAACMAARAD.jpg,1,177,177
ZAn-g8hsST-RLZKUI_1_YgAAACMAARAD.jpg,1u5RC96DSSGhP-caETvXfQAAACMAARAD.jpg,1,177,177
gioGl7mwSCab39gMX8ARnAAAACMAARAD.jpg,omt8M0kmRMSuRUW91x_fLgAAACMAARAD.jpg,1,177,177
gioGl7mwSCab39gMX8ARnAAAACMAARAD.jpg,1u5RC96DSSGhP-caETvXfQAAACMAARAD.jpg,1,177,177
omt8M0kmRMSuRUW91x_fLgAAACMAARAD.jpg,1u5RC96DSSGhP-caETvXfQAAACMAARAD.jpg,1,177,177
A_JFf0QpMDxLUAAAAAAAAAAAAAAQAAAQ.jpg,A_AoHdR7FLKwgAAAAAAAAAAAAAAQAAAQ.jpg,1,178,178
A_JFf0QpMDxLUAAAAAAAAAAAAAAQAAAQ.jpg,A_XkL2TbqrMEwAAAAAAAAAAAAAAQAAAQ.jpg,1,178,178
A_JFf0QpMDxLUAAAAAAAAAAAAAAQAAAQ.jpg,A_FVWOQa45oeMAAAAAAAAAAAAAAQAAAQ.jpg,1,178,178
A_JFf0QpMDxLUAAAAAAAAAAAAAAQAAAQ.jpg,A_uY8RT48iBmoAAAAAAAAAAAAAAQAAAQ.jpg,1,178,178
A_JFf0QpMDxLUAAAAAAAAAAAAAAQAAAQ.jpg,A_BP63Qp6wXyUAAAAAAAAAAAAAAQAAAQ.jpg,1,178,178
A_AoHdR7FLKwgAAAAAAAAAAAAAAQAAAQ.jpg,A_XkL2TbqrMEwAAAAAAAAAAAAAAQAAAQ.jpg,1,178,178
A_AoHdR7FLKwgAAAAAAAAAAAAAAQAAAQ.jpg,A_FVWOQa45oeMAAAAAAAAAAAAAAQAAAQ.jpg,1,178,178
A_AoHdR7FLKwgAAAAAAAAAAAAAAQAAAQ.jpg,A_uY8RT48iBmoAAAAAAAAAAAAAAQAAAQ.jpg,1,178,178
A_AoHdR7FLKwgAAAAAAAAAAAAAAQAAAQ.jpg,A_BP63Qp6wXyUAAAAAAAAAAAAAAQAAAQ.jpg,1,178,178
A_XkL2TbqrMEwAAAAAAAAAAAAAAQAAAQ.jpg,A_FVWOQa45oeMAAAAAAAAAAAAAAQAAAQ.jpg,1,178,178
A_XkL2TbqrMEwAAAAAAAAAAAAAAQAAAQ.jpg,A_uY8RT48iBmoAAAAAAAAAAAAAAQAAAQ.jpg,1,178,178
A_XkL2TbqrMEwAAAAAAAAAAAAAAQAAAQ.jpg,A_BP63Qp6wXyUAAAAAAAAAAAAAAQAAAQ.jpg,1,178,178
A_FVWOQa45oeMAAAAAAAAAAAAAAQAAAQ.jpg,A_uY8RT48iBmoAAAAAAAAAAAAAAQAAAQ.jpg,1,178,178
A_FVWOQa45oeMAAAAAAAAAAAAAAQAAAQ.jpg,A_BP63Qp6wXyUAAAAAAAAAAAAAAQAAAQ.jpg,1,178,178
A_uY8RT48iBmoAAAAAAAAAAAAAAQAAAQ.jpg,A_BP63Qp6wXyUAAAAAAAAAAAAAAQAAAQ.jpg,1,178,178
A_sjosRJ0wPVkAAAAAAAAAAAAAAQAAAQ.jpg,A_ItmHSrXG59IAAAAAAAAAAAAAAQAAAQ.jpg,1,179,179
A_sjosRJ0wPVkAAAAAAAAAAAAAAQAAAQ.jpg,A_HII8R5WzRQ4AAAAAAAAAAAAAAQAAAQ.jpg,1,179,179
A_sjosRJ0wPVkAAAAAAAAAAAAAAQAAAQ.jpg,A_uSLAQKtJDr4AAAAAAAAAAAAAAQAAAQ.jpg,1,179,179
A_sjosRJ0wPVkAAAAAAAAAAAAAAQAAAQ.jpg,A_Q6HgTaP6E2QAAAAAAAAAAAAAAQAAAQ.jpg,1,179,179
A_sjosRJ0wPVkAAAAAAAAAAAAAAQAAAQ.jpg,A_89xmRqt7JDgAAAAAAAAAAAAAAQAAAQ.jpg,1,179,179
A_ItmHSrXG59IAAAAAAAAAAAAAAQAAAQ.jpg,A_HII8R5WzRQ4AAAAAAAAAAAAAAQAAAQ.jpg,1,179,179
A_ItmHSrXG59IAAAAAAAAAAAAAAQAAAQ.jpg,A_uSLAQKtJDr4AAAAAAAAAAAAAAQAAAQ.jpg,1,179,179
A_ItmHSrXG59IAAAAAAAAAAAAAAQAAAQ.jpg,A_Q6HgTaP6E2QAAAAAAAAAAAAAAQAAAQ.jpg,1,179,179
A_ItmHSrXG59IAAAAAAAAAAAAAAQAAAQ.jpg,A_89xmRqt7JDgAAAAAAAAAAAAAAQAAAQ.jpg,1,179,179
A_HII8R5WzRQ4AAAAAAAAAAAAAAQAAAQ.jpg,A_uSLAQKtJDr4AAAAAAAAAAAAAAQAAAQ.jpg,1,179,179
A_HII8R5WzRQ4AAAAAAAAAAAAAAQAAAQ.jpg,A_Q6HgTaP6E2QAAAAAAAAAAAAAAQAAAQ.jpg,1,179,179
A_HII8R5WzRQ4AAAAAAAAAAAAAAQAAAQ.jpg,A_89xmRqt7JDgAAAAAAAAAAAAAAQAAAQ.jpg,1,179,179
A_uSLAQKtJDr4AAAAAAAAAAAAAAQAAAQ.jpg,A_Q6HgTaP6E2QAAAAAAAAAAAAAAQAAAQ.jpg,1,179,179
A_uSLAQKtJDr4AAAAAAAAAAAAAAQAAAQ.jpg,A_89xmRqt7JDgAAAAAAAAAAAAAAQAAAQ.jpg,1,179,179
A_Q6HgTaP6E2QAAAAAAAAAAAAAAQAAAQ.jpg,A_89xmRqt7JDgAAAAAAAAAAAAAAQAAAQ.jpg,1,179,179
A_BvagTqt2xW0AAAAAAAAAAAAAAQAAAQ.jpg,A_CMb2RJx-GToAAAAAAAAAAAAAAQAAAQ.jpg,1,180,180
A_BvagTqt2xW0AAAAAAAAAAAAAAQAAAQ.jpg,A_mELMSZX6_9YAAAAAAAAAAAAAAQAAAQ.jpg,1,180,180
A_BvagTqt2xW0AAAAAAAAAAAAAAQAAAQ.jpg,A_4UKXTpg0lCgAAAAAAAAAAAAAAQAAAQ.jpg,1,180,180
A_BvagTqt2xW0AAAAAAAAAAAAAAQAAAQ.jpg,A_FdfjQKuVE-EAAAAAAAAAAAAAAQAAAQ.jpg,1,180,180
A_BvagTqt2xW0AAAAAAAAAAAAAAQAAAQ.jpg,A_miO8RI_sLsIAAAAAAAAAAAAAAQAAAQ.jpg,1,180,180
A_CMb2RJx-GToAAAAAAAAAAAAAAQAAAQ.jpg,A_mELMSZX6_9YAAAAAAAAAAAAAAQAAAQ.jpg,1,180,180
A_CMb2RJx-GToAAAAAAAAAAAAAAQAAAQ.jpg,A_4UKXTpg0lCgAAAAAAAAAAAAAAQAAAQ.jpg,1,180,180
A_CMb2RJx-GToAAAAAAAAAAAAAAQAAAQ.jpg,A_FdfjQKuVE-EAAAAAAAAAAAAAAQAAAQ.jpg,1,180,180
A_CMb2RJx-GToAAAAAAAAAAAAAAQAAAQ.jpg,A_miO8RI_sLsIAAAAAAAAAAAAAAQAAAQ.jpg,1,180,180
A_mELMSZX6_9YAAAAAAAAAAAAAAQAAAQ.jpg,A_4UKXTpg0lCgAAAAAAAAAAAAAAQAAAQ.jpg,1,180,180
A_mELMSZX6_9YAAAAAAAAAAAAAAQAAAQ.jpg,A_FdfjQKuVE-EAAAAAAAAAAAAAAQAAAQ.jpg,1,180,180
A_mELMSZX6_9YAAAAAAAAAAAAAAQAAAQ.jpg,A_miO8RI_sLsIAAAAAAAAAAAAAAQAAAQ.jpg,1,180,180
A_4UKXTpg0lCgAAAAAAAAAAAAAAQAAAQ.jpg,A_FdfjQKuVE-EAAAAAAAAAAAAAAQAAAQ.jpg,1,180,180
A_4UKXTpg0lCgAAAAAAAAAAAAAAQAAAQ.jpg,A_miO8RI_sLsIAAAAAAAAAAAAAAQAAAQ.jpg,1,180,180
A_FdfjQKuVE-EAAAAAAAAAAAAAAQAAAQ.jpg,A_miO8RI_sLsIAAAAAAAAAAAAAAQAAAQ.jpg,1,180,180
A_h0UnRoWDbBQAAAAAAAAAAAAAAQAAAQ.jpg,A_2SYrSID-5CkAAAAAAAAAAAAAAQAAAQ.jpg,1,181,181
A_h0UnRoWDbBQAAAAAAAAAAAAAAQAAAQ.jpg,A_YaJOSrbcB5YAAAAAAAAAAAAAAQAAAQ.jpg,1,181,181
A_h0UnRoWDbBQAAAAAAAAAAAAAAQAAAQ.jpg,A_Mr_oTZ8LdmUAAAAAAAAAAAAAAQAAAQ.jpg,1,181,181
A_h0UnRoWDbBQAAAAAAAAAAAAAAQAAAQ.jpg,A_MOgETIoFAqQAAAAAAAAAAAAAAQAAAQ.jpg,1,181,181
A_h0UnRoWDbBQAAAAAAAAAAAAAAQAAAQ.jpg,A_K-1tRZOChRUAAAAAAAAAAAAAAQAAAQ.jpg,1,181,181
A_2SYrSID-5CkAAAAAAAAAAAAAAQAAAQ.jpg,A_YaJOSrbcB5YAAAAAAAAAAAAAAQAAAQ.jpg,1,181,181
A_2SYrSID-5CkAAAAAAAAAAAAAAQAAAQ.jpg,A_Mr_oTZ8LdmUAAAAAAAAAAAAAAQAAAQ.jpg,1,181,181
A_2SYrSID-5CkAAAAAAAAAAAAAAQAAAQ.jpg,A_MOgETIoFAqQAAAAAAAAAAAAAAQAAAQ.jpg,1,181,181
A_2SYrSID-5CkAAAAAAAAAAAAAAQAAAQ.jpg,A_K-1tRZOChRUAAAAAAAAAAAAAAQAAAQ.jpg,1,181,181
A_YaJOSrbcB5YAAAAAAAAAAAAAAQAAAQ.jpg,A_Mr_oTZ8LdmUAAAAAAAAAAAAAAQAAAQ.jpg,1,181,181
A_YaJOSrbcB5YAAAAAAAAAAAAAAQAAAQ.jpg,A_MOgETIoFAqQAAAAAAAAAAAAAAQAAAQ.jpg,1,181,181
A_YaJOSrbcB5YAAAAAAAAAAAAAAQAAAQ.jpg,A_K-1tRZOChRUAAAAAAAAAAAAAAQAAAQ.jpg,1,181,181
A_Mr_oTZ8LdmUAAAAAAAAAAAAAAQAAAQ.jpg,A_MOgETIoFAqQAAAAAAAAAAAAAAQAAAQ.jpg,1,181,181
A_Mr_oTZ8LdmUAAAAAAAAAAAAAAQAAAQ.jpg,A_K-1tRZOChRUAAAAAAAAAAAAAAQAAAQ.jpg,1,181,181
A_MOgETIoFAqQAAAAAAAAAAAAAAQAAAQ.jpg,A_K-1tRZOChRUAAAAAAAAAAAAAAQAAAQ.jpg,1,181,181
A_gBKETKn8DvwAAAAAAAAAAAAAAQAAAQ.jpg,A_m2BwRaFdErIAAAAAAAAAAAAAAQAAAQ.jpg,1,182,182
A_gBKETKn8DvwAAAAAAAAAAAAAAQAAAQ.jpg,A_Fz8gR48e7YwAAAAAAAAAAAAAAQAAAQ.jpg,1,182,182
A_gBKETKn8DvwAAAAAAAAAAAAAAQAAAQ.jpg,A_l8urSJ3Y_ZMAAAAAAAAAAAAAAQAAAQ.jpg,1,182,182
A_gBKETKn8DvwAAAAAAAAAAAAAAQAAAQ.jpg,A_2JASQbN8i68AAAAAAAAAAAAAAQAAAQ.jpg,1,182,182
A_gBKETKn8DvwAAAAAAAAAAAAAAQAAAQ.jpg,A_0ZBaRKtusuAAAAAAAAAAAAAAAQAAAQ.jpg,1,182,182
A_m2BwRaFdErIAAAAAAAAAAAAAAQAAAQ.jpg,A_Fz8gR48e7YwAAAAAAAAAAAAAAQAAAQ.jpg,1,182,182
A_m2BwRaFdErIAAAAAAAAAAAAAAQAAAQ.jpg,A_l8urSJ3Y_ZMAAAAAAAAAAAAAAQAAAQ.jpg,1,182,182
A_m2BwRaFdErIAAAAAAAAAAAAAAQAAAQ.jpg,A_2JASQbN8i68AAAAAAAAAAAAAAQAAAQ.jpg,1,182,182
A_m2BwRaFdErIAAAAAAAAAAAAAAQAAAQ.jpg,A_0ZBaRKtusuAAAAAAAAAAAAAAAQAAAQ.jpg,1,182,182
A_Fz8gR48e7YwAAAAAAAAAAAAAAQAAAQ.jpg,A_l8urSJ3Y_ZMAAAAAAAAAAAAAAQAAAQ.jpg,1,182,182
A_Fz8gR48e7YwAAAAAAAAAAAAAAQAAAQ.jpg,A_2JASQbN8i68AAAAAAAAAAAAAAQAAAQ.jpg,1,182,182
A_Fz8gR48e7YwAAAAAAAAAAAAAAQAAAQ.jpg,A_0ZBaRKtusuAAAAAAAAAAAAAAAQAAAQ.jpg,1,182,182
A_l8urSJ3Y_ZMAAAAAAAAAAAAAAQAAAQ.jpg,A_2JASQbN8i68AAAAAAAAAAAAAAQAAAQ.jpg,1,182,182
A_l8urSJ3Y_ZMAAAAAAAAAAAAAAQAAAQ.jpg,A_0ZBaRKtusuAAAAAAAAAAAAAAAQAAAQ.jpg,1,182,182
A_2JASQbN8i68AAAAAAAAAAAAAAQAAAQ.jpg,A_0ZBaRKtusuAAAAAAAAAAAAAAAQAAAQ.jpg,1,182,182
A_hB7UQZ1wHGQAAAAAAAAAAAAAAQAAAQ.jpg,A_LC73QKKHtxsAAAAAAAAAAAAAAQAAAQ.jpg,1,183,183
A_hB7UQZ1wHGQAAAAAAAAAAAAAAQAAAQ.jpg,A_T_ZjQpBDIJEAAAAAAAAAAAAAAQAAAQ.jpg,1,183,183
A_hB7UQZ1wHGQAAAAAAAAAAAAAAQAAAQ.jpg,A_zRxmTpGb1kMAAAAAAAAAAAAAAQAAAQ.jpg,1,183,183
A_hB7UQZ1wHGQAAAAAAAAAAAAAAQAAAQ.jpg,A_k4waQ5pENTsAAAAAAAAAAAAAAQAAAQ.jpg,1,183,183
A_hB7UQZ1wHGQAAAAAAAAAAAAAAQAAAQ.jpg,A_dZG9Q4576q8AAAAAAAAAAAAAAQAAAQ.jpg,1,183,183
A_LC73QKKHtxsAAAAAAAAAAAAAAQAAAQ.jpg,A_T_ZjQpBDIJEAAAAAAAAAAAAAAQAAAQ.jpg,1,183,183
A_LC73QKKHtxsAAAAAAAAAAAAAAQAAAQ.jpg,A_zRxmTpGb1kMAAAAAAAAAAAAAAQAAAQ.jpg,1,183,183
A_LC73QKKHtxsAAAAAAAAAAAAAAQAAAQ.jpg,A_k4waQ5pENTsAAAAAAAAAAAAAAQAAAQ.jpg,1,183,183
A_LC73QKKHtxsAAAAAAAAAAAAAAQAAAQ.jpg,A_dZG9Q4576q8AAAAAAAAAAAAAAQAAAQ.jpg,1,183,183
A_T_ZjQpBDIJEAAAAAAAAAAAAAAQAAAQ.jpg,A_zRxmTpGb1kMAAAAAAAAAAAAAAQAAAQ.jpg,1,183,183
A_T_ZjQpBDIJEAAAAAAAAAAAAAAQAAAQ.jpg,A_k4waQ5pENTsAAAAAAAAAAAAAAQAAAQ.jpg,1,183,183
A_T_ZjQpBDIJEAAAAAAAAAAAAAAQAAAQ.jpg,A_dZG9Q4576q8AAAAAAAAAAAAAAQAAAQ.jpg,1,183,183
A_zRxmTpGb1kMAAAAAAAAAAAAAAQAAAQ.jpg,A_k4waQ5pENTsAAAAAAAAAAAAAAQAAAQ.jpg,1,183,183
A_zRxmTpGb1kMAAAAAAAAAAAAAAQAAAQ.jpg,A_dZG9Q4576q8AAAAAAAAAAAAAAQAAAQ.jpg,1,183,183
A_k4waQ5pENTsAAAAAAAAAAAAAAQAAAQ.jpg,A_dZG9Q4576q8AAAAAAAAAAAAAAQAAAQ.jpg,1,183,183
A_03AFSaoCIYMAAAAAAAAAAAAAAQAAAQ.jpg,A_bRcAQpqLS8kAAAAAAAAAAAAAAQAAAQ.jpg,1,184,184
A_03AFSaoCIYMAAAAAAAAAAAAAAQAAAQ.jpg,A__cLMQbU4SS0AAAAAAAAAAAAAAQAAAQ.jpg,1,184,184
A_03AFSaoCIYMAAAAAAAAAAAAAAQAAAQ.jpg,A_95Z4QIMBISQAAAAAAAAAAAAAAQAAAQ.jpg,1,184,184
A_03AFSaoCIYMAAAAAAAAAAAAAAQAAAQ.jpg,A_g-92SYG_mcMAAAAAAAAAAAAAAQAAAQ.jpg,1,184,184
A_03AFSaoCIYMAAAAAAAAAAAAAAQAAAQ.jpg,A_oZO5TK174JsAAAAAAAAAAAAAAQAAAQ.jpg,1,184,184
A_bRcAQpqLS8kAAAAAAAAAAAAAAQAAAQ.jpg,A__cLMQbU4SS0AAAAAAAAAAAAAAQAAAQ.jpg,1,184,184
A_bRcAQpqLS8kAAAAAAAAAAAAAAQAAAQ.jpg,A_95Z4QIMBISQAAAAAAAAAAAAAAQAAAQ.jpg,1,184,184
A_bRcAQpqLS8kAAAAAAAAAAAAAAQAAAQ.jpg,A_g-92SYG_mcMAAAAAAAAAAAAAAQAAAQ.jpg,1,184,184
A_bRcAQpqLS8kAAAAAAAAAAAAAAQAAAQ.jpg,A_oZO5TK174JsAAAAAAAAAAAAAAQAAAQ.jpg,1,184,184
A__cLMQbU4SS0AAAAAAAAAAAAAAQAAAQ.jpg,A_95Z4QIMBISQAAAAAAAAAAAAAAQAAAQ.jpg,1,184,184
A__cLMQbU4SS0AAAAAAAAAAAAAAQAAAQ.jpg,A_g-92SYG_mcMAAAAAAAAAAAAAAQAAAQ.jpg,1,184,184
A__cLMQbU4SS0AAAAAAAAAAAAAAQAAAQ.jpg,A_oZO5TK174JsAAAAAAAAAAAAAAQAAAQ.jpg,1,184,184
A_95Z4QIMBISQAAAAAAAAAAAAAAQAAAQ.jpg,A_g-92SYG_mcMAAAAAAAAAAAAAAQAAAQ.jpg,1,184,184
A_95Z4QIMBISQAAAAAAAAAAAAAAQAAAQ.jpg,A_oZO5TK174JsAAAAAAAAAAAAAAQAAAQ.jpg,1,184,184
A_g-92SYG_mcMAAAAAAAAAAAAAAQAAAQ.jpg,A_oZO5TK174JsAAAAAAAAAAAAAAQAAAQ.jpg,1,184,184
A_mFe3QKV54XcAAAAAAAAAAAAAAQAAAQ.jpg,A_LaJXSLgvcWABL0VDvY1hqgAAAQAAAQ.jpg,1,185,185
A_mFe3QKV54XcAAAAAAAAAAAAAAQAAAQ.jpg,A_LaJXSLgvcWAAAAAAAAAAAAAAAQAAAQ.jpg,1,185,185
A_mFe3QKV54XcAAAAAAAAAAAAAAQAAAQ.jpg,A_uo1iTaASRHgAAAAAAAAAAAAAAQAAAQ.jpg,1,185,185
A_mFe3QKV54XcAAAAAAAAAAAAAAQAAAQ.jpg,A_guRwTo_PyEAAAAAAAAAAAAAAAQAAAQ.jpg,1,185,185
A_mFe3QKV54XcAAAAAAAAAAAAAAQAAAQ.jpg,A_j8CBQYr_ECQAAAAAAAAAAAAAAQAAAQ.jpg,1,185,185
A_LaJXSLgvcWABL0VDvY1hqgAAAQAAAQ.jpg,A_LaJXSLgvcWAAAAAAAAAAAAAAAQAAAQ.jpg,1,185,185
A_LaJXSLgvcWABL0VDvY1hqgAAAQAAAQ.jpg,A_uo1iTaASRHgAAAAAAAAAAAAAAQAAAQ.jpg,1,185,185
A_LaJXSLgvcWABL0VDvY1hqgAAAQAAAQ.jpg,A_guRwTo_PyEAAAAAAAAAAAAAAAQAAAQ.jpg,1,185,185
A_LaJXSLgvcWABL0VDvY1hqgAAAQAAAQ.jpg,A_j8CBQYr_ECQAAAAAAAAAAAAAAQAAAQ.jpg,1,185,185
A_LaJXSLgvcWAAAAAAAAAAAAAAAQAAAQ.jpg,A_uo1iTaASRHgAAAAAAAAAAAAAAQAAAQ.jpg,1,185,185
A_LaJXSLgvcWAAAAAAAAAAAAAAAQAAAQ.jpg,A_guRwTo_PyEAAAAAAAAAAAAAAAQAAAQ.jpg,1,185,185
A_LaJXSLgvcWAAAAAAAAAAAAAAAQAAAQ.jpg,A_j8CBQYr_ECQAAAAAAAAAAAAAAQAAAQ.jpg,1,185,185
A_uo1iTaASRHgAAAAAAAAAAAAAAQAAAQ.jpg,A_guRwTo_PyEAAAAAAAAAAAAAAAQAAAQ.jpg,1,185,185
A_uo1iTaASRHgAAAAAAAAAAAAAAQAAAQ.jpg,A_j8CBQYr_ECQAAAAAAAAAAAAAAQAAAQ.jpg,1,185,185
A_guRwTo_PyEAAAAAAAAAAAAAAAQAAAQ.jpg,A_j8CBQYr_ECQAAAAAAAAAAAAAAQAAAQ.jpg,1,185,185
NpL0Hs0eTzGvq6-Kp2J-RwAAACMAARAD.jpg,BnMTwNDZTDic7PE_4wP9cwAAACMAARAD.jpg,1,186,186
NpL0Hs0eTzGvq6-Kp2J-RwAAACMAARAD.jpg,wIszWZIYQC224vOq0XhO2gAAACMAARAD.jpg,1,186,186
NpL0Hs0eTzGvq6-Kp2J-RwAAACMAARAD.jpg,Kaf40bOpT5G9tQ2a92m9aQAAACMAARAD.jpg,1,186,186
NpL0Hs0eTzGvq6-Kp2J-RwAAACMAARAD.jpg,4mdzWDyRQ82GuQWRmzSQBQAAACMAARAD.jpg,1,186,186
NpL0Hs0eTzGvq6-Kp2J-RwAAACMAARAD.jpg,5-dDbF_HS_O0O2_34lIV9AAAACMAARAD.jpg,1,186,186
BnMTwNDZTDic7PE_4wP9cwAAACMAARAD.jpg,wIszWZIYQC224vOq0XhO2gAAACMAARAD.jpg,1,186,186
BnMTwNDZTDic7PE_4wP9cwAAACMAARAD.jpg,Kaf40bOpT5G9tQ2a92m9aQAAACMAARAD.jpg,1,186,186
BnMTwNDZTDic7PE_4wP9cwAAACMAARAD.jpg,4mdzWDyRQ82GuQWRmzSQBQAAACMAARAD.jpg,1,186,186
BnMTwNDZTDic7PE_4wP9cwAAACMAARAD.jpg,5-dDbF_HS_O0O2_34lIV9AAAACMAARAD.jpg,1,186,186
wIszWZIYQC224vOq0XhO2gAAACMAARAD.jpg,Kaf40bOpT5G9tQ2a92m9aQAAACMAARAD.jpg,1,186,186
wIszWZIYQC224vOq0XhO2gAAACMAARAD.jpg,4mdzWDyRQ82GuQWRmzSQBQAAACMAARAD.jpg,1,186,186
wIszWZIYQC224vOq0XhO2gAAACMAARAD.jpg,5-dDbF_HS_O0O2_34lIV9AAAACMAARAD.jpg,1,186,186
Kaf40bOpT5G9tQ2a92m9aQAAACMAARAD.jpg,4mdzWDyRQ82GuQWRmzSQBQAAACMAARAD.jpg,1,186,186
Kaf40bOpT5G9tQ2a92m9aQAAACMAARAD.jpg,5-dDbF_HS_O0O2_34lIV9AAAACMAARAD.jpg,1,186,186
4mdzWDyRQ82GuQWRmzSQBQAAACMAARAD.jpg,5-dDbF_HS_O0O2_34lIV9AAAACMAARAD.jpg,1,186,186
A_Hu1zSa0hFccAAAAAAAAAAAAAAQAAAQ.jpg,A_OcK3SrWHKYAAAAAAAAAAAAAAAQAAAQ.jpg,1,187,187
A_Hu1zSa0hFccAAAAAAAAAAAAAAQAAAQ.jpg,A_UBDTSZ2Vh-YAAAAAAAAAAAAAAQAAAQ.jpg,1,187,187
A_Hu1zSa0hFccAAAAAAAAAAAAAAQAAAQ.jpg,A_I0duQIGPqIUAAAAAAAAAAAAAAQAAAQ.jpg,1,187,187
A_Hu1zSa0hFccAAAAAAAAAAAAAAQAAAQ.jpg,A_Hu1zSa0hFcdm4cpMozBtlgAAAQAAAQ.jpg,1,187,187
A_Hu1zSa0hFccAAAAAAAAAAAAAAQAAAQ.jpg,A_jwl4QaUztl0AAAAAAAAAAAAAAQAAAQ.jpg,1,187,187
A_OcK3SrWHKYAAAAAAAAAAAAAAAQAAAQ.jpg,A_UBDTSZ2Vh-YAAAAAAAAAAAAAAQAAAQ.jpg,1,187,187
A_OcK3SrWHKYAAAAAAAAAAAAAAAQAAAQ.jpg,A_I0duQIGPqIUAAAAAAAAAAAAAAQAAAQ.jpg,1,187,187
A_OcK3SrWHKYAAAAAAAAAAAAAAAQAAAQ.jpg,A_Hu1zSa0hFcdm4cpMozBtlgAAAQAAAQ.jpg,1,187,187
A_OcK3SrWHKYAAAAAAAAAAAAAAAQAAAQ.jpg,A_jwl4QaUztl0AAAAAAAAAAAAAAQAAAQ.jpg,1,187,187
A_UBDTSZ2Vh-YAAAAAAAAAAAAAAQAAAQ.jpg,A_I0duQIGPqIUAAAAAAAAAAAAAAQAAAQ.jpg,1,187,187
A_UBDTSZ2Vh-YAAAAAAAAAAAAAAQAAAQ.jpg,A_Hu1zSa0hFcdm4cpMozBtlgAAAQAAAQ.jpg,1,187,187
A_UBDTSZ2Vh-YAAAAAAAAAAAAAAQAAAQ.jpg,A_jwl4QaUztl0AAAAAAAAAAAAAAQAAAQ.jpg,1,187,187
A_I0duQIGPqIUAAAAAAAAAAAAAAQAAAQ.jpg,A_Hu1zSa0hFcdm4cpMozBtlgAAAQAAAQ.jpg,1,187,187
A_I0duQIGPqIUAAAAAAAAAAAAAAQAAAQ.jpg,A_jwl4QaUztl0AAAAAAAAAAAAAAQAAAQ.jpg,1,187,187
A_Hu1zSa0hFcdm4cpMozBtlgAAAQAAAQ.jpg,A_jwl4QaUztl0AAAAAAAAAAAAAAQAAAQ.jpg,1,187,187
elfhVqTdQpWv6R3PsHqMjQAAACMAARAD.jpg,frarTD7lTOqgeRc7RMPqNQAAACMAARAD.jpg,1,188,188
elfhVqTdQpWv6R3PsHqMjQAAACMAARAD.jpg,jjWLPK10Q3S11BG3fnopQgAAACMAARAD.jpg,1,188,188
elfhVqTdQpWv6R3PsHqMjQAAACMAARAD.jpg,KhYwboiXREiuD9ad__7GDwAAACMAARAD.jpg,1,188,188
elfhVqTdQpWv6R3PsHqMjQAAACMAARAD.jpg,YFn8FC0cQFGTffeP-0YugAAAACMAARAD.jpg,1,188,188
elfhVqTdQpWv6R3PsHqMjQAAACMAARAD.jpg,8HPPNmXFR0O3msRIxa8WnQAAACMAARAD.jpg,1,188,188
frarTD7lTOqgeRc7RMPqNQAAACMAARAD.jpg,jjWLPK10Q3S11BG3fnopQgAAACMAARAD.jpg,1,188,188
frarTD7lTOqgeRc7RMPqNQAAACMAARAD.jpg,KhYwboiXREiuD9ad__7GDwAAACMAARAD.jpg,1,188,188
frarTD7lTOqgeRc7RMPqNQAAACMAARAD.jpg,YFn8FC0cQFGTffeP-0YugAAAACMAARAD.jpg,1,188,188
frarTD7lTOqgeRc7RMPqNQAAACMAARAD.jpg,8HPPNmXFR0O3msRIxa8WnQAAACMAARAD.jpg,1,188,188
jjWLPK10Q3S11BG3fnopQgAAACMAARAD.jpg,KhYwboiXREiuD9ad__7GDwAAACMAARAD.jpg,1,188,188
jjWLPK10Q3S11BG3fnopQgAAACMAARAD.jpg,YFn8FC0cQFGTffeP-0YugAAAACMAARAD.jpg,1,188,188
jjWLPK10Q3S11BG3fnopQgAAACMAARAD.jpg,8HPPNmXFR0O3msRIxa8WnQAAACMAARAD.jpg,1,188,188
KhYwboiXREiuD9ad__7GDwAAACMAARAD.jpg,YFn8FC0cQFGTffeP-0YugAAAACMAARAD.jpg,1,188,188
KhYwboiXREiuD9ad__7GDwAAACMAARAD.jpg,8HPPNmXFR0O3msRIxa8WnQAAACMAARAD.jpg,1,188,188
YFn8FC0cQFGTffeP-0YugAAAACMAARAD.jpg,8HPPNmXFR0O3msRIxa8WnQAAACMAARAD.jpg,1,188,188
A_lPHeQo7aiawAAAAAAAAAAAAAAQAAAQ.jpg,A_1AcjS7HMufYAAAAAAAAAAAAAAQAAAQ.jpg,1,189,189
A_lPHeQo7aiawAAAAAAAAAAAAAAQAAAQ.jpg,A_jUAxSpWjluMAAAAAAAAAAAAAAQAAAQ.jpg,1,189,189
A_lPHeQo7aiawAAAAAAAAAAAAAAQAAAQ.jpg,A_nec0R4X7desAAAAAAAAAAAAAAQAAAQ.jpg,1,189,189
A_lPHeQo7aiawAAAAAAAAAAAAAAQAAAQ.jpg,A_9TXZTICb-ssAAAAAAAAAAAAAAQAAAQ.jpg,1,189,189
A_lPHeQo7aiawAAAAAAAAAAAAAAQAAAQ.jpg,A_HFprSoUoL2gAAAAAAAAAAAAAAQAAAQ.jpg,1,189,189
A_1AcjS7HMufYAAAAAAAAAAAAAAQAAAQ.jpg,A_jUAxSpWjluMAAAAAAAAAAAAAAQAAAQ.jpg,1,189,189
A_1AcjS7HMufYAAAAAAAAAAAAAAQAAAQ.jpg,A_nec0R4X7desAAAAAAAAAAAAAAQAAAQ.jpg,1,189,189
A_1AcjS7HMufYAAAAAAAAAAAAAAQAAAQ.jpg,A_9TXZTICb-ssAAAAAAAAAAAAAAQAAAQ.jpg,1,189,189
A_1AcjS7HMufYAAAAAAAAAAAAAAQAAAQ.jpg,A_HFprSoUoL2gAAAAAAAAAAAAAAQAAAQ.jpg,1,189,189
A_jUAxSpWjluMAAAAAAAAAAAAAAQAAAQ.jpg,A_nec0R4X7desAAAAAAAAAAAAAAQAAAQ.jpg,1,189,189
A_jUAxSpWjluMAAAAAAAAAAAAAAQAAAQ.jpg,A_9TXZTICb-ssAAAAAAAAAAAAAAQAAAQ.jpg,1,189,189
A_jUAxSpWjluMAAAAAAAAAAAAAAQAAAQ.jpg,A_HFprSoUoL2gAAAAAAAAAAAAAAQAAAQ.jpg,1,189,189
A_nec0R4X7desAAAAAAAAAAAAAAQAAAQ.jpg,A_9TXZTICb-ssAAAAAAAAAAAAAAQAAAQ.jpg,1,189,189
A_nec0R4X7desAAAAAAAAAAAAAAQAAAQ.jpg,A_HFprSoUoL2gAAAAAAAAAAAAAAQAAAQ.jpg,1,189,189
A_9TXZTICb-ssAAAAAAAAAAAAAAQAAAQ.jpg,A_HFprSoUoL2gAAAAAAAAAAAAAAQAAAQ.jpg,1,189,189
36L3Z5XgRFWtMVjSmPOSTwAAACMAARAD.jpg,VExaZWAxSUuI3YKpQvrnIgAAACMAARAD.jpg,1,190,190
36L3Z5XgRFWtMVjSmPOSTwAAACMAARAD.jpg,6RjEAJmWRo2IAW2PEigq5wAAACMAARAD.jpg,1,190,190
36L3Z5XgRFWtMVjSmPOSTwAAACMAARAD.jpg,8fDO2NZcTqetpeRD2liw8gAAACMAARAD.jpg,1,190,190
36L3Z5XgRFWtMVjSmPOSTwAAACMAARAD.jpg,nkgYYoZXQzq6kUQOjL6cQgAAACMAARAD.jpg,1,190,190
36L3Z5XgRFWtMVjSmPOSTwAAACMAARAD.jpg,xW1Mn56mRh-OB69ayDWmoQAAACMAARAD.jpg,1,190,190
VExaZWAxSUuI3YKpQvrnIgAAACMAARAD.jpg,6RjEAJmWRo2IAW2PEigq5wAAACMAARAD.jpg,1,190,190
VExaZWAxSUuI3YKpQvrnIgAAACMAARAD.jpg,8fDO2NZcTqetpeRD2liw8gAAACMAARAD.jpg,1,190,190
VExaZWAxSUuI3YKpQvrnIgAAACMAARAD.jpg,nkgYYoZXQzq6kUQOjL6cQgAAACMAARAD.jpg,1,190,190
VExaZWAxSUuI3YKpQvrnIgAAACMAARAD.jpg,xW1Mn56mRh-OB69ayDWmoQAAACMAARAD.jpg,1,190,190
6RjEAJmWRo2IAW2PEigq5wAAACMAARAD.jpg,8fDO2NZcTqetpeRD2liw8gAAACMAARAD.jpg,1,190,190
6RjEAJmWRo2IAW2PEigq5wAAACMAARAD.jpg,nkgYYoZXQzq6kUQOjL6cQgAAACMAARAD.jpg,1,190,190
6RjEAJmWRo2IAW2PEigq5wAAACMAARAD.jpg,xW1Mn56mRh-OB69ayDWmoQAAACMAARAD.jpg,1,190,190
8fDO2NZcTqetpeRD2liw8gAAACMAARAD.jpg,nkgYYoZXQzq6kUQOjL6cQgAAACMAARAD.jpg,1,190,190
8fDO2NZcTqetpeRD2liw8gAAACMAARAD.jpg,xW1Mn56mRh-OB69ayDWmoQAAACMAARAD.jpg,1,190,190
nkgYYoZXQzq6kUQOjL6cQgAAACMAARAD.jpg,xW1Mn56mRh-OB69ayDWmoQAAACMAARAD.jpg,1,190,190
A_CJEPQZwY7_LC6f1Fh61-vQAAAQAAAQ.jpg,A_--O-TYvJMXwAAAAAAAAAAAAAAQAAAQ.jpg,1,191,191
A_CJEPQZwY7_LC6f1Fh61-vQAAAQAAAQ.jpg,A_CJEPQZwY7_IAAAAAAAAAAAAAAQAAAQ.jpg,1,191,191
A_CJEPQZwY7_LC6f1Fh61-vQAAAQAAAQ.jpg,A_Vg6lSL6paE4AAAAAAAAAAAAAAQAAAQ.jpg,1,191,191
A_CJEPQZwY7_LC6f1Fh61-vQAAAQAAAQ.jpg,A_V4M-S5Mt__QAAAAAAAAAAAAAAQAAAQ.jpg,1,191,191
A_CJEPQZwY7_LC6f1Fh61-vQAAAQAAAQ.jpg,A_2PylSJ1j8RIAAAAAAAAAAAAAAQAAAQ.jpg,1,191,191
A_--O-TYvJMXwAAAAAAAAAAAAAAQAAAQ.jpg,A_CJEPQZwY7_IAAAAAAAAAAAAAAQAAAQ.jpg,1,191,191
A_--O-TYvJMXwAAAAAAAAAAAAAAQAAAQ.jpg,A_Vg6lSL6paE4AAAAAAAAAAAAAAQAAAQ.jpg,1,191,191
A_--O-TYvJMXwAAAAAAAAAAAAAAQAAAQ.jpg,A_V4M-S5Mt__QAAAAAAAAAAAAAAQAAAQ.jpg,1,191,191
A_--O-TYvJMXwAAAAAAAAAAAAAAQAAAQ.jpg,A_2PylSJ1j8RIAAAAAAAAAAAAAAQAAAQ.jpg,1,191,191
A_CJEPQZwY7_IAAAAAAAAAAAAAAQAAAQ.jpg,A_Vg6lSL6paE4AAAAAAAAAAAAAAQAAAQ.jpg,1,191,191
A_CJEPQZwY7_IAAAAAAAAAAAAAAQAAAQ.jpg,A_V4M-S5Mt__QAAAAAAAAAAAAAAQAAAQ.jpg,1,191,191
A_CJEPQZwY7_IAAAAAAAAAAAAAAQAAAQ.jpg,A_2PylSJ1j8RIAAAAAAAAAAAAAAQAAAQ.jpg,1,191,191
A_Vg6lSL6paE4AAAAAAAAAAAAAAQAAAQ.jpg,A_V4M-S5Mt__QAAAAAAAAAAAAAAQAAAQ.jpg,1,191,191
A_Vg6lSL6paE4AAAAAAAAAAAAAAQAAAQ.jpg,A_2PylSJ1j8RIAAAAAAAAAAAAAAQAAAQ.jpg,1,191,191
A_V4M-S5Mt__QAAAAAAAAAAAAAAQAAAQ.jpg,A_2PylSJ1j8RIAAAAAAAAAAAAAAQAAAQ.jpg,1,191,191
QQxyNEuVSAWRtd0Fk3TSiAAAACMAARAD.jpg,j00zrtFURoqtClI52lMJUAAAACMAARAD.jpg,1,192,192
QQxyNEuVSAWRtd0Fk3TSiAAAACMAARAD.jpg,UGSrDzPcQN2snR0B29V38AAAACMAARAD.jpg,1,192,192
QQxyNEuVSAWRtd0Fk3TSiAAAACMAARAD.jpg,4PnTMDonSgyab2bzQ-yK9wAAACMAARAD.jpg,1,192,192
QQxyNEuVSAWRtd0Fk3TSiAAAACMAARAD.jpg,uwbM_KZaT4WXCQZJ66Ib_QAAACMAARAD.jpg,1,192,192
QQxyNEuVSAWRtd0Fk3TSiAAAACMAARAD.jpg,J1O8TQTwTPSajGqg9HcALwAAACMAARAD.jpg,1,192,192
j00zrtFURoqtClI52lMJUAAAACMAARAD.jpg,UGSrDzPcQN2snR0B29V38AAAACMAARAD.jpg,1,192,192
j00zrtFURoqtClI52lMJUAAAACMAARAD.jpg,4PnTMDonSgyab2bzQ-yK9wAAACMAARAD.jpg,1,192,192
j00zrtFURoqtClI52lMJUAAAACMAARAD.jpg,uwbM_KZaT4WXCQZJ66Ib_QAAACMAARAD.jpg,1,192,192
j00zrtFURoqtClI52lMJUAAAACMAARAD.jpg,J1O8TQTwTPSajGqg9HcALwAAACMAARAD.jpg,1,192,192
UGSrDzPcQN2snR0B29V38AAAACMAARAD.jpg,4PnTMDonSgyab2bzQ-yK9wAAACMAARAD.jpg,1,192,192
UGSrDzPcQN2snR0B29V38AAAACMAARAD.jpg,uwbM_KZaT4WXCQZJ66Ib_QAAACMAARAD.jpg,1,192,192
UGSrDzPcQN2snR0B29V38AAAACMAARAD.jpg,J1O8TQTwTPSajGqg9HcALwAAACMAARAD.jpg,1,192,192
4PnTMDonSgyab2bzQ-yK9wAAACMAARAD.jpg,uwbM_KZaT4WXCQZJ66Ib_QAAACMAARAD.jpg,1,192,192
4PnTMDonSgyab2bzQ-yK9wAAACMAARAD.jpg,J1O8TQTwTPSajGqg9HcALwAAACMAARAD.jpg,1,192,192
uwbM_KZaT4WXCQZJ66Ib_QAAACMAARAD.jpg,J1O8TQTwTPSajGqg9HcALwAAACMAARAD.jpg,1,192,192
A_OqmKRqgaZiAAAAAAAAAAAAAAAQAAAQ.jpg,A_e6DJRYXhaSoAAAAAAAAAAAAAAQAAAQ.jpg,1,193,193
A_OqmKRqgaZiAAAAAAAAAAAAAAAQAAAQ.jpg,A_pvSeTrQ9cjEAAAAAAAAAAAAAAQAAAQ.jpg,1,193,193
A_OqmKRqgaZiAAAAAAAAAAAAAAAQAAAQ.jpg,A_0gczRYEcMd0AAAAAAAAAAAAAAQAAAQ.jpg,1,193,193
A_OqmKRqgaZiAAAAAAAAAAAAAAAQAAAQ.jpg,A_mhYFS7uBQCIAAAAAAAAAAAAAAQAAAQ.jpg,1,193,193
A_OqmKRqgaZiAAAAAAAAAAAAAAAQAAAQ.jpg,A_lv0eRrxAXNwAAAAAAAAAAAAAAQAAAQ.jpg,1,193,193
A_e6DJRYXhaSoAAAAAAAAAAAAAAQAAAQ.jpg,A_pvSeTrQ9cjEAAAAAAAAAAAAAAQAAAQ.jpg,1,193,193
A_e6DJRYXhaSoAAAAAAAAAAAAAAQAAAQ.jpg,A_0gczRYEcMd0AAAAAAAAAAAAAAQAAAQ.jpg,1,193,193
A_e6DJRYXhaSoAAAAAAAAAAAAAAQAAAQ.jpg,A_mhYFS7uBQCIAAAAAAAAAAAAAAQAAAQ.jpg,1,193,193
A_e6DJRYXhaSoAAAAAAAAAAAAAAQAAAQ.jpg,A_lv0eRrxAXNwAAAAAAAAAAAAAAQAAAQ.jpg,1,193,193
A_pvSeTrQ9cjEAAAAAAAAAAAAAAQAAAQ.jpg,A_0gczRYEcMd0AAAAAAAAAAAAAAQAAAQ.jpg,1,193,193
A_pvSeTrQ9cjEAAAAAAAAAAAAAAQAAAQ.jpg,A_mhYFS7uBQCIAAAAAAAAAAAAAAQAAAQ.jpg,1,193,193
A_pvSeTrQ9cjEAAAAAAAAAAAAAAQAAAQ.jpg,A_lv0eRrxAXNwAAAAAAAAAAAAAAQAAAQ.jpg,1,193,193
A_0gczRYEcMd0AAAAAAAAAAAAAAQAAAQ.jpg,A_mhYFS7uBQCIAAAAAAAAAAAAAAQAAAQ.jpg,1,193,193
A_0gczRYEcMd0AAAAAAAAAAAAAAQAAAQ.jpg,A_lv0eRrxAXNwAAAAAAAAAAAAAAQAAAQ.jpg,1,193,193
A_mhYFS7uBQCIAAAAAAAAAAAAAAQAAAQ.jpg,A_lv0eRrxAXNwAAAAAAAAAAAAAAQAAAQ.jpg,1,193,193
A_tnVbTq1hG0IAAAAAAAAAAAAAAQAAAQ.jpg,A_G93uT5tp26QAAAAAAAAAAAAAAQAAAQ.jpg,1,194,194
A_tnVbTq1hG0IAAAAAAAAAAAAAAQAAAQ.jpg,A_hAP5R7hp_CkAAAAAAAAAAAAAAQAAAQ.jpg,1,194,194
A_tnVbTq1hG0IAAAAAAAAAAAAAAQAAAQ.jpg,A_LvVhRqiGvcIAAAAAAAAAAAAAAQAAAQ.jpg,1,194,194
A_tnVbTq1hG0IAAAAAAAAAAAAAAQAAAQ.jpg,A_waonRYbJYOwAAAAAAAAAAAAAAQAAAQ.jpg,1,194,194
A_tnVbTq1hG0IAAAAAAAAAAAAAAQAAAQ.jpg,A_jejVTopHAJoAAAAAAAAAAAAAAQAAAQ.jpg,1,194,194
A_G93uT5tp26QAAAAAAAAAAAAAAQAAAQ.jpg,A_hAP5R7hp_CkAAAAAAAAAAAAAAQAAAQ.jpg,1,194,194
A_G93uT5tp26QAAAAAAAAAAAAAAQAAAQ.jpg,A_LvVhRqiGvcIAAAAAAAAAAAAAAQAAAQ.jpg,1,194,194
A_G93uT5tp26QAAAAAAAAAAAAAAQAAAQ.jpg,A_waonRYbJYOwAAAAAAAAAAAAAAQAAAQ.jpg,1,194,194
A_G93uT5tp26QAAAAAAAAAAAAAAQAAAQ.jpg,A_jejVTopHAJoAAAAAAAAAAAAAAQAAAQ.jpg,1,194,194
A_hAP5R7hp_CkAAAAAAAAAAAAAAQAAAQ.jpg,A_LvVhRqiGvcIAAAAAAAAAAAAAAQAAAQ.jpg,1,194,194
A_hAP5R7hp_CkAAAAAAAAAAAAAAQAAAQ.jpg,A_waonRYbJYOwAAAAAAAAAAAAAAQAAAQ.jpg,1,194,194
A_hAP5R7hp_CkAAAAAAAAAAAAAAQAAAQ.jpg,A_jejVTopHAJoAAAAAAAAAAAAAAQAAAQ.jpg,1,194,194
A_LvVhRqiGvcIAAAAAAAAAAAAAAQAAAQ.jpg,A_waonRYbJYOwAAAAAAAAAAAAAAQAAAQ.jpg,1,194,194
A_LvVhRqiGvcIAAAAAAAAAAAAAAQAAAQ.jpg,A_jejVTopHAJoAAAAAAAAAAAAAAQAAAQ.jpg,1,194,194
A_waonRYbJYOwAAAAAAAAAAAAAAQAAAQ.jpg,A_jejVTopHAJoAAAAAAAAAAAAAAQAAAQ.jpg,1,194,194
A_HdTBQ4sX5vwAAAAAAAAAAAAAAQAAAQ.jpg,A_KQwhSbAW-YwAAAAAAAAAAAAAAQAAAQ.jpg,1,195,195
A_HdTBQ4sX5vwAAAAAAAAAAAAAAQAAAQ.jpg,A_DkWtQphhpucAAAAAAAAAAAAAAQAAAQ.jpg,1,195,195
A_HdTBQ4sX5vwAAAAAAAAAAAAAAQAAAQ.jpg,A_YeEaTrUro9IAAAAAAAAAAAAAAQAAAQ.jpg,1,195,195
A_HdTBQ4sX5vwAAAAAAAAAAAAAAQAAAQ.jpg,A_kKmNR65xnvsAAAAAAAAAAAAAAQAAAQ.jpg,1,195,195
A_HdTBQ4sX5vwAAAAAAAAAAAAAAQAAAQ.jpg,A_SnWNTb004p4AAAAAAAAAAAAAAQAAAQ.jpg,1,195,195
A_KQwhSbAW-YwAAAAAAAAAAAAAAQAAAQ.jpg,A_DkWtQphhpucAAAAAAAAAAAAAAQAAAQ.jpg,1,195,195
A_KQwhSbAW-YwAAAAAAAAAAAAAAQAAAQ.jpg,A_YeEaTrUro9IAAAAAAAAAAAAAAQAAAQ.jpg,1,195,195
A_KQwhSbAW-YwAAAAAAAAAAAAAAQAAAQ.jpg,A_kKmNR65xnvsAAAAAAAAAAAAAAQAAAQ.jpg,1,195,195
A_KQwhSbAW-YwAAAAAAAAAAAAAAQAAAQ.jpg,A_SnWNTb004p4AAAAAAAAAAAAAAQAAAQ.jpg,1,195,195
A_DkWtQphhpucAAAAAAAAAAAAAAQAAAQ.jpg,A_YeEaTrUro9IAAAAAAAAAAAAAAQAAAQ.jpg,1,195,195
A_DkWtQphhpucAAAAAAAAAAAAAAQAAAQ.jpg,A_kKmNR65xnvsAAAAAAAAAAAAAAQAAAQ.jpg,1,195,195
A_DkWtQphhpucAAAAAAAAAAAAAAQAAAQ.jpg,A_SnWNTb004p4AAAAAAAAAAAAAAQAAAQ.jpg,1,195,195
A_YeEaTrUro9IAAAAAAAAAAAAAAQAAAQ.jpg,A_kKmNR65xnvsAAAAAAAAAAAAAAQAAAQ.jpg,1,195,195
A_YeEaTrUro9IAAAAAAAAAAAAAAQAAAQ.jpg,A_SnWNTb004p4AAAAAAAAAAAAAAQAAAQ.jpg,1,195,195
A_kKmNR65xnvsAAAAAAAAAAAAAAQAAAQ.jpg,A_SnWNTb004p4AAAAAAAAAAAAAAQAAAQ.jpg,1,195,195
A_O8IBS7bcXMAAAAAAAAAAAAAAAQAAAQ.jpg,A_zXH8RZzfr1cAAAAAAAAAAAAAAQAAAQ.jpg,1,196,196
A_O8IBS7bcXMAAAAAAAAAAAAAAAQAAAQ.jpg,A_shkqRbKm6LgAAAAAAAAAAAAAAQAAAQ.jpg,1,196,196
A_O8IBS7bcXMAAAAAAAAAAAAAAAQAAAQ.jpg,A_VfpjQZM4v8EAAAAAAAAAAAAAAQAAAQ.jpg,1,196,196
A_O8IBS7bcXMAAAAAAAAAAAAAAAQAAAQ.jpg,A_jBgOSoE5gk8AAAAAAAAAAAAAAQAAAQ.jpg,1,196,196
A_O8IBS7bcXMAAAAAAAAAAAAAAAQAAAQ.jpg,A_NpaSRqrF3DwAAAAAAAAAAAAAAQAAAQ.jpg,1,196,196
A_zXH8RZzfr1cAAAAAAAAAAAAAAQAAAQ.jpg,A_shkqRbKm6LgAAAAAAAAAAAAAAQAAAQ.jpg,1,196,196
A_zXH8RZzfr1cAAAAAAAAAAAAAAQAAAQ.jpg,A_VfpjQZM4v8EAAAAAAAAAAAAAAQAAAQ.jpg,1,196,196
A_zXH8RZzfr1cAAAAAAAAAAAAAAQAAAQ.jpg,A_jBgOSoE5gk8AAAAAAAAAAAAAAQAAAQ.jpg,1,196,196
A_zXH8RZzfr1cAAAAAAAAAAAAAAQAAAQ.jpg,A_NpaSRqrF3DwAAAAAAAAAAAAAAQAAAQ.jpg,1,196,196
A_shkqRbKm6LgAAAAAAAAAAAAAAQAAAQ.jpg,A_VfpjQZM4v8EAAAAAAAAAAAAAAQAAAQ.jpg,1,196,196
A_shkqRbKm6LgAAAAAAAAAAAAAAQAAAQ.jpg,A_jBgOSoE5gk8AAAAAAAAAAAAAAQAAAQ.jpg,1,196,196
A_shkqRbKm6LgAAAAAAAAAAAAAAQAAAQ.jpg,A_NpaSRqrF3DwAAAAAAAAAAAAAAQAAAQ.jpg,1,196,196
A_VfpjQZM4v8EAAAAAAAAAAAAAAQAAAQ.jpg,A_jBgOSoE5gk8AAAAAAAAAAAAAAQAAAQ.jpg,1,196,196
A_VfpjQZM4v8EAAAAAAAAAAAAAAQAAAQ.jpg,A_NpaSRqrF3DwAAAAAAAAAAAAAAQAAAQ.jpg,1,196,196
A_jBgOSoE5gk8AAAAAAAAAAAAAAQAAAQ.jpg,A_NpaSRqrF3DwAAAAAAAAAAAAAAQAAAQ.jpg,1,196,196
A__iSlQZS0IuEAAAAAAAAAAAAAAQAAAQ.jpg,A_XRkvR6_24JoAAAAAAAAAAAAAAQAAAQ.jpg,1,197,197
A__iSlQZS0IuEAAAAAAAAAAAAAAQAAAQ.jpg,A_BquTQbUQF58AAAAAAAAAAAAAAQAAAQ.jpg,1,197,197
A__iSlQZS0IuEAAAAAAAAAAAAAAQAAAQ.jpg,A_zj1HS5Be7c4AAAAAAAAAAAAAAQAAAQ.jpg,1,197,197
A__iSlQZS0IuEAAAAAAAAAAAAAAQAAAQ.jpg,A_rlcDQb1PUYMAAAAAAAAAAAAAAQAAAQ.jpg,1,197,197
A__iSlQZS0IuEAAAAAAAAAAAAAAQAAAQ.jpg,A_SB5pT6dIdz0AAAAAAAAAAAAAAQAAAQ.jpg,1,197,197
A_XRkvR6_24JoAAAAAAAAAAAAAAQAAAQ.jpg,A_BquTQbUQF58AAAAAAAAAAAAAAQAAAQ.jpg,1,197,197
A_XRkvR6_24JoAAAAAAAAAAAAAAQAAAQ.jpg,A_zj1HS5Be7c4AAAAAAAAAAAAAAQAAAQ.jpg,1,197,197
A_XRkvR6_24JoAAAAAAAAAAAAAAQAAAQ.jpg,A_rlcDQb1PUYMAAAAAAAAAAAAAAQAAAQ.jpg,1,197,197
A_XRkvR6_24JoAAAAAAAAAAAAAAQAAAQ.jpg,A_SB5pT6dIdz0AAAAAAAAAAAAAAQAAAQ.jpg,1,197,197
A_BquTQbUQF58AAAAAAAAAAAAAAQAAAQ.jpg,A_zj1HS5Be7c4AAAAAAAAAAAAAAQAAAQ.jpg,1,197,197
A_BquTQbUQF58AAAAAAAAAAAAAAQAAAQ.jpg,A_rlcDQb1PUYMAAAAAAAAAAAAAAQAAAQ.jpg,1,197,197
A_BquTQbUQF58AAAAAAAAAAAAAAQAAAQ.jpg,A_SB5pT6dIdz0AAAAAAAAAAAAAAQAAAQ.jpg,1,197,197
A_zj1HS5Be7c4AAAAAAAAAAAAAAQAAAQ.jpg,A_rlcDQb1PUYMAAAAAAAAAAAAAAQAAAQ.jpg,1,197,197
A_zj1HS5Be7c4AAAAAAAAAAAAAAQAAAQ.jpg,A_SB5pT6dIdz0AAAAAAAAAAAAAAQAAAQ.jpg,1,197,197
A_rlcDQb1PUYMAAAAAAAAAAAAAAQAAAQ.jpg,A_SB5pT6dIdz0AAAAAAAAAAAAAAQAAAQ.jpg,1,197,197
A_C3FBR7ESg0MAAAAAAAAAAAAAAQAAAQ.jpg,A_fgxxT7gC-zwAAAAAAAAAAAAAAQAAAQ.jpg,1,198,198
A_C3FBR7ESg0MAAAAAAAAAAAAAAQAAAQ.jpg,A_BH18R5ERvpkAAAAAAAAAAAAAAQAAAQ.jpg,1,198,198
A_C3FBR7ESg0MAAAAAAAAAAAAAAQAAAQ.jpg,A_Q6uIR7KZBo4AAAAAAAAAAAAAAQAAAQ.jpg,1,198,198
A_C3FBR7ESg0MAAAAAAAAAAAAAAQAAAQ.jpg,A_g3YhTbvJ9A8AAAAAAAAAAAAAAQAAAQ.jpg,1,198,198
A_C3FBR7ESg0MAAAAAAAAAAAAAAQAAAQ.jpg,A_CKcESIEZPPsAAAAAAAAAAAAAAQAAAQ.jpg,1,198,198
A_fgxxT7gC-zwAAAAAAAAAAAAAAQAAAQ.jpg,A_BH18R5ERvpkAAAAAAAAAAAAAAQAAAQ.jpg,1,198,198
A_fgxxT7gC-zwAAAAAAAAAAAAAAQAAAQ.jpg,A_Q6uIR7KZBo4AAAAAAAAAAAAAAQAAAQ.jpg,1,198,198
A_fgxxT7gC-zwAAAAAAAAAAAAAAQAAAQ.jpg,A_g3YhTbvJ9A8AAAAAAAAAAAAAAQAAAQ.jpg,1,198,198
A_fgxxT7gC-zwAAAAAAAAAAAAAAQAAAQ.jpg,A_CKcESIEZPPsAAAAAAAAAAAAAAQAAAQ.jpg,1,198,198
A_BH18R5ERvpkAAAAAAAAAAAAAAQAAAQ.jpg,A_Q6uIR7KZBo4AAAAAAAAAAAAAAQAAAQ.jpg,1,198,198
A_BH18R5ERvpkAAAAAAAAAAAAAAQAAAQ.jpg,A_g3YhTbvJ9A8AAAAAAAAAAAAAAQAAAQ.jpg,1,198,198
A_BH18R5ERvpkAAAAAAAAAAAAAAQAAAQ.jpg,A_CKcESIEZPPsAAAAAAAAAAAAAAQAAAQ.jpg,1,198,198
A_Q6uIR7KZBo4AAAAAAAAAAAAAAQAAAQ.jpg,A_g3YhTbvJ9A8AAAAAAAAAAAAAAQAAAQ.jpg,1,198,198
A_Q6uIR7KZBo4AAAAAAAAAAAAAAQAAAQ.jpg,A_CKcESIEZPPsAAAAAAAAAAAAAAQAAAQ.jpg,1,198,198
A_g3YhTbvJ9A8AAAAAAAAAAAAAAQAAAQ.jpg,A_CKcESIEZPPsAAAAAAAAAAAAAAQAAAQ.jpg,1,198,198
A_QQI2TrP_nAAAAAAAAAAAAAAAAQAAAQ.jpg,A_y69QS6pCZp0AAAAAAAAAAAAAAQAAAQ.jpg,1,199,199
A_QQI2TrP_nAAAAAAAAAAAAAAAAQAAAQ.jpg,A_UBFIRp0LaJAAAAAAAAAAAAAAAQAAAQ.jpg,1,199,199
A_QQI2TrP_nAAAAAAAAAAAAAAAAQAAAQ.jpg,A_pfnXQq9r3uoAAAAAAAAAAAAAAQAAAQ.jpg,1,199,199
A_QQI2TrP_nAAAAAAAAAAAAAAAAQAAAQ.jpg,A_s6j_S4D_Q5cAAAAAAAAAAAAAAQAAAQ.jpg,1,199,199
A_QQI2TrP_nAAAAAAAAAAAAAAAAQAAAQ.jpg,A_JTXPTI39PMkAAAAAAAAAAAAAAQAAAQ.jpg,1,199,199
A_y69QS6pCZp0AAAAAAAAAAAAAAQAAAQ.jpg,A_UBFIRp0LaJAAAAAAAAAAAAAAAQAAAQ.jpg,1,199,199
A_y69QS6pCZp0AAAAAAAAAAAAAAQAAAQ.jpg,A_pfnXQq9r3uoAAAAAAAAAAAAAAQAAAQ.jpg,1,199,199
A_y69QS6pCZp0AAAAAAAAAAAAAAQAAAQ.jpg,A_s6j_S4D_Q5cAAAAAAAAAAAAAAQAAAQ.jpg,1,199,199
A_y69QS6pCZp0AAAAAAAAAAAAAAQAAAQ.jpg,A_JTXPTI39PMkAAAAAAAAAAAAAAQAAAQ.jpg,1,199,199
A_UBFIRp0LaJAAAAAAAAAAAAAAAQAAAQ.jpg,A_pfnXQq9r3uoAAAAAAAAAAAAAAQAAAQ.jpg,1,199,199
A_UBFIRp0LaJAAAAAAAAAAAAAAAQAAAQ.jpg,A_s6j_S4D_Q5cAAAAAAAAAAAAAAQAAAQ.jpg,1,199,199
A_UBFIRp0LaJAAAAAAAAAAAAAAAQAAAQ.jpg,A_JTXPTI39PMkAAAAAAAAAAAAAAQAAAQ.jpg,1,199,199
A_pfnXQq9r3uoAAAAAAAAAAAAAAQAAAQ.jpg,A_s6j_S4D_Q5cAAAAAAAAAAAAAAQAAAQ.jpg,1,199,199
A_pfnXQq9r3uoAAAAAAAAAAAAAAQAAAQ.jpg,A_JTXPTI39PMkAAAAAAAAAAAAAAQAAAQ.jpg,1,199,199
A_s6j_S4D_Q5cAAAAAAAAAAAAAAQAAAQ.jpg,A_JTXPTI39PMkAAAAAAAAAAAAAAQAAAQ.jpg,1,199,199
A_aDWaRJ0Cte4AAAAAAAAAAAAAAQAAAQ.jpg,A_gvZqQKxzVa4AAAAAAAAAAAAAAQAAAQ.jpg,1,200,200
A_aDWaRJ0Cte4AAAAAAAAAAAAAAQAAAQ.jpg,A_9AyaT5Y4vaoAAAAAAAAAAAAAAQAAAQ.jpg,1,200,200
A_aDWaRJ0Cte4AAAAAAAAAAAAAAQAAAQ.jpg,A_cWO0Sb2sA9gAAAAAAAAAAAAAAQAAAQ.jpg,1,200,200
A_aDWaRJ0Cte4AAAAAAAAAAAAAAQAAAQ.jpg,A_7FcUTJfZ-EEAAAAAAAAAAAAAAQAAAQ.jpg,1,200,200
A_aDWaRJ0Cte4AAAAAAAAAAAAAAQAAAQ.jpg,A_6McDRL0y-v8AAAAAAAAAAAAAAQAAAQ.jpg,1,200,200
A_gvZqQKxzVa4AAAAAAAAAAAAAAQAAAQ.jpg,A_9AyaT5Y4vaoAAAAAAAAAAAAAAQAAAQ.jpg,1,200,200
A_gvZqQKxzVa4AAAAAAAAAAAAAAQAAAQ.jpg,A_cWO0Sb2sA9gAAAAAAAAAAAAAAQAAAQ.jpg,1,200,200
A_gvZqQKxzVa4AAAAAAAAAAAAAAQAAAQ.jpg,A_7FcUTJfZ-EEAAAAAAAAAAAAAAQAAAQ.jpg,1,200,200
A_gvZqQKxzVa4AAAAAAAAAAAAAAQAAAQ.jpg,A_6McDRL0y-v8AAAAAAAAAAAAAAQAAAQ.jpg,1,200,200
A_9AyaT5Y4vaoAAAAAAAAAAAAAAQAAAQ.jpg,A_cWO0Sb2sA9gAAAAAAAAAAAAAAQAAAQ.jpg,1,200,200
A_9AyaT5Y4vaoAAAAAAAAAAAAAAQAAAQ.jpg,A_7FcUTJfZ-EEAAAAAAAAAAAAAAQAAAQ.jpg,1,200,200
A_9AyaT5Y4vaoAAAAAAAAAAAAAAQAAAQ.jpg,A_6McDRL0y-v8AAAAAAAAAAAAAAQAAAQ.jpg,1,200,200
A_cWO0Sb2sA9gAAAAAAAAAAAAAAQAAAQ.jpg,A_7FcUTJfZ-EEAAAAAAAAAAAAAAQAAAQ.jpg,1,200,200
A_cWO0Sb2sA9gAAAAAAAAAAAAAAQAAAQ.jpg,A_6McDRL0y-v8AAAAAAAAAAAAAAQAAAQ.jpg,1,200,200
A_7FcUTJfZ-EEAAAAAAAAAAAAAAQAAAQ.jpg,A_6McDRL0y-v8AAAAAAAAAAAAAAQAAAQ.jpg,1,200,200
A_sltnS47XRVEAAAAAAAAAAAAAAQAAAQ.jpg,A_zmLbTK7Eq7wAAAAAAAAAAAAAAQAAAQ.jpg,1,201,201
A_sltnS47XRVEAAAAAAAAAAAAAAQAAAQ.jpg,A_GsfXSomQxTQAAAAAAAAAAAAAAQAAAQ.jpg,1,201,201
A_sltnS47XRVEAAAAAAAAAAAAAAQAAAQ.jpg,A_tB9JQ6SKjKYAAAAAAAAAAAAAAQAAAQ.jpg,1,201,201
A_sltnS47XRVEAAAAAAAAAAAAAAQAAAQ.jpg,A_9BCoRZPtd4kAAAAAAAAAAAAAAQAAAQ.jpg,1,201,201
A_sltnS47XRVEAAAAAAAAAAAAAAQAAAQ.jpg,A_RkkmTYGR2GgAAAAAAAAAAAAAAQAAAQ.jpg,1,201,201
A_zmLbTK7Eq7wAAAAAAAAAAAAAAQAAAQ.jpg,A_GsfXSomQxTQAAAAAAAAAAAAAAQAAAQ.jpg,1,201,201
A_zmLbTK7Eq7wAAAAAAAAAAAAAAQAAAQ.jpg,A_tB9JQ6SKjKYAAAAAAAAAAAAAAQAAAQ.jpg,1,201,201
A_zmLbTK7Eq7wAAAAAAAAAAAAAAQAAAQ.jpg,A_9BCoRZPtd4kAAAAAAAAAAAAAAQAAAQ.jpg,1,201,201
A_zmLbTK7Eq7wAAAAAAAAAAAAAAQAAAQ.jpg,A_RkkmTYGR2GgAAAAAAAAAAAAAAQAAAQ.jpg,1,201,201
A_GsfXSomQxTQAAAAAAAAAAAAAAQAAAQ.jpg,A_tB9JQ6SKjKYAAAAAAAAAAAAAAQAAAQ.jpg,1,201,201
A_GsfXSomQxTQAAAAAAAAAAAAAAQAAAQ.jpg,A_9BCoRZPtd4kAAAAAAAAAAAAAAQAAAQ.jpg,1,201,201
A_GsfXSomQxTQAAAAAAAAAAAAAAQAAAQ.jpg,A_RkkmTYGR2GgAAAAAAAAAAAAAAQAAAQ.jpg,1,201,201
A_tB9JQ6SKjKYAAAAAAAAAAAAAAQAAAQ.jpg,A_9BCoRZPtd4kAAAAAAAAAAAAAAQAAAQ.jpg,1,201,201
A_tB9JQ6SKjKYAAAAAAAAAAAAAAQAAAQ.jpg,A_RkkmTYGR2GgAAAAAAAAAAAAAAQAAAQ.jpg,1,201,201
A_9BCoRZPtd4kAAAAAAAAAAAAAAQAAAQ.jpg,A_RkkmTYGR2GgAAAAAAAAAAAAAAQAAAQ.jpg,1,201,201
A_hAAHRLBv6kUAAAAAAAAAAAAAAQAAAQ.jpg,A_D4eMSbEh5C8AAAAAAAAAAAAAAQAAAQ.jpg,1,202,202
A_hAAHRLBv6kUAAAAAAAAAAAAAAQAAAQ.jpg,A_oGUWTJP5TlUAAAAAAAAAAAAAAQAAAQ.jpg,1,202,202
A_hAAHRLBv6kUAAAAAAAAAAAAAAQAAAQ.jpg,A_osC4T6WDCO8AAAAAAAAAAAAAAQAAAQ.jpg,1,202,202
A_hAAHRLBv6kUAAAAAAAAAAAAAAQAAAQ.jpg,A_p7msSIPIoxsAAAAAAAAAAAAAAQAAAQ.jpg,1,202,202
A_hAAHRLBv6kUAAAAAAAAAAAAAAQAAAQ.jpg,A_p5ntSLcrva4AAAAAAAAAAAAAAQAAAQ.jpg,1,202,202
A_D4eMSbEh5C8AAAAAAAAAAAAAAQAAAQ.jpg,A_oGUWTJP5TlUAAAAAAAAAAAAAAQAAAQ.jpg,1,202,202
A_D4eMSbEh5C8AAAAAAAAAAAAAAQAAAQ.jpg,A_osC4T6WDCO8AAAAAAAAAAAAAAQAAAQ.jpg,1,202,202
A_D4eMSbEh5C8AAAAAAAAAAAAAAQAAAQ.jpg,A_p7msSIPIoxsAAAAAAAAAAAAAAQAAAQ.jpg,1,202,202
A_D4eMSbEh5C8AAAAAAAAAAAAAAQAAAQ.jpg,A_p5ntSLcrva4AAAAAAAAAAAAAAQAAAQ.jpg,1,202,202
A_oGUWTJP5TlUAAAAAAAAAAAAAAQAAAQ.jpg,A_osC4T6WDCO8AAAAAAAAAAAAAAQAAAQ.jpg,1,202,202
A_oGUWTJP5TlUAAAAAAAAAAAAAAQAAAQ.jpg,A_p7msSIPIoxsAAAAAAAAAAAAAAQAAAQ.jpg,1,202,202
A_oGUWTJP5TlUAAAAAAAAAAAAAAQAAAQ.jpg,A_p5ntSLcrva4AAAAAAAAAAAAAAQAAAQ.jpg,1,202,202
A_osC4T6WDCO8AAAAAAAAAAAAAAQAAAQ.jpg,A_p7msSIPIoxsAAAAAAAAAAAAAAQAAAQ.jpg,1,202,202
A_osC4T6WDCO8AAAAAAAAAAAAAAQAAAQ.jpg,A_p5ntSLcrva4AAAAAAAAAAAAAAQAAAQ.jpg,1,202,202
A_p7msSIPIoxsAAAAAAAAAAAAAAQAAAQ.jpg,A_p5ntSLcrva4AAAAAAAAAAAAAAQAAAQ.jpg,1,202,202
A_bmK8TYWpYpoAAAAAAAAAAAAAAQAAAQ.jpg,A_nvhUSpQWokYAAAAAAAAAAAAAAQAAAQ.jpg,1,203,203
A_bmK8TYWpYpoAAAAAAAAAAAAAAQAAAQ.jpg,A_7qXtTLRKBLsAAAAAAAAAAAAAAQAAAQ.jpg,1,203,203
A_bmK8TYWpYpoAAAAAAAAAAAAAAQAAAQ.jpg,A_RxhpTqk6BKsAAAAAAAAAAAAAAQAAAQ.jpg,1,203,203
A_bmK8TYWpYpoAAAAAAAAAAAAAAQAAAQ.jpg,A_tmZ3QpBor3sAAAAAAAAAAAAAAQAAAQ.jpg,1,203,203
A_bmK8TYWpYpoAAAAAAAAAAAAAAQAAAQ.jpg,A_LKyVRYb174gAAAAAAAAAAAAAAQAAAQ.jpg,1,203,203
A_nvhUSpQWokYAAAAAAAAAAAAAAQAAAQ.jpg,A_7qXtTLRKBLsAAAAAAAAAAAAAAQAAAQ.jpg,1,203,203
A_nvhUSpQWokYAAAAAAAAAAAAAAQAAAQ.jpg,A_RxhpTqk6BKsAAAAAAAAAAAAAAQAAAQ.jpg,1,203,203
A_nvhUSpQWokYAAAAAAAAAAAAAAQAAAQ.jpg,A_tmZ3QpBor3sAAAAAAAAAAAAAAQAAAQ.jpg,1,203,203
A_nvhUSpQWokYAAAAAAAAAAAAAAQAAAQ.jpg,A_LKyVRYb174gAAAAAAAAAAAAAAQAAAQ.jpg,1,203,203
A_7qXtTLRKBLsAAAAAAAAAAAAAAQAAAQ.jpg,A_RxhpTqk6BKsAAAAAAAAAAAAAAQAAAQ.jpg,1,203,203
A_7qXtTLRKBLsAAAAAAAAAAAAAAQAAAQ.jpg,A_tmZ3QpBor3sAAAAAAAAAAAAAAQAAAQ.jpg,1,203,203
A_7qXtTLRKBLsAAAAAAAAAAAAAAQAAAQ.jpg,A_LKyVRYb174gAAAAAAAAAAAAAAQAAAQ.jpg,1,203,203
A_RxhpTqk6BKsAAAAAAAAAAAAAAQAAAQ.jpg,A_tmZ3QpBor3sAAAAAAAAAAAAAAQAAAQ.jpg,1,203,203
A_RxhpTqk6BKsAAAAAAAAAAAAAAQAAAQ.jpg,A_LKyVRYb174gAAAAAAAAAAAAAAQAAAQ.jpg,1,203,203
A_tmZ3QpBor3sAAAAAAAAAAAAAAQAAAQ.jpg,A_LKyVRYb174gAAAAAAAAAAAAAAQAAAQ.jpg,1,203,203
A_LFzLT7mHIM8AAAAAAAAAAAAAAQAAAQ.jpg,A_iFNfS4GsUIAAAAAAAAAAAAAAAQAAAQ.jpg,1,204,204
A_LFzLT7mHIM8AAAAAAAAAAAAAAQAAAQ.jpg,A_FraFT4NK-OwAAAAAAAAAAAAAAQAAAQ.jpg,1,204,204
A_LFzLT7mHIM8AAAAAAAAAAAAAAQAAAQ.jpg,A_5JaUS5e0nHAAAAAAAAAAAAAAAQAAAQ.jpg,1,204,204
A_LFzLT7mHIM8AAAAAAAAAAAAAAQAAAQ.jpg,A_cexvRK__-1MAAAAAAAAAAAAAAQAAAQ.jpg,1,204,204
A_LFzLT7mHIM8AAAAAAAAAAAAAAQAAAQ.jpg,A_P3qUR6v9jfsAAAAAAAAAAAAAAQAAAQ.jpg,1,204,204
A_iFNfS4GsUIAAAAAAAAAAAAAAAQAAAQ.jpg,A_FraFT4NK-OwAAAAAAAAAAAAAAQAAAQ.jpg,1,204,204
A_iFNfS4GsUIAAAAAAAAAAAAAAAQAAAQ.jpg,A_5JaUS5e0nHAAAAAAAAAAAAAAAQAAAQ.jpg,1,204,204
A_iFNfS4GsUIAAAAAAAAAAAAAAAQAAAQ.jpg,A_cexvRK__-1MAAAAAAAAAAAAAAQAAAQ.jpg,1,204,204
A_iFNfS4GsUIAAAAAAAAAAAAAAAQAAAQ.jpg,A_P3qUR6v9jfsAAAAAAAAAAAAAAQAAAQ.jpg,1,204,204
A_FraFT4NK-OwAAAAAAAAAAAAAAQAAAQ.jpg,A_5JaUS5e0nHAAAAAAAAAAAAAAAQAAAQ.jpg,1,204,204
A_FraFT4NK-OwAAAAAAAAAAAAAAQAAAQ.jpg,A_cexvRK__-1MAAAAAAAAAAAAAAQAAAQ.jpg,1,204,204
A_FraFT4NK-OwAAAAAAAAAAAAAAQAAAQ.jpg,A_P3qUR6v9jfsAAAAAAAAAAAAAAQAAAQ.jpg,1,204,204
A_5JaUS5e0nHAAAAAAAAAAAAAAAQAAAQ.jpg,A_cexvRK__-1MAAAAAAAAAAAAAAQAAAQ.jpg,1,204,204
A_5JaUS5e0nHAAAAAAAAAAAAAAAQAAAQ.jpg,A_P3qUR6v9jfsAAAAAAAAAAAAAAQAAAQ.jpg,1,204,204
A_cexvRK__-1MAAAAAAAAAAAAAAQAAAQ.jpg,A_P3qUR6v9jfsAAAAAAAAAAAAAAQAAAQ.jpg,1,204,204
A_7kJbS6bLFokAAAAAAAAAAAAAAQAAAQ.jpg,A_qaJ-TItVSXQAAAAAAAAAAAAAAQAAAQ.jpg,1,205,205
A_7kJbS6bLFokAAAAAAAAAAAAAAQAAAQ.jpg,A_TETcSo4ZDCgAAAAAAAAAAAAAAQAAAQ.jpg,1,205,205
A_7kJbS6bLFokAAAAAAAAAAAAAAQAAAQ.jpg,A_79Y3T534mhsAAAAAAAAAAAAAAQAAAQ.jpg,1,205,205
A_7kJbS6bLFokAAAAAAAAAAAAAAQAAAQ.jpg,A_xteZTaHHkAYAAAAAAAAAAAAAAQAAAQ.jpg,1,205,205
A_7kJbS6bLFokAAAAAAAAAAAAAAQAAAQ.jpg,A__rJuT4Ht2V0AAAAAAAAAAAAAAQAAAQ.jpg,1,205,205
A_qaJ-TItVSXQAAAAAAAAAAAAAAQAAAQ.jpg,A_TETcSo4ZDCgAAAAAAAAAAAAAAQAAAQ.jpg,1,205,205
A_qaJ-TItVSXQAAAAAAAAAAAAAAQAAAQ.jpg,A_79Y3T534mhsAAAAAAAAAAAAAAQAAAQ.jpg,1,205,205
A_qaJ-TItVSXQAAAAAAAAAAAAAAQAAAQ.jpg,A_xteZTaHHkAYAAAAAAAAAAAAAAQAAAQ.jpg,1,205,205
A_qaJ-TItVSXQAAAAAAAAAAAAAAQAAAQ.jpg,A__rJuT4Ht2V0AAAAAAAAAAAAAAQAAAQ.jpg,1,205,205
A_TETcSo4ZDCgAAAAAAAAAAAAAAQAAAQ.jpg,A_79Y3T534mhsAAAAAAAAAAAAAAQAAAQ.jpg,1,205,205
A_TETcSo4ZDCgAAAAAAAAAAAAAAQAAAQ.jpg,A_xteZTaHHkAYAAAAAAAAAAAAAAQAAAQ.jpg,1,205,205
A_TETcSo4ZDCgAAAAAAAAAAAAAAQAAAQ.jpg,A__rJuT4Ht2V0AAAAAAAAAAAAAAQAAAQ.jpg,1,205,205
A_79Y3T534mhsAAAAAAAAAAAAAAQAAAQ.jpg,A_xteZTaHHkAYAAAAAAAAAAAAAAQAAAQ.jpg,1,205,205
A_79Y3T534mhsAAAAAAAAAAAAAAQAAAQ.jpg,A__rJuT4Ht2V0AAAAAAAAAAAAAAQAAAQ.jpg,1,205,205
A_xteZTaHHkAYAAAAAAAAAAAAAAQAAAQ.jpg,A__rJuT4Ht2V0AAAAAAAAAAAAAAQAAAQ.jpg,1,205,205
A_yhhDQbrQfGd8ld9BhzssNAAAAQAAAQ.jpg,A_IqiWR62avL8AAAAAAAAAAAAAAQAAAQ.jpg,1,206,206
A_yhhDQbrQfGd8ld9BhzssNAAAAQAAAQ.jpg,A_Xrx1SIEgz8YAAAAAAAAAAAAAAQAAAQ.jpg,1,206,206
A_yhhDQbrQfGd8ld9BhzssNAAAAQAAAQ.jpg,A_yhhDQbrQfGclRShOv4OoLQAAAQAAAQ.jpg,1,206,206
A_yhhDQbrQfGd8ld9BhzssNAAAAQAAAQ.jpg,A_yhhDQbrQfGcAAAAAAAAAAAAAAQAAAQ.jpg,1,206,206
A_yhhDQbrQfGd8ld9BhzssNAAAAQAAAQ.jpg,A_xVWGSYgcMQkAAAAAAAAAAAAAAQAAAQ.jpg,1,206,206
A_IqiWR62avL8AAAAAAAAAAAAAAQAAAQ.jpg,A_Xrx1SIEgz8YAAAAAAAAAAAAAAQAAAQ.jpg,1,206,206
A_IqiWR62avL8AAAAAAAAAAAAAAQAAAQ.jpg,A_yhhDQbrQfGclRShOv4OoLQAAAQAAAQ.jpg,1,206,206
A_IqiWR62avL8AAAAAAAAAAAAAAQAAAQ.jpg,A_yhhDQbrQfGcAAAAAAAAAAAAAAQAAAQ.jpg,1,206,206
A_IqiWR62avL8AAAAAAAAAAAAAAQAAAQ.jpg,A_xVWGSYgcMQkAAAAAAAAAAAAAAQAAAQ.jpg,1,206,206
A_Xrx1SIEgz8YAAAAAAAAAAAAAAQAAAQ.jpg,A_yhhDQbrQfGclRShOv4OoLQAAAQAAAQ.jpg,1,206,206
A_Xrx1SIEgz8YAAAAAAAAAAAAAAQAAAQ.jpg,A_yhhDQbrQfGcAAAAAAAAAAAAAAQAAAQ.jpg,1,206,206
A_Xrx1SIEgz8YAAAAAAAAAAAAAAQAAAQ.jpg,A_xVWGSYgcMQkAAAAAAAAAAAAAAQAAAQ.jpg,1,206,206
A_yhhDQbrQfGclRShOv4OoLQAAAQAAAQ.jpg,A_yhhDQbrQfGcAAAAAAAAAAAAAAQAAAQ.jpg,1,206,206
A_yhhDQbrQfGclRShOv4OoLQAAAQAAAQ.jpg,A_xVWGSYgcMQkAAAAAAAAAAAAAAQAAAQ.jpg,1,206,206
A_yhhDQbrQfGcAAAAAAAAAAAAAAQAAAQ.jpg,A_xVWGSYgcMQkAAAAAAAAAAAAAAQAAAQ.jpg,1,206,206
dsoIAzfXQvGCsWjUbb4X8AAAACMAARAD.jpg,25_WUrUGSRSwEQtlCIA78gAAACMAARAD.jpg,1,207,207
dsoIAzfXQvGCsWjUbb4X8AAAACMAARAD.jpg,9Z0hAJwqQ_Sp0MUIGh4b1wAAACMAARAD.jpg,1,207,207
dsoIAzfXQvGCsWjUbb4X8AAAACMAARAD.jpg,otcaKuZmTvi_QxerP6VRdAAAACMAARAD.jpg,1,207,207
dsoIAzfXQvGCsWjUbb4X8AAAACMAARAD.jpg,LkTAGmb3TGuGGZHU52brUQAAACMAARAD.jpg,1,207,207
dsoIAzfXQvGCsWjUbb4X8AAAACMAARAD.jpg,X7bAJ7tFSBG_4F661zvLggAAACMAARAD.jpg,1,207,207
25_WUrUGSRSwEQtlCIA78gAAACMAARAD.jpg,9Z0hAJwqQ_Sp0MUIGh4b1wAAACMAARAD.jpg,1,207,207
25_WUrUGSRSwEQtlCIA78gAAACMAARAD.jpg,otcaKuZmTvi_QxerP6VRdAAAACMAARAD.jpg,1,207,207
25_WUrUGSRSwEQtlCIA78gAAACMAARAD.jpg,LkTAGmb3TGuGGZHU52brUQAAACMAARAD.jpg,1,207,207
25_WUrUGSRSwEQtlCIA78gAAACMAARAD.jpg,X7bAJ7tFSBG_4F661zvLggAAACMAARAD.jpg,1,207,207
9Z0hAJwqQ_Sp0MUIGh4b1wAAACMAARAD.jpg,otcaKuZmTvi_QxerP6VRdAAAACMAARAD.jpg,1,207,207
9Z0hAJwqQ_Sp0MUIGh4b1wAAACMAARAD.jpg,LkTAGmb3TGuGGZHU52brUQAAACMAARAD.jpg,1,207,207
9Z0hAJwqQ_Sp0MUIGh4b1wAAACMAARAD.jpg,X7bAJ7tFSBG_4F661zvLggAAACMAARAD.jpg,1,207,207
otcaKuZmTvi_QxerP6VRdAAAACMAARAD.jpg,LkTAGmb3TGuGGZHU52brUQAAACMAARAD.jpg,1,207,207
otcaKuZmTvi_QxerP6VRdAAAACMAARAD.jpg,X7bAJ7tFSBG_4F661zvLggAAACMAARAD.jpg,1,207,207
LkTAGmb3TGuGGZHU52brUQAAACMAARAD.jpg,X7bAJ7tFSBG_4F661zvLggAAACMAARAD.jpg,1,207,207
-6WHQxGYR3ej96FqYNv-hAAAACMAARAD.jpg,g1oOHJOvS4qxd5DGYu64FgAAACMAARAD.jpg,1,208,208
-6WHQxGYR3ej96FqYNv-hAAAACMAARAD.jpg,HMN8oNTtTIaofpt7eRl3dwAAACMAARAD.jpg,1,208,208
-6WHQxGYR3ej96FqYNv-hAAAACMAARAD.jpg,XDjg9OcHR_imQ2hoka747gAAACMAARAD.jpg,1,208,208
-6WHQxGYR3ej96FqYNv-hAAAACMAARAD.jpg,qHnFLmDMQMiYxAn70xvcRwAAACMAARAD.jpg,1,208,208
-6WHQxGYR3ej96FqYNv-hAAAACMAARAD.jpg,MkS_FJIUSj-AkfBJ2KVoEwAAACMAARAD.jpg,1,208,208
g1oOHJOvS4qxd5DGYu64FgAAACMAARAD.jpg,HMN8oNTtTIaofpt7eRl3dwAAACMAARAD.jpg,1,208,208
g1oOHJOvS4qxd5DGYu64FgAAACMAARAD.jpg,XDjg9OcHR_imQ2hoka747gAAACMAARAD.jpg,1,208,208
g1oOHJOvS4qxd5DGYu64FgAAACMAARAD.jpg,qHnFLmDMQMiYxAn70xvcRwAAACMAARAD.jpg,1,208,208
g1oOHJOvS4qxd5DGYu64FgAAACMAARAD.jpg,MkS_FJIUSj-AkfBJ2KVoEwAAACMAARAD.jpg,1,208,208
HMN8oNTtTIaofpt7eRl3dwAAACMAARAD.jpg,XDjg9OcHR_imQ2hoka747gAAACMAARAD.jpg,1,208,208
HMN8oNTtTIaofpt7eRl3dwAAACMAARAD.jpg,qHnFLmDMQMiYxAn70xvcRwAAACMAARAD.jpg,1,208,208
HMN8oNTtTIaofpt7eRl3dwAAACMAARAD.jpg,MkS_FJIUSj-AkfBJ2KVoEwAAACMAARAD.jpg,1,208,208
XDjg9OcHR_imQ2hoka747gAAACMAARAD.jpg,qHnFLmDMQMiYxAn70xvcRwAAACMAARAD.jpg,1,208,208
XDjg9OcHR_imQ2hoka747gAAACMAARAD.jpg,MkS_FJIUSj-AkfBJ2KVoEwAAACMAARAD.jpg,1,208,208
qHnFLmDMQMiYxAn70xvcRwAAACMAARAD.jpg,MkS_FJIUSj-AkfBJ2KVoEwAAACMAARAD.jpg,1,208,208
QiREoZZIR4-HVb2IYPQWXwAAACMAARED.jpg,qvyQGoFhTm69RSHS-41E9QAAACMAARAD.jpg,1,209,209
QiREoZZIR4-HVb2IYPQWXwAAACMAARED.jpg,rPNyWMgLSMewMHD2BSt6gAAAACMAARAD.jpg,1,209,209
QiREoZZIR4-HVb2IYPQWXwAAACMAARED.jpg,wsFUWtimSpau8CNMYn1IEAAAACMAARAD.jpg,1,209,209
QiREoZZIR4-HVb2IYPQWXwAAACMAARED.jpg,W2GbcBOXQ8S9PGJqLQppPQAAACMAARED.jpg,1,209,209
QiREoZZIR4-HVb2IYPQWXwAAACMAARED.jpg,NEaQDqOzRj2kGdWgt4KrigAAACMAARAD.jpg,1,209,209
qvyQGoFhTm69RSHS-41E9QAAACMAARAD.jpg,rPNyWMgLSMewMHD2BSt6gAAAACMAARAD.jpg,1,209,209
qvyQGoFhTm69RSHS-41E9QAAACMAARAD.jpg,wsFUWtimSpau8CNMYn1IEAAAACMAARAD.jpg,1,209,209
qvyQGoFhTm69RSHS-41E9QAAACMAARAD.jpg,W2GbcBOXQ8S9PGJqLQppPQAAACMAARED.jpg,1,209,209
qvyQGoFhTm69RSHS-41E9QAAACMAARAD.jpg,NEaQDqOzRj2kGdWgt4KrigAAACMAARAD.jpg,1,209,209
rPNyWMgLSMewMHD2BSt6gAAAACMAARAD.jpg,wsFUWtimSpau8CNMYn1IEAAAACMAARAD.jpg,1,209,209
rPNyWMgLSMewMHD2BSt6gAAAACMAARAD.jpg,W2GbcBOXQ8S9PGJqLQppPQAAACMAARED.jpg,1,209,209
rPNyWMgLSMewMHD2BSt6gAAAACMAARAD.jpg,NEaQDqOzRj2kGdWgt4KrigAAACMAARAD.jpg,1,209,209
wsFUWtimSpau8CNMYn1IEAAAACMAARAD.jpg,W2GbcBOXQ8S9PGJqLQppPQAAACMAARED.jpg,1,209,209
wsFUWtimSpau8CNMYn1IEAAAACMAARAD.jpg,NEaQDqOzRj2kGdWgt4KrigAAACMAARAD.jpg,1,209,209
W2GbcBOXQ8S9PGJqLQppPQAAACMAARED.jpg,NEaQDqOzRj2kGdWgt4KrigAAACMAARAD.jpg,1,209,209
A_uNzLSLfbVYsAAAAAAAAAAAAAAQAAAQ.jpg,A_BuqfTqOcdvkAAAAAAAAAAAAAAQAAAQ.jpg,1,210,210
A_uNzLSLfbVYsAAAAAAAAAAAAAAQAAAQ.jpg,A__euTTbzk1_QAAAAAAAAAAAAAAQAAAQ.jpg,1,210,210
A_uNzLSLfbVYsAAAAAAAAAAAAAAQAAAQ.jpg,A_-JpBS6Eepe4AAAAAAAAAAAAAAQAAAQ.jpg,1,210,210
A_uNzLSLfbVYsAAAAAAAAAAAAAAQAAAQ.jpg,A_FjITQKM8yiQAAAAAAAAAAAAAAQAAAQ.jpg,1,210,210
A_uNzLSLfbVYsAAAAAAAAAAAAAAQAAAQ.jpg,A_OStdQqQjUL8AAAAAAAAAAAAAAQAAAQ.jpg,1,210,210
A_BuqfTqOcdvkAAAAAAAAAAAAAAQAAAQ.jpg,A__euTTbzk1_QAAAAAAAAAAAAAAQAAAQ.jpg,1,210,210
A_BuqfTqOcdvkAAAAAAAAAAAAAAQAAAQ.jpg,A_-JpBS6Eepe4AAAAAAAAAAAAAAQAAAQ.jpg,1,210,210
A_BuqfTqOcdvkAAAAAAAAAAAAAAQAAAQ.jpg,A_FjITQKM8yiQAAAAAAAAAAAAAAQAAAQ.jpg,1,210,210
A_BuqfTqOcdvkAAAAAAAAAAAAAAQAAAQ.jpg,A_OStdQqQjUL8AAAAAAAAAAAAAAQAAAQ.jpg,1,210,210
A__euTTbzk1_QAAAAAAAAAAAAAAQAAAQ.jpg,A_-JpBS6Eepe4AAAAAAAAAAAAAAQAAAQ.jpg,1,210,210
A__euTTbzk1_QAAAAAAAAAAAAAAQAAAQ.jpg,A_FjITQKM8yiQAAAAAAAAAAAAAAQAAAQ.jpg,1,210,210
A__euTTbzk1_QAAAAAAAAAAAAAAQAAAQ.jpg,A_OStdQqQjUL8AAAAAAAAAAAAAAQAAAQ.jpg,1,210,210
A_-JpBS6Eepe4AAAAAAAAAAAAAAQAAAQ.jpg,A_FjITQKM8yiQAAAAAAAAAAAAAAQAAAQ.jpg,1,210,210
A_-JpBS6Eepe4AAAAAAAAAAAAAAQAAAQ.jpg,A_OStdQqQjUL8AAAAAAAAAAAAAAQAAAQ.jpg,1,210,210
A_FjITQKM8yiQAAAAAAAAAAAAAAQAAAQ.jpg,A_OStdQqQjUL8AAAAAAAAAAAAAAQAAAQ.jpg,1,210,210
A__QqmTIAyqmIAAAAAAAAAAAAAAQAAAQ.jpg,5xr55tW6SGCb4W78k-0IXwAAACMAARAD.jpg,1,211,211
A__QqmTIAyqmIAAAAAAAAAAAAAAQAAAQ.jpg,oO24Om4hRGmWxTCA3nJ4iwAAACMAARAD.jpg,1,211,211
A__QqmTIAyqmIAAAAAAAAAAAAAAQAAAQ.jpg,Z_Hv1amYSOKoJUJcV5cxjwAAACMAARAD.jpg,1,211,211
A__QqmTIAyqmIAAAAAAAAAAAAAAQAAAQ.jpg,UB-NZRT8SxapdoqCNWuvvAAAACMAARAD.jpg,1,211,211
A__QqmTIAyqmIAAAAAAAAAAAAAAQAAAQ.jpg,tk4mOGEERLCxkiRM1WOXuwAAACMAARAD.jpg,1,211,211
5xr55tW6SGCb4W78k-0IXwAAACMAARAD.jpg,oO24Om4hRGmWxTCA3nJ4iwAAACMAARAD.jpg,1,211,211
5xr55tW6SGCb4W78k-0IXwAAACMAARAD.jpg,Z_Hv1amYSOKoJUJcV5cxjwAAACMAARAD.jpg,1,211,211
5xr55tW6SGCb4W78k-0IXwAAACMAARAD.jpg,UB-NZRT8SxapdoqCNWuvvAAAACMAARAD.jpg,1,211,211
5xr55tW6SGCb4W78k-0IXwAAACMAARAD.jpg,tk4mOGEERLCxkiRM1WOXuwAAACMAARAD.jpg,1,211,211
oO24Om4hRGmWxTCA3nJ4iwAAACMAARAD.jpg,Z_Hv1amYSOKoJUJcV5cxjwAAACMAARAD.jpg,1,211,211
oO24Om4hRGmWxTCA3nJ4iwAAACMAARAD.jpg,UB-NZRT8SxapdoqCNWuvvAAAACMAARAD.jpg,1,211,211
oO24Om4hRGmWxTCA3nJ4iwAAACMAARAD.jpg,tk4mOGEERLCxkiRM1WOXuwAAACMAARAD.jpg,1,211,211
Z_Hv1amYSOKoJUJcV5cxjwAAACMAARAD.jpg,UB-NZRT8SxapdoqCNWuvvAAAACMAARAD.jpg,1,211,211
Z_Hv1amYSOKoJUJcV5cxjwAAACMAARAD.jpg,tk4mOGEERLCxkiRM1WOXuwAAACMAARAD.jpg,1,211,211
UB-NZRT8SxapdoqCNWuvvAAAACMAARAD.jpg,tk4mOGEERLCxkiRM1WOXuwAAACMAARAD.jpg,1,211,211
A_OrR4RrU6OP0AAAAAAAAAAAAAAQAAAQ.jpg,A_4h3wQKJ5JDUAAAAAAAAAAAAAAQAAAQ.jpg,1,212,212
A_OrR4RrU6OP0AAAAAAAAAAAAAAQAAAQ.jpg,A_PR05ToNQKfQAAAAAAAAAAAAAAQAAAQ.jpg,1,212,212
A_OrR4RrU6OP0AAAAAAAAAAAAAAQAAAQ.jpg,A_fGXbTY1iJoEAAAAAAAAAAAAAAQAAAQ.jpg,1,212,212
A_OrR4RrU6OP0AAAAAAAAAAAAAAQAAAQ.jpg,A_EkWETZHkU5kAAAAAAAAAAAAAAQAAAQ.jpg,1,212,212
A_OrR4RrU6OP0AAAAAAAAAAAAAAQAAAQ.jpg,A_8ZqeTLmaayAAAAAAAAAAAAAAAQAAAQ.jpg,1,212,212
A_4h3wQKJ5JDUAAAAAAAAAAAAAAQAAAQ.jpg,A_PR05ToNQKfQAAAAAAAAAAAAAAQAAAQ.jpg,1,212,212
A_4h3wQKJ5JDUAAAAAAAAAAAAAAQAAAQ.jpg,A_fGXbTY1iJoEAAAAAAAAAAAAAAQAAAQ.jpg,1,212,212
A_4h3wQKJ5JDUAAAAAAAAAAAAAAQAAAQ.jpg,A_EkWETZHkU5kAAAAAAAAAAAAAAQAAAQ.jpg,1,212,212
A_4h3wQKJ5JDUAAAAAAAAAAAAAAQAAAQ.jpg,A_8ZqeTLmaayAAAAAAAAAAAAAAAQAAAQ.jpg,1,212,212
A_PR05ToNQKfQAAAAAAAAAAAAAAQAAAQ.jpg,A_fGXbTY1iJoEAAAAAAAAAAAAAAQAAAQ.jpg,1,212,212
A_PR05ToNQKfQAAAAAAAAAAAAAAQAAAQ.jpg,A_EkWETZHkU5kAAAAAAAAAAAAAAQAAAQ.jpg,1,212,212
A_PR05ToNQKfQAAAAAAAAAAAAAAQAAAQ.jpg,A_8ZqeTLmaayAAAAAAAAAAAAAAAQAAAQ.jpg,1,212,212
A_fGXbTY1iJoEAAAAAAAAAAAAAAQAAAQ.jpg,A_EkWETZHkU5kAAAAAAAAAAAAAAQAAAQ.jpg,1,212,212
A_fGXbTY1iJoEAAAAAAAAAAAAAAQAAAQ.jpg,A_8ZqeTLmaayAAAAAAAAAAAAAAAQAAAQ.jpg,1,212,212
A_EkWETZHkU5kAAAAAAAAAAAAAAQAAAQ.jpg,A_8ZqeTLmaayAAAAAAAAAAAAAAAQAAAQ.jpg,1,212,212
A_xjiuTJsJUpsAAAAAAAAAAAAAAQAAAQ.jpg,A_TcbgToJZ2O0AAAAAAAAAAAAAAQAAAQ.jpg,1,213,213
A_xjiuTJsJUpsAAAAAAAAAAAAAAQAAAQ.jpg,A_Hd0LRLVyFxQAAAAAAAAAAAAAAQAAAQ.jpg,1,213,213
A_xjiuTJsJUpsAAAAAAAAAAAAAAQAAAQ.jpg,A_P5b9TYwVLCMAAAAAAAAAAAAAAQAAAQ.jpg,1,213,213
A_xjiuTJsJUpsAAAAAAAAAAAAAAQAAAQ.jpg,A_5BrdQ7yMxs4AAAAAAAAAAAAAAQAAAQ.jpg,1,213,213
A_xjiuTJsJUpsAAAAAAAAAAAAAAQAAAQ.jpg,A_StpkT6djYVMAAAAAAAAAAAAAAQAAAQ.jpg,1,213,213
A_TcbgToJZ2O0AAAAAAAAAAAAAAQAAAQ.jpg,A_Hd0LRLVyFxQAAAAAAAAAAAAAAQAAAQ.jpg,1,213,213
A_TcbgToJZ2O0AAAAAAAAAAAAAAQAAAQ.jpg,A_P5b9TYwVLCMAAAAAAAAAAAAAAQAAAQ.jpg,1,213,213
A_TcbgToJZ2O0AAAAAAAAAAAAAAQAAAQ.jpg,A_5BrdQ7yMxs4AAAAAAAAAAAAAAQAAAQ.jpg,1,213,213
A_TcbgToJZ2O0AAAAAAAAAAAAAAQAAAQ.jpg,A_StpkT6djYVMAAAAAAAAAAAAAAQAAAQ.jpg,1,213,213
A_Hd0LRLVyFxQAAAAAAAAAAAAAAQAAAQ.jpg,A_P5b9TYwVLCMAAAAAAAAAAAAAAQAAAQ.jpg,1,213,213
A_Hd0LRLVyFxQAAAAAAAAAAAAAAQAAAQ.jpg,A_5BrdQ7yMxs4AAAAAAAAAAAAAAQAAAQ.jpg,1,213,213
A_Hd0LRLVyFxQAAAAAAAAAAAAAAQAAAQ.jpg,A_StpkT6djYVMAAAAAAAAAAAAAAQAAAQ.jpg,1,213,213
A_P5b9TYwVLCMAAAAAAAAAAAAAAQAAAQ.jpg,A_5BrdQ7yMxs4AAAAAAAAAAAAAAQAAAQ.jpg,1,213,213
A_P5b9TYwVLCMAAAAAAAAAAAAAAQAAAQ.jpg,A_StpkT6djYVMAAAAAAAAAAAAAAQAAAQ.jpg,1,213,213
A_5BrdQ7yMxs4AAAAAAAAAAAAAAQAAAQ.jpg,A_StpkT6djYVMAAAAAAAAAAAAAAQAAAQ.jpg,1,213,213
A_5TYSRLGnvfEAAAAAAAAAAAAAAQAAAQ.jpg,A_NbMERImKF5IAAAAAAAAAAAAAAQAAAQ.jpg,1,214,214
A_5TYSRLGnvfEAAAAAAAAAAAAAAQAAAQ.jpg,A_hiF9SJL03uIAAAAAAAAAAAAAAQAAAQ.jpg,1,214,214
A_5TYSRLGnvfEAAAAAAAAAAAAAAQAAAQ.jpg,A_c_ljRZmOJuEAAAAAAAAAAAAAAQAAAQ.jpg,1,214,214
A_5TYSRLGnvfEAAAAAAAAAAAAAAQAAAQ.jpg,A_00wGQ6p8j_UAAAAAAAAAAAAAAQAAAQ.jpg,1,214,214
A_5TYSRLGnvfEAAAAAAAAAAAAAAQAAAQ.jpg,A_oWLETqhT6YIAAAAAAAAAAAAAAQAAAQ.jpg,1,214,214
A_NbMERImKF5IAAAAAAAAAAAAAAQAAAQ.jpg,A_hiF9SJL03uIAAAAAAAAAAAAAAQAAAQ.jpg,1,214,214
A_NbMERImKF5IAAAAAAAAAAAAAAQAAAQ.jpg,A_c_ljRZmOJuEAAAAAAAAAAAAAAQAAAQ.jpg,1,214,214
A_NbMERImKF5IAAAAAAAAAAAAAAQAAAQ.jpg,A_00wGQ6p8j_UAAAAAAAAAAAAAAQAAAQ.jpg,1,214,214
A_NbMERImKF5IAAAAAAAAAAAAAAQAAAQ.jpg,A_oWLETqhT6YIAAAAAAAAAAAAAAQAAAQ.jpg,1,214,214
A_hiF9SJL03uIAAAAAAAAAAAAAAQAAAQ.jpg,A_c_ljRZmOJuEAAAAAAAAAAAAAAQAAAQ.jpg,1,214,214
A_hiF9SJL03uIAAAAAAAAAAAAAAQAAAQ.jpg,A_00wGQ6p8j_UAAAAAAAAAAAAAAQAAAQ.jpg,1,214,214
A_hiF9SJL03uIAAAAAAAAAAAAAAQAAAQ.jpg,A_oWLETqhT6YIAAAAAAAAAAAAAAQAAAQ.jpg,1,214,214
A_c_ljRZmOJuEAAAAAAAAAAAAAAQAAAQ.jpg,A_00wGQ6p8j_UAAAAAAAAAAAAAAQAAAQ.jpg,1,214,214
A_c_ljRZmOJuEAAAAAAAAAAAAAAQAAAQ.jpg,A_oWLETqhT6YIAAAAAAAAAAAAAAQAAAQ.jpg,1,214,214
A_00wGQ6p8j_UAAAAAAAAAAAAAAQAAAQ.jpg,A_oWLETqhT6YIAAAAAAAAAAAAAAQAAAQ.jpg,1,214,214
A_7mlCRqiHNywAAAAAAAAAAAAAAQAAAQ.jpg,A__OQTR7tlKikAAAAAAAAAAAAAAQAAAQ.jpg,1,215,215
A_7mlCRqiHNywAAAAAAAAAAAAAAQAAAQ.jpg,A_Wc20RKKu6mgAAAAAAAAAAAAAAQAAAQ.jpg,1,215,215
A_7mlCRqiHNywAAAAAAAAAAAAAAQAAAQ.jpg,A_0t4nQKnH940AAAAAAAAAAAAAAQAAAQ.jpg,1,215,215
A_7mlCRqiHNywAAAAAAAAAAAAAAQAAAQ.jpg,A_gMo-T6IQdv0AAAAAAAAAAAAAAQAAAQ.jpg,1,215,215
A_7mlCRqiHNywAAAAAAAAAAAAAAQAAAQ.jpg,A_YrcgQoK0NyIAAAAAAAAAAAAAAQAAAQ.jpg,1,215,215
A__OQTR7tlKikAAAAAAAAAAAAAAQAAAQ.jpg,A_Wc20RKKu6mgAAAAAAAAAAAAAAQAAAQ.jpg,1,215,215
A__OQTR7tlKikAAAAAAAAAAAAAAQAAAQ.jpg,A_0t4nQKnH940AAAAAAAAAAAAAAQAAAQ.jpg,1,215,215
A__OQTR7tlKikAAAAAAAAAAAAAAQAAAQ.jpg,A_gMo-T6IQdv0AAAAAAAAAAAAAAQAAAQ.jpg,1,215,215
A__OQTR7tlKikAAAAAAAAAAAAAAQAAAQ.jpg,A_YrcgQoK0NyIAAAAAAAAAAAAAAQAAAQ.jpg,1,215,215
A_Wc20RKKu6mgAAAAAAAAAAAAAAQAAAQ.jpg,A_0t4nQKnH940AAAAAAAAAAAAAAQAAAQ.jpg,1,215,215
A_Wc20RKKu6mgAAAAAAAAAAAAAAQAAAQ.jpg,A_gMo-T6IQdv0AAAAAAAAAAAAAAQAAAQ.jpg,1,215,215
A_Wc20RKKu6mgAAAAAAAAAAAAAAQAAAQ.jpg,A_YrcgQoK0NyIAAAAAAAAAAAAAAQAAAQ.jpg,1,215,215
A_0t4nQKnH940AAAAAAAAAAAAAAQAAAQ.jpg,A_gMo-T6IQdv0AAAAAAAAAAAAAAQAAAQ.jpg,1,215,215
A_0t4nQKnH940AAAAAAAAAAAAAAQAAAQ.jpg,A_YrcgQoK0NyIAAAAAAAAAAAAAAQAAAQ.jpg,1,215,215
A_gMo-T6IQdv0AAAAAAAAAAAAAAQAAAQ.jpg,A_YrcgQoK0NyIAAAAAAAAAAAAAAQAAAQ.jpg,1,215,215
A_JzxkRq5CL7UKXIZGrRlzfQAAAQAAAQ.jpg,A_g-_gS6bU8hYAAAAAAAAAAAAAAQAAAQ.jpg,1,216,216
A_JzxkRq5CL7UKXIZGrRlzfQAAAQAAAQ.jpg,A_chnJTr6v4Y8AAAAAAAAAAAAAAQAAAQ.jpg,1,216,216
A_JzxkRq5CL7UKXIZGrRlzfQAAAQAAAQ.jpg,A_JzxkRq5CL7UAAAAAAAAAAAAAAQAAAQ.jpg,1,216,216
A_JzxkRq5CL7UKXIZGrRlzfQAAAQAAAQ.jpg,A_05zKQb6bySIAAAAAAAAAAAAAAQAAAQ.jpg,1,216,216
A_JzxkRq5CL7UKXIZGrRlzfQAAAQAAAQ.jpg,A_chnJTr6v4Y9vQqpAmLZa1AAAAQAAAQ.jpg,1,216,216
A_g-_gS6bU8hYAAAAAAAAAAAAAAQAAAQ.jpg,A_chnJTr6v4Y8AAAAAAAAAAAAAAQAAAQ.jpg,1,216,216
A_g-_gS6bU8hYAAAAAAAAAAAAAAQAAAQ.jpg,A_JzxkRq5CL7UAAAAAAAAAAAAAAQAAAQ.jpg,1,216,216
A_g-_gS6bU8hYAAAAAAAAAAAAAAQAAAQ.jpg,A_05zKQb6bySIAAAAAAAAAAAAAAQAAAQ.jpg,1,216,216
A_g-_gS6bU8hYAAAAAAAAAAAAAAQAAAQ.jpg,A_chnJTr6v4Y9vQqpAmLZa1AAAAQAAAQ.jpg,1,216,216
A_chnJTr6v4Y8AAAAAAAAAAAAAAQAAAQ.jpg,A_JzxkRq5CL7UAAAAAAAAAAAAAAQAAAQ.jpg,1,216,216
A_chnJTr6v4Y8AAAAAAAAAAAAAAQAAAQ.jpg,A_05zKQb6bySIAAAAAAAAAAAAAAQAAAQ.jpg,1,216,216
A_chnJTr6v4Y8AAAAAAAAAAAAAAQAAAQ.jpg,A_chnJTr6v4Y9vQqpAmLZa1AAAAQAAAQ.jpg,1,216,216
A_JzxkRq5CL7UAAAAAAAAAAAAAAQAAAQ.jpg,A_05zKQb6bySIAAAAAAAAAAAAAAQAAAQ.jpg,1,216,216
A_JzxkRq5CL7UAAAAAAAAAAAAAAQAAAQ.jpg,A_chnJTr6v4Y9vQqpAmLZa1AAAAQAAAQ.jpg,1,216,216
A_05zKQb6bySIAAAAAAAAAAAAAAQAAAQ.jpg,A_chnJTr6v4Y9vQqpAmLZa1AAAAQAAAQ.jpg,1,216,216
A_lfw2QZuTKukAAAAAAAAAAAAAAQAAAQ.jpg,A_30HzTpg2gJoAAAAAAAAAAAAAAQAAAQ.jpg,1,217,217
A_lfw2QZuTKukAAAAAAAAAAAAAAQAAAQ.jpg,A_qrG3Qr9WQnwAAAAAAAAAAAAAAQAAAQ.jpg,1,217,217
A_lfw2QZuTKukAAAAAAAAAAAAAAQAAAQ.jpg,A_o6_aR5P_rB8AAAAAAAAAAAAAAQAAAQ.jpg,1,217,217
A_lfw2QZuTKukAAAAAAAAAAAAAAQAAAQ.jpg,A_BelDQrZMthQAAAAAAAAAAAAAAQAAAQ.jpg,1,217,217
A_lfw2QZuTKukAAAAAAAAAAAAAAQAAAQ.jpg,A_XQs-QoHKkXEAAAAAAAAAAAAAAQAAAQ.jpg,1,217,217
A_30HzTpg2gJoAAAAAAAAAAAAAAQAAAQ.jpg,A_qrG3Qr9WQnwAAAAAAAAAAAAAAQAAAQ.jpg,1,217,217
A_30HzTpg2gJoAAAAAAAAAAAAAAQAAAQ.jpg,A_o6_aR5P_rB8AAAAAAAAAAAAAAQAAAQ.jpg,1,217,217
A_30HzTpg2gJoAAAAAAAAAAAAAAQAAAQ.jpg,A_BelDQrZMthQAAAAAAAAAAAAAAQAAAQ.jpg,1,217,217
A_30HzTpg2gJoAAAAAAAAAAAAAAQAAAQ.jpg,A_XQs-QoHKkXEAAAAAAAAAAAAAAQAAAQ.jpg,1,217,217
A_qrG3Qr9WQnwAAAAAAAAAAAAAAQAAAQ.jpg,A_o6_aR5P_rB8AAAAAAAAAAAAAAQAAAQ.jpg,1,217,217
A_qrG3Qr9WQnwAAAAAAAAAAAAAAQAAAQ.jpg,A_BelDQrZMthQAAAAAAAAAAAAAAQAAAQ.jpg,1,217,217
A_qrG3Qr9WQnwAAAAAAAAAAAAAAQAAAQ.jpg,A_XQs-QoHKkXEAAAAAAAAAAAAAAQAAAQ.jpg,1,217,217
A_o6_aR5P_rB8AAAAAAAAAAAAAAQAAAQ.jpg,A_BelDQrZMthQAAAAAAAAAAAAAAQAAAQ.jpg,1,217,217
A_o6_aR5P_rB8AAAAAAAAAAAAAAQAAAQ.jpg,A_XQs-QoHKkXEAAAAAAAAAAAAAAQAAAQ.jpg,1,217,217
A_BelDQrZMthQAAAAAAAAAAAAAAQAAAQ.jpg,A_XQs-QoHKkXEAAAAAAAAAAAAAAQAAAQ.jpg,1,217,217
A_HylzQ4MvXaYAAAAAAAAAAAAAAQAAAQ.jpg,A_y4kFR5GWHFQAAAAAAAAAAAAAAQAAAQ.jpg,1,218,218
A_HylzQ4MvXaYAAAAAAAAAAAAAAQAAAQ.jpg,A_HPLCS6zhfDUAAAAAAAAAAAAAAQAAAQ.jpg,1,218,218
A_HylzQ4MvXaYAAAAAAAAAAAAAAQAAAQ.jpg,A_w5yBQq07ZGQAAAAAAAAAAAAAAQAAAQ.jpg,1,218,218
A_HylzQ4MvXaYAAAAAAAAAAAAAAQAAAQ.jpg,A_rmRYSoi_81sAAAAAAAAAAAAAAQAAAQ.jpg,1,218,218
A_HylzQ4MvXaYAAAAAAAAAAAAAAQAAAQ.jpg,A__jF0T41lCBMAAAAAAAAAAAAAAQAAAQ.jpg,1,218,218
A_y4kFR5GWHFQAAAAAAAAAAAAAAQAAAQ.jpg,A_HPLCS6zhfDUAAAAAAAAAAAAAAQAAAQ.jpg,1,218,218
A_y4kFR5GWHFQAAAAAAAAAAAAAAQAAAQ.jpg,A_w5yBQq07ZGQAAAAAAAAAAAAAAQAAAQ.jpg,1,218,218
A_y4kFR5GWHFQAAAAAAAAAAAAAAQAAAQ.jpg,A_rmRYSoi_81sAAAAAAAAAAAAAAQAAAQ.jpg,1,218,218
A_y4kFR5GWHFQAAAAAAAAAAAAAAQAAAQ.jpg,A__jF0T41lCBMAAAAAAAAAAAAAAQAAAQ.jpg,1,218,218
A_HPLCS6zhfDUAAAAAAAAAAAAAAQAAAQ.jpg,A_w5yBQq07ZGQAAAAAAAAAAAAAAQAAAQ.jpg,1,218,218
A_HPLCS6zhfDUAAAAAAAAAAAAAAQAAAQ.jpg,A_rmRYSoi_81sAAAAAAAAAAAAAAQAAAQ.jpg,1,218,218
A_HPLCS6zhfDUAAAAAAAAAAAAAAQAAAQ.jpg,A__jF0T41lCBMAAAAAAAAAAAAAAQAAAQ.jpg,1,218,218
A_w5yBQq07ZGQAAAAAAAAAAAAAAQAAAQ.jpg,A_rmRYSoi_81sAAAAAAAAAAAAAAQAAAQ.jpg,1,218,218
A_w5yBQq07ZGQAAAAAAAAAAAAAAQAAAQ.jpg,A__jF0T41lCBMAAAAAAAAAAAAAAQAAAQ.jpg,1,218,218
A_rmRYSoi_81sAAAAAAAAAAAAAAQAAAQ.jpg,A__jF0T41lCBMAAAAAAAAAAAAAAQAAAQ.jpg,1,218,218
nLPicZeITKm4SZnyM0IhZAAAACMAARAD.jpg,CGF0IrWnSRGBFZV0QP-bbAAAACMAARAD.jpg,1,219,219
nLPicZeITKm4SZnyM0IhZAAAACMAARAD.jpg,P5hxM2vbRp-Tj8clXHs-NQAAACMAARAD.jpg,1,219,219
nLPicZeITKm4SZnyM0IhZAAAACMAARAD.jpg,qOv8xeZkRVeDHmMZ8t0QaAAAACMAARAD.jpg,1,219,219
nLPicZeITKm4SZnyM0IhZAAAACMAARAD.jpg,eVAexCuGQ-2ZHt6vXBAIlwAAACMAARAD.jpg,1,219,219
nLPicZeITKm4SZnyM0IhZAAAACMAARAD.jpg,XX6adT1pTv6LJ-Njrj_c1wAAACMAARAD.jpg,1,219,219
CGF0IrWnSRGBFZV0QP-bbAAAACMAARAD.jpg,P5hxM2vbRp-Tj8clXHs-NQAAACMAARAD.jpg,1,219,219
CGF0IrWnSRGBFZV0QP-bbAAAACMAARAD.jpg,qOv8xeZkRVeDHmMZ8t0QaAAAACMAARAD.jpg,1,219,219
CGF0IrWnSRGBFZV0QP-bbAAAACMAARAD.jpg,eVAexCuGQ-2ZHt6vXBAIlwAAACMAARAD.jpg,1,219,219
CGF0IrWnSRGBFZV0QP-bbAAAACMAARAD.jpg,XX6adT1pTv6LJ-Njrj_c1wAAACMAARAD.jpg,1,219,219
P5hxM2vbRp-Tj8clXHs-NQAAACMAARAD.jpg,qOv8xeZkRVeDHmMZ8t0QaAAAACMAARAD.jpg,1,219,219
P5hxM2vbRp-Tj8clXHs-NQAAACMAARAD.jpg,eVAexCuGQ-2ZHt6vXBAIlwAAACMAARAD.jpg,1,219,219
P5hxM2vbRp-Tj8clXHs-NQAAACMAARAD.jpg,XX6adT1pTv6LJ-Njrj_c1wAAACMAARAD.jpg,1,219,219
qOv8xeZkRVeDHmMZ8t0QaAAAACMAARAD.jpg,eVAexCuGQ-2ZHt6vXBAIlwAAACMAARAD.jpg,1,219,219
qOv8xeZkRVeDHmMZ8t0QaAAAACMAARAD.jpg,XX6adT1pTv6LJ-Njrj_c1wAAACMAARAD.jpg,1,219,219
eVAexCuGQ-2ZHt6vXBAIlwAAACMAARAD.jpg,XX6adT1pTv6LJ-Njrj_c1wAAACMAARAD.jpg,1,219,219
A_vbb5RrhFhKkAAAAAAAAAAAAAAQAAAQ.jpg,A_21V8SYT5XQkAAAAAAAAAAAAAAQAAAQ.jpg,1,220,220
A_vbb5RrhFhKkAAAAAAAAAAAAAAQAAAQ.jpg,A_yv0pSqUhddwAAAAAAAAAAAAAAQAAAQ.jpg,1,220,220
A_vbb5RrhFhKkAAAAAAAAAAAAAAQAAAQ.jpg,A_OGJ2Sr0EVdYAAAAAAAAAAAAAAQAAAQ.jpg,1,220,220
A_vbb5RrhFhKkAAAAAAAAAAAAAAQAAAQ.jpg,A_V03gR7K90bIAAAAAAAAAAAAAAQAAAQ.jpg,1,220,220
A_vbb5RrhFhKkAAAAAAAAAAAAAAQAAAQ.jpg,A_OwX6S7nJKi4AAAAAAAAAAAAAAQAAAQ.jpg,1,220,220
A_21V8SYT5XQkAAAAAAAAAAAAAAQAAAQ.jpg,A_yv0pSqUhddwAAAAAAAAAAAAAAQAAAQ.jpg,1,220,220
A_21V8SYT5XQkAAAAAAAAAAAAAAQAAAQ.jpg,A_OGJ2Sr0EVdYAAAAAAAAAAAAAAQAAAQ.jpg,1,220,220
A_21V8SYT5XQkAAAAAAAAAAAAAAQAAAQ.jpg,A_V03gR7K90bIAAAAAAAAAAAAAAQAAAQ.jpg,1,220,220
A_21V8SYT5XQkAAAAAAAAAAAAAAQAAAQ.jpg,A_OwX6S7nJKi4AAAAAAAAAAAAAAQAAAQ.jpg,1,220,220
A_yv0pSqUhddwAAAAAAAAAAAAAAQAAAQ.jpg,A_OGJ2Sr0EVdYAAAAAAAAAAAAAAQAAAQ.jpg,1,220,220
A_yv0pSqUhddwAAAAAAAAAAAAAAQAAAQ.jpg,A_V03gR7K90bIAAAAAAAAAAAAAAQAAAQ.jpg,1,220,220
A_yv0pSqUhddwAAAAAAAAAAAAAAQAAAQ.jpg,A_OwX6S7nJKi4AAAAAAAAAAAAAAQAAAQ.jpg,1,220,220
A_OGJ2Sr0EVdYAAAAAAAAAAAAAAQAAAQ.jpg,A_V03gR7K90bIAAAAAAAAAAAAAAQAAAQ.jpg,1,220,220
A_OGJ2Sr0EVdYAAAAAAAAAAAAAAQAAAQ.jpg,A_OwX6S7nJKi4AAAAAAAAAAAAAAQAAAQ.jpg,1,220,220
A_V03gR7K90bIAAAAAAAAAAAAAAQAAAQ.jpg,A_OwX6S7nJKi4AAAAAAAAAAAAAAQAAAQ.jpg,1,220,220
A_dI4zSai8yk8AAAAAAAAAAAAAAQAAAQ.jpg,A_VV-4R7Xfd1CSPTlGqoBE1gAAAQAAAQ.jpg,1,221,221
A_dI4zSai8yk8AAAAAAAAAAAAAAQAAAQ.jpg,A_dI4zSai8yk-dZNBKqTLbdAAAAQAAAQ.jpg,1,221,221
A_dI4zSai8yk8AAAAAAAAAAAAAAQAAAQ.jpg,A_Y1ryTIb8npX6SU9Br3TwMgAAAQAAAQ.jpg,1,221,221
A_dI4zSai8yk8AAAAAAAAAAAAAAQAAAQ.jpg,A_Y1ryTIb8npUAAAAAAAAAAAAAAQAAAQ.jpg,1,221,221
A_dI4zSai8yk8AAAAAAAAAAAAAAQAAAQ.jpg,A_VV-4R7Xfd1AAAAAAAAAAAAAAAQAAAQ.jpg,1,221,221
A_VV-4R7Xfd1CSPTlGqoBE1gAAAQAAAQ.jpg,A_dI4zSai8yk-dZNBKqTLbdAAAAQAAAQ.jpg,1,221,221
A_VV-4R7Xfd1CSPTlGqoBE1gAAAQAAAQ.jpg,A_Y1ryTIb8npX6SU9Br3TwMgAAAQAAAQ.jpg,1,221,221
A_VV-4R7Xfd1CSPTlGqoBE1gAAAQAAAQ.jpg,A_Y1ryTIb8npUAAAAAAAAAAAAAAQAAAQ.jpg,1,221,221
A_VV-4R7Xfd1CSPTlGqoBE1gAAAQAAAQ.jpg,A_VV-4R7Xfd1AAAAAAAAAAAAAAAQAAAQ.jpg,1,221,221
A_dI4zSai8yk-dZNBKqTLbdAAAAQAAAQ.jpg,A_Y1ryTIb8npX6SU9Br3TwMgAAAQAAAQ.jpg,1,221,221
A_dI4zSai8yk-dZNBKqTLbdAAAAQAAAQ.jpg,A_Y1ryTIb8npUAAAAAAAAAAAAAAQAAAQ.jpg,1,221,221
A_dI4zSai8yk-dZNBKqTLbdAAAAQAAAQ.jpg,A_VV-4R7Xfd1AAAAAAAAAAAAAAAQAAAQ.jpg,1,221,221
A_Y1ryTIb8npX6SU9Br3TwMgAAAQAAAQ.jpg,A_Y1ryTIb8npUAAAAAAAAAAAAAAQAAAQ.jpg,1,221,221
A_Y1ryTIb8npX6SU9Br3TwMgAAAQAAAQ.jpg,A_VV-4R7Xfd1AAAAAAAAAAAAAAAQAAAQ.jpg,1,221,221
A_Y1ryTIb8npUAAAAAAAAAAAAAAQAAAQ.jpg,A_VV-4R7Xfd1AAAAAAAAAAAAAAAQAAAQ.jpg,1,221,221
A__9DkRL2nqzgAAAAAAAAAAAAAAQAAAQ.jpg,A_Ver0Ro7tFCYAAAAAAAAAAAAAAQAAAQ.jpg,1,222,222
A__9DkRL2nqzgAAAAAAAAAAAAAAQAAAQ.jpg,A_Wr88S7xNzFIAAAAAAAAAAAAAAQAAAQ.jpg,1,222,222
A__9DkRL2nqzgAAAAAAAAAAAAAAQAAAQ.jpg,A_qA51SrJMwRIAAAAAAAAAAAAAAQAAAQ.jpg,1,222,222
A__9DkRL2nqzgAAAAAAAAAAAAAAQAAAQ.jpg,A_x8o-SK34p18AAAAAAAAAAAAAAQAAAQ.jpg,1,222,222
A__9DkRL2nqzgAAAAAAAAAAAAAAQAAAQ.jpg,A_vcbAQrSa0GIAAAAAAAAAAAAAAQAAAQ.jpg,1,222,222
A_Ver0Ro7tFCYAAAAAAAAAAAAAAQAAAQ.jpg,A_Wr88S7xNzFIAAAAAAAAAAAAAAQAAAQ.jpg,1,222,222
A_Ver0Ro7tFCYAAAAAAAAAAAAAAQAAAQ.jpg,A_qA51SrJMwRIAAAAAAAAAAAAAAQAAAQ.jpg,1,222,222
A_Ver0Ro7tFCYAAAAAAAAAAAAAAQAAAQ.jpg,A_x8o-SK34p18AAAAAAAAAAAAAAQAAAQ.jpg,1,222,222
A_Ver0Ro7tFCYAAAAAAAAAAAAAAQAAAQ.jpg,A_vcbAQrSa0GIAAAAAAAAAAAAAAQAAAQ.jpg,1,222,222
A_Wr88S7xNzFIAAAAAAAAAAAAAAQAAAQ.jpg,A_qA51SrJMwRIAAAAAAAAAAAAAAQAAAQ.jpg,1,222,222
A_Wr88S7xNzFIAAAAAAAAAAAAAAQAAAQ.jpg,A_x8o-SK34p18AAAAAAAAAAAAAAQAAAQ.jpg,1,222,222
A_Wr88S7xNzFIAAAAAAAAAAAAAAQAAAQ.jpg,A_vcbAQrSa0GIAAAAAAAAAAAAAAQAAAQ.jpg,1,222,222
A_qA51SrJMwRIAAAAAAAAAAAAAAQAAAQ.jpg,A_x8o-SK34p18AAAAAAAAAAAAAAQAAAQ.jpg,1,222,222
A_qA51SrJMwRIAAAAAAAAAAAAAAQAAAQ.jpg,A_vcbAQrSa0GIAAAAAAAAAAAAAAQAAAQ.jpg,1,222,222
A_x8o-SK34p18AAAAAAAAAAAAAAQAAAQ.jpg,A_vcbAQrSa0GIAAAAAAAAAAAAAAQAAAQ.jpg,1,222,222
A_0RXtQrcbVQMAAAAAAAAAAAAAAQAAAQ.jpg,A_DYI0S469juQAAAAAAAAAAAAAAQAAAQ.jpg,1,223,223
A_0RXtQrcbVQMAAAAAAAAAAAAAAQAAAQ.jpg,A_048mQIy0UMoAAAAAAAAAAAAAAQAAAQ.jpg,1,223,223
A_0RXtQrcbVQMAAAAAAAAAAAAAAQAAAQ.jpg,A_QZE9RZrlk7wAAAAAAAAAAAAAAQAAAQ.jpg,1,223,223
A_0RXtQrcbVQMAAAAAAAAAAAAAAQAAAQ.jpg,A_TneoSKTv7UkAAAAAAAAAAAAAAQAAAQ.jpg,1,223,223
A_0RXtQrcbVQMAAAAAAAAAAAAAAQAAAQ.jpg,A_Naw9Q6w007QAAAAAAAAAAAAAAQAAAQ.jpg,1,223,223
A_DYI0S469juQAAAAAAAAAAAAAAQAAAQ.jpg,A_048mQIy0UMoAAAAAAAAAAAAAAQAAAQ.jpg,1,223,223
A_DYI0S469juQAAAAAAAAAAAAAAQAAAQ.jpg,A_QZE9RZrlk7wAAAAAAAAAAAAAAQAAAQ.jpg,1,223,223
A_DYI0S469juQAAAAAAAAAAAAAAQAAAQ.jpg,A_TneoSKTv7UkAAAAAAAAAAAAAAQAAAQ.jpg,1,223,223
A_DYI0S469juQAAAAAAAAAAAAAAQAAAQ.jpg,A_Naw9Q6w007QAAAAAAAAAAAAAAQAAAQ.jpg,1,223,223
A_048mQIy0UMoAAAAAAAAAAAAAAQAAAQ.jpg,A_QZE9RZrlk7wAAAAAAAAAAAAAAQAAAQ.jpg,1,223,223
A_048mQIy0UMoAAAAAAAAAAAAAAQAAAQ.jpg,A_TneoSKTv7UkAAAAAAAAAAAAAAQAAAQ.jpg,1,223,223
A_048mQIy0UMoAAAAAAAAAAAAAAQAAAQ.jpg,A_Naw9Q6w007QAAAAAAAAAAAAAAQAAAQ.jpg,1,223,223
A_QZE9RZrlk7wAAAAAAAAAAAAAAQAAAQ.jpg,A_TneoSKTv7UkAAAAAAAAAAAAAAQAAAQ.jpg,1,223,223
A_QZE9RZrlk7wAAAAAAAAAAAAAAQAAAQ.jpg,A_Naw9Q6w007QAAAAAAAAAAAAAAQAAAQ.jpg,1,223,223
A_TneoSKTv7UkAAAAAAAAAAAAAAQAAAQ.jpg,A_Naw9Q6w007QAAAAAAAAAAAAAAQAAAQ.jpg,1,223,223
A_i86wS72-_lQAAAAAAAAAAAAAAQAAAQ.jpg,A_r28UTJfMFeoAAAAAAAAAAAAAAQAAAQ.jpg,1,224,224
A_i86wS72-_lQAAAAAAAAAAAAAAQAAAQ.jpg,A_lTNbTYEaGsMAAAAAAAAAAAAAAQAAAQ.jpg,1,224,224
A_i86wS72-_lQAAAAAAAAAAAAAAQAAAQ.jpg,A_S11EQYn7Fj8AAAAAAAAAAAAAAQAAAQ.jpg,1,224,224
A_i86wS72-_lQAAAAAAAAAAAAAAQAAAQ.jpg,A_Wa5hTLtdsh8AAAAAAAAAAAAAAQAAAQ.jpg,1,224,224
A_i86wS72-_lQAAAAAAAAAAAAAAQAAAQ.jpg,A_-9qCR4mbl08AAAAAAAAAAAAAAQAAAQ.jpg,1,224,224
A_r28UTJfMFeoAAAAAAAAAAAAAAQAAAQ.jpg,A_lTNbTYEaGsMAAAAAAAAAAAAAAQAAAQ.jpg,1,224,224
A_r28UTJfMFeoAAAAAAAAAAAAAAQAAAQ.jpg,A_S11EQYn7Fj8AAAAAAAAAAAAAAQAAAQ.jpg,1,224,224
A_r28UTJfMFeoAAAAAAAAAAAAAAQAAAQ.jpg,A_Wa5hTLtdsh8AAAAAAAAAAAAAAQAAAQ.jpg,1,224,224
A_r28UTJfMFeoAAAAAAAAAAAAAAQAAAQ.jpg,A_-9qCR4mbl08AAAAAAAAAAAAAAQAAAQ.jpg,1,224,224
A_lTNbTYEaGsMAAAAAAAAAAAAAAQAAAQ.jpg,A_S11EQYn7Fj8AAAAAAAAAAAAAAQAAAQ.jpg,1,224,224
A_lTNbTYEaGsMAAAAAAAAAAAAAAQAAAQ.jpg,A_Wa5hTLtdsh8AAAAAAAAAAAAAAQAAAQ.jpg,1,224,224
A_lTNbTYEaGsMAAAAAAAAAAAAAAQAAAQ.jpg,A_-9qCR4mbl08AAAAAAAAAAAAAAQAAAQ.jpg,1,224,224
A_S11EQYn7Fj8AAAAAAAAAAAAAAQAAAQ.jpg,A_Wa5hTLtdsh8AAAAAAAAAAAAAAQAAAQ.jpg,1,224,224
A_S11EQYn7Fj8AAAAAAAAAAAAAAQAAAQ.jpg,A_-9qCR4mbl08AAAAAAAAAAAAAAQAAAQ.jpg,1,224,224
A_Wa5hTLtdsh8AAAAAAAAAAAAAAQAAAQ.jpg,A_-9qCR4mbl08AAAAAAAAAAAAAAQAAAQ.jpg,1,224,224
A_KTLqT5wpOLMAAAAAAAAAAAAAAQAAAQ.jpg,A_HblBQpqvsuIAAAAAAAAAAAAAAQAAAQ.jpg,1,225,225
A_KTLqT5wpOLMAAAAAAAAAAAAAAQAAAQ.jpg,A_3Gb6Qa923JQAAAAAAAAAAAAAAQAAAQ.jpg,1,225,225
A_KTLqT5wpOLMAAAAAAAAAAAAAAQAAAQ.jpg,A_dN7FSZa9E6kAAAAAAAAAAAAAAQAAAQ.jpg,1,225,225
A_KTLqT5wpOLMAAAAAAAAAAAAAAQAAAQ.jpg,A_SBeaQLvJMpwAAAAAAAAAAAAAAQAAAQ.jpg,1,225,225
A_KTLqT5wpOLMAAAAAAAAAAAAAAQAAAQ.jpg,A_lzVvRL-LTpYAAAAAAAAAAAAAAQAAAQ.jpg,1,225,225
A_HblBQpqvsuIAAAAAAAAAAAAAAQAAAQ.jpg,A_3Gb6Qa923JQAAAAAAAAAAAAAAQAAAQ.jpg,1,225,225
A_HblBQpqvsuIAAAAAAAAAAAAAAQAAAQ.jpg,A_dN7FSZa9E6kAAAAAAAAAAAAAAQAAAQ.jpg,1,225,225
A_HblBQpqvsuIAAAAAAAAAAAAAAQAAAQ.jpg,A_SBeaQLvJMpwAAAAAAAAAAAAAAQAAAQ.jpg,1,225,225
A_HblBQpqvsuIAAAAAAAAAAAAAAQAAAQ.jpg,A_lzVvRL-LTpYAAAAAAAAAAAAAAQAAAQ.jpg,1,225,225
A_3Gb6Qa923JQAAAAAAAAAAAAAAQAAAQ.jpg,A_dN7FSZa9E6kAAAAAAAAAAAAAAQAAAQ.jpg,1,225,225
A_3Gb6Qa923JQAAAAAAAAAAAAAAQAAAQ.jpg,A_SBeaQLvJMpwAAAAAAAAAAAAAAQAAAQ.jpg,1,225,225
A_3Gb6Qa923JQAAAAAAAAAAAAAAQAAAQ.jpg,A_lzVvRL-LTpYAAAAAAAAAAAAAAQAAAQ.jpg,1,225,225
A_dN7FSZa9E6kAAAAAAAAAAAAAAQAAAQ.jpg,A_SBeaQLvJMpwAAAAAAAAAAAAAAQAAAQ.jpg,1,225,225
A_dN7FSZa9E6kAAAAAAAAAAAAAAQAAAQ.jpg,A_lzVvRL-LTpYAAAAAAAAAAAAAAQAAAQ.jpg,1,225,225
A_SBeaQLvJMpwAAAAAAAAAAAAAAQAAAQ.jpg,A_lzVvRL-LTpYAAAAAAAAAAAAAAQAAAQ.jpg,1,225,225
A_lvCUQay2busAAAAAAAAAAAAAAQAAAQ.jpg,eHBYLvENTQGKAnE0v0CurwAAACMAARAD.jpg,1,226,226
A_lvCUQay2busAAAAAAAAAAAAAAQAAAQ.jpg,dsoua9awQ96zA43Lqf2KVgAAACMAARAD.jpg,1,226,226
A_lvCUQay2busAAAAAAAAAAAAAAQAAAQ.jpg,do9fiCurQMewDq6x14MTlgAAACMAARAD.jpg,1,226,226
A_lvCUQay2busAAAAAAAAAAAAAAQAAAQ.jpg,5Oscl8XJRRC2rytTlGL-0AAAACMAARAD.jpg,1,226,226
A_lvCUQay2busAAAAAAAAAAAAAAQAAAQ.jpg,A_m0WPTqxk5q8AAAAAAAAAAAAAAQAAAQ.jpg,1,226,226
eHBYLvENTQGKAnE0v0CurwAAACMAARAD.jpg,dsoua9awQ96zA43Lqf2KVgAAACMAARAD.jpg,1,226,226
eHBYLvENTQGKAnE0v0CurwAAACMAARAD.jpg,do9fiCurQMewDq6x14MTlgAAACMAARAD.jpg,1,226,226
eHBYLvENTQGKAnE0v0CurwAAACMAARAD.jpg,5Oscl8XJRRC2rytTlGL-0AAAACMAARAD.jpg,1,226,226
eHBYLvENTQGKAnE0v0CurwAAACMAARAD.jpg,A_m0WPTqxk5q8AAAAAAAAAAAAAAQAAAQ.jpg,1,226,226
dsoua9awQ96zA43Lqf2KVgAAACMAARAD.jpg,do9fiCurQMewDq6x14MTlgAAACMAARAD.jpg,1,226,226
dsoua9awQ96zA43Lqf2KVgAAACMAARAD.jpg,5Oscl8XJRRC2rytTlGL-0AAAACMAARAD.jpg,1,226,226
dsoua9awQ96zA43Lqf2KVgAAACMAARAD.jpg,A_m0WPTqxk5q8AAAAAAAAAAAAAAQAAAQ.jpg,1,226,226
do9fiCurQMewDq6x14MTlgAAACMAARAD.jpg,5Oscl8XJRRC2rytTlGL-0AAAACMAARAD.jpg,1,226,226
do9fiCurQMewDq6x14MTlgAAACMAARAD.jpg,A_m0WPTqxk5q8AAAAAAAAAAAAAAQAAAQ.jpg,1,226,226
5Oscl8XJRRC2rytTlGL-0AAAACMAARAD.jpg,A_m0WPTqxk5q8AAAAAAAAAAAAAAQAAAQ.jpg,1,226,226
A_fCtlTa7af0gAAAAAAAAAAAAAAQAAAQ.jpg,A_Z9O5TZhkv2IAAAAAAAAAAAAAAQAAAQ.jpg,1,227,227
A_fCtlTa7af0gAAAAAAAAAAAAAAQAAAQ.jpg,A_tnTVTK86bn0AAAAAAAAAAAAAAQAAAQ.jpg,1,227,227
A_fCtlTa7af0gAAAAAAAAAAAAAAQAAAQ.jpg,A_CFppRq-ikRoAAAAAAAAAAAAAAQAAAQ.jpg,1,227,227
A_fCtlTa7af0gAAAAAAAAAAAAAAQAAAQ.jpg,A_CgA9TI6N9eIAAAAAAAAAAAAAAQAAAQ.jpg,1,227,227
A_fCtlTa7af0gAAAAAAAAAAAAAAQAAAQ.jpg,A_sUiCS7uVW54AAAAAAAAAAAAAAQAAAQ.jpg,1,227,227
A_Z9O5TZhkv2IAAAAAAAAAAAAAAQAAAQ.jpg,A_tnTVTK86bn0AAAAAAAAAAAAAAQAAAQ.jpg,1,227,227
A_Z9O5TZhkv2IAAAAAAAAAAAAAAQAAAQ.jpg,A_CFppRq-ikRoAAAAAAAAAAAAAAQAAAQ.jpg,1,227,227
A_Z9O5TZhkv2IAAAAAAAAAAAAAAQAAAQ.jpg,A_CgA9TI6N9eIAAAAAAAAAAAAAAQAAAQ.jpg,1,227,227
A_Z9O5TZhkv2IAAAAAAAAAAAAAAQAAAQ.jpg,A_sUiCS7uVW54AAAAAAAAAAAAAAQAAAQ.jpg,1,227,227
A_tnTVTK86bn0AAAAAAAAAAAAAAQAAAQ.jpg,A_CFppRq-ikRoAAAAAAAAAAAAAAQAAAQ.jpg,1,227,227
A_tnTVTK86bn0AAAAAAAAAAAAAAQAAAQ.jpg,A_CgA9TI6N9eIAAAAAAAAAAAAAAQAAAQ.jpg,1,227,227
A_tnTVTK86bn0AAAAAAAAAAAAAAQAAAQ.jpg,A_sUiCS7uVW54AAAAAAAAAAAAAAQAAAQ.jpg,1,227,227
A_CFppRq-ikRoAAAAAAAAAAAAAAQAAAQ.jpg,A_CgA9TI6N9eIAAAAAAAAAAAAAAQAAAQ.jpg,1,227,227
A_CFppRq-ikRoAAAAAAAAAAAAAAQAAAQ.jpg,A_sUiCS7uVW54AAAAAAAAAAAAAAQAAAQ.jpg,1,227,227
A_CgA9TI6N9eIAAAAAAAAAAAAAAQAAAQ.jpg,A_sUiCS7uVW54AAAAAAAAAAAAAAQAAAQ.jpg,1,227,227
A_WKq6RIpKJSwAAAAAAAAAAAAAAQAAAQ.jpg,A_s6NBRJVoqogAAAAAAAAAAAAAAQAAAQ.jpg,1,228,228
A_WKq6RIpKJSwAAAAAAAAAAAAAAQAAAQ.jpg,A_UmpNSa_VTuYAAAAAAAAAAAAAAQAAAQ.jpg,1,228,228
A_WKq6RIpKJSwAAAAAAAAAAAAAAQAAAQ.jpg,A_N13KR4j5Yt8AAAAAAAAAAAAAAQAAAQ.jpg,1,228,228
A_WKq6RIpKJSwAAAAAAAAAAAAAAQAAAQ.jpg,A_kJWgSJRDpycAAAAAAAAAAAAAAQAAAQ.jpg,1,228,228
A_WKq6RIpKJSwAAAAAAAAAAAAAAQAAAQ.jpg,A_B5PLRYT7qakAAAAAAAAAAAAAAQAAAQ.jpg,1,228,228
A_s6NBRJVoqogAAAAAAAAAAAAAAQAAAQ.jpg,A_UmpNSa_VTuYAAAAAAAAAAAAAAQAAAQ.jpg,1,228,228
A_s6NBRJVoqogAAAAAAAAAAAAAAQAAAQ.jpg,A_N13KR4j5Yt8AAAAAAAAAAAAAAQAAAQ.jpg,1,228,228
A_s6NBRJVoqogAAAAAAAAAAAAAAQAAAQ.jpg,A_kJWgSJRDpycAAAAAAAAAAAAAAQAAAQ.jpg,1,228,228
A_s6NBRJVoqogAAAAAAAAAAAAAAQAAAQ.jpg,A_B5PLRYT7qakAAAAAAAAAAAAAAQAAAQ.jpg,1,228,228
A_UmpNSa_VTuYAAAAAAAAAAAAAAQAAAQ.jpg,A_N13KR4j5Yt8AAAAAAAAAAAAAAQAAAQ.jpg,1,228,228
A_UmpNSa_VTuYAAAAAAAAAAAAAAQAAAQ.jpg,A_kJWgSJRDpycAAAAAAAAAAAAAAQAAAQ.jpg,1,228,228
A_UmpNSa_VTuYAAAAAAAAAAAAAAQAAAQ.jpg,A_B5PLRYT7qakAAAAAAAAAAAAAAQAAAQ.jpg,1,228,228
A_N13KR4j5Yt8AAAAAAAAAAAAAAQAAAQ.jpg,A_kJWgSJRDpycAAAAAAAAAAAAAAQAAAQ.jpg,1,228,228
A_N13KR4j5Yt8AAAAAAAAAAAAAAQAAAQ.jpg,A_B5PLRYT7qakAAAAAAAAAAAAAAQAAAQ.jpg,1,228,228
A_kJWgSJRDpycAAAAAAAAAAAAAAQAAAQ.jpg,A_B5PLRYT7qakAAAAAAAAAAAAAAQAAAQ.jpg,1,228,228
A_oD9KQ7tl8HsAAAAAAAAAAAAAAQAAAQ.jpg,A_7w30T4PSpVgAAAAAAAAAAAAAAQAAAQ.jpg,1,229,229
A_oD9KQ7tl8HsAAAAAAAAAAAAAAQAAAQ.jpg,A_6-hyT6yKsd8AAAAAAAAAAAAAAQAAAQ.jpg,1,229,229
A_oD9KQ7tl8HsAAAAAAAAAAAAAAQAAAQ.jpg,A_QYfVToXTeu0AAAAAAAAAAAAAAQAAAQ.jpg,1,229,229
A_oD9KQ7tl8HsAAAAAAAAAAAAAAQAAAQ.jpg,A_XhFbQoM2GvIAAAAAAAAAAAAAAQAAAQ.jpg,1,229,229
A_oD9KQ7tl8HsAAAAAAAAAAAAAAQAAAQ.jpg,A__pBPR5UaDJ8AAAAAAAAAAAAAAQAAAQ.jpg,1,229,229
A_7w30T4PSpVgAAAAAAAAAAAAAAQAAAQ.jpg,A_6-hyT6yKsd8AAAAAAAAAAAAAAQAAAQ.jpg,1,229,229
A_7w30T4PSpVgAAAAAAAAAAAAAAQAAAQ.jpg,A_QYfVToXTeu0AAAAAAAAAAAAAAQAAAQ.jpg,1,229,229
A_7w30T4PSpVgAAAAAAAAAAAAAAQAAAQ.jpg,A_XhFbQoM2GvIAAAAAAAAAAAAAAQAAAQ.jpg,1,229,229
A_7w30T4PSpVgAAAAAAAAAAAAAAQAAAQ.jpg,A__pBPR5UaDJ8AAAAAAAAAAAAAAQAAAQ.jpg,1,229,229
A_6-hyT6yKsd8AAAAAAAAAAAAAAQAAAQ.jpg,A_QYfVToXTeu0AAAAAAAAAAAAAAQAAAQ.jpg,1,229,229
A_6-hyT6yKsd8AAAAAAAAAAAAAAQAAAQ.jpg,A_XhFbQoM2GvIAAAAAAAAAAAAAAQAAAQ.jpg,1,229,229
A_6-hyT6yKsd8AAAAAAAAAAAAAAQAAAQ.jpg,A__pBPR5UaDJ8AAAAAAAAAAAAAAQAAAQ.jpg,1,229,229
A_QYfVToXTeu0AAAAAAAAAAAAAAQAAAQ.jpg,A_XhFbQoM2GvIAAAAAAAAAAAAAAQAAAQ.jpg,1,229,229
A_QYfVToXTeu0AAAAAAAAAAAAAAQAAAQ.jpg,A__pBPR5UaDJ8AAAAAAAAAAAAAAQAAAQ.jpg,1,229,229
A_XhFbQoM2GvIAAAAAAAAAAAAAAQAAAQ.jpg,A__pBPR5UaDJ8AAAAAAAAAAAAAAQAAAQ.jpg,1,229,229
A_-iZQTKAWibIAAAAAAAAAAAAAAQAAAQ.jpg,A_xigkRLl7oW4AAAAAAAAAAAAAAQAAAQ.jpg,1,230,230
A_-iZQTKAWibIAAAAAAAAAAAAAAQAAAQ.jpg,A_WL-9S6XUXP8AAAAAAAAAAAAAAQAAAQ.jpg,1,230,230
A_-iZQTKAWibIAAAAAAAAAAAAAAQAAAQ.jpg,A_OxUmQoSZMqwAAAAAAAAAAAAAAQAAAQ.jpg,1,230,230
A_-iZQTKAWibIAAAAAAAAAAAAAAQAAAQ.jpg,A_ix1XQKP3U4UAAAAAAAAAAAAAAQAAAQ.jpg,1,230,230
A_-iZQTKAWibIAAAAAAAAAAAAAAQAAAQ.jpg,A_des9TqTtlVkAAAAAAAAAAAAAAQAAAQ.jpg,1,230,230
A_xigkRLl7oW4AAAAAAAAAAAAAAQAAAQ.jpg,A_WL-9S6XUXP8AAAAAAAAAAAAAAQAAAQ.jpg,1,230,230
A_xigkRLl7oW4AAAAAAAAAAAAAAQAAAQ.jpg,A_OxUmQoSZMqwAAAAAAAAAAAAAAQAAAQ.jpg,1,230,230
A_xigkRLl7oW4AAAAAAAAAAAAAAQAAAQ.jpg,A_ix1XQKP3U4UAAAAAAAAAAAAAAQAAAQ.jpg,1,230,230
A_xigkRLl7oW4AAAAAAAAAAAAAAQAAAQ.jpg,A_des9TqTtlVkAAAAAAAAAAAAAAQAAAQ.jpg,1,230,230
A_WL-9S6XUXP8AAAAAAAAAAAAAAQAAAQ.jpg,A_OxUmQoSZMqwAAAAAAAAAAAAAAQAAAQ.jpg,1,230,230
A_WL-9S6XUXP8AAAAAAAAAAAAAAQAAAQ.jpg,A_ix1XQKP3U4UAAAAAAAAAAAAAAQAAAQ.jpg,1,230,230
A_WL-9S6XUXP8AAAAAAAAAAAAAAQAAAQ.jpg,A_des9TqTtlVkAAAAAAAAAAAAAAQAAAQ.jpg,1,230,230
A_OxUmQoSZMqwAAAAAAAAAAAAAAQAAAQ.jpg,A_ix1XQKP3U4UAAAAAAAAAAAAAAQAAAQ.jpg,1,230,230
A_OxUmQoSZMqwAAAAAAAAAAAAAAQAAAQ.jpg,A_des9TqTtlVkAAAAAAAAAAAAAAQAAAQ.jpg,1,230,230
A_ix1XQKP3U4UAAAAAAAAAAAAAAQAAAQ.jpg,A_des9TqTtlVkAAAAAAAAAAAAAAQAAAQ.jpg,1,230,230
A_bZNnSJorqvMAAAAAAAAAAAAAAQAAAQ.jpg,A_H_zgSYO_OSwAAAAAAAAAAAAAAQAAAQ.jpg,1,231,231
A_bZNnSJorqvMAAAAAAAAAAAAAAQAAAQ.jpg,A_ngf3S4H6_NkAAAAAAAAAAAAAAQAAAQ.jpg,1,231,231
A_bZNnSJorqvMAAAAAAAAAAAAAAQAAAQ.jpg,A_Y5j1R78FBNEAAAAAAAAAAAAAAQAAAQ.jpg,1,231,231
A_bZNnSJorqvMAAAAAAAAAAAAAAQAAAQ.jpg,A_lhr8T5PNQm0AAAAAAAAAAAAAAQAAAQ.jpg,1,231,231
A_bZNnSJorqvMAAAAAAAAAAAAAAQAAAQ.jpg,A_AQhlTojyuDEAAAAAAAAAAAAAAQAAAQ.jpg,1,231,231
A_H_zgSYO_OSwAAAAAAAAAAAAAAQAAAQ.jpg,A_ngf3S4H6_NkAAAAAAAAAAAAAAQAAAQ.jpg,1,231,231
A_H_zgSYO_OSwAAAAAAAAAAAAAAQAAAQ.jpg,A_Y5j1R78FBNEAAAAAAAAAAAAAAQAAAQ.jpg,1,231,231
A_H_zgSYO_OSwAAAAAAAAAAAAAAQAAAQ.jpg,A_lhr8T5PNQm0AAAAAAAAAAAAAAQAAAQ.jpg,1,231,231
A_H_zgSYO_OSwAAAAAAAAAAAAAAQAAAQ.jpg,A_AQhlTojyuDEAAAAAAAAAAAAAAQAAAQ.jpg,1,231,231
A_ngf3S4H6_NkAAAAAAAAAAAAAAQAAAQ.jpg,A_Y5j1R78FBNEAAAAAAAAAAAAAAQAAAQ.jpg,1,231,231
A_ngf3S4H6_NkAAAAAAAAAAAAAAQAAAQ.jpg,A_lhr8T5PNQm0AAAAAAAAAAAAAAQAAAQ.jpg,1,231,231
A_ngf3S4H6_NkAAAAAAAAAAAAAAQAAAQ.jpg,A_AQhlTojyuDEAAAAAAAAAAAAAAQAAAQ.jpg,1,231,231
A_Y5j1R78FBNEAAAAAAAAAAAAAAQAAAQ.jpg,A_lhr8T5PNQm0AAAAAAAAAAAAAAQAAAQ.jpg,1,231,231
A_Y5j1R78FBNEAAAAAAAAAAAAAAQAAAQ.jpg,A_AQhlTojyuDEAAAAAAAAAAAAAAQAAAQ.jpg,1,231,231
A_lhr8T5PNQm0AAAAAAAAAAAAAAQAAAQ.jpg,A_AQhlTojyuDEAAAAAAAAAAAAAAQAAAQ.jpg,1,231,231
A_7HBeTrXQsH0AAAAAAAAAAAAAAQAAAQ.jpg,A_MkJtQKVpPRIAAAAAAAAAAAAAAQAAAQ.jpg,1,232,232
A_7HBeTrXQsH0AAAAAAAAAAAAAAQAAAQ.jpg,A_OauCQr_5X8UAAAAAAAAAAAAAAQAAAQ.jpg,1,232,232
A_7HBeTrXQsH0AAAAAAAAAAAAAAQAAAQ.jpg,A_ZQs8RZuoJBoAAAAAAAAAAAAAAQAAAQ.jpg,1,232,232
A_7HBeTrXQsH0AAAAAAAAAAAAAAQAAAQ.jpg,A_gnzFTrJMNnQAAAAAAAAAAAAAAQAAAQ.jpg,1,232,232
A_7HBeTrXQsH0AAAAAAAAAAAAAAQAAAQ.jpg,A_ByB_RpYeWmsAAAAAAAAAAAAAAQAAAQ.jpg,1,232,232
A_MkJtQKVpPRIAAAAAAAAAAAAAAQAAAQ.jpg,A_OauCQr_5X8UAAAAAAAAAAAAAAQAAAQ.jpg,1,232,232
A_MkJtQKVpPRIAAAAAAAAAAAAAAQAAAQ.jpg,A_ZQs8RZuoJBoAAAAAAAAAAAAAAQAAAQ.jpg,1,232,232
A_MkJtQKVpPRIAAAAAAAAAAAAAAQAAAQ.jpg,A_gnzFTrJMNnQAAAAAAAAAAAAAAQAAAQ.jpg,1,232,232
A_MkJtQKVpPRIAAAAAAAAAAAAAAQAAAQ.jpg,A_ByB_RpYeWmsAAAAAAAAAAAAAAQAAAQ.jpg,1,232,232
A_OauCQr_5X8UAAAAAAAAAAAAAAQAAAQ.jpg,A_ZQs8RZuoJBoAAAAAAAAAAAAAAQAAAQ.jpg,1,232,232
A_OauCQr_5X8UAAAAAAAAAAAAAAQAAAQ.jpg,A_gnzFTrJMNnQAAAAAAAAAAAAAAQAAAQ.jpg,1,232,232
A_OauCQr_5X8UAAAAAAAAAAAAAAQAAAQ.jpg,A_ByB_RpYeWmsAAAAAAAAAAAAAAQAAAQ.jpg,1,232,232
A_ZQs8RZuoJBoAAAAAAAAAAAAAAQAAAQ.jpg,A_gnzFTrJMNnQAAAAAAAAAAAAAAQAAAQ.jpg,1,232,232
A_ZQs8RZuoJBoAAAAAAAAAAAAAAQAAAQ.jpg,A_ByB_RpYeWmsAAAAAAAAAAAAAAQAAAQ.jpg,1,232,232
A_gnzFTrJMNnQAAAAAAAAAAAAAAQAAAQ.jpg,A_ByB_RpYeWmsAAAAAAAAAAAAAAQAAAQ.jpg,1,232,232
A_AB0vQqatlaMAAAAAAAAAAAAAAQAAAQ.jpg,A_P-NXTr4se6gAAAAAAAAAAAAAAQAAAQ.jpg,1,233,233
A_AB0vQqatlaMAAAAAAAAAAAAAAQAAAQ.jpg,A_EhJNRrpu2Z0AAAAAAAAAAAAAAQAAAQ.jpg,1,233,233
A_AB0vQqatlaMAAAAAAAAAAAAAAQAAAQ.jpg,A_aBdGT4bei2QAAAAAAAAAAAAAAQAAAQ.jpg,1,233,233
A_AB0vQqatlaMAAAAAAAAAAAAAAQAAAQ.jpg,A_SQeJQr1DQCoAAAAAAAAAAAAAAQAAAQ.jpg,1,233,233
A_AB0vQqatlaMAAAAAAAAAAAAAAQAAAQ.jpg,A_KvIqQII-39YAAAAAAAAAAAAAAQAAAQ.jpg,1,233,233
A_P-NXTr4se6gAAAAAAAAAAAAAAQAAAQ.jpg,A_EhJNRrpu2Z0AAAAAAAAAAAAAAQAAAQ.jpg,1,233,233
A_P-NXTr4se6gAAAAAAAAAAAAAAQAAAQ.jpg,A_aBdGT4bei2QAAAAAAAAAAAAAAQAAAQ.jpg,1,233,233
A_P-NXTr4se6gAAAAAAAAAAAAAAQAAAQ.jpg,A_SQeJQr1DQCoAAAAAAAAAAAAAAQAAAQ.jpg,1,233,233
A_P-NXTr4se6gAAAAAAAAAAAAAAQAAAQ.jpg,A_KvIqQII-39YAAAAAAAAAAAAAAQAAAQ.jpg,1,233,233
A_EhJNRrpu2Z0AAAAAAAAAAAAAAQAAAQ.jpg,A_aBdGT4bei2QAAAAAAAAAAAAAAQAAAQ.jpg,1,233,233
A_EhJNRrpu2Z0AAAAAAAAAAAAAAQAAAQ.jpg,A_SQeJQr1DQCoAAAAAAAAAAAAAAQAAAQ.jpg,1,233,233
A_EhJNRrpu2Z0AAAAAAAAAAAAAAQAAAQ.jpg,A_KvIqQII-39YAAAAAAAAAAAAAAQAAAQ.jpg,1,233,233
A_aBdGT4bei2QAAAAAAAAAAAAAAQAAAQ.jpg,A_SQeJQr1DQCoAAAAAAAAAAAAAAQAAAQ.jpg,1,233,233
A_aBdGT4bei2QAAAAAAAAAAAAAAQAAAQ.jpg,A_KvIqQII-39YAAAAAAAAAAAAAAQAAAQ.jpg,1,233,233
A_SQeJQr1DQCoAAAAAAAAAAAAAAQAAAQ.jpg,A_KvIqQII-39YAAAAAAAAAAAAAAQAAAQ.jpg,1,233,233
A__-KSSaYDssAAAAAAAAAAAAAAAQAAAQ.jpg,A_L9_gSaoQ_w8AAAAAAAAAAAAAAQAAAQ.jpg,1,234,234
A__-KSSaYDssAAAAAAAAAAAAAAAQAAAQ.jpg,A_zKdmS4FZbfkAAAAAAAAAAAAAAQAAAQ.jpg,1,234,234
A__-KSSaYDssAAAAAAAAAAAAAAAQAAAQ.jpg,A_J1ksRYG75GoAAAAAAAAAAAAAAQAAAQ.jpg,1,234,234
A__-KSSaYDssAAAAAAAAAAAAAAAQAAAQ.jpg,A_CC3tRqsji7gAAAAAAAAAAAAAAQAAAQ.jpg,1,234,234
A__-KSSaYDssAAAAAAAAAAAAAAAQAAAQ.jpg,A_nKQBTJiTOPkAAAAAAAAAAAAAAQAAAQ.jpg,1,234,234
A_L9_gSaoQ_w8AAAAAAAAAAAAAAQAAAQ.jpg,A_zKdmS4FZbfkAAAAAAAAAAAAAAQAAAQ.jpg,1,234,234
A_L9_gSaoQ_w8AAAAAAAAAAAAAAQAAAQ.jpg,A_J1ksRYG75GoAAAAAAAAAAAAAAQAAAQ.jpg,1,234,234
A_L9_gSaoQ_w8AAAAAAAAAAAAAAQAAAQ.jpg,A_CC3tRqsji7gAAAAAAAAAAAAAAQAAAQ.jpg,1,234,234
A_L9_gSaoQ_w8AAAAAAAAAAAAAAQAAAQ.jpg,A_nKQBTJiTOPkAAAAAAAAAAAAAAQAAAQ.jpg,1,234,234
A_zKdmS4FZbfkAAAAAAAAAAAAAAQAAAQ.jpg,A_J1ksRYG75GoAAAAAAAAAAAAAAQAAAQ.jpg,1,234,234
A_zKdmS4FZbfkAAAAAAAAAAAAAAQAAAQ.jpg,A_CC3tRqsji7gAAAAAAAAAAAAAAQAAAQ.jpg,1,234,234
A_zKdmS4FZbfkAAAAAAAAAAAAAAQAAAQ.jpg,A_nKQBTJiTOPkAAAAAAAAAAAAAAQAAAQ.jpg,1,234,234
A_J1ksRYG75GoAAAAAAAAAAAAAAQAAAQ.jpg,A_CC3tRqsji7gAAAAAAAAAAAAAAQAAAQ.jpg,1,234,234
A_J1ksRYG75GoAAAAAAAAAAAAAAQAAAQ.jpg,A_nKQBTJiTOPkAAAAAAAAAAAAAAQAAAQ.jpg,1,234,234
A_CC3tRqsji7gAAAAAAAAAAAAAAQAAAQ.jpg,A_nKQBTJiTOPkAAAAAAAAAAAAAAQAAAQ.jpg,1,234,234
A_6QTZTZmBrqAAAAAAAAAAAAAAAQAAAQ.jpg,A_NDzHTLNzG5MAAAAAAAAAAAAAAQAAAQ.jpg,1,235,235
A_6QTZTZmBrqAAAAAAAAAAAAAAAQAAAQ.jpg,A_9kHiQJnyRo4AAAAAAAAAAAAAAQAAAQ.jpg,1,235,235
A_6QTZTZmBrqAAAAAAAAAAAAAAAQAAAQ.jpg,A_3TwiRJY6T9oAAAAAAAAAAAAAAQAAAQ.jpg,1,235,235
A_6QTZTZmBrqAAAAAAAAAAAAAAAQAAAQ.jpg,A_V9dzTZ0oezwAAAAAAAAAAAAAAQAAAQ.jpg,1,235,235
A_6QTZTZmBrqAAAAAAAAAAAAAAAQAAAQ.jpg,A_KRnoQ5ccGD4AAAAAAAAAAAAAAQAAAQ.jpg,1,235,235
A_NDzHTLNzG5MAAAAAAAAAAAAAAQAAAQ.jpg,A_9kHiQJnyRo4AAAAAAAAAAAAAAQAAAQ.jpg,1,235,235
A_NDzHTLNzG5MAAAAAAAAAAAAAAQAAAQ.jpg,A_3TwiRJY6T9oAAAAAAAAAAAAAAQAAAQ.jpg,1,235,235
A_NDzHTLNzG5MAAAAAAAAAAAAAAQAAAQ.jpg,A_V9dzTZ0oezwAAAAAAAAAAAAAAQAAAQ.jpg,1,235,235
A_NDzHTLNzG5MAAAAAAAAAAAAAAQAAAQ.jpg,A_KRnoQ5ccGD4AAAAAAAAAAAAAAQAAAQ.jpg,1,235,235
A_9kHiQJnyRo4AAAAAAAAAAAAAAQAAAQ.jpg,A_3TwiRJY6T9oAAAAAAAAAAAAAAQAAAQ.jpg,1,235,235
A_9kHiQJnyRo4AAAAAAAAAAAAAAQAAAQ.jpg,A_V9dzTZ0oezwAAAAAAAAAAAAAAQAAAQ.jpg,1,235,235
A_9kHiQJnyRo4AAAAAAAAAAAAAAQAAAQ.jpg,A_KRnoQ5ccGD4AAAAAAAAAAAAAAQAAAQ.jpg,1,235,235
A_3TwiRJY6T9oAAAAAAAAAAAAAAQAAAQ.jpg,A_V9dzTZ0oezwAAAAAAAAAAAAAAQAAAQ.jpg,1,235,235
A_3TwiRJY6T9oAAAAAAAAAAAAAAQAAAQ.jpg,A_KRnoQ5ccGD4AAAAAAAAAAAAAAQAAAQ.jpg,1,235,235
A_V9dzTZ0oezwAAAAAAAAAAAAAAQAAAQ.jpg,A_KRnoQ5ccGD4AAAAAAAAAAAAAAQAAAQ.jpg,1,235,235
A_BAxDTpRHSnwAAAAAAAAAAAAAAQAAAQ.jpg,A_MwufRZG5iJ8AAAAAAAAAAAAAAQAAAQ.jpg,1,236,236
A_BAxDTpRHSnwAAAAAAAAAAAAAAQAAAQ.jpg,A_vtg4QphXQk8AAAAAAAAAAAAAAQAAAQ.jpg,1,236,236
A_BAxDTpRHSnwAAAAAAAAAAAAAAQAAAQ.jpg,A_ob2HSriDloEAAAAAAAAAAAAAAQAAAQ.jpg,1,236,236
A_BAxDTpRHSnwAAAAAAAAAAAAAAQAAAQ.jpg,A_TACLS6bGmFUAAAAAAAAAAAAAAQAAAQ.jpg,1,236,236
A_BAxDTpRHSnwAAAAAAAAAAAAAAQAAAQ.jpg,A_MGtdT6XD3YAAAAAAAAAAAAAAAQAAAQ.jpg,1,236,236
A_MwufRZG5iJ8AAAAAAAAAAAAAAQAAAQ.jpg,A_vtg4QphXQk8AAAAAAAAAAAAAAQAAAQ.jpg,1,236,236
A_MwufRZG5iJ8AAAAAAAAAAAAAAQAAAQ.jpg,A_ob2HSriDloEAAAAAAAAAAAAAAQAAAQ.jpg,1,236,236
A_MwufRZG5iJ8AAAAAAAAAAAAAAQAAAQ.jpg,A_TACLS6bGmFUAAAAAAAAAAAAAAQAAAQ.jpg,1,236,236
A_MwufRZG5iJ8AAAAAAAAAAAAAAQAAAQ.jpg,A_MGtdT6XD3YAAAAAAAAAAAAAAAQAAAQ.jpg,1,236,236
A_vtg4QphXQk8AAAAAAAAAAAAAAQAAAQ.jpg,A_ob2HSriDloEAAAAAAAAAAAAAAQAAAQ.jpg,1,236,236
A_vtg4QphXQk8AAAAAAAAAAAAAAQAAAQ.jpg,A_TACLS6bGmFUAAAAAAAAAAAAAAQAAAQ.jpg,1,236,236
A_vtg4QphXQk8AAAAAAAAAAAAAAQAAAQ.jpg,A_MGtdT6XD3YAAAAAAAAAAAAAAAQAAAQ.jpg,1,236,236
A_ob2HSriDloEAAAAAAAAAAAAAAQAAAQ.jpg,A_TACLS6bGmFUAAAAAAAAAAAAAAQAAAQ.jpg,1,236,236
A_ob2HSriDloEAAAAAAAAAAAAAAQAAAQ.jpg,A_MGtdT6XD3YAAAAAAAAAAAAAAAQAAAQ.jpg,1,236,236
A_TACLS6bGmFUAAAAAAAAAAAAAAQAAAQ.jpg,A_MGtdT6XD3YAAAAAAAAAAAAAAAQAAAQ.jpg,1,236,236
A_BoE9RJCkeVUAAAAAAAAAAAAAAQAAAQ.jpg,A_TIBEQZKlgbsAAAAAAAAAAAAAAQAAAQ.jpg,1,237,237
A_BoE9RJCkeVUAAAAAAAAAAAAAAQAAAQ.jpg,A_Vb0FSquZ6YkAAAAAAAAAAAAAAQAAAQ.jpg,1,237,237
A_BoE9RJCkeVUAAAAAAAAAAAAAAQAAAQ.jpg,A_9ewsTpupch0AAAAAAAAAAAAAAQAAAQ.jpg,1,237,237
A_BoE9RJCkeVUAAAAAAAAAAAAAAQAAAQ.jpg,A_Mxe5T4Zt64cAAAAAAAAAAAAAAQAAAQ.jpg,1,237,237
A_BoE9RJCkeVUAAAAAAAAAAAAAAQAAAQ.jpg,A_mt3oRoMfsrEAAAAAAAAAAAAAAQAAAQ.jpg,1,237,237
A_TIBEQZKlgbsAAAAAAAAAAAAAAQAAAQ.jpg,A_Vb0FSquZ6YkAAAAAAAAAAAAAAQAAAQ.jpg,1,237,237
A_TIBEQZKlgbsAAAAAAAAAAAAAAQAAAQ.jpg,A_9ewsTpupch0AAAAAAAAAAAAAAQAAAQ.jpg,1,237,237
A_TIBEQZKlgbsAAAAAAAAAAAAAAQAAAQ.jpg,A_Mxe5T4Zt64cAAAAAAAAAAAAAAQAAAQ.jpg,1,237,237
A_TIBEQZKlgbsAAAAAAAAAAAAAAQAAAQ.jpg,A_mt3oRoMfsrEAAAAAAAAAAAAAAQAAAQ.jpg,1,237,237
A_Vb0FSquZ6YkAAAAAAAAAAAAAAQAAAQ.jpg,A_9ewsTpupch0AAAAAAAAAAAAAAQAAAQ.jpg,1,237,237
A_Vb0FSquZ6YkAAAAAAAAAAAAAAQAAAQ.jpg,A_Mxe5T4Zt64cAAAAAAAAAAAAAAQAAAQ.jpg,1,237,237
A_Vb0FSquZ6YkAAAAAAAAAAAAAAQAAAQ.jpg,A_mt3oRoMfsrEAAAAAAAAAAAAAAQAAAQ.jpg,1,237,237
A_9ewsTpupch0AAAAAAAAAAAAAAQAAAQ.jpg,A_Mxe5T4Zt64cAAAAAAAAAAAAAAQAAAQ.jpg,1,237,237
A_9ewsTpupch0AAAAAAAAAAAAAAQAAAQ.jpg,A_mt3oRoMfsrEAAAAAAAAAAAAAAQAAAQ.jpg,1,237,237
A_Mxe5T4Zt64cAAAAAAAAAAAAAAQAAAQ.jpg,A_mt3oRoMfsrEAAAAAAAAAAAAAAQAAAQ.jpg,1,237,237
A_JhozTLdUXBAAAAAAAAAAAAAAAQAAAQ.jpg,rMWpilyUToW_ESjYFAiCGwAAACMAARAD.jpg,1,238,238
A_JhozTLdUXBAAAAAAAAAAAAAAAQAAAQ.jpg,A_2V9eS67BcuUAAAAAAAAAAAAAAQAAAQ.jpg,1,238,238
A_JhozTLdUXBAAAAAAAAAAAAAAAQAAAQ.jpg,ZyHG3kTpSISXJaNBidsZFQAAACMAARAD.jpg,1,238,238
A_JhozTLdUXBAAAAAAAAAAAAAAAQAAAQ.jpg,njtY4KL6SaGt4JXiaTK7hgAAACMAARAD.jpg,1,238,238
A_JhozTLdUXBAAAAAAAAAAAAAAAQAAAQ.jpg,A_SVMaQLMJtYIAAAAAAAAAAAAAAQAAAQ.jpg,1,238,238
rMWpilyUToW_ESjYFAiCGwAAACMAARAD.jpg,A_2V9eS67BcuUAAAAAAAAAAAAAAQAAAQ.jpg,1,238,238
rMWpilyUToW_ESjYFAiCGwAAACMAARAD.jpg,ZyHG3kTpSISXJaNBidsZFQAAACMAARAD.jpg,1,238,238
rMWpilyUToW_ESjYFAiCGwAAACMAARAD.jpg,njtY4KL6SaGt4JXiaTK7hgAAACMAARAD.jpg,1,238,238
rMWpilyUToW_ESjYFAiCGwAAACMAARAD.jpg,A_SVMaQLMJtYIAAAAAAAAAAAAAAQAAAQ.jpg,1,238,238
A_2V9eS67BcuUAAAAAAAAAAAAAAQAAAQ.jpg,ZyHG3kTpSISXJaNBidsZFQAAACMAARAD.jpg,1,238,238
A_2V9eS67BcuUAAAAAAAAAAAAAAQAAAQ.jpg,njtY4KL6SaGt4JXiaTK7hgAAACMAARAD.jpg,1,238,238
A_2V9eS67BcuUAAAAAAAAAAAAAAQAAAQ.jpg,A_SVMaQLMJtYIAAAAAAAAAAAAAAQAAAQ.jpg,1,238,238
ZyHG3kTpSISXJaNBidsZFQAAACMAARAD.jpg,njtY4KL6SaGt4JXiaTK7hgAAACMAARAD.jpg,1,238,238
ZyHG3kTpSISXJaNBidsZFQAAACMAARAD.jpg,A_SVMaQLMJtYIAAAAAAAAAAAAAAQAAAQ.jpg,1,238,238
njtY4KL6SaGt4JXiaTK7hgAAACMAARAD.jpg,A_SVMaQLMJtYIAAAAAAAAAAAAAAQAAAQ.jpg,1,238,238
A_fKn_SJlVzk8AAAAAAAAAAAAAAQAAAQ.jpg,A_hG-AQqJyNKkAAAAAAAAAAAAAAQAAAQ.jpg,1,239,239
A_fKn_SJlVzk8AAAAAAAAAAAAAAQAAAQ.jpg,A_lGgOR4Oe32UAAAAAAAAAAAAAAQAAAQ.jpg,1,239,239
A_fKn_SJlVzk8AAAAAAAAAAAAAAQAAAQ.jpg,A_76m-RZH9-rYAAAAAAAAAAAAAAQAAAQ.jpg,1,239,239
A_fKn_SJlVzk8AAAAAAAAAAAAAAQAAAQ.jpg,A_gWzlTqoUv50AAAAAAAAAAAAAAQAAAQ.jpg,1,239,239
A_fKn_SJlVzk8AAAAAAAAAAAAAAQAAAQ.jpg,A_dOGsSqcc4psAAAAAAAAAAAAAAQAAAQ.jpg,1,239,239
A_hG-AQqJyNKkAAAAAAAAAAAAAAQAAAQ.jpg,A_lGgOR4Oe32UAAAAAAAAAAAAAAQAAAQ.jpg,1,239,239
A_hG-AQqJyNKkAAAAAAAAAAAAAAQAAAQ.jpg,A_76m-RZH9-rYAAAAAAAAAAAAAAQAAAQ.jpg,1,239,239
A_hG-AQqJyNKkAAAAAAAAAAAAAAQAAAQ.jpg,A_gWzlTqoUv50AAAAAAAAAAAAAAQAAAQ.jpg,1,239,239
A_hG-AQqJyNKkAAAAAAAAAAAAAAQAAAQ.jpg,A_dOGsSqcc4psAAAAAAAAAAAAAAQAAAQ.jpg,1,239,239
A_lGgOR4Oe32UAAAAAAAAAAAAAAQAAAQ.jpg,A_76m-RZH9-rYAAAAAAAAAAAAAAQAAAQ.jpg,1,239,239
A_lGgOR4Oe32UAAAAAAAAAAAAAAQAAAQ.jpg,A_gWzlTqoUv50AAAAAAAAAAAAAAQAAAQ.jpg,1,239,239
A_lGgOR4Oe32UAAAAAAAAAAAAAAQAAAQ.jpg,A_dOGsSqcc4psAAAAAAAAAAAAAAQAAAQ.jpg,1,239,239
A_76m-RZH9-rYAAAAAAAAAAAAAAQAAAQ.jpg,A_gWzlTqoUv50AAAAAAAAAAAAAAQAAAQ.jpg,1,239,239
A_76m-RZH9-rYAAAAAAAAAAAAAAQAAAQ.jpg,A_dOGsSqcc4psAAAAAAAAAAAAAAQAAAQ.jpg,1,239,239
A_gWzlTqoUv50AAAAAAAAAAAAAAQAAAQ.jpg,A_dOGsSqcc4psAAAAAAAAAAAAAAQAAAQ.jpg,1,239,239
A_i7AkRLef484AAAAAAAAAAAAAAQAAAQ.jpg,A_X5hASJq4FlIAAAAAAAAAAAAAAQAAAQ.jpg,1,240,240
A_i7AkRLef484AAAAAAAAAAAAAAQAAAQ.jpg,A_IMYWSosTeskAAAAAAAAAAAAAAQAAAQ.jpg,1,240,240
A_i7AkRLef484AAAAAAAAAAAAAAQAAAQ.jpg,A_qbU3SpMKod4AAAAAAAAAAAAAAQAAAQ.jpg,1,240,240
A_i7AkRLef484AAAAAAAAAAAAAAQAAAQ.jpg,A_wcRmTIDKqJAAAAAAAAAAAAAAAQAAAQ.jpg,1,240,240
A_i7AkRLef484AAAAAAAAAAAAAAQAAAQ.jpg,A_EzsXSL1ECOQAAAAAAAAAAAAAAQAAAQ.jpg,1,240,240
A_X5hASJq4FlIAAAAAAAAAAAAAAQAAAQ.jpg,A_IMYWSosTeskAAAAAAAAAAAAAAQAAAQ.jpg,1,240,240
A_X5hASJq4FlIAAAAAAAAAAAAAAQAAAQ.jpg,A_qbU3SpMKod4AAAAAAAAAAAAAAQAAAQ.jpg,1,240,240
A_X5hASJq4FlIAAAAAAAAAAAAAAQAAAQ.jpg,A_wcRmTIDKqJAAAAAAAAAAAAAAAQAAAQ.jpg,1,240,240
A_X5hASJq4FlIAAAAAAAAAAAAAAQAAAQ.jpg,A_EzsXSL1ECOQAAAAAAAAAAAAAAQAAAQ.jpg,1,240,240
A_IMYWSosTeskAAAAAAAAAAAAAAQAAAQ.jpg,A_qbU3SpMKod4AAAAAAAAAAAAAAQAAAQ.jpg,1,240,240
A_IMYWSosTeskAAAAAAAAAAAAAAQAAAQ.jpg,A_wcRmTIDKqJAAAAAAAAAAAAAAAQAAAQ.jpg,1,240,240
A_IMYWSosTeskAAAAAAAAAAAAAAQAAAQ.jpg,A_EzsXSL1ECOQAAAAAAAAAAAAAAQAAAQ.jpg,1,240,240
A_qbU3SpMKod4AAAAAAAAAAAAAAQAAAQ.jpg,A_wcRmTIDKqJAAAAAAAAAAAAAAAQAAAQ.jpg,1,240,240
A_qbU3SpMKod4AAAAAAAAAAAAAAQAAAQ.jpg,A_EzsXSL1ECOQAAAAAAAAAAAAAAQAAAQ.jpg,1,240,240
A_wcRmTIDKqJAAAAAAAAAAAAAAAQAAAQ.jpg,A_EzsXSL1ECOQAAAAAAAAAAAAAAQAAAQ.jpg,1,240,240
A_iDkPR7B0h_IAAAAAAAAAAAAAAQAAAQ.jpg,A_GMLtS7vMkDMAAAAAAAAAAAAAAQAAAQ.jpg,1,241,241
A_iDkPR7B0h_IAAAAAAAAAAAAAAQAAAQ.jpg,A_gpwRSb16XloAAAAAAAAAAAAAAQAAAQ.jpg,1,241,241
A_iDkPR7B0h_IAAAAAAAAAAAAAAQAAAQ.jpg,A_Yl1ZSL-Lto8AAAAAAAAAAAAAAQAAAQ.jpg,1,241,241
A_iDkPR7B0h_IAAAAAAAAAAAAAAQAAAQ.jpg,A_r0rxRqzUNowAAAAAAAAAAAAAAQAAAQ.jpg,1,241,241
A_iDkPR7B0h_IAAAAAAAAAAAAAAQAAAQ.jpg,A_IP6uQrnPTq0AAAAAAAAAAAAAAQAAAQ.jpg,1,241,241
A_GMLtS7vMkDMAAAAAAAAAAAAAAQAAAQ.jpg,A_gpwRSb16XloAAAAAAAAAAAAAAQAAAQ.jpg,1,241,241
A_GMLtS7vMkDMAAAAAAAAAAAAAAQAAAQ.jpg,A_Yl1ZSL-Lto8AAAAAAAAAAAAAAQAAAQ.jpg,1,241,241
A_GMLtS7vMkDMAAAAAAAAAAAAAAQAAAQ.jpg,A_r0rxRqzUNowAAAAAAAAAAAAAAQAAAQ.jpg,1,241,241
A_GMLtS7vMkDMAAAAAAAAAAAAAAQAAAQ.jpg,A_IP6uQrnPTq0AAAAAAAAAAAAAAQAAAQ.jpg,1,241,241
A_gpwRSb16XloAAAAAAAAAAAAAAQAAAQ.jpg,A_Yl1ZSL-Lto8AAAAAAAAAAAAAAQAAAQ.jpg,1,241,241
A_gpwRSb16XloAAAAAAAAAAAAAAQAAAQ.jpg,A_r0rxRqzUNowAAAAAAAAAAAAAAQAAAQ.jpg,1,241,241
A_gpwRSb16XloAAAAAAAAAAAAAAQAAAQ.jpg,A_IP6uQrnPTq0AAAAAAAAAAAAAAQAAAQ.jpg,1,241,241
A_Yl1ZSL-Lto8AAAAAAAAAAAAAAQAAAQ.jpg,A_r0rxRqzUNowAAAAAAAAAAAAAAQAAAQ.jpg,1,241,241
A_Yl1ZSL-Lto8AAAAAAAAAAAAAAQAAAQ.jpg,A_IP6uQrnPTq0AAAAAAAAAAAAAAQAAAQ.jpg,1,241,241
A_r0rxRqzUNowAAAAAAAAAAAAAAQAAAQ.jpg,A_IP6uQrnPTq0AAAAAAAAAAAAAAQAAAQ.jpg,1,241,241
A_qB4QT6PpWG8AAAAAAAAAAAAAAQAAAQ.jpg,A_ds1XTZvQ5xIAAAAAAAAAAAAAAQAAAQ.jpg,1,242,242
A_qB4QT6PpWG8AAAAAAAAAAAAAAQAAAQ.jpg,A_N0opT5roVPAAAAAAAAAAAAAAAQAAAQ.jpg,1,242,242
A_qB4QT6PpWG8AAAAAAAAAAAAAAQAAAQ.jpg,A_yowNRYq4KGcAAAAAAAAAAAAAAQAAAQ.jpg,1,242,242
A_qB4QT6PpWG8AAAAAAAAAAAAAAQAAAQ.jpg,A_Uw6pRLOcnFcAAAAAAAAAAAAAAQAAAQ.jpg,1,242,242
A_qB4QT6PpWG8AAAAAAAAAAAAAAQAAAQ.jpg,A_hInTRKW7vi0AAAAAAAAAAAAAAQAAAQ.jpg,1,242,242
A_ds1XTZvQ5xIAAAAAAAAAAAAAAQAAAQ.jpg,A_N0opT5roVPAAAAAAAAAAAAAAAQAAAQ.jpg,1,242,242
A_ds1XTZvQ5xIAAAAAAAAAAAAAAQAAAQ.jpg,A_yowNRYq4KGcAAAAAAAAAAAAAAQAAAQ.jpg,1,242,242
A_ds1XTZvQ5xIAAAAAAAAAAAAAAQAAAQ.jpg,A_Uw6pRLOcnFcAAAAAAAAAAAAAAQAAAQ.jpg,1,242,242
A_ds1XTZvQ5xIAAAAAAAAAAAAAAQAAAQ.jpg,A_hInTRKW7vi0AAAAAAAAAAAAAAQAAAQ.jpg,1,242,242
A_N0opT5roVPAAAAAAAAAAAAAAAQAAAQ.jpg,A_yowNRYq4KGcAAAAAAAAAAAAAAQAAAQ.jpg,1,242,242
A_N0opT5roVPAAAAAAAAAAAAAAAQAAAQ.jpg,A_Uw6pRLOcnFcAAAAAAAAAAAAAAQAAAQ.jpg,1,242,242
A_N0opT5roVPAAAAAAAAAAAAAAAQAAAQ.jpg,A_hInTRKW7vi0AAAAAAAAAAAAAAQAAAQ.jpg,1,242,242
A_yowNRYq4KGcAAAAAAAAAAAAAAQAAAQ.jpg,A_Uw6pRLOcnFcAAAAAAAAAAAAAAQAAAQ.jpg,1,242,242
A_yowNRYq4KGcAAAAAAAAAAAAAAQAAAQ.jpg,A_hInTRKW7vi0AAAAAAAAAAAAAAQAAAQ.jpg,1,242,242
A_Uw6pRLOcnFcAAAAAAAAAAAAAAQAAAQ.jpg,A_hInTRKW7vi0AAAAAAAAAAAAAAQAAAQ.jpg,1,242,242
A_ev-6R48IIx0AAAAAAAAAAAAAAQAAAQ.jpg,A_-fnOTrhcN3oAAAAAAAAAAAAAAQAAAQ.jpg,1,243,243
A_ev-6R48IIx0AAAAAAAAAAAAAAQAAAQ.jpg,A_TfvQTrtOPDQAAAAAAAAAAAAAAQAAAQ.jpg,1,243,243
A_ev-6R48IIx0AAAAAAAAAAAAAAQAAAQ.jpg,A_XSdhTajB4_kAAAAAAAAAAAAAAQAAAQ.jpg,1,243,243
A_ev-6R48IIx0AAAAAAAAAAAAAAQAAAQ.jpg,A_dWv2RbF20pgAAAAAAAAAAAAAAQAAAQ.jpg,1,243,243
A_ev-6R48IIx0AAAAAAAAAAAAAAQAAAQ.jpg,A_ICEKRaeF7YIAAAAAAAAAAAAAAQAAAQ.jpg,1,243,243
A_-fnOTrhcN3oAAAAAAAAAAAAAAQAAAQ.jpg,A_TfvQTrtOPDQAAAAAAAAAAAAAAQAAAQ.jpg,1,243,243
A_-fnOTrhcN3oAAAAAAAAAAAAAAQAAAQ.jpg,A_XSdhTajB4_kAAAAAAAAAAAAAAQAAAQ.jpg,1,243,243
A_-fnOTrhcN3oAAAAAAAAAAAAAAQAAAQ.jpg,A_dWv2RbF20pgAAAAAAAAAAAAAAQAAAQ.jpg,1,243,243
A_-fnOTrhcN3oAAAAAAAAAAAAAAQAAAQ.jpg,A_ICEKRaeF7YIAAAAAAAAAAAAAAQAAAQ.jpg,1,243,243
A_TfvQTrtOPDQAAAAAAAAAAAAAAQAAAQ.jpg,A_XSdhTajB4_kAAAAAAAAAAAAAAQAAAQ.jpg,1,243,243
A_TfvQTrtOPDQAAAAAAAAAAAAAAQAAAQ.jpg,A_dWv2RbF20pgAAAAAAAAAAAAAAQAAAQ.jpg,1,243,243
A_TfvQTrtOPDQAAAAAAAAAAAAAAQAAAQ.jpg,A_ICEKRaeF7YIAAAAAAAAAAAAAAQAAAQ.jpg,1,243,243
A_XSdhTajB4_kAAAAAAAAAAAAAAQAAAQ.jpg,A_dWv2RbF20pgAAAAAAAAAAAAAAQAAAQ.jpg,1,243,243
A_XSdhTajB4_kAAAAAAAAAAAAAAQAAAQ.jpg,A_ICEKRaeF7YIAAAAAAAAAAAAAAQAAAQ.jpg,1,243,243
A_dWv2RbF20pgAAAAAAAAAAAAAAQAAAQ.jpg,A_ICEKRaeF7YIAAAAAAAAAAAAAAQAAAQ.jpg,1,243,243
A_DLIAQKcBAyYAAAAAAAAAAAAAAQAAAQ.jpg,A_ytOxT7NilIsAAAAAAAAAAAAAAQAAAQ.jpg,1,244,244
A_DLIAQKcBAyYAAAAAAAAAAAAAAQAAAQ.jpg,A_GFTOSYiPrqYAAAAAAAAAAAAAAQAAAQ.jpg,1,244,244
A_DLIAQKcBAyYAAAAAAAAAAAAAAQAAAQ.jpg,A_JVyUR7w6Td0AAAAAAAAAAAAAAQAAAQ.jpg,1,244,244
A_DLIAQKcBAyYAAAAAAAAAAAAAAQAAAQ.jpg,A_y8PMQofn1wsAAAAAAAAAAAAAAQAAAQ.jpg,1,244,244
A_DLIAQKcBAyYAAAAAAAAAAAAAAQAAAQ.jpg,A_5x9gRIcmjIsAAAAAAAAAAAAAAQAAAQ.jpg,1,244,244
A_ytOxT7NilIsAAAAAAAAAAAAAAQAAAQ.jpg,A_GFTOSYiPrqYAAAAAAAAAAAAAAQAAAQ.jpg,1,244,244
A_ytOxT7NilIsAAAAAAAAAAAAAAQAAAQ.jpg,A_JVyUR7w6Td0AAAAAAAAAAAAAAQAAAQ.jpg,1,244,244
A_ytOxT7NilIsAAAAAAAAAAAAAAQAAAQ.jpg,A_y8PMQofn1wsAAAAAAAAAAAAAAQAAAQ.jpg,1,244,244
A_ytOxT7NilIsAAAAAAAAAAAAAAQAAAQ.jpg,A_5x9gRIcmjIsAAAAAAAAAAAAAAQAAAQ.jpg,1,244,244
A_GFTOSYiPrqYAAAAAAAAAAAAAAQAAAQ.jpg,A_JVyUR7w6Td0AAAAAAAAAAAAAAQAAAQ.jpg,1,244,244
A_GFTOSYiPrqYAAAAAAAAAAAAAAQAAAQ.jpg,A_y8PMQofn1wsAAAAAAAAAAAAAAQAAAQ.jpg,1,244,244
A_GFTOSYiPrqYAAAAAAAAAAAAAAQAAAQ.jpg,A_5x9gRIcmjIsAAAAAAAAAAAAAAQAAAQ.jpg,1,244,244
A_JVyUR7w6Td0AAAAAAAAAAAAAAQAAAQ.jpg,A_y8PMQofn1wsAAAAAAAAAAAAAAQAAAQ.jpg,1,244,244
A_JVyUR7w6Td0AAAAAAAAAAAAAAQAAAQ.jpg,A_5x9gRIcmjIsAAAAAAAAAAAAAAQAAAQ.jpg,1,244,244
A_y8PMQofn1wsAAAAAAAAAAAAAAQAAAQ.jpg,A_5x9gRIcmjIsAAAAAAAAAAAAAAQAAAQ.jpg,1,244,244
A_CYraTbeA8PYAAAAAAAAAAAAAAQAAAQ.jpg,A_q3_rR6k-lYMAAAAAAAAAAAAAAQAAAQ.jpg,1,245,245
A_CYraTbeA8PYAAAAAAAAAAAAAAQAAAQ.jpg,A_sJaYS4HRJsQAAAAAAAAAAAAAAQAAAQ.jpg,1,245,245
A_CYraTbeA8PYAAAAAAAAAAAAAAQAAAQ.jpg,A_WB6uRqwOQD8AAAAAAAAAAAAAAQAAAQ.jpg,1,245,245
A_CYraTbeA8PYAAAAAAAAAAAAAAQAAAQ.jpg,A_5IoZTb3Daq8AAAAAAAAAAAAAAQAAAQ.jpg,1,245,245
A_CYraTbeA8PYAAAAAAAAAAAAAAQAAAQ.jpg,A_ycyzRpZPTpUAAAAAAAAAAAAAAQAAAQ.jpg,1,245,245
A_q3_rR6k-lYMAAAAAAAAAAAAAAQAAAQ.jpg,A_sJaYS4HRJsQAAAAAAAAAAAAAAQAAAQ.jpg,1,245,245
A_q3_rR6k-lYMAAAAAAAAAAAAAAQAAAQ.jpg,A_WB6uRqwOQD8AAAAAAAAAAAAAAQAAAQ.jpg,1,245,245
A_q3_rR6k-lYMAAAAAAAAAAAAAAQAAAQ.jpg,A_5IoZTb3Daq8AAAAAAAAAAAAAAQAAAQ.jpg,1,245,245
A_q3_rR6k-lYMAAAAAAAAAAAAAAQAAAQ.jpg,A_ycyzRpZPTpUAAAAAAAAAAAAAAQAAAQ.jpg,1,245,245
A_sJaYS4HRJsQAAAAAAAAAAAAAAQAAAQ.jpg,A_WB6uRqwOQD8AAAAAAAAAAAAAAQAAAQ.jpg,1,245,245
A_sJaYS4HRJsQAAAAAAAAAAAAAAQAAAQ.jpg,A_5IoZTb3Daq8AAAAAAAAAAAAAAQAAAQ.jpg,1,245,245
A_sJaYS4HRJsQAAAAAAAAAAAAAAQAAAQ.jpg,A_ycyzRpZPTpUAAAAAAAAAAAAAAQAAAQ.jpg,1,245,245
A_WB6uRqwOQD8AAAAAAAAAAAAAAQAAAQ.jpg,A_5IoZTb3Daq8AAAAAAAAAAAAAAQAAAQ.jpg,1,245,245
A_WB6uRqwOQD8AAAAAAAAAAAAAAQAAAQ.jpg,A_ycyzRpZPTpUAAAAAAAAAAAAAAQAAAQ.jpg,1,245,245
A_5IoZTb3Daq8AAAAAAAAAAAAAAQAAAQ.jpg,A_ycyzRpZPTpUAAAAAAAAAAAAAAQAAAQ.jpg,1,245,245
A_LJALQ5tQhGoAAAAAAAAAAAAAAQAAAQ.jpg,A_DTn9RaIFKaUAAAAAAAAAAAAAAQAAAQ.jpg,1,246,246
A_LJALQ5tQhGoAAAAAAAAAAAAAAQAAAQ.jpg,A_T1kYQ7qQrxcAAAAAAAAAAAAAAQAAAQ.jpg,1,246,246
A_LJALQ5tQhGoAAAAAAAAAAAAAAQAAAQ.jpg,A_x0gcTpulbY8AAAAAAAAAAAAAAQAAAQ.jpg,1,246,246
A_LJALQ5tQhGoAAAAAAAAAAAAAAQAAAQ.jpg,A_DpAcQ6ZefVMAAAAAAAAAAAAAAQAAAQ.jpg,1,246,246
A_LJALQ5tQhGoAAAAAAAAAAAAAAQAAAQ.jpg,A_CXMsQL5lJd8AAAAAAAAAAAAAAQAAAQ.jpg,1,246,246
A_DTn9RaIFKaUAAAAAAAAAAAAAAQAAAQ.jpg,A_T1kYQ7qQrxcAAAAAAAAAAAAAAQAAAQ.jpg,1,246,246
A_DTn9RaIFKaUAAAAAAAAAAAAAAQAAAQ.jpg,A_x0gcTpulbY8AAAAAAAAAAAAAAQAAAQ.jpg,1,246,246
A_DTn9RaIFKaUAAAAAAAAAAAAAAQAAAQ.jpg,A_DpAcQ6ZefVMAAAAAAAAAAAAAAQAAAQ.jpg,1,246,246
A_DTn9RaIFKaUAAAAAAAAAAAAAAQAAAQ.jpg,A_CXMsQL5lJd8AAAAAAAAAAAAAAQAAAQ.jpg,1,246,246
A_T1kYQ7qQrxcAAAAAAAAAAAAAAQAAAQ.jpg,A_x0gcTpulbY8AAAAAAAAAAAAAAQAAAQ.jpg,1,246,246
A_T1kYQ7qQrxcAAAAAAAAAAAAAAQAAAQ.jpg,A_DpAcQ6ZefVMAAAAAAAAAAAAAAQAAAQ.jpg,1,246,246
A_T1kYQ7qQrxcAAAAAAAAAAAAAAQAAAQ.jpg,A_CXMsQL5lJd8AAAAAAAAAAAAAAQAAAQ.jpg,1,246,246
A_x0gcTpulbY8AAAAAAAAAAAAAAQAAAQ.jpg,A_DpAcQ6ZefVMAAAAAAAAAAAAAAQAAAQ.jpg,1,246,246
A_x0gcTpulbY8AAAAAAAAAAAAAAQAAAQ.jpg,A_CXMsQL5lJd8AAAAAAAAAAAAAAQAAAQ.jpg,1,246,246
A_DpAcQ6ZefVMAAAAAAAAAAAAAAQAAAQ.jpg,A_CXMsQL5lJd8AAAAAAAAAAAAAAQAAAQ.jpg,1,246,246
A_BMEtTpAKIZUAAAAAAAAAAAAAAQAAAQ.jpg,A_8F6fTqWbVLkAAAAAAAAAAAAAAQAAAQ.jpg,1,247,247
A_BMEtTpAKIZUAAAAAAAAAAAAAAQAAAQ.jpg,A_SDD3Q6kABacAAAAAAAAAAAAAAQAAAQ.jpg,1,247,247
A_BMEtTpAKIZUAAAAAAAAAAAAAAQAAAQ.jpg,A_d4wUQoUvZxsAAAAAAAAAAAAAAQAAAQ.jpg,1,247,247
A_BMEtTpAKIZUAAAAAAAAAAAAAAQAAAQ.jpg,A_tgVnS7L93MwAAAAAAAAAAAAAAQAAAQ.jpg,1,247,247
A_BMEtTpAKIZUAAAAAAAAAAAAAAQAAAQ.jpg,A_29ykT6cSV_gAAAAAAAAAAAAAAQAAAQ.jpg,1,247,247
A_8F6fTqWbVLkAAAAAAAAAAAAAAQAAAQ.jpg,A_SDD3Q6kABacAAAAAAAAAAAAAAQAAAQ.jpg,1,247,247
A_8F6fTqWbVLkAAAAAAAAAAAAAAQAAAQ.jpg,A_d4wUQoUvZxsAAAAAAAAAAAAAAQAAAQ.jpg,1,247,247
A_8F6fTqWbVLkAAAAAAAAAAAAAAQAAAQ.jpg,A_tgVnS7L93MwAAAAAAAAAAAAAAQAAAQ.jpg,1,247,247
A_8F6fTqWbVLkAAAAAAAAAAAAAAQAAAQ.jpg,A_29ykT6cSV_gAAAAAAAAAAAAAAQAAAQ.jpg,1,247,247
A_SDD3Q6kABacAAAAAAAAAAAAAAQAAAQ.jpg,A_d4wUQoUvZxsAAAAAAAAAAAAAAQAAAQ.jpg,1,247,247
A_SDD3Q6kABacAAAAAAAAAAAAAAQAAAQ.jpg,A_tgVnS7L93MwAAAAAAAAAAAAAAQAAAQ.jpg,1,247,247
A_SDD3Q6kABacAAAAAAAAAAAAAAQAAAQ.jpg,A_29ykT6cSV_gAAAAAAAAAAAAAAQAAAQ.jpg,1,247,247
A_d4wUQoUvZxsAAAAAAAAAAAAAAQAAAQ.jpg,A_tgVnS7L93MwAAAAAAAAAAAAAAQAAAQ.jpg,1,247,247
A_d4wUQoUvZxsAAAAAAAAAAAAAAQAAAQ.jpg,A_29ykT6cSV_gAAAAAAAAAAAAAAQAAAQ.jpg,1,247,247
A_tgVnS7L93MwAAAAAAAAAAAAAAQAAAQ.jpg,A_29ykT6cSV_gAAAAAAAAAAAAAAQAAAQ.jpg,1,247,247
A_2zMUSqlxKlkAAAAAAAAAAAAAAQAAAQ.jpg,A_YwS1QpL6r00AAAAAAAAAAAAAAQAAAQ.jpg,1,248,248
A_2zMUSqlxKlkAAAAAAAAAAAAAAQAAAQ.jpg,A_YwS1QpL6r01b6sxKihNftwAAAQAAAQ.jpg,1,248,248
A_2zMUSqlxKlkAAAAAAAAAAAAAAQAAAQ.jpg,A_Km6WQabbG9cAAAAAAAAAAAAAAQAAAQ.jpg,1,248,248
A_2zMUSqlxKlkAAAAAAAAAAAAAAQAAAQ.jpg,A_yFmGSo2bp-cAAAAAAAAAAAAAAQAAAQ.jpg,1,248,248
A_2zMUSqlxKlkAAAAAAAAAAAAAAQAAAQ.jpg,A_IdUASo3kSSUAAAAAAAAAAAAAAQAAAQ.jpg,1,248,248
A_YwS1QpL6r00AAAAAAAAAAAAAAQAAAQ.jpg,A_YwS1QpL6r01b6sxKihNftwAAAQAAAQ.jpg,1,248,248
A_YwS1QpL6r00AAAAAAAAAAAAAAQAAAQ.jpg,A_Km6WQabbG9cAAAAAAAAAAAAAAQAAAQ.jpg,1,248,248
A_YwS1QpL6r00AAAAAAAAAAAAAAQAAAQ.jpg,A_yFmGSo2bp-cAAAAAAAAAAAAAAQAAAQ.jpg,1,248,248
A_YwS1QpL6r00AAAAAAAAAAAAAAQAAAQ.jpg,A_IdUASo3kSSUAAAAAAAAAAAAAAQAAAQ.jpg,1,248,248
A_YwS1QpL6r01b6sxKihNftwAAAQAAAQ.jpg,A_Km6WQabbG9cAAAAAAAAAAAAAAQAAAQ.jpg,1,248,248
A_YwS1QpL6r01b6sxKihNftwAAAQAAAQ.jpg,A_yFmGSo2bp-cAAAAAAAAAAAAAAQAAAQ.jpg,1,248,248
A_YwS1QpL6r01b6sxKihNftwAAAQAAAQ.jpg,A_IdUASo3kSSUAAAAAAAAAAAAAAQAAAQ.jpg,1,248,248
A_Km6WQabbG9cAAAAAAAAAAAAAAQAAAQ.jpg,A_yFmGSo2bp-cAAAAAAAAAAAAAAQAAAQ.jpg,1,248,248
A_Km6WQabbG9cAAAAAAAAAAAAAAQAAAQ.jpg,A_IdUASo3kSSUAAAAAAAAAAAAAAQAAAQ.jpg,1,248,248
A_yFmGSo2bp-cAAAAAAAAAAAAAAQAAAQ.jpg,A_IdUASo3kSSUAAAAAAAAAAAAAAQAAAQ.jpg,1,248,248
A_8PPFSJLo4y0AAAAAAAAAAAAAAQAAAQ.jpg,A__iVyQa-Ul-kAAAAAAAAAAAAAAQAAAQ.jpg,1,249,249
A_8PPFSJLo4y0AAAAAAAAAAAAAAQAAAQ.jpg,A_aYeATJcaX1MAAAAAAAAAAAAAAQAAAQ.jpg,1,249,249
A_8PPFSJLo4y0AAAAAAAAAAAAAAQAAAQ.jpg,A_OQH-TZVbsjsAAAAAAAAAAAAAAQAAAQ.jpg,1,249,249
A_8PPFSJLo4y0AAAAAAAAAAAAAAQAAAQ.jpg,A_rXoUTpGp2akAAAAAAAAAAAAAAQAAAQ.jpg,1,249,249
A_8PPFSJLo4y0AAAAAAAAAAAAAAQAAAQ.jpg,A_1cY0SJWiw2gAAAAAAAAAAAAAAQAAAQ.jpg,1,249,249
A__iVyQa-Ul-kAAAAAAAAAAAAAAQAAAQ.jpg,A_aYeATJcaX1MAAAAAAAAAAAAAAQAAAQ.jpg,1,249,249
A__iVyQa-Ul-kAAAAAAAAAAAAAAQAAAQ.jpg,A_OQH-TZVbsjsAAAAAAAAAAAAAAQAAAQ.jpg,1,249,249
A__iVyQa-Ul-kAAAAAAAAAAAAAAQAAAQ.jpg,A_rXoUTpGp2akAAAAAAAAAAAAAAQAAAQ.jpg,1,249,249
A__iVyQa-Ul-kAAAAAAAAAAAAAAQAAAQ.jpg,A_1cY0SJWiw2gAAAAAAAAAAAAAAQAAAQ.jpg,1,249,249
A_aYeATJcaX1MAAAAAAAAAAAAAAQAAAQ.jpg,A_OQH-TZVbsjsAAAAAAAAAAAAAAQAAAQ.jpg,1,249,249
A_aYeATJcaX1MAAAAAAAAAAAAAAQAAAQ.jpg,A_rXoUTpGp2akAAAAAAAAAAAAAAQAAAQ.jpg,1,249,249
A_aYeATJcaX1MAAAAAAAAAAAAAAQAAAQ.jpg,A_1cY0SJWiw2gAAAAAAAAAAAAAAQAAAQ.jpg,1,249,249
A_OQH-TZVbsjsAAAAAAAAAAAAAAQAAAQ.jpg,A_rXoUTpGp2akAAAAAAAAAAAAAAQAAAQ.jpg,1,249,249
A_OQH-TZVbsjsAAAAAAAAAAAAAAQAAAQ.jpg,A_1cY0SJWiw2gAAAAAAAAAAAAAAQAAAQ.jpg,1,249,249
A_rXoUTpGp2akAAAAAAAAAAAAAAQAAAQ.jpg,A_1cY0SJWiw2gAAAAAAAAAAAAAAQAAAQ.jpg,1,249,249
A_yBncQYqQkt4AAAAAAAAAAAAAAQAAAQ.jpg,A_Y2VTRawsj20AAAAAAAAAAAAAAQAAAQ.jpg,1,250,250
A_yBncQYqQkt4AAAAAAAAAAAAAAQAAAQ.jpg,A_YGM9RqelARIAAAAAAAAAAAAAAQAAAQ.jpg,1,250,250
A_yBncQYqQkt4AAAAAAAAAAAAAAQAAAQ.jpg,A_Sdv3QYReNXkAAAAAAAAAAAAAAQAAAQ.jpg,1,250,250
A_yBncQYqQkt4AAAAAAAAAAAAAAQAAAQ.jpg,A_13kDRrNTRTIAAAAAAAAAAAAAAQAAAQ.jpg,1,250,250
A_yBncQYqQkt4AAAAAAAAAAAAAAQAAAQ.jpg,A_VcXdQZCQUrIAAAAAAAAAAAAAAQAAAQ.jpg,1,250,250
A_Y2VTRawsj20AAAAAAAAAAAAAAQAAAQ.jpg,A_YGM9RqelARIAAAAAAAAAAAAAAQAAAQ.jpg,1,250,250
A_Y2VTRawsj20AAAAAAAAAAAAAAQAAAQ.jpg,A_Sdv3QYReNXkAAAAAAAAAAAAAAQAAAQ.jpg,1,250,250
A_Y2VTRawsj20AAAAAAAAAAAAAAQAAAQ.jpg,A_13kDRrNTRTIAAAAAAAAAAAAAAQAAAQ.jpg,1,250,250
A_Y2VTRawsj20AAAAAAAAAAAAAAQAAAQ.jpg,A_VcXdQZCQUrIAAAAAAAAAAAAAAQAAAQ.jpg,1,250,250
A_YGM9RqelARIAAAAAAAAAAAAAAQAAAQ.jpg,A_Sdv3QYReNXkAAAAAAAAAAAAAAQAAAQ.jpg,1,250,250
A_YGM9RqelARIAAAAAAAAAAAAAAQAAAQ.jpg,A_13kDRrNTRTIAAAAAAAAAAAAAAQAAAQ.jpg,1,250,250
A_YGM9RqelARIAAAAAAAAAAAAAAQAAAQ.jpg,A_VcXdQZCQUrIAAAAAAAAAAAAAAQAAAQ.jpg,1,250,250
A_Sdv3QYReNXkAAAAAAAAAAAAAAQAAAQ.jpg,A_13kDRrNTRTIAAAAAAAAAAAAAAQAAAQ.jpg,1,250,250
A_Sdv3QYReNXkAAAAAAAAAAAAAAQAAAQ.jpg,A_VcXdQZCQUrIAAAAAAAAAAAAAAQAAAQ.jpg,1,250,250
A_13kDRrNTRTIAAAAAAAAAAAAAAQAAAQ.jpg,A_VcXdQZCQUrIAAAAAAAAAAAAAAQAAAQ.jpg,1,250,250
A_fVZwT4oJteAAAAAAAAAAAAAAAQAAAQ.jpg,A_ZhFOTLvWldQAAAAAAAAAAAAAAQAAAQ.jpg,1,251,251
A_fVZwT4oJteAAAAAAAAAAAAAAAQAAAQ.jpg,A_mEEyRI2A9fMAAAAAAAAAAAAAAQAAAQ.jpg,1,251,251
A_fVZwT4oJteAAAAAAAAAAAAAAAQAAAQ.jpg,A_Q8HDR58ZuAwAAAAAAAAAAAAAAQAAAQ.jpg,1,251,251
A_fVZwT4oJteAAAAAAAAAAAAAAAQAAAQ.jpg,A_nrfAQ5bLQPoAAAAAAAAAAAAAAQAAAQ.jpg,1,251,251
A_fVZwT4oJteAAAAAAAAAAAAAAAQAAAQ.jpg,A_7iu8TpXAj0QAAAAAAAAAAAAAAQAAAQ.jpg,1,251,251
A_ZhFOTLvWldQAAAAAAAAAAAAAAQAAAQ.jpg,A_mEEyRI2A9fMAAAAAAAAAAAAAAQAAAQ.jpg,1,251,251
A_ZhFOTLvWldQAAAAAAAAAAAAAAQAAAQ.jpg,A_Q8HDR58ZuAwAAAAAAAAAAAAAAQAAAQ.jpg,1,251,251
A_ZhFOTLvWldQAAAAAAAAAAAAAAQAAAQ.jpg,A_nrfAQ5bLQPoAAAAAAAAAAAAAAQAAAQ.jpg,1,251,251
A_ZhFOTLvWldQAAAAAAAAAAAAAAQAAAQ.jpg,A_7iu8TpXAj0QAAAAAAAAAAAAAAQAAAQ.jpg,1,251,251
A_mEEyRI2A9fMAAAAAAAAAAAAAAQAAAQ.jpg,A_Q8HDR58ZuAwAAAAAAAAAAAAAAQAAAQ.jpg,1,251,251
A_mEEyRI2A9fMAAAAAAAAAAAAAAQAAAQ.jpg,A_nrfAQ5bLQPoAAAAAAAAAAAAAAQAAAQ.jpg,1,251,251
A_mEEyRI2A9fMAAAAAAAAAAAAAAQAAAQ.jpg,A_7iu8TpXAj0QAAAAAAAAAAAAAAQAAAQ.jpg,1,251,251
A_Q8HDR58ZuAwAAAAAAAAAAAAAAQAAAQ.jpg,A_nrfAQ5bLQPoAAAAAAAAAAAAAAQAAAQ.jpg,1,251,251
A_Q8HDR58ZuAwAAAAAAAAAAAAAAQAAAQ.jpg,A_7iu8TpXAj0QAAAAAAAAAAAAAAQAAAQ.jpg,1,251,251
A_nrfAQ5bLQPoAAAAAAAAAAAAAAQAAAQ.jpg,A_7iu8TpXAj0QAAAAAAAAAAAAAAQAAAQ.jpg,1,251,251
A_muDGRIJTyNcAAAAAAAAAAAAAAQAAAQ.jpg,A_tiodTJuNpegAAAAAAAAAAAAAAQAAAQ.jpg,1,252,252
A_muDGRIJTyNcAAAAAAAAAAAAAAQAAAQ.jpg,A_GJH7T7H_iloAAAAAAAAAAAAAAQAAAQ.jpg,1,252,252
A_muDGRIJTyNcAAAAAAAAAAAAAAQAAAQ.jpg,A_BHAZQqSI3N4AAAAAAAAAAAAAAQAAAQ.jpg,1,252,252
A_muDGRIJTyNcAAAAAAAAAAAAAAQAAAQ.jpg,A_vKhxQLRWwhkAAAAAAAAAAAAAAQAAAQ.jpg,1,252,252
A_muDGRIJTyNcAAAAAAAAAAAAAAQAAAQ.jpg,A_mbdXS47FykQAAAAAAAAAAAAAAQAAAQ.jpg,1,252,252
A_tiodTJuNpegAAAAAAAAAAAAAAQAAAQ.jpg,A_GJH7T7H_iloAAAAAAAAAAAAAAQAAAQ.jpg,1,252,252
A_tiodTJuNpegAAAAAAAAAAAAAAQAAAQ.jpg,A_BHAZQqSI3N4AAAAAAAAAAAAAAQAAAQ.jpg,1,252,252
A_tiodTJuNpegAAAAAAAAAAAAAAQAAAQ.jpg,A_vKhxQLRWwhkAAAAAAAAAAAAAAQAAAQ.jpg,1,252,252
A_tiodTJuNpegAAAAAAAAAAAAAAQAAAQ.jpg,A_mbdXS47FykQAAAAAAAAAAAAAAQAAAQ.jpg,1,252,252
A_GJH7T7H_iloAAAAAAAAAAAAAAQAAAQ.jpg,A_BHAZQqSI3N4AAAAAAAAAAAAAAQAAAQ.jpg,1,252,252
A_GJH7T7H_iloAAAAAAAAAAAAAAQAAAQ.jpg,A_vKhxQLRWwhkAAAAAAAAAAAAAAQAAAQ.jpg,1,252,252
A_GJH7T7H_iloAAAAAAAAAAAAAAQAAAQ.jpg,A_mbdXS47FykQAAAAAAAAAAAAAAQAAAQ.jpg,1,252,252
A_BHAZQqSI3N4AAAAAAAAAAAAAAQAAAQ.jpg,A_vKhxQLRWwhkAAAAAAAAAAAAAAQAAAQ.jpg,1,252,252
A_BHAZQqSI3N4AAAAAAAAAAAAAAQAAAQ.jpg,A_mbdXS47FykQAAAAAAAAAAAAAAQAAAQ.jpg,1,252,252
A_vKhxQLRWwhkAAAAAAAAAAAAAAQAAAQ.jpg,A_mbdXS47FykQAAAAAAAAAAAAAAQAAAQ.jpg,1,252,252
A_Z4zcS4aqMeIAAAAAAAAAAAAAAQAAAQ.jpg,A_1YVzSbIROi8AAAAAAAAAAAAAAQAAAQ.jpg,1,253,253
A_Z4zcS4aqMeIAAAAAAAAAAAAAAQAAAQ.jpg,A_q3NGSb8R88wAAAAAAAAAAAAAAQAAAQ.jpg,1,253,253
A_Z4zcS4aqMeIAAAAAAAAAAAAAAQAAAQ.jpg,A_LSiaQrNCrMkAAAAAAAAAAAAAAQAAAQ.jpg,1,253,253
A_Z4zcS4aqMeIAAAAAAAAAAAAAAQAAAQ.jpg,A__xmgSopzWN8AAAAAAAAAAAAAAQAAAQ.jpg,1,253,253
A_Z4zcS4aqMeIAAAAAAAAAAAAAAQAAAQ.jpg,A_mwbHSqmRhcQAAAAAAAAAAAAAAQAAAQ.jpg,1,253,253
A_1YVzSbIROi8AAAAAAAAAAAAAAQAAAQ.jpg,A_q3NGSb8R88wAAAAAAAAAAAAAAQAAAQ.jpg,1,253,253
A_1YVzSbIROi8AAAAAAAAAAAAAAQAAAQ.jpg,A_LSiaQrNCrMkAAAAAAAAAAAAAAQAAAQ.jpg,1,253,253
A_1YVzSbIROi8AAAAAAAAAAAAAAQAAAQ.jpg,A__xmgSopzWN8AAAAAAAAAAAAAAQAAAQ.jpg,1,253,253
A_1YVzSbIROi8AAAAAAAAAAAAAAQAAAQ.jpg,A_mwbHSqmRhcQAAAAAAAAAAAAAAQAAAQ.jpg,1,253,253
A_q3NGSb8R88wAAAAAAAAAAAAAAQAAAQ.jpg,A_LSiaQrNCrMkAAAAAAAAAAAAAAQAAAQ.jpg,1,253,253
A_q3NGSb8R88wAAAAAAAAAAAAAAQAAAQ.jpg,A__xmgSopzWN8AAAAAAAAAAAAAAQAAAQ.jpg,1,253,253
A_q3NGSb8R88wAAAAAAAAAAAAAAQAAAQ.jpg,A_mwbHSqmRhcQAAAAAAAAAAAAAAQAAAQ.jpg,1,253,253
A_LSiaQrNCrMkAAAAAAAAAAAAAAQAAAQ.jpg,A__xmgSopzWN8AAAAAAAAAAAAAAQAAAQ.jpg,1,253,253
A_LSiaQrNCrMkAAAAAAAAAAAAAAQAAAQ.jpg,A_mwbHSqmRhcQAAAAAAAAAAAAAAQAAAQ.jpg,1,253,253
A__xmgSopzWN8AAAAAAAAAAAAAAQAAAQ.jpg,A_mwbHSqmRhcQAAAAAAAAAAAAAAQAAAQ.jpg,1,253,253
A_iPsbSr7C5DcAAAAAAAAAAAAAAQAAAQ.jpg,A_bv-GT6sWBVEAAAAAAAAAAAAAAQAAAQ.jpg,1,254,254
A_iPsbSr7C5DcAAAAAAAAAAAAAAQAAAQ.jpg,A_7_k1RLN9nvMAAAAAAAAAAAAAAQAAAQ.jpg,1,254,254
A_iPsbSr7C5DcAAAAAAAAAAAAAAQAAAQ.jpg,A_Db7ZTbup1uwAAAAAAAAAAAAAAQAAAQ.jpg,1,254,254
A_iPsbSr7C5DcAAAAAAAAAAAAAAQAAAQ.jpg,A_2iAoQIypnLoAAAAAAAAAAAAAAQAAAQ.jpg,1,254,254
A_iPsbSr7C5DcAAAAAAAAAAAAAAQAAAQ.jpg,A_PrB1S52mSxAAAAAAAAAAAAAAAQAAAQ.jpg,1,254,254
A_bv-GT6sWBVEAAAAAAAAAAAAAAQAAAQ.jpg,A_7_k1RLN9nvMAAAAAAAAAAAAAAQAAAQ.jpg,1,254,254
A_bv-GT6sWBVEAAAAAAAAAAAAAAQAAAQ.jpg,A_Db7ZTbup1uwAAAAAAAAAAAAAAQAAAQ.jpg,1,254,254
A_bv-GT6sWBVEAAAAAAAAAAAAAAQAAAQ.jpg,A_2iAoQIypnLoAAAAAAAAAAAAAAQAAAQ.jpg,1,254,254
A_bv-GT6sWBVEAAAAAAAAAAAAAAQAAAQ.jpg,A_PrB1S52mSxAAAAAAAAAAAAAAAQAAAQ.jpg,1,254,254
A_7_k1RLN9nvMAAAAAAAAAAAAAAQAAAQ.jpg,A_Db7ZTbup1uwAAAAAAAAAAAAAAQAAAQ.jpg,1,254,254
A_7_k1RLN9nvMAAAAAAAAAAAAAAQAAAQ.jpg,A_2iAoQIypnLoAAAAAAAAAAAAAAQAAAQ.jpg,1,254,254
A_7_k1RLN9nvMAAAAAAAAAAAAAAQAAAQ.jpg,A_PrB1S52mSxAAAAAAAAAAAAAAAQAAAQ.jpg,1,254,254
A_Db7ZTbup1uwAAAAAAAAAAAAAAQAAAQ.jpg,A_2iAoQIypnLoAAAAAAAAAAAAAAQAAAQ.jpg,1,254,254
A_Db7ZTbup1uwAAAAAAAAAAAAAAQAAAQ.jpg,A_PrB1S52mSxAAAAAAAAAAAAAAAQAAAQ.jpg,1,254,254
A_2iAoQIypnLoAAAAAAAAAAAAAAQAAAQ.jpg,A_PrB1S52mSxAAAAAAAAAAAAAAAQAAAQ.jpg,1,254,254
A_tnp-TKnLdn4AAAAAAAAAAAAAAQAAAQ.jpg,A_2fEAQ6wRV78AAAAAAAAAAAAAAQAAAQ.jpg,1,255,255
A_tnp-TKnLdn4AAAAAAAAAAAAAAQAAAQ.jpg,A_cG_XSostq6UAAAAAAAAAAAAAAQAAAQ.jpg,1,255,255
A_tnp-TKnLdn4AAAAAAAAAAAAAAQAAAQ.jpg,A__-5CSqwIXuQAAAAAAAAAAAAAAQAAAQ.jpg,1,255,255
A_tnp-TKnLdn4AAAAAAAAAAAAAAQAAAQ.jpg,A_2bxUSqLc6wAAAAAAAAAAAAAAAQAAAQ.jpg,1,255,255
A_tnp-TKnLdn4AAAAAAAAAAAAAAQAAAQ.jpg,A_mVW5RI4asboAAAAAAAAAAAAAAQAAAQ.jpg,1,255,255
A_2fEAQ6wRV78AAAAAAAAAAAAAAQAAAQ.jpg,A_cG_XSostq6UAAAAAAAAAAAAAAQAAAQ.jpg,1,255,255
A_2fEAQ6wRV78AAAAAAAAAAAAAAQAAAQ.jpg,A__-5CSqwIXuQAAAAAAAAAAAAAAQAAAQ.jpg,1,255,255
A_2fEAQ6wRV78AAAAAAAAAAAAAAQAAAQ.jpg,A_2bxUSqLc6wAAAAAAAAAAAAAAAQAAAQ.jpg,1,255,255
A_2fEAQ6wRV78AAAAAAAAAAAAAAQAAAQ.jpg,A_mVW5RI4asboAAAAAAAAAAAAAAQAAAQ.jpg,1,255,255
A_cG_XSostq6UAAAAAAAAAAAAAAQAAAQ.jpg,A__-5CSqwIXuQAAAAAAAAAAAAAAQAAAQ.jpg,1,255,255
A_cG_XSostq6UAAAAAAAAAAAAAAQAAAQ.jpg,A_2bxUSqLc6wAAAAAAAAAAAAAAAQAAAQ.jpg,1,255,255
A_cG_XSostq6UAAAAAAAAAAAAAAQAAAQ.jpg,A_mVW5RI4asboAAAAAAAAAAAAAAQAAAQ.jpg,1,255,255
A__-5CSqwIXuQAAAAAAAAAAAAAAQAAAQ.jpg,A_2bxUSqLc6wAAAAAAAAAAAAAAAQAAAQ.jpg,1,255,255
A__-5CSqwIXuQAAAAAAAAAAAAAAQAAAQ.jpg,A_mVW5RI4asboAAAAAAAAAAAAAAQAAAQ.jpg,1,255,255
A_2bxUSqLc6wAAAAAAAAAAAAAAAQAAAQ.jpg,A_mVW5RI4asboAAAAAAAAAAAAAAQAAAQ.jpg,1,255,255
A_uJ6ISJ1NElsAAAAAAAAAAAAAAQAAAQ.jpg,A_aDKBQ7mM76cAAAAAAAAAAAAAAQAAAQ.jpg,1,256,256
A_uJ6ISJ1NElsAAAAAAAAAAAAAAQAAAQ.jpg,A_-JEPRbD0J4AAAAAAAAAAAAAAAQAAAQ.jpg,1,256,256
A_uJ6ISJ1NElsAAAAAAAAAAAAAAQAAAQ.jpg,A_cRO-RpI4ux8AAAAAAAAAAAAAAQAAAQ.jpg,1,256,256
A_uJ6ISJ1NElsAAAAAAAAAAAAAAQAAAQ.jpg,A_g-xBTZf8gWoAAAAAAAAAAAAAAQAAAQ.jpg,1,256,256
A_uJ6ISJ1NElsAAAAAAAAAAAAAAQAAAQ.jpg,A_ACqjTY_SpjgAAAAAAAAAAAAAAQAAAQ.jpg,1,256,256
A_aDKBQ7mM76cAAAAAAAAAAAAAAQAAAQ.jpg,A_-JEPRbD0J4AAAAAAAAAAAAAAAQAAAQ.jpg,1,256,256
A_aDKBQ7mM76cAAAAAAAAAAAAAAQAAAQ.jpg,A_cRO-RpI4ux8AAAAAAAAAAAAAAQAAAQ.jpg,1,256,256
A_aDKBQ7mM76cAAAAAAAAAAAAAAQAAAQ.jpg,A_g-xBTZf8gWoAAAAAAAAAAAAAAQAAAQ.jpg,1,256,256
A_aDKBQ7mM76cAAAAAAAAAAAAAAQAAAQ.jpg,A_ACqjTY_SpjgAAAAAAAAAAAAAAQAAAQ.jpg,1,256,256
A_-JEPRbD0J4AAAAAAAAAAAAAAAQAAAQ.jpg,A_cRO-RpI4ux8AAAAAAAAAAAAAAQAAAQ.jpg,1,256,256
A_-JEPRbD0J4AAAAAAAAAAAAAAAQAAAQ.jpg,A_g-xBTZf8gWoAAAAAAAAAAAAAAQAAAQ.jpg,1,256,256
A_-JEPRbD0J4AAAAAAAAAAAAAAAQAAAQ.jpg,A_ACqjTY_SpjgAAAAAAAAAAAAAAQAAAQ.jpg,1,256,256
A_cRO-RpI4ux8AAAAAAAAAAAAAAQAAAQ.jpg,A_g-xBTZf8gWoAAAAAAAAAAAAAAQAAAQ.jpg,1,256,256
A_cRO-RpI4ux8AAAAAAAAAAAAAAQAAAQ.jpg,A_ACqjTY_SpjgAAAAAAAAAAAAAAQAAAQ.jpg,1,256,256
A_g-xBTZf8gWoAAAAAAAAAAAAAAQAAAQ.jpg,A_ACqjTY_SpjgAAAAAAAAAAAAAAQAAAQ.jpg,1,256,256
A_TKDrRJ6csBwAAAAAAAAAAAAAAQAAAQ.jpg,A_SWT7TpEfSXoAAAAAAAAAAAAAAQAAAQ.jpg,1,257,257
A_TKDrRJ6csBwAAAAAAAAAAAAAAQAAAQ.jpg,A_FSyZQ40qPbEAAAAAAAAAAAAAAQAAAQ.jpg,1,257,257
A_TKDrRJ6csBwAAAAAAAAAAAAAAQAAAQ.jpg,A_YDlYRYBLgbQAAAAAAAAAAAAAAQAAAQ.jpg,1,257,257
A_TKDrRJ6csBwAAAAAAAAAAAAAAQAAAQ.jpg,A_h-8AQKUCJ6wAAAAAAAAAAAAAAQAAAQ.jpg,1,257,257
A_TKDrRJ6csBwAAAAAAAAAAAAAAQAAAQ.jpg,A_dNP4R4O9ASkAAAAAAAAAAAAAAQAAAQ.jpg,1,257,257
A_SWT7TpEfSXoAAAAAAAAAAAAAAQAAAQ.jpg,A_FSyZQ40qPbEAAAAAAAAAAAAAAQAAAQ.jpg,1,257,257
A_SWT7TpEfSXoAAAAAAAAAAAAAAQAAAQ.jpg,A_YDlYRYBLgbQAAAAAAAAAAAAAAQAAAQ.jpg,1,257,257
A_SWT7TpEfSXoAAAAAAAAAAAAAAQAAAQ.jpg,A_h-8AQKUCJ6wAAAAAAAAAAAAAAQAAAQ.jpg,1,257,257
A_SWT7TpEfSXoAAAAAAAAAAAAAAQAAAQ.jpg,A_dNP4R4O9ASkAAAAAAAAAAAAAAQAAAQ.jpg,1,257,257
A_FSyZQ40qPbEAAAAAAAAAAAAAAQAAAQ.jpg,A_YDlYRYBLgbQAAAAAAAAAAAAAAQAAAQ.jpg,1,257,257
A_FSyZQ40qPbEAAAAAAAAAAAAAAQAAAQ.jpg,A_h-8AQKUCJ6wAAAAAAAAAAAAAAQAAAQ.jpg,1,257,257
A_FSyZQ40qPbEAAAAAAAAAAAAAAQAAAQ.jpg,A_dNP4R4O9ASkAAAAAAAAAAAAAAQAAAQ.jpg,1,257,257
A_YDlYRYBLgbQAAAAAAAAAAAAAAQAAAQ.jpg,A_h-8AQKUCJ6wAAAAAAAAAAAAAAQAAAQ.jpg,1,257,257
A_YDlYRYBLgbQAAAAAAAAAAAAAAQAAAQ.jpg,A_dNP4R4O9ASkAAAAAAAAAAAAAAQAAAQ.jpg,1,257,257
A_h-8AQKUCJ6wAAAAAAAAAAAAAAQAAAQ.jpg,A_dNP4R4O9ASkAAAAAAAAAAAAAAQAAAQ.jpg,1,257,257
A_FhkKRo6fxbsAAAAAAAAAAAAAAQAAAQ.jpg,A_7B2HSpMadEgAAAAAAAAAAAAAAQAAAQ.jpg,1,258,258
A_FhkKRo6fxbsAAAAAAAAAAAAAAQAAAQ.jpg,A_4lT3QpjRRVEAAAAAAAAAAAAAAQAAAQ.jpg,1,258,258
A_FhkKRo6fxbsAAAAAAAAAAAAAAQAAAQ.jpg,A_YRDWQrX8B_UAAAAAAAAAAAAAAQAAAQ.jpg,1,258,258
A_FhkKRo6fxbsAAAAAAAAAAAAAAQAAAQ.jpg,A_bZBRQL1eeLIAAAAAAAAAAAAAAQAAAQ.jpg,1,258,258
A_FhkKRo6fxbsAAAAAAAAAAAAAAQAAAQ.jpg,A_SsADSplZuU0AAAAAAAAAAAAAAQAAAQ.jpg,1,258,258
A_7B2HSpMadEgAAAAAAAAAAAAAAQAAAQ.jpg,A_4lT3QpjRRVEAAAAAAAAAAAAAAQAAAQ.jpg,1,258,258
A_7B2HSpMadEgAAAAAAAAAAAAAAQAAAQ.jpg,A_YRDWQrX8B_UAAAAAAAAAAAAAAQAAAQ.jpg,1,258,258
A_7B2HSpMadEgAAAAAAAAAAAAAAQAAAQ.jpg,A_bZBRQL1eeLIAAAAAAAAAAAAAAQAAAQ.jpg,1,258,258
A_7B2HSpMadEgAAAAAAAAAAAAAAQAAAQ.jpg,A_SsADSplZuU0AAAAAAAAAAAAAAQAAAQ.jpg,1,258,258
A_4lT3QpjRRVEAAAAAAAAAAAAAAQAAAQ.jpg,A_YRDWQrX8B_UAAAAAAAAAAAAAAQAAAQ.jpg,1,258,258
A_4lT3QpjRRVEAAAAAAAAAAAAAAQAAAQ.jpg,A_bZBRQL1eeLIAAAAAAAAAAAAAAQAAAQ.jpg,1,258,258
A_4lT3QpjRRVEAAAAAAAAAAAAAAQAAAQ.jpg,A_SsADSplZuU0AAAAAAAAAAAAAAQAAAQ.jpg,1,258,258
A_YRDWQrX8B_UAAAAAAAAAAAAAAQAAAQ.jpg,A_bZBRQL1eeLIAAAAAAAAAAAAAAQAAAQ.jpg,1,258,258
A_YRDWQrX8B_UAAAAAAAAAAAAAAQAAAQ.jpg,A_SsADSplZuU0AAAAAAAAAAAAAAQAAAQ.jpg,1,258,258
A_bZBRQL1eeLIAAAAAAAAAAAAAAQAAAQ.jpg,A_SsADSplZuU0AAAAAAAAAAAAAAQAAAQ.jpg,1,258,258
A_SU_3R4a-QnYAAAAAAAAAAAAAAQAAAQ.jpg,A_BbMtSbuC4rkAAAAAAAAAAAAAAQAAAQ.jpg,1,259,259
A_SU_3R4a-QnYAAAAAAAAAAAAAAQAAAQ.jpg,A_KRefSIqxAhMAAAAAAAAAAAAAAQAAAQ.jpg,1,259,259
A_SU_3R4a-QnYAAAAAAAAAAAAAAQAAAQ.jpg,A_9SxdQYnmGb8AAAAAAAAAAAAAAQAAAQ.jpg,1,259,259
A_SU_3R4a-QnYAAAAAAAAAAAAAAQAAAQ.jpg,A_MLC0SYv23fwAAAAAAAAAAAAAAQAAAQ.jpg,1,259,259
A_SU_3R4a-QnYAAAAAAAAAAAAAAQAAAQ.jpg,A_DY8LQqsgHUkAAAAAAAAAAAAAAQAAAQ.jpg,1,259,259
A_BbMtSbuC4rkAAAAAAAAAAAAAAQAAAQ.jpg,A_KRefSIqxAhMAAAAAAAAAAAAAAQAAAQ.jpg,1,259,259
A_BbMtSbuC4rkAAAAAAAAAAAAAAQAAAQ.jpg,A_9SxdQYnmGb8AAAAAAAAAAAAAAQAAAQ.jpg,1,259,259
A_BbMtSbuC4rkAAAAAAAAAAAAAAQAAAQ.jpg,A_MLC0SYv23fwAAAAAAAAAAAAAAQAAAQ.jpg,1,259,259
A_BbMtSbuC4rkAAAAAAAAAAAAAAQAAAQ.jpg,A_DY8LQqsgHUkAAAAAAAAAAAAAAQAAAQ.jpg,1,259,259
A_KRefSIqxAhMAAAAAAAAAAAAAAQAAAQ.jpg,A_9SxdQYnmGb8AAAAAAAAAAAAAAQAAAQ.jpg,1,259,259
A_KRefSIqxAhMAAAAAAAAAAAAAAQAAAQ.jpg,A_MLC0SYv23fwAAAAAAAAAAAAAAQAAAQ.jpg,1,259,259
A_KRefSIqxAhMAAAAAAAAAAAAAAQAAAQ.jpg,A_DY8LQqsgHUkAAAAAAAAAAAAAAQAAAQ.jpg,1,259,259
A_9SxdQYnmGb8AAAAAAAAAAAAAAQAAAQ.jpg,A_MLC0SYv23fwAAAAAAAAAAAAAAQAAAQ.jpg,1,259,259
A_9SxdQYnmGb8AAAAAAAAAAAAAAQAAAQ.jpg,A_DY8LQqsgHUkAAAAAAAAAAAAAAQAAAQ.jpg,1,259,259
A_MLC0SYv23fwAAAAAAAAAAAAAAQAAAQ.jpg,A_DY8LQqsgHUkAAAAAAAAAAAAAAQAAAQ.jpg,1,259,259
A_0jiiRbW7afUAAAAAAAAAAAAAAQAAAQ.jpg,A_3HV_SoaRBjcAAAAAAAAAAAAAAQAAAQ.jpg,1,260,260
A_0jiiRbW7afUAAAAAAAAAAAAAAQAAAQ.jpg,A_osmfTY9zXYgAAAAAAAAAAAAAAQAAAQ.jpg,1,260,260
A_0jiiRbW7afUAAAAAAAAAAAAAAQAAAQ.jpg,A_I-uhS4pzzngAAAAAAAAAAAAAAQAAAQ.jpg,1,260,260
A_0jiiRbW7afUAAAAAAAAAAAAAAQAAAQ.jpg,A_7uWzQaplAc4AAAAAAAAAAAAAAQAAAQ.jpg,1,260,260
A_0jiiRbW7afUAAAAAAAAAAAAAAQAAAQ.jpg,A_qXnRSq_alQ0AAAAAAAAAAAAAAQAAAQ.jpg,1,260,260
A_3HV_SoaRBjcAAAAAAAAAAAAAAQAAAQ.jpg,A_osmfTY9zXYgAAAAAAAAAAAAAAQAAAQ.jpg,1,260,260
A_3HV_SoaRBjcAAAAAAAAAAAAAAQAAAQ.jpg,A_I-uhS4pzzngAAAAAAAAAAAAAAQAAAQ.jpg,1,260,260
A_3HV_SoaRBjcAAAAAAAAAAAAAAQAAAQ.jpg,A_7uWzQaplAc4AAAAAAAAAAAAAAQAAAQ.jpg,1,260,260
A_3HV_SoaRBjcAAAAAAAAAAAAAAQAAAQ.jpg,A_qXnRSq_alQ0AAAAAAAAAAAAAAQAAAQ.jpg,1,260,260
A_osmfTY9zXYgAAAAAAAAAAAAAAQAAAQ.jpg,A_I-uhS4pzzngAAAAAAAAAAAAAAQAAAQ.jpg,1,260,260
A_osmfTY9zXYgAAAAAAAAAAAAAAQAAAQ.jpg,A_7uWzQaplAc4AAAAAAAAAAAAAAQAAAQ.jpg,1,260,260
A_osmfTY9zXYgAAAAAAAAAAAAAAQAAAQ.jpg,A_qXnRSq_alQ0AAAAAAAAAAAAAAQAAAQ.jpg,1,260,260
A_I-uhS4pzzngAAAAAAAAAAAAAAQAAAQ.jpg,A_7uWzQaplAc4AAAAAAAAAAAAAAQAAAQ.jpg,1,260,260
A_I-uhS4pzzngAAAAAAAAAAAAAAQAAAQ.jpg,A_qXnRSq_alQ0AAAAAAAAAAAAAAQAAAQ.jpg,1,260,260
A_7uWzQaplAc4AAAAAAAAAAAAAAQAAAQ.jpg,A_qXnRSq_alQ0AAAAAAAAAAAAAAQAAAQ.jpg,1,260,260
A_UixUQJGzJ6AAAAAAAAAAAAAAAQAAAQ.jpg,A_kjIITIS-f1QAAAAAAAAAAAAAAQAAAQ.jpg,1,261,261
A_UixUQJGzJ6AAAAAAAAAAAAAAAQAAAQ.jpg,A_kRgtTKT8j2YAAAAAAAAAAAAAAQAAAQ.jpg,1,261,261
A_UixUQJGzJ6AAAAAAAAAAAAAAAQAAAQ.jpg,A_eyX9SoPYLnUAAAAAAAAAAAAAAQAAAQ.jpg,1,261,261
A_UixUQJGzJ6AAAAAAAAAAAAAAAQAAAQ.jpg,A_qi_5T4aATlcAAAAAAAAAAAAAAQAAAQ.jpg,1,261,261
A_UixUQJGzJ6AAAAAAAAAAAAAAAQAAAQ.jpg,A_iGqzSrLtlcMAAAAAAAAAAAAAAQAAAQ.jpg,1,261,261
A_kjIITIS-f1QAAAAAAAAAAAAAAQAAAQ.jpg,A_kRgtTKT8j2YAAAAAAAAAAAAAAQAAAQ.jpg,1,261,261
A_kjIITIS-f1QAAAAAAAAAAAAAAQAAAQ.jpg,A_eyX9SoPYLnUAAAAAAAAAAAAAAQAAAQ.jpg,1,261,261
A_kjIITIS-f1QAAAAAAAAAAAAAAQAAAQ.jpg,A_qi_5T4aATlcAAAAAAAAAAAAAAQAAAQ.jpg,1,261,261
A_kjIITIS-f1QAAAAAAAAAAAAAAQAAAQ.jpg,A_iGqzSrLtlcMAAAAAAAAAAAAAAQAAAQ.jpg,1,261,261
A_kRgtTKT8j2YAAAAAAAAAAAAAAQAAAQ.jpg,A_eyX9SoPYLnUAAAAAAAAAAAAAAQAAAQ.jpg,1,261,261
A_kRgtTKT8j2YAAAAAAAAAAAAAAQAAAQ.jpg,A_qi_5T4aATlcAAAAAAAAAAAAAAQAAAQ.jpg,1,261,261
A_kRgtTKT8j2YAAAAAAAAAAAAAAQAAAQ.jpg,A_iGqzSrLtlcMAAAAAAAAAAAAAAQAAAQ.jpg,1,261,261
A_eyX9SoPYLnUAAAAAAAAAAAAAAQAAAQ.jpg,A_qi_5T4aATlcAAAAAAAAAAAAAAQAAAQ.jpg,1,261,261
A_eyX9SoPYLnUAAAAAAAAAAAAAAQAAAQ.jpg,A_iGqzSrLtlcMAAAAAAAAAAAAAAQAAAQ.jpg,1,261,261
A_qi_5T4aATlcAAAAAAAAAAAAAAQAAAQ.jpg,A_iGqzSrLtlcMAAAAAAAAAAAAAAQAAAQ.jpg,1,261,261
A_MOhrQLLyVDYAAAAAAAAAAAAAAQAAAQ.jpg,A_spOYSaQ52GMAAAAAAAAAAAAAAQAAAQ.jpg,1,262,262
A_MOhrQLLyVDYAAAAAAAAAAAAAAQAAAQ.jpg,A_uUKRRIhcetkAAAAAAAAAAAAAAQAAAQ.jpg,1,262,262
A_MOhrQLLyVDYAAAAAAAAAAAAAAQAAAQ.jpg,A_6r0MSZSuGksAAAAAAAAAAAAAAQAAAQ.jpg,1,262,262
A_MOhrQLLyVDYAAAAAAAAAAAAAAQAAAQ.jpg,A_-BFZSoRxTq0AAAAAAAAAAAAAAQAAAQ.jpg,1,262,262
A_MOhrQLLyVDYAAAAAAAAAAAAAAQAAAQ.jpg,A_PD58S5qjNQoAAAAAAAAAAAAAAQAAAQ.jpg,1,262,262
A_spOYSaQ52GMAAAAAAAAAAAAAAQAAAQ.jpg,A_uUKRRIhcetkAAAAAAAAAAAAAAQAAAQ.jpg,1,262,262
A_spOYSaQ52GMAAAAAAAAAAAAAAQAAAQ.jpg,A_6r0MSZSuGksAAAAAAAAAAAAAAQAAAQ.jpg,1,262,262
A_spOYSaQ52GMAAAAAAAAAAAAAAQAAAQ.jpg,A_-BFZSoRxTq0AAAAAAAAAAAAAAQAAAQ.jpg,1,262,262
A_spOYSaQ52GMAAAAAAAAAAAAAAQAAAQ.jpg,A_PD58S5qjNQoAAAAAAAAAAAAAAQAAAQ.jpg,1,262,262
A_uUKRRIhcetkAAAAAAAAAAAAAAQAAAQ.jpg,A_6r0MSZSuGksAAAAAAAAAAAAAAQAAAQ.jpg,1,262,262
A_uUKRRIhcetkAAAAAAAAAAAAAAQAAAQ.jpg,A_-BFZSoRxTq0AAAAAAAAAAAAAAQAAAQ.jpg,1,262,262
A_uUKRRIhcetkAAAAAAAAAAAAAAQAAAQ.jpg,A_PD58S5qjNQoAAAAAAAAAAAAAAQAAAQ.jpg,1,262,262
A_6r0MSZSuGksAAAAAAAAAAAAAAQAAAQ.jpg,A_-BFZSoRxTq0AAAAAAAAAAAAAAQAAAQ.jpg,1,262,262
A_6r0MSZSuGksAAAAAAAAAAAAAAQAAAQ.jpg,A_PD58S5qjNQoAAAAAAAAAAAAAAQAAAQ.jpg,1,262,262
A_-BFZSoRxTq0AAAAAAAAAAAAAAQAAAQ.jpg,A_PD58S5qjNQoAAAAAAAAAAAAAAQAAAQ.jpg,1,262,262
A_z3KSSqDlw1QAAAAAAAAAAAAAAQAAAQ.jpg,A_c_7LRYptgZ4AAAAAAAAAAAAAAQAAAQ.jpg,1,263,263
A_z3KSSqDlw1QAAAAAAAAAAAAAAQAAAQ.jpg,A_AZo8QKwUkYAAAAAAAAAAAAAAAQAAAQ.jpg,1,263,263
A_z3KSSqDlw1QAAAAAAAAAAAAAAQAAAQ.jpg,A_2QqWQqUlH60AAAAAAAAAAAAAAQAAAQ.jpg,1,263,263
A_z3KSSqDlw1QAAAAAAAAAAAAAAQAAAQ.jpg,A_FGfzSpRlJ9AAAAAAAAAAAAAAAQAAAQ.jpg,1,263,263
A_z3KSSqDlw1QAAAAAAAAAAAAAAQAAAQ.jpg,A_gmv7RZlv2wwAAAAAAAAAAAAAAQAAAQ.jpg,1,263,263
A_c_7LRYptgZ4AAAAAAAAAAAAAAQAAAQ.jpg,A_AZo8QKwUkYAAAAAAAAAAAAAAAQAAAQ.jpg,1,263,263
A_c_7LRYptgZ4AAAAAAAAAAAAAAQAAAQ.jpg,A_2QqWQqUlH60AAAAAAAAAAAAAAQAAAQ.jpg,1,263,263
A_c_7LRYptgZ4AAAAAAAAAAAAAAQAAAQ.jpg,A_FGfzSpRlJ9AAAAAAAAAAAAAAAQAAAQ.jpg,1,263,263
A_c_7LRYptgZ4AAAAAAAAAAAAAAQAAAQ.jpg,A_gmv7RZlv2wwAAAAAAAAAAAAAAQAAAQ.jpg,1,263,263
A_AZo8QKwUkYAAAAAAAAAAAAAAAQAAAQ.jpg,A_2QqWQqUlH60AAAAAAAAAAAAAAQAAAQ.jpg,1,263,263
A_AZo8QKwUkYAAAAAAAAAAAAAAAQAAAQ.jpg,A_FGfzSpRlJ9AAAAAAAAAAAAAAAQAAAQ.jpg,1,263,263
A_AZo8QKwUkYAAAAAAAAAAAAAAAQAAAQ.jpg,A_gmv7RZlv2wwAAAAAAAAAAAAAAQAAAQ.jpg,1,263,263
A_2QqWQqUlH60AAAAAAAAAAAAAAQAAAQ.jpg,A_FGfzSpRlJ9AAAAAAAAAAAAAAAQAAAQ.jpg,1,263,263
A_2QqWQqUlH60AAAAAAAAAAAAAAQAAAQ.jpg,A_gmv7RZlv2wwAAAAAAAAAAAAAAQAAAQ.jpg,1,263,263
A_FGfzSpRlJ9AAAAAAAAAAAAAAAQAAAQ.jpg,A_gmv7RZlv2wwAAAAAAAAAAAAAAQAAAQ.jpg,1,263,263
A_plhwSYSpPVIAAAAAAAAAAAAAAQAAAQ.jpg,A_OT8IQIP4z90AAAAAAAAAAAAAAQAAAQ.jpg,1,264,264
A_plhwSYSpPVIAAAAAAAAAAAAAAQAAAQ.jpg,A_e6vmTbdC-9oAAAAAAAAAAAAAAQAAAQ.jpg,1,264,264
A_plhwSYSpPVIAAAAAAAAAAAAAAQAAAQ.jpg,A_En5pQIHy308AAAAAAAAAAAAAAQAAAQ.jpg,1,264,264
A_plhwSYSpPVIAAAAAAAAAAAAAAQAAAQ.jpg,A_DycSQ4vvV68AAAAAAAAAAAAAAQAAAQ.jpg,1,264,264
A_plhwSYSpPVIAAAAAAAAAAAAAAQAAAQ.jpg,A_tdauTaw260cAAAAAAAAAAAAAAQAAAQ.jpg,1,264,264
A_OT8IQIP4z90AAAAAAAAAAAAAAQAAAQ.jpg,A_e6vmTbdC-9oAAAAAAAAAAAAAAQAAAQ.jpg,1,264,264
A_OT8IQIP4z90AAAAAAAAAAAAAAQAAAQ.jpg,A_En5pQIHy308AAAAAAAAAAAAAAQAAAQ.jpg,1,264,264
A_OT8IQIP4z90AAAAAAAAAAAAAAQAAAQ.jpg,A_DycSQ4vvV68AAAAAAAAAAAAAAQAAAQ.jpg,1,264,264
A_OT8IQIP4z90AAAAAAAAAAAAAAQAAAQ.jpg,A_tdauTaw260cAAAAAAAAAAAAAAQAAAQ.jpg,1,264,264
A_e6vmTbdC-9oAAAAAAAAAAAAAAQAAAQ.jpg,A_En5pQIHy308AAAAAAAAAAAAAAQAAAQ.jpg,1,264,264
A_e6vmTbdC-9oAAAAAAAAAAAAAAQAAAQ.jpg,A_DycSQ4vvV68AAAAAAAAAAAAAAQAAAQ.jpg,1,264,264
A_e6vmTbdC-9oAAAAAAAAAAAAAAQAAAQ.jpg,A_tdauTaw260cAAAAAAAAAAAAAAQAAAQ.jpg,1,264,264
A_En5pQIHy308AAAAAAAAAAAAAAQAAAQ.jpg,A_DycSQ4vvV68AAAAAAAAAAAAAAQAAAQ.jpg,1,264,264
A_En5pQIHy308AAAAAAAAAAAAAAQAAAQ.jpg,A_tdauTaw260cAAAAAAAAAAAAAAQAAAQ.jpg,1,264,264
A_DycSQ4vvV68AAAAAAAAAAAAAAQAAAQ.jpg,A_tdauTaw260cAAAAAAAAAAAAAAQAAAQ.jpg,1,264,264
A_41GqSJs5RO4AAAAAAAAAAAAAAQAAAQ.jpg,A_4ERZQIbzN0oAAAAAAAAAAAAAAQAAAQ.jpg,1,265,265
A_41GqSJs5RO4AAAAAAAAAAAAAAQAAAQ.jpg,A_P2osQYmaO-sAAAAAAAAAAAAAAQAAAQ.jpg,1,265,265
A_41GqSJs5RO4AAAAAAAAAAAAAAQAAAQ.jpg,A_K4WSQ7vM7ccAAAAAAAAAAAAAAQAAAQ.jpg,1,265,265
A_41GqSJs5RO4AAAAAAAAAAAAAAQAAAQ.jpg,A_NuL2TKMEwowAAAAAAAAAAAAAAQAAAQ.jpg,1,265,265
A_41GqSJs5RO4AAAAAAAAAAAAAAQAAAQ.jpg,A_dMj3SrywR0MAAAAAAAAAAAAAAQAAAQ.jpg,1,265,265
A_4ERZQIbzN0oAAAAAAAAAAAAAAQAAAQ.jpg,A_P2osQYmaO-sAAAAAAAAAAAAAAQAAAQ.jpg,1,265,265
A_4ERZQIbzN0oAAAAAAAAAAAAAAQAAAQ.jpg,A_K4WSQ7vM7ccAAAAAAAAAAAAAAQAAAQ.jpg,1,265,265
A_4ERZQIbzN0oAAAAAAAAAAAAAAQAAAQ.jpg,A_NuL2TKMEwowAAAAAAAAAAAAAAQAAAQ.jpg,1,265,265
A_4ERZQIbzN0oAAAAAAAAAAAAAAQAAAQ.jpg,A_dMj3SrywR0MAAAAAAAAAAAAAAQAAAQ.jpg,1,265,265
A_P2osQYmaO-sAAAAAAAAAAAAAAQAAAQ.jpg,A_K4WSQ7vM7ccAAAAAAAAAAAAAAQAAAQ.jpg,1,265,265
A_P2osQYmaO-sAAAAAAAAAAAAAAQAAAQ.jpg,A_NuL2TKMEwowAAAAAAAAAAAAAAQAAAQ.jpg,1,265,265
A_P2osQYmaO-sAAAAAAAAAAAAAAQAAAQ.jpg,A_dMj3SrywR0MAAAAAAAAAAAAAAQAAAQ.jpg,1,265,265
A_K4WSQ7vM7ccAAAAAAAAAAAAAAQAAAQ.jpg,A_NuL2TKMEwowAAAAAAAAAAAAAAQAAAQ.jpg,1,265,265
A_K4WSQ7vM7ccAAAAAAAAAAAAAAQAAAQ.jpg,A_dMj3SrywR0MAAAAAAAAAAAAAAQAAAQ.jpg,1,265,265
A_NuL2TKMEwowAAAAAAAAAAAAAAQAAAQ.jpg,A_dMj3SrywR0MAAAAAAAAAAAAAAQAAAQ.jpg,1,265,265
A_BTUkT4Eo6pQAAAAAAAAAAAAAAQAAAQ.jpg,A_higyRahZ3-cAAAAAAAAAAAAAAQAAAQ.jpg,1,266,266
A_BTUkT4Eo6pQAAAAAAAAAAAAAAQAAAQ.jpg,A_pZKQQ6RiMPMAAAAAAAAAAAAAAQAAAQ.jpg,1,266,266
A_BTUkT4Eo6pQAAAAAAAAAAAAAAQAAAQ.jpg,A_88GIR4a9ssoAAAAAAAAAAAAAAQAAAQ.jpg,1,266,266
A_BTUkT4Eo6pQAAAAAAAAAAAAAAQAAAQ.jpg,A_JywcTrmEceIAAAAAAAAAAAAAAQAAAQ.jpg,1,266,266
A_BTUkT4Eo6pQAAAAAAAAAAAAAAQAAAQ.jpg,A_HrtOQaj2IdIAAAAAAAAAAAAAAQAAAQ.jpg,1,266,266
A_higyRahZ3-cAAAAAAAAAAAAAAQAAAQ.jpg,A_pZKQQ6RiMPMAAAAAAAAAAAAAAQAAAQ.jpg,1,266,266
A_higyRahZ3-cAAAAAAAAAAAAAAQAAAQ.jpg,A_88GIR4a9ssoAAAAAAAAAAAAAAQAAAQ.jpg,1,266,266
A_higyRahZ3-cAAAAAAAAAAAAAAQAAAQ.jpg,A_JywcTrmEceIAAAAAAAAAAAAAAQAAAQ.jpg,1,266,266
A_higyRahZ3-cAAAAAAAAAAAAAAQAAAQ.jpg,A_HrtOQaj2IdIAAAAAAAAAAAAAAQAAAQ.jpg,1,266,266
A_pZKQQ6RiMPMAAAAAAAAAAAAAAQAAAQ.jpg,A_88GIR4a9ssoAAAAAAAAAAAAAAQAAAQ.jpg,1,266,266
A_pZKQQ6RiMPMAAAAAAAAAAAAAAQAAAQ.jpg,A_JywcTrmEceIAAAAAAAAAAAAAAQAAAQ.jpg,1,266,266
A_pZKQQ6RiMPMAAAAAAAAAAAAAAQAAAQ.jpg,A_HrtOQaj2IdIAAAAAAAAAAAAAAQAAAQ.jpg,1,266,266
A_88GIR4a9ssoAAAAAAAAAAAAAAQAAAQ.jpg,A_JywcTrmEceIAAAAAAAAAAAAAAQAAAQ.jpg,1,266,266
A_88GIR4a9ssoAAAAAAAAAAAAAAQAAAQ.jpg,A_HrtOQaj2IdIAAAAAAAAAAAAAAQAAAQ.jpg,1,266,266
A_JywcTrmEceIAAAAAAAAAAAAAAQAAAQ.jpg,A_HrtOQaj2IdIAAAAAAAAAAAAAAQAAAQ.jpg,1,266,266
A_OxJLQbA5qOUAAAAAAAAAAAAAAQAAAQ.jpg,A_ryBhQJmZFnUAAAAAAAAAAAAAAQAAAQ.jpg,1,267,267
A_OxJLQbA5qOUAAAAAAAAAAAAAAQAAAQ.jpg,A_FEs-Ro6DnjoAAAAAAAAAAAAAAQAAAQ.jpg,1,267,267
A_OxJLQbA5qOUAAAAAAAAAAAAAAQAAAQ.jpg,A_2_HRRLUDXZsAAAAAAAAAAAAAAQAAAQ.jpg,1,267,267
A_OxJLQbA5qOUAAAAAAAAAAAAAAQAAAQ.jpg,A_KYy1R7vQUokAAAAAAAAAAAAAAQAAAQ.jpg,1,267,267
A_OxJLQbA5qOUAAAAAAAAAAAAAAQAAAQ.jpg,A_jHKHTLW4rOcAAAAAAAAAAAAAAQAAAQ.jpg,1,267,267
A_ryBhQJmZFnUAAAAAAAAAAAAAAQAAAQ.jpg,A_FEs-Ro6DnjoAAAAAAAAAAAAAAQAAAQ.jpg,1,267,267
A_ryBhQJmZFnUAAAAAAAAAAAAAAQAAAQ.jpg,A_2_HRRLUDXZsAAAAAAAAAAAAAAQAAAQ.jpg,1,267,267
A_ryBhQJmZFnUAAAAAAAAAAAAAAQAAAQ.jpg,A_KYy1R7vQUokAAAAAAAAAAAAAAQAAAQ.jpg,1,267,267
A_ryBhQJmZFnUAAAAAAAAAAAAAAQAAAQ.jpg,A_jHKHTLW4rOcAAAAAAAAAAAAAAQAAAQ.jpg,1,267,267
A_FEs-Ro6DnjoAAAAAAAAAAAAAAQAAAQ.jpg,A_2_HRRLUDXZsAAAAAAAAAAAAAAQAAAQ.jpg,1,267,267
A_FEs-Ro6DnjoAAAAAAAAAAAAAAQAAAQ.jpg,A_KYy1R7vQUokAAAAAAAAAAAAAAQAAAQ.jpg,1,267,267
A_FEs-Ro6DnjoAAAAAAAAAAAAAAQAAAQ.jpg,A_jHKHTLW4rOcAAAAAAAAAAAAAAQAAAQ.jpg,1,267,267
A_2_HRRLUDXZsAAAAAAAAAAAAAAQAAAQ.jpg,A_KYy1R7vQUokAAAAAAAAAAAAAAQAAAQ.jpg,1,267,267
A_2_HRRLUDXZsAAAAAAAAAAAAAAQAAAQ.jpg,A_jHKHTLW4rOcAAAAAAAAAAAAAAQAAAQ.jpg,1,267,267
A_KYy1R7vQUokAAAAAAAAAAAAAAQAAAQ.jpg,A_jHKHTLW4rOcAAAAAAAAAAAAAAQAAAQ.jpg,1,267,267
A_DEkJRYlXFNsAAAAAAAAAAAAAAQAAAQ.jpg,A_HTT-TokpzUQAAAAAAAAAAAAAAQAAAQ.jpg,1,268,268
A_DEkJRYlXFNsAAAAAAAAAAAAAAQAAAQ.jpg,A_WbF9SqahUZUAAAAAAAAAAAAAAQAAAQ.jpg,1,268,268
A_DEkJRYlXFNsAAAAAAAAAAAAAAQAAAQ.jpg,A_gO6RRJre4hoAAAAAAAAAAAAAAQAAAQ.jpg,1,268,268
A_DEkJRYlXFNsAAAAAAAAAAAAAAQAAAQ.jpg,A_ZX7pT4uWMgsAAAAAAAAAAAAAAQAAAQ.jpg,1,268,268
A_DEkJRYlXFNsAAAAAAAAAAAAAAQAAAQ.jpg,A__V74SLTYzbMAAAAAAAAAAAAAAQAAAQ.jpg,1,268,268
A_HTT-TokpzUQAAAAAAAAAAAAAAQAAAQ.jpg,A_WbF9SqahUZUAAAAAAAAAAAAAAQAAAQ.jpg,1,268,268
A_HTT-TokpzUQAAAAAAAAAAAAAAQAAAQ.jpg,A_gO6RRJre4hoAAAAAAAAAAAAAAQAAAQ.jpg,1,268,268
A_HTT-TokpzUQAAAAAAAAAAAAAAQAAAQ.jpg,A_ZX7pT4uWMgsAAAAAAAAAAAAAAQAAAQ.jpg,1,268,268
A_HTT-TokpzUQAAAAAAAAAAAAAAQAAAQ.jpg,A__V74SLTYzbMAAAAAAAAAAAAAAQAAAQ.jpg,1,268,268
A_WbF9SqahUZUAAAAAAAAAAAAAAQAAAQ.jpg,A_gO6RRJre4hoAAAAAAAAAAAAAAQAAAQ.jpg,1,268,268
A_WbF9SqahUZUAAAAAAAAAAAAAAQAAAQ.jpg,A_ZX7pT4uWMgsAAAAAAAAAAAAAAQAAAQ.jpg,1,268,268
A_WbF9SqahUZUAAAAAAAAAAAAAAQAAAQ.jpg,A__V74SLTYzbMAAAAAAAAAAAAAAQAAAQ.jpg,1,268,268
A_gO6RRJre4hoAAAAAAAAAAAAAAQAAAQ.jpg,A_ZX7pT4uWMgsAAAAAAAAAAAAAAQAAAQ.jpg,1,268,268
A_gO6RRJre4hoAAAAAAAAAAAAAAQAAAQ.jpg,A__V74SLTYzbMAAAAAAAAAAAAAAQAAAQ.jpg,1,268,268
A_ZX7pT4uWMgsAAAAAAAAAAAAAAQAAAQ.jpg,A__V74SLTYzbMAAAAAAAAAAAAAAQAAAQ.jpg,1,268,268
A_5x75Rah9DIkAAAAAAAAAAAAAAQAAAQ.jpg,A_Tq4LQ449vfgAAAAAAAAAAAAAAQAAAQ.jpg,1,269,269
A_5x75Rah9DIkAAAAAAAAAAAAAAQAAAQ.jpg,A_OssPT5JNclsAAAAAAAAAAAAAAQAAAQ.jpg,1,269,269
A_5x75Rah9DIkAAAAAAAAAAAAAAQAAAQ.jpg,A_P_orQb_1tnYAAAAAAAAAAAAAAQAAAQ.jpg,1,269,269
A_5x75Rah9DIkAAAAAAAAAAAAAAQAAAQ.jpg,A_JO5ZSKO_S7YAAAAAAAAAAAAAAQAAAQ.jpg,1,269,269
A_5x75Rah9DIkAAAAAAAAAAAAAAQAAAQ.jpg,A_KlKMQ7YwUQUAAAAAAAAAAAAAAQAAAQ.jpg,1,269,269
A_Tq4LQ449vfgAAAAAAAAAAAAAAQAAAQ.jpg,A_OssPT5JNclsAAAAAAAAAAAAAAQAAAQ.jpg,1,269,269
A_Tq4LQ449vfgAAAAAAAAAAAAAAQAAAQ.jpg,A_P_orQb_1tnYAAAAAAAAAAAAAAQAAAQ.jpg,1,269,269
A_Tq4LQ449vfgAAAAAAAAAAAAAAQAAAQ.jpg,A_JO5ZSKO_S7YAAAAAAAAAAAAAAQAAAQ.jpg,1,269,269
A_Tq4LQ449vfgAAAAAAAAAAAAAAQAAAQ.jpg,A_KlKMQ7YwUQUAAAAAAAAAAAAAAQAAAQ.jpg,1,269,269
A_OssPT5JNclsAAAAAAAAAAAAAAQAAAQ.jpg,A_P_orQb_1tnYAAAAAAAAAAAAAAQAAAQ.jpg,1,269,269
A_OssPT5JNclsAAAAAAAAAAAAAAQAAAQ.jpg,A_JO5ZSKO_S7YAAAAAAAAAAAAAAQAAAQ.jpg,1,269,269
A_OssPT5JNclsAAAAAAAAAAAAAAQAAAQ.jpg,A_KlKMQ7YwUQUAAAAAAAAAAAAAAQAAAQ.jpg,1,269,269
A_P_orQb_1tnYAAAAAAAAAAAAAAQAAAQ.jpg,A_JO5ZSKO_S7YAAAAAAAAAAAAAAQAAAQ.jpg,1,269,269
A_P_orQb_1tnYAAAAAAAAAAAAAAQAAAQ.jpg,A_KlKMQ7YwUQUAAAAAAAAAAAAAAQAAAQ.jpg,1,269,269
A_JO5ZSKO_S7YAAAAAAAAAAAAAAQAAAQ.jpg,A_KlKMQ7YwUQUAAAAAAAAAAAAAAQAAAQ.jpg,1,269,269
A_QodUQrrQR2YAAAAAAAAAAAAAAQAAAQ.jpg,A_Bwx0RKWjg0sAAAAAAAAAAAAAAQAAAQ.jpg,1,270,270
A_QodUQrrQR2YAAAAAAAAAAAAAAQAAAQ.jpg,A_5GYYRZ6SqLkAAAAAAAAAAAAAAQAAAQ.jpg,1,270,270
A_QodUQrrQR2YAAAAAAAAAAAAAAQAAAQ.jpg,A_0RBhTJcWtikAAAAAAAAAAAAAAQAAAQ.jpg,1,270,270
A_QodUQrrQR2YAAAAAAAAAAAAAAQAAAQ.jpg,A_LTsOT5XBs1cAAAAAAAAAAAAAAQAAAQ.jpg,1,270,270
A_QodUQrrQR2YAAAAAAAAAAAAAAQAAAQ.jpg,A_RU49RpH8I6MAAAAAAAAAAAAAAQAAAQ.jpg,1,270,270
A_Bwx0RKWjg0sAAAAAAAAAAAAAAQAAAQ.jpg,A_5GYYRZ6SqLkAAAAAAAAAAAAAAQAAAQ.jpg,1,270,270
A_Bwx0RKWjg0sAAAAAAAAAAAAAAQAAAQ.jpg,A_0RBhTJcWtikAAAAAAAAAAAAAAQAAAQ.jpg,1,270,270
A_Bwx0RKWjg0sAAAAAAAAAAAAAAQAAAQ.jpg,A_LTsOT5XBs1cAAAAAAAAAAAAAAQAAAQ.jpg,1,270,270
A_Bwx0RKWjg0sAAAAAAAAAAAAAAQAAAQ.jpg,A_RU49RpH8I6MAAAAAAAAAAAAAAQAAAQ.jpg,1,270,270
A_5GYYRZ6SqLkAAAAAAAAAAAAAAQAAAQ.jpg,A_0RBhTJcWtikAAAAAAAAAAAAAAQAAAQ.jpg,1,270,270
A_5GYYRZ6SqLkAAAAAAAAAAAAAAQAAAQ.jpg,A_LTsOT5XBs1cAAAAAAAAAAAAAAQAAAQ.jpg,1,270,270
A_5GYYRZ6SqLkAAAAAAAAAAAAAAQAAAQ.jpg,A_RU49RpH8I6MAAAAAAAAAAAAAAQAAAQ.jpg,1,270,270
A_0RBhTJcWtikAAAAAAAAAAAAAAQAAAQ.jpg,A_LTsOT5XBs1cAAAAAAAAAAAAAAQAAAQ.jpg,1,270,270
A_0RBhTJcWtikAAAAAAAAAAAAAAQAAAQ.jpg,A_RU49RpH8I6MAAAAAAAAAAAAAAQAAAQ.jpg,1,270,270
A_LTsOT5XBs1cAAAAAAAAAAAAAAQAAAQ.jpg,A_RU49RpH8I6MAAAAAAAAAAAAAAQAAAQ.jpg,1,270,270
A_hZtcTJN4JNsAAAAAAAAAAAAAAQAAAQ.jpg,A_Ib-dTZ1rkF4AAAAAAAAAAAAAAQAAAQ.jpg,1,271,271
A_hZtcTJN4JNsAAAAAAAAAAAAAAQAAAQ.jpg,A_I8uqQ7SlDm0AAAAAAAAAAAAAAQAAAQ.jpg,1,271,271
A_hZtcTJN4JNsAAAAAAAAAAAAAAQAAAQ.jpg,A_nw_7QLxh6h4AAAAAAAAAAAAAAQAAAQ.jpg,1,271,271
A_hZtcTJN4JNsAAAAAAAAAAAAAAQAAAQ.jpg,A_7RZWQ61W43wAAAAAAAAAAAAAAQAAAQ.jpg,1,271,271
A_hZtcTJN4JNsAAAAAAAAAAAAAAQAAAQ.jpg,A_437OSrredWUAAAAAAAAAAAAAAQAAAQ.jpg,1,271,271
A_Ib-dTZ1rkF4AAAAAAAAAAAAAAQAAAQ.jpg,A_I8uqQ7SlDm0AAAAAAAAAAAAAAQAAAQ.jpg,1,271,271
A_Ib-dTZ1rkF4AAAAAAAAAAAAAAQAAAQ.jpg,A_nw_7QLxh6h4AAAAAAAAAAAAAAQAAAQ.jpg,1,271,271
A_Ib-dTZ1rkF4AAAAAAAAAAAAAAQAAAQ.jpg,A_7RZWQ61W43wAAAAAAAAAAAAAAQAAAQ.jpg,1,271,271
A_Ib-dTZ1rkF4AAAAAAAAAAAAAAQAAAQ.jpg,A_437OSrredWUAAAAAAAAAAAAAAQAAAQ.jpg,1,271,271
A_I8uqQ7SlDm0AAAAAAAAAAAAAAQAAAQ.jpg,A_nw_7QLxh6h4AAAAAAAAAAAAAAQAAAQ.jpg,1,271,271
A_I8uqQ7SlDm0AAAAAAAAAAAAAAQAAAQ.jpg,A_7RZWQ61W43wAAAAAAAAAAAAAAQAAAQ.jpg,1,271,271
A_I8uqQ7SlDm0AAAAAAAAAAAAAAQAAAQ.jpg,A_437OSrredWUAAAAAAAAAAAAAAQAAAQ.jpg,1,271,271
A_nw_7QLxh6h4AAAAAAAAAAAAAAQAAAQ.jpg,A_7RZWQ61W43wAAAAAAAAAAAAAAQAAAQ.jpg,1,271,271
A_nw_7QLxh6h4AAAAAAAAAAAAAAQAAAQ.jpg,A_437OSrredWUAAAAAAAAAAAAAAQAAAQ.jpg,1,271,271
A_7RZWQ61W43wAAAAAAAAAAAAAAQAAAQ.jpg,A_437OSrredWUAAAAAAAAAAAAAAQAAAQ.jpg,1,271,271
A_y8iFSJzwNJ4AAAAAAAAAAAAAAQAAAQ.jpg,A_7t6EQYxDYbYAAAAAAAAAAAAAAQAAAQ.jpg,1,272,272
A_y8iFSJzwNJ4AAAAAAAAAAAAAAQAAAQ.jpg,A_DNjCS6LPySIAAAAAAAAAAAAAAQAAAQ.jpg,1,272,272
A_y8iFSJzwNJ4AAAAAAAAAAAAAAQAAAQ.jpg,A_FeBCQrUGfIcAAAAAAAAAAAAAAQAAAQ.jpg,1,272,272
A_y8iFSJzwNJ4AAAAAAAAAAAAAAQAAAQ.jpg,A_R094QKfEc7UAAAAAAAAAAAAAAQAAAQ.jpg,1,272,272
A_y8iFSJzwNJ4AAAAAAAAAAAAAAQAAAQ.jpg,A_zKqLQoDmJo0AAAAAAAAAAAAAAQAAAQ.jpg,1,272,272
A_7t6EQYxDYbYAAAAAAAAAAAAAAQAAAQ.jpg,A_DNjCS6LPySIAAAAAAAAAAAAAAQAAAQ.jpg,1,272,272
A_7t6EQYxDYbYAAAAAAAAAAAAAAQAAAQ.jpg,A_FeBCQrUGfIcAAAAAAAAAAAAAAQAAAQ.jpg,1,272,272
A_7t6EQYxDYbYAAAAAAAAAAAAAAQAAAQ.jpg,A_R094QKfEc7UAAAAAAAAAAAAAAQAAAQ.jpg,1,272,272
A_7t6EQYxDYbYAAAAAAAAAAAAAAQAAAQ.jpg,A_zKqLQoDmJo0AAAAAAAAAAAAAAQAAAQ.jpg,1,272,272
A_DNjCS6LPySIAAAAAAAAAAAAAAQAAAQ.jpg,A_FeBCQrUGfIcAAAAAAAAAAAAAAQAAAQ.jpg,1,272,272
A_DNjCS6LPySIAAAAAAAAAAAAAAQAAAQ.jpg,A_R094QKfEc7UAAAAAAAAAAAAAAQAAAQ.jpg,1,272,272
A_DNjCS6LPySIAAAAAAAAAAAAAAQAAAQ.jpg,A_zKqLQoDmJo0AAAAAAAAAAAAAAQAAAQ.jpg,1,272,272
A_FeBCQrUGfIcAAAAAAAAAAAAAAQAAAQ.jpg,A_R094QKfEc7UAAAAAAAAAAAAAAQAAAQ.jpg,1,272,272
A_FeBCQrUGfIcAAAAAAAAAAAAAAQAAAQ.jpg,A_zKqLQoDmJo0AAAAAAAAAAAAAAQAAAQ.jpg,1,272,272
A_R094QKfEc7UAAAAAAAAAAAAAAQAAAQ.jpg,A_zKqLQoDmJo0AAAAAAAAAAAAAAQAAAQ.jpg,1,272,272
A_-fGnSJLpn7kAAAAAAAAAAAAAAQAAAQ.jpg,A_WPQkRZyeXvoAAAAAAAAAAAAAAQAAAQ.jpg,1,273,273
A_-fGnSJLpn7kAAAAAAAAAAAAAAQAAAQ.jpg,A_Zg2QToXslCsAAAAAAAAAAAAAAQAAAQ.jpg,1,273,273
A_-fGnSJLpn7kAAAAAAAAAAAAAAQAAAQ.jpg,A_sEMKS4Zum5UAAAAAAAAAAAAAAQAAAQ.jpg,1,273,273
A_-fGnSJLpn7kAAAAAAAAAAAAAAQAAAQ.jpg,A__OfaT7yTwxUAAAAAAAAAAAAAAQAAAQ.jpg,1,273,273
A_-fGnSJLpn7kAAAAAAAAAAAAAAQAAAQ.jpg,A_xgEcQJU0HaoAAAAAAAAAAAAAAQAAAQ.jpg,1,273,273
A_WPQkRZyeXvoAAAAAAAAAAAAAAQAAAQ.jpg,A_Zg2QToXslCsAAAAAAAAAAAAAAQAAAQ.jpg,1,273,273
A_WPQkRZyeXvoAAAAAAAAAAAAAAQAAAQ.jpg,A_sEMKS4Zum5UAAAAAAAAAAAAAAQAAAQ.jpg,1,273,273
A_WPQkRZyeXvoAAAAAAAAAAAAAAQAAAQ.jpg,A__OfaT7yTwxUAAAAAAAAAAAAAAQAAAQ.jpg,1,273,273
A_WPQkRZyeXvoAAAAAAAAAAAAAAQAAAQ.jpg,A_xgEcQJU0HaoAAAAAAAAAAAAAAQAAAQ.jpg,1,273,273
A_Zg2QToXslCsAAAAAAAAAAAAAAQAAAQ.jpg,A_sEMKS4Zum5UAAAAAAAAAAAAAAQAAAQ.jpg,1,273,273
A_Zg2QToXslCsAAAAAAAAAAAAAAQAAAQ.jpg,A__OfaT7yTwxUAAAAAAAAAAAAAAQAAAQ.jpg,1,273,273
A_Zg2QToXslCsAAAAAAAAAAAAAAQAAAQ.jpg,A_xgEcQJU0HaoAAAAAAAAAAAAAAQAAAQ.jpg,1,273,273
A_sEMKS4Zum5UAAAAAAAAAAAAAAQAAAQ.jpg,A__OfaT7yTwxUAAAAAAAAAAAAAAQAAAQ.jpg,1,273,273
A_sEMKS4Zum5UAAAAAAAAAAAAAAQAAAQ.jpg,A_xgEcQJU0HaoAAAAAAAAAAAAAAQAAAQ.jpg,1,273,273
A__OfaT7yTwxUAAAAAAAAAAAAAAQAAAQ.jpg,A_xgEcQJU0HaoAAAAAAAAAAAAAAQAAAQ.jpg,1,273,273
A_WxikTrz0dTUAAAAAAAAAAAAAAQAAAQ.jpg,A_MKWJQLqyZ8cAAAAAAAAAAAAAAQAAAQ.jpg,1,274,274
A_WxikTrz0dTUAAAAAAAAAAAAAAQAAAQ.jpg,A_Efp6QLrSZ-gAAAAAAAAAAAAAAQAAAQ.jpg,1,274,274
A_WxikTrz0dTUAAAAAAAAAAAAAAQAAAQ.jpg,A_xzWOSL6pNFAAAAAAAAAAAAAAAQAAAQ.jpg,1,274,274
A_WxikTrz0dTUAAAAAAAAAAAAAAQAAAQ.jpg,A_u5XySKZ9cywAAAAAAAAAAAAAAQAAAQ.jpg,1,274,274
A_WxikTrz0dTUAAAAAAAAAAAAAAQAAAQ.jpg,A_gyLzR4cxZpIAAAAAAAAAAAAAAQAAAQ.jpg,1,274,274
A_MKWJQLqyZ8cAAAAAAAAAAAAAAQAAAQ.jpg,A_Efp6QLrSZ-gAAAAAAAAAAAAAAQAAAQ.jpg,1,274,274
A_MKWJQLqyZ8cAAAAAAAAAAAAAAQAAAQ.jpg,A_xzWOSL6pNFAAAAAAAAAAAAAAAQAAAQ.jpg,1,274,274
A_MKWJQLqyZ8cAAAAAAAAAAAAAAQAAAQ.jpg,A_u5XySKZ9cywAAAAAAAAAAAAAAQAAAQ.jpg,1,274,274
A_MKWJQLqyZ8cAAAAAAAAAAAAAAQAAAQ.jpg,A_gyLzR4cxZpIAAAAAAAAAAAAAAQAAAQ.jpg,1,274,274
A_Efp6QLrSZ-gAAAAAAAAAAAAAAQAAAQ.jpg,A_xzWOSL6pNFAAAAAAAAAAAAAAAQAAAQ.jpg,1,274,274
A_Efp6QLrSZ-gAAAAAAAAAAAAAAQAAAQ.jpg,A_u5XySKZ9cywAAAAAAAAAAAAAAQAAAQ.jpg,1,274,274
A_Efp6QLrSZ-gAAAAAAAAAAAAAAQAAAQ.jpg,A_gyLzR4cxZpIAAAAAAAAAAAAAAQAAAQ.jpg,1,274,274
A_xzWOSL6pNFAAAAAAAAAAAAAAAQAAAQ.jpg,A_u5XySKZ9cywAAAAAAAAAAAAAAQAAAQ.jpg,1,274,274
A_xzWOSL6pNFAAAAAAAAAAAAAAAQAAAQ.jpg,A_gyLzR4cxZpIAAAAAAAAAAAAAAQAAAQ.jpg,1,274,274
A_u5XySKZ9cywAAAAAAAAAAAAAAQAAAQ.jpg,A_gyLzR4cxZpIAAAAAAAAAAAAAAQAAAQ.jpg,1,274,274
A_YdltQ4U0sNcAAAAAAAAAAAAAAQAAAQ.jpg,A_M9P2TpZaQRMAAAAAAAAAAAAAAQAAAQ.jpg,1,275,275
A_YdltQ4U0sNcAAAAAAAAAAAAAAQAAAQ.jpg,A_SPVDQZ3l49AAAAAAAAAAAAAAAQAAAQ.jpg,1,275,275
A_YdltQ4U0sNcAAAAAAAAAAAAAAQAAAQ.jpg,A_UHH0So61ecgAAAAAAAAAAAAAAQAAAQ.jpg,1,275,275
A_YdltQ4U0sNcAAAAAAAAAAAAAAQAAAQ.jpg,A_3uJrSJQRo58AAAAAAAAAAAAAAQAAAQ.jpg,1,275,275
A_YdltQ4U0sNcAAAAAAAAAAAAAAQAAAQ.jpg,A_aDhQT4JRtKIAAAAAAAAAAAAAAQAAAQ.jpg,1,275,275
A_M9P2TpZaQRMAAAAAAAAAAAAAAQAAAQ.jpg,A_SPVDQZ3l49AAAAAAAAAAAAAAAQAAAQ.jpg,1,275,275
A_M9P2TpZaQRMAAAAAAAAAAAAAAQAAAQ.jpg,A_UHH0So61ecgAAAAAAAAAAAAAAQAAAQ.jpg,1,275,275
A_M9P2TpZaQRMAAAAAAAAAAAAAAQAAAQ.jpg,A_3uJrSJQRo58AAAAAAAAAAAAAAQAAAQ.jpg,1,275,275
A_M9P2TpZaQRMAAAAAAAAAAAAAAQAAAQ.jpg,A_aDhQT4JRtKIAAAAAAAAAAAAAAQAAAQ.jpg,1,275,275
A_SPVDQZ3l49AAAAAAAAAAAAAAAQAAAQ.jpg,A_UHH0So61ecgAAAAAAAAAAAAAAQAAAQ.jpg,1,275,275
A_SPVDQZ3l49AAAAAAAAAAAAAAAQAAAQ.jpg,A_3uJrSJQRo58AAAAAAAAAAAAAAQAAAQ.jpg,1,275,275
A_SPVDQZ3l49AAAAAAAAAAAAAAAQAAAQ.jpg,A_aDhQT4JRtKIAAAAAAAAAAAAAAQAAAQ.jpg,1,275,275
A_UHH0So61ecgAAAAAAAAAAAAAAQAAAQ.jpg,A_3uJrSJQRo58AAAAAAAAAAAAAAQAAAQ.jpg,1,275,275
A_UHH0So61ecgAAAAAAAAAAAAAAQAAAQ.jpg,A_aDhQT4JRtKIAAAAAAAAAAAAAAQAAAQ.jpg,1,275,275
A_3uJrSJQRo58AAAAAAAAAAAAAAQAAAQ.jpg,A_aDhQT4JRtKIAAAAAAAAAAAAAAQAAAQ.jpg,1,275,275
A_mwleR627z8oAAAAAAAAAAAAAAQAAAQ.jpg,A_yaQwRrApyMQAAAAAAAAAAAAAAQAAAQ.jpg,1,276,276
A_mwleR627z8oAAAAAAAAAAAAAAQAAAQ.jpg,A_eBxrT7u84_YAAAAAAAAAAAAAAQAAAQ.jpg,1,276,276
A_mwleR627z8oAAAAAAAAAAAAAAQAAAQ.jpg,A_Q2ygQ7cJQygAAAAAAAAAAAAAAQAAAQ.jpg,1,276,276
A_mwleR627z8oAAAAAAAAAAAAAAQAAAQ.jpg,A_jPNWSL4MPycAAAAAAAAAAAAAAQAAAQ.jpg,1,276,276
A_mwleR627z8oAAAAAAAAAAAAAAQAAAQ.jpg,A_q9E-TreZOpcAAAAAAAAAAAAAAQAAAQ.jpg,1,276,276
A_yaQwRrApyMQAAAAAAAAAAAAAAQAAAQ.jpg,A_eBxrT7u84_YAAAAAAAAAAAAAAQAAAQ.jpg,1,276,276
A_yaQwRrApyMQAAAAAAAAAAAAAAQAAAQ.jpg,A_Q2ygQ7cJQygAAAAAAAAAAAAAAQAAAQ.jpg,1,276,276
A_yaQwRrApyMQAAAAAAAAAAAAAAQAAAQ.jpg,A_jPNWSL4MPycAAAAAAAAAAAAAAQAAAQ.jpg,1,276,276
A_yaQwRrApyMQAAAAAAAAAAAAAAQAAAQ.jpg,A_q9E-TreZOpcAAAAAAAAAAAAAAQAAAQ.jpg,1,276,276
A_eBxrT7u84_YAAAAAAAAAAAAAAQAAAQ.jpg,A_Q2ygQ7cJQygAAAAAAAAAAAAAAQAAAQ.jpg,1,276,276
A_eBxrT7u84_YAAAAAAAAAAAAAAQAAAQ.jpg,A_jPNWSL4MPycAAAAAAAAAAAAAAQAAAQ.jpg,1,276,276
A_eBxrT7u84_YAAAAAAAAAAAAAAQAAAQ.jpg,A_q9E-TreZOpcAAAAAAAAAAAAAAQAAAQ.jpg,1,276,276
A_Q2ygQ7cJQygAAAAAAAAAAAAAAQAAAQ.jpg,A_jPNWSL4MPycAAAAAAAAAAAAAAQAAAQ.jpg,1,276,276
A_Q2ygQ7cJQygAAAAAAAAAAAAAAQAAAQ.jpg,A_q9E-TreZOpcAAAAAAAAAAAAAAQAAAQ.jpg,1,276,276
A_jPNWSL4MPycAAAAAAAAAAAAAAQAAAQ.jpg,A_q9E-TreZOpcAAAAAAAAAAAAAAQAAAQ.jpg,1,276,276
A_Fe62T5TAJ7UAAAAAAAAAAAAAAQAAAQ.jpg,A_UKkIRaJ9WRsAAAAAAAAAAAAAAQAAAQ.jpg,1,277,277
A_Fe62T5TAJ7UAAAAAAAAAAAAAAQAAAQ.jpg,A_cnG9T6Dm4UIAAAAAAAAAAAAAAQAAAQ.jpg,1,277,277
A_Fe62T5TAJ7UAAAAAAAAAAAAAAQAAAQ.jpg,A_zcYfTIvp2lMAAAAAAAAAAAAAAQAAAQ.jpg,1,277,277
A_Fe62T5TAJ7UAAAAAAAAAAAAAAQAAAQ.jpg,A__5f3Qa27j5YAAAAAAAAAAAAAAQAAAQ.jpg,1,277,277
A_Fe62T5TAJ7UAAAAAAAAAAAAAAQAAAQ.jpg,A_ceTJQKFD4CcAAAAAAAAAAAAAAQAAAQ.jpg,1,277,277
A_UKkIRaJ9WRsAAAAAAAAAAAAAAQAAAQ.jpg,A_cnG9T6Dm4UIAAAAAAAAAAAAAAQAAAQ.jpg,1,277,277
A_UKkIRaJ9WRsAAAAAAAAAAAAAAQAAAQ.jpg,A_zcYfTIvp2lMAAAAAAAAAAAAAAQAAAQ.jpg,1,277,277
A_UKkIRaJ9WRsAAAAAAAAAAAAAAQAAAQ.jpg,A__5f3Qa27j5YAAAAAAAAAAAAAAQAAAQ.jpg,1,277,277
A_UKkIRaJ9WRsAAAAAAAAAAAAAAQAAAQ.jpg,A_ceTJQKFD4CcAAAAAAAAAAAAAAQAAAQ.jpg,1,277,277
A_cnG9T6Dm4UIAAAAAAAAAAAAAAQAAAQ.jpg,A_zcYfTIvp2lMAAAAAAAAAAAAAAQAAAQ.jpg,1,277,277
A_cnG9T6Dm4UIAAAAAAAAAAAAAAQAAAQ.jpg,A__5f3Qa27j5YAAAAAAAAAAAAAAQAAAQ.jpg,1,277,277
A_cnG9T6Dm4UIAAAAAAAAAAAAAAQAAAQ.jpg,A_ceTJQKFD4CcAAAAAAAAAAAAAAQAAAQ.jpg,1,277,277
A_zcYfTIvp2lMAAAAAAAAAAAAAAQAAAQ.jpg,A__5f3Qa27j5YAAAAAAAAAAAAAAQAAAQ.jpg,1,277,277
A_zcYfTIvp2lMAAAAAAAAAAAAAAQAAAQ.jpg,A_ceTJQKFD4CcAAAAAAAAAAAAAAQAAAQ.jpg,1,277,277
A__5f3Qa27j5YAAAAAAAAAAAAAAQAAAQ.jpg,A_ceTJQKFD4CcAAAAAAAAAAAAAAQAAAQ.jpg,1,277,277
A_1LQLSI-tEM4AAAAAAAAAAAAAAQAAAQ.jpg,A_PKCVSakmtxUAAAAAAAAAAAAAAQAAAQ.jpg,1,278,278
A_1LQLSI-tEM4AAAAAAAAAAAAAAQAAAQ.jpg,A_7MhsTIG0_08AAAAAAAAAAAAAAQAAAQ.jpg,1,278,278
A_1LQLSI-tEM4AAAAAAAAAAAAAAQAAAQ.jpg,A_LFTBTrq2so4AAAAAAAAAAAAAAQAAAQ.jpg,1,278,278
A_1LQLSI-tEM4AAAAAAAAAAAAAAQAAAQ.jpg,A_eaJbRIsiIAcAAAAAAAAAAAAAAQAAAQ.jpg,1,278,278
A_1LQLSI-tEM4AAAAAAAAAAAAAAQAAAQ.jpg,A_Nt0WS7-bibUAAAAAAAAAAAAAAQAAAQ.jpg,1,278,278
A_PKCVSakmtxUAAAAAAAAAAAAAAQAAAQ.jpg,A_7MhsTIG0_08AAAAAAAAAAAAAAQAAAQ.jpg,1,278,278
A_PKCVSakmtxUAAAAAAAAAAAAAAQAAAQ.jpg,A_LFTBTrq2so4AAAAAAAAAAAAAAQAAAQ.jpg,1,278,278
A_PKCVSakmtxUAAAAAAAAAAAAAAQAAAQ.jpg,A_eaJbRIsiIAcAAAAAAAAAAAAAAQAAAQ.jpg,1,278,278
A_PKCVSakmtxUAAAAAAAAAAAAAAQAAAQ.jpg,A_Nt0WS7-bibUAAAAAAAAAAAAAAQAAAQ.jpg,1,278,278
A_7MhsTIG0_08AAAAAAAAAAAAAAQAAAQ.jpg,A_LFTBTrq2so4AAAAAAAAAAAAAAQAAAQ.jpg,1,278,278
A_7MhsTIG0_08AAAAAAAAAAAAAAQAAAQ.jpg,A_eaJbRIsiIAcAAAAAAAAAAAAAAQAAAQ.jpg,1,278,278
A_7MhsTIG0_08AAAAAAAAAAAAAAQAAAQ.jpg,A_Nt0WS7-bibUAAAAAAAAAAAAAAQAAAQ.jpg,1,278,278
A_LFTBTrq2so4AAAAAAAAAAAAAAQAAAQ.jpg,A_eaJbRIsiIAcAAAAAAAAAAAAAAQAAAQ.jpg,1,278,278
A_LFTBTrq2so4AAAAAAAAAAAAAAQAAAQ.jpg,A_Nt0WS7-bibUAAAAAAAAAAAAAAQAAAQ.jpg,1,278,278
A_eaJbRIsiIAcAAAAAAAAAAAAAAQAAAQ.jpg,A_Nt0WS7-bibUAAAAAAAAAAAAAAQAAAQ.jpg,1,278,278
A__dC3S5as98wAAAAAAAAAAAAAAQAAAQ.jpg,A_BT-TSJ2u3kMAAAAAAAAAAAAAAQAAAQ.jpg,1,279,279
A__dC3S5as98wAAAAAAAAAAAAAAQAAAQ.jpg,A_wmoBRoo-T8IAAAAAAAAAAAAAAQAAAQ.jpg,1,279,279
A__dC3S5as98wAAAAAAAAAAAAAAQAAAQ.jpg,A_q1-cSYaye8AAAAAAAAAAAAAAAQAAAQ.jpg,1,279,279
A__dC3S5as98wAAAAAAAAAAAAAAQAAAQ.jpg,A_dmmqQrIoeIMAAAAAAAAAAAAAAQAAAQ.jpg,1,279,279
A__dC3S5as98wAAAAAAAAAAAAAAQAAAQ.jpg,A_vgbBT4flQykAAAAAAAAAAAAAAQAAAQ.jpg,1,279,279
A_BT-TSJ2u3kMAAAAAAAAAAAAAAQAAAQ.jpg,A_wmoBRoo-T8IAAAAAAAAAAAAAAQAAAQ.jpg,1,279,279
A_BT-TSJ2u3kMAAAAAAAAAAAAAAQAAAQ.jpg,A_q1-cSYaye8AAAAAAAAAAAAAAAQAAAQ.jpg,1,279,279
A_BT-TSJ2u3kMAAAAAAAAAAAAAAQAAAQ.jpg,A_dmmqQrIoeIMAAAAAAAAAAAAAAQAAAQ.jpg,1,279,279
A_BT-TSJ2u3kMAAAAAAAAAAAAAAQAAAQ.jpg,A_vgbBT4flQykAAAAAAAAAAAAAAQAAAQ.jpg,1,279,279
A_wmoBRoo-T8IAAAAAAAAAAAAAAQAAAQ.jpg,A_q1-cSYaye8AAAAAAAAAAAAAAAQAAAQ.jpg,1,279,279
A_wmoBRoo-T8IAAAAAAAAAAAAAAQAAAQ.jpg,A_dmmqQrIoeIMAAAAAAAAAAAAAAQAAAQ.jpg,1,279,279
A_wmoBRoo-T8IAAAAAAAAAAAAAAQAAAQ.jpg,A_vgbBT4flQykAAAAAAAAAAAAAAQAAAQ.jpg,1,279,279
A_q1-cSYaye8AAAAAAAAAAAAAAAQAAAQ.jpg,A_dmmqQrIoeIMAAAAAAAAAAAAAAQAAAQ.jpg,1,279,279
A_q1-cSYaye8AAAAAAAAAAAAAAAQAAAQ.jpg,A_vgbBT4flQykAAAAAAAAAAAAAAQAAAQ.jpg,1,279,279
A_dmmqQrIoeIMAAAAAAAAAAAAAAQAAAQ.jpg,A_vgbBT4flQykAAAAAAAAAAAAAAQAAAQ.jpg,1,279,279
A_CXUcR6GYNjkAAAAAAAAAAAAAAQAAAQ.jpg,A_YgagTY77Px8AAAAAAAAAAAAAAQAAAQ.jpg,1,280,280
A_CXUcR6GYNjkAAAAAAAAAAAAAAQAAAQ.jpg,A_avXxR4A0gikAAAAAAAAAAAAAAQAAAQ.jpg,1,280,280
A_CXUcR6GYNjkAAAAAAAAAAAAAAQAAAQ.jpg,A_TQs9RbfFYCkAAAAAAAAAAAAAAQAAAQ.jpg,1,280,280
A_CXUcR6GYNjkAAAAAAAAAAAAAAQAAAQ.jpg,A_CbtxSYI7W3wAAAAAAAAAAAAAAQAAAQ.jpg,1,280,280
A_CXUcR6GYNjkAAAAAAAAAAAAAAQAAAQ.jpg,A_lYW0R4XDx60AAAAAAAAAAAAAAQAAAQ.jpg,1,280,280
A_YgagTY77Px8AAAAAAAAAAAAAAQAAAQ.jpg,A_avXxR4A0gikAAAAAAAAAAAAAAQAAAQ.jpg,1,280,280
A_YgagTY77Px8AAAAAAAAAAAAAAQAAAQ.jpg,A_TQs9RbfFYCkAAAAAAAAAAAAAAQAAAQ.jpg,1,280,280
A_YgagTY77Px8AAAAAAAAAAAAAAQAAAQ.jpg,A_CbtxSYI7W3wAAAAAAAAAAAAAAQAAAQ.jpg,1,280,280
A_YgagTY77Px8AAAAAAAAAAAAAAQAAAQ.jpg,A_lYW0R4XDx60AAAAAAAAAAAAAAQAAAQ.jpg,1,280,280
A_avXxR4A0gikAAAAAAAAAAAAAAQAAAQ.jpg,A_TQs9RbfFYCkAAAAAAAAAAAAAAQAAAQ.jpg,1,280,280
A_avXxR4A0gikAAAAAAAAAAAAAAQAAAQ.jpg,A_CbtxSYI7W3wAAAAAAAAAAAAAAQAAAQ.jpg,1,280,280
A_avXxR4A0gikAAAAAAAAAAAAAAQAAAQ.jpg,A_lYW0R4XDx60AAAAAAAAAAAAAAQAAAQ.jpg,1,280,280
A_TQs9RbfFYCkAAAAAAAAAAAAAAQAAAQ.jpg,A_CbtxSYI7W3wAAAAAAAAAAAAAAQAAAQ.jpg,1,280,280
A_TQs9RbfFYCkAAAAAAAAAAAAAAQAAAQ.jpg,A_lYW0R4XDx60AAAAAAAAAAAAAAQAAAQ.jpg,1,280,280
A_CbtxSYI7W3wAAAAAAAAAAAAAAQAAAQ.jpg,A_lYW0R4XDx60AAAAAAAAAAAAAAQAAAQ.jpg,1,280,280
A_CaW2Rr7FxicAAAAAAAAAAAAAAQAAAQ.jpg,A_hD3uRIAU8WkAAAAAAAAAAAAAAQAAAQ.jpg,1,281,281
A_CaW2Rr7FxicAAAAAAAAAAAAAAQAAAQ.jpg,A_Yr4NS4nQky8AAAAAAAAAAAAAAQAAAQ.jpg,1,281,281
A_CaW2Rr7FxicAAAAAAAAAAAAAAQAAAQ.jpg,A_izqHSKPN0SsAAAAAAAAAAAAAAQAAAQ.jpg,1,281,281
A_CaW2Rr7FxicAAAAAAAAAAAAAAQAAAQ.jpg,A_Pgp4TYloAOwAAAAAAAAAAAAAAQAAAQ.jpg,1,281,281
A_CaW2Rr7FxicAAAAAAAAAAAAAAQAAAQ.jpg,A_iWCAS7hDyJEAAAAAAAAAAAAAAQAAAQ.jpg,1,281,281
A_hD3uRIAU8WkAAAAAAAAAAAAAAQAAAQ.jpg,A_Yr4NS4nQky8AAAAAAAAAAAAAAQAAAQ.jpg,1,281,281
A_hD3uRIAU8WkAAAAAAAAAAAAAAQAAAQ.jpg,A_izqHSKPN0SsAAAAAAAAAAAAAAQAAAQ.jpg,1,281,281
A_hD3uRIAU8WkAAAAAAAAAAAAAAQAAAQ.jpg,A_Pgp4TYloAOwAAAAAAAAAAAAAAQAAAQ.jpg,1,281,281
A_hD3uRIAU8WkAAAAAAAAAAAAAAQAAAQ.jpg,A_iWCAS7hDyJEAAAAAAAAAAAAAAQAAAQ.jpg,1,281,281
A_Yr4NS4nQky8AAAAAAAAAAAAAAQAAAQ.jpg,A_izqHSKPN0SsAAAAAAAAAAAAAAQAAAQ.jpg,1,281,281
A_Yr4NS4nQky8AAAAAAAAAAAAAAQAAAQ.jpg,A_Pgp4TYloAOwAAAAAAAAAAAAAAQAAAQ.jpg,1,281,281
A_Yr4NS4nQky8AAAAAAAAAAAAAAQAAAQ.jpg,A_iWCAS7hDyJEAAAAAAAAAAAAAAQAAAQ.jpg,1,281,281
A_izqHSKPN0SsAAAAAAAAAAAAAAQAAAQ.jpg,A_Pgp4TYloAOwAAAAAAAAAAAAAAQAAAQ.jpg,1,281,281
A_izqHSKPN0SsAAAAAAAAAAAAAAQAAAQ.jpg,A_iWCAS7hDyJEAAAAAAAAAAAAAAQAAAQ.jpg,1,281,281
A_Pgp4TYloAOwAAAAAAAAAAAAAAQAAAQ.jpg,A_iWCAS7hDyJEAAAAAAAAAAAAAAQAAAQ.jpg,1,281,281
JikNLX13RouEBv1bQPnkMAAAACMAARAD.jpg,wlvKhmPsRnuzCvy0hg9dSQAAACMAARAD.jpg,1,282,282
JikNLX13RouEBv1bQPnkMAAAACMAARAD.jpg,T3Ow5yM2ThqSP6KFh8RfwAAAACMAARAD.jpg,1,282,282
JikNLX13RouEBv1bQPnkMAAAACMAARAD.jpg,rXxlFn69QMONIxtgsZJajQAAACMAARAD.jpg,1,282,282
JikNLX13RouEBv1bQPnkMAAAACMAARAD.jpg,dGG2aRuKRkqEOETt9YkP4gAAACMAARAD.jpg,1,282,282
JikNLX13RouEBv1bQPnkMAAAACMAARAD.jpg,7YkNrZhwSFKUwj4wGuhjBwAAACMAARAD.jpg,1,282,282
wlvKhmPsRnuzCvy0hg9dSQAAACMAARAD.jpg,T3Ow5yM2ThqSP6KFh8RfwAAAACMAARAD.jpg,1,282,282
wlvKhmPsRnuzCvy0hg9dSQAAACMAARAD.jpg,rXxlFn69QMONIxtgsZJajQAAACMAARAD.jpg,1,282,282
wlvKhmPsRnuzCvy0hg9dSQAAACMAARAD.jpg,dGG2aRuKRkqEOETt9YkP4gAAACMAARAD.jpg,1,282,282
wlvKhmPsRnuzCvy0hg9dSQAAACMAARAD.jpg,7YkNrZhwSFKUwj4wGuhjBwAAACMAARAD.jpg,1,282,282
T3Ow5yM2ThqSP6KFh8RfwAAAACMAARAD.jpg,rXxlFn69QMONIxtgsZJajQAAACMAARAD.jpg,1,282,282
T3Ow5yM2ThqSP6KFh8RfwAAAACMAARAD.jpg,dGG2aRuKRkqEOETt9YkP4gAAACMAARAD.jpg,1,282,282
T3Ow5yM2ThqSP6KFh8RfwAAAACMAARAD.jpg,7YkNrZhwSFKUwj4wGuhjBwAAACMAARAD.jpg,1,282,282
rXxlFn69QMONIxtgsZJajQAAACMAARAD.jpg,dGG2aRuKRkqEOETt9YkP4gAAACMAARAD.jpg,1,282,282
rXxlFn69QMONIxtgsZJajQAAACMAARAD.jpg,7YkNrZhwSFKUwj4wGuhjBwAAACMAARAD.jpg,1,282,282
dGG2aRuKRkqEOETt9YkP4gAAACMAARAD.jpg,7YkNrZhwSFKUwj4wGuhjBwAAACMAARAD.jpg,1,282,282
A_-cgBQ7nWdC4AAAAAAAAAAAAAAQAAAQ.jpg,A_8SymQq9cMdAAAAAAAAAAAAAAAQAAAQ.jpg,1,283,283
A_-cgBQ7nWdC4AAAAAAAAAAAAAAQAAAQ.jpg,A_rdK1TpMuf28AAAAAAAAAAAAAAQAAAQ.jpg,1,283,283
A_-cgBQ7nWdC4AAAAAAAAAAAAAAQAAAQ.jpg,A_ToioR6w5lKgAAAAAAAAAAAAAAQAAAQ.jpg,1,283,283
A_-cgBQ7nWdC4AAAAAAAAAAAAAAQAAAQ.jpg,A_UvfzQoniuIkAAAAAAAAAAAAAAQAAAQ.jpg,1,283,283
A_-cgBQ7nWdC4AAAAAAAAAAAAAAQAAAQ.jpg,A_UHv6TJv2h5cAAAAAAAAAAAAAAQAAAQ.jpg,1,283,283
A_8SymQq9cMdAAAAAAAAAAAAAAAQAAAQ.jpg,A_rdK1TpMuf28AAAAAAAAAAAAAAQAAAQ.jpg,1,283,283
A_8SymQq9cMdAAAAAAAAAAAAAAAQAAAQ.jpg,A_ToioR6w5lKgAAAAAAAAAAAAAAQAAAQ.jpg,1,283,283
A_8SymQq9cMdAAAAAAAAAAAAAAAQAAAQ.jpg,A_UvfzQoniuIkAAAAAAAAAAAAAAQAAAQ.jpg,1,283,283
A_8SymQq9cMdAAAAAAAAAAAAAAAQAAAQ.jpg,A_UHv6TJv2h5cAAAAAAAAAAAAAAQAAAQ.jpg,1,283,283
A_rdK1TpMuf28AAAAAAAAAAAAAAQAAAQ.jpg,A_ToioR6w5lKgAAAAAAAAAAAAAAQAAAQ.jpg,1,283,283
A_rdK1TpMuf28AAAAAAAAAAAAAAQAAAQ.jpg,A_UvfzQoniuIkAAAAAAAAAAAAAAQAAAQ.jpg,1,283,283
A_rdK1TpMuf28AAAAAAAAAAAAAAQAAAQ.jpg,A_UHv6TJv2h5cAAAAAAAAAAAAAAQAAAQ.jpg,1,283,283
A_ToioR6w5lKgAAAAAAAAAAAAAAQAAAQ.jpg,A_UvfzQoniuIkAAAAAAAAAAAAAAQAAAQ.jpg,1,283,283
A_ToioR6w5lKgAAAAAAAAAAAAAAQAAAQ.jpg,A_UHv6TJv2h5cAAAAAAAAAAAAAAQAAAQ.jpg,1,283,283
A_UvfzQoniuIkAAAAAAAAAAAAAAQAAAQ.jpg,A_UHv6TJv2h5cAAAAAAAAAAAAAAQAAAQ.jpg,1,283,283
A_PIcHTa2SqFsAAAAAAAAAAAAAAQAAAQ.jpg,A_i8kmSqzWZtEAAAAAAAAAAAAAAQAAAQ.jpg,1,284,284
A_PIcHTa2SqFsAAAAAAAAAAAAAAQAAAQ.jpg,A_MVBqSa4_cZAAAAAAAAAAAAAAAQAAAQ.jpg,1,284,284
A_PIcHTa2SqFsAAAAAAAAAAAAAAQAAAQ.jpg,A_2YPaRq8ajt8AAAAAAAAAAAAAAQAAAQ.jpg,1,284,284
A_PIcHTa2SqFsAAAAAAAAAAAAAAQAAAQ.jpg,A_6JGwQau_WNoAAAAAAAAAAAAAAQAAAQ.jpg,1,284,284
A_PIcHTa2SqFsAAAAAAAAAAAAAAQAAAQ.jpg,A_OQeoS4r3iwoAAAAAAAAAAAAAAQAAAQ.jpg,1,284,284
A_i8kmSqzWZtEAAAAAAAAAAAAAAQAAAQ.jpg,A_MVBqSa4_cZAAAAAAAAAAAAAAAQAAAQ.jpg,1,284,284
A_i8kmSqzWZtEAAAAAAAAAAAAAAQAAAQ.jpg,A_2YPaRq8ajt8AAAAAAAAAAAAAAQAAAQ.jpg,1,284,284
A_i8kmSqzWZtEAAAAAAAAAAAAAAQAAAQ.jpg,A_6JGwQau_WNoAAAAAAAAAAAAAAQAAAQ.jpg,1,284,284
A_i8kmSqzWZtEAAAAAAAAAAAAAAQAAAQ.jpg,A_OQeoS4r3iwoAAAAAAAAAAAAAAQAAAQ.jpg,1,284,284
A_MVBqSa4_cZAAAAAAAAAAAAAAAQAAAQ.jpg,A_2YPaRq8ajt8AAAAAAAAAAAAAAQAAAQ.jpg,1,284,284
A_MVBqSa4_cZAAAAAAAAAAAAAAAQAAAQ.jpg,A_6JGwQau_WNoAAAAAAAAAAAAAAQAAAQ.jpg,1,284,284
A_MVBqSa4_cZAAAAAAAAAAAAAAAQAAAQ.jpg,A_OQeoS4r3iwoAAAAAAAAAAAAAAQAAAQ.jpg,1,284,284
A_2YPaRq8ajt8AAAAAAAAAAAAAAQAAAQ.jpg,A_6JGwQau_WNoAAAAAAAAAAAAAAQAAAQ.jpg,1,284,284
A_2YPaRq8ajt8AAAAAAAAAAAAAAQAAAQ.jpg,A_OQeoS4r3iwoAAAAAAAAAAAAAAQAAAQ.jpg,1,284,284
A_6JGwQau_WNoAAAAAAAAAAAAAAQAAAQ.jpg,A_OQeoS4r3iwoAAAAAAAAAAAAAAQAAAQ.jpg,1,284,284
A_8FKeQo04k4IAAAAAAAAAAAAAAQAAAQ.jpg,A_ahcnSoV8REQAAAAAAAAAAAAAAQAAAQ.jpg,1,285,285
A_8FKeQo04k4IAAAAAAAAAAAAAAQAAAQ.jpg,A_N1bgTpTlLkIAAAAAAAAAAAAAAQAAAQ.jpg,1,285,285
A_8FKeQo04k4IAAAAAAAAAAAAAAQAAAQ.jpg,A_jKAHQ6HeOiMAAAAAAAAAAAAAAQAAAQ.jpg,1,285,285
A_8FKeQo04k4IAAAAAAAAAAAAAAQAAAQ.jpg,A_lOYRTrARg8kAAAAAAAAAAAAAAQAAAQ.jpg,1,285,285
A_8FKeQo04k4IAAAAAAAAAAAAAAQAAAQ.jpg,A_5QphQrKDPQgAAAAAAAAAAAAAAQAAAQ.jpg,1,285,285
A_ahcnSoV8REQAAAAAAAAAAAAAAQAAAQ.jpg,A_N1bgTpTlLkIAAAAAAAAAAAAAAQAAAQ.jpg,1,285,285
A_ahcnSoV8REQAAAAAAAAAAAAAAQAAAQ.jpg,A_jKAHQ6HeOiMAAAAAAAAAAAAAAQAAAQ.jpg,1,285,285
A_ahcnSoV8REQAAAAAAAAAAAAAAQAAAQ.jpg,A_lOYRTrARg8kAAAAAAAAAAAAAAQAAAQ.jpg,1,285,285
A_ahcnSoV8REQAAAAAAAAAAAAAAQAAAQ.jpg,A_5QphQrKDPQgAAAAAAAAAAAAAAQAAAQ.jpg,1,285,285
A_N1bgTpTlLkIAAAAAAAAAAAAAAQAAAQ.jpg,A_jKAHQ6HeOiMAAAAAAAAAAAAAAQAAAQ.jpg,1,285,285
A_N1bgTpTlLkIAAAAAAAAAAAAAAQAAAQ.jpg,A_lOYRTrARg8kAAAAAAAAAAAAAAQAAAQ.jpg,1,285,285
A_N1bgTpTlLkIAAAAAAAAAAAAAAQAAAQ.jpg,A_5QphQrKDPQgAAAAAAAAAAAAAAQAAAQ.jpg,1,285,285
A_jKAHQ6HeOiMAAAAAAAAAAAAAAQAAAQ.jpg,A_lOYRTrARg8kAAAAAAAAAAAAAAQAAAQ.jpg,1,285,285
A_jKAHQ6HeOiMAAAAAAAAAAAAAAQAAAQ.jpg,A_5QphQrKDPQgAAAAAAAAAAAAAAQAAAQ.jpg,1,285,285
A_lOYRTrARg8kAAAAAAAAAAAAAAQAAAQ.jpg,A_5QphQrKDPQgAAAAAAAAAAAAAAQAAAQ.jpg,1,285,285
A_63UvQ4t84sQAAAAAAAAAAAAAAQAAAQ.jpg,A_KG1fRooRKKoAAAAAAAAAAAAAAQAAAQ.jpg,1,286,286
A_63UvQ4t84sQAAAAAAAAAAAAAAQAAAQ.jpg,A_opSGQJhnNSMAAAAAAAAAAAAAAQAAAQ.jpg,1,286,286
A_63UvQ4t84sQAAAAAAAAAAAAAAQAAAQ.jpg,A_pBcpQ5u7crsAAAAAAAAAAAAAAQAAAQ.jpg,1,286,286
A_63UvQ4t84sQAAAAAAAAAAAAAAQAAAQ.jpg,A_USsBT7LiLzQAAAAAAAAAAAAAAQAAAQ.jpg,1,286,286
A_63UvQ4t84sQAAAAAAAAAAAAAAQAAAQ.jpg,A_MtxfT4wtikgAAAAAAAAAAAAAAQAAAQ.jpg,1,286,286
A_KG1fRooRKKoAAAAAAAAAAAAAAQAAAQ.jpg,A_opSGQJhnNSMAAAAAAAAAAAAAAQAAAQ.jpg,1,286,286
A_KG1fRooRKKoAAAAAAAAAAAAAAQAAAQ.jpg,A_pBcpQ5u7crsAAAAAAAAAAAAAAQAAAQ.jpg,1,286,286
A_KG1fRooRKKoAAAAAAAAAAAAAAQAAAQ.jpg,A_USsBT7LiLzQAAAAAAAAAAAAAAQAAAQ.jpg,1,286,286
A_KG1fRooRKKoAAAAAAAAAAAAAAQAAAQ.jpg,A_MtxfT4wtikgAAAAAAAAAAAAAAQAAAQ.jpg,1,286,286
A_opSGQJhnNSMAAAAAAAAAAAAAAQAAAQ.jpg,A_pBcpQ5u7crsAAAAAAAAAAAAAAQAAAQ.jpg,1,286,286
A_opSGQJhnNSMAAAAAAAAAAAAAAQAAAQ.jpg,A_USsBT7LiLzQAAAAAAAAAAAAAAQAAAQ.jpg,1,286,286
A_opSGQJhnNSMAAAAAAAAAAAAAAQAAAQ.jpg,A_MtxfT4wtikgAAAAAAAAAAAAAAQAAAQ.jpg,1,286,286
A_pBcpQ5u7crsAAAAAAAAAAAAAAQAAAQ.jpg,A_USsBT7LiLzQAAAAAAAAAAAAAAQAAAQ.jpg,1,286,286
A_pBcpQ5u7crsAAAAAAAAAAAAAAQAAAQ.jpg,A_MtxfT4wtikgAAAAAAAAAAAAAAQAAAQ.jpg,1,286,286
A_USsBT7LiLzQAAAAAAAAAAAAAAQAAAQ.jpg,A_MtxfT4wtikgAAAAAAAAAAAAAAQAAAQ.jpg,1,286,286
A_VPDvSqwWeHQAAAAAAAAAAAAAAQAAAQ.jpg,A_8jMWRbavcW0AAAAAAAAAAAAAAQAAAQ.jpg,1,287,287
A_VPDvSqwWeHQAAAAAAAAAAAAAAQAAAQ.jpg,A_vTQoRLws130AAAAAAAAAAAAAAQAAAQ.jpg,1,287,287
A_VPDvSqwWeHQAAAAAAAAAAAAAAQAAAQ.jpg,A__LYISrzZ_GIAAAAAAAAAAAAAAQAAAQ.jpg,1,287,287
A_VPDvSqwWeHQAAAAAAAAAAAAAAQAAAQ.jpg,A_ISDtSpuDW6MAAAAAAAAAAAAAAQAAAQ.jpg,1,287,287
A_VPDvSqwWeHQAAAAAAAAAAAAAAQAAAQ.jpg,A_Ez49RbdLdmcAAAAAAAAAAAAAAQAAAQ.jpg,1,287,287
A_8jMWRbavcW0AAAAAAAAAAAAAAQAAAQ.jpg,A_vTQoRLws130AAAAAAAAAAAAAAQAAAQ.jpg,1,287,287
A_8jMWRbavcW0AAAAAAAAAAAAAAQAAAQ.jpg,A__LYISrzZ_GIAAAAAAAAAAAAAAQAAAQ.jpg,1,287,287
A_8jMWRbavcW0AAAAAAAAAAAAAAQAAAQ.jpg,A_ISDtSpuDW6MAAAAAAAAAAAAAAQAAAQ.jpg,1,287,287
A_8jMWRbavcW0AAAAAAAAAAAAAAQAAAQ.jpg,A_Ez49RbdLdmcAAAAAAAAAAAAAAQAAAQ.jpg,1,287,287
A_vTQoRLws130AAAAAAAAAAAAAAQAAAQ.jpg,A__LYISrzZ_GIAAAAAAAAAAAAAAQAAAQ.jpg,1,287,287
A_vTQoRLws130AAAAAAAAAAAAAAQAAAQ.jpg,A_ISDtSpuDW6MAAAAAAAAAAAAAAQAAAQ.jpg,1,287,287
A_vTQoRLws130AAAAAAAAAAAAAAQAAAQ.jpg,A_Ez49RbdLdmcAAAAAAAAAAAAAAQAAAQ.jpg,1,287,287
A__LYISrzZ_GIAAAAAAAAAAAAAAQAAAQ.jpg,A_ISDtSpuDW6MAAAAAAAAAAAAAAQAAAQ.jpg,1,287,287
A__LYISrzZ_GIAAAAAAAAAAAAAAQAAAQ.jpg,A_Ez49RbdLdmcAAAAAAAAAAAAAAQAAAQ.jpg,1,287,287
A_ISDtSpuDW6MAAAAAAAAAAAAAAQAAAQ.jpg,A_Ez49RbdLdmcAAAAAAAAAAAAAAQAAAQ.jpg,1,287,287
A_7zpaTrXCE1sAAAAAAAAAAAAAAQAAAQ.jpg,A_LgsSS74u2ZUAAAAAAAAAAAAAAQAAAQ.jpg,1,288,288
A_7zpaTrXCE1sAAAAAAAAAAAAAAQAAAQ.jpg,A_ZKeCRqrD48cAAAAAAAAAAAAAAQAAAQ.jpg,1,288,288
A_7zpaTrXCE1sAAAAAAAAAAAAAAQAAAQ.jpg,A_qWCCR7R42PUAAAAAAAAAAAAAAQAAAQ.jpg,1,288,288
A_7zpaTrXCE1sAAAAAAAAAAAAAAQAAAQ.jpg,A_LUknQ5zwlPEAAAAAAAAAAAAAAQAAAQ.jpg,1,288,288
A_7zpaTrXCE1sAAAAAAAAAAAAAAQAAAQ.jpg,A_xkbbR6DqPbwAAAAAAAAAAAAAAQAAAQ.jpg,1,288,288
A_LgsSS74u2ZUAAAAAAAAAAAAAAQAAAQ.jpg,A_ZKeCRqrD48cAAAAAAAAAAAAAAQAAAQ.jpg,1,288,288
A_LgsSS74u2ZUAAAAAAAAAAAAAAQAAAQ.jpg,A_qWCCR7R42PUAAAAAAAAAAAAAAQAAAQ.jpg,1,288,288
A_LgsSS74u2ZUAAAAAAAAAAAAAAQAAAQ.jpg,A_LUknQ5zwlPEAAAAAAAAAAAAAAQAAAQ.jpg,1,288,288
A_LgsSS74u2ZUAAAAAAAAAAAAAAQAAAQ.jpg,A_xkbbR6DqPbwAAAAAAAAAAAAAAQAAAQ.jpg,1,288,288
A_ZKeCRqrD48cAAAAAAAAAAAAAAQAAAQ.jpg,A_qWCCR7R42PUAAAAAAAAAAAAAAQAAAQ.jpg,1,288,288
A_ZKeCRqrD48cAAAAAAAAAAAAAAQAAAQ.jpg,A_LUknQ5zwlPEAAAAAAAAAAAAAAQAAAQ.jpg,1,288,288
A_ZKeCRqrD48cAAAAAAAAAAAAAAQAAAQ.jpg,A_xkbbR6DqPbwAAAAAAAAAAAAAAQAAAQ.jpg,1,288,288
A_qWCCR7R42PUAAAAAAAAAAAAAAQAAAQ.jpg,A_LUknQ5zwlPEAAAAAAAAAAAAAAQAAAQ.jpg,1,288,288
A_qWCCR7R42PUAAAAAAAAAAAAAAQAAAQ.jpg,A_xkbbR6DqPbwAAAAAAAAAAAAAAQAAAQ.jpg,1,288,288
A_LUknQ5zwlPEAAAAAAAAAAAAAAQAAAQ.jpg,A_xkbbR6DqPbwAAAAAAAAAAAAAAQAAAQ.jpg,1,288,288
A_HlrvTLj4tU8AAAAAAAAAAAAAAQAAAQ.jpg,A_FZxTQJDVbkYAAAAAAAAAAAAAAQAAAQ.jpg,1,289,289
A_HlrvTLj4tU8AAAAAAAAAAAAAAQAAAQ.jpg,A_bIcBTZ3tUqEAAAAAAAAAAAAAAQAAAQ.jpg,1,289,289
A_HlrvTLj4tU8AAAAAAAAAAAAAAQAAAQ.jpg,A_h0e0SItXSKwAAAAAAAAAAAAAAQAAAQ.jpg,1,289,289
A_HlrvTLj4tU8AAAAAAAAAAAAAAQAAAQ.jpg,A_meIyTZfLrbEAAAAAAAAAAAAAAQAAAQ.jpg,1,289,289
A_HlrvTLj4tU8AAAAAAAAAAAAAAQAAAQ.jpg,A_P5EBT4AQhZcAAAAAAAAAAAAAAQAAAQ.jpg,1,289,289
A_FZxTQJDVbkYAAAAAAAAAAAAAAQAAAQ.jpg,A_bIcBTZ3tUqEAAAAAAAAAAAAAAQAAAQ.jpg,1,289,289
A_FZxTQJDVbkYAAAAAAAAAAAAAAQAAAQ.jpg,A_h0e0SItXSKwAAAAAAAAAAAAAAQAAAQ.jpg,1,289,289
A_FZxTQJDVbkYAAAAAAAAAAAAAAQAAAQ.jpg,A_meIyTZfLrbEAAAAAAAAAAAAAAQAAAQ.jpg,1,289,289
A_FZxTQJDVbkYAAAAAAAAAAAAAAQAAAQ.jpg,A_P5EBT4AQhZcAAAAAAAAAAAAAAQAAAQ.jpg,1,289,289
A_bIcBTZ3tUqEAAAAAAAAAAAAAAQAAAQ.jpg,A_h0e0SItXSKwAAAAAAAAAAAAAAQAAAQ.jpg,1,289,289
A_bIcBTZ3tUqEAAAAAAAAAAAAAAQAAAQ.jpg,A_meIyTZfLrbEAAAAAAAAAAAAAAQAAAQ.jpg,1,289,289
A_bIcBTZ3tUqEAAAAAAAAAAAAAAQAAAQ.jpg,A_P5EBT4AQhZcAAAAAAAAAAAAAAQAAAQ.jpg,1,289,289
A_h0e0SItXSKwAAAAAAAAAAAAAAQAAAQ.jpg,A_meIyTZfLrbEAAAAAAAAAAAAAAQAAAQ.jpg,1,289,289
A_h0e0SItXSKwAAAAAAAAAAAAAAQAAAQ.jpg,A_P5EBT4AQhZcAAAAAAAAAAAAAAQAAAQ.jpg,1,289,289
A_meIyTZfLrbEAAAAAAAAAAAAAAQAAAQ.jpg,A_P5EBT4AQhZcAAAAAAAAAAAAAAQAAAQ.jpg,1,289,289
A_gZaiTKWdZY4AAAAAAAAAAAAAAQAAAQ.jpg,A_b2ToRI08f5UAAAAAAAAAAAAAAQAAAQ.jpg,1,290,290
A_gZaiTKWdZY4AAAAAAAAAAAAAAQAAAQ.jpg,A_6rXsToXOMygAAAAAAAAAAAAAAQAAAQ.jpg,1,290,290
A_gZaiTKWdZY4AAAAAAAAAAAAAAQAAAQ.jpg,A_1P0yR4ETeMMAAAAAAAAAAAAAAQAAAQ.jpg,1,290,290
A_gZaiTKWdZY4AAAAAAAAAAAAAAQAAAQ.jpg,A_ZT5FQpIeXlQAAAAAAAAAAAAAAQAAAQ.jpg,1,290,290
A_gZaiTKWdZY4AAAAAAAAAAAAAAQAAAQ.jpg,A_3JWtT62FzhAAAAAAAAAAAAAAAQAAAQ.jpg,1,290,290
A_b2ToRI08f5UAAAAAAAAAAAAAAQAAAQ.jpg,A_6rXsToXOMygAAAAAAAAAAAAAAQAAAQ.jpg,1,290,290
A_b2ToRI08f5UAAAAAAAAAAAAAAQAAAQ.jpg,A_1P0yR4ETeMMAAAAAAAAAAAAAAQAAAQ.jpg,1,290,290
A_b2ToRI08f5UAAAAAAAAAAAAAAQAAAQ.jpg,A_ZT5FQpIeXlQAAAAAAAAAAAAAAQAAAQ.jpg,1,290,290
A_b2ToRI08f5UAAAAAAAAAAAAAAQAAAQ.jpg,A_3JWtT62FzhAAAAAAAAAAAAAAAQAAAQ.jpg,1,290,290
A_6rXsToXOMygAAAAAAAAAAAAAAQAAAQ.jpg,A_1P0yR4ETeMMAAAAAAAAAAAAAAQAAAQ.jpg,1,290,290
A_6rXsToXOMygAAAAAAAAAAAAAAQAAAQ.jpg,A_ZT5FQpIeXlQAAAAAAAAAAAAAAQAAAQ.jpg,1,290,290
A_6rXsToXOMygAAAAAAAAAAAAAAQAAAQ.jpg,A_3JWtT62FzhAAAAAAAAAAAAAAAQAAAQ.jpg,1,290,290
A_1P0yR4ETeMMAAAAAAAAAAAAAAQAAAQ.jpg,A_ZT5FQpIeXlQAAAAAAAAAAAAAAQAAAQ.jpg,1,290,290
A_1P0yR4ETeMMAAAAAAAAAAAAAAQAAAQ.jpg,A_3JWtT62FzhAAAAAAAAAAAAAAAQAAAQ.jpg,1,290,290
A_ZT5FQpIeXlQAAAAAAAAAAAAAAQAAAQ.jpg,A_3JWtT62FzhAAAAAAAAAAAAAAAQAAAQ.jpg,1,290,290
xBdVq70UQVmGuGbRAbLiKAAAACMAARAD.jpg,Gy5X3mM5RdSB0CqW4GSoGwAAACMAARAD.jpg,1,291,291
xBdVq70UQVmGuGbRAbLiKAAAACMAARAD.jpg,OjXGrQwIRLe0jn5ENTl1XwAAACMAARAD.jpg,1,291,291
xBdVq70UQVmGuGbRAbLiKAAAACMAARAD.jpg,f6GMYs9cRVe3Vy5EDVVBpgAAACMAARAD.jpg,1,291,291
xBdVq70UQVmGuGbRAbLiKAAAACMAARAD.jpg,qyqNN_HDShqToEUCAcDKYQAAACMAARAD.jpg,1,291,291
xBdVq70UQVmGuGbRAbLiKAAAACMAARAD.jpg,GkKIt_19Rh2gdu0uxH4mbgAAACMAARAD.jpg,1,291,291
Gy5X3mM5RdSB0CqW4GSoGwAAACMAARAD.jpg,OjXGrQwIRLe0jn5ENTl1XwAAACMAARAD.jpg,1,291,291
Gy5X3mM5RdSB0CqW4GSoGwAAACMAARAD.jpg,f6GMYs9cRVe3Vy5EDVVBpgAAACMAARAD.jpg,1,291,291
Gy5X3mM5RdSB0CqW4GSoGwAAACMAARAD.jpg,qyqNN_HDShqToEUCAcDKYQAAACMAARAD.jpg,1,291,291
Gy5X3mM5RdSB0CqW4GSoGwAAACMAARAD.jpg,GkKIt_19Rh2gdu0uxH4mbgAAACMAARAD.jpg,1,291,291
OjXGrQwIRLe0jn5ENTl1XwAAACMAARAD.jpg,f6GMYs9cRVe3Vy5EDVVBpgAAACMAARAD.jpg,1,291,291
OjXGrQwIRLe0jn5ENTl1XwAAACMAARAD.jpg,qyqNN_HDShqToEUCAcDKYQAAACMAARAD.jpg,1,291,291
OjXGrQwIRLe0jn5ENTl1XwAAACMAARAD.jpg,GkKIt_19Rh2gdu0uxH4mbgAAACMAARAD.jpg,1,291,291
f6GMYs9cRVe3Vy5EDVVBpgAAACMAARAD.jpg,qyqNN_HDShqToEUCAcDKYQAAACMAARAD.jpg,1,291,291
f6GMYs9cRVe3Vy5EDVVBpgAAACMAARAD.jpg,GkKIt_19Rh2gdu0uxH4mbgAAACMAARAD.jpg,1,291,291
qyqNN_HDShqToEUCAcDKYQAAACMAARAD.jpg,GkKIt_19Rh2gdu0uxH4mbgAAACMAARAD.jpg,1,291,291
A_dQdlSJStdV8AAAAAAAAAAAAAAQAAAQ.jpg,A_1OujSoSRAr8AAAAAAAAAAAAAAQAAAQ.jpg,1,292,292
A_dQdlSJStdV8AAAAAAAAAAAAAAQAAAQ.jpg,A_SXh7Qo_BhxkAAAAAAAAAAAAAAQAAAQ.jpg,1,292,292
A_dQdlSJStdV8AAAAAAAAAAAAAAQAAAQ.jpg,A_48nEQqmxm1UAAAAAAAAAAAAAAQAAAQ.jpg,1,292,292
A_dQdlSJStdV8AAAAAAAAAAAAAAQAAAQ.jpg,A_VQ4tRoLu4e4AAAAAAAAAAAAAAQAAAQ.jpg,1,292,292
A_dQdlSJStdV8AAAAAAAAAAAAAAQAAAQ.jpg,A_EBtBR7SR8xIAAAAAAAAAAAAAAQAAAQ.jpg,1,292,292
A_1OujSoSRAr8AAAAAAAAAAAAAAQAAAQ.jpg,A_SXh7Qo_BhxkAAAAAAAAAAAAAAQAAAQ.jpg,1,292,292
A_1OujSoSRAr8AAAAAAAAAAAAAAQAAAQ.jpg,A_48nEQqmxm1UAAAAAAAAAAAAAAQAAAQ.jpg,1,292,292
A_1OujSoSRAr8AAAAAAAAAAAAAAQAAAQ.jpg,A_VQ4tRoLu4e4AAAAAAAAAAAAAAQAAAQ.jpg,1,292,292
A_1OujSoSRAr8AAAAAAAAAAAAAAQAAAQ.jpg,A_EBtBR7SR8xIAAAAAAAAAAAAAAQAAAQ.jpg,1,292,292
A_SXh7Qo_BhxkAAAAAAAAAAAAAAQAAAQ.jpg,A_48nEQqmxm1UAAAAAAAAAAAAAAQAAAQ.jpg,1,292,292
A_SXh7Qo_BhxkAAAAAAAAAAAAAAQAAAQ.jpg,A_VQ4tRoLu4e4AAAAAAAAAAAAAAQAAAQ.jpg,1,292,292
A_SXh7Qo_BhxkAAAAAAAAAAAAAAQAAAQ.jpg,A_EBtBR7SR8xIAAAAAAAAAAAAAAQAAAQ.jpg,1,292,292
A_48nEQqmxm1UAAAAAAAAAAAAAAQAAAQ.jpg,A_VQ4tRoLu4e4AAAAAAAAAAAAAAQAAAQ.jpg,1,292,292
A_48nEQqmxm1UAAAAAAAAAAAAAAQAAAQ.jpg,A_EBtBR7SR8xIAAAAAAAAAAAAAAQAAAQ.jpg,1,292,292
A_VQ4tRoLu4e4AAAAAAAAAAAAAAQAAAQ.jpg,A_EBtBR7SR8xIAAAAAAAAAAAAAAQAAAQ.jpg,1,292,292
A_h0wES7JMcj8AAAAAAAAAAAAAAQAAAQ.jpg,A_pNVfTIS6svkAAAAAAAAAAAAAAQAAAQ.jpg,1,293,293
A_h0wES7JMcj8AAAAAAAAAAAAAAQAAAQ.jpg,A_wxWxSZH1r_QAAAAAAAAAAAAAAQAAAQ.jpg,1,293,293
A_h0wES7JMcj8AAAAAAAAAAAAAAQAAAQ.jpg,A_FTXOTL2SfYwAAAAAAAAAAAAAAQAAAQ.jpg,1,293,293
A_h0wES7JMcj8AAAAAAAAAAAAAAQAAAQ.jpg,A_w7bqQ6XbEQoAAAAAAAAAAAAAAQAAAQ.jpg,1,293,293
A_h0wES7JMcj8AAAAAAAAAAAAAAQAAAQ.jpg,A_qAmbQo1B3boAAAAAAAAAAAAAAQAAAQ.jpg,1,293,293
A_pNVfTIS6svkAAAAAAAAAAAAAAQAAAQ.jpg,A_wxWxSZH1r_QAAAAAAAAAAAAAAQAAAQ.jpg,1,293,293
A_pNVfTIS6svkAAAAAAAAAAAAAAQAAAQ.jpg,A_FTXOTL2SfYwAAAAAAAAAAAAAAQAAAQ.jpg,1,293,293
A_pNVfTIS6svkAAAAAAAAAAAAAAQAAAQ.jpg,A_w7bqQ6XbEQoAAAAAAAAAAAAAAQAAAQ.jpg,1,293,293
A_pNVfTIS6svkAAAAAAAAAAAAAAQAAAQ.jpg,A_qAmbQo1B3boAAAAAAAAAAAAAAQAAAQ.jpg,1,293,293
A_wxWxSZH1r_QAAAAAAAAAAAAAAQAAAQ.jpg,A_FTXOTL2SfYwAAAAAAAAAAAAAAQAAAQ.jpg,1,293,293
A_wxWxSZH1r_QAAAAAAAAAAAAAAQAAAQ.jpg,A_w7bqQ6XbEQoAAAAAAAAAAAAAAQAAAQ.jpg,1,293,293
A_wxWxSZH1r_QAAAAAAAAAAAAAAQAAAQ.jpg,A_qAmbQo1B3boAAAAAAAAAAAAAAQAAAQ.jpg,1,293,293
A_FTXOTL2SfYwAAAAAAAAAAAAAAQAAAQ.jpg,A_w7bqQ6XbEQoAAAAAAAAAAAAAAQAAAQ.jpg,1,293,293
A_FTXOTL2SfYwAAAAAAAAAAAAAAQAAAQ.jpg,A_qAmbQo1B3boAAAAAAAAAAAAAAQAAAQ.jpg,1,293,293
A_w7bqQ6XbEQoAAAAAAAAAAAAAAQAAAQ.jpg,A_qAmbQo1B3boAAAAAAAAAAAAAAQAAAQ.jpg,1,293,293
A_TaFsSK1IhcIAAAAAAAAAAAAAAQAAAQ.jpg,A_oEAqSaEmWGMAAAAAAAAAAAAAAQAAAQ.jpg,1,294,294
A_TaFsSK1IhcIAAAAAAAAAAAAAAQAAAQ.jpg,A_6XZZT6vaEZ4AAAAAAAAAAAAAAQAAAQ.jpg,1,294,294
A_TaFsSK1IhcIAAAAAAAAAAAAAAQAAAQ.jpg,A_ZBNoSpCehbIAAAAAAAAAAAAAAQAAAQ.jpg,1,294,294
A_TaFsSK1IhcIAAAAAAAAAAAAAAQAAAQ.jpg,A_PLH0TI0npUYAAAAAAAAAAAAAAQAAAQ.jpg,1,294,294
A_TaFsSK1IhcIAAAAAAAAAAAAAAQAAAQ.jpg,A_4vgZSoQuhPgAAAAAAAAAAAAAAQAAAQ.jpg,1,294,294
A_oEAqSaEmWGMAAAAAAAAAAAAAAQAAAQ.jpg,A_6XZZT6vaEZ4AAAAAAAAAAAAAAQAAAQ.jpg,1,294,294
A_oEAqSaEmWGMAAAAAAAAAAAAAAQAAAQ.jpg,A_ZBNoSpCehbIAAAAAAAAAAAAAAQAAAQ.jpg,1,294,294
A_oEAqSaEmWGMAAAAAAAAAAAAAAQAAAQ.jpg,A_PLH0TI0npUYAAAAAAAAAAAAAAQAAAQ.jpg,1,294,294
A_oEAqSaEmWGMAAAAAAAAAAAAAAQAAAQ.jpg,A_4vgZSoQuhPgAAAAAAAAAAAAAAQAAAQ.jpg,1,294,294
A_6XZZT6vaEZ4AAAAAAAAAAAAAAQAAAQ.jpg,A_ZBNoSpCehbIAAAAAAAAAAAAAAQAAAQ.jpg,1,294,294
A_6XZZT6vaEZ4AAAAAAAAAAAAAAQAAAQ.jpg,A_PLH0TI0npUYAAAAAAAAAAAAAAQAAAQ.jpg,1,294,294
A_6XZZT6vaEZ4AAAAAAAAAAAAAAQAAAQ.jpg,A_4vgZSoQuhPgAAAAAAAAAAAAAAQAAAQ.jpg,1,294,294
A_ZBNoSpCehbIAAAAAAAAAAAAAAQAAAQ.jpg,A_PLH0TI0npUYAAAAAAAAAAAAAAQAAAQ.jpg,1,294,294
A_ZBNoSpCehbIAAAAAAAAAAAAAAQAAAQ.jpg,A_4vgZSoQuhPgAAAAAAAAAAAAAAQAAAQ.jpg,1,294,294
A_PLH0TI0npUYAAAAAAAAAAAAAAQAAAQ.jpg,A_4vgZSoQuhPgAAAAAAAAAAAAAAQAAAQ.jpg,1,294,294
A_1XV-TI8AFDMAAAAAAAAAAAAAAQAAAQ.jpg,A_8vypTI74gzgAAAAAAAAAAAAAAQAAAQ.jpg,1,295,295
A_1XV-TI8AFDMAAAAAAAAAAAAAAQAAAQ.jpg,A_Pdg4R4YxRpwAAAAAAAAAAAAAAQAAAQ.jpg,1,295,295
A_1XV-TI8AFDMAAAAAAAAAAAAAAQAAAQ.jpg,A_Kgq_SLzseBQAAAAAAAAAAAAAAQAAAQ.jpg,1,295,295
A_1XV-TI8AFDMAAAAAAAAAAAAAAQAAAQ.jpg,A_CAlCTIVL_TQAAAAAAAAAAAAAAQAAAQ.jpg,1,295,295
A_1XV-TI8AFDMAAAAAAAAAAAAAAQAAAQ.jpg,A_GSRPQoJj7dwAAAAAAAAAAAAAAQAAAQ.jpg,1,295,295
A_8vypTI74gzgAAAAAAAAAAAAAAQAAAQ.jpg,A_Pdg4R4YxRpwAAAAAAAAAAAAAAQAAAQ.jpg,1,295,295
A_8vypTI74gzgAAAAAAAAAAAAAAQAAAQ.jpg,A_Kgq_SLzseBQAAAAAAAAAAAAAAQAAAQ.jpg,1,295,295
A_8vypTI74gzgAAAAAAAAAAAAAAQAAAQ.jpg,A_CAlCTIVL_TQAAAAAAAAAAAAAAQAAAQ.jpg,1,295,295
A_8vypTI74gzgAAAAAAAAAAAAAAQAAAQ.jpg,A_GSRPQoJj7dwAAAAAAAAAAAAAAQAAAQ.jpg,1,295,295
A_Pdg4R4YxRpwAAAAAAAAAAAAAAQAAAQ.jpg,A_Kgq_SLzseBQAAAAAAAAAAAAAAQAAAQ.jpg,1,295,295
A_Pdg4R4YxRpwAAAAAAAAAAAAAAQAAAQ.jpg,A_CAlCTIVL_TQAAAAAAAAAAAAAAQAAAQ.jpg,1,295,295
A_Pdg4R4YxRpwAAAAAAAAAAAAAAQAAAQ.jpg,A_GSRPQoJj7dwAAAAAAAAAAAAAAQAAAQ.jpg,1,295,295
A_Kgq_SLzseBQAAAAAAAAAAAAAAQAAAQ.jpg,A_CAlCTIVL_TQAAAAAAAAAAAAAAQAAAQ.jpg,1,295,295
A_Kgq_SLzseBQAAAAAAAAAAAAAAQAAAQ.jpg,A_GSRPQoJj7dwAAAAAAAAAAAAAAQAAAQ.jpg,1,295,295
A_CAlCTIVL_TQAAAAAAAAAAAAAAQAAAQ.jpg,A_GSRPQoJj7dwAAAAAAAAAAAAAAQAAAQ.jpg,1,295,295
A_a-RNSrOUV5IAAAAAAAAAAAAAAQAAAQ.jpg,A_ivfcQaWsgdsAAAAAAAAAAAAAAQAAAQ.jpg,1,296,296
A_a-RNSrOUV5IAAAAAAAAAAAAAAQAAAQ.jpg,A_oVKNTpeuTjMAAAAAAAAAAAAAAQAAAQ.jpg,1,296,296
A_a-RNSrOUV5IAAAAAAAAAAAAAAQAAAQ.jpg,A_AK9lSaWJ_m0AAAAAAAAAAAAAAQAAAQ.jpg,1,296,296
A_a-RNSrOUV5IAAAAAAAAAAAAAAQAAAQ.jpg,A_I5KDRLmGgB8AAAAAAAAAAAAAAQAAAQ.jpg,1,296,296
A_a-RNSrOUV5IAAAAAAAAAAAAAAQAAAQ.jpg,A_SRVGQbrSpNYAAAAAAAAAAAAAAQAAAQ.jpg,1,296,296
A_ivfcQaWsgdsAAAAAAAAAAAAAAQAAAQ.jpg,A_oVKNTpeuTjMAAAAAAAAAAAAAAQAAAQ.jpg,1,296,296
A_ivfcQaWsgdsAAAAAAAAAAAAAAQAAAQ.jpg,A_AK9lSaWJ_m0AAAAAAAAAAAAAAQAAAQ.jpg,1,296,296
A_ivfcQaWsgdsAAAAAAAAAAAAAAQAAAQ.jpg,A_I5KDRLmGgB8AAAAAAAAAAAAAAQAAAQ.jpg,1,296,296
A_ivfcQaWsgdsAAAAAAAAAAAAAAQAAAQ.jpg,A_SRVGQbrSpNYAAAAAAAAAAAAAAQAAAQ.jpg,1,296,296
A_oVKNTpeuTjMAAAAAAAAAAAAAAQAAAQ.jpg,A_AK9lSaWJ_m0AAAAAAAAAAAAAAQAAAQ.jpg,1,296,296
A_oVKNTpeuTjMAAAAAAAAAAAAAAQAAAQ.jpg,A_I5KDRLmGgB8AAAAAAAAAAAAAAQAAAQ.jpg,1,296,296
A_oVKNTpeuTjMAAAAAAAAAAAAAAQAAAQ.jpg,A_SRVGQbrSpNYAAAAAAAAAAAAAAQAAAQ.jpg,1,296,296
A_AK9lSaWJ_m0AAAAAAAAAAAAAAQAAAQ.jpg,A_I5KDRLmGgB8AAAAAAAAAAAAAAQAAAQ.jpg,1,296,296
A_AK9lSaWJ_m0AAAAAAAAAAAAAAQAAAQ.jpg,A_SRVGQbrSpNYAAAAAAAAAAAAAAQAAAQ.jpg,1,296,296
A_I5KDRLmGgB8AAAAAAAAAAAAAAQAAAQ.jpg,A_SRVGQbrSpNYAAAAAAAAAAAAAAQAAAQ.jpg,1,296,296
A_URuNQJscuisAAAAAAAAAAAAAAQAAAQ.jpg,A_Hi3cQLCHj2wAAAAAAAAAAAAAAQAAAQ.jpg,1,297,297
A_URuNQJscuisAAAAAAAAAAAAAAQAAAQ.jpg,A_1vE2T5QGHN4AAAAAAAAAAAAAAQAAAQ.jpg,1,297,297
A_URuNQJscuisAAAAAAAAAAAAAAQAAAQ.jpg,A_Y7LpQZ9WcMQAAAAAAAAAAAAAAQAAAQ.jpg,1,297,297
A_URuNQJscuisAAAAAAAAAAAAAAQAAAQ.jpg,A_zIdqT5wAadAAAAAAAAAAAAAAAQAAAQ.jpg,1,297,297
A_URuNQJscuisAAAAAAAAAAAAAAQAAAQ.jpg,A_02oeQZQGpSIAAAAAAAAAAAAAAQAAAQ.jpg,1,297,297
A_Hi3cQLCHj2wAAAAAAAAAAAAAAQAAAQ.jpg,A_1vE2T5QGHN4AAAAAAAAAAAAAAQAAAQ.jpg,1,297,297
A_Hi3cQLCHj2wAAAAAAAAAAAAAAQAAAQ.jpg,A_Y7LpQZ9WcMQAAAAAAAAAAAAAAQAAAQ.jpg,1,297,297
A_Hi3cQLCHj2wAAAAAAAAAAAAAAQAAAQ.jpg,A_zIdqT5wAadAAAAAAAAAAAAAAAQAAAQ.jpg,1,297,297
A_Hi3cQLCHj2wAAAAAAAAAAAAAAQAAAQ.jpg,A_02oeQZQGpSIAAAAAAAAAAAAAAQAAAQ.jpg,1,297,297
A_1vE2T5QGHN4AAAAAAAAAAAAAAQAAAQ.jpg,A_Y7LpQZ9WcMQAAAAAAAAAAAAAAQAAAQ.jpg,1,297,297
A_1vE2T5QGHN4AAAAAAAAAAAAAAQAAAQ.jpg,A_zIdqT5wAadAAAAAAAAAAAAAAAQAAAQ.jpg,1,297,297
A_1vE2T5QGHN4AAAAAAAAAAAAAAQAAAQ.jpg,A_02oeQZQGpSIAAAAAAAAAAAAAAQAAAQ.jpg,1,297,297
A_Y7LpQZ9WcMQAAAAAAAAAAAAAAQAAAQ.jpg,A_zIdqT5wAadAAAAAAAAAAAAAAAQAAAQ.jpg,1,297,297
A_Y7LpQZ9WcMQAAAAAAAAAAAAAAQAAAQ.jpg,A_02oeQZQGpSIAAAAAAAAAAAAAAQAAAQ.jpg,1,297,297
A_zIdqT5wAadAAAAAAAAAAAAAAAQAAAQ.jpg,A_02oeQZQGpSIAAAAAAAAAAAAAAQAAAQ.jpg,1,297,297
A_JUa9QZwAOOgAAAAAAAAAAAAAAQAAAQ.jpg,A_OdypSY5DoYwAAAAAAAAAAAAAAQAAAQ.jpg,1,298,298
A_JUa9QZwAOOgAAAAAAAAAAAAAAQAAAQ.jpg,A_qdWxRaREskIAAAAAAAAAAAAAAQAAAQ.jpg,1,298,298
A_JUa9QZwAOOgAAAAAAAAAAAAAAQAAAQ.jpg,A_jlGaToiTR1cAAAAAAAAAAAAAAQAAAQ.jpg,1,298,298
A_JUa9QZwAOOgAAAAAAAAAAAAAAQAAAQ.jpg,A_82YISZVTz64AAAAAAAAAAAAAAQAAAQ.jpg,1,298,298
A_JUa9QZwAOOgAAAAAAAAAAAAAAQAAAQ.jpg,A_5lrdQqJOweIAAAAAAAAAAAAAAQAAAQ.jpg,1,298,298
A_OdypSY5DoYwAAAAAAAAAAAAAAQAAAQ.jpg,A_qdWxRaREskIAAAAAAAAAAAAAAQAAAQ.jpg,1,298,298
A_OdypSY5DoYwAAAAAAAAAAAAAAQAAAQ.jpg,A_jlGaToiTR1cAAAAAAAAAAAAAAQAAAQ.jpg,1,298,298
A_OdypSY5DoYwAAAAAAAAAAAAAAQAAAQ.jpg,A_82YISZVTz64AAAAAAAAAAAAAAQAAAQ.jpg,1,298,298
A_OdypSY5DoYwAAAAAAAAAAAAAAQAAAQ.jpg,A_5lrdQqJOweIAAAAAAAAAAAAAAQAAAQ.jpg,1,298,298
A_qdWxRaREskIAAAAAAAAAAAAAAQAAAQ.jpg,A_jlGaToiTR1cAAAAAAAAAAAAAAQAAAQ.jpg,1,298,298
A_qdWxRaREskIAAAAAAAAAAAAAAQAAAQ.jpg,A_82YISZVTz64AAAAAAAAAAAAAAQAAAQ.jpg,1,298,298
A_qdWxRaREskIAAAAAAAAAAAAAAQAAAQ.jpg,A_5lrdQqJOweIAAAAAAAAAAAAAAQAAAQ.jpg,1,298,298
A_jlGaToiTR1cAAAAAAAAAAAAAAQAAAQ.jpg,A_82YISZVTz64AAAAAAAAAAAAAAQAAAQ.jpg,1,298,298
A_jlGaToiTR1cAAAAAAAAAAAAAAQAAAQ.jpg,A_5lrdQqJOweIAAAAAAAAAAAAAAQAAAQ.jpg,1,298,298
A_82YISZVTz64AAAAAAAAAAAAAAQAAAQ.jpg,A_5lrdQqJOweIAAAAAAAAAAAAAAQAAAQ.jpg,1,298,298
A_e69VSbQ41GQAAAAAAAAAAAAAAQAAAQ.jpg,A_kCm8SqJ4xbQAAAAAAAAAAAAAAQAAAQ.jpg,1,299,299
A_e69VSbQ41GQAAAAAAAAAAAAAAQAAAQ.jpg,A_ncTYTqtScNEAAAAAAAAAAAAAAQAAAQ.jpg,1,299,299
A_e69VSbQ41GQAAAAAAAAAAAAAAQAAAQ.jpg,A_9Hj6Q4nQNhEAAAAAAAAAAAAAAQAAAQ.jpg,1,299,299
A_e69VSbQ41GQAAAAAAAAAAAAAAQAAAQ.jpg,A_jyxVSZAdZnkAAAAAAAAAAAAAAQAAAQ.jpg,1,299,299
A_e69VSbQ41GQAAAAAAAAAAAAAAQAAAQ.jpg,A_CkzZSIBF3KYAAAAAAAAAAAAAAQAAAQ.jpg,1,299,299
A_kCm8SqJ4xbQAAAAAAAAAAAAAAQAAAQ.jpg,A_ncTYTqtScNEAAAAAAAAAAAAAAQAAAQ.jpg,1,299,299
A_kCm8SqJ4xbQAAAAAAAAAAAAAAQAAAQ.jpg,A_9Hj6Q4nQNhEAAAAAAAAAAAAAAQAAAQ.jpg,1,299,299
A_kCm8SqJ4xbQAAAAAAAAAAAAAAQAAAQ.jpg,A_jyxVSZAdZnkAAAAAAAAAAAAAAQAAAQ.jpg,1,299,299
A_kCm8SqJ4xbQAAAAAAAAAAAAAAQAAAQ.jpg,A_CkzZSIBF3KYAAAAAAAAAAAAAAQAAAQ.jpg,1,299,299
A_ncTYTqtScNEAAAAAAAAAAAAAAQAAAQ.jpg,A_9Hj6Q4nQNhEAAAAAAAAAAAAAAQAAAQ.jpg,1,299,299
A_ncTYTqtScNEAAAAAAAAAAAAAAQAAAQ.jpg,A_jyxVSZAdZnkAAAAAAAAAAAAAAQAAAQ.jpg,1,299,299
A_ncTYTqtScNEAAAAAAAAAAAAAAQAAAQ.jpg,A_CkzZSIBF3KYAAAAAAAAAAAAAAQAAAQ.jpg,1,299,299
A_9Hj6Q4nQNhEAAAAAAAAAAAAAAQAAAQ.jpg,A_jyxVSZAdZnkAAAAAAAAAAAAAAQAAAQ.jpg,1,299,299
A_9Hj6Q4nQNhEAAAAAAAAAAAAAAQAAAQ.jpg,A_CkzZSIBF3KYAAAAAAAAAAAAAAQAAAQ.jpg,1,299,299
A_jyxVSZAdZnkAAAAAAAAAAAAAAQAAAQ.jpg,A_CkzZSIBF3KYAAAAAAAAAAAAAAQAAAQ.jpg,1,299,299
A_n9rlSYbLOVMAAAAAAAAAAAAAAQAAAQ.jpg,A_QMXJRr8rzh4AAAAAAAAAAAAAAQAAAQ.jpg,1,300,300
A_n9rlSYbLOVMAAAAAAAAAAAAAAQAAAQ.jpg,A_o-mERLc_dPYAAAAAAAAAAAAAAQAAAQ.jpg,1,300,300
A_n9rlSYbLOVMAAAAAAAAAAAAAAQAAAQ.jpg,A_57b6Sb8-FAYAAAAAAAAAAAAAAQAAAQ.jpg,1,300,300
A_n9rlSYbLOVMAAAAAAAAAAAAAAQAAAQ.jpg,A_1iq-SaD4TSYAAAAAAAAAAAAAAQAAAQ.jpg,1,300,300
A_n9rlSYbLOVMAAAAAAAAAAAAAAQAAAQ.jpg,A_He2nSrEFR1YAAAAAAAAAAAAAAQAAAQ.jpg,1,300,300
A_QMXJRr8rzh4AAAAAAAAAAAAAAQAAAQ.jpg,A_o-mERLc_dPYAAAAAAAAAAAAAAQAAAQ.jpg,1,300,300
A_QMXJRr8rzh4AAAAAAAAAAAAAAQAAAQ.jpg,A_57b6Sb8-FAYAAAAAAAAAAAAAAQAAAQ.jpg,1,300,300
A_QMXJRr8rzh4AAAAAAAAAAAAAAQAAAQ.jpg,A_1iq-SaD4TSYAAAAAAAAAAAAAAQAAAQ.jpg,1,300,300
A_QMXJRr8rzh4AAAAAAAAAAAAAAQAAAQ.jpg,A_He2nSrEFR1YAAAAAAAAAAAAAAQAAAQ.jpg,1,300,300
A_o-mERLc_dPYAAAAAAAAAAAAAAQAAAQ.jpg,A_57b6Sb8-FAYAAAAAAAAAAAAAAQAAAQ.jpg,1,300,300
A_o-mERLc_dPYAAAAAAAAAAAAAAQAAAQ.jpg,A_1iq-SaD4TSYAAAAAAAAAAAAAAQAAAQ.jpg,1,300,300
A_o-mERLc_dPYAAAAAAAAAAAAAAQAAAQ.jpg,A_He2nSrEFR1YAAAAAAAAAAAAAAQAAAQ.jpg,1,300,300
A_57b6Sb8-FAYAAAAAAAAAAAAAAQAAAQ.jpg,A_1iq-SaD4TSYAAAAAAAAAAAAAAQAAAQ.jpg,1,300,300
A_57b6Sb8-FAYAAAAAAAAAAAAAAQAAAQ.jpg,A_He2nSrEFR1YAAAAAAAAAAAAAAQAAAQ.jpg,1,300,300
A_1iq-SaD4TSYAAAAAAAAAAAAAAQAAAQ.jpg,A_He2nSrEFR1YAAAAAAAAAAAAAAQAAAQ.jpg,1,300,300
A_K0FxT6aY5N8AAAAAAAAAAAAAAQAAAQ.jpg,A_FliWQ7H5vocAAAAAAAAAAAAAAQAAAQ.jpg,1,301,301
A_K0FxT6aY5N8AAAAAAAAAAAAAAQAAAQ.jpg,A_7HFFRY87DBIAAAAAAAAAAAAAAQAAAQ.jpg,1,301,301
A_K0FxT6aY5N8AAAAAAAAAAAAAAQAAAQ.jpg,A_WD_RToG7TiEAAAAAAAAAAAAAAQAAAQ.jpg,1,301,301
A_K0FxT6aY5N8AAAAAAAAAAAAAAQAAAQ.jpg,A_uqQZTalXwHYAAAAAAAAAAAAAAQAAAQ.jpg,1,301,301
A_K0FxT6aY5N8AAAAAAAAAAAAAAQAAAQ.jpg,A_DAaRSIZ4OM0AAAAAAAAAAAAAAQAAAQ.jpg,1,301,301
A_FliWQ7H5vocAAAAAAAAAAAAAAQAAAQ.jpg,A_7HFFRY87DBIAAAAAAAAAAAAAAQAAAQ.jpg,1,301,301
A_FliWQ7H5vocAAAAAAAAAAAAAAQAAAQ.jpg,A_WD_RToG7TiEAAAAAAAAAAAAAAQAAAQ.jpg,1,301,301
A_FliWQ7H5vocAAAAAAAAAAAAAAQAAAQ.jpg,A_uqQZTalXwHYAAAAAAAAAAAAAAQAAAQ.jpg,1,301,301
A_FliWQ7H5vocAAAAAAAAAAAAAAQAAAQ.jpg,A_DAaRSIZ4OM0AAAAAAAAAAAAAAQAAAQ.jpg,1,301,301
A_7HFFRY87DBIAAAAAAAAAAAAAAQAAAQ.jpg,A_WD_RToG7TiEAAAAAAAAAAAAAAQAAAQ.jpg,1,301,301
A_7HFFRY87DBIAAAAAAAAAAAAAAQAAAQ.jpg,A_uqQZTalXwHYAAAAAAAAAAAAAAQAAAQ.jpg,1,301,301
A_7HFFRY87DBIAAAAAAAAAAAAAAQAAAQ.jpg,A_DAaRSIZ4OM0AAAAAAAAAAAAAAQAAAQ.jpg,1,301,301
A_WD_RToG7TiEAAAAAAAAAAAAAAQAAAQ.jpg,A_uqQZTalXwHYAAAAAAAAAAAAAAQAAAQ.jpg,1,301,301
A_WD_RToG7TiEAAAAAAAAAAAAAAQAAAQ.jpg,A_DAaRSIZ4OM0AAAAAAAAAAAAAAQAAAQ.jpg,1,301,301
A_uqQZTalXwHYAAAAAAAAAAAAAAQAAAQ.jpg,A_DAaRSIZ4OM0AAAAAAAAAAAAAAQAAAQ.jpg,1,301,301
A_wSWmTr7_FucAAAAAAAAAAAAAAQAAAQ.jpg,A_7z2dSpjqRhsAAAAAAAAAAAAAAQAAAQ.jpg,1,302,302
A_wSWmTr7_FucAAAAAAAAAAAAAAQAAAQ.jpg,A_YhBkQq-gKQAAAAAAAAAAAAAAAQAAAQ.jpg,1,302,302
A_wSWmTr7_FucAAAAAAAAAAAAAAQAAAQ.jpg,A_5dNJRaepYnUAAAAAAAAAAAAAAQAAAQ.jpg,1,302,302
A_wSWmTr7_FucAAAAAAAAAAAAAAQAAAQ.jpg,A_TYT0T4Fvp38AAAAAAAAAAAAAAQAAAQ.jpg,1,302,302
A_wSWmTr7_FucAAAAAAAAAAAAAAQAAAQ.jpg,A_lq89RbvKMb8AAAAAAAAAAAAAAQAAAQ.jpg,1,302,302
A_7z2dSpjqRhsAAAAAAAAAAAAAAQAAAQ.jpg,A_YhBkQq-gKQAAAAAAAAAAAAAAAQAAAQ.jpg,1,302,302
A_7z2dSpjqRhsAAAAAAAAAAAAAAQAAAQ.jpg,A_5dNJRaepYnUAAAAAAAAAAAAAAQAAAQ.jpg,1,302,302
A_7z2dSpjqRhsAAAAAAAAAAAAAAQAAAQ.jpg,A_TYT0T4Fvp38AAAAAAAAAAAAAAQAAAQ.jpg,1,302,302
A_7z2dSpjqRhsAAAAAAAAAAAAAAQAAAQ.jpg,A_lq89RbvKMb8AAAAAAAAAAAAAAQAAAQ.jpg,1,302,302
A_YhBkQq-gKQAAAAAAAAAAAAAAAQAAAQ.jpg,A_5dNJRaepYnUAAAAAAAAAAAAAAQAAAQ.jpg,1,302,302
A_YhBkQq-gKQAAAAAAAAAAAAAAAQAAAQ.jpg,A_TYT0T4Fvp38AAAAAAAAAAAAAAQAAAQ.jpg,1,302,302
A_YhBkQq-gKQAAAAAAAAAAAAAAAQAAAQ.jpg,A_lq89RbvKMb8AAAAAAAAAAAAAAQAAAQ.jpg,1,302,302
A_5dNJRaepYnUAAAAAAAAAAAAAAQAAAQ.jpg,A_TYT0T4Fvp38AAAAAAAAAAAAAAQAAAQ.jpg,1,302,302
A_5dNJRaepYnUAAAAAAAAAAAAAAQAAAQ.jpg,A_lq89RbvKMb8AAAAAAAAAAAAAAQAAAQ.jpg,1,302,302
A_TYT0T4Fvp38AAAAAAAAAAAAAAQAAAQ.jpg,A_lq89RbvKMb8AAAAAAAAAAAAAAQAAAQ.jpg,1,302,302
A_FtPrQpzl3BAAAAAAAAAAAAAAAQAAAQ.jpg,A_8RO8SZ_cRhQAAAAAAAAAAAAAAQAAAQ.jpg,1,303,303
A_FtPrQpzl3BAAAAAAAAAAAAAAAQAAAQ.jpg,A_Qee6TYh_N0AAAAAAAAAAAAAAAQAAAQ.jpg,1,303,303
A_FtPrQpzl3BAAAAAAAAAAAAAAAQAAAQ.jpg,A_CHCqQrj2mVQAAAAAAAAAAAAAAQAAAQ.jpg,1,303,303
A_FtPrQpzl3BAAAAAAAAAAAAAAAQAAAQ.jpg,A_zfSUS4jx5k4AAAAAAAAAAAAAAQAAAQ.jpg,1,303,303
A_FtPrQpzl3BAAAAAAAAAAAAAAAQAAAQ.jpg,A_7t5MRrn6fyUAAAAAAAAAAAAAAQAAAQ.jpg,1,303,303
A_8RO8SZ_cRhQAAAAAAAAAAAAAAQAAAQ.jpg,A_Qee6TYh_N0AAAAAAAAAAAAAAAQAAAQ.jpg,1,303,303
A_8RO8SZ_cRhQAAAAAAAAAAAAAAQAAAQ.jpg,A_CHCqQrj2mVQAAAAAAAAAAAAAAQAAAQ.jpg,1,303,303
A_8RO8SZ_cRhQAAAAAAAAAAAAAAQAAAQ.jpg,A_zfSUS4jx5k4AAAAAAAAAAAAAAQAAAQ.jpg,1,303,303
A_8RO8SZ_cRhQAAAAAAAAAAAAAAQAAAQ.jpg,A_7t5MRrn6fyUAAAAAAAAAAAAAAQAAAQ.jpg,1,303,303
A_Qee6TYh_N0AAAAAAAAAAAAAAAQAAAQ.jpg,A_CHCqQrj2mVQAAAAAAAAAAAAAAQAAAQ.jpg,1,303,303
A_Qee6TYh_N0AAAAAAAAAAAAAAAQAAAQ.jpg,A_zfSUS4jx5k4AAAAAAAAAAAAAAQAAAQ.jpg,1,303,303
A_Qee6TYh_N0AAAAAAAAAAAAAAAQAAAQ.jpg,A_7t5MRrn6fyUAAAAAAAAAAAAAAQAAAQ.jpg,1,303,303
A_CHCqQrj2mVQAAAAAAAAAAAAAAQAAAQ.jpg,A_zfSUS4jx5k4AAAAAAAAAAAAAAQAAAQ.jpg,1,303,303
A_CHCqQrj2mVQAAAAAAAAAAAAAAQAAAQ.jpg,A_7t5MRrn6fyUAAAAAAAAAAAAAAQAAAQ.jpg,1,303,303
A_zfSUS4jx5k4AAAAAAAAAAAAAAQAAAQ.jpg,A_7t5MRrn6fyUAAAAAAAAAAAAAAQAAAQ.jpg,1,303,303
A_3vZpQYswJPEAAAAAAAAAAAAAAQAAAQ.jpg,A_PM4uTLm28AgAAAAAAAAAAAAAAQAAAQ.jpg,1,304,304
A_3vZpQYswJPEAAAAAAAAAAAAAAQAAAQ.jpg,A_reG_T7bejwwAAAAAAAAAAAAAAQAAAQ.jpg,1,304,304
A_3vZpQYswJPEAAAAAAAAAAAAAAQAAAQ.jpg,A_m6o3TaR9GfMAAAAAAAAAAAAAAQAAAQ.jpg,1,304,304
A_3vZpQYswJPEAAAAAAAAAAAAAAQAAAQ.jpg,A_4OdZTY_C4z8AAAAAAAAAAAAAAQAAAQ.jpg,1,304,304
A_3vZpQYswJPEAAAAAAAAAAAAAAQAAAQ.jpg,A_1BkkT5s3pZkAAAAAAAAAAAAAAQAAAQ.jpg,1,304,304
A_PM4uTLm28AgAAAAAAAAAAAAAAQAAAQ.jpg,A_reG_T7bejwwAAAAAAAAAAAAAAQAAAQ.jpg,1,304,304
A_PM4uTLm28AgAAAAAAAAAAAAAAQAAAQ.jpg,A_m6o3TaR9GfMAAAAAAAAAAAAAAQAAAQ.jpg,1,304,304
A_PM4uTLm28AgAAAAAAAAAAAAAAQAAAQ.jpg,A_4OdZTY_C4z8AAAAAAAAAAAAAAQAAAQ.jpg,1,304,304
A_PM4uTLm28AgAAAAAAAAAAAAAAQAAAQ.jpg,A_1BkkT5s3pZkAAAAAAAAAAAAAAQAAAQ.jpg,1,304,304
A_reG_T7bejwwAAAAAAAAAAAAAAQAAAQ.jpg,A_m6o3TaR9GfMAAAAAAAAAAAAAAQAAAQ.jpg,1,304,304
A_reG_T7bejwwAAAAAAAAAAAAAAQAAAQ.jpg,A_4OdZTY_C4z8AAAAAAAAAAAAAAQAAAQ.jpg,1,304,304
A_reG_T7bejwwAAAAAAAAAAAAAAQAAAQ.jpg,A_1BkkT5s3pZkAAAAAAAAAAAAAAQAAAQ.jpg,1,304,304
A_m6o3TaR9GfMAAAAAAAAAAAAAAQAAAQ.jpg,A_4OdZTY_C4z8AAAAAAAAAAAAAAQAAAQ.jpg,1,304,304
A_m6o3TaR9GfMAAAAAAAAAAAAAAQAAAQ.jpg,A_1BkkT5s3pZkAAAAAAAAAAAAAAQAAAQ.jpg,1,304,304
A_4OdZTY_C4z8AAAAAAAAAAAAAAQAAAQ.jpg,A_1BkkT5s3pZkAAAAAAAAAAAAAAQAAAQ.jpg,1,304,304
A_IgaXRJ1OsMYAAAAAAAAAAAAAAQAAAQ.jpg,A_HHmHS7TxQaEAAAAAAAAAAAAAAQAAAQ.jpg,1,305,305
A_IgaXRJ1OsMYAAAAAAAAAAAAAAQAAAQ.jpg,A_2yTCT6348MsAAAAAAAAAAAAAAQAAAQ.jpg,1,305,305
A_IgaXRJ1OsMYAAAAAAAAAAAAAAQAAAQ.jpg,A_fJ6qQJnwL64AAAAAAAAAAAAAAQAAAQ.jpg,1,305,305
A_IgaXRJ1OsMYAAAAAAAAAAAAAAQAAAQ.jpg,A_vbu_TpWL6WUAAAAAAAAAAAAAAQAAAQ.jpg,1,305,305
A_IgaXRJ1OsMYAAAAAAAAAAAAAAQAAAQ.jpg,A_2FZXTozgPmkAAAAAAAAAAAAAAQAAAQ.jpg,1,305,305
A_HHmHS7TxQaEAAAAAAAAAAAAAAQAAAQ.jpg,A_2yTCT6348MsAAAAAAAAAAAAAAQAAAQ.jpg,1,305,305
A_HHmHS7TxQaEAAAAAAAAAAAAAAQAAAQ.jpg,A_fJ6qQJnwL64AAAAAAAAAAAAAAQAAAQ.jpg,1,305,305
A_HHmHS7TxQaEAAAAAAAAAAAAAAQAAAQ.jpg,A_vbu_TpWL6WUAAAAAAAAAAAAAAQAAAQ.jpg,1,305,305
A_HHmHS7TxQaEAAAAAAAAAAAAAAQAAAQ.jpg,A_2FZXTozgPmkAAAAAAAAAAAAAAQAAAQ.jpg,1,305,305
A_2yTCT6348MsAAAAAAAAAAAAAAQAAAQ.jpg,A_fJ6qQJnwL64AAAAAAAAAAAAAAQAAAQ.jpg,1,305,305
A_2yTCT6348MsAAAAAAAAAAAAAAQAAAQ.jpg,A_vbu_TpWL6WUAAAAAAAAAAAAAAQAAAQ.jpg,1,305,305
A_2yTCT6348MsAAAAAAAAAAAAAAQAAAQ.jpg,A_2FZXTozgPmkAAAAAAAAAAAAAAQAAAQ.jpg,1,305,305
A_fJ6qQJnwL64AAAAAAAAAAAAAAQAAAQ.jpg,A_vbu_TpWL6WUAAAAAAAAAAAAAAQAAAQ.jpg,1,305,305
A_fJ6qQJnwL64AAAAAAAAAAAAAAQAAAQ.jpg,A_2FZXTozgPmkAAAAAAAAAAAAAAQAAAQ.jpg,1,305,305
A_vbu_TpWL6WUAAAAAAAAAAAAAAQAAAQ.jpg,A_2FZXTozgPmkAAAAAAAAAAAAAAQAAAQ.jpg,1,305,305
igBDl6ziSdODf-fpbtEL1wAAACMAARAD.jpg,sXCLxmKsRfaVAGlXbY1y3wAAACMAARAD.jpg,1,306,306
igBDl6ziSdODf-fpbtEL1wAAACMAARAD.jpg,obyrOEluQJ2NMnX7G7GA0wAAACMAARAD.jpg,1,306,306
igBDl6ziSdODf-fpbtEL1wAAACMAARAD.jpg,IJnfoTCGRzy_PnKxNA20FAAAACMAARAD.jpg,1,306,306
igBDl6ziSdODf-fpbtEL1wAAACMAARAD.jpg,U1EDgPaORkycuNu19c1crAAAACMAARAD.jpg,1,306,306
igBDl6ziSdODf-fpbtEL1wAAACMAARAD.jpg,yUud5fmzR3q6UJMUV6hLQwAAACMAARAD.jpg,1,306,306
sXCLxmKsRfaVAGlXbY1y3wAAACMAARAD.jpg,obyrOEluQJ2NMnX7G7GA0wAAACMAARAD.jpg,1,306,306
sXCLxmKsRfaVAGlXbY1y3wAAACMAARAD.jpg,IJnfoTCGRzy_PnKxNA20FAAAACMAARAD.jpg,1,306,306
sXCLxmKsRfaVAGlXbY1y3wAAACMAARAD.jpg,U1EDgPaORkycuNu19c1crAAAACMAARAD.jpg,1,306,306
sXCLxmKsRfaVAGlXbY1y3wAAACMAARAD.jpg,yUud5fmzR3q6UJMUV6hLQwAAACMAARAD.jpg,1,306,306
obyrOEluQJ2NMnX7G7GA0wAAACMAARAD.jpg,IJnfoTCGRzy_PnKxNA20FAAAACMAARAD.jpg,1,306,306
obyrOEluQJ2NMnX7G7GA0wAAACMAARAD.jpg,U1EDgPaORkycuNu19c1crAAAACMAARAD.jpg,1,306,306
obyrOEluQJ2NMnX7G7GA0wAAACMAARAD.jpg,yUud5fmzR3q6UJMUV6hLQwAAACMAARAD.jpg,1,306,306
IJnfoTCGRzy_PnKxNA20FAAAACMAARAD.jpg,U1EDgPaORkycuNu19c1crAAAACMAARAD.jpg,1,306,306
IJnfoTCGRzy_PnKxNA20FAAAACMAARAD.jpg,yUud5fmzR3q6UJMUV6hLQwAAACMAARAD.jpg,1,306,306
U1EDgPaORkycuNu19c1crAAAACMAARAD.jpg,yUud5fmzR3q6UJMUV6hLQwAAACMAARAD.jpg,1,306,306
bcn92ETmR3OJk3KR9IsmiQAAACMAARAD.jpg,8iDXzLM4RtOtrlot95uL0AAAACMAARAD.jpg,1,307,307
bcn92ETmR3OJk3KR9IsmiQAAACMAARAD.jpg,J1CtsgliQ_Wz7dWKjUh9SwAAACMAARAD.jpg,1,307,307
bcn92ETmR3OJk3KR9IsmiQAAACMAARAD.jpg,AxQOGcN4RkCPWfcMhYgBuQAAACMAARAD.jpg,1,307,307
bcn92ETmR3OJk3KR9IsmiQAAACMAARAD.jpg,0GdWO5icQbKwpuwrEKLdgwAAACMAARAD.jpg,1,307,307
bcn92ETmR3OJk3KR9IsmiQAAACMAARAD.jpg,p_poUnC6T06GTFnucmRJSwAAACMAARAD.jpg,1,307,307
8iDXzLM4RtOtrlot95uL0AAAACMAARAD.jpg,J1CtsgliQ_Wz7dWKjUh9SwAAACMAARAD.jpg,1,307,307
8iDXzLM4RtOtrlot95uL0AAAACMAARAD.jpg,AxQOGcN4RkCPWfcMhYgBuQAAACMAARAD.jpg,1,307,307
8iDXzLM4RtOtrlot95uL0AAAACMAARAD.jpg,0GdWO5icQbKwpuwrEKLdgwAAACMAARAD.jpg,1,307,307
8iDXzLM4RtOtrlot95uL0AAAACMAARAD.jpg,p_poUnC6T06GTFnucmRJSwAAACMAARAD.jpg,1,307,307
J1CtsgliQ_Wz7dWKjUh9SwAAACMAARAD.jpg,AxQOGcN4RkCPWfcMhYgBuQAAACMAARAD.jpg,1,307,307
J1CtsgliQ_Wz7dWKjUh9SwAAACMAARAD.jpg,0GdWO5icQbKwpuwrEKLdgwAAACMAARAD.jpg,1,307,307
J1CtsgliQ_Wz7dWKjUh9SwAAACMAARAD.jpg,p_poUnC6T06GTFnucmRJSwAAACMAARAD.jpg,1,307,307
AxQOGcN4RkCPWfcMhYgBuQAAACMAARAD.jpg,0GdWO5icQbKwpuwrEKLdgwAAACMAARAD.jpg,1,307,307
AxQOGcN4RkCPWfcMhYgBuQAAACMAARAD.jpg,p_poUnC6T06GTFnucmRJSwAAACMAARAD.jpg,1,307,307
0GdWO5icQbKwpuwrEKLdgwAAACMAARAD.jpg,p_poUnC6T06GTFnucmRJSwAAACMAARAD.jpg,1,307,307
A_Sh8kTJUrbZoAAAAAAAAAAAAAAQAAAQ.jpg,A_SsVBRJzukC8AAAAAAAAAAAAAAQAAAQ.jpg,1,308,308
A_Sh8kTJUrbZoAAAAAAAAAAAAAAQAAAQ.jpg,A_hPGSRoU0C8kAAAAAAAAAAAAAAQAAAQ.jpg,1,308,308
A_Sh8kTJUrbZoAAAAAAAAAAAAAAQAAAQ.jpg,A__iBTRLnSgRsAAAAAAAAAAAAAAQAAAQ.jpg,1,308,308
A_Sh8kTJUrbZoAAAAAAAAAAAAAAQAAAQ.jpg,A_gWrIQ4S447oAAAAAAAAAAAAAAQAAAQ.jpg,1,308,308
A_Sh8kTJUrbZoAAAAAAAAAAAAAAQAAAQ.jpg,A_vBLvSIjsr5oAAAAAAAAAAAAAAQAAAQ.jpg,1,308,308
A_SsVBRJzukC8AAAAAAAAAAAAAAQAAAQ.jpg,A_hPGSRoU0C8kAAAAAAAAAAAAAAQAAAQ.jpg,1,308,308
A_SsVBRJzukC8AAAAAAAAAAAAAAQAAAQ.jpg,A__iBTRLnSgRsAAAAAAAAAAAAAAQAAAQ.jpg,1,308,308
A_SsVBRJzukC8AAAAAAAAAAAAAAQAAAQ.jpg,A_gWrIQ4S447oAAAAAAAAAAAAAAQAAAQ.jpg,1,308,308
A_SsVBRJzukC8AAAAAAAAAAAAAAQAAAQ.jpg,A_vBLvSIjsr5oAAAAAAAAAAAAAAQAAAQ.jpg,1,308,308
A_hPGSRoU0C8kAAAAAAAAAAAAAAQAAAQ.jpg,A__iBTRLnSgRsAAAAAAAAAAAAAAQAAAQ.jpg,1,308,308
A_hPGSRoU0C8kAAAAAAAAAAAAAAQAAAQ.jpg,A_gWrIQ4S447oAAAAAAAAAAAAAAQAAAQ.jpg,1,308,308
A_hPGSRoU0C8kAAAAAAAAAAAAAAQAAAQ.jpg,A_vBLvSIjsr5oAAAAAAAAAAAAAAQAAAQ.jpg,1,308,308
A__iBTRLnSgRsAAAAAAAAAAAAAAQAAAQ.jpg,A_gWrIQ4S447oAAAAAAAAAAAAAAQAAAQ.jpg,1,308,308
A__iBTRLnSgRsAAAAAAAAAAAAAAQAAAQ.jpg,A_vBLvSIjsr5oAAAAAAAAAAAAAAQAAAQ.jpg,1,308,308
A_gWrIQ4S447oAAAAAAAAAAAAAAQAAAQ.jpg,A_vBLvSIjsr5oAAAAAAAAAAAAAAQAAAQ.jpg,1,308,308
A_lPwKS7HXTIUAAAAAAAAAAAAAAQAAAQ.jpg,A_D_SeQ4c--GwAAAAAAAAAAAAAAQAAAQ.jpg,1,309,309
A_lPwKS7HXTIUAAAAAAAAAAAAAAQAAAQ.jpg,A_p1FURL5LiRoAAAAAAAAAAAAAAQAAAQ.jpg,1,309,309
A_lPwKS7HXTIUAAAAAAAAAAAAAAQAAAQ.jpg,A_BUqXSoHm6xYAAAAAAAAAAAAAAQAAAQ.jpg,1,309,309
A_lPwKS7HXTIUAAAAAAAAAAAAAAQAAAQ.jpg,A_m_SBTJ0x4UgAAAAAAAAAAAAAAQAAAQ.jpg,1,309,309
A_lPwKS7HXTIUAAAAAAAAAAAAAAQAAAQ.jpg,A_mo3GRaXrNTgAAAAAAAAAAAAAAQAAAQ.jpg,1,309,309
A_D_SeQ4c--GwAAAAAAAAAAAAAAQAAAQ.jpg,A_p1FURL5LiRoAAAAAAAAAAAAAAQAAAQ.jpg,1,309,309
A_D_SeQ4c--GwAAAAAAAAAAAAAAQAAAQ.jpg,A_BUqXSoHm6xYAAAAAAAAAAAAAAQAAAQ.jpg,1,309,309
A_D_SeQ4c--GwAAAAAAAAAAAAAAQAAAQ.jpg,A_m_SBTJ0x4UgAAAAAAAAAAAAAAQAAAQ.jpg,1,309,309
A_D_SeQ4c--GwAAAAAAAAAAAAAAQAAAQ.jpg,A_mo3GRaXrNTgAAAAAAAAAAAAAAQAAAQ.jpg,1,309,309
A_p1FURL5LiRoAAAAAAAAAAAAAAQAAAQ.jpg,A_BUqXSoHm6xYAAAAAAAAAAAAAAQAAAQ.jpg,1,309,309
A_p1FURL5LiRoAAAAAAAAAAAAAAQAAAQ.jpg,A_m_SBTJ0x4UgAAAAAAAAAAAAAAQAAAQ.jpg,1,309,309
A_p1FURL5LiRoAAAAAAAAAAAAAAQAAAQ.jpg,A_mo3GRaXrNTgAAAAAAAAAAAAAAQAAAQ.jpg,1,309,309
A_BUqXSoHm6xYAAAAAAAAAAAAAAQAAAQ.jpg,A_m_SBTJ0x4UgAAAAAAAAAAAAAAQAAAQ.jpg,1,309,309
A_BUqXSoHm6xYAAAAAAAAAAAAAAQAAAQ.jpg,A_mo3GRaXrNTgAAAAAAAAAAAAAAQAAAQ.jpg,1,309,309
A_m_SBTJ0x4UgAAAAAAAAAAAAAAQAAAQ.jpg,A_mo3GRaXrNTgAAAAAAAAAAAAAAQAAAQ.jpg,1,309,309
kD-WZuK9Rae4NoG1n7HHwAAAACMAARAD.jpg,7ACCezYsSqiEz-zehRjeGAAAACMAARAD.jpg,1,310,310
kD-WZuK9Rae4NoG1n7HHwAAAACMAARAD.jpg,VjekR6ueSNOq94VvNYUcgAAAACMAARAD.jpg,1,310,310
kD-WZuK9Rae4NoG1n7HHwAAAACMAARAD.jpg,1DUlr4dURtqhdRrCS69ZgAAAACMAARAD.jpg,1,310,310
kD-WZuK9Rae4NoG1n7HHwAAAACMAARAD.jpg,C7LFRq-yQ3al5ElDQWDhUAAAACMAARAD.jpg,1,310,310
kD-WZuK9Rae4NoG1n7HHwAAAACMAARAD.jpg,IsIe7tHGSEe9XWBTYTZTqwAAACMAARAD.jpg,1,310,310
7ACCezYsSqiEz-zehRjeGAAAACMAARAD.jpg,VjekR6ueSNOq94VvNYUcgAAAACMAARAD.jpg,1,310,310
7ACCezYsSqiEz-zehRjeGAAAACMAARAD.jpg,1DUlr4dURtqhdRrCS69ZgAAAACMAARAD.jpg,1,310,310
7ACCezYsSqiEz-zehRjeGAAAACMAARAD.jpg,C7LFRq-yQ3al5ElDQWDhUAAAACMAARAD.jpg,1,310,310
7ACCezYsSqiEz-zehRjeGAAAACMAARAD.jpg,IsIe7tHGSEe9XWBTYTZTqwAAACMAARAD.jpg,1,310,310
VjekR6ueSNOq94VvNYUcgAAAACMAARAD.jpg,1DUlr4dURtqhdRrCS69ZgAAAACMAARAD.jpg,1,310,310
VjekR6ueSNOq94VvNYUcgAAAACMAARAD.jpg,C7LFRq-yQ3al5ElDQWDhUAAAACMAARAD.jpg,1,310,310
VjekR6ueSNOq94VvNYUcgAAAACMAARAD.jpg,IsIe7tHGSEe9XWBTYTZTqwAAACMAARAD.jpg,1,310,310
1DUlr4dURtqhdRrCS69ZgAAAACMAARAD.jpg,C7LFRq-yQ3al5ElDQWDhUAAAACMAARAD.jpg,1,310,310
1DUlr4dURtqhdRrCS69ZgAAAACMAARAD.jpg,IsIe7tHGSEe9XWBTYTZTqwAAACMAARAD.jpg,1,310,310
C7LFRq-yQ3al5ElDQWDhUAAAACMAARAD.jpg,IsIe7tHGSEe9XWBTYTZTqwAAACMAARAD.jpg,1,310,310
A_HXWXTZxti_gAAAAAAAAAAAAAAQAAAQ.jpg,A_aEr8SogcnnIAAAAAAAAAAAAAAQAAAQ.jpg,1,311,311
A_HXWXTZxti_gAAAAAAAAAAAAAAQAAAQ.jpg,A_4gGXSpGmh1YAAAAAAAAAAAAAAQAAAQ.jpg,1,311,311
A_HXWXTZxti_gAAAAAAAAAAAAAAQAAAQ.jpg,A_YfwbQJ4I5K8AAAAAAAAAAAAAAQAAAQ.jpg,1,311,311
A_HXWXTZxti_gAAAAAAAAAAAAAAQAAAQ.jpg,A_aA69SpvZhQQAAAAAAAAAAAAAAQAAAQ.jpg,1,311,311
A_HXWXTZxti_gAAAAAAAAAAAAAAQAAAQ.jpg,A_viZgTZtLdIkAAAAAAAAAAAAAAQAAAQ.jpg,1,311,311
A_aEr8SogcnnIAAAAAAAAAAAAAAQAAAQ.jpg,A_4gGXSpGmh1YAAAAAAAAAAAAAAQAAAQ.jpg,1,311,311
A_aEr8SogcnnIAAAAAAAAAAAAAAQAAAQ.jpg,A_YfwbQJ4I5K8AAAAAAAAAAAAAAQAAAQ.jpg,1,311,311
A_aEr8SogcnnIAAAAAAAAAAAAAAQAAAQ.jpg,A_aA69SpvZhQQAAAAAAAAAAAAAAQAAAQ.jpg,1,311,311
A_aEr8SogcnnIAAAAAAAAAAAAAAQAAAQ.jpg,A_viZgTZtLdIkAAAAAAAAAAAAAAQAAAQ.jpg,1,311,311
A_4gGXSpGmh1YAAAAAAAAAAAAAAQAAAQ.jpg,A_YfwbQJ4I5K8AAAAAAAAAAAAAAQAAAQ.jpg,1,311,311
A_4gGXSpGmh1YAAAAAAAAAAAAAAQAAAQ.jpg,A_aA69SpvZhQQAAAAAAAAAAAAAAQAAAQ.jpg,1,311,311
A_4gGXSpGmh1YAAAAAAAAAAAAAAQAAAQ.jpg,A_viZgTZtLdIkAAAAAAAAAAAAAAQAAAQ.jpg,1,311,311
A_YfwbQJ4I5K8AAAAAAAAAAAAAAQAAAQ.jpg,A_aA69SpvZhQQAAAAAAAAAAAAAAQAAAQ.jpg,1,311,311
A_YfwbQJ4I5K8AAAAAAAAAAAAAAQAAAQ.jpg,A_viZgTZtLdIkAAAAAAAAAAAAAAQAAAQ.jpg,1,311,311
A_aA69SpvZhQQAAAAAAAAAAAAAAQAAAQ.jpg,A_viZgTZtLdIkAAAAAAAAAAAAAAQAAAQ.jpg,1,311,311
A_cUEKTLA6SR4AAAAAAAAAAAAAAQAAAQ.jpg,A_e7dMTaR9QaEAAAAAAAAAAAAAAQAAAQ.jpg,1,312,312
A_cUEKTLA6SR4AAAAAAAAAAAAAAQAAAQ.jpg,A_iyCnSJYS2eQAAAAAAAAAAAAAAQAAAQ.jpg,1,312,312
A_cUEKTLA6SR4AAAAAAAAAAAAAAQAAAQ.jpg,A_4cscRbyF-t8AAAAAAAAAAAAAAQAAAQ.jpg,1,312,312
A_cUEKTLA6SR4AAAAAAAAAAAAAAQAAAQ.jpg,A_8P78SYHj8vsAAAAAAAAAAAAAAQAAAQ.jpg,1,312,312
A_cUEKTLA6SR4AAAAAAAAAAAAAAQAAAQ.jpg,A_c1QXTK5OHUMAAAAAAAAAAAAAAQAAAQ.jpg,1,312,312
A_e7dMTaR9QaEAAAAAAAAAAAAAAQAAAQ.jpg,A_iyCnSJYS2eQAAAAAAAAAAAAAAQAAAQ.jpg,1,312,312
A_e7dMTaR9QaEAAAAAAAAAAAAAAQAAAQ.jpg,A_4cscRbyF-t8AAAAAAAAAAAAAAQAAAQ.jpg,1,312,312
A_e7dMTaR9QaEAAAAAAAAAAAAAAQAAAQ.jpg,A_8P78SYHj8vsAAAAAAAAAAAAAAQAAAQ.jpg,1,312,312
A_e7dMTaR9QaEAAAAAAAAAAAAAAQAAAQ.jpg,A_c1QXTK5OHUMAAAAAAAAAAAAAAQAAAQ.jpg,1,312,312
A_iyCnSJYS2eQAAAAAAAAAAAAAAQAAAQ.jpg,A_4cscRbyF-t8AAAAAAAAAAAAAAQAAAQ.jpg,1,312,312
A_iyCnSJYS2eQAAAAAAAAAAAAAAQAAAQ.jpg,A_8P78SYHj8vsAAAAAAAAAAAAAAQAAAQ.jpg,1,312,312
A_iyCnSJYS2eQAAAAAAAAAAAAAAQAAAQ.jpg,A_c1QXTK5OHUMAAAAAAAAAAAAAAQAAAQ.jpg,1,312,312
A_4cscRbyF-t8AAAAAAAAAAAAAAQAAAQ.jpg,A_8P78SYHj8vsAAAAAAAAAAAAAAQAAAQ.jpg,1,312,312
A_4cscRbyF-t8AAAAAAAAAAAAAAQAAAQ.jpg,A_c1QXTK5OHUMAAAAAAAAAAAAAAQAAAQ.jpg,1,312,312
A_8P78SYHj8vsAAAAAAAAAAAAAAQAAAQ.jpg,A_c1QXTK5OHUMAAAAAAAAAAAAAAQAAAQ.jpg,1,312,312
A_S7r7Srj5r_wAAAAAAAAAAAAAAQAAAQ.jpg,A_7dSiR56sjZkAAAAAAAAAAAAAAQAAAQ.jpg,1,313,313
A_S7r7Srj5r_wAAAAAAAAAAAAAAQAAAQ.jpg,A_KkNnR5qXorcAAAAAAAAAAAAAAQAAAQ.jpg,1,313,313
A_S7r7Srj5r_wAAAAAAAAAAAAAAQAAAQ.jpg,A_9Wo1SqHv_yIAAAAAAAAAAAAAAQAAAQ.jpg,1,313,313
A_S7r7Srj5r_wAAAAAAAAAAAAAAQAAAQ.jpg,A_xl9CQIhvmFsAAAAAAAAAAAAAAQAAAQ.jpg,1,313,313
A_S7r7Srj5r_wAAAAAAAAAAAAAAQAAAQ.jpg,A_i-nLRI_4Z-QAAAAAAAAAAAAAAQAAAQ.jpg,1,313,313
A_7dSiR56sjZkAAAAAAAAAAAAAAQAAAQ.jpg,A_KkNnR5qXorcAAAAAAAAAAAAAAQAAAQ.jpg,1,313,313
A_7dSiR56sjZkAAAAAAAAAAAAAAQAAAQ.jpg,A_9Wo1SqHv_yIAAAAAAAAAAAAAAQAAAQ.jpg,1,313,313
A_7dSiR56sjZkAAAAAAAAAAAAAAQAAAQ.jpg,A_xl9CQIhvmFsAAAAAAAAAAAAAAQAAAQ.jpg,1,313,313
A_7dSiR56sjZkAAAAAAAAAAAAAAQAAAQ.jpg,A_i-nLRI_4Z-QAAAAAAAAAAAAAAQAAAQ.jpg,1,313,313
A_KkNnR5qXorcAAAAAAAAAAAAAAQAAAQ.jpg,A_9Wo1SqHv_yIAAAAAAAAAAAAAAQAAAQ.jpg,1,313,313
A_KkNnR5qXorcAAAAAAAAAAAAAAQAAAQ.jpg,A_xl9CQIhvmFsAAAAAAAAAAAAAAQAAAQ.jpg,1,313,313
A_KkNnR5qXorcAAAAAAAAAAAAAAQAAAQ.jpg,A_i-nLRI_4Z-QAAAAAAAAAAAAAAQAAAQ.jpg,1,313,313
A_9Wo1SqHv_yIAAAAAAAAAAAAAAQAAAQ.jpg,A_xl9CQIhvmFsAAAAAAAAAAAAAAQAAAQ.jpg,1,313,313
A_9Wo1SqHv_yIAAAAAAAAAAAAAAQAAAQ.jpg,A_i-nLRI_4Z-QAAAAAAAAAAAAAAQAAAQ.jpg,1,313,313
A_xl9CQIhvmFsAAAAAAAAAAAAAAQAAAQ.jpg,A_i-nLRI_4Z-QAAAAAAAAAAAAAAQAAAQ.jpg,1,313,313
A_EsHfTJi2lYUAAAAAAAAAAAAAAQAAAQ.jpg,A_cbghTYuoEzQAAAAAAAAAAAAAAQAAAQ.jpg,1,314,314
A_EsHfTJi2lYUAAAAAAAAAAAAAAQAAAQ.jpg,A_ZPyVR5KHewAAAAAAAAAAAAAAAQAAAQ.jpg,1,314,314
A_EsHfTJi2lYUAAAAAAAAAAAAAAQAAAQ.jpg,A__ZWPQJQKX10AAAAAAAAAAAAAAQAAAQ.jpg,1,314,314
A_EsHfTJi2lYUAAAAAAAAAAAAAAQAAAQ.jpg,A_Jt0NQ7kxnNgAAAAAAAAAAAAAAQAAAQ.jpg,1,314,314
A_EsHfTJi2lYUAAAAAAAAAAAAAAQAAAQ.jpg,A_Xt5tQpzDINoAAAAAAAAAAAAAAQAAAQ.jpg,1,314,314
A_cbghTYuoEzQAAAAAAAAAAAAAAQAAAQ.jpg,A_ZPyVR5KHewAAAAAAAAAAAAAAAQAAAQ.jpg,1,314,314
A_cbghTYuoEzQAAAAAAAAAAAAAAQAAAQ.jpg,A__ZWPQJQKX10AAAAAAAAAAAAAAQAAAQ.jpg,1,314,314
A_cbghTYuoEzQAAAAAAAAAAAAAAQAAAQ.jpg,A_Jt0NQ7kxnNgAAAAAAAAAAAAAAQAAAQ.jpg,1,314,314
A_cbghTYuoEzQAAAAAAAAAAAAAAQAAAQ.jpg,A_Xt5tQpzDINoAAAAAAAAAAAAAAQAAAQ.jpg,1,314,314
A_ZPyVR5KHewAAAAAAAAAAAAAAAQAAAQ.jpg,A__ZWPQJQKX10AAAAAAAAAAAAAAQAAAQ.jpg,1,314,314
A_ZPyVR5KHewAAAAAAAAAAAAAAAQAAAQ.jpg,A_Jt0NQ7kxnNgAAAAAAAAAAAAAAQAAAQ.jpg,1,314,314
A_ZPyVR5KHewAAAAAAAAAAAAAAAQAAAQ.jpg,A_Xt5tQpzDINoAAAAAAAAAAAAAAQAAAQ.jpg,1,314,314
A__ZWPQJQKX10AAAAAAAAAAAAAAQAAAQ.jpg,A_Jt0NQ7kxnNgAAAAAAAAAAAAAAQAAAQ.jpg,1,314,314
A__ZWPQJQKX10AAAAAAAAAAAAAAQAAAQ.jpg,A_Xt5tQpzDINoAAAAAAAAAAAAAAQAAAQ.jpg,1,314,314
A_Jt0NQ7kxnNgAAAAAAAAAAAAAAQAAAQ.jpg,A_Xt5tQpzDINoAAAAAAAAAAAAAAQAAAQ.jpg,1,314,314
Z1qDRVboSz625P_djDkBSwAAACMAARAD.jpg,IvmXxLWaQd-LKBYjjNz-zwAAACMAARAD.jpg,1,315,315
Z1qDRVboSz625P_djDkBSwAAACMAARAD.jpg,Tt0AYk7ASkeS8q4TGaZ2FAAAACMAARAD.jpg,1,315,315
Z1qDRVboSz625P_djDkBSwAAACMAARAD.jpg,32oZCggVTXitEpu5VNf6FAAAACMAARAD.jpg,1,315,315
Z1qDRVboSz625P_djDkBSwAAACMAARAD.jpg,RZ0pi9gnRguCbwW_2IFLegAAACMAARAD.jpg,1,315,315
Z1qDRVboSz625P_djDkBSwAAACMAARAD.jpg,bSowLH_QSz-W1UMpKjz0owAAACMAARAD.jpg,1,315,315
IvmXxLWaQd-LKBYjjNz-zwAAACMAARAD.jpg,Tt0AYk7ASkeS8q4TGaZ2FAAAACMAARAD.jpg,1,315,315
IvmXxLWaQd-LKBYjjNz-zwAAACMAARAD.jpg,32oZCggVTXitEpu5VNf6FAAAACMAARAD.jpg,1,315,315
IvmXxLWaQd-LKBYjjNz-zwAAACMAARAD.jpg,RZ0pi9gnRguCbwW_2IFLegAAACMAARAD.jpg,1,315,315
IvmXxLWaQd-LKBYjjNz-zwAAACMAARAD.jpg,bSowLH_QSz-W1UMpKjz0owAAACMAARAD.jpg,1,315,315
Tt0AYk7ASkeS8q4TGaZ2FAAAACMAARAD.jpg,32oZCggVTXitEpu5VNf6FAAAACMAARAD.jpg,1,315,315
Tt0AYk7ASkeS8q4TGaZ2FAAAACMAARAD.jpg,RZ0pi9gnRguCbwW_2IFLegAAACMAARAD.jpg,1,315,315
Tt0AYk7ASkeS8q4TGaZ2FAAAACMAARAD.jpg,bSowLH_QSz-W1UMpKjz0owAAACMAARAD.jpg,1,315,315
32oZCggVTXitEpu5VNf6FAAAACMAARAD.jpg,RZ0pi9gnRguCbwW_2IFLegAAACMAARAD.jpg,1,315,315
32oZCggVTXitEpu5VNf6FAAAACMAARAD.jpg,bSowLH_QSz-W1UMpKjz0owAAACMAARAD.jpg,1,315,315
RZ0pi9gnRguCbwW_2IFLegAAACMAARAD.jpg,bSowLH_QSz-W1UMpKjz0owAAACMAARAD.jpg,1,315,315
kVx_E1ohTniMFhLQU_YaagAAACMAARAD.jpg,zQs0kBsAS2mS20h_2hp37AAAACMAARAD.jpg,1,316,316
kVx_E1ohTniMFhLQU_YaagAAACMAARAD.jpg,8qks6YhlRy-wDJtrkIZaIgAAACMAARAD.jpg,1,316,316
kVx_E1ohTniMFhLQU_YaagAAACMAARAD.jpg,shv8oNWbQzuuIU83B0uJKAAAACMAARAD.jpg,1,316,316
kVx_E1ohTniMFhLQU_YaagAAACMAARAD.jpg,HO658TQUQEWkFzwQclWO6QAAACMAARAD.jpg,1,316,316
kVx_E1ohTniMFhLQU_YaagAAACMAARAD.jpg,2d-0eWw0TDKv5kSoh012ogAAACMAARAD.jpg,1,316,316
zQs0kBsAS2mS20h_2hp37AAAACMAARAD.jpg,8qks6YhlRy-wDJtrkIZaIgAAACMAARAD.jpg,1,316,316
zQs0kBsAS2mS20h_2hp37AAAACMAARAD.jpg,shv8oNWbQzuuIU83B0uJKAAAACMAARAD.jpg,1,316,316
zQs0kBsAS2mS20h_2hp37AAAACMAARAD.jpg,HO658TQUQEWkFzwQclWO6QAAACMAARAD.jpg,1,316,316
zQs0kBsAS2mS20h_2hp37AAAACMAARAD.jpg,2d-0eWw0TDKv5kSoh012ogAAACMAARAD.jpg,1,316,316
8qks6YhlRy-wDJtrkIZaIgAAACMAARAD.jpg,shv8oNWbQzuuIU83B0uJKAAAACMAARAD.jpg,1,316,316
8qks6YhlRy-wDJtrkIZaIgAAACMAARAD.jpg,HO658TQUQEWkFzwQclWO6QAAACMAARAD.jpg,1,316,316
8qks6YhlRy-wDJtrkIZaIgAAACMAARAD.jpg,2d-0eWw0TDKv5kSoh012ogAAACMAARAD.jpg,1,316,316
shv8oNWbQzuuIU83B0uJKAAAACMAARAD.jpg,HO658TQUQEWkFzwQclWO6QAAACMAARAD.jpg,1,316,316
shv8oNWbQzuuIU83B0uJKAAAACMAARAD.jpg,2d-0eWw0TDKv5kSoh012ogAAACMAARAD.jpg,1,316,316
HO658TQUQEWkFzwQclWO6QAAACMAARAD.jpg,2d-0eWw0TDKv5kSoh012ogAAACMAARAD.jpg,1,316,316
A_oLSJS49B_k4AAAAAAAAAAAAAAQAAAQ.jpg,A_KBNRRqQe8vsAAAAAAAAAAAAAAQAAAQ.jpg,1,317,317
A_oLSJS49B_k4AAAAAAAAAAAAAAQAAAQ.jpg,A_4rjUSryl48IAAAAAAAAAAAAAAQAAAQ.jpg,1,317,317
A_oLSJS49B_k4AAAAAAAAAAAAAAQAAAQ.jpg,A_6aJ8Sa2FS-YAAAAAAAAAAAAAAQAAAQ.jpg,1,317,317
A_oLSJS49B_k4AAAAAAAAAAAAAAQAAAQ.jpg,A_4gn2Q6opsTUAAAAAAAAAAAAAAQAAAQ.jpg,1,317,317
A_oLSJS49B_k4AAAAAAAAAAAAAAQAAAQ.jpg,A_lU5xT7JfAoEAAAAAAAAAAAAAAQAAAQ.jpg,1,317,317
A_KBNRRqQe8vsAAAAAAAAAAAAAAQAAAQ.jpg,A_4rjUSryl48IAAAAAAAAAAAAAAQAAAQ.jpg,1,317,317
A_KBNRRqQe8vsAAAAAAAAAAAAAAQAAAQ.jpg,A_6aJ8Sa2FS-YAAAAAAAAAAAAAAQAAAQ.jpg,1,317,317
A_KBNRRqQe8vsAAAAAAAAAAAAAAQAAAQ.jpg,A_4gn2Q6opsTUAAAAAAAAAAAAAAQAAAQ.jpg,1,317,317
A_KBNRRqQe8vsAAAAAAAAAAAAAAQAAAQ.jpg,A_lU5xT7JfAoEAAAAAAAAAAAAAAQAAAQ.jpg,1,317,317
A_4rjUSryl48IAAAAAAAAAAAAAAQAAAQ.jpg,A_6aJ8Sa2FS-YAAAAAAAAAAAAAAQAAAQ.jpg,1,317,317
A_4rjUSryl48IAAAAAAAAAAAAAAQAAAQ.jpg,A_4gn2Q6opsTUAAAAAAAAAAAAAAQAAAQ.jpg,1,317,317
A_4rjUSryl48IAAAAAAAAAAAAAAQAAAQ.jpg,A_lU5xT7JfAoEAAAAAAAAAAAAAAQAAAQ.jpg,1,317,317
A_6aJ8Sa2FS-YAAAAAAAAAAAAAAQAAAQ.jpg,A_4gn2Q6opsTUAAAAAAAAAAAAAAQAAAQ.jpg,1,317,317
A_6aJ8Sa2FS-YAAAAAAAAAAAAAAQAAAQ.jpg,A_lU5xT7JfAoEAAAAAAAAAAAAAAQAAAQ.jpg,1,317,317
A_4gn2Q6opsTUAAAAAAAAAAAAAAQAAAQ.jpg,A_lU5xT7JfAoEAAAAAAAAAAAAAAQAAAQ.jpg,1,317,317
A_FYeLRIlqv1sAAAAAAAAAAAAAAQAAAQ.jpg,A_pUauTrONA4lSN5NPuoRqAAAAAQAAAQ.jpg,1,318,318
A_FYeLRIlqv1sAAAAAAAAAAAAAAQAAAQ.jpg,A_KtVrTIFqvwEAAAAAAAAAAAAAAQAAAQ.jpg,1,318,318
A_FYeLRIlqv1sAAAAAAAAAAAAAAQAAAQ.jpg,A_0d9RQp7aDvQAAAAAAAAAAAAAAQAAAQ.jpg,1,318,318
A_FYeLRIlqv1sAAAAAAAAAAAAAAQAAAQ.jpg,A_QQBWQ5OgNqcAAAAAAAAAAAAAAQAAAQ.jpg,1,318,318
A_FYeLRIlqv1sAAAAAAAAAAAAAAQAAAQ.jpg,A_pUauTrONA4kAAAAAAAAAAAAAAQAAAQ.jpg,1,318,318
A_pUauTrONA4lSN5NPuoRqAAAAAQAAAQ.jpg,A_KtVrTIFqvwEAAAAAAAAAAAAAAQAAAQ.jpg,1,318,318
A_pUauTrONA4lSN5NPuoRqAAAAAQAAAQ.jpg,A_0d9RQp7aDvQAAAAAAAAAAAAAAQAAAQ.jpg,1,318,318
A_pUauTrONA4lSN5NPuoRqAAAAAQAAAQ.jpg,A_QQBWQ5OgNqcAAAAAAAAAAAAAAQAAAQ.jpg,1,318,318
A_pUauTrONA4lSN5NPuoRqAAAAAQAAAQ.jpg,A_pUauTrONA4kAAAAAAAAAAAAAAQAAAQ.jpg,1,318,318
A_KtVrTIFqvwEAAAAAAAAAAAAAAQAAAQ.jpg,A_0d9RQp7aDvQAAAAAAAAAAAAAAQAAAQ.jpg,1,318,318
A_KtVrTIFqvwEAAAAAAAAAAAAAAQAAAQ.jpg,A_QQBWQ5OgNqcAAAAAAAAAAAAAAQAAAQ.jpg,1,318,318
A_KtVrTIFqvwEAAAAAAAAAAAAAAQAAAQ.jpg,A_pUauTrONA4kAAAAAAAAAAAAAAQAAAQ.jpg,1,318,318
A_0d9RQp7aDvQAAAAAAAAAAAAAAQAAAQ.jpg,A_QQBWQ5OgNqcAAAAAAAAAAAAAAQAAAQ.jpg,1,318,318
A_0d9RQp7aDvQAAAAAAAAAAAAAAQAAAQ.jpg,A_pUauTrONA4kAAAAAAAAAAAAAAQAAAQ.jpg,1,318,318
A_QQBWQ5OgNqcAAAAAAAAAAAAAAQAAAQ.jpg,A_pUauTrONA4kAAAAAAAAAAAAAAQAAAQ.jpg,1,318,318
A_pMrhQLroe0IAAAAAAAAAAAAAAQAAAQ.jpg,A_mSuHQqYkujMAAAAAAAAAAAAAAQAAAQ.jpg,1,319,319
A_pMrhQLroe0IAAAAAAAAAAAAAAQAAAQ.jpg,A_3skiQIpmWr0AAAAAAAAAAAAAAQAAAQ.jpg,1,319,319
A_pMrhQLroe0IAAAAAAAAAAAAAAQAAAQ.jpg,A_GtpMTbLtVR4AAAAAAAAAAAAAAQAAAQ.jpg,1,319,319
A_pMrhQLroe0IAAAAAAAAAAAAAAQAAAQ.jpg,A_M4T5Q43L2qAAAAAAAAAAAAAAAQAAAQ.jpg,1,319,319
A_pMrhQLroe0IAAAAAAAAAAAAAAQAAAQ.jpg,A_bLPoRob0He8AAAAAAAAAAAAAAQAAAQ.jpg,1,319,319
A_mSuHQqYkujMAAAAAAAAAAAAAAQAAAQ.jpg,A_3skiQIpmWr0AAAAAAAAAAAAAAQAAAQ.jpg,1,319,319
A_mSuHQqYkujMAAAAAAAAAAAAAAQAAAQ.jpg,A_GtpMTbLtVR4AAAAAAAAAAAAAAQAAAQ.jpg,1,319,319
A_mSuHQqYkujMAAAAAAAAAAAAAAQAAAQ.jpg,A_M4T5Q43L2qAAAAAAAAAAAAAAAQAAAQ.jpg,1,319,319
A_mSuHQqYkujMAAAAAAAAAAAAAAQAAAQ.jpg,A_bLPoRob0He8AAAAAAAAAAAAAAQAAAQ.jpg,1,319,319
A_3skiQIpmWr0AAAAAAAAAAAAAAQAAAQ.jpg,A_GtpMTbLtVR4AAAAAAAAAAAAAAQAAAQ.jpg,1,319,319
A_3skiQIpmWr0AAAAAAAAAAAAAAQAAAQ.jpg,A_M4T5Q43L2qAAAAAAAAAAAAAAAQAAAQ.jpg,1,319,319
A_3skiQIpmWr0AAAAAAAAAAAAAAQAAAQ.jpg,A_bLPoRob0He8AAAAAAAAAAAAAAQAAAQ.jpg,1,319,319
A_GtpMTbLtVR4AAAAAAAAAAAAAAQAAAQ.jpg,A_M4T5Q43L2qAAAAAAAAAAAAAAAQAAAQ.jpg,1,319,319
A_GtpMTbLtVR4AAAAAAAAAAAAAAQAAAQ.jpg,A_bLPoRob0He8AAAAAAAAAAAAAAQAAAQ.jpg,1,319,319
A_M4T5Q43L2qAAAAAAAAAAAAAAAQAAAQ.jpg,A_bLPoRob0He8AAAAAAAAAAAAAAQAAAQ.jpg,1,319,319
A_ePq8Ras0owIAAAAAAAAAAAAAAQAAAQ.jpg,A_JDCBRYXWhPEAAAAAAAAAAAAAAQAAAQ.jpg,1,320,320
A_ePq8Ras0owIAAAAAAAAAAAAAAQAAAQ.jpg,A_XJPfQZIMlRoAAAAAAAAAAAAAAQAAAQ.jpg,1,320,320
A_ePq8Ras0owIAAAAAAAAAAAAAAQAAAQ.jpg,A_mHpGR5oYn_kAAAAAAAAAAAAAAQAAAQ.jpg,1,320,320
A_ePq8Ras0owIAAAAAAAAAAAAAAQAAAQ.jpg,A_DcniRp1IRU0AAAAAAAAAAAAAAQAAAQ.jpg,1,320,320
A_ePq8Ras0owIAAAAAAAAAAAAAAQAAAQ.jpg,A_TfOESrI_z3wAAAAAAAAAAAAAAQAAAQ.jpg,1,320,320
A_JDCBRYXWhPEAAAAAAAAAAAAAAQAAAQ.jpg,A_XJPfQZIMlRoAAAAAAAAAAAAAAQAAAQ.jpg,1,320,320
A_JDCBRYXWhPEAAAAAAAAAAAAAAQAAAQ.jpg,A_mHpGR5oYn_kAAAAAAAAAAAAAAQAAAQ.jpg,1,320,320
A_JDCBRYXWhPEAAAAAAAAAAAAAAQAAAQ.jpg,A_DcniRp1IRU0AAAAAAAAAAAAAAQAAAQ.jpg,1,320,320
A_JDCBRYXWhPEAAAAAAAAAAAAAAQAAAQ.jpg,A_TfOESrI_z3wAAAAAAAAAAAAAAQAAAQ.jpg,1,320,320
A_XJPfQZIMlRoAAAAAAAAAAAAAAQAAAQ.jpg,A_mHpGR5oYn_kAAAAAAAAAAAAAAQAAAQ.jpg,1,320,320
A_XJPfQZIMlRoAAAAAAAAAAAAAAQAAAQ.jpg,A_DcniRp1IRU0AAAAAAAAAAAAAAQAAAQ.jpg,1,320,320
A_XJPfQZIMlRoAAAAAAAAAAAAAAQAAAQ.jpg,A_TfOESrI_z3wAAAAAAAAAAAAAAQAAAQ.jpg,1,320,320
A_mHpGR5oYn_kAAAAAAAAAAAAAAQAAAQ.jpg,A_DcniRp1IRU0AAAAAAAAAAAAAAQAAAQ.jpg,1,320,320
A_mHpGR5oYn_kAAAAAAAAAAAAAAQAAAQ.jpg,A_TfOESrI_z3wAAAAAAAAAAAAAAQAAAQ.jpg,1,320,320
A_DcniRp1IRU0AAAAAAAAAAAAAAQAAAQ.jpg,A_TfOESrI_z3wAAAAAAAAAAAAAAQAAAQ.jpg,1,320,320
QdzTTlrGTCCQ1F9xM9w-rwAAACMAARED.jpg,PWdM972oTLS4wJJ319jekgAAACMAARED.jpg,1,321,321
QdzTTlrGTCCQ1F9xM9w-rwAAACMAARED.jpg,6g8v5a03RwKTmcG_80RgNwAAACMAARED.jpg,1,321,321
QdzTTlrGTCCQ1F9xM9w-rwAAACMAARED.jpg,K36qV-IBRmOVon1zVvZi5gAAACMAARAD.jpg,1,321,321
QdzTTlrGTCCQ1F9xM9w-rwAAACMAARED.jpg,T9sfxIkpSdiBNdMd91kAeAAAACMAARAD.jpg,1,321,321
QdzTTlrGTCCQ1F9xM9w-rwAAACMAARED.jpg,6FeS5IF9S-6wW1rE2DkkNgAAACMAARAD.jpg,1,321,321
PWdM972oTLS4wJJ319jekgAAACMAARED.jpg,6g8v5a03RwKTmcG_80RgNwAAACMAARED.jpg,1,321,321
PWdM972oTLS4wJJ319jekgAAACMAARED.jpg,K36qV-IBRmOVon1zVvZi5gAAACMAARAD.jpg,1,321,321
PWdM972oTLS4wJJ319jekgAAACMAARED.jpg,T9sfxIkpSdiBNdMd91kAeAAAACMAARAD.jpg,1,321,321
PWdM972oTLS4wJJ319jekgAAACMAARED.jpg,6FeS5IF9S-6wW1rE2DkkNgAAACMAARAD.jpg,1,321,321
6g8v5a03RwKTmcG_80RgNwAAACMAARED.jpg,K36qV-IBRmOVon1zVvZi5gAAACMAARAD.jpg,1,321,321
6g8v5a03RwKTmcG_80RgNwAAACMAARED.jpg,T9sfxIkpSdiBNdMd91kAeAAAACMAARAD.jpg,1,321,321
6g8v5a03RwKTmcG_80RgNwAAACMAARED.jpg,6FeS5IF9S-6wW1rE2DkkNgAAACMAARAD.jpg,1,321,321
K36qV-IBRmOVon1zVvZi5gAAACMAARAD.jpg,T9sfxIkpSdiBNdMd91kAeAAAACMAARAD.jpg,1,321,321
K36qV-IBRmOVon1zVvZi5gAAACMAARAD.jpg,6FeS5IF9S-6wW1rE2DkkNgAAACMAARAD.jpg,1,321,321
T9sfxIkpSdiBNdMd91kAeAAAACMAARAD.jpg,6FeS5IF9S-6wW1rE2DkkNgAAACMAARAD.jpg,1,321,321
A_VsLNT7sWz3wAAAAAAAAAAAAAAQAAAQ.jpg,A_b1QxQpUO7yYAAAAAAAAAAAAAAQAAAQ.jpg,1,322,322
A_VsLNT7sWz3wAAAAAAAAAAAAAAQAAAQ.jpg,A_CUlQSpIInD0AAAAAAAAAAAAAAQAAAQ.jpg,1,322,322
A_VsLNT7sWz3wAAAAAAAAAAAAAAQAAAQ.jpg,A_ffGlTZG85-QAAAAAAAAAAAAAAQAAAQ.jpg,1,322,322
A_VsLNT7sWz3wAAAAAAAAAAAAAAQAAAQ.jpg,A_-MVkTKb4CY0AAAAAAAAAAAAAAQAAAQ.jpg,1,322,322
A_VsLNT7sWz3wAAAAAAAAAAAAAAQAAAQ.jpg,A_8g2uSoogj9AAAAAAAAAAAAAAAQAAAQ.jpg,1,322,322
A_b1QxQpUO7yYAAAAAAAAAAAAAAQAAAQ.jpg,A_CUlQSpIInD0AAAAAAAAAAAAAAQAAAQ.jpg,1,322,322
A_b1QxQpUO7yYAAAAAAAAAAAAAAQAAAQ.jpg,A_ffGlTZG85-QAAAAAAAAAAAAAAQAAAQ.jpg,1,322,322
A_b1QxQpUO7yYAAAAAAAAAAAAAAQAAAQ.jpg,A_-MVkTKb4CY0AAAAAAAAAAAAAAQAAAQ.jpg,1,322,322
A_b1QxQpUO7yYAAAAAAAAAAAAAAQAAAQ.jpg,A_8g2uSoogj9AAAAAAAAAAAAAAAQAAAQ.jpg,1,322,322
A_CUlQSpIInD0AAAAAAAAAAAAAAQAAAQ.jpg,A_ffGlTZG85-QAAAAAAAAAAAAAAQAAAQ.jpg,1,322,322
A_CUlQSpIInD0AAAAAAAAAAAAAAQAAAQ.jpg,A_-MVkTKb4CY0AAAAAAAAAAAAAAQAAAQ.jpg,1,322,322
A_CUlQSpIInD0AAAAAAAAAAAAAAQAAAQ.jpg,A_8g2uSoogj9AAAAAAAAAAAAAAAQAAAQ.jpg,1,322,322
A_ffGlTZG85-QAAAAAAAAAAAAAAQAAAQ.jpg,A_-MVkTKb4CY0AAAAAAAAAAAAAAQAAAQ.jpg,1,322,322
A_ffGlTZG85-QAAAAAAAAAAAAAAQAAAQ.jpg,A_8g2uSoogj9AAAAAAAAAAAAAAAQAAAQ.jpg,1,322,322
A_-MVkTKb4CY0AAAAAAAAAAAAAAQAAAQ.jpg,A_8g2uSoogj9AAAAAAAAAAAAAAAQAAAQ.jpg,1,322,322
lk6TjulLSlK2EtPG2bOT1wAAACMAARAD.jpg,pJMeyxnvRPOCrS-s9zDN6AAAACMAARAD.jpg,1,323,323
lk6TjulLSlK2EtPG2bOT1wAAACMAARAD.jpg,eub05Tg8Ri20vTxIGswtRwAAACMAARAD.jpg,1,323,323
lk6TjulLSlK2EtPG2bOT1wAAACMAARAD.jpg,i_qZgpvUQ6CuKFZzKixaaQAAACMAARAD.jpg,1,323,323
lk6TjulLSlK2EtPG2bOT1wAAACMAARAD.jpg,9OMvA3NtSGCRN6ymcLH-cAAAACMAARAD.jpg,1,323,323
lk6TjulLSlK2EtPG2bOT1wAAACMAARAD.jpg,M00cOfTlQD-7SbSDoVEZiwAAACMAARAD.jpg,1,323,323
pJMeyxnvRPOCrS-s9zDN6AAAACMAARAD.jpg,eub05Tg8Ri20vTxIGswtRwAAACMAARAD.jpg,1,323,323
pJMeyxnvRPOCrS-s9zDN6AAAACMAARAD.jpg,i_qZgpvUQ6CuKFZzKixaaQAAACMAARAD.jpg,1,323,323
pJMeyxnvRPOCrS-s9zDN6AAAACMAARAD.jpg,9OMvA3NtSGCRN6ymcLH-cAAAACMAARAD.jpg,1,323,323
pJMeyxnvRPOCrS-s9zDN6AAAACMAARAD.jpg,M00cOfTlQD-7SbSDoVEZiwAAACMAARAD.jpg,1,323,323
eub05Tg8Ri20vTxIGswtRwAAACMAARAD.jpg,i_qZgpvUQ6CuKFZzKixaaQAAACMAARAD.jpg,1,323,323
eub05Tg8Ri20vTxIGswtRwAAACMAARAD.jpg,9OMvA3NtSGCRN6ymcLH-cAAAACMAARAD.jpg,1,323,323
eub05Tg8Ri20vTxIGswtRwAAACMAARAD.jpg,M00cOfTlQD-7SbSDoVEZiwAAACMAARAD.jpg,1,323,323
i_qZgpvUQ6CuKFZzKixaaQAAACMAARAD.jpg,9OMvA3NtSGCRN6ymcLH-cAAAACMAARAD.jpg,1,323,323
i_qZgpvUQ6CuKFZzKixaaQAAACMAARAD.jpg,M00cOfTlQD-7SbSDoVEZiwAAACMAARAD.jpg,1,323,323
9OMvA3NtSGCRN6ymcLH-cAAAACMAARAD.jpg,M00cOfTlQD-7SbSDoVEZiwAAACMAARAD.jpg,1,323,323
A_GBRjRJz7PoIAAAAAAAAAAAAAAQAAAQ.jpg,A_s_pGQJkJX7cAAAAAAAAAAAAAAQAAAQ.jpg,1,324,324
A_GBRjRJz7PoIAAAAAAAAAAAAAAQAAAQ.jpg,A_3bzNSLXJbYOwMn1EhM5NdAAAAQAAAQ.jpg,1,324,324
A_GBRjRJz7PoIAAAAAAAAAAAAAAQAAAQ.jpg,A_Y3QbRJDhWOYAAAAAAAAAAAAAAQAAAQ.jpg,1,324,324
A_GBRjRJz7PoIAAAAAAAAAAAAAAQAAAQ.jpg,A_3bzNSLXJbYMAAAAAAAAAAAAAAQAAAQ.jpg,1,324,324
A_GBRjRJz7PoIAAAAAAAAAAAAAAQAAAQ.jpg,A_t7pjSY5KeJwAAAAAAAAAAAAAAQAAAQ.jpg,1,324,324
A_s_pGQJkJX7cAAAAAAAAAAAAAAQAAAQ.jpg,A_3bzNSLXJbYOwMn1EhM5NdAAAAQAAAQ.jpg,1,324,324
A_s_pGQJkJX7cAAAAAAAAAAAAAAQAAAQ.jpg,A_Y3QbRJDhWOYAAAAAAAAAAAAAAQAAAQ.jpg,1,324,324
A_s_pGQJkJX7cAAAAAAAAAAAAAAQAAAQ.jpg,A_3bzNSLXJbYMAAAAAAAAAAAAAAQAAAQ.jpg,1,324,324
A_s_pGQJkJX7cAAAAAAAAAAAAAAQAAAQ.jpg,A_t7pjSY5KeJwAAAAAAAAAAAAAAQAAAQ.jpg,1,324,324
A_3bzNSLXJbYOwMn1EhM5NdAAAAQAAAQ.jpg,A_Y3QbRJDhWOYAAAAAAAAAAAAAAQAAAQ.jpg,1,324,324
A_3bzNSLXJbYOwMn1EhM5NdAAAAQAAAQ.jpg,A_3bzNSLXJbYMAAAAAAAAAAAAAAQAAAQ.jpg,1,324,324
A_3bzNSLXJbYOwMn1EhM5NdAAAAQAAAQ.jpg,A_t7pjSY5KeJwAAAAAAAAAAAAAAQAAAQ.jpg,1,324,324
A_Y3QbRJDhWOYAAAAAAAAAAAAAAQAAAQ.jpg,A_3bzNSLXJbYMAAAAAAAAAAAAAAQAAAQ.jpg,1,324,324
A_Y3QbRJDhWOYAAAAAAAAAAAAAAQAAAQ.jpg,A_t7pjSY5KeJwAAAAAAAAAAAAAAQAAAQ.jpg,1,324,324
A_3bzNSLXJbYMAAAAAAAAAAAAAAQAAAQ.jpg,A_t7pjSY5KeJwAAAAAAAAAAAAAAQAAAQ.jpg,1,324,324
A_Zo3FTaoKRGMAAAAAAAAAAAAAAQAAAQ.jpg,A_TLSkT501MYQAAAAAAAAAAAAAAQAAAQ.jpg,1,325,325
A_Zo3FTaoKRGMAAAAAAAAAAAAAAQAAAQ.jpg,A_Rx6HR586O4sAAAAAAAAAAAAAAQAAAQ.jpg,1,325,325
A_Zo3FTaoKRGMAAAAAAAAAAAAAAQAAAQ.jpg,A_XTPLTJ9RiO4AAAAAAAAAAAAAAQAAAQ.jpg,1,325,325
A_Zo3FTaoKRGMAAAAAAAAAAAAAAQAAAQ.jpg,A_UGJ9TY8666oAAAAAAAAAAAAAAQAAAQ.jpg,1,325,325
A_Zo3FTaoKRGMAAAAAAAAAAAAAAQAAAQ.jpg,A_FWz-SLCNxIMAAAAAAAAAAAAAAQAAAQ.jpg,1,325,325
A_TLSkT501MYQAAAAAAAAAAAAAAQAAAQ.jpg,A_Rx6HR586O4sAAAAAAAAAAAAAAQAAAQ.jpg,1,325,325
A_TLSkT501MYQAAAAAAAAAAAAAAQAAAQ.jpg,A_XTPLTJ9RiO4AAAAAAAAAAAAAAQAAAQ.jpg,1,325,325
A_TLSkT501MYQAAAAAAAAAAAAAAQAAAQ.jpg,A_UGJ9TY8666oAAAAAAAAAAAAAAQAAAQ.jpg,1,325,325
A_TLSkT501MYQAAAAAAAAAAAAAAQAAAQ.jpg,A_FWz-SLCNxIMAAAAAAAAAAAAAAQAAAQ.jpg,1,325,325
A_Rx6HR586O4sAAAAAAAAAAAAAAQAAAQ.jpg,A_XTPLTJ9RiO4AAAAAAAAAAAAAAQAAAQ.jpg,1,325,325
A_Rx6HR586O4sAAAAAAAAAAAAAAQAAAQ.jpg,A_UGJ9TY8666oAAAAAAAAAAAAAAQAAAQ.jpg,1,325,325
A_Rx6HR586O4sAAAAAAAAAAAAAAQAAAQ.jpg,A_FWz-SLCNxIMAAAAAAAAAAAAAAQAAAQ.jpg,1,325,325
A_XTPLTJ9RiO4AAAAAAAAAAAAAAQAAAQ.jpg,A_UGJ9TY8666oAAAAAAAAAAAAAAQAAAQ.jpg,1,325,325
A_XTPLTJ9RiO4AAAAAAAAAAAAAAQAAAQ.jpg,A_FWz-SLCNxIMAAAAAAAAAAAAAAQAAAQ.jpg,1,325,325
A_UGJ9TY8666oAAAAAAAAAAAAAAQAAAQ.jpg,A_FWz-SLCNxIMAAAAAAAAAAAAAAQAAAQ.jpg,1,325,325
A_hdpuRLEj1idQCwdMtulO4QAAAQAAAQ.jpg,A_QzE_Q4Jhu9wAAAAAAAAAAAAAAQAAAQ.jpg,1,326,326
A_hdpuRLEj1idQCwdMtulO4QAAAQAAAQ.jpg,A_hdpuRLEj1icAAAAAAAAAAAAAAQAAAQ.jpg,1,326,326
A_hdpuRLEj1idQCwdMtulO4QAAAQAAAQ.jpg,A_82BHQ5VJpoQAAAAAAAAAAAAAAQAAAQ.jpg,1,326,326
A_hdpuRLEj1idQCwdMtulO4QAAAQAAAQ.jpg,A_hdpuRLEj1id2OI1JoO1-QAAAAQAAAQ.jpg,1,326,326
A_hdpuRLEj1idQCwdMtulO4QAAAQAAAQ.jpg,A_vLt5Tr-DehsAAAAAAAAAAAAAAQAAAQ.jpg,1,326,326
A_QzE_Q4Jhu9wAAAAAAAAAAAAAAQAAAQ.jpg,A_hdpuRLEj1icAAAAAAAAAAAAAAQAAAQ.jpg,1,326,326
A_QzE_Q4Jhu9wAAAAAAAAAAAAAAQAAAQ.jpg,A_82BHQ5VJpoQAAAAAAAAAAAAAAQAAAQ.jpg,1,326,326
A_QzE_Q4Jhu9wAAAAAAAAAAAAAAQAAAQ.jpg,A_hdpuRLEj1id2OI1JoO1-QAAAAQAAAQ.jpg,1,326,326
A_QzE_Q4Jhu9wAAAAAAAAAAAAAAQAAAQ.jpg,A_vLt5Tr-DehsAAAAAAAAAAAAAAQAAAQ.jpg,1,326,326
A_hdpuRLEj1icAAAAAAAAAAAAAAQAAAQ.jpg,A_82BHQ5VJpoQAAAAAAAAAAAAAAQAAAQ.jpg,1,326,326
A_hdpuRLEj1icAAAAAAAAAAAAAAQAAAQ.jpg,A_hdpuRLEj1id2OI1JoO1-QAAAAQAAAQ.jpg,1,326,326
A_hdpuRLEj1icAAAAAAAAAAAAAAQAAAQ.jpg,A_vLt5Tr-DehsAAAAAAAAAAAAAAQAAAQ.jpg,1,326,326
A_82BHQ5VJpoQAAAAAAAAAAAAAAQAAAQ.jpg,A_hdpuRLEj1id2OI1JoO1-QAAAAQAAAQ.jpg,1,326,326
A_82BHQ5VJpoQAAAAAAAAAAAAAAQAAAQ.jpg,A_vLt5Tr-DehsAAAAAAAAAAAAAAQAAAQ.jpg,1,326,326
A_hdpuRLEj1id2OI1JoO1-QAAAAQAAAQ.jpg,A_vLt5Tr-DehsAAAAAAAAAAAAAAQAAAQ.jpg,1,326,326
oAlUaNt0SoOd1pDlZebq6QAAACMAARAD.jpg,46wgkuZZT6eVVCnVPQgrpgAAACMAARAD.jpg,1,327,327
oAlUaNt0SoOd1pDlZebq6QAAACMAARAD.jpg,i9DxLNTFRVa_ErPFgVJ3uAAAACMAARAD.jpg,1,327,327
oAlUaNt0SoOd1pDlZebq6QAAACMAARAD.jpg,xEkROLFrT8eZz88qyGMUDgAAACMAARAD.jpg,1,327,327
oAlUaNt0SoOd1pDlZebq6QAAACMAARAD.jpg,w3FwASvhSDy_zI6aKPh33gAAACMAARAD.jpg,1,327,327
oAlUaNt0SoOd1pDlZebq6QAAACMAARAD.jpg,elFmGazMSCiTA9cBKwcuMwAAACMAARAD.jpg,1,327,327
46wgkuZZT6eVVCnVPQgrpgAAACMAARAD.jpg,i9DxLNTFRVa_ErPFgVJ3uAAAACMAARAD.jpg,1,327,327
46wgkuZZT6eVVCnVPQgrpgAAACMAARAD.jpg,xEkROLFrT8eZz88qyGMUDgAAACMAARAD.jpg,1,327,327
46wgkuZZT6eVVCnVPQgrpgAAACMAARAD.jpg,w3FwASvhSDy_zI6aKPh33gAAACMAARAD.jpg,1,327,327
46wgkuZZT6eVVCnVPQgrpgAAACMAARAD.jpg,elFmGazMSCiTA9cBKwcuMwAAACMAARAD.jpg,1,327,327
i9DxLNTFRVa_ErPFgVJ3uAAAACMAARAD.jpg,xEkROLFrT8eZz88qyGMUDgAAACMAARAD.jpg,1,327,327
i9DxLNTFRVa_ErPFgVJ3uAAAACMAARAD.jpg,w3FwASvhSDy_zI6aKPh33gAAACMAARAD.jpg,1,327,327
i9DxLNTFRVa_ErPFgVJ3uAAAACMAARAD.jpg,elFmGazMSCiTA9cBKwcuMwAAACMAARAD.jpg,1,327,327
xEkROLFrT8eZz88qyGMUDgAAACMAARAD.jpg,w3FwASvhSDy_zI6aKPh33gAAACMAARAD.jpg,1,327,327
xEkROLFrT8eZz88qyGMUDgAAACMAARAD.jpg,elFmGazMSCiTA9cBKwcuMwAAACMAARAD.jpg,1,327,327
w3FwASvhSDy_zI6aKPh33gAAACMAARAD.jpg,elFmGazMSCiTA9cBKwcuMwAAACMAARAD.jpg,1,327,327
A_8TLTSrYPUTUAAAAAAAAAAAAAAQAAAQ.jpg,A_6h2TSpG2xLAAAAAAAAAAAAAAAQAAAQ.jpg,1,328,328
A_8TLTSrYPUTUAAAAAAAAAAAAAAQAAAQ.jpg,A_DLk9QaFF3W0AAAAAAAAAAAAAAQAAAQ.jpg,1,328,328
A_8TLTSrYPUTUAAAAAAAAAAAAAAQAAAQ.jpg,A_k02wRqflDJcAAAAAAAAAAAAAAQAAAQ.jpg,1,328,328
A_8TLTSrYPUTUAAAAAAAAAAAAAAQAAAQ.jpg,A_h3xWQb_tMC0AAAAAAAAAAAAAAQAAAQ.jpg,1,328,328
A_8TLTSrYPUTUAAAAAAAAAAAAAAQAAAQ.jpg,A_iTDeS5OoNC4AAAAAAAAAAAAAAQAAAQ.jpg,1,328,328
A_6h2TSpG2xLAAAAAAAAAAAAAAAQAAAQ.jpg,A_DLk9QaFF3W0AAAAAAAAAAAAAAQAAAQ.jpg,1,328,328
A_6h2TSpG2xLAAAAAAAAAAAAAAAQAAAQ.jpg,A_k02wRqflDJcAAAAAAAAAAAAAAQAAAQ.jpg,1,328,328
A_6h2TSpG2xLAAAAAAAAAAAAAAAQAAAQ.jpg,A_h3xWQb_tMC0AAAAAAAAAAAAAAQAAAQ.jpg,1,328,328
A_6h2TSpG2xLAAAAAAAAAAAAAAAQAAAQ.jpg,A_iTDeS5OoNC4AAAAAAAAAAAAAAQAAAQ.jpg,1,328,328
A_DLk9QaFF3W0AAAAAAAAAAAAAAQAAAQ.jpg,A_k02wRqflDJcAAAAAAAAAAAAAAQAAAQ.jpg,1,328,328
A_DLk9QaFF3W0AAAAAAAAAAAAAAQAAAQ.jpg,A_h3xWQb_tMC0AAAAAAAAAAAAAAQAAAQ.jpg,1,328,328
A_DLk9QaFF3W0AAAAAAAAAAAAAAQAAAQ.jpg,A_iTDeS5OoNC4AAAAAAAAAAAAAAQAAAQ.jpg,1,328,328
A_k02wRqflDJcAAAAAAAAAAAAAAQAAAQ.jpg,A_h3xWQb_tMC0AAAAAAAAAAAAAAQAAAQ.jpg,1,328,328
A_k02wRqflDJcAAAAAAAAAAAAAAQAAAQ.jpg,A_iTDeS5OoNC4AAAAAAAAAAAAAAQAAAQ.jpg,1,328,328
A_h3xWQb_tMC0AAAAAAAAAAAAAAQAAAQ.jpg,A_iTDeS5OoNC4AAAAAAAAAAAAAAQAAAQ.jpg,1,328,328
A_WcuHSKIfpFcAAAAAAAAAAAAAAQAAAQ.jpg,A_y6cGQZTV6wkAAAAAAAAAAAAAAQAAAQ.jpg,1,329,329
A_WcuHSKIfpFcAAAAAAAAAAAAAAQAAAQ.jpg,A_2oJSS7TmnnsAAAAAAAAAAAAAAQAAAQ.jpg,1,329,329
A_WcuHSKIfpFcAAAAAAAAAAAAAAQAAAQ.jpg,A_I4uaQKtPPhAAAAAAAAAAAAAAAQAAAQ.jpg,1,329,329
A_WcuHSKIfpFcAAAAAAAAAAAAAAQAAAQ.jpg,A_hV6oRqWGM8sAAAAAAAAAAAAAAQAAAQ.jpg,1,329,329
A_WcuHSKIfpFcAAAAAAAAAAAAAAQAAAQ.jpg,A_24StS7TQoCsAAAAAAAAAAAAAAQAAAQ.jpg,1,329,329
A_y6cGQZTV6wkAAAAAAAAAAAAAAQAAAQ.jpg,A_2oJSS7TmnnsAAAAAAAAAAAAAAQAAAQ.jpg,1,329,329
A_y6cGQZTV6wkAAAAAAAAAAAAAAQAAAQ.jpg,A_I4uaQKtPPhAAAAAAAAAAAAAAAQAAAQ.jpg,1,329,329
A_y6cGQZTV6wkAAAAAAAAAAAAAAQAAAQ.jpg,A_hV6oRqWGM8sAAAAAAAAAAAAAAQAAAQ.jpg,1,329,329
A_y6cGQZTV6wkAAAAAAAAAAAAAAQAAAQ.jpg,A_24StS7TQoCsAAAAAAAAAAAAAAQAAAQ.jpg,1,329,329
A_2oJSS7TmnnsAAAAAAAAAAAAAAQAAAQ.jpg,A_I4uaQKtPPhAAAAAAAAAAAAAAAQAAAQ.jpg,1,329,329
A_2oJSS7TmnnsAAAAAAAAAAAAAAQAAAQ.jpg,A_hV6oRqWGM8sAAAAAAAAAAAAAAQAAAQ.jpg,1,329,329
A_2oJSS7TmnnsAAAAAAAAAAAAAAQAAAQ.jpg,A_24StS7TQoCsAAAAAAAAAAAAAAQAAAQ.jpg,1,329,329
A_I4uaQKtPPhAAAAAAAAAAAAAAAQAAAQ.jpg,A_hV6oRqWGM8sAAAAAAAAAAAAAAQAAAQ.jpg,1,329,329
A_I4uaQKtPPhAAAAAAAAAAAAAAAQAAAQ.jpg,A_24StS7TQoCsAAAAAAAAAAAAAAQAAAQ.jpg,1,329,329
A_hV6oRqWGM8sAAAAAAAAAAAAAAQAAAQ.jpg,A_24StS7TQoCsAAAAAAAAAAAAAAQAAAQ.jpg,1,329,329
A_HRkFRZKRfK4AAAAAAAAAAAAAAQAAAQ.jpg,A_m7-sRo3H-HgAAAAAAAAAAAAAAQAAAQ.jpg,1,330,330
A_HRkFRZKRfK4AAAAAAAAAAAAAAQAAAQ.jpg,A_ytKZR43YYx0AAAAAAAAAAAAAAQAAAQ.jpg,1,330,330
A_HRkFRZKRfK4AAAAAAAAAAAAAAQAAAQ.jpg,A_6anUTaPKAZ0AAAAAAAAAAAAAAQAAAQ.jpg,1,330,330
A_HRkFRZKRfK4AAAAAAAAAAAAAAQAAAQ.jpg,A__EmvQZaIrk0AAAAAAAAAAAAAAQAAAQ.jpg,1,330,330
A_HRkFRZKRfK4AAAAAAAAAAAAAAQAAAQ.jpg,A_3C7oQa_cOiMAAAAAAAAAAAAAAQAAAQ.jpg,1,330,330
A_m7-sRo3H-HgAAAAAAAAAAAAAAQAAAQ.jpg,A_ytKZR43YYx0AAAAAAAAAAAAAAQAAAQ.jpg,1,330,330
A_m7-sRo3H-HgAAAAAAAAAAAAAAQAAAQ.jpg,A_6anUTaPKAZ0AAAAAAAAAAAAAAQAAAQ.jpg,1,330,330
A_m7-sRo3H-HgAAAAAAAAAAAAAAQAAAQ.jpg,A__EmvQZaIrk0AAAAAAAAAAAAAAQAAAQ.jpg,1,330,330
A_m7-sRo3H-HgAAAAAAAAAAAAAAQAAAQ.jpg,A_3C7oQa_cOiMAAAAAAAAAAAAAAQAAAQ.jpg,1,330,330
A_ytKZR43YYx0AAAAAAAAAAAAAAQAAAQ.jpg,A_6anUTaPKAZ0AAAAAAAAAAAAAAQAAAQ.jpg,1,330,330
A_ytKZR43YYx0AAAAAAAAAAAAAAQAAAQ.jpg,A__EmvQZaIrk0AAAAAAAAAAAAAAQAAAQ.jpg,1,330,330
A_ytKZR43YYx0AAAAAAAAAAAAAAQAAAQ.jpg,A_3C7oQa_cOiMAAAAAAAAAAAAAAQAAAQ.jpg,1,330,330
A_6anUTaPKAZ0AAAAAAAAAAAAAAQAAAQ.jpg,A__EmvQZaIrk0AAAAAAAAAAAAAAQAAAQ.jpg,1,330,330
A_6anUTaPKAZ0AAAAAAAAAAAAAAQAAAQ.jpg,A_3C7oQa_cOiMAAAAAAAAAAAAAAQAAAQ.jpg,1,330,330
A__EmvQZaIrk0AAAAAAAAAAAAAAQAAAQ.jpg,A_3C7oQa_cOiMAAAAAAAAAAAAAAQAAAQ.jpg,1,330,330
A_hYZoTq_XxmAAAAAAAAAAAAAAAQAAAQ.jpg,A_B17tQL9G7GBxlR5AvcHBegAAAQAAAQ.jpg,1,331,331
A_hYZoTq_XxmAAAAAAAAAAAAAAAQAAAQ.jpg,A_3S3LTZgdkc8AAAAAAAAAAAAAAQAAAQ.jpg,1,331,331
A_hYZoTq_XxmAAAAAAAAAAAAAAAQAAAQ.jpg,A_3S3LTZgdkc9UCstAt954pwAAAQAAAQ.jpg,1,331,331
A_hYZoTq_XxmAAAAAAAAAAAAAAAQAAAQ.jpg,A_B17tQL9G7GAAAAAAAAAAAAAAAQAAAQ.jpg,1,331,331
A_hYZoTq_XxmAAAAAAAAAAAAAAAQAAAQ.jpg,A_M6uVTLJ2EukAAAAAAAAAAAAAAQAAAQ.jpg,1,331,331
A_B17tQL9G7GBxlR5AvcHBegAAAQAAAQ.jpg,A_3S3LTZgdkc8AAAAAAAAAAAAAAQAAAQ.jpg,1,331,331
A_B17tQL9G7GBxlR5AvcHBegAAAQAAAQ.jpg,A_3S3LTZgdkc9UCstAt954pwAAAQAAAQ.jpg,1,331,331
A_B17tQL9G7GBxlR5AvcHBegAAAQAAAQ.jpg,A_B17tQL9G7GAAAAAAAAAAAAAAAQAAAQ.jpg,1,331,331
A_B17tQL9G7GBxlR5AvcHBegAAAQAAAQ.jpg,A_M6uVTLJ2EukAAAAAAAAAAAAAAQAAAQ.jpg,1,331,331
A_3S3LTZgdkc8AAAAAAAAAAAAAAQAAAQ.jpg,A_3S3LTZgdkc9UCstAt954pwAAAQAAAQ.jpg,1,331,331
A_3S3LTZgdkc8AAAAAAAAAAAAAAQAAAQ.jpg,A_B17tQL9G7GAAAAAAAAAAAAAAAQAAAQ.jpg,1,331,331
A_3S3LTZgdkc8AAAAAAAAAAAAAAQAAAQ.jpg,A_M6uVTLJ2EukAAAAAAAAAAAAAAQAAAQ.jpg,1,331,331
A_3S3LTZgdkc9UCstAt954pwAAAQAAAQ.jpg,A_B17tQL9G7GAAAAAAAAAAAAAAAQAAAQ.jpg,1,331,331
A_3S3LTZgdkc9UCstAt954pwAAAQAAAQ.jpg,A_M6uVTLJ2EukAAAAAAAAAAAAAAQAAAQ.jpg,1,331,331
A_B17tQL9G7GAAAAAAAAAAAAAAAQAAAQ.jpg,A_M6uVTLJ2EukAAAAAAAAAAAAAAQAAAQ.jpg,1,331,331
A_jReTTbRAdgMAAAAAAAAAAAAAAQAAAQ.jpg,A_0xRaQ4mC4A0AAAAAAAAAAAAAAQAAAQ.jpg,1,332,332
A_jReTTbRAdgMAAAAAAAAAAAAAAQAAAQ.jpg,A_BM-IS64L6owAAAAAAAAAAAAAAQAAAQ.jpg,1,332,332
A_jReTTbRAdgMAAAAAAAAAAAAAAQAAAQ.jpg,A__cl2QLO2llEAAAAAAAAAAAAAAQAAAQ.jpg,1,332,332
A_jReTTbRAdgMAAAAAAAAAAAAAAQAAAQ.jpg,A_8qvqS61s-g4AAAAAAAAAAAAAAQAAAQ.jpg,1,332,332
A_jReTTbRAdgMAAAAAAAAAAAAAAQAAAQ.jpg,A_m30KQICzj5QAAAAAAAAAAAAAAQAAAQ.jpg,1,332,332
A_0xRaQ4mC4A0AAAAAAAAAAAAAAQAAAQ.jpg,A_BM-IS64L6owAAAAAAAAAAAAAAQAAAQ.jpg,1,332,332
A_0xRaQ4mC4A0AAAAAAAAAAAAAAQAAAQ.jpg,A__cl2QLO2llEAAAAAAAAAAAAAAQAAAQ.jpg,1,332,332
A_0xRaQ4mC4A0AAAAAAAAAAAAAAQAAAQ.jpg,A_8qvqS61s-g4AAAAAAAAAAAAAAQAAAQ.jpg,1,332,332
A_0xRaQ4mC4A0AAAAAAAAAAAAAAQAAAQ.jpg,A_m30KQICzj5QAAAAAAAAAAAAAAQAAAQ.jpg,1,332,332
A_BM-IS64L6owAAAAAAAAAAAAAAQAAAQ.jpg,A__cl2QLO2llEAAAAAAAAAAAAAAQAAAQ.jpg,1,332,332
A_BM-IS64L6owAAAAAAAAAAAAAAQAAAQ.jpg,A_8qvqS61s-g4AAAAAAAAAAAAAAQAAAQ.jpg,1,332,332
A_BM-IS64L6owAAAAAAAAAAAAAAQAAAQ.jpg,A_m30KQICzj5QAAAAAAAAAAAAAAQAAAQ.jpg,1,332,332
A__cl2QLO2llEAAAAAAAAAAAAAAQAAAQ.jpg,A_8qvqS61s-g4AAAAAAAAAAAAAAQAAAQ.jpg,1,332,332
A__cl2QLO2llEAAAAAAAAAAAAAAQAAAQ.jpg,A_m30KQICzj5QAAAAAAAAAAAAAAQAAAQ.jpg,1,332,332
A_8qvqS61s-g4AAAAAAAAAAAAAAQAAAQ.jpg,A_m30KQICzj5QAAAAAAAAAAAAAAQAAAQ.jpg,1,332,332
A_xTY-S4O2kyYAAAAAAAAAAAAAAQAAAQ.jpg,A_Ysu4QqIqPYkAAAAAAAAAAAAAAQAAAQ.jpg,1,333,333
A_xTY-S4O2kyYAAAAAAAAAAAAAAQAAAQ.jpg,A_MqoKS5Y6Hm8AAAAAAAAAAAAAAQAAAQ.jpg,1,333,333
A_xTY-S4O2kyYAAAAAAAAAAAAAAQAAAQ.jpg,A_lPjNSaZ7r9wAAAAAAAAAAAAAAQAAAQ.jpg,1,333,333
A_xTY-S4O2kyYAAAAAAAAAAAAAAQAAAQ.jpg,A_50hVQpJOh38AAAAAAAAAAAAAAQAAAQ.jpg,1,333,333
A_xTY-S4O2kyYAAAAAAAAAAAAAAQAAAQ.jpg,A_723fTJwuqewAAAAAAAAAAAAAAQAAAQ.jpg,1,333,333
A_Ysu4QqIqPYkAAAAAAAAAAAAAAQAAAQ.jpg,A_MqoKS5Y6Hm8AAAAAAAAAAAAAAQAAAQ.jpg,1,333,333
A_Ysu4QqIqPYkAAAAAAAAAAAAAAQAAAQ.jpg,A_lPjNSaZ7r9wAAAAAAAAAAAAAAQAAAQ.jpg,1,333,333
A_Ysu4QqIqPYkAAAAAAAAAAAAAAQAAAQ.jpg,A_50hVQpJOh38AAAAAAAAAAAAAAQAAAQ.jpg,1,333,333
A_Ysu4QqIqPYkAAAAAAAAAAAAAAQAAAQ.jpg,A_723fTJwuqewAAAAAAAAAAAAAAQAAAQ.jpg,1,333,333
A_MqoKS5Y6Hm8AAAAAAAAAAAAAAQAAAQ.jpg,A_lPjNSaZ7r9wAAAAAAAAAAAAAAQAAAQ.jpg,1,333,333
A_MqoKS5Y6Hm8AAAAAAAAAAAAAAQAAAQ.jpg,A_50hVQpJOh38AAAAAAAAAAAAAAQAAAQ.jpg,1,333,333
A_MqoKS5Y6Hm8AAAAAAAAAAAAAAQAAAQ.jpg,A_723fTJwuqewAAAAAAAAAAAAAAQAAAQ.jpg,1,333,333
A_lPjNSaZ7r9wAAAAAAAAAAAAAAQAAAQ.jpg,A_50hVQpJOh38AAAAAAAAAAAAAAQAAAQ.jpg,1,333,333
A_lPjNSaZ7r9wAAAAAAAAAAAAAAQAAAQ.jpg,A_723fTJwuqewAAAAAAAAAAAAAAQAAAQ.jpg,1,333,333
A_50hVQpJOh38AAAAAAAAAAAAAAQAAAQ.jpg,A_723fTJwuqewAAAAAAAAAAAAAAQAAAQ.jpg,1,333,333
A_fpLuRr0nwKkAAAAAAAAAAAAAAQAAAQ.jpg,A_MPg-Tqt0h4UAAAAAAAAAAAAAAQAAAQ.jpg,1,334,334
A_fpLuRr0nwKkAAAAAAAAAAAAAAQAAAQ.jpg,A_9z7ISKHMk40AAAAAAAAAAAAAAQAAAQ.jpg,1,334,334
A_fpLuRr0nwKkAAAAAAAAAAAAAAQAAAQ.jpg,A_W2IxTrShf0MAAAAAAAAAAAAAAQAAAQ.jpg,1,334,334
A_fpLuRr0nwKkAAAAAAAAAAAAAAQAAAQ.jpg,A_8yHrSI9wXtsAAAAAAAAAAAAAAQAAAQ.jpg,1,334,334
A_fpLuRr0nwKkAAAAAAAAAAAAAAQAAAQ.jpg,A_K3lrQrI1-gIAAAAAAAAAAAAAAQAAAQ.jpg,1,334,334
A_MPg-Tqt0h4UAAAAAAAAAAAAAAQAAAQ.jpg,A_9z7ISKHMk40AAAAAAAAAAAAAAQAAAQ.jpg,1,334,334
A_MPg-Tqt0h4UAAAAAAAAAAAAAAQAAAQ.jpg,A_W2IxTrShf0MAAAAAAAAAAAAAAQAAAQ.jpg,1,334,334
A_MPg-Tqt0h4UAAAAAAAAAAAAAAQAAAQ.jpg,A_8yHrSI9wXtsAAAAAAAAAAAAAAQAAAQ.jpg,1,334,334
A_MPg-Tqt0h4UAAAAAAAAAAAAAAQAAAQ.jpg,A_K3lrQrI1-gIAAAAAAAAAAAAAAQAAAQ.jpg,1,334,334
A_9z7ISKHMk40AAAAAAAAAAAAAAQAAAQ.jpg,A_W2IxTrShf0MAAAAAAAAAAAAAAQAAAQ.jpg,1,334,334
A_9z7ISKHMk40AAAAAAAAAAAAAAQAAAQ.jpg,A_8yHrSI9wXtsAAAAAAAAAAAAAAQAAAQ.jpg,1,334,334
A_9z7ISKHMk40AAAAAAAAAAAAAAQAAAQ.jpg,A_K3lrQrI1-gIAAAAAAAAAAAAAAQAAAQ.jpg,1,334,334
A_W2IxTrShf0MAAAAAAAAAAAAAAQAAAQ.jpg,A_8yHrSI9wXtsAAAAAAAAAAAAAAQAAAQ.jpg,1,334,334
A_W2IxTrShf0MAAAAAAAAAAAAAAQAAAQ.jpg,A_K3lrQrI1-gIAAAAAAAAAAAAAAQAAAQ.jpg,1,334,334
A_8yHrSI9wXtsAAAAAAAAAAAAAAQAAAQ.jpg,A_K3lrQrI1-gIAAAAAAAAAAAAAAQAAAQ.jpg,1,334,334
A_33L3RYDwFfYAAAAAAAAAAAAAAQAAAQ.jpg,A_TFw1RY0S3r8AAAAAAAAAAAAAAQAAAQ.jpg,1,335,335
A_33L3RYDwFfYAAAAAAAAAAAAAAQAAAQ.jpg,A_k02XTah-AqkAAAAAAAAAAAAAAQAAAQ.jpg,1,335,335
A_33L3RYDwFfYAAAAAAAAAAAAAAQAAAQ.jpg,A_WJZqQYuskC4AAAAAAAAAAAAAAQAAAQ.jpg,1,335,335
A_33L3RYDwFfYAAAAAAAAAAAAAAQAAAQ.jpg,A_uzHRSJ5nN_cAAAAAAAAAAAAAAQAAAQ.jpg,1,335,335
A_33L3RYDwFfYAAAAAAAAAAAAAAQAAAQ.jpg,A_PNRuRprSSG4AAAAAAAAAAAAAAQAAAQ.jpg,1,335,335
A_TFw1RY0S3r8AAAAAAAAAAAAAAQAAAQ.jpg,A_k02XTah-AqkAAAAAAAAAAAAAAQAAAQ.jpg,1,335,335
A_TFw1RY0S3r8AAAAAAAAAAAAAAQAAAQ.jpg,A_WJZqQYuskC4AAAAAAAAAAAAAAQAAAQ.jpg,1,335,335
A_TFw1RY0S3r8AAAAAAAAAAAAAAQAAAQ.jpg,A_uzHRSJ5nN_cAAAAAAAAAAAAAAQAAAQ.jpg,1,335,335
A_TFw1RY0S3r8AAAAAAAAAAAAAAQAAAQ.jpg,A_PNRuRprSSG4AAAAAAAAAAAAAAQAAAQ.jpg,1,335,335
A_k02XTah-AqkAAAAAAAAAAAAAAQAAAQ.jpg,A_WJZqQYuskC4AAAAAAAAAAAAAAQAAAQ.jpg,1,335,335
A_k02XTah-AqkAAAAAAAAAAAAAAQAAAQ.jpg,A_uzHRSJ5nN_cAAAAAAAAAAAAAAQAAAQ.jpg,1,335,335
A_k02XTah-AqkAAAAAAAAAAAAAAQAAAQ.jpg,A_PNRuRprSSG4AAAAAAAAAAAAAAQAAAQ.jpg,1,335,335
A_WJZqQYuskC4AAAAAAAAAAAAAAQAAAQ.jpg,A_uzHRSJ5nN_cAAAAAAAAAAAAAAQAAAQ.jpg,1,335,335
A_WJZqQYuskC4AAAAAAAAAAAAAAQAAAQ.jpg,A_PNRuRprSSG4AAAAAAAAAAAAAAQAAAQ.jpg,1,335,335
A_uzHRSJ5nN_cAAAAAAAAAAAAAAQAAAQ.jpg,A_PNRuRprSSG4AAAAAAAAAAAAAAQAAAQ.jpg,1,335,335
A_LngHSpFXTD4AAAAAAAAAAAAAAQAAAQ.jpg,A_M-KbRYPdAHoAAAAAAAAAAAAAAQAAAQ.jpg,1,336,336
A_LngHSpFXTD4AAAAAAAAAAAAAAQAAAQ.jpg,A_C1q8QJNLNrEAAAAAAAAAAAAAAQAAAQ.jpg,1,336,336
A_LngHSpFXTD4AAAAAAAAAAAAAAQAAAQ.jpg,A_VW4rTbmlHh8AAAAAAAAAAAAAAQAAAQ.jpg,1,336,336
A_LngHSpFXTD4AAAAAAAAAAAAAAQAAAQ.jpg,A_ZlCjSaYPrmAAAAAAAAAAAAAAAQAAAQ.jpg,1,336,336
A_LngHSpFXTD4AAAAAAAAAAAAAAQAAAQ.jpg,A_acoIRKkS4KMAAAAAAAAAAAAAAQAAAQ.jpg,1,336,336
A_M-KbRYPdAHoAAAAAAAAAAAAAAQAAAQ.jpg,A_C1q8QJNLNrEAAAAAAAAAAAAAAQAAAQ.jpg,1,336,336
A_M-KbRYPdAHoAAAAAAAAAAAAAAQAAAQ.jpg,A_VW4rTbmlHh8AAAAAAAAAAAAAAQAAAQ.jpg,1,336,336
A_M-KbRYPdAHoAAAAAAAAAAAAAAQAAAQ.jpg,A_ZlCjSaYPrmAAAAAAAAAAAAAAAQAAAQ.jpg,1,336,336
A_M-KbRYPdAHoAAAAAAAAAAAAAAQAAAQ.jpg,A_acoIRKkS4KMAAAAAAAAAAAAAAQAAAQ.jpg,1,336,336
A_C1q8QJNLNrEAAAAAAAAAAAAAAQAAAQ.jpg,A_VW4rTbmlHh8AAAAAAAAAAAAAAQAAAQ.jpg,1,336,336
A_C1q8QJNLNrEAAAAAAAAAAAAAAQAAAQ.jpg,A_ZlCjSaYPrmAAAAAAAAAAAAAAAQAAAQ.jpg,1,336,336
A_C1q8QJNLNrEAAAAAAAAAAAAAAQAAAQ.jpg,A_acoIRKkS4KMAAAAAAAAAAAAAAQAAAQ.jpg,1,336,336
A_VW4rTbmlHh8AAAAAAAAAAAAAAQAAAQ.jpg,A_ZlCjSaYPrmAAAAAAAAAAAAAAAQAAAQ.jpg,1,336,336
A_VW4rTbmlHh8AAAAAAAAAAAAAAQAAAQ.jpg,A_acoIRKkS4KMAAAAAAAAAAAAAAQAAAQ.jpg,1,336,336
A_ZlCjSaYPrmAAAAAAAAAAAAAAAQAAAQ.jpg,A_acoIRKkS4KMAAAAAAAAAAAAAAQAAAQ.jpg,1,336,336
A_olfhSYntr84AAAAAAAAAAAAAAQAAAQ.jpg,A_b4GpSbjTmGoAAAAAAAAAAAAAAQAAAQ.jpg,1,337,337
A_olfhSYntr84AAAAAAAAAAAAAAQAAAQ.jpg,A_XHurTYV1xScAAAAAAAAAAAAAAQAAAQ.jpg,1,337,337
A_olfhSYntr84AAAAAAAAAAAAAAQAAAQ.jpg,A_iAk4T7b-HD4AAAAAAAAAAAAAAQAAAQ.jpg,1,337,337
A_olfhSYntr84AAAAAAAAAAAAAAQAAAQ.jpg,A_BUreSr9QuYgAAAAAAAAAAAAAAQAAAQ.jpg,1,337,337
A_olfhSYntr84AAAAAAAAAAAAAAQAAAQ.jpg,A_aMsUT5Uw1pYAAAAAAAAAAAAAAQAAAQ.jpg,1,337,337
A_b4GpSbjTmGoAAAAAAAAAAAAAAQAAAQ.jpg,A_XHurTYV1xScAAAAAAAAAAAAAAQAAAQ.jpg,1,337,337
A_b4GpSbjTmGoAAAAAAAAAAAAAAQAAAQ.jpg,A_iAk4T7b-HD4AAAAAAAAAAAAAAQAAAQ.jpg,1,337,337
A_b4GpSbjTmGoAAAAAAAAAAAAAAQAAAQ.jpg,A_BUreSr9QuYgAAAAAAAAAAAAAAQAAAQ.jpg,1,337,337
A_b4GpSbjTmGoAAAAAAAAAAAAAAQAAAQ.jpg,A_aMsUT5Uw1pYAAAAAAAAAAAAAAQAAAQ.jpg,1,337,337
A_XHurTYV1xScAAAAAAAAAAAAAAQAAAQ.jpg,A_iAk4T7b-HD4AAAAAAAAAAAAAAQAAAQ.jpg,1,337,337
A_XHurTYV1xScAAAAAAAAAAAAAAQAAAQ.jpg,A_BUreSr9QuYgAAAAAAAAAAAAAAQAAAQ.jpg,1,337,337
A_XHurTYV1xScAAAAAAAAAAAAAAQAAAQ.jpg,A_aMsUT5Uw1pYAAAAAAAAAAAAAAQAAAQ.jpg,1,337,337
A_iAk4T7b-HD4AAAAAAAAAAAAAAQAAAQ.jpg,A_BUreSr9QuYgAAAAAAAAAAAAAAQAAAQ.jpg,1,337,337
A_iAk4T7b-HD4AAAAAAAAAAAAAAQAAAQ.jpg,A_aMsUT5Uw1pYAAAAAAAAAAAAAAQAAAQ.jpg,1,337,337
A_BUreSr9QuYgAAAAAAAAAAAAAAQAAAQ.jpg,A_aMsUT5Uw1pYAAAAAAAAAAAAAAQAAAQ.jpg,1,337,337
A_9f9RQYMEDW8AAAAAAAAAAAAAAQAAAQ.jpg,A_peVaRKhGG6EAAAAAAAAAAAAAAQAAAQ.jpg,1,338,338
A_9f9RQYMEDW8AAAAAAAAAAAAAAQAAAQ.jpg,A_C0HtTLNKeLkAAAAAAAAAAAAAAQAAAQ.jpg,1,338,338
A_9f9RQYMEDW8AAAAAAAAAAAAAAQAAAQ.jpg,A_KhFwTKJ4XWwAAAAAAAAAAAAAAQAAAQ.jpg,1,338,338
A_9f9RQYMEDW8AAAAAAAAAAAAAAQAAAQ.jpg,A_nxAwQ7FMivcAAAAAAAAAAAAAAQAAAQ.jpg,1,338,338
A_9f9RQYMEDW8AAAAAAAAAAAAAAQAAAQ.jpg,A_45ZeSYlRX04AAAAAAAAAAAAAAQAAAQ.jpg,1,338,338
A_peVaRKhGG6EAAAAAAAAAAAAAAQAAAQ.jpg,A_C0HtTLNKeLkAAAAAAAAAAAAAAQAAAQ.jpg,1,338,338
A_peVaRKhGG6EAAAAAAAAAAAAAAQAAAQ.jpg,A_KhFwTKJ4XWwAAAAAAAAAAAAAAQAAAQ.jpg,1,338,338
A_peVaRKhGG6EAAAAAAAAAAAAAAQAAAQ.jpg,A_nxAwQ7FMivcAAAAAAAAAAAAAAQAAAQ.jpg,1,338,338
A_peVaRKhGG6EAAAAAAAAAAAAAAQAAAQ.jpg,A_45ZeSYlRX04AAAAAAAAAAAAAAQAAAQ.jpg,1,338,338
A_C0HtTLNKeLkAAAAAAAAAAAAAAQAAAQ.jpg,A_KhFwTKJ4XWwAAAAAAAAAAAAAAQAAAQ.jpg,1,338,338
A_C0HtTLNKeLkAAAAAAAAAAAAAAQAAAQ.jpg,A_nxAwQ7FMivcAAAAAAAAAAAAAAQAAAQ.jpg,1,338,338
A_C0HtTLNKeLkAAAAAAAAAAAAAAQAAAQ.jpg,A_45ZeSYlRX04AAAAAAAAAAAAAAQAAAQ.jpg,1,338,338
A_KhFwTKJ4XWwAAAAAAAAAAAAAAQAAAQ.jpg,A_nxAwQ7FMivcAAAAAAAAAAAAAAQAAAQ.jpg,1,338,338
A_KhFwTKJ4XWwAAAAAAAAAAAAAAQAAAQ.jpg,A_45ZeSYlRX04AAAAAAAAAAAAAAQAAAQ.jpg,1,338,338
A_nxAwQ7FMivcAAAAAAAAAAAAAAQAAAQ.jpg,A_45ZeSYlRX04AAAAAAAAAAAAAAQAAAQ.jpg,1,338,338
A_fdXCTprSOxYAAAAAAAAAAAAAAQAAAQ.jpg,A_fAd6Q6jPCKAAAAAAAAAAAAAAAQAAAQ.jpg,1,339,339
A_fdXCTprSOxYAAAAAAAAAAAAAAQAAAQ.jpg,A_DOgCRJB2qgIAAAAAAAAAAAAAAQAAAQ.jpg,1,339,339
A_fdXCTprSOxYAAAAAAAAAAAAAAQAAAQ.jpg,A_Ij0mS4-M_jMAAAAAAAAAAAAAAQAAAQ.jpg,1,339,339
A_fdXCTprSOxYAAAAAAAAAAAAAAQAAAQ.jpg,A_TdNTTqxkNsEAAAAAAAAAAAAAAQAAAQ.jpg,1,339,339
A_fdXCTprSOxYAAAAAAAAAAAAAAQAAAQ.jpg,A_YkhcSryYe2cAAAAAAAAAAAAAAQAAAQ.jpg,1,339,339
A_fAd6Q6jPCKAAAAAAAAAAAAAAAQAAAQ.jpg,A_DOgCRJB2qgIAAAAAAAAAAAAAAQAAAQ.jpg,1,339,339
A_fAd6Q6jPCKAAAAAAAAAAAAAAAQAAAQ.jpg,A_Ij0mS4-M_jMAAAAAAAAAAAAAAQAAAQ.jpg,1,339,339
A_fAd6Q6jPCKAAAAAAAAAAAAAAAQAAAQ.jpg,A_TdNTTqxkNsEAAAAAAAAAAAAAAQAAAQ.jpg,1,339,339
A_fAd6Q6jPCKAAAAAAAAAAAAAAAQAAAQ.jpg,A_YkhcSryYe2cAAAAAAAAAAAAAAQAAAQ.jpg,1,339,339
A_DOgCRJB2qgIAAAAAAAAAAAAAAQAAAQ.jpg,A_Ij0mS4-M_jMAAAAAAAAAAAAAAQAAAQ.jpg,1,339,339
A_DOgCRJB2qgIAAAAAAAAAAAAAAQAAAQ.jpg,A_TdNTTqxkNsEAAAAAAAAAAAAAAQAAAQ.jpg,1,339,339
A_DOgCRJB2qgIAAAAAAAAAAAAAAQAAAQ.jpg,A_YkhcSryYe2cAAAAAAAAAAAAAAQAAAQ.jpg,1,339,339
A_Ij0mS4-M_jMAAAAAAAAAAAAAAQAAAQ.jpg,A_TdNTTqxkNsEAAAAAAAAAAAAAAQAAAQ.jpg,1,339,339
A_Ij0mS4-M_jMAAAAAAAAAAAAAAQAAAQ.jpg,A_YkhcSryYe2cAAAAAAAAAAAAAAQAAAQ.jpg,1,339,339
A_TdNTTqxkNsEAAAAAAAAAAAAAAQAAAQ.jpg,A_YkhcSryYe2cAAAAAAAAAAAAAAQAAAQ.jpg,1,339,339
A_V3ppS6VZwMoAAAAAAAAAAAAAAQAAAQ.jpg,A_gzSGTYTpSLkAAAAAAAAAAAAAAQAAAQ.jpg,1,340,340
A_V3ppS6VZwMoAAAAAAAAAAAAAAQAAAQ.jpg,A_ACH-Ta-cq-oAAAAAAAAAAAAAAQAAAQ.jpg,1,340,340
A_V3ppS6VZwMoAAAAAAAAAAAAAAQAAAQ.jpg,A_vAl2Q52NU9MAAAAAAAAAAAAAAQAAAQ.jpg,1,340,340
A_V3ppS6VZwMoAAAAAAAAAAAAAAQAAAQ.jpg,A_Tgc3Sb0KwMEAAAAAAAAAAAAAAQAAAQ.jpg,1,340,340
A_V3ppS6VZwMoAAAAAAAAAAAAAAQAAAQ.jpg,A__53oQqKI9vwAAAAAAAAAAAAAAQAAAQ.jpg,1,340,340
A_gzSGTYTpSLkAAAAAAAAAAAAAAQAAAQ.jpg,A_ACH-Ta-cq-oAAAAAAAAAAAAAAQAAAQ.jpg,1,340,340
A_gzSGTYTpSLkAAAAAAAAAAAAAAQAAAQ.jpg,A_vAl2Q52NU9MAAAAAAAAAAAAAAQAAAQ.jpg,1,340,340
A_gzSGTYTpSLkAAAAAAAAAAAAAAQAAAQ.jpg,A_Tgc3Sb0KwMEAAAAAAAAAAAAAAQAAAQ.jpg,1,340,340
A_gzSGTYTpSLkAAAAAAAAAAAAAAQAAAQ.jpg,A__53oQqKI9vwAAAAAAAAAAAAAAQAAAQ.jpg,1,340,340
A_ACH-Ta-cq-oAAAAAAAAAAAAAAQAAAQ.jpg,A_vAl2Q52NU9MAAAAAAAAAAAAAAQAAAQ.jpg,1,340,340
A_ACH-Ta-cq-oAAAAAAAAAAAAAAQAAAQ.jpg,A_Tgc3Sb0KwMEAAAAAAAAAAAAAAQAAAQ.jpg,1,340,340
A_ACH-Ta-cq-oAAAAAAAAAAAAAAQAAAQ.jpg,A__53oQqKI9vwAAAAAAAAAAAAAAQAAAQ.jpg,1,340,340
A_vAl2Q52NU9MAAAAAAAAAAAAAAQAAAQ.jpg,A_Tgc3Sb0KwMEAAAAAAAAAAAAAAQAAAQ.jpg,1,340,340
A_vAl2Q52NU9MAAAAAAAAAAAAAAQAAAQ.jpg,A__53oQqKI9vwAAAAAAAAAAAAAAQAAAQ.jpg,1,340,340
A_Tgc3Sb0KwMEAAAAAAAAAAAAAAQAAAQ.jpg,A__53oQqKI9vwAAAAAAAAAAAAAAQAAAQ.jpg,1,340,340
A_OcaLQYiU_1EAAAAAAAAAAAAAAQAAAQ.jpg,A_Cl0sQ69mrY4AAAAAAAAAAAAAAQAAAQ.jpg,1,341,341
A_OcaLQYiU_1EAAAAAAAAAAAAAAQAAAQ.jpg,A_nZIFTqwyAG0AAAAAAAAAAAAAAQAAAQ.jpg,1,341,341
A_OcaLQYiU_1EAAAAAAAAAAAAAAQAAAQ.jpg,A_CRqJQKCtnOMAAAAAAAAAAAAAAQAAAQ.jpg,1,341,341
A_OcaLQYiU_1EAAAAAAAAAAAAAAQAAAQ.jpg,A_Vhx1SK59uV8AAAAAAAAAAAAAAQAAAQ.jpg,1,341,341
A_OcaLQYiU_1EAAAAAAAAAAAAAAQAAAQ.jpg,A_zE7OR59AboMAAAAAAAAAAAAAAQAAAQ.jpg,1,341,341
A_Cl0sQ69mrY4AAAAAAAAAAAAAAQAAAQ.jpg,A_nZIFTqwyAG0AAAAAAAAAAAAAAQAAAQ.jpg,1,341,341
A_Cl0sQ69mrY4AAAAAAAAAAAAAAQAAAQ.jpg,A_CRqJQKCtnOMAAAAAAAAAAAAAAQAAAQ.jpg,1,341,341
A_Cl0sQ69mrY4AAAAAAAAAAAAAAQAAAQ.jpg,A_Vhx1SK59uV8AAAAAAAAAAAAAAQAAAQ.jpg,1,341,341
A_Cl0sQ69mrY4AAAAAAAAAAAAAAQAAAQ.jpg,A_zE7OR59AboMAAAAAAAAAAAAAAQAAAQ.jpg,1,341,341
A_nZIFTqwyAG0AAAAAAAAAAAAAAQAAAQ.jpg,A_CRqJQKCtnOMAAAAAAAAAAAAAAQAAAQ.jpg,1,341,341
A_nZIFTqwyAG0AAAAAAAAAAAAAAQAAAQ.jpg,A_Vhx1SK59uV8AAAAAAAAAAAAAAQAAAQ.jpg,1,341,341
A_nZIFTqwyAG0AAAAAAAAAAAAAAQAAAQ.jpg,A_zE7OR59AboMAAAAAAAAAAAAAAQAAAQ.jpg,1,341,341
A_CRqJQKCtnOMAAAAAAAAAAAAAAQAAAQ.jpg,A_Vhx1SK59uV8AAAAAAAAAAAAAAQAAAQ.jpg,1,341,341
A_CRqJQKCtnOMAAAAAAAAAAAAAAQAAAQ.jpg,A_zE7OR59AboMAAAAAAAAAAAAAAQAAAQ.jpg,1,341,341
A_Vhx1SK59uV8AAAAAAAAAAAAAAQAAAQ.jpg,A_zE7OR59AboMAAAAAAAAAAAAAAQAAAQ.jpg,1,341,341
A_LRDNQb_6khoAAAAAAAAAAAAAAQAAAQ.jpg,A_zd7bSJAblkwAAAAAAAAAAAAAAQAAAQ.jpg,1,342,342
A_LRDNQb_6khoAAAAAAAAAAAAAAQAAAQ.jpg,A_fhlXTKaMzqIAAAAAAAAAAAAAAQAAAQ.jpg,1,342,342
A_LRDNQb_6khoAAAAAAAAAAAAAAQAAAQ.jpg,A_NjG2SqOfUE4AAAAAAAAAAAAAAQAAAQ.jpg,1,342,342
A_LRDNQb_6khoAAAAAAAAAAAAAAQAAAQ.jpg,A_2M0vSKrxwocAAAAAAAAAAAAAAQAAAQ.jpg,1,342,342
A_LRDNQb_6khoAAAAAAAAAAAAAAQAAAQ.jpg,A_GdTOQ6xnzZMAAAAAAAAAAAAAAQAAAQ.jpg,1,342,342
A_zd7bSJAblkwAAAAAAAAAAAAAAQAAAQ.jpg,A_fhlXTKaMzqIAAAAAAAAAAAAAAQAAAQ.jpg,1,342,342
A_zd7bSJAblkwAAAAAAAAAAAAAAQAAAQ.jpg,A_NjG2SqOfUE4AAAAAAAAAAAAAAQAAAQ.jpg,1,342,342
A_zd7bSJAblkwAAAAAAAAAAAAAAQAAAQ.jpg,A_2M0vSKrxwocAAAAAAAAAAAAAAQAAAQ.jpg,1,342,342
A_zd7bSJAblkwAAAAAAAAAAAAAAQAAAQ.jpg,A_GdTOQ6xnzZMAAAAAAAAAAAAAAQAAAQ.jpg,1,342,342
A_fhlXTKaMzqIAAAAAAAAAAAAAAQAAAQ.jpg,A_NjG2SqOfUE4AAAAAAAAAAAAAAQAAAQ.jpg,1,342,342
A_fhlXTKaMzqIAAAAAAAAAAAAAAQAAAQ.jpg,A_2M0vSKrxwocAAAAAAAAAAAAAAQAAAQ.jpg,1,342,342
A_fhlXTKaMzqIAAAAAAAAAAAAAAQAAAQ.jpg,A_GdTOQ6xnzZMAAAAAAAAAAAAAAQAAAQ.jpg,1,342,342
A_NjG2SqOfUE4AAAAAAAAAAAAAAQAAAQ.jpg,A_2M0vSKrxwocAAAAAAAAAAAAAAQAAAQ.jpg,1,342,342
A_NjG2SqOfUE4AAAAAAAAAAAAAAQAAAQ.jpg,A_GdTOQ6xnzZMAAAAAAAAAAAAAAQAAAQ.jpg,1,342,342
A_2M0vSKrxwocAAAAAAAAAAAAAAQAAAQ.jpg,A_GdTOQ6xnzZMAAAAAAAAAAAAAAQAAAQ.jpg,1,342,342
A_GDdvSZPa7M0AAAAAAAAAAAAAAQAAAQ.jpg,A_EL3MTLdLMz8AAAAAAAAAAAAAAQAAAQ.jpg,1,343,343
A_GDdvSZPa7M0AAAAAAAAAAAAAAQAAAQ.jpg,A_5pjuQ6bpF44AAAAAAAAAAAAAAQAAAQ.jpg,1,343,343
A_GDdvSZPa7M0AAAAAAAAAAAAAAQAAAQ.jpg,A_b1eiQ4BovAEAAAAAAAAAAAAAAQAAAQ.jpg,1,343,343
A_GDdvSZPa7M0AAAAAAAAAAAAAAQAAAQ.jpg,A_EgytQoIRmCEAAAAAAAAAAAAAAQAAAQ.jpg,1,343,343
A_GDdvSZPa7M0AAAAAAAAAAAAAAQAAAQ.jpg,A_5rhHQ4uH0DUAAAAAAAAAAAAAAQAAAQ.jpg,1,343,343
A_EL3MTLdLMz8AAAAAAAAAAAAAAQAAAQ.jpg,A_5pjuQ6bpF44AAAAAAAAAAAAAAQAAAQ.jpg,1,343,343
A_EL3MTLdLMz8AAAAAAAAAAAAAAQAAAQ.jpg,A_b1eiQ4BovAEAAAAAAAAAAAAAAQAAAQ.jpg,1,343,343
A_EL3MTLdLMz8AAAAAAAAAAAAAAQAAAQ.jpg,A_EgytQoIRmCEAAAAAAAAAAAAAAQAAAQ.jpg,1,343,343
A_EL3MTLdLMz8AAAAAAAAAAAAAAQAAAQ.jpg,A_5rhHQ4uH0DUAAAAAAAAAAAAAAQAAAQ.jpg,1,343,343
A_5pjuQ6bpF44AAAAAAAAAAAAAAQAAAQ.jpg,A_b1eiQ4BovAEAAAAAAAAAAAAAAQAAAQ.jpg,1,343,343
A_5pjuQ6bpF44AAAAAAAAAAAAAAQAAAQ.jpg,A_EgytQoIRmCEAAAAAAAAAAAAAAQAAAQ.jpg,1,343,343
A_5pjuQ6bpF44AAAAAAAAAAAAAAQAAAQ.jpg,A_5rhHQ4uH0DUAAAAAAAAAAAAAAQAAAQ.jpg,1,343,343
A_b1eiQ4BovAEAAAAAAAAAAAAAAQAAAQ.jpg,A_EgytQoIRmCEAAAAAAAAAAAAAAQAAAQ.jpg,1,343,343
A_b1eiQ4BovAEAAAAAAAAAAAAAAQAAAQ.jpg,A_5rhHQ4uH0DUAAAAAAAAAAAAAAQAAAQ.jpg,1,343,343
A_EgytQoIRmCEAAAAAAAAAAAAAAQAAAQ.jpg,A_5rhHQ4uH0DUAAAAAAAAAAAAAAQAAAQ.jpg,1,343,343
A_qcBWSoqyLrEAAAAAAAAAAAAAAQAAAQ.jpg,A_sDy8TZweP6MAAAAAAAAAAAAAAQAAAQ.jpg,1,344,344
A_qcBWSoqyLrEAAAAAAAAAAAAAAQAAAQ.jpg,A_v9o_T5ly55wAAAAAAAAAAAAAAQAAAQ.jpg,1,344,344
A_qcBWSoqyLrEAAAAAAAAAAAAAAQAAAQ.jpg,A_pNAcQKJ6yH4AAAAAAAAAAAAAAQAAAQ.jpg,1,344,344
A_qcBWSoqyLrEAAAAAAAAAAAAAAQAAAQ.jpg,A_YFdnQ5CoPhgAAAAAAAAAAAAAAQAAAQ.jpg,1,344,344
A_qcBWSoqyLrEAAAAAAAAAAAAAAQAAAQ.jpg,A_bJUVQLWonskAAAAAAAAAAAAAAQAAAQ.jpg,1,344,344
A_sDy8TZweP6MAAAAAAAAAAAAAAQAAAQ.jpg,A_v9o_T5ly55wAAAAAAAAAAAAAAQAAAQ.jpg,1,344,344
A_sDy8TZweP6MAAAAAAAAAAAAAAQAAAQ.jpg,A_pNAcQKJ6yH4AAAAAAAAAAAAAAQAAAQ.jpg,1,344,344
A_sDy8TZweP6MAAAAAAAAAAAAAAQAAAQ.jpg,A_YFdnQ5CoPhgAAAAAAAAAAAAAAQAAAQ.jpg,1,344,344
A_sDy8TZweP6MAAAAAAAAAAAAAAQAAAQ.jpg,A_bJUVQLWonskAAAAAAAAAAAAAAQAAAQ.jpg,1,344,344
A_v9o_T5ly55wAAAAAAAAAAAAAAQAAAQ.jpg,A_pNAcQKJ6yH4AAAAAAAAAAAAAAQAAAQ.jpg,1,344,344
A_v9o_T5ly55wAAAAAAAAAAAAAAQAAAQ.jpg,A_YFdnQ5CoPhgAAAAAAAAAAAAAAQAAAQ.jpg,1,344,344
A_v9o_T5ly55wAAAAAAAAAAAAAAQAAAQ.jpg,A_bJUVQLWonskAAAAAAAAAAAAAAQAAAQ.jpg,1,344,344
A_pNAcQKJ6yH4AAAAAAAAAAAAAAQAAAQ.jpg,A_YFdnQ5CoPhgAAAAAAAAAAAAAAQAAAQ.jpg,1,344,344
A_pNAcQKJ6yH4AAAAAAAAAAAAAAQAAAQ.jpg,A_bJUVQLWonskAAAAAAAAAAAAAAQAAAQ.jpg,1,344,344
A_YFdnQ5CoPhgAAAAAAAAAAAAAAQAAAQ.jpg,A_bJUVQLWonskAAAAAAAAAAAAAAQAAAQ.jpg,1,344,344
A_BFoHTKmmZckAAAAAAAAAAAAAAQAAAQ.jpg,A_7TWPT4_hkwwAAAAAAAAAAAAAAQAAAQ.jpg,1,345,345
A_BFoHTKmmZckAAAAAAAAAAAAAAQAAAQ.jpg,A_CWhQSqgeUq4AAAAAAAAAAAAAAQAAAQ.jpg,1,345,345
A_BFoHTKmmZckAAAAAAAAAAAAAAQAAAQ.jpg,A_bKPlQL4w2iUAAAAAAAAAAAAAAQAAAQ.jpg,1,345,345
A_BFoHTKmmZckAAAAAAAAAAAAAAQAAAQ.jpg,A_ahGrQpcJLS8AAAAAAAAAAAAAAQAAAQ.jpg,1,345,345
A_BFoHTKmmZckAAAAAAAAAAAAAAQAAAQ.jpg,A_AcFbQoqDqRwAAAAAAAAAAAAAAQAAAQ.jpg,1,345,345
A_7TWPT4_hkwwAAAAAAAAAAAAAAQAAAQ.jpg,A_CWhQSqgeUq4AAAAAAAAAAAAAAQAAAQ.jpg,1,345,345
A_7TWPT4_hkwwAAAAAAAAAAAAAAQAAAQ.jpg,A_bKPlQL4w2iUAAAAAAAAAAAAAAQAAAQ.jpg,1,345,345
A_7TWPT4_hkwwAAAAAAAAAAAAAAQAAAQ.jpg,A_ahGrQpcJLS8AAAAAAAAAAAAAAQAAAQ.jpg,1,345,345
A_7TWPT4_hkwwAAAAAAAAAAAAAAQAAAQ.jpg,A_AcFbQoqDqRwAAAAAAAAAAAAAAQAAAQ.jpg,1,345,345
A_CWhQSqgeUq4AAAAAAAAAAAAAAQAAAQ.jpg,A_bKPlQL4w2iUAAAAAAAAAAAAAAQAAAQ.jpg,1,345,345
A_CWhQSqgeUq4AAAAAAAAAAAAAAQAAAQ.jpg,A_ahGrQpcJLS8AAAAAAAAAAAAAAQAAAQ.jpg,1,345,345
A_CWhQSqgeUq4AAAAAAAAAAAAAAQAAAQ.jpg,A_AcFbQoqDqRwAAAAAAAAAAAAAAQAAAQ.jpg,1,345,345
A_bKPlQL4w2iUAAAAAAAAAAAAAAQAAAQ.jpg,A_ahGrQpcJLS8AAAAAAAAAAAAAAQAAAQ.jpg,1,345,345
A_bKPlQL4w2iUAAAAAAAAAAAAAAQAAAQ.jpg,A_AcFbQoqDqRwAAAAAAAAAAAAAAQAAAQ.jpg,1,345,345
A_ahGrQpcJLS8AAAAAAAAAAAAAAQAAAQ.jpg,A_AcFbQoqDqRwAAAAAAAAAAAAAAQAAAQ.jpg,1,345,345
A_t6AyT4K76akAAAAAAAAAAAAAAQAAAQ.jpg,A_-RuUS7F6LpsAAAAAAAAAAAAAAQAAAQ.jpg,1,346,346
A_t6AyT4K76akAAAAAAAAAAAAAAQAAAQ.jpg,A_K9CLR4e8IykAAAAAAAAAAAAAAQAAAQ.jpg,1,346,346
A_t6AyT4K76akAAAAAAAAAAAAAAQAAAQ.jpg,A_5j8qQIocWUwAAAAAAAAAAAAAAQAAAQ.jpg,1,346,346
A_t6AyT4K76akAAAAAAAAAAAAAAQAAAQ.jpg,A_DhQlQKr7slQAAAAAAAAAAAAAAQAAAQ.jpg,1,346,346
A_t6AyT4K76akAAAAAAAAAAAAAAQAAAQ.jpg,A_qzxeRo3Av5AAAAAAAAAAAAAAAQAAAQ.jpg,1,346,346
A_-RuUS7F6LpsAAAAAAAAAAAAAAQAAAQ.jpg,A_K9CLR4e8IykAAAAAAAAAAAAAAQAAAQ.jpg,1,346,346
A_-RuUS7F6LpsAAAAAAAAAAAAAAQAAAQ.jpg,A_5j8qQIocWUwAAAAAAAAAAAAAAQAAAQ.jpg,1,346,346
A_-RuUS7F6LpsAAAAAAAAAAAAAAQAAAQ.jpg,A_DhQlQKr7slQAAAAAAAAAAAAAAQAAAQ.jpg,1,346,346
A_-RuUS7F6LpsAAAAAAAAAAAAAAQAAAQ.jpg,A_qzxeRo3Av5AAAAAAAAAAAAAAAQAAAQ.jpg,1,346,346
A_K9CLR4e8IykAAAAAAAAAAAAAAQAAAQ.jpg,A_5j8qQIocWUwAAAAAAAAAAAAAAQAAAQ.jpg,1,346,346
A_K9CLR4e8IykAAAAAAAAAAAAAAQAAAQ.jpg,A_DhQlQKr7slQAAAAAAAAAAAAAAQAAAQ.jpg,1,346,346
A_K9CLR4e8IykAAAAAAAAAAAAAAQAAAQ.jpg,A_qzxeRo3Av5AAAAAAAAAAAAAAAQAAAQ.jpg,1,346,346
A_5j8qQIocWUwAAAAAAAAAAAAAAQAAAQ.jpg,A_DhQlQKr7slQAAAAAAAAAAAAAAQAAAQ.jpg,1,346,346
A_5j8qQIocWUwAAAAAAAAAAAAAAQAAAQ.jpg,A_qzxeRo3Av5AAAAAAAAAAAAAAAQAAAQ.jpg,1,346,346
A_DhQlQKr7slQAAAAAAAAAAAAAAQAAAQ.jpg,A_qzxeRo3Av5AAAAAAAAAAAAAAAQAAAQ.jpg,1,346,346
A_uOCiT40f578AAAAAAAAAAAAAAQAAAQ.jpg,A_1WHrSb70BwYAAAAAAAAAAAAAAQAAAQ.jpg,1,347,347
A_uOCiT40f578AAAAAAAAAAAAAAQAAAQ.jpg,A_LaERT6Vg6P0AAAAAAAAAAAAAAQAAAQ.jpg,1,347,347
A_uOCiT40f578AAAAAAAAAAAAAAQAAAQ.jpg,A_tjfGT6CxgFAAAAAAAAAAAAAAAQAAAQ.jpg,1,347,347
A_uOCiT40f578AAAAAAAAAAAAAAQAAAQ.jpg,A_1ruyQ7LcAuoAAAAAAAAAAAAAAQAAAQ.jpg,1,347,347
A_uOCiT40f578AAAAAAAAAAAAAAQAAAQ.jpg,A_GFtPRKYwYKQAAAAAAAAAAAAAAQAAAQ.jpg,1,347,347
A_1WHrSb70BwYAAAAAAAAAAAAAAQAAAQ.jpg,A_LaERT6Vg6P0AAAAAAAAAAAAAAQAAAQ.jpg,1,347,347
A_1WHrSb70BwYAAAAAAAAAAAAAAQAAAQ.jpg,A_tjfGT6CxgFAAAAAAAAAAAAAAAQAAAQ.jpg,1,347,347
A_1WHrSb70BwYAAAAAAAAAAAAAAQAAAQ.jpg,A_1ruyQ7LcAuoAAAAAAAAAAAAAAQAAAQ.jpg,1,347,347
A_1WHrSb70BwYAAAAAAAAAAAAAAQAAAQ.jpg,A_GFtPRKYwYKQAAAAAAAAAAAAAAQAAAQ.jpg,1,347,347
A_LaERT6Vg6P0AAAAAAAAAAAAAAQAAAQ.jpg,A_tjfGT6CxgFAAAAAAAAAAAAAAAQAAAQ.jpg,1,347,347
A_LaERT6Vg6P0AAAAAAAAAAAAAAQAAAQ.jpg,A_1ruyQ7LcAuoAAAAAAAAAAAAAAQAAAQ.jpg,1,347,347
A_LaERT6Vg6P0AAAAAAAAAAAAAAQAAAQ.jpg,A_GFtPRKYwYKQAAAAAAAAAAAAAAQAAAQ.jpg,1,347,347
A_tjfGT6CxgFAAAAAAAAAAAAAAAQAAAQ.jpg,A_1ruyQ7LcAuoAAAAAAAAAAAAAAQAAAQ.jpg,1,347,347
A_tjfGT6CxgFAAAAAAAAAAAAAAAQAAAQ.jpg,A_GFtPRKYwYKQAAAAAAAAAAAAAAQAAAQ.jpg,1,347,347
A_1ruyQ7LcAuoAAAAAAAAAAAAAAQAAAQ.jpg,A_GFtPRKYwYKQAAAAAAAAAAAAAAQAAAQ.jpg,1,347,347
8BujMxsVRvWOAhf1DW4HXgAAACMAARAD.jpg,RJaJONp-R9-6Wg29qPh_MQAAACMAARAD.jpg,1,348,348
8BujMxsVRvWOAhf1DW4HXgAAACMAARAD.jpg,ORZnfTwMTGmDKW-_9Zm_cAAAACMAARAD.jpg,1,348,348
8BujMxsVRvWOAhf1DW4HXgAAACMAARAD.jpg,zusOFo_RSsqRAqtrfJ1fEgAAACMAARAD.jpg,1,348,348
8BujMxsVRvWOAhf1DW4HXgAAACMAARAD.jpg,s5_LPbJATXy82lMu1uSeJQAAACMAARAD.jpg,1,348,348
8BujMxsVRvWOAhf1DW4HXgAAACMAARAD.jpg,xPWXoOz0RJ2uGy381aUq9wAAACMAARAD.jpg,1,348,348
RJaJONp-R9-6Wg29qPh_MQAAACMAARAD.jpg,ORZnfTwMTGmDKW-_9Zm_cAAAACMAARAD.jpg,1,348,348
RJaJONp-R9-6Wg29qPh_MQAAACMAARAD.jpg,zusOFo_RSsqRAqtrfJ1fEgAAACMAARAD.jpg,1,348,348
RJaJONp-R9-6Wg29qPh_MQAAACMAARAD.jpg,s5_LPbJATXy82lMu1uSeJQAAACMAARAD.jpg,1,348,348
RJaJONp-R9-6Wg29qPh_MQAAACMAARAD.jpg,xPWXoOz0RJ2uGy381aUq9wAAACMAARAD.jpg,1,348,348
ORZnfTwMTGmDKW-_9Zm_cAAAACMAARAD.jpg,zusOFo_RSsqRAqtrfJ1fEgAAACMAARAD.jpg,1,348,348
ORZnfTwMTGmDKW-_9Zm_cAAAACMAARAD.jpg,s5_LPbJATXy82lMu1uSeJQAAACMAARAD.jpg,1,348,348
ORZnfTwMTGmDKW-_9Zm_cAAAACMAARAD.jpg,xPWXoOz0RJ2uGy381aUq9wAAACMAARAD.jpg,1,348,348
zusOFo_RSsqRAqtrfJ1fEgAAACMAARAD.jpg,s5_LPbJATXy82lMu1uSeJQAAACMAARAD.jpg,1,348,348
zusOFo_RSsqRAqtrfJ1fEgAAACMAARAD.jpg,xPWXoOz0RJ2uGy381aUq9wAAACMAARAD.jpg,1,348,348
s5_LPbJATXy82lMu1uSeJQAAACMAARAD.jpg,xPWXoOz0RJ2uGy381aUq9wAAACMAARAD.jpg,1,348,348
J9zK50Y5RvujoRzPnQkXBAAAACMAARAD.jpg,2A23mcKTRe6iwvdle-DnoQAAACMAARAD.jpg,1,349,349
J9zK50Y5RvujoRzPnQkXBAAAACMAARAD.jpg,A_Lzq7RaU4LI8AAAAAAAAAAAAAAQAAAQ.jpg,1,349,349
J9zK50Y5RvujoRzPnQkXBAAAACMAARAD.jpg,A_59V-S7ievU8AAAAAAAAAAAAAAQAAAQ.jpg,1,349,349
J9zK50Y5RvujoRzPnQkXBAAAACMAARAD.jpg,A_6nznR7Ek9MQAAAAAAAAAAAAAAQAAAQ.jpg,1,349,349
J9zK50Y5RvujoRzPnQkXBAAAACMAARAD.jpg,A_2nNMSZOEYsQAAAAAAAAAAAAAAQAAAQ.jpg,1,349,349
J9zK50Y5RvujoRzPnQkXBAAAACMAARAD.jpg,A_plIEQ4aQaFEAAAAAAAAAAAAAAQAAAQ.jpg,1,349,349
J9zK50Y5RvujoRzPnQkXBAAAACMAARAD.jpg,A_hxoTSL4Np6AAAAAAAAAAAAAAAQAAAQ.jpg,1,349,349
J9zK50Y5RvujoRzPnQkXBAAAACMAARAD.jpg,dTUY37UVRheaLCsCQ6X01AAAACMAARAD.jpg,1,349,349
J9zK50Y5RvujoRzPnQkXBAAAACMAARAD.jpg,A_H4FeQZ5TNVIAAAAAAAAAAAAAAQAAAQ.jpg,1,349,349
2A23mcKTRe6iwvdle-DnoQAAACMAARAD.jpg,A_Lzq7RaU4LI8AAAAAAAAAAAAAAQAAAQ.jpg,1,349,349
2A23mcKTRe6iwvdle-DnoQAAACMAARAD.jpg,A_59V-S7ievU8AAAAAAAAAAAAAAQAAAQ.jpg,1,349,349
2A23mcKTRe6iwvdle-DnoQAAACMAARAD.jpg,A_6nznR7Ek9MQAAAAAAAAAAAAAAQAAAQ.jpg,1,349,349
2A23mcKTRe6iwvdle-DnoQAAACMAARAD.jpg,A_2nNMSZOEYsQAAAAAAAAAAAAAAQAAAQ.jpg,1,349,349
2A23mcKTRe6iwvdle-DnoQAAACMAARAD.jpg,A_plIEQ4aQaFEAAAAAAAAAAAAAAQAAAQ.jpg,1,349,349
2A23mcKTRe6iwvdle-DnoQAAACMAARAD.jpg,A_hxoTSL4Np6AAAAAAAAAAAAAAAQAAAQ.jpg,1,349,349
2A23mcKTRe6iwvdle-DnoQAAACMAARAD.jpg,dTUY37UVRheaLCsCQ6X01AAAACMAARAD.jpg,1,349,349
2A23mcKTRe6iwvdle-DnoQAAACMAARAD.jpg,A_H4FeQZ5TNVIAAAAAAAAAAAAAAQAAAQ.jpg,1,349,349
A_Lzq7RaU4LI8AAAAAAAAAAAAAAQAAAQ.jpg,A_59V-S7ievU8AAAAAAAAAAAAAAQAAAQ.jpg,1,349,349
A_Lzq7RaU4LI8AAAAAAAAAAAAAAQAAAQ.jpg,A_6nznR7Ek9MQAAAAAAAAAAAAAAQAAAQ.jpg,1,349,349
A_Lzq7RaU4LI8AAAAAAAAAAAAAAQAAAQ.jpg,A_2nNMSZOEYsQAAAAAAAAAAAAAAQAAAQ.jpg,1,349,349
A_Lzq7RaU4LI8AAAAAAAAAAAAAAQAAAQ.jpg,A_plIEQ4aQaFEAAAAAAAAAAAAAAQAAAQ.jpg,1,349,349
A_Lzq7RaU4LI8AAAAAAAAAAAAAAQAAAQ.jpg,A_hxoTSL4Np6AAAAAAAAAAAAAAAQAAAQ.jpg,1,349,349
A_Lzq7RaU4LI8AAAAAAAAAAAAAAQAAAQ.jpg,dTUY37UVRheaLCsCQ6X01AAAACMAARAD.jpg,1,349,349
A_Lzq7RaU4LI8AAAAAAAAAAAAAAQAAAQ.jpg,A_H4FeQZ5TNVIAAAAAAAAAAAAAAQAAAQ.jpg,1,349,349
A_59V-S7ievU8AAAAAAAAAAAAAAQAAAQ.jpg,A_6nznR7Ek9MQAAAAAAAAAAAAAAQAAAQ.jpg,1,349,349
A_59V-S7ievU8AAAAAAAAAAAAAAQAAAQ.jpg,A_2nNMSZOEYsQAAAAAAAAAAAAAAQAAAQ.jpg,1,349,349
A_59V-S7ievU8AAAAAAAAAAAAAAQAAAQ.jpg,A_plIEQ4aQaFEAAAAAAAAAAAAAAQAAAQ.jpg,1,349,349
A_59V-S7ievU8AAAAAAAAAAAAAAQAAAQ.jpg,A_hxoTSL4Np6AAAAAAAAAAAAAAAQAAAQ.jpg,1,349,349
A_59V-S7ievU8AAAAAAAAAAAAAAQAAAQ.jpg,dTUY37UVRheaLCsCQ6X01AAAACMAARAD.jpg,1,349,349
A_59V-S7ievU8AAAAAAAAAAAAAAQAAAQ.jpg,A_H4FeQZ5TNVIAAAAAAAAAAAAAAQAAAQ.jpg,1,349,349
A_6nznR7Ek9MQAAAAAAAAAAAAAAQAAAQ.jpg,A_2nNMSZOEYsQAAAAAAAAAAAAAAQAAAQ.jpg,1,349,349
A_6nznR7Ek9MQAAAAAAAAAAAAAAQAAAQ.jpg,A_plIEQ4aQaFEAAAAAAAAAAAAAAQAAAQ.jpg,1,349,349
A_6nznR7Ek9MQAAAAAAAAAAAAAAQAAAQ.jpg,A_hxoTSL4Np6AAAAAAAAAAAAAAAQAAAQ.jpg,1,349,349
A_6nznR7Ek9MQAAAAAAAAAAAAAAQAAAQ.jpg,dTUY37UVRheaLCsCQ6X01AAAACMAARAD.jpg,1,349,349
A_6nznR7Ek9MQAAAAAAAAAAAAAAQAAAQ.jpg,A_H4FeQZ5TNVIAAAAAAAAAAAAAAQAAAQ.jpg,1,349,349
A_2nNMSZOEYsQAAAAAAAAAAAAAAQAAAQ.jpg,A_plIEQ4aQaFEAAAAAAAAAAAAAAQAAAQ.jpg,1,349,349
A_2nNMSZOEYsQAAAAAAAAAAAAAAQAAAQ.jpg,A_hxoTSL4Np6AAAAAAAAAAAAAAAQAAAQ.jpg,1,349,349
A_2nNMSZOEYsQAAAAAAAAAAAAAAQAAAQ.jpg,dTUY37UVRheaLCsCQ6X01AAAACMAARAD.jpg,1,349,349
A_2nNMSZOEYsQAAAAAAAAAAAAAAQAAAQ.jpg,A_H4FeQZ5TNVIAAAAAAAAAAAAAAQAAAQ.jpg,1,349,349
A_plIEQ4aQaFEAAAAAAAAAAAAAAQAAAQ.jpg,A_hxoTSL4Np6AAAAAAAAAAAAAAAQAAAQ.jpg,1,349,349
A_plIEQ4aQaFEAAAAAAAAAAAAAAQAAAQ.jpg,dTUY37UVRheaLCsCQ6X01AAAACMAARAD.jpg,1,349,349
A_plIEQ4aQaFEAAAAAAAAAAAAAAQAAAQ.jpg,A_H4FeQZ5TNVIAAAAAAAAAAAAAAQAAAQ.jpg,1,349,349
A_hxoTSL4Np6AAAAAAAAAAAAAAAQAAAQ.jpg,dTUY37UVRheaLCsCQ6X01AAAACMAARAD.jpg,1,349,349
A_hxoTSL4Np6AAAAAAAAAAAAAAAQAAAQ.jpg,A_H4FeQZ5TNVIAAAAAAAAAAAAAAQAAAQ.jpg,1,349,349
dTUY37UVRheaLCsCQ6X01AAAACMAARAD.jpg,A_H4FeQZ5TNVIAAAAAAAAAAAAAAQAAAQ.jpg,1,349,349
A_d04cQ7TfTSEAAAAAAAAAAAAAAQAAAQ.jpg,nLPicZeITKm4SZnyM0IhZAAAACMAARAD.jpg,0,39,219
A_pOfiQ7jDy14AAAAAAAAAAAAAAQAAAQ.jpg,A_Naw9Q6w007QAAAAAAAAAAAAAAQAAAQ.jpg,0,13,223
A_SJTyRbZbs-8AAAAAAAAAAAAAAQAAAQ.jpg,A_C0HtTLNKeLkAAAAAAAAAAAAAAQAAAQ.jpg,0,149,338
A_GN8FS4YXEKMAAAAAAAAAAAAAAQAAAQ.jpg,A_AWdZQa13iPIAAAAAAAAAAAAAAQAAAQ.jpg,0,82,108
A_PFW9QJAztYYAAAAAAAAAAAAAAQAAAQ.jpg,A_1cY0SJWiw2gAAAAAAAAAAAAAAQAAAQ.jpg,0,84,249
A_gh7QT5Mx8uUAAAAAAAAAAAAAAQAAAQ.jpg,A_1WHrSb70BwYAAAAAAAAAAAAAAQAAAQ.jpg,0,41,347
A_8wJfSLcHUG4AAAAAAAAAAAAAAQAAAQ.jpg,A_dmmqQrIoeIMAAAAAAAAAAAAAAQAAAQ.jpg,0,12,279
A_iHgnS6_U93kAAAAAAAAAAAAAAQAAAQ.jpg,A_PrB1S52mSxAAAAAAAAAAAAAAAQAAAQ.jpg,0,47,254
A_plIEQ4aQaFEAAAAAAAAAAAAAAQAAAQ.jpg,O1CN018y9zNy1b2RyzTX0bZ_!!0-mtopupload.jpg,0,349,22
A_V3ppS6VZwMoAAAAAAAAAAAAAAQAAAQ.jpg,A_0ZuDSZ13H_cAAAAAAAAAAAAAAQAAAQ.jpg,0,340,165
A_gzSGTYTpSLkAAAAAAAAAAAAAAQAAAQ.jpg,A_Fz8gR48e7YwAAAAAAAAAAAAAAQAAAQ.jpg,0,340,182
PXhnsQ6BSAW7VRUKjS1fswAAACMAARAD.jpg,A_FAjZTYOIvbUAAAAAAAAAAAAAAQAAAQ.jpg,0,70,57
A_5JaUS5e0nHAAAAAAAAAAAAAAAQAAAQ.jpg,A_-gLFTpM2eMUAAAAAAAAAAAAAAQAAAQ.jpg,0,204,81
A_biEZSZF2Fp0AAAAAAAAAAAAAAQAAAQ.jpg,A_WD_RToG7TiEAAAAAAAAAAAAAAQAAAQ.jpg,0,115,301
A_ytyQTJU6ZKYAAAAAAAAAAAAAAQAAAQ.jpg,A_YRDWQrX8B_UAAAAAAAAAAAAAAQAAAQ.jpg,0,79,258
A_ArkTQ6Dnr04AAAAAAAAAAAAAAQAAAQ.jpg,A_aDhQT4JRtKIAAAAAAAAAAAAAAQAAAQ.jpg,0,81,275
A_V03gR7K90bIAAAAAAAAAAAAAAQAAAQ.jpg,A_OdypSY5DoYwAAAAAAAAAAAAAAQAAAQ.jpg,0,220,298
A_spNeTrbTaesAAAAAAAAAAAAAAQAAAQ.jpg,7B--srC_TKKKH1ccdVhHJQAAACMAARAD.jpg,0,114,6
A_5RnLQp7mKNsAAAAAAAAAAAAAAQAAAQ.jpg,A_lv0eRrxAXNwAAAAAAAAAAAAAAQAAAQ.jpg,0,130,193
A_d4wUQoUvZxsAAAAAAAAAAAAAAQAAAQ.jpg,A_hDlVQZkfoCwAAAAAAAAAAAAAAQAAAQ.jpg,0,247,173
A_IeYUSZHnPzMAAAAAAAAAAAAAAQAAAQ.jpg,zGfOrLgJRWq4z48tv9EHeQAAACMAARAD.jpg,0,96,155
A_CbtxSYI7W3wAAAAAAAAAAAAAAQAAAQ.jpg,A_PXxiSIQQDWkAAAAAAAAAAAAAAQAAAQ.jpg,0,280,4
A_zxzNQqQfYAMAAAAAAAAAAAAAAQAAAQ.jpg,A_qK0OTL76_bMAAAAAAAAAAAAAAQAAAQ.jpg,0,145,21
A_FOIbSaYkQ0MAAAAAAAAAAAAAAQAAAQ.jpg,A_Gr90SJv0YeoAAAAAAAAAAAAAAQAAAQ.jpg,0,80,161
A_aEr8SogcnnIAAAAAAAAAAAAAAQAAAQ.jpg,A_9C0_SY5HMwYAAAAAAAAAAAAAAQAAAQ.jpg,0,311,81
7YkNrZhwSFKUwj4wGuhjBwAAACMAARAD.jpg,A_q0dFR7cGWkQAAAAAAAAAAAAAAQAAAQ.jpg,0,282,123
A_6CUMTK6sWtwAAAAAAAAAAAAAAQAAAQ.jpg,A_cKL1QqoK8C4AAAAAAAAAAAAAAQAAAQ.jpg,0,45,111
A_sUiCS7uVW54AAAAAAAAAAAAAAQAAAQ.jpg,A_jJAcQ7WPCaYAAAAAAAAAAAAAAQAAAQ.jpg,0,227,17
nkgYYoZXQzq6kUQOjL6cQgAAACMAARAD.jpg,A_MKWJQLqyZ8cAAAAAAAAAAAAAAQAAAQ.jpg,0,190,274
A_jlGaToiTR1cAAAAAAAAAAAAAAQAAAQ.jpg,A_bRcAQpqLS8kAAAAAAAAAAAAAAQAAAQ.jpg,0,298,184
A_tFWpS7wqAh0AAAAAAAAAAAAAAQAAAQ.jpg,A_bIcBTZ3tUqEAAAAAAAAAAAAAAQAAAQ.jpg,0,39,289
A_W-xaT78i22MAAAAAAAAAAAAAAQAAAQ.jpg,A_82BHQ5VJpoQAAAAAAAAAAAAAAQAAAQ.jpg,0,50,326
A_lPHeQo7aiawAAAAAAAAAAAAAAQAAAQ.jpg,A_I4uaQKtPPhAAAAAAAAAAAAAAAQAAAQ.jpg,0,189,329
A_vLt5Tr-DehsAAAAAAAAAAAAAAQAAAQ.jpg,zGfOrLgJRWq4z48tv9EHeQAAACMAARAD.jpg,0,326,155
A_BozJTaHtlVkAAAAAAAAAAAAAAQAAAQ.jpg,A_KKQgQ7mQpz4AAAAAAAAAAAAAAQAAAQ.jpg,0,173,7
A_EzsXSL1ECOQAAAAAAAAAAAAAAQAAAQ.jpg,A_Gr90SJv0YeoAAAAAAAAAAAAAAQAAAQ.jpg,0,240,161
A_ANj4S6gZrSgAAAAAAAAAAAAAAQAAAQ.jpg,A_VV-4R7Xfd1CSPTlGqoBE1gAAAQAAAQ.jpg,0,92,221
A_--O-TYvJMXwAAAAAAAAAAAAAAQAAAQ.jpg,A_OVixS5gitWkAAAAAAAAAAAAAAQAAAQ.jpg,0,191,118
NpL0Hs0eTzGvq6-Kp2J-RwAAACMAARAD.jpg,A_00wGQ6p8j_UAAAAAAAAAAAAAAQAAAQ.jpg,0,186,214
A_RDX7SYBqMVwAAAAAAAAAAAAAAQAAAQ.jpg,A_1GuMQarIxOsAAAAAAAAAAAAAAQAAAQ.jpg,0,41,140
A_Kg8hQIvTubMAAAAAAAAAAAAAAQAAAQ.jpg,A_mELMSZX6_9YAAAAAAAAAAAAAAQAAAQ.jpg,0,144,180
A_MOhrQLLyVDYAAAAAAAAAAAAAAQAAAQ.jpg,A_BozJTaHtlVkAAAAAAAAAAAAAAQAAAQ.jpg,0,262,173
A_bWQgQawVwX4AAAAAAAAAAAAAAQAAAQ.jpg,A_OStdQqQjUL8AAAAAAAAAAAAAAQAAAQ.jpg,0,90,210
A_plIEQ4aQaFEAAAAAAAAAAAAAAQAAAQ.jpg,A_3hHGTIRrcnwAAAAAAAAAAAAAAQAAAQ.jpg,0,349,9
A_x8o-SK34p18AAAAAAAAAAAAAAQAAAQ.jpg,A_nJFYQIdXJJIAAAAAAAAAAAAAAQAAAQ.jpg,0,222,138
lk6TjulLSlK2EtPG2bOT1wAAACMAARAD.jpg,A_GY4mTYZYWJ0AAAAAAAAAAAAAAQAAAQ.jpg,0,323,73
MkS_FJIUSj-AkfBJ2KVoEwAAACMAARAD.jpg,A_uMyGRoe6OD4AAAAAAAAAAAAAAQAAAQ.jpg,0,208,23
A_v2AMTqrkHXgAAAAAAAAAAAAAAQAAAQ.jpg,A_-iUaTI4TKcgAAAAAAAAAAAAAAQAAAQ.jpg,0,163,16
A_bGEYTpbq2xsAAAAAAAAAAAAAAQAAAQ.jpg,A_hqAJQ6LPFncAAAAAAAAAAAAAAQAAAQ.jpg,0,137,108
A_bgtWT6j_LKkAAAAAAAAAAAAAAQAAAQ.jpg,A_6wWbR7D5KboAAAAAAAAAAAAAAQAAAQ.jpg,0,79,61
A_bv-GT6sWBVEAAAAAAAAAAAAAAQAAAQ.jpg,A_cbghTYuoEzQAAAAAAAAAAAAAAQAAAQ.jpg,0,254,314
fcg3fFELSXuinicx0-hYRQAAACMAARAD.jpg,A_qbU3SpMKod4AAAAAAAAAAAAAAQAAAQ.jpg,0,27,240
A_uo1iTaASRHgAAAAAAAAAAAAAAQAAAQ.jpg,A_4cscRbyF-t8AAAAAAAAAAAAAAQAAAQ.jpg,0,185,312
A_KtrxQJE_sIMAAAAAAAAAAAAAAQAAAQ.jpg,A_N57xRZ6tBnwAAAAAAAAAAAAAAQAAAQ.jpg,0,33,157
A_ToioR6w5lKgAAAAAAAAAAAAAAQAAAQ.jpg,5Ex230jYRSyT4TtBSWJ8EwAAACMAARAD.jpg,0,283,71
A_92a6Tq_Mr68AAAAAAAAAAAAAAQAAAQ.jpg,A__euTTbzk1_QAAAAAAAAAAAAAAQAAAQ.jpg,0,175,210
A_8RO8SZ_cRhQAAAAAAAAAAAAAAQAAAQ.jpg,A_JFQFRqCRuosXeWdMn9bYtQAAAQAAAQ.jpg,0,303,68
A_zMhHRKUhSuEAAAAAAAAAAAAAAQAAAQ.jpg,qyqNN_HDShqToEUCAcDKYQAAACMAARAD.jpg,0,148,291
A_JVqvTaADYeMAAAAAAAAAAAAAAQAAAQ.jpg,A_vXcfRYxmGwMAAAAAAAAAAAAAAQAAAQ.jpg,0,123,85
A_ymwwSJZai5IAAAAAAAAAAAAAAQAAAQ.jpg,A_uNzLSLfbVYsAAAAAAAAAAAAAAQAAAQ.jpg,0,122,210
A_mhYFS7uBQCIAAAAAAAAAAAAAAQAAAQ.jpg,A_yOJ6Q4IO9mcAAAAAAAAAAAAAAQAAAQ.jpg,0,193,162
A_92a6Tq_Mr68AAAAAAAAAAAAAAQAAAQ.jpg,A_NJrCQ405yccAAAAAAAAAAAAAAQAAAQ.jpg,0,175,100
A_SB5pT6dIdz0AAAAAAAAAAAAAAQAAAQ.jpg,MkS_FJIUSj-AkfBJ2KVoEwAAACMAARAD.jpg,0,197,208
A_xjiuTJsJUpsAAAAAAAAAAAAAAQAAAQ.jpg,A_ymJiRJSSrC0AAAAAAAAAAAAAAQAAAQ.jpg,0,213,12
A_-ZsZRYceA08AAAAAAAAAAAAAAQAAAQ.jpg,A_uY8RT48iBmoAAAAAAAAAAAAAAQAAAQ.jpg,0,96,178
A_-BFZSoRxTq0AAAAAAAAAAAAAAQAAAQ.jpg,A_SDD3Q6kABacAAAAAAAAAAAAAAQAAAQ.jpg,0,262,247
A_dNP4R4O9ASkAAAAAAAAAAAAAAQAAAQ.jpg,A_a-RNSrOUV5IAAAAAAAAAAAAAAQAAAQ.jpg,0,257,296
A_7YkuQ4_prsMAAAAAAAAAAAAAAQAAAQ.jpg,A_SWT7TpEfSXoAAAAAAAAAAAAAAQAAAQ.jpg,0,117,257
A_BoE9RJCkeVUAAAAAAAAAAAAAAQAAAQ.jpg,A_mwleR627z8oAAAAAAAAAAAAAAQAAAQ.jpg,0,237,276
A_2DA2SZLf5vEAAAAAAAAAAAAAAQAAAQ.jpg,A_7zNRSYbqsoAAAAAAAAAAAAAAAQAAAQ.jpg,0,24,130
A_p5ntSLcrva4AAAAAAAAAAAAAAQAAAQ.jpg,A_i-nLRI_4Z-QAAAAAAAAAAAAAAQAAAQ.jpg,0,202,313
A_aBdGT4bei2QAAAAAAAAAAAAAAQAAAQ.jpg,A_oVKNTpeuTjMAAAAAAAAAAAAAAQAAAQ.jpg,0,233,296
A_i8kmSqzWZtEAAAAAAAAAAAAAAQAAAQ.jpg,A_PYU8Qr4rH5YAAAAAAAAAAAAAAQAAAQ.jpg,0,284,19
A_SVMaQLMJtYIAAAAAAAAAAAAAAQAAAQ.jpg,A_TgAqQpXQPWgAAAAAAAAAAAAAAQAAAQ.jpg,0,238,139
A_EvDCT75_gY4AAAAAAAAAAAAAAQAAAQ.jpg,A_ZKeCRqrD48cAAAAAAAAAAAAAAQAAAQ.jpg,0,57,288
A_hxoTSL4Np6AAAAAAAAAAAAAAAQAAAQ.jpg,A_wlP4RZZzpEgAAAAAAAAAAAAAAQAAAQ.jpg,0,349,3
A_5z1SRIthrRMAAAAAAAAAAAAAAQAAAQ.jpg,A_aYeATJcaX1MAAAAAAAAAAAAAAQAAAQ.jpg,0,176,249
unXpdCHiSwq1IsIo2bI8PAAAACMAARAD.jpg,A_TACLS6bGmFUAAAAAAAAAAAAAAQAAAQ.jpg,0,70,236
A_Gr90SJv0YeoAAAAAAAAAAAAAAQAAAQ.jpg,A_WB6uRqwOQD8AAAAAAAAAAAAAAQAAAQ.jpg,0,161,245
A_y0pUQad8WowAAAAAAAAAAAAAAQAAAQ.jpg,A_ffXuTIdlCWcAAAAAAAAAAAAAAQAAAQ.jpg,0,48,151
A_xigkRLl7oW4AAAAAAAAAAAAAAQAAAQ.jpg,A_4dqvS7ABM9IAAAAAAAAAAAAAAQAAAQ.jpg,0,230,160
A_eKNXQLRk11AAAAAAAAAAAAAAAQAAAQ.jpg,A_OeVhQYZQBVoAAAAAAAAAAAAAAQAAAQ.jpg,0,112,157
A_X5hASJq4FlIAAAAAAAAAAAAAAQAAAQ.jpg,32oZCggVTXitEpu5VNf6FAAAACMAARAD.jpg,0,240,315
A_bC75RrqgubUAAAAAAAAAAAAAAQAAAQ.jpg,A_02oeQZQGpSIAAAAAAAAAAAAAAQAAAQ.jpg,0,162,297
A_T2lFRJy5a2gAAAAAAAAAAAAAAQAAAQ.jpg,A_lWreSpZxhyAAAAAAAAAAAAAAAQAAAQ.jpg,0,28,15
A_RkkmTYGR2GgAAAAAAAAAAAAAAQAAAQ.jpg,A_Jz60TodhpGgUYFBLnH7ZnAAAAQAAAQ.jpg,0,201,99
A_UHH0So61ecgAAAAAAAAAAAAAAQAAAQ.jpg,M00cOfTlQD-7SbSDoVEZiwAAACMAARAD.jpg,0,275,323
A_6CUMTK6sWtwAAAAAAAAAAAAAAQAAAQ.jpg,A_048mQIy0UMoAAAAAAAAAAAAAAQAAAQ.jpg,0,45,223
A_gZaiTKWdZY4AAAAAAAAAAAAAAQAAAQ.jpg,A_8jMWRbavcW0AAAAAAAAAAAAAAQAAAQ.jpg,0,290,287
A_Uzk2SrABsKIAAAAAAAAAAAAAAQAAAQ.jpg,A_gWzlTqoUv50AAAAAAAAAAAAAAQAAAQ.jpg,0,153,239
A_vxNlQoSOcesAAAAAAAAAAAAAAQAAAQ.jpg,A_7TWPT4_hkwwAAAAAAAAAAAAAAQAAAQ.jpg,0,23,345
A_kxbuQLGIcJoAAAAAAAAAAAAAAQAAAQ.jpg,A_VQ4tRoLu4e4AAAAAAAAAAAAAAQAAAQ.jpg,0,104,292
A_ycyzRpZPTpUAAAAAAAAAAAAAAQAAAQ.jpg,A_8qvqS61s-g4AAAAAAAAAAAAAAQAAAQ.jpg,0,245,332
A_kCm8SqJ4xbQAAAAAAAAAAAAAAQAAAQ.jpg,A_IP6uQrnPTq0AAAAAAAAAAAAAAQAAAQ.jpg,0,299,241
A_gZaiTKWdZY4AAAAAAAAAAAAAAQAAAQ.jpg,A_7agWQomXiksAAAAAAAAAAAAAAQAAAQ.jpg,0,290,85
A_eKNXQLRk11AAAAAAAAAAAAAAAQAAAQ.jpg,A_h-8AQKUCJ6wAAAAAAAAAAAAAAQAAAQ.jpg,0,112,257
A_BM-IS64L6owAAAAAAAAAAAAAAQAAAQ.jpg,A_zKdmS4FZbfkAAAAAAAAAAAAAAQAAAQ.jpg,0,332,234
A_UGJ9TY8666oAAAAAAAAAAAAAAQAAAQ.jpg,A_B3wzTov3pPQAAAAAAAAAAAAAAQAAAQ.jpg,0,325,123
A_8TLTSrYPUTUAAAAAAAAAAAAAAQAAAQ.jpg,ejYUJjUrTHmLuE2JKdcsRgAAACMAARAD.jpg,0,328,20
A_PKUBTpVo1sQAAAAAAAAAAAAAAQAAAQ.jpg,ZyHG3kTpSISXJaNBidsZFQAAACMAARAD.jpg,0,9,238
A_-V96Qa0QThkAAAAAAAAAAAAAAQAAAQ.jpg,AxQOGcN4RkCPWfcMhYgBuQAAACMAARAD.jpg,0,141,307
A_XJPfQZIMlRoAAAAAAAAAAAAAAQAAAQ.jpg,A_3hHGTIRrcnwAAAAAAAAAAAAAAQAAAQ.jpg,0,320,9
A_YOLjSLCb05sAAAAAAAAAAAAAAQAAAQ.jpg,A_8MxtS7nrx5oAAAAAAAAAAAAAAQAAAQ.jpg,0,31,53
A_Tgc3Sb0KwMEAAAAAAAAAAAAAAQAAAQ.jpg,A_a9EBQ5lnoo0AAAAAAAAAAAAAAQAAAQ.jpg,0,340,24
A_pMrhQLroe0IAAAAAAAAAAAAAAQAAAQ.jpg,A_qaJ-TItVSXQAAAAAAAAAAAAAAQAAAQ.jpg,0,319,205
A_jwl4QaUztl0AAAAAAAAAAAAAAQAAAQ.jpg,A_Fe62T5TAJ7UAAAAAAAAAAAAAAQAAAQ.jpg,0,187,277
A_uskbRJwK4XwAAAAAAAAAAAAAAQAAAQ.jpg,P5hxM2vbRp-Tj8clXHs-NQAAACMAARAD.jpg,0,154,219
A_oTz0Q6Q2sBMAAAAAAAAAAAAAAQAAAQ.jpg,A_GPn_QKLHezwAAAAAAAAAAAAAAQAAAQ.jpg,0,76,116
A_bPvCSq08KBsAAAAAAAAAAAAAAQAAAQ.jpg,A_A17DRrV-btsAAAAAAAAAAAAAAQAAAQ.jpg,0,11,33
A_3RTJT4kY-YoAAAAAAAAAAAAAAQAAAQ.jpg,A_Uqn1Qq1RIzkAAAAAAAAAAAAAAQAAAQ.jpg,0,118,112
A_1GuMQarIxOsAAAAAAAAAAAAAAQAAAQ.jpg,A_pWOlQZby4GYAAAAAAAAAAAAAAQAAAQ.jpg,0,140,121
A_9SFeTb8NkdwAAAAAAAAAAAAAAQAAAQ.jpg,kI8JptLQRmKD74_JZNiHXQAAACMAARAD.jpg,0,80,129
A_ahGrQpcJLS8AAAAAAAAAAAAAAQAAAQ.jpg,A_nwlKT4igLyQAAAAAAAAAAAAAAQAAAQ.jpg,0,345,37
A_WNgORoRRamAAAAAAAAAAAAAAAQAAAQ.jpg,A_YaJOSrbcB5YAAAAAAAAAAAAAAQAAAQ.jpg,0,141,181
A_JVqvTaADYeMAAAAAAAAAAAAAAQAAAQ.jpg,A_nw_7QLxh6h4AAAAAAAAAAAAAAQAAAQ.jpg,0,123,271
A_hOPkQ74MAngAAAAAAAAAAAAAAQAAAQ.jpg,A_XgEbSbazAp8AAAAAAAAAAAAAAQAAAQ.jpg,0,80,31
A_gYglR7OJR9MAAAAAAAAAAAAAAQAAAQ.jpg,A_O8KZRLhoNGMAAAAAAAAAAAAAAQAAAQ.jpg,0,137,105
A__9DkRL2nqzgAAAAAAAAAAAAAAQAAAQ.jpg,A_gO6RRJre4hoAAAAAAAAAAAAAAQAAAQ.jpg,0,222,268
8uu1FfYMQXe3pxQOcXQR9gAAACMAARAD.jpg,A_JJxfRa1-EmUAAAAAAAAAAAAAAQAAAQ.jpg,0,155,74
A_pTBdRpDG19IAAAAAAAAAAAAAAQAAAQ.jpg,A_BbMtSbuC4rkAAAAAAAAAAAAAAQAAAQ.jpg,0,171,259
A_5lrdQqJOweIAAAAAAAAAAAAAAQAAAQ.jpg,A_gYglR7OJR9MAAAAAAAAAAAAAAQAAAQ.jpg,0,298,137
A_c1QXTK5OHUMAAAAAAAAAAAAAAQAAAQ.jpg,A_bFgKSZ1-WbEAAAAAAAAAAAAAAQAAAQ.jpg,0,312,141
A_dN7FSZa9E6kAAAAAAAAAAAAAAQAAAQ.jpg,A_bGEYTpbq2xsAAAAAAAAAAAAAAQAAAQ.jpg,0,225,137
A_ngf3S4H6_NkAAAAAAAAAAAAAAQAAAQ.jpg,A_Va1UTrmeizMAAAAAAAAAAAAAAQAAAQ.jpg,0,231,17
A_0ZBaRKtusuAAAAAAAAAAAAAAAQAAAQ.jpg,A_qAmbQo1B3boAAAAAAAAAAAAAAQAAAQ.jpg,0,182,293
A_uqQZTalXwHYAAAAAAAAAAAAAAQAAAQ.jpg,njtY4KL6SaGt4JXiaTK7hgAAACMAARAD.jpg,0,301,238
A_SbRDQbZ63xkAAAAAAAAAAAAAAQAAAQ.jpg,A_XhFbQoM2GvIAAAAAAAAAAAAAAQAAAQ.jpg,0,78,229
A_Md8QTJnt4HsAAAAAAAAAAAAAAQAAAQ.jpg,A_2DA2SZLf5vEAAAAAAAAAAAAAAQAAAQ.jpg,0,88,24
A_EgytQoIRmCEAAAAAAAAAAAAAAQAAAQ.jpg,A_13kDRrNTRTIAAAAAAAAAAAAAAQAAAQ.jpg,0,343,250
8Qw6qRpuSFiqsPEqj_LOpwAAACMAARAD.jpg,A_ffXuTIdlCWcAAAAAAAAAAAAAAQAAAQ.jpg,0,134,151
A_s1uuSboGX58AAAAAAAAAAAAAAQAAAQ.jpg,A_MkJtQKVpPRIAAAAAAAAAAAAAAQAAAQ.jpg,0,171,232
xEkROLFrT8eZz88qyGMUDgAAACMAARAD.jpg,A_JFQFRqCRuosAAAAAAAAAAAAAAQAAAQ.jpg,0,327,68
U1EDgPaORkycuNu19c1crAAAACMAARAD.jpg,A_MjewSKBgq9EAAAAAAAAAAAAAAQAAAQ.jpg,0,306,5
A_7OgCTLT7J9AAAAAAAAAAAAAAAQAAAQ.jpg,A_bPvCSq08KBsAAAAAAAAAAAAAAQAAAQ.jpg,0,2,11
A_Sh8kTJUrbZoAAAAAAAAAAAAAAQAAAQ.jpg,A_CJEPQZwY7_IAAAAAAAAAAAAAAQAAAQ.jpg,0,308,191
lYGQmBMSTy-dsdIl44yVLQAAACMAARAD.jpg,A_PR05ToNQKfQAAAAAAAAAAAAAAQAAAQ.jpg,0,109,212
A_JZpaTZWaJs8AAAAAAAAAAAAAAQAAAQ.jpg,A_N57xRZ6tBnwAAAAAAAAAAAAAAQAAAQ.jpg,0,62,157
xEkROLFrT8eZz88qyGMUDgAAACMAARAD.jpg,A_mHpGR5oYn_kAAAAAAAAAAAAAAQAAAQ.jpg,0,327,320
A_BTGhRL3hvxwAAAAAAAAAAAAAAQAAAQ.jpg,A_-sFNQYiDmkoAAAAAAAAAAAAAAQAAAQ.jpg,0,0,23
p_poUnC6T06GTFnucmRJSwAAACMAARAD.jpg,A_TnpqRIoO1cIAAAAAAAAAAAAAAQAAAQ.jpg,0,307,130
A_Pgp4TYloAOwAAAAAAAAAAAAAAQAAAQ.jpg,A_NJrCQ405yccAAAAAAAAAAAAAAQAAAQ.jpg,0,281,100
A_0-ELRoJDoOAAAAAAAAAAAAAAAQAAAQ.jpg,A_Oj4CRqQrUiUAAAAAAAAAAAAAAQAAAQ.jpg,0,160,176
ZAn-g8hsST-RLZKUI_1_YgAAACMAARAD.jpg,A_H_ulSqKIeUgAAAAAAAAAAAAAAQAAAQ.jpg,0,177,93
A_MkJtQKVpPRIAAAAAAAAAAAAAAQAAAQ.jpg,A_WD_RToG7TiEAAAAAAAAAAAAAAQAAAQ.jpg,0,232,301
A_ZBuhRJ_erngAAAAAAAAAAAAAAQAAAQ.jpg,A_UbkTQI6a8oMAAAAAAAAAAAAAAQAAAQ.jpg,0,34,61
A_guRwTo_PyEAAAAAAAAAAAAAAAQAAAQ.jpg,A_7zpaTrXCE1sAAAAAAAAAAAAAAQAAAQ.jpg,0,185,288
A_KYy1R7vQUokAAAAAAAAAAAAAAQAAAQ.jpg,A_ZBuhRJ_erngAAAAAAAAAAAAAAQAAAQ.jpg,0,267,34
A_Mxe5T4Zt64cAAAAAAAAAAAAAAQAAAQ.jpg,A_BBKYSI37po4AAAAAAAAAAAAAAQAAAQ.jpg,0,237,111
A_5P07RJ-PIlkAAAAAAAAAAAAAAQAAAQ.jpg,A_sDy8TZweP6MAAAAAAAAAAAAAAQAAAQ.jpg,0,76,344
A_iGqzSrLtlcMAAAAAAAAAAAAAAQAAAQ.jpg,A_TwpZTY7QUIUAAAAAAAAAAAAAAQAAAQ.jpg,0,261,91
A_mQvKR47IcpkAAAAAAAAAAAAAAQAAAQ.jpg,A_EVAPRrwpj30AAAAAAAAAAAAAAQAAAQ.jpg,0,142,46
A_ahcnSoV8REQAAAAAAAAAAAAAAQAAAQ.jpg,A_4vgZSoQuhPgAAAAAAAAAAAAAAQAAAQ.jpg,0,285,294
A__DG-QaId_tcAAAAAAAAAAAAAAQAAAQ.jpg,A_qA51SrJMwRIAAAAAAAAAAAAAAQAAAQ.jpg,0,87,222
A_LvVhRqiGvcIAAAAAAAAAAAAAAQAAAQ.jpg,A_2n3hQr-JmJQAAAAAAAAAAAAAAQAAAQ.jpg,0,194,16
A_bBofSp4thsQAAAAAAAAAAAAAAQAAAQ.jpg,A_TACLS6bGmFUAAAAAAAAAAAAAAQAAAQ.jpg,0,45,236
A_N0opT5roVPAAAAAAAAAAAAAAAQAAAQ.jpg,8bqSm5suQB-TkC66R2F-lgAAACMAARAD.jpg,0,242,177
A_AZo8QKwUkYAAAAAAAAAAAAAAAQAAAQ.jpg,Z1qDRVboSz625P_djDkBSwAAACMAARAD.jpg,0,263,315
A_uUKRRIhcetkAAAAAAAAAAAAAAQAAAQ.jpg,A_lv0eRrxAXNwAAAAAAAAAAAAAAQAAAQ.jpg,0,262,193
A_8MxtS7nrx5oAAAAAAAAAAAAAAQAAAQ.jpg,A_Q8HDR58ZuAwAAAAAAAAAAAAAAQAAAQ.jpg,0,53,251
A_2iAoQIypnLoAAAAAAAAAAAAAAQAAAQ.jpg,A_7TXVT6R41bwAAAAAAAAAAAAAAQAAAQ.jpg,0,254,161
A_OuUyQI8epH8AAAAAAAAAAAAAAQAAAQ.jpg,A_HngbSJVJVYUAAAAAAAAAAAAAAQAAAQ.jpg,0,51,112
A_j72ARLb_6boAAAAAAAAAAAAAAQAAAQ.jpg,A_C1q8QJNLNrEAAAAAAAAAAAAAAQAAAQ.jpg,0,161,336
A_hAAHRLBv6kUAAAAAAAAAAAAAAQAAAQ.jpg,A_LngHSpFXTD4AAAAAAAAAAAAAAQAAAQ.jpg,0,202,336
A_qzxeRo3Av5AAAAAAAAAAAAAAAQAAAQ.jpg,A_m8sWQpOHV-EAAAAAAAAAAAAAAQAAAQ.jpg,0,346,25
A_RzQdRY8vhLkAAAAAAAAAAAAAAQAAAQ.jpg,A_1LQLSI-tEM4AAAAAAAAAAAAAAQAAAQ.jpg,0,146,278
A_LaJXSLgvcWAAAAAAAAAAAAAAAQAAAQ.jpg,A_uJ6ISJ1NElsAAAAAAAAAAAAAAQAAAQ.jpg,0,185,256
A_PIcHTa2SqFsAAAAAAAAAAAAAAQAAAQ.jpg,A_AoHdR7FLKwgAAAAAAAAAAAAAAQAAAQ.jpg,0,284,178
Sz6t1kxuSjqrB9PpBED6oAAAACMAARED.jpg,A_fiAjSYGYmikAAAAAAAAAAAAAAQAAAQ.jpg,0,54,110
A_BT-TSJ2u3kMAAAAAAAAAAAAAAQAAAQ.jpg,qOv8xeZkRVeDHmMZ8t0QaAAAACMAARAD.jpg,0,279,219
A_6bWnTrslKhwAAAAAAAAAAAAAAQAAAQ.jpg,A_Uw6pRLOcnFcAAAAAAAAAAAAAAQAAAQ.jpg,0,158,242
Fv9FYvAkQc6AGTP11upBrwAAACMAARAD.jpg,2G8MIAaDRluIS-ucQOWdigAAACMAARAD.jpg,0,4,54
nLPicZeITKm4SZnyM0IhZAAAACMAARAD.jpg,A_k_RPQYZRrkAAAAAAAAAAAAAAAQAAAQ.jpg,0,219,125
A_CKcESIEZPPsAAAAAAAAAAAAAAQAAAQ.jpg,A_g3QTTLBYHsUAAAAAAAAAAAAAAQAAAQ.jpg,0,198,136
A__euTTbzk1_QAAAAAAAAAAAAAAQAAAQ.jpg,obyrOEluQJ2NMnX7G7GA0wAAACMAARAD.jpg,0,210,306
A_A17DRrV-btsAAAAAAAAAAAAAAQAAAQ.jpg,i_qZgpvUQ6CuKFZzKixaaQAAACMAARAD.jpg,0,33,323
A_tXnbSLxsqkoAAAAAAAAAAAAAAQAAAQ.jpg,A_cWO0Sb2sA9gAAAAAAAAAAAAAAQAAAQ.jpg,0,96,200
6g8v5a03RwKTmcG_80RgNwAAACMAARED.jpg,A_En5pQIHy308AAAAAAAAAAAAAAQAAAQ.jpg,0,321,264
A_AcFbQoqDqRwAAAAAAAAAAAAAAQAAAQ.jpg,A_hFIsQqIAQwEAAAAAAAAAAAAAAQAAAQ.jpg,0,345,81
A_JzxkRq5CL7UAAAAAAAAAAAAAAQAAAQ.jpg,nAi--2AISa2-kG4iYClrZAAAACMAARAD.jpg,0,216,129
A_vBLvSIjsr5oAAAAAAAAAAAAAAQAAAQ.jpg,A_3RTJT4kY-YoAAAAAAAAAAAAAAQAAAQ.jpg,0,308,118
A_q9E-TreZOpcAAAAAAAAAAAAAAQAAAQ.jpg,A_FSyZQ40qPbEAAAAAAAAAAAAAAQAAAQ.jpg,0,276,257
A_rSzhRpb8U-sAAAAAAAAAAAAAAQAAAQ.jpg,A_QYfVToXTeu0AAAAAAAAAAAAAAQAAAQ.jpg,0,18,229
A_PXh2Q7BkVC0AAAAAAAAAAAAAAQAAAQ.jpg,A_NDzHTLNzG5MAAAAAAAAAAAAAAQAAAQ.jpg,0,122,235
A_gMo-T6IQdv0AAAAAAAAAAAAAAQAAAQ.jpg,A_zE7OR59AboMAAAAAAAAAAAAAAQAAAQ.jpg,0,215,341
A_HBC_SqXcNasAAAAAAAAAAAAAAQAAAQ.jpg,IJnfoTCGRzy_PnKxNA20FAAAACMAARAD.jpg,0,53,306
A_5zUtS5frsf4AAAAAAAAAAAAAAQAAAQ.jpg,A_DAaRSIZ4OM0AAAAAAAAAAAAAAQAAAQ.jpg,0,148,301
A_KjDbQJVMoCMAAAAAAAAAAAAAAQAAAQ.jpg,A_-sFNQYiDmkoAAAAAAAAAAAAAAQAAAQ.jpg,0,171,23
A_NDzHTLNzG5MAAAAAAAAAAAAAAQAAAQ.jpg,A_T_xdRoOUXqsAAAAAAAAAAAAAAQAAAQ.jpg,0,235,140
A_rZL0S6dvFYsAAAAAAAAAAAAAAQAAAQ.jpg,A_uskbRJwK4XwAAAAAAAAAAAAAAQAAAQ.jpg,0,175,154
A_qL1DQ52JFAsAAAAAAAAAAAAAAQAAAQ.jpg,A_j8CBQYr_ECQAAAAAAAAAAAAAAQAAAQ.jpg,0,44,185
A_tXSZTIQiK3YAAAAAAAAAAAAAAQAAAQ.jpg,A_S4LDTLYmuK0AAAAAAAAAAAAAAQAAAQ.jpg,0,151,36
A_tiodTJuNpegAAAAAAAAAAAAAAQAAAQ.jpg,A_rZCET7Bcu5YAAAAAAAAAAAAAAQAAAQ.jpg,0,252,143
_Gk8A1x2SNG4u7FHq0Ix4wAAACMAARAD.jpg,A_rlcDQb1PUYMAAAAAAAAAAAAAAQAAAQ.jpg,0,72,197
A_wMMDQIdbntYV1_RPvr7IlAAAAQAAAQ.jpg,A_T1teTI7MnHUAAAAAAAAAAAAAAQAAAQ.jpg,0,63,152
A_zz-aSZh8rzMAAAAAAAAAAAAAAQAAAQ.jpg,A_0elSSaRbFWQAAAAAAAAAAAAAAQAAAQ.jpg,0,127,46
A_45ZeSYlRX04AAAAAAAAAAAAAAQAAAQ.jpg,A__zLJQayQmP0AAAAAAAAAAAAAAQAAAQ.jpg,0,338,91
A_Vg6lSL6paE4AAAAAAAAAAAAAAQAAAQ.jpg,4zN2JMNhQYWDS2AtX0u64wAAACMAARAD.jpg,0,191,54
A_VPDvSqwWeHQAAAAAAAAAAAAAAQAAAQ.jpg,A_GdTOQ6xnzZMAAAAAAAAAAAAAAQAAAQ.jpg,0,287,342
A_stmPT54njmIAAAAAAAAAAAAAAQAAAQ.jpg,A_WB6uRqwOQD8AAAAAAAAAAAAAAQAAAQ.jpg,0,147,245
A_VJVSRaHUMhcAAAAAAAAAAAAAAQAAAQ.jpg,A_r5lyTqEh9NQAAAAAAAAAAAAAAQAAAQ.jpg,0,169,170
A_vgbBT4flQykAAAAAAAAAAAAAAQAAAQ.jpg,A_mbl7SbkDKR4AAAAAAAAAAAAAAQAAAQ.jpg,0,279,16
A_OeVtR5t3G6UAAAAAAAAAAAAAAQAAAQ.jpg,A_qK0OTL76_bMAAAAAAAAAAAAAAQAAAQ.jpg,0,28,21
YogXrvTpT3CF9S-8BEORggAAACMAARAD.jpg,A_Pdg4R4YxRpwAAAAAAAAAAAAAAQAAAQ.jpg,0,71,295
A_xev2QKoaebgAAAAAAAAAAAAAAQAAAQ.jpg,A_K0ldRalVubcAAAAAAAAAAAAAAQAAAQ.jpg,0,112,24
A_HlrvTLj4tU8AAAAAAAAAAAAAAQAAAQ.jpg,A_q1-cSYaye8AAAAAAAAAAAAAAAQAAAQ.jpg,0,289,279
A_vdO2RolMKVcAAAAAAAAAAAAAAQAAAQ.jpg,A_4OAEQbtm3HIAAAAAAAAAAAAAAQAAAQ.jpg,0,98,12
A_p9HhS7p0Ow0AAAAAAAAAAAAAAQAAAQ.jpg,A_gmv7RZlv2wwAAAAAAAAAAAAAAQAAAQ.jpg,0,77,263
A_3vZpQYswJPEAAAAAAAAAAAAAAQAAAQ.jpg,zusOFo_RSsqRAqtrfJ1fEgAAACMAARAD.jpg,0,304,348
A_0Z_BTJTyxrUAAAAAAAAAAAAAAQAAAQ.jpg,A_R094QKfEc7UAAAAAAAAAAAAAAQAAAQ.jpg,0,135,272
A_UHv6TJv2h5cAAAAAAAAAAAAAAQAAAQ.jpg,A_KhFwTKJ4XWwAAAAAAAAAAAAAAQAAAQ.jpg,0,283,338
ZHZk4AZQS--WR22W_HmhtwAAACMAARAD.jpg,A_fXp1S7xHV6YAAAAAAAAAAAAAAQAAAQ.jpg,0,109,106
A_J1SrQIrDKEsAAAAAAAAAAAAAAQAAAQ.jpg,A_AAb-SaRo2rwAAAAAAAAAAAAAAQAAAQ.jpg,0,103,175
A_FhdITbO2NLEAAAAAAAAAAAAAAQAAAQ.jpg,A_HylzQ4MvXaYAAAAAAAAAAAAAAQAAAQ.jpg,0,102,218
KtjlPeKCRb-0vismjLY7MgAAACMAARED.jpg,A_SU_3R4a-QnYAAAAAAAAAAAAAAQAAAQ.jpg,0,128,259
A_xNCNSreklsIAAAAAAAAAAAAAAQAAAQ.jpg,A_pOfiQ7jDy14AAAAAAAAAAAAAAQAAAQ.jpg,0,1,13
A_TQ2VSpdE9mMAAAAAAAAAAAAAAQAAAQ.jpg,A_G_d-SZ5LZZsAAAAAAAAAAAAAAQAAAQ.jpg,0,136,143
A_4mW0Q5rIZpgAAAAAAAAAAAAAAQAAAQ.jpg,A_tnTVTK86bn0AAAAAAAAAAAAAAQAAAQ.jpg,0,162,227
A_OwX6S7nJKi4AAAAAAAAAAAAAAQAAAQ.jpg,A_EzsXSL1ECOQAAAAAAAAAAAAAAQAAAQ.jpg,0,220,240
A_cbghTYuoEzQAAAAAAAAAAAAAAQAAAQ.jpg,A_X5hASJq4FlIAAAAAAAAAAAAAAQAAAQ.jpg,0,314,240
A_D9o9T7zICSYbaeZMlwxEKQAAAQAAAQ.jpg,A_wmoBRoo-T8IAAAAAAAAAAAAAAQAAAQ.jpg,0,113,279
A_K1SDTrzJRsMAAAAAAAAAAAAAAQAAAQ.jpg,A_2lrgQ5piRFsAAAAAAAAAAAAAAQAAAQ.jpg,0,82,123
A_oU0aQJ48IRsAAAAAAAAAAAAAAQAAAQ.jpg,A_NpaSRqrF3DwAAAAAAAAAAAAAAQAAAQ.jpg,0,133,196
A_kJWgSJRDpycAAAAAAAAAAAAAAQAAAQ.jpg,A_CXMsQL5lJd8AAAAAAAAAAAAAAQAAAQ.jpg,0,228,246
A_hOPkQ74MAngAAAAAAAAAAAAAAQAAAQ.jpg,A_ccDFRJJgbtIAAAAAAAAAAAAAAQAAAQ.jpg,0,80,0
A_AMHwR48il0gAAAAAAAAAAAAAAQAAAQ.jpg,A_Q6HgTaP6E2QAAAAAAAAAAAAAAQAAAQ.jpg,0,139,179
A_HngbSJVJVYUAAAAAAAAAAAAAAQAAAQ.jpg,A_ngf3S4H6_NkAAAAAAAAAAAAAAQAAAQ.jpg,0,112,231
A_zxwhSKLMsogAAAAAAAAAAAAAAQAAAQ.jpg,nLPicZeITKm4SZnyM0IhZAAAACMAARAD.jpg,0,147,219
A_ACqjTY_SpjgAAAAAAAAAAAAAAQAAAQ.jpg,do9fiCurQMewDq6x14MTlgAAACMAARAD.jpg,0,256,226
ee9SWo2zTeyS2Xh3WfHGaQAAACMAARAD.jpg,A_1y6dQaZsLNQAAAAAAAAAAAAAAQAAAQ.jpg,0,155,100
A_vdO2RolMKVcAAAAAAAAAAAAAAQAAAQ.jpg,dsoua9awQ96zA43Lqf2KVgAAACMAARAD.jpg,0,98,226
A_RZTaRK3bJIcAAAAAAAAAAAAAAQAAAQ.jpg,A_sqlbQYqQlFAAAAAAAAAAAAAAAQAAAQ.jpg,0,123,158
A_OrR4RrU6OP0AAAAAAAAAAAAAAQAAAQ.jpg,A_MtxfT4wtikgAAAAAAAAAAAAAAQAAAQ.jpg,0,212,286
5xr55tW6SGCb4W78k-0IXwAAACMAARAD.jpg,A_FgqDQY4q28cAAAAAAAAAAAAAAQAAAQ.jpg,0,211,104
A_ZlCjSaYPrmAAAAAAAAAAAAAAAQAAAQ.jpg,A_-pSrT6xClQcAAAAAAAAAAAAAAQAAAQ.jpg,0,336,97
A_0MTNRpRpwNIAAAAAAAAAAAAAAQAAAQ.jpg,A_dNP4R4O9ASkAAAAAAAAAAAAAAQAAAQ.jpg,0,36,257
hoWp7-3lQi-3jCssfpyVaAAAACMAARAD.jpg,A_vbb5RrhFhKkAAAAAAAAAAAAAAQAAAQ.jpg,0,166,220
A_7z2dSpjqRhsAAAAAAAAAAAAAAQAAAQ.jpg,8bqSm5suQB-TkC66R2F-lgAAACMAARAD.jpg,0,302,177
A_m_SBTJ0x4UgAAAAAAAAAAAAAAQAAAQ.jpg,A_OeVhQYZQBVoAAAAAAAAAAAAAAQAAAQ.jpg,0,309,157
A_jXO8TqgUNaEAAAAAAAAAAAAAAQAAAQ.jpg,A_AoHdR7FLKwgAAAAAAAAAAAAAAQAAAQ.jpg,0,3,178
K36qV-IBRmOVon1zVvZi5gAAACMAARAD.jpg,A_FraFT4NK-OwAAAAAAAAAAAAAAQAAAQ.jpg,0,321,204
A_Tq4LQ449vfgAAAAAAAAAAAAAAQAAAQ.jpg,A_wr26TqasgdEAAAAAAAAAAAAAAQAAAQ.jpg,0,269,165
A_7MhsTIG0_08AAAAAAAAAAAAAAQAAAQ.jpg,A_1WHrSb70BwYAAAAAAAAAAAAAAQAAAQ.jpg,0,278,347
oO24Om4hRGmWxTCA3nJ4iwAAACMAARAD.jpg,A_KtrxQJE_sIMAAAAAAAAAAAAAAQAAAQ.jpg,0,211,33
A_i7AkRLef484AAAAAAAAAAAAAAQAAAQ.jpg,A_437OSrredWUAAAAAAAAAAAAAAQAAAQ.jpg,0,240,271
A_aMsUT5Uw1pYAAAAAAAAAAAAAAQAAAQ.jpg,A_tdauTaw260cAAAAAAAAAAAAAAQAAAQ.jpg,0,337,264
A_ZLTNQ5wA3nfUqBpHgJS9MQAAAQAAAQ.jpg,A_Li70RYXYOToAAAAAAAAAAAAAAQAAAQ.jpg,0,63,171
A_iK_RRJMtR_0AAAAAAAAAAAAAAQAAAQ.jpg,A_vAl2Q52NU9MAAAAAAAAAAAAAAQAAAQ.jpg,0,101,340
A_vA8kSp4KcUUAAAAAAAAAAAAAAQAAAQ.jpg,A_NpaSRqrF3DwAAAAAAAAAAAAAAQAAAQ.jpg,0,141,196
A_FAjZTYOIvbUAAAAAAAAAAAAAAQAAAQ.jpg,A_FSyZQ40qPbEAAAAAAAAAAAAAAQAAAQ.jpg,0,57,257
A_2zMUSqlxKlkAAAAAAAAAAAAAAQAAAQ.jpg,A_D4eMSbEh5C8AAAAAAAAAAAAAAQAAAQ.jpg,0,248,202
A_CWhQSqgeUq4AAAAAAAAAAAAAAQAAAQ.jpg,wOtJM1xTQZ6YLMlLIsR6RQAAACMAARAD.jpg,0,345,132
A_JzxkRq5CL7UKXIZGrRlzfQAAAQAAAQ.jpg,A_m8smT6igYF8AAAAAAAAAAAAAAQAAAQ.jpg,0,216,12
A_2TkOSZj4Q5QAAAAAAAAAAAAAAQAAAQ.jpg,A_zMhHRKUhSuEAAAAAAAAAAAAAAQAAAQ.jpg,0,108,148
A_DYI0S469juQAAAAAAAAAAAAAAQAAAQ.jpg,A_5JaUS5e0nHAAAAAAAAAAAAAAAQAAAQ.jpg,0,223,204
A_T0RwQ6RpE-AAAAAAAAAAAAAAAQAAAQ.jpg,A_7boYR4gvvhMAAAAAAAAAAAAAAQAAAQ.jpg,0,33,152
A_9SxdQYnmGb8AAAAAAAAAAAAAAQAAAQ.jpg,A_mSuHQqYkujMAAAAAAAAAAAAAAQAAAQ.jpg,0,259,319
A_6BoNTIj6Zn8AAAAAAAAAAAAAAQAAAQ.jpg,A_mbl7SbkDKR4AAAAAAAAAAAAAAQAAAQ.jpg,0,126,16
A_X-X-Tq1BLFsAAAAAAAAAAAAAAQAAAQ.jpg,A_jC-uQI9wmRgAAAAAAAAAAAAAAQAAAQ.jpg,0,42,75
A_TfvQTrtOPDQAAAAAAAAAAAAAAQAAAQ.jpg,A_CJEPQZwY7_IAAAAAAAAAAAAAAQAAAQ.jpg,0,243,191
A_uUKRRIhcetkAAAAAAAAAAAAAAQAAAQ.jpg,A_lhr8T5PNQm0AAAAAAAAAAAAAAQAAAQ.jpg,0,262,231
A_LaJXSLgvcWABL0VDvY1hqgAAAQAAAQ.jpg,A_6anUTaPKAZ0AAAAAAAAAAAAAAQAAAQ.jpg,0,185,330
A_jZ1QQ773-Q8AAAAAAAAAAAAAAQAAAQ.jpg,A_g1RJRYomLtAAAAAAAAAAAAAAAQAAAQ.jpg,0,98,89
A_Z4zcS4aqMeIAAAAAAAAAAAAAAQAAAQ.jpg,A_hPGSRoU0C8kAAAAAAAAAAAAAAQAAAQ.jpg,0,253,308
A_aYeATJcaX1MAAAAAAAAAAAAAAQAAAQ.jpg,A_qE1fTpJ19QIAAAAAAAAAAAAAAQAAAQ.jpg,0,249,144
A_xvAiTaIgyiIAAAAAAAAAAAAAAQAAAQ.jpg,A_fJ6qQJnwL64AAAAAAAAAAAAAAQAAAQ.jpg,0,154,305
A_SdoSTYqbvSUAAAAAAAAAAAAAAQAAAQ.jpg,A_rZL0S6dvFYsAAAAAAAAAAAAAAQAAAQ.jpg,0,153,175
A_K9CLR4e8IykAAAAAAAAAAAAAAQAAAQ.jpg,jljP-9JORDyajV3g_xwG_wAAACMAARAD.jpg,0,346,129
p_poUnC6T06GTFnucmRJSwAAACMAARAD.jpg,A_oGUWTJP5TlUAAAAAAAAAAAAAAQAAAQ.jpg,0,307,202
A_AQhlTojyuDEAAAAAAAAAAAAAAQAAAQ.jpg,A_FxEiTbFDhBMAAAAAAAAAAAAAAQAAAQ.jpg,0,231,21
A_BMEtTpAKIZUAAAAAAAAAAAAAAQAAAQ.jpg,A_lv0eRrxAXNwAAAAAAAAAAAAAAQAAAQ.jpg,0,247,193
A_rsioTJ5AOrcAAAAAAAAAAAAAAQAAAQ.jpg,A_DNjCS6LPySIAAAAAAAAAAAAAAQAAAQ.jpg,0,9,272
A_Hn4STI9pSQMAAAAAAAAAAAAAAQAAAQ.jpg,A_h8ycS56cyH0AAAAAAAAAAAAAAQAAAQ.jpg,0,40,11
A_gvZqQKxzVa4AAAAAAAAAAAAAAQAAAQ.jpg,A_uzHRSJ5nN_cAAAAAAAAAAAAAAQAAAQ.jpg,0,200,335
A_yaQwRrApyMQAAAAAAAAAAAAAAQAAAQ.jpg,A_Yr4NS4nQky8AAAAAAAAAAAAAAQAAAQ.jpg,0,276,281
A_Zg2QToXslCsAAAAAAAAAAAAAAQAAAQ.jpg,A_jjT_Q5XInXYAAAAAAAAAAAAAAQAAAQ.jpg,0,273,92
A_gmv7RZlv2wwAAAAAAAAAAAAAAQAAAQ.jpg,A_YzaKT4AwIvIAAAAAAAAAAAAAAQAAAQ.jpg,0,263,26
A_MqoKS5Y6Hm8AAAAAAAAAAAAAAQAAAQ.jpg,A_wr26TqasgdEAAAAAAAAAAAAAAQAAAQ.jpg,0,333,165
A_qDygQaMbmCsAAAAAAAAAAAAAAQAAAQ.jpg,A_qK0OTL76_bMAAAAAAAAAAAAAAQAAAQ.jpg,0,119,21
A_YwS1QpL6r01b6sxKihNftwAAAQAAAQ.jpg,A_y3o0T5zshLsAAAAAAAAAAAAAAQAAAQ.jpg,0,248,152
A_T_ZjQpBDIJEAAAAAAAAAAAAAAQAAAQ.jpg,A_dx0gTp9A5A0AAAAAAAAAAAAAAQAAAQ.jpg,0,183,105
A_hxoTSL4Np6AAAAAAAAAAAAAAAQAAAQ.jpg,A_2DA2SZLf5vEAAAAAAAAAAAAAAQAAAQ.jpg,0,349,24
A_CWhQSqgeUq4AAAAAAAAAAAAAAQAAAQ.jpg,A_lXDEQaoW4GsAAAAAAAAAAAAAAQAAAQ.jpg,0,345,125
A_juPfTZQWNPEAAAAAAAAAAAAAAQAAAQ.jpg,A_vbb5RrhFhKkAAAAAAAAAAAAAAQAAAQ.jpg,0,30,220
A_50hVQpJOh38AAAAAAAAAAAAAAQAAAQ.jpg,A_DJoqQr7L5-IAAAAAAAAAAAAAAQAAAQ.jpg,0,333,36
A_Oj4CRqQrUiU9b2pImURI-AAAAQAAAQ.jpg,MfYoqfAzSxyKWkDANp68IQAAACMAARAD.jpg,0,176,132
A_m-aWTY3Ot-AAAAAAAAAAAAAAAQAAAQ.jpg,A_CgA9TI6N9eIAAAAAAAAAAAAAAQAAAQ.jpg,0,26,227
A_04oDR5lbyT4AAAAAAAAAAAAAAQAAAQ.jpg,A_dmmqQrIoeIMAAAAAAAAAAAAAAQAAAQ.jpg,0,163,279
njtY4KL6SaGt4JXiaTK7hgAAACMAARAD.jpg,A_YdltQ4U0sNcAAAAAAAAAAAAAAQAAAQ.jpg,0,238,275
A_g9LKSo8QMHyeCIdHtLdTyQAAAQAAAQ.jpg,A_enA1RrPs6TgAAAAAAAAAAAAAAQAAAQ.jpg,0,173,130
A_FjITQKM8yiQAAAAAAAAAAAAAAQAAAQ.jpg,A_mFe3QKV54XcAAAAAAAAAAAAAAQAAAQ.jpg,0,210,185
LkTAGmb3TGuGGZHU52brUQAAACMAARAD.jpg,A_KBNRRqQe8vsAAAAAAAAAAAAAAQAAAQ.jpg,0,207,317
A_mbdXS47FykQAAAAAAAAAAAAAAQAAAQ.jpg,A_UH_uSo5LjOsAAAAAAAAAAAAAAQAAAQ.jpg,0,252,101
A_h0UnRoWDbBQAAAAAAAAAAAAAAQAAAQ.jpg,A_ncTYTqtScNEAAAAAAAAAAAAAAQAAAQ.jpg,0,181,299
A_HdTBQ4sX5vwAAAAAAAAAAAAAAQAAAQ.jpg,A_JiCCQqK4VcEAAAAAAAAAAAAAAQAAAQ.jpg,0,195,92
A_Tt6HTJdxA1kAAAAAAAAAAAAAAQAAAQ.jpg,A_V4M-S5Mt__QAAAAAAAAAAAAAAQAAAQ.jpg,0,19,191
A_hxoTSL4Np6AAAAAAAAAAAAAAAQAAAQ.jpg,A_W-xaT78i22MAAAAAAAAAAAAAAQAAAQ.jpg,0,349,50
A_sKuhSojVYo8AAAAAAAAAAAAAAQAAAQ.jpg,A_KQwhSbAW-YwAAAAAAAAAAAAAAQAAAQ.jpg,0,114,195
A_f7WbRLWc904AAAAAAAAAAAAAAQAAAQ.jpg,A_4uZrQJsALPQAAAAAAAAAAAAAAQAAAQ.jpg,0,142,135
A_NloJTpjGmzjncmZIj3dViAAAAQAAAQ.jpg,A_sDy8TZweP6MAAAAAAAAAAAAAAQAAAQ.jpg,0,62,344
A_aDWaRJ0Cte4AAAAAAAAAAAAAAQAAAQ.jpg,A_Pgp4TYloAOwAAAAAAAAAAAAAAQAAAQ.jpg,0,200,281
A_TA9aSIHyoewAAAAAAAAAAAAAAQAAAQ.jpg,A_VKWZTI04Y7wAAAAAAAAAAAAAAQAAAQ.jpg,0,139,41
A_K3lrQrI1-gIAAAAAAAAAAAAAAQAAAQ.jpg,A_00wGQ6p8j_UAAAAAAAAAAAAAAQAAAQ.jpg,0,334,214
A_gvZqQKxzVa4AAAAAAAAAAAAAAQAAAQ.jpg,A_K3lrQrI1-gIAAAAAAAAAAAAAAQAAAQ.jpg,0,200,334
A_KvIqQII-39YAAAAAAAAAAAAAAQAAAQ.jpg,A_kNnVT6iAT-oAAAAAAAAAAAAAAQAAAQ.jpg,0,233,145
55fo6TlLS8mFijkrYINs0AAAACMAARAD.jpg,qHnFLmDMQMiYxAn70xvcRwAAACMAARAD.jpg,0,56,208
A_0MTNRpRpwNIAAAAAAAAAAAAAAQAAAQ.jpg,A_Vu_PRqVmM8AAAAAAAAAAAAAAAQAAAQ.jpg,0,36,14
A_2PhBQZl-wekAAAAAAAAAAAAAAQAAAQ.jpg,A_Uw6pRLOcnFcAAAAAAAAAAAAAAQAAAQ.jpg,0,2,242
A_aA69SpvZhQQAAAAAAAAAAAAAAQAAAQ.jpg,Kaf40bOpT5G9tQ2a92m9aQAAACMAARAD.jpg,0,311,186
A_SDD3Q6kABacAAAAAAAAAAAAAAQAAAQ.jpg,A_mbl7SbkDKR4AAAAAAAAAAAAAAQAAAQ.jpg,0,247,16
A_PXh2Q7BkVC0AAAAAAAAAAAAAAQAAAQ.jpg,A_a9r9Rpz61BcAAAAAAAAAAAAAAQAAAQ.jpg,0,122,0
A_KQwhSbAW-YwAAAAAAAAAAAAAAQAAAQ.jpg,lYGQmBMSTy-dsdIl44yVLQAAACMAARAD.jpg,0,195,109
A_Tt6HTJdxA1kAAAAAAAAAAAAAAQAAAQ.jpg,A_TgAqQpXQPWgAAAAAAAAAAAAAAQAAAQ.jpg,0,19,139
A_nxAwQ7FMivcAAAAAAAAAAAAAAQAAAQ.jpg,A_ds1XTZvQ5xIAAAAAAAAAAAAAAQAAAQ.jpg,0,338,242
vGAKq-TMTNeV5LTAlBj5ggAAACMAARAD.jpg,A_ZX7pT4uWMgsAAAAAAAAAAAAAAQAAAQ.jpg,0,27,268
A_JVyUR7w6Td0AAAAAAAAAAAAAAQAAAQ.jpg,EIpoK14ATmCiS-H_pM6kvAAAACMAARAD.jpg,0,244,54
A_TACLS6bGmFUAAAAAAAAAAAAAAQAAAQ.jpg,A_HAtPTLANbMAAAAAAAAAAAAAAAQAAAQ.jpg,0,236,124
A_nJFYQIdXJJIAAAAAAAAAAAAAAQAAAQ.jpg,A_XM12Tbb-EPQAAAAAAAAAAAAAAQAAAQ.jpg,0,138,78
A_viZgTZtLdIkAAAAAAAAAAAAAAQAAAQ.jpg,A_B17tQL9G7GAAAAAAAAAAAAAAAQAAAQ.jpg,0,311,331
yzkrh0IDQUS0CKZZtweE0gAAACMAARAD.jpg,A_spNeTrbTaesAAAAAAAAAAAAAAQAAAQ.jpg,0,99,114
A_KKQgQ7mQpz4AAAAAAAAAAAAAAQAAAQ.jpg,A_EkWETZHkU5kAAAAAAAAAAAAAAQAAAQ.jpg,0,7,212
A_02oeQZQGpSIAAAAAAAAAAAAAAQAAAQ.jpg,HqDGqYKiSIyabK5pfkisgQAAACMAARAD.jpg,0,297,164
A_-8egQoGBdtoAAAAAAAAAAAAAAQAAAQ.jpg,A_Fk7aSIVdPRsAAAAAAAAAAAAAAQAAAQ.jpg,0,86,156
A_LZQHRJnzs8kAAAAAAAAAAAAAAQAAAQ.jpg,A_6wWbR7D5KboAAAAAAAAAAAAAAQAAAQ.jpg,0,85,61
A_BvagTqt2xW0AAAAAAAAAAAAAAQAAAQ.jpg,A_MfvYSISsOaYAAAAAAAAAAAAAAQAAAQ.jpg,0,180,59
A_uY8RT48iBmoAAAAAAAAAAAAAAQAAAQ.jpg,A_ZovJRIoln2wAAAAAAAAAAAAAAQAAAQ.jpg,0,178,47
A_oLSJS49B_k4AAAAAAAAAAAAAAQAAAQ.jpg,A_wMMDQIdbntYAAAAAAAAAAAAAAQAAAQ.jpg,0,317,63
A_2JASQbN8i68AAAAAAAAAAAAAAQAAAQ.jpg,A_FbS7RJkTRPNfx85Au_Zp3gAAAQAAAQ.jpg,0,182,99
A__9DkRL2nqzgAAAAAAAAAAAAAAQAAAQ.jpg,A_0ZuNSaLNy7EAAAAAAAAAAAAAAQAAAQ.jpg,0,222,156
A_TiDfT7B8BmwAAAAAAAAAAAAAAQAAAQ.jpg,A_VKWZTI04Y7wAAAAAAAAAAAAAAQAAAQ.jpg,0,152,41
A_dZG9Q4576q8AAAAAAAAAAAAAAQAAAQ.jpg,A_KvIqQII-39YAAAAAAAAAAAAAAQAAAQ.jpg,0,183,233
A_JeVRS799a2wAAAAAAAAAAAAAAQAAAQ.jpg,A_7OgCTLT7J9AAAAAAAAAAAAAAAQAAAQ.jpg,0,122,2
O4evSscSQOaRanT5DclZ5wAAACMAARAD.jpg,A_PNRuRprSSG4AAAAAAAAAAAAAAQAAAQ.jpg,0,4,335
A_9BKdSKvV9UEAAAAAAAAAAAAAAQAAAQ.jpg,A_uqQZTalXwHYAAAAAAAAAAAAAAQAAAQ.jpg,0,149,301
A_guRwTo_PyEAAAAAAAAAAAAAAAQAAAQ.jpg,A_nwlKT4igLyQAAAAAAAAAAAAAAQAAAQ.jpg,0,185,37
crE-yGuKTyaiQLaA4borcAAAACMAARAD.jpg,A_GhJrQqvVGfAAAAAAAAAAAAAAAQAAAQ.jpg,0,109,46
A_v9o_T5ly55wAAAAAAAAAAAAAAQAAAQ.jpg,A_mbdXS47FykQAAAAAAAAAAAAAAQAAAQ.jpg,0,344,252
A_Uzk2SrABsKIAAAAAAAAAAAAAAQAAAQ.jpg,A_vzFyQL-m9f0AAAAAAAAAAAAAAQAAAQ.jpg,0,153,11
A_pjQHSIF6MY0AAAAAAAAAAAAAAQAAAQ.jpg,A_3muFRpfosX0AAAAAAAAAAAAAAQAAAQ.jpg,0,114,10
A_JFQFRqCRuosXeWdMn9bYtQAAAQAAAQ.jpg,A_5zh3RYWgmsoAAAAAAAAAAAAAAQAAAQ.jpg,0,68,76
A_pgK-T52w7eYAAAAAAAAAAAAAAQAAAQ.jpg,A_ul0zRLO4ulQAAAAAAAAAAAAAAQAAAQ.jpg,0,172,74
A_lPjNSaZ7r9wAAAAAAAAAAAAAAQAAAQ.jpg,A_nIZXQ4X15HUAAAAAAAAAAAAAAQAAAQ.jpg,0,333,100
A_2YPaRq8ajt8AAAAAAAAAAAAAAQAAAQ.jpg,A_ryBhQJmZFnUAAAAAAAAAAAAAAQAAAQ.jpg,0,284,267
A_h-8AQKUCJ6wAAAAAAAAAAAAAAQAAAQ.jpg,A_b1QxQpUO7yYAAAAAAAAAAAAAAQAAAQ.jpg,0,257,322
A_usXqRrG0zfAAAAAAAAAAAAAAAQAAAQ.jpg,A_pWwkQowUWlcAAAAAAAAAAAAAAQAAAQ.jpg,0,88,30
40cC6HWzRva34jaC_YZZAwAAACMAARED.jpg,A_fbzVQ5muvQIAAAAAAAAAAAAAAQAAAQ.jpg,0,128,77
A_YwS1QpL6r01b6sxKihNftwAAAQAAAQ.jpg,A_gzSGTYTpSLkAAAAAAAAAAAAAAQAAAQ.jpg,0,248,340
A_iJVwTais0UgAAAAAAAAAAAAAAQAAAQ.jpg,A_UH_uSo5LjOsAAAAAAAAAAAAAAQAAAQ.jpg,0,131,101
A_OxJLQbA5qOUAAAAAAAAAAAAAAQAAAQ.jpg,VH_MJsWWTsmHaQP-fiUEjwAAACMAARAD.jpg,0,267,56
CsysDwi5QjeJ03Wvg2F9SAAAACMAARAD.jpg,A_05zKQb6bySIAAAAAAAAAAAAAAQAAAQ.jpg,0,99,216
A_f7WbRLWc904AAAAAAAAAAAAAAQAAAQ.jpg,A_Ver0Ro7tFCYAAAAAAAAAAAAAAQAAAQ.jpg,0,142,222
A_pNVfTIS6svkAAAAAAAAAAAAAAQAAAQ.jpg,95yWrxU0SHOjvzfmAl1GjwAAACMAARAD.jpg,0,293,174
A_kiLeTKqEGUkAAAAAAAAAAAAAAQAAAQ.jpg,A_mVW5RI4asboAAAAAAAAAAAAAAQAAAQ.jpg,0,1,255
A_chnJTr6v4Y8AAAAAAAAAAAAAAQAAAQ.jpg,_QZZGgcwSouH-KhMhR6KcAAAACMAARAD.jpg,0,216,150
A_mbl_QJe6wqwAAAAAAAAAAAAAAQAAAQ.jpg,A_IMYWSosTeskAAAAAAAAAAAAAAQAAAQ.jpg,0,168,240
A_ePq8Ras0owIAAAAAAAAAAAAAAQAAAQ.jpg,A_ahGrQpcJLS8AAAAAAAAAAAAAAQAAAQ.jpg,0,320,345
A_K4WSQ7vM7ccAAAAAAAAAAAAAAQAAAQ.jpg,A_tnVbTq1hG0IAAAAAAAAAAAAAAQAAAQ.jpg,0,265,194
A_puDYQoa6ZyAAAAAAAAAAAAAAAQAAAQ.jpg,A_qr-cQJhu1vcAAAAAAAAAAAAAAQAAAQ.jpg,0,160,35
A_Fe62T5TAJ7UAAAAAAAAAAAAAAQAAAQ.jpg,A_1BkkT5s3pZkAAAAAAAAAAAAAAQAAAQ.jpg,0,277,304
A_9Hj6Q4nQNhEAAAAAAAAAAAAAAQAAAQ.jpg,A_UQQgTbu6c8UAAAAAAAAAAAAAAQAAAQ.jpg,0,299,90
A_8SymQq9cMdAAAAAAAAAAAAAAAQAAAQ.jpg,A__YxFR6NzEjQecYhCqT3cqQAAAQAAAQ.jpg,0,283,13
A_Vu_PRqVmM8AAAAAAAAAAAAAAAQAAAQ.jpg,A_SsVBRJzukC8AAAAAAAAAAAAAAQAAAQ.jpg,0,14,308
A_Tt6HTJdxA1kAAAAAAAAAAAAAAQAAAQ.jpg,A_eKPdQ7NuzWMAAAAAAAAAAAAAAQAAAQ.jpg,0,19,79
A_eKNXQLRk11AAAAAAAAAAAAAAAQAAAQ.jpg,A_CKxEQpBINjYAAAAAAAAAAAAAAQAAAQ.jpg,0,112,43
A_g-92SYG_mcMAAAAAAAAAAAAAAQAAAQ.jpg,A_6rXsToXOMygAAAAAAAAAAAAAAQAAAQ.jpg,0,184,290
A_o6tyRpwL8I0AAAAAAAAAAAAAAQAAAQ.jpg,A_Urt9TpyTclsAAAAAAAAAAAAAAQAAAQ.jpg,0,100,37
A_CRqJQKCtnOMAAAAAAAAAAAAAAQAAAQ.jpg,A_UvfzQoniuIkAAAAAAAAAAAAAAQAAAQ.jpg,0,341,283
A_zR9xTI8bns0AAAAAAAAAAAAAAQAAAQ.jpg,A_7zzVQYVHFHgAAAAAAAAAAAAAAQAAAQ.jpg,0,168,158
A_2DA2SZLf5vEAAAAAAAAAAAAAAQAAAQ.jpg,A_pNVfTIS6svkAAAAAAAAAAAAAAQAAAQ.jpg,0,24,293
A_CKxEQpBINjYAAAAAAAAAAAAAAQAAAQ.jpg,A_j72ARLb_6boAAAAAAAAAAAAAAQAAAQ.jpg,0,43,161
_QZZGgcwSouH-KhMhR6KcAAAACMAARAD.jpg,8HPPNmXFR0O3msRIxa8WnQAAACMAARAD.jpg,0,150,188
A_ahcnSoV8REQAAAAAAAAAAAAAAQAAAQ.jpg,A_sqlbQYqQlFAAAAAAAAAAAAAAAQAAAQ.jpg,0,285,158
A_w8x7SaCEWdkAAAAAAAAAAAAAAQAAAQ.jpg,A_3skiQIpmWr0AAAAAAAAAAAAAAQAAAQ.jpg,0,58,319
A_wOpJTqcwk4QAAAAAAAAAAAAAAQAAAQ.jpg,A_vnXSQKJqb1QAAAAAAAAAAAAAAQAAAQ.jpg,0,39,40
A_otkrQ6x55ioAAAAAAAAAAAAAAQAAAQ.jpg,A_LRDNQb_6khoAAAAAAAAAAAAAAQAAAQ.jpg,0,123,342
A_JTXPTI39PMkAAAAAAAAAAAAAAQAAAQ.jpg,A_0GHaQ5v1mnFBBtxPokPDawAAAQAAAQ.jpg,0,199,64
A_TlQXRagTGKcAAAAAAAAAAAAAAQAAAQ.jpg,A_gleuQrcJ404AAAAAAAAAAAAAAQAAAQ.jpg,0,172,8
A_5dhIRrfer5YAAAAAAAAAAAAAAQAAAQ.jpg,A_XMPcQI5Fqs0AAAAAAAAAAAAAAQAAAQ.jpg,0,65,159
A_M6rDSaJqguwAAAAAAAAAAAAAAQAAAQ.jpg,A_RI1UQ5lyw1EAAAAAAAAAAAAAAQAAAQ.jpg,0,25,94
A_hs3nRoC1zt8AAAAAAAAAAAAAAQAAAQ.jpg,A_D-WxSLxg0XwAAAAAAAAAAAAAAQAAAQ.jpg,0,28,127
A_A17DRrV-btsAAAAAAAAAAAAAAQAAAQ.jpg,A_eyX9SoPYLnUAAAAAAAAAAAAAAQAAAQ.jpg,0,33,261
xPWXoOz0RJ2uGy381aUq9wAAACMAARAD.jpg,A_vjMsQZpQaTkAAAAAAAAAAAAAAQAAAQ.jpg,0,348,133
A_cIYGQ7AY1_4AAAAAAAAAAAAAAQAAAQ.jpg,A_tFWpS7wqAh0AAAAAAAAAAAAAAQAAAQ.jpg,0,133,39
A_DEkJRYlXFNsAAAAAAAAAAAAAAQAAAQ.jpg,A_xl9CQIhvmFsAAAAAAAAAAAAAAQAAAQ.jpg,0,268,313
A_iWCAS7hDyJEAAAAAAAAAAAAAAQAAAQ.jpg,A_f8MgS5sAGg0AAAAAAAAAAAAAAQAAAQ.jpg,0,281,93
A_fCtlTa7af0gAAAAAAAAAAAAAAQAAAQ.jpg,A_3HV_SoaRBjcAAAAAAAAAAAAAAQAAAQ.jpg,0,227,260
A_u5XySKZ9cywAAAAAAAAAAAAAAQAAAQ.jpg,A_CJEPQZwY7_LC6f1Fh61-vQAAAQAAAQ.jpg,0,274,191
0GdWO5icQbKwpuwrEKLdgwAAACMAARAD.jpg,A_nwlKT4igLyQAAAAAAAAAAAAAAQAAAQ.jpg,0,307,37
A_tZlpQLPXXpQAAAAAAAAAAAAAAQAAAQ.jpg,elFmGazMSCiTA9cBKwcuMwAAACMAARAD.jpg,0,84,327
A_zE7OR59AboMAAAAAAAAAAAAAAQAAAQ.jpg,A_twQYRK5U5dUAAAAAAAAAAAAAAQAAAQ.jpg,0,341,122
A_yqmVSY6yhroAAAAAAAAAAAAAAQAAAQ.jpg,A_Vj6TRJ-ZsmwAAAAAAAAAAAAAAQAAAQ.jpg,0,104,63
A_3S3LTZgdkc9UCstAt954pwAAAQAAAQ.jpg,A_fDM3T7_Er0wAAAAAAAAAAAAAAQAAAQ.jpg,0,331,21
A_lOYRTrARg8kAAAAAAAAAAAAAAQAAAQ.jpg,A_y3o0T5zshLsAAAAAAAAAAAAAAQAAAQ.jpg,0,285,152
bLTeDYoJSBixVjfTNNJNCwAAACMAARAD.jpg,A_Rx6HR586O4sAAAAAAAAAAAAAAQAAAQ.jpg,0,70,325
A_cRO-RpI4ux8AAAAAAAAAAAAAAQAAAQ.jpg,A_3S3LTZgdkc8AAAAAAAAAAAAAAQAAAQ.jpg,0,256,331
A_5zUtS5frsf4AAAAAAAAAAAAAAQAAAQ.jpg,A_mVW5RI4asboAAAAAAAAAAAAAAQAAAQ.jpg,0,148,255
A_MwufRZG5iJ8AAAAAAAAAAAAAAQAAAQ.jpg,xBdVq70UQVmGuGbRAbLiKAAAACMAARAD.jpg,0,236,291
A_ChqmSJ1Ok-IAAAAAAAAAAAAAAQAAAQ.jpg,A_ul0zRLO4ulQAAAAAAAAAAAAAAQAAAQ.jpg,0,153,74
A_Vb0FSquZ6YkAAAAAAAAAAAAAAQAAAQ.jpg,A_5TYSRLGnvfEAAAAAAAAAAAAAAQAAAQ.jpg,0,237,214
A_5SyITq15BGgAAAAAAAAAAAAAAQAAAQ.jpg,qt9ydc-FTHqABlnv0E338AAAACMAARAD.jpg,0,121,150
A_hwdWQq75_mQAAAAAAAAAAAAAAQAAAQ.jpg,A_dKLgQptthFkAAAAAAAAAAAAAAQAAAQ.jpg,0,7,55
A_-RuUS7F6LpsAAAAAAAAAAAAAAQAAAQ.jpg,A_En5pQIHy308AAAAAAAAAAAAAAQAAAQ.jpg,0,346,264
A_FbS7RJkTRPNfx85Au_Zp3gAAAQAAAQ.jpg,A_h4c5Sad3a7IAAAAAAAAAAAAAAQAAAQ.jpg,0,99,40
A_qAmbQo1B3boAAAAAAAAAAAAAAQAAAQ.jpg,QdzTTlrGTCCQ1F9xM9w-rwAAACMAARED.jpg,0,293,321
VjekR6ueSNOq94VvNYUcgAAAACMAARAD.jpg,A_zRxmTpGb1kMAAAAAAAAAAAAAAQAAAQ.jpg,0,310,183
A_sqlbQYqQlFAAAAAAAAAAAAAAAQAAAQ.jpg,MkS_FJIUSj-AkfBJ2KVoEwAAACMAARAD.jpg,0,158,208
1yv1XFmYQIqGC3ETpIuU2QAAACMAARAD.jpg,A_A29dTpQ8IOwAAAAAAAAAAAAAAQAAAQ.jpg,0,70,124
6s492Y5LR5Kto8OzVdvpHQAAACMAARAD.jpg,IsIe7tHGSEe9XWBTYTZTqwAAACMAARAD.jpg,0,120,310
A_CkzESoa57iMAAAAAAAAAAAAAAQAAAQ.jpg,A_uUKRRIhcetkAAAAAAAAAAAAAAQAAAQ.jpg,0,116,262
A_CJEPQZwY7_LC6f1Fh61-vQAAAQAAAQ.jpg,A_dLjnR7Wqd6IAAAAAAAAAAAAAAQAAAQ.jpg,0,191,17
A_AQhlTojyuDEAAAAAAAAAAAAAAQAAAQ.jpg,A_0d9RQp7aDvQAAAAAAAAAAAAAAQAAAQ.jpg,0,231,318
A_Tt6HTJdxA1kAAAAAAAAAAAAAAQAAAQ.jpg,A_Uj6uSofgBi8AAAAAAAAAAAAAAQAAAQ.jpg,0,19,74
A_95Z4QIMBISQAAAAAAAAAAAAAAQAAAQ.jpg,A_gMo-T6IQdv0AAAAAAAAAAAAAAQAAAQ.jpg,0,184,215
A_Ieo9SKFx2U0AAAAAAAAAAAAAAQAAAQ.jpg,A_kCm8SqJ4xbQAAAAAAAAAAAAAAQAAAQ.jpg,0,82,299
A_wxWxSZH1r_QAAAAAAAAAAAAAAQAAAQ.jpg,A_o3aNQ59nIZoAAAAAAAAAAAAAAQAAAQ.jpg,0,293,94
A_YQaOR4fTfKQAAAAAAAAAAAAAAQAAAQ.jpg,A_SPVDQZ3l49AAAAAAAAAAAAAAAQAAAQ.jpg,0,42,275
A_YlkgQbNnNSoAAAAAAAAAAAAAAQAAAQ.jpg,A_hKxiQrUhfZUAAAAAAAAAAAAAAQAAAQ.jpg,0,19,141
A__2g8SIdev1YAAAAAAAAAAAAAAQAAAQ.jpg,RZ0pi9gnRguCbwW_2IFLegAAACMAARAD.jpg,0,153,315
J9zK50Y5RvujoRzPnQkXBAAAACMAARAD.jpg,A_y6yGT6qZ-m4AAAAAAAAAAAAAAQAAAQ.jpg,0,349,103
A_djD3Q5SP9N0AAAAAAAAAAAAAAQAAAQ.jpg,A_Vj6TRJ-ZsmwAAAAAAAAAAAAAAQAAAQ.jpg,0,32,63
A_jKAHQ6HeOiMAAAAAAAAAAAAAAQAAAQ.jpg,A_Uj6uSofgBi8AAAAAAAAAAAAAAQAAAQ.jpg,0,285,74
A_spNeTrbTaesAAAAAAAAAAAAAAQAAAQ.jpg,A_SE5MTp9TUMsAAAAAAAAAAAAAAQAAAQ.jpg,0,114,42
A_4OwVSaVoxg4AAAAAAAAAAAAAAQAAAQ.jpg,A_gvZqQKxzVa4AAAAAAAAAAAAAAQAAAQ.jpg,0,170,200
A_ItmHSrXG59IAAAAAAAAAAAAAAQAAAQ.jpg,HuSWm8MwS8C21fYeSVVyagAAACMAARAD.jpg,0,179,134
A_SwDLSLSKMi8AAAAAAAAAAAAAAQAAAQ.jpg,A_aMDbQ5OmVQ4AAAAAAAAAAAAAAQAAAQ.jpg,0,131,95
A_J29lTq0PoBYAAAAAAAAAAAAAAQAAAQ.jpg,A_jyxVSZAdZnkAAAAAAAAAAAAAAQAAAQ.jpg,0,83,299
A_djD3Q5SP9N0AAAAAAAAAAAAAAQAAAQ.jpg,A_KdR7So14o4sAAAAAAAAAAAAAAQAAAQ.jpg,0,32,36
9EtIyANfQc61eEfskXaVGQAAACMAARED.jpg,A_HRkFRZKRfK4AAAAAAAAAAAAAAQAAAQ.jpg,0,174,330
aa7CED-ZTiSSG_-WFIoMkwAAACMAARAD.jpg,5tv9hCixSeCiHja6EI7b6AAAACMAARAD.jpg,0,166,120
A_dKLgQptthFkAAAAAAAAAAAAAAQAAAQ.jpg,A_fR9dQ5HrbU4AAAAAAAAAAAAAAQAAAQ.jpg,0,55,18
A_I0duQIGPqIUAAAAAAAAAAAAAAQAAAQ.jpg,A_Nt0WS7-bibUAAAAAAAAAAAAAAQAAAQ.jpg,0,187,278
A_f93rT43JBg0AAAAAAAAAAAAAAQAAAQ.jpg,A_9_VjT5AcH1cAAAAAAAAAAAAAAQAAAQ.jpg,0,102,64
x22XN24XQiaxAuBA2h4LVQAAACMAARAD.jpg,A_qXnRSq_alQ0AAAAAAAAAAAAAAQAAAQ.jpg,0,107,260
A_gmv7RZlv2wwAAAAAAAAAAAAAAQAAAQ.jpg,A_59V-S7ievU8AAAAAAAAAAAAAAQAAAQ.jpg,0,263,349
A_GdTOQ6xnzZMAAAAAAAAAAAAAAQAAAQ.jpg,A_RU49RpH8I6MAAAAAAAAAAAAAAQAAAQ.jpg,0,342,270
A_twQYRK5U5dUAAAAAAAAAAAAAAQAAAQ.jpg,A_HFprSoUoL2gAAAAAAAAAAAAAAQAAAQ.jpg,0,122,189
A_wmoBRoo-T8IAAAAAAAAAAAAAAQAAAQ.jpg,A_FYeLRIlqv1sAAAAAAAAAAAAAAQAAAQ.jpg,0,279,318
A_xKkVSpQDOR8AAAAAAAAAAAAAAQAAAQ.jpg,A_KBNRRqQe8vsAAAAAAAAAAAAAAQAAAQ.jpg,0,79,317
A_wPiZSI8pSBIAAAAAAAAAAAAAAQAAAQ.jpg,A_SXGPT6VlGv0AAAAAAAAAAAAAAQAAAQ.jpg,0,157,15
A_2_HRRLUDXZsAAAAAAAAAAAAAAQAAAQ.jpg,A_WFX-R60X0GEAAAAAAAAAAAAAAQAAAQ.jpg,0,267,62
A_b8rTTZnRnF8AAAAAAAAAAAAAAQAAAQ.jpg,A_Y5j1R78FBNEAAAAAAAAAAAAAAQAAAQ.jpg,0,172,231
A_3RTJT4kY-YoAAAAAAAAAAAAAAQAAAQ.jpg,A_c_ljRZmOJuEAAAAAAAAAAAAAAQAAAQ.jpg,0,118,214
A_J9o_QJCEnBQAAAAAAAAAAAAAAQAAAQ.jpg,A_T2lFRJy5a2gAAAAAAAAAAAAAAQAAAQ.jpg,0,94,28
A_87ZNTKwrTcYAAAAAAAAAAAAAAQAAAQ.jpg,A_D-WxSLxg0XwAAAAAAAAAAAAAAQAAAQ.jpg,0,30,127
IvmXxLWaQd-LKBYjjNz-zwAAACMAARAD.jpg,A_P-NXTr4se6gAAAAAAAAAAAAAAQAAAQ.jpg,0,315,233
A_ACqjTY_SpjgAAAAAAAAAAAAAAQAAAQ.jpg,A_XJPfQZIMlRoAAAAAAAAAAAAAAQAAAQ.jpg,0,256,320
A_zjktQp-czbsAAAAAAAAAAAAAAQAAAQ.jpg,A_HblBQpqvsuIAAAAAAAAAAAAAAQAAAQ.jpg,0,118,225
A_aMDbQ5OmVQ4AAAAAAAAAAAAAAQAAAQ.jpg,HMN8oNTtTIaofpt7eRl3dwAAACMAARAD.jpg,0,95,208
A_4ZfXQLOWYBsAAAAAAAAAAAAAAQAAAQ.jpg,A_ZBuhRJ_erngAAAAAAAAAAAAAAQAAAQ.jpg,0,97,34
A_yBncQYqQkt4AAAAAAAAAAAAAAQAAAQ.jpg,A_uzHRSJ5nN_cAAAAAAAAAAAAAAQAAAQ.jpg,0,250,335
A_stmPT54njmIAAAAAAAAAAAAAAQAAAQ.jpg,A_hmzySYUBMZIAAAAAAAAAAAAAAQAAAQ.jpg,0,147,38
A_viZgTZtLdIkAAAAAAAAAAAAAAQAAAQ.jpg,A_FOOWRLdgH6EAAAAAAAAAAAAAAQAAAQ.jpg,0,311,42
dRX2p0mwRrumfcxLhB9tHAAAACMAARAD.jpg,A_Ah0RSqD5FGsAAAAAAAAAAAAAAQAAAQ.jpg,0,6,118
A_29ykT6cSV_gAAAAAAAAAAAAAAQAAAQ.jpg,A_LvVhRqiGvcIAAAAAAAAAAAAAAQAAAQ.jpg,0,247,194
A_llXqTpsSgWwAAAAAAAAAAAAAAQAAAQ.jpg,A_Uh4ZRZjAbOAAAAAAAAAAAAAAAQAAAQ.jpg,0,90,52
A_gR_YR4d18TQAAAAAAAAAAAAAAQAAAQ.jpg,A_5P07RJ-PIlkAAAAAAAAAAAAAAQAAAQ.jpg,0,127,76
A_h3xWQb_tMC0AAAAAAAAAAAAAAQAAAQ.jpg,A_P_orQb_1tnYAAAAAAAAAAAAAAQAAAQ.jpg,0,328,269
A_5rhHQ4uH0DUAAAAAAAAAAAAAAQAAAQ.jpg,A_K1SDTrzJRsMAAAAAAAAAAAAAAQAAAQ.jpg,0,343,82
A_0RBhTJcWtikAAAAAAAAAAAAAAQAAAQ.jpg,A_j72ARLb_6boAAAAAAAAAAAAAAQAAAQ.jpg,0,270,161
A_zE7OR59AboMAAAAAAAAAAAAAAQAAAQ.jpg,A_7_k1RLN9nvMAAAAAAAAAAAAAAQAAAQ.jpg,0,341,254
A_5QphQrKDPQgAAAAAAAAAAAAAAQAAAQ.jpg,A_guRwTo_PyEAAAAAAAAAAAAAAAQAAAQ.jpg,0,285,185
A_zcYfTIvp2lMAAAAAAAAAAAAAAQAAAQ.jpg,A_pfnXQq9r3uoAAAAAAAAAAAAAAQAAAQ.jpg,0,277,199
A_CC3tRqsji7gAAAAAAAAAAAAAAQAAAQ.jpg,A_3JWtT62FzhAAAAAAAAAAAAAAAQAAAQ.jpg,0,234,290
A_437OSrredWUAAAAAAAAAAAAAAQAAAQ.jpg,A_Mxe5T4Zt64cAAAAAAAAAAAAAAQAAAQ.jpg,0,271,237
A__YxFR6NzEjQecYhCqT3cqQAAAQAAAQ.jpg,A_Y2VTRawsj20AAAAAAAAAAAAAAQAAAQ.jpg,0,13,250
A_gaFyQKDOiR8AAAAAAAAAAAAAAQAAAQ.jpg,A_Ej53QIThr-wAAAAAAAAAAAAAAQAAAQ.jpg,0,35,57
A_UH_uSo5LjOsAAAAAAAAAAAAAAQAAAQ.jpg,A_a-RNSrOUV5IAAAAAAAAAAAAAAQAAAQ.jpg,0,101,296
A__YxFR6NzEjQAAAAAAAAAAAAAAQAAAQ.jpg,A_BUreSr9QuYgAAAAAAAAAAAAAAQAAAQ.jpg,0,13,337
A_1ruyQ7LcAuoAAAAAAAAAAAAAAQAAAQ.jpg,A_vgbBT4flQykAAAAAAAAAAAAAAQAAAQ.jpg,0,347,279
A_W2IxTrShf0MAAAAAAAAAAAAAAQAAAQ.jpg,A_DYI0S469juQAAAAAAAAAAAAAAQAAAQ.jpg,0,334,223
A_fR9dQ5HrbU4AAAAAAAAAAAAAAQAAAQ.jpg,A_4rz3RZuMxDMAAAAAAAAAAAAAAQAAAQ.jpg,0,18,165
A_n5qWSYMC0SYAAAAAAAAAAAAAAQAAAQ.jpg,A_N7TMSppc4iUAAAAAAAAAAAAAAQAAAQ.jpg,0,160,101
A_Mr_oTZ8LdmUAAAAAAAAAAAAAAQAAAQ.jpg,A_muDGRIJTyNcAAAAAAAAAAAAAAQAAAQ.jpg,0,181,252
A_vjMsQZpQaTkAAAAAAAAAAAAAAQAAAQ.jpg,A_V_QRSLt5ASoAAAAAAAAAAAAAAQAAAQ.jpg,0,133,93
A_HCX2Trvkdz8AAAAAAAAAAAAAAQAAAQ.jpg,A_P2osQYmaO-sAAAAAAAAAAAAAAQAAAQ.jpg,0,103,265
_Gk8A1x2SNG4u7FHq0Ix4wAAACMAARAD.jpg,A_KTLqT5wpOLMAAAAAAAAAAAAAAQAAAQ.jpg,0,72,225
eVAexCuGQ-2ZHt6vXBAIlwAAACMAARAD.jpg,A_wsMpQbMfJyAAAAAAAAAAAAAAAQAAAQ.jpg,0,219,125
A_UxuKRYc2x7YAAAAAAAAAAAAAAQAAAQ.jpg,A_0ZuNSaLNy7EAAAAAAAAAAAAAAQAAAQ.jpg,0,173,156
A_bU78Tpd1tvMAAAAAAAAAAAAAAQAAAQ.jpg,x22XN24XQiaxAuBA2h4LVQAAACMAARAD.jpg,0,90,107
A_hOPkQ74MAngAAAAAAAAAAAAAAQAAAQ.jpg,A_UbkTQI6a8oMAAAAAAAAAAAAAAQAAAQ.jpg,0,80,61
A_J1SrQIrDKEsAAAAAAAAAAAAAAQAAAQ.jpg,A_4ERZQIbzN0oAAAAAAAAAAAAAAQAAAQ.jpg,0,103,265
A_bBofSp4thsQAAAAAAAAAAAAAAQAAAQ.jpg,O1CN017Zqu3U1WkLrs8drP0_!!0-mtopupload.jpg,0,45,22
A_Ws9rTr4ssSIAAAAAAAAAAAAAAQAAAQ.jpg,A_r28UTJfMFeoAAAAAAAAAAAAAAQAAAQ.jpg,0,159,224
A_TgAqQpXQPWgAAAAAAAAAAAAAAQAAAQ.jpg,A_yhhDQbrQfGd8ld9BhzssNAAAAQAAAQ.jpg,0,139,206
A_92iARaRRPR8AAAAAAAAAAAAAAQAAAQ.jpg,eVAexCuGQ-2ZHt6vXBAIlwAAACMAARAD.jpg,0,84,219
A_K4WSQ7vM7ccAAAAAAAAAAAAAAQAAAQ.jpg,A_c_ljRZmOJuEAAAAAAAAAAAAAAQAAAQ.jpg,0,265,214
A_mFe3QKV54XcAAAAAAAAAAAAAAQAAAQ.jpg,A__pBPR5UaDJ8AAAAAAAAAAAAAAQAAAQ.jpg,0,185,229
IvmXxLWaQd-LKBYjjNz-zwAAACMAARAD.jpg,A_eqkkQptcgkUAAAAAAAAAAAAAAQAAAQ.jpg,0,315,94
A_XMPcQI5Fqs0AAAAAAAAAAAAAAQAAAQ.jpg,A_a-RNSrOUV5IAAAAAAAAAAAAAAQAAAQ.jpg,0,159,296
A_g-_gS6bU8hYAAAAAAAAAAAAAAQAAAQ.jpg,A_Tgc3Sb0KwMEAAAAAAAAAAAAAAQAAAQ.jpg,0,216,340
A_SBeaQLvJMpwAAAAAAAAAAAAAAQAAAQ.jpg,A_T_xdRoOUXqsAAAAAAAAAAAAAAQAAAQ.jpg,0,225,140
A_G_d-SZ5LZZsAAAAAAAAAAAAAAQAAAQ.jpg,A_BXDpSpUjofgAAAAAAAAAAAAAAQAAAQ.jpg,0,143,68
A_Zq-wSaT7ot8AAAAAAAAAAAAAAQAAAQ.jpg,A_J-7MTKEefysAAAAAAAAAAAAAAQAAAQ.jpg,0,1,44
A_VsLNT7sWz3wAAAAAAAAAAAAAAQAAAQ.jpg,A_spNeTrbTaesAAAAAAAAAAAAAAQAAAQ.jpg,0,322,114
A_1KykSqIp3y0AAAAAAAAAAAAAAQAAAQ.jpg,A_rsioTJ5AOrcAAAAAAAAAAAAAAQAAAQ.jpg,0,133,9
A_pNVfTIS6svkAAAAAAAAAAAAAAQAAAQ.jpg,A_osC4T6WDCO8AAAAAAAAAAAAAAQAAAQ.jpg,0,293,202
A_2DA2SZLf5vEAAAAAAAAAAAAAAQAAAQ.jpg,A_stmPT54njmIAAAAAAAAAAAAAAQAAAQ.jpg,0,24,147
A_8MxtS7nrx5oAAAAAAAAAAAAAAQAAAQ.jpg,A_qQf9R5n-NaYAAAAAAAAAAAAAAQAAAQ.jpg,0,53,10
xBdVq70UQVmGuGbRAbLiKAAAACMAARAD.jpg,A_Zg2QToXslCsAAAAAAAAAAAAAAQAAAQ.jpg,0,291,273
A_OQH-TZVbsjsAAAAAAAAAAAAAAQAAAQ.jpg,A_7zzVQYVHFHgAAAAAAAAAAAAAAQAAAQ.jpg,0,249,158
A_YrcgQoK0NyIAAAAAAAAAAAAAAQAAAQ.jpg,A_lZcdSrXwlt8AAAAAAAAAAAAAAQAAAQ.jpg,0,215,102
A_jKAHQ6HeOiMAAAAAAAAAAAAAAQAAAQ.jpg,A_chnJTr6v4Y9vQqpAmLZa1AAAAQAAAQ.jpg,0,285,216
PWdM972oTLS4wJJ319jekgAAACMAARED.jpg,frarTD7lTOqgeRc7RMPqNQAAACMAARAD.jpg,0,321,188
A_wSWmTr7_FucAAAAAAAAAAAAAAQAAAQ.jpg,1DUlr4dURtqhdRrCS69ZgAAAACMAARAD.jpg,0,302,310
A_0mFaQoSKPVgAAAAAAAAAAAAAAQAAAQ.jpg,A_3TwiRJY6T9oAAAAAAAAAAAAAAQAAAQ.jpg,0,87,235
A_hwdWQq75_mQAAAAAAAAAAAAAAQAAAQ.jpg,CsysDwi5QjeJ03Wvg2F9SAAAACMAARAD.jpg,0,7,99
Xep9PWi-TnyRkBu-1lOpugAAACMAARAD.jpg,A_y8iFSJzwNJ4AAAAAAAAAAAAAAQAAAQ.jpg,0,150,272
A_ngf3S4H6_NkAAAAAAAAAAAAAAQAAAQ.jpg,A_PM4uTLm28AgAAAAAAAAAAAAAAQAAAQ.jpg,0,231,304
1DUlr4dURtqhdRrCS69ZgAAAACMAARAD.jpg,A__z-iTZs2YvEAAAAAAAAAAAAAAQAAAQ.jpg,0,310,14
A_8F6fTqWbVLkAAAAAAAAAAAAAAQAAAQ.jpg,A_c8JATZGzi1cAAAAAAAAAAAAAAQAAAQ.jpg,0,247,156
A_BUqXSoHm6xYAAAAAAAAAAAAAAQAAAQ.jpg,A_o6tyRpwL8I0AAAAAAAAAAAAAAQAAAQ.jpg,0,309,100
A_MfvYSISsOaYAAAAAAAAAAAAAAQAAAQ.jpg,A_9FlLRZb9wXUAAAAAAAAAAAAAAQAAAQ.jpg,0,59,49
A__ZWPQJQKX10AAAAAAAAAAAAAAQAAAQ.jpg,A_3C7oQa_cOiMAAAAAAAAAAAAAAQAAAQ.jpg,0,314,330
A_chnJTr6v4Y9vQqpAmLZa1AAAAQAAAQ.jpg,A_xx0YQr5BNq8AAAAAAAAAAAAAAQAAAQ.jpg,0,216,147
A_CfJDTJ9aiOAAAAAAAAAAAAAAAQAAAQ.jpg,A_oVKNTpeuTjMAAAAAAAAAAAAAAQAAAQ.jpg,0,121,296
A_OeVhQYZQBVoAAAAAAAAAAAAAAQAAAQ.jpg,A_wdK2RIoM3SQAAAAAAAAAAAAAAQAAAQ.jpg,0,157,158
A_tnTVTK86bn0AAAAAAAAAAAAAAQAAAQ.jpg,i9DxLNTFRVa_ErPFgVJ3uAAAACMAARAD.jpg,0,227,327
A_s1uuSboGX58AAAAAAAAAAAAAAQAAAQ.jpg,A_vbb5RrhFhKkAAAAAAAAAAAAAAQAAAQ.jpg,0,171,220
A_TlQXRagTGKcAAAAAAAAAAAAAAQAAAQ.jpg,A_UxuKRYc2x7YAAAAAAAAAAAAAAQAAAQ.jpg,0,172,173
A_CJEPQZwY7_LC6f1Fh61-vQAAAQAAAQ.jpg,A_FWz-SLCNxIMAAAAAAAAAAAAAAQAAAQ.jpg,0,191,325
A_zfSUS4jx5k4AAAAAAAAAAAAAAQAAAQ.jpg,A_7iu8TpXAj0QAAAAAAAAAAAAAAQAAAQ.jpg,0,303,251
95yWrxU0SHOjvzfmAl1GjwAAACMAARAD.jpg,4AGq8NKSRuOp1uokfOiJnwAAACMAARAD.jpg,0,174,52
wIszWZIYQC224vOq0XhO2gAAACMAARAD.jpg,A_DkWtQphhpucAAAAAAAAAAAAAAQAAAQ.jpg,0,186,195
A_gFTnQbOQfY8AAAAAAAAAAAAAAQAAAQ.jpg,A_PKUBTpVo1sQAAAAAAAAAAAAAAQAAAQ.jpg,0,86,9
A_dLjnR7Wqd6IAAAAAAAAAAAAAAQAAAQ.jpg,shv8oNWbQzuuIU83B0uJKAAAACMAARAD.jpg,0,17,316
A_R094QKfEc7UAAAAAAAAAAAAAAQAAAQ.jpg,A_l2j4RaCCgj4AAAAAAAAAAAAAAQAAAQ.jpg,0,272,34
A_rSzhRpb8U-sAAAAAAAAAAAAAAQAAAQ.jpg,A_ysxzSpSaAJ0AAAAAAAAAAAAAAQAAAQ.jpg,0,18,66
yUud5fmzR3q6UJMUV6hLQwAAACMAARAD.jpg,A_tZlpQLPXXpQAAAAAAAAAAAAAAQAAAQ.jpg,0,306,84
A_qwMrRIrUjOkAAAAAAAAAAAAAAQAAAQ.jpg,A_Aw59RY7js60AAAAAAAAAAAAAAQAAAQ.jpg,0,100,5
A_DLk9QaFF3W0AAAAAAAAAAAAAAQAAAQ.jpg,A_Efp6QLrSZ-gAAAAAAAAAAAAAAQAAAQ.jpg,0,328,274
gssR255rQKW-hXQD0Y7E_AAAACMAARAD.jpg,A_Z7bIS7KQQFUAAAAAAAAAAAAAAQAAAQ.jpg,0,120,83
A_fKn_SJlVzk8AAAAAAAAAAAAAAQAAAQ.jpg,A_iK_RRJMtR_0AAAAAAAAAAAAAAQAAAQ.jpg,0,239,101
A_oZO5TK174JsAAAAAAAAAAAAAAQAAAQ.jpg,A_uJmSS6jwC_EAAAAAAAAAAAAAAQAAAQ.jpg,0,184,151
A_Hn4STI9pSQMAAAAAAAAAAAAAAQAAAQ.jpg,A_N994QIXZ_D0AAAAAAAAAAAAAAQAAAQ.jpg,0,40,117
A_PD58S5qjNQoAAAAAAAAAAAAAAQAAAQ.jpg,A_2FZXTozgPmkAAAAAAAAAAAAAAQAAAQ.jpg,0,262,305
A_fXp1S7xHV6YAAAAAAAAAAAAAAQAAAQ.jpg,A_A29dTpQ8IOwAAAAAAAAAAAAAAQAAAQ.jpg,0,106,124
A_0Z_BTJTyxrUAAAAAAAAAAAAAAQAAAQ.jpg,VH_MJsWWTsmHaQP-fiUEjwAAACMAARAD.jpg,0,135,56
A_8cyFQ4uebTYAAAAAAAAAAAAAAQAAAQ.jpg,A_gzSGTYTpSLkAAAAAAAAAAAAAAQAAAQ.jpg,0,116,340
f4a1-1TxSRStvQAki3vjjQAAACMAARAD.jpg,A_HBC_SqXcNasAAAAAAAAAAAAAAQAAAQ.jpg,0,150,53
A_BTUkT4Eo6pQAAAAAAAAAAAAAAQAAAQ.jpg,A_GDdvSZPa7M0AAAAAAAAAAAAAAQAAAQ.jpg,0,266,343
A_2FZXTozgPmkAAAAAAAAAAAAAAQAAAQ.jpg,A_jBgOSoE5gk8AAAAAAAAAAAAAAQAAAQ.jpg,0,305,196
A_L9_gSaoQ_w8AAAAAAAAAAAAAAQAAAQ.jpg,A_7_k1RLN9nvMAAAAAAAAAAAAAAQAAAQ.jpg,0,234,254
A_Rww6Rra53Y8AAAAAAAAAAAAAAQAAAQ.jpg,A_8cyFQ4uebTYAAAAAAAAAAAAAAQAAAQ.jpg,0,153,116
A_Vb0FSquZ6YkAAAAAAAAAAAAAAQAAAQ.jpg,A_PIcHTa2SqFsAAAAAAAAAAAAAAQAAAQ.jpg,0,237,284
A_UmpNSa_VTuYAAAAAAAAAAAAAAQAAAQ.jpg,A__NR8QZ1qcjQAAAAAAAAAAAAAAQAAAQ.jpg,0,228,97
A_4mW0Q5rIZpgAAAAAAAAAAAAAAQAAAQ.jpg,_Gk8A1x2SNG4u7FHq0Ix4wAAACMAARAD.jpg,0,162,72
eQT1_8OmRpKNZ41LUV90mQAAACMAARAD.jpg,A_5JaUS5e0nHAAAAAAAAAAAAAAAQAAAQ.jpg,0,6,204
A_xjiuTJsJUpsAAAAAAAAAAAAAAQAAAQ.jpg,A_-cgBQ7nWdC4AAAAAAAAAAAAAAQAAAQ.jpg,0,213,283
zGfOrLgJRWq4z48tv9EHeQAAACMAARAD.jpg,0GdWO5icQbKwpuwrEKLdgwAAACMAARAD.jpg,0,155,307
A_HTT-TokpzUQAAAAAAAAAAAAAAQAAAQ.jpg,A_FxEiTbFDhBMAAAAAAAAAAAAAAQAAAQ.jpg,0,268,21
A_C3FBR7ESg0MAAAAAAAAAAAAAAQAAAQ.jpg,A_TY-_RJN0r98AAAAAAAAAAAAAAQAAAQ.jpg,0,198,79
A_WKq6RIpKJSwAAAAAAAAAAAAAAQAAAQ.jpg,A_m-aWTY3Ot-AAAAAAAAAAAAAAAQAAAQ.jpg,0,228,26
A_to61RICU3tgAAAAAAAAAAAAAAQAAAQ.jpg,j00zrtFURoqtClI52lMJUAAAACMAARAD.jpg,0,139,192
A_iFNfS4GsUIAAAAAAAAAAAAAAAQAAAQ.jpg,A_19KTRKsU1bgAAAAAAAAAAAAAAQAAAQ.jpg,0,204,59
3TWmN3cgR6O-z4Ry4M-TngAAACMAARAD.jpg,cOr4Q-vIToudfDTJK_hYsQAAACMAARAD.jpg,0,132,4
A_0DqmSI5YLTYAAAAAAAAAAAAAAQAAAQ.jpg,A_BquTQbUQF58AAAAAAAAAAAAAAQAAAQ.jpg,0,87,197
A_BelDQrZMthQAAAAAAAAAAAAAAQAAAQ.jpg,A_T7tpTqdx0wcAAAAAAAAAAAAAAQAAAQ.jpg,0,217,159
A_xzWOSL6pNFAAAAAAAAAAAAAAAQAAAQ.jpg,A_Ka1IRZhFoOoAAAAAAAAAAAAAAQAAAQ.jpg,0,274,125
A_StnfT7ASR9gAAAAAAAAAAAAAAQAAAQ.jpg,A_CkzESoa57iMAAAAAAAAAAAAAAQAAAQ.jpg,0,113,116
A_m30KQICzj5QAAAAAAAAAAAAAAQAAAQ.jpg,A_hYZoTq_XxmAAAAAAAAAAAAAAAQAAAQ.jpg,0,332,331
A_D9w_QbDG9s4AAAAAAAAAAAAAAQAAAQ.jpg,A_RNCjTKWjh0YAAAAAAAAAAAAAAQAAAQ.jpg,0,26,106
A_3HV_SoaRBjcAAAAAAAAAAAAAAQAAAQ.jpg,A_7TWPT4_hkwwAAAAAAAAAAAAAAQAAAQ.jpg,0,260,345
A_ToioR6w5lKgAAAAAAAAAAAAAAQAAAQ.jpg,tk4mOGEERLCxkiRM1WOXuwAAACMAARAD.jpg,0,283,211
A_8g2uSoogj9AAAAAAAAAAAAAAAQAAAQ.jpg,K36qV-IBRmOVon1zVvZi5gAAACMAARAD.jpg,0,322,321
HO658TQUQEWkFzwQclWO6QAAACMAARAD.jpg,A_JywcTrmEceIAAAAAAAAAAAAAAQAAAQ.jpg,0,316,266
A_MVBqSa4_cZAAAAAAAAAAAAAAAQAAAQ.jpg,A_UM9FRqczn4sAAAAAAAAAAAAAAQAAAQ.jpg,0,284,42
A_vcbAQrSa0GIAAAAAAAAAAAAAAQAAAQ.jpg,Tt0AYk7ASkeS8q4TGaZ2FAAAACMAARAD.jpg,0,222,315
A_usXqRrG0zfAAAAAAAAAAAAAAAQAAAQ.jpg,A_jcJHTp85KP3Y3pFEtvZWcAAAAQAAAQ.jpg,0,88,64
A_5JaUS5e0nHAAAAAAAAAAAAAAAQAAAQ.jpg,A_w7bqQ6XbEQoAAAAAAAAAAAAAAQAAAQ.jpg,0,204,293
A_-JEPRbD0J4AAAAAAAAAAAAAAAQAAAQ.jpg,A__zLJQayQmP0AAAAAAAAAAAAAAQAAAQ.jpg,0,256,91
A_kiLeTKqEGUkAAAAAAAAAAAAAAQAAAQ.jpg,A_h-8AQKUCJ6wAAAAAAAAAAAAAAQAAAQ.jpg,0,1,257
A__V74SLTYzbMAAAAAAAAAAAAAAQAAAQ.jpg,A_bIcBTZ3tUqEAAAAAAAAAAAAAAQAAAQ.jpg,0,268,289
A_CosPQIcz5XEAAAAAAAAAAAAAAQAAAQ.jpg,A_QXekTrSGlYAAAAAAAAAAAAAAAQAAAQ.jpg,0,48,58
A_TaFsSK1IhcIAAAAAAAAAAAAAAQAAAQ.jpg,A_peVaRKhGG6EAAAAAAAAAAAAAAQAAAQ.jpg,0,294,338
A_ChqmSJ1Ok-IAAAAAAAAAAAAAAQAAAQ.jpg,A_04oDR5lbyT4AAAAAAAAAAAAAAQAAAQ.jpg,0,153,163
A_eaJbRIsiIAcAAAAAAAAAAAAAAQAAAQ.jpg,A_mQvKR47IcpkAAAAAAAAAAAAAAQAAAQ.jpg,0,278,142
A_xt-fRpljCNgAAAAAAAAAAAAAAQAAAQ.jpg,A_JvhQSaZL14UAAAAAAAAAAAAAAQAAAQ.jpg,0,83,75
A_wbFXSqEkpSMAAAAAAAAAAAAAAQAAAQ.jpg,A_Z4zcS4aqMeIAAAAAAAAAAAAAAQAAAQ.jpg,0,133,253
zusOFo_RSsqRAqtrfJ1fEgAAACMAARAD.jpg,A_6aJ8Sa2FS-YAAAAAAAAAAAAAAQAAAQ.jpg,0,348,317
A_p1e5QJ0g4lgAAAAAAAAAAAAAAQAAAQ.jpg,A_t6AyT4K76akAAAAAAAAAAAAAAQAAAQ.jpg,0,157,346
A_I-uhS4pzzngAAAAAAAAAAAAAAQAAAQ.jpg,A_W9fQSKt4JzUAAAAAAAAAAAAAAQAAAQ.jpg,0,260,95
A_puDYQoa6ZyAAAAAAAAAAAAAAAQAAAQ.jpg,A_GNYnToAhNA8AAAAAAAAAAAAAAQAAAQ.jpg,0,160,35
A_gYglR7OJR9MAAAAAAAAAAAAAAQAAAQ.jpg,A_uOCiT40f578AAAAAAAAAAAAAAQAAAQ.jpg,0,137,347
A_jcJHTp85KP1kygxCgRGH9AAAAQAAAQ.jpg,A_7z2dSpjqRhsAAAAAAAAAAAAAAQAAAQ.jpg,0,64,302
A_TfvQTrtOPDQAAAAAAAAAAAAAAQAAAQ.jpg,A_vaaqQKunbZkAAAAAAAAAAAAAAQAAAQ.jpg,0,243,141
A_ufHTQ6U54sAAAAAAAAAAAAAAAQAAAQ.jpg,A_aYeATJcaX1MAAAAAAAAAAAAAAQAAAQ.jpg,0,41,249
A_NJrCQ405yccAAAAAAAAAAAAAAQAAAQ.jpg,A_h3xWQb_tMC0AAAAAAAAAAAAAAQAAAQ.jpg,0,100,328
A_Sh8kTJUrbZoAAAAAAAAAAAAAAQAAAQ.jpg,A_KRnoQ5ccGD4AAAAAAAAAAAAAAQAAAQ.jpg,0,308,235
A_Aw59RY7js60AAAAAAAAAAAAAAQAAAQ.jpg,A_NpaSRqrF3DwAAAAAAAAAAAAAAQAAAQ.jpg,0,5,196
A_9Hj6Q4nQNhEAAAAAAAAAAAAAAQAAAQ.jpg,A_GtTURpEqgsQAAAAAAAAAAAAAAQAAAQ.jpg,0,299,111
A_I8uqQ7SlDm0AAAAAAAAAAAAAAQAAAQ.jpg,A__QqmTIAyqmIAAAAAAAAAAAAAAQAAAQ.jpg,0,271,211
A_puDYQoa6ZyAAAAAAAAAAAAAAAQAAAQ.jpg,A_ufHTQ6U54sAAAAAAAAAAAAAAAQAAAQ.jpg,0,160,41
A_CWhQSqgeUq4AAAAAAAAAAAAAAQAAAQ.jpg,A_Rh_cT7z_w7wAAAAAAAAAAAAAAQAAAQ.jpg,0,345,17
A_nec0R4X7desAAAAAAAAAAAAAAQAAAQ.jpg,A_J-7MTKEefysAAAAAAAAAAAAAAQAAAQ.jpg,0,189,44
A_Uh4ZRZjAbOAAAAAAAAAAAAAAAQAAAQ.jpg,A_b-8qRr28s_QAAAAAAAAAAAAAAQAAAQ.jpg,0,52,130
A_q3NGSb8R88wAAAAAAAAAAAAAAQAAAQ.jpg,A_sltnS47XRVEAAAAAAAAAAAAAAQAAAQ.jpg,0,253,201
A__LYISrzZ_GIAAAAAAAAAAAAAAQAAAQ.jpg,A_y8iFSJzwNJ4AAAAAAAAAAAAAAQAAAQ.jpg,0,287,272
A_DNjCS6LPySIAAAAAAAAAAAAAAQAAAQ.jpg,qOv8xeZkRVeDHmMZ8t0QaAAAACMAARAD.jpg,0,272,219
A_fR07TIw_Lx0AAAAAAAAAAAAAAQAAAQ.jpg,vGAKq-TMTNeV5LTAlBj5ggAAACMAARAD.jpg,0,37,27
A_stIeTZ6xLSQAAAAAAAAAAAAAAQAAAQ.jpg,A_Hu1zSa0hFccAAAAAAAAAAAAAAQAAAQ.jpg,0,172,187
O1CN01ukFKMv1kRwZQAdP64_!!0-mtopupload.jpg,A_7MhsTIG0_08AAAAAAAAAAAAAAQAAAQ.jpg,0,22,278
A_vtg4QphXQk8AAAAAAAAAAAAAAQAAAQ.jpg,A_sJaYS4HRJsQAAAAAAAAAAAAAAQAAAQ.jpg,0,236,245
Fv9FYvAkQc6AGTP11upBrwAAACMAARAD.jpg,A_05j1Q7VInwsAAAAAAAAAAAAAAQAAAQ.jpg,0,4,66
A_CRqJQKCtnOMAAAAAAAAAAAAAAQAAAQ.jpg,A_E3hiQIEwtSkAAAAAAAAAAAAAAQAAAQ.jpg,0,341,142
A_RZTaRK3bJIcAAAAAAAAAAAAAAQAAAQ.jpg,A_j8CBQYr_ECQAAAAAAAAAAAAAAQAAAQ.jpg,0,123,185
A_eBxrT7u84_YAAAAAAAAAAAAAAQAAAQ.jpg,A_WD_RToG7TiEAAAAAAAAAAAAAAQAAAQ.jpg,0,276,301
A_EvDCT75_gY4AAAAAAAAAAAAAAQAAAQ.jpg,A_HTNURIoNl30AAAAAAAAAAAAAAQAAAQ.jpg,0,57,31
A_3BuiQbibhO8AAAAAAAAAAAAAAQAAAQ.jpg,A_HblBQpqvsuIAAAAAAAAAAAAAAQAAAQ.jpg,0,9,225
A_D9o9T7zICSYAAAAAAAAAAAAAAQAAAQ.jpg,A_HRkFRZKRfK4AAAAAAAAAAAAAAQAAAQ.jpg,0,113,330
A_MfvYSISsOaYAAAAAAAAAAAAAAQAAAQ.jpg,A_ob2HSriDloEAAAAAAAAAAAAAAQAAAQ.jpg,0,59,236
A_ojwmQZn-s4QAAAAAAAAAAAAAAQAAAQ.jpg,A_AMHwR48il0gAAAAAAAAAAAAAAQAAAQ.jpg,0,8,139
A_5dNJRaepYnUAAAAAAAAAAAAAAQAAAQ.jpg,A_vAl2Q52NU9MAAAAAAAAAAAAAAQAAAQ.jpg,0,302,340
A_pWwkQowUWlcAAAAAAAAAAAAAAQAAAQ.jpg,A_qwMrRIrUjOkAAAAAAAAAAAAAAQAAAQ.jpg,0,30,100
A_YGM9RqelARIAAAAAAAAAAAAAAQAAAQ.jpg,A_WJZqQYuskC4AAAAAAAAAAAAAAQAAAQ.jpg,0,250,335
A_ojwmQZn-s4QAAAAAAAAAAAAAAQAAAQ.jpg,A_bU78Tpd1tvMAAAAAAAAAAAAAAQAAAQ.jpg,0,8,90
A_7WinQJg-1OcAAAAAAAAAAAAAAQAAAQ.jpg,A_W9fQSKt4JzUAAAAAAAAAAAAAAQAAAQ.jpg,0,31,95
0GdWO5icQbKwpuwrEKLdgwAAACMAARAD.jpg,hL3x2UFYTb-fOuBIwUKJMAAAACMAARED.jpg,0,307,128
X7bAJ7tFSBG_4F661zvLggAAACMAARAD.jpg,A_sUiCS7uVW54AAAAAAAAAAAAAAQAAAQ.jpg,0,207,227
A_VSe4QrbJjMcAAAAAAAAAAAAAAQAAAQ.jpg,A_KtVrTIFqvwEAAAAAAAAAAAAAAQAAAQ.jpg,0,0,318
A_WbF9SqahUZUAAAAAAAAAAAAAAQAAAQ.jpg,A_0mFaQoSKPVgAAAAAAAAAAAAAAQAAAQ.jpg,0,268,87
A_ICEKRaeF7YIAAAAAAAAAAAAAAQAAAQ.jpg,A_VNPxS4voAo4AAAAAAAAAAAAAAQAAAQ.jpg,0,243,49
A_mHpGR5oYn_kAAAAAAAAAAAAAAQAAAQ.jpg,A_P2osQYmaO-sAAAAAAAAAAAAAAQAAAQ.jpg,0,320,265
A_MkJtQKVpPRIAAAAAAAAAAAAAAQAAAQ.jpg,A_vLt5Tr-DehsAAAAAAAAAAAAAAQAAAQ.jpg,0,232,326
A__MyoS6tXD44AAAAAAAAAAAAAAQAAAQ.jpg,A_3sPRTprtYa8AAAAAAAAAAAAAAQAAAQ.jpg,0,86,66
A_zOObQob7uGMAAAAAAAAAAAAAAQAAAQ.jpg,A_bGEYTpbq2xsAAAAAAAAAAAAAAQAAAQ.jpg,0,65,137
xwiaT4SHTLGOVAZCtHq9yQAAACMAARAD.jpg,A_zMhHRKUhSuErdB5Pt_ADkgAAAQAAAQ.jpg,0,27,148
A_J9o_QJCEnBQAAAAAAAAAAAAAAQAAAQ.jpg,A_tqW9T6Gr5LAAAAAAAAAAAAAAAQAAAQ.jpg,0,94,110
A_hwdWQq75_mQAAAAAAAAAAAAAAQAAAQ.jpg,A__FEKTZUF1Y8AAAAAAAAAAAAAAQAAAQ.jpg,0,7,137
A_MwufRZG5iJ8AAAAAAAAAAAAAAQAAAQ.jpg,A_S7r7Srj5r_wAAAAAAAAAAAAAAQAAAQ.jpg,0,236,313
A_D6LoTIKJagkAAAAAAAAAAAAAAQAAAQ.jpg,A_rHPMQIrXUkgAAAAAAAAAAAAAAQAAAQ.jpg,0,77,108
A_OwX6S7nJKi4AAAAAAAAAAAAAAQAAAQ.jpg,A_SUhQQqbmlOwAAAAAAAAAAAAAAQAAAQ.jpg,0,220,168
A_l8urSJ3Y_ZMAAAAAAAAAAAAAAQAAAQ.jpg,A_zjM2TKZ3uLYAAAAAAAAAAAAAAQAAAQ.jpg,0,182,97
A_VRkpTYGugAYAAAAAAAAAAAAAAQAAAQ.jpg,CKbkmQ4qQU2iTWtu0-Ek3gAAACMAARAD.jpg,0,69,107
A_2iAoQIypnLoAAAAAAAAAAAAAAQAAAQ.jpg,A_C_r4QL5_wX0AAAAAAAAAAAAAAQAAAQ.jpg,0,254,121
A_phjfSK7C04wAAAAAAAAAAAAAAQAAAQ.jpg,A_KTLqT5wpOLMAAAAAAAAAAAAAAQAAAQ.jpg,0,145,225
eub05Tg8Ri20vTxIGswtRwAAACMAARAD.jpg,A_lOYRTrARg8kAAAAAAAAAAAAAAQAAAQ.jpg,0,323,285
A_T2lFRJy5a2gAAAAAAAAAAAAAAQAAAQ.jpg,A_J9o_QJCEnBQAAAAAAAAAAAAAAQAAAQ.jpg,0,28,94
A_-bFhSYWyHW8AAAAAAAAAAAAAAQAAAQ.jpg,A_bFgKSZ1-WbEAAAAAAAAAAAAAAQAAAQ.jpg,0,108,141
A_eQMGQYpNRSIAAAAAAAAAAAAAAQAAAQ.jpg,A_tdauTaw260cAAAAAAAAAAAAAAQAAAQ.jpg,0,41,264
A_3skiQIpmWr0AAAAAAAAAAAAAAQAAAQ.jpg,A_HmXwR5kRF3UAAAAAAAAAAAAAAQAAAQ.jpg,0,319,15
A_0SWCTYxPcBoAAAAAAAAAAAAAAQAAAQ.jpg,A_jBgOSoE5gk8AAAAAAAAAAAAAAQAAAQ.jpg,0,156,196
A_TlQXRagTGKcAAAAAAAAAAAAAAQAAAQ.jpg,A_SUrFSpyat3oAAAAAAAAAAAAAAQAAAQ.jpg,0,172,102
A_p1FURL5LiRoAAAAAAAAAAAAAAQAAAQ.jpg,A_gzSGTYTpSLkAAAAAAAAAAAAAAQAAAQ.jpg,0,309,340
A_xNCNSreklsIAAAAAAAAAAAAAAQAAAQ.jpg,A_JTXPTI39PMkAAAAAAAAAAAAAAQAAAQ.jpg,0,1,199
A_2FZXTozgPmkAAAAAAAAAAAAAAQAAAQ.jpg,A_cRO-RpI4ux8AAAAAAAAAAAAAAQAAAQ.jpg,0,305,256
jljP-9JORDyajV3g_xwG_wAAACMAARAD.jpg,qHnFLmDMQMiYxAn70xvcRwAAACMAARAD.jpg,0,129,208
A_aKs_R7ladhcAAAAAAAAAAAAAAQAAAQ.jpg,A_GWDtRJ-PEYIAAAAAAAAAAAAAAQAAAQ.jpg,0,69,142
O1CN01fjcDg01yHK0TN1bE3_!!0-mtopupload.jpg,A_kJ_2RJ5mMIMAAAAAAAAAAAAAAQAAAQ.jpg,0,22,32
A_Ij0mS4-M_jMAAAAAAAAAAAAAAQAAAQ.jpg,A_dZG9Q4576q8AAAAAAAAAAAAAAQAAAQ.jpg,0,339,183
A_qXnRSq_alQ0AAAAAAAAAAAAAAQAAAQ.jpg,A_02oeQZQGpSIAAAAAAAAAAAAAAQAAAQ.jpg,0,260,297
A_Sgy4Q5WINnoAAAAAAAAAAAAAAQAAAQ.jpg,A_acoIRKkS4KMAAAAAAAAAAAAAAQAAAQ.jpg,0,157,336
A_V3ppS6VZwMoAAAAAAAAAAAAAAQAAAQ.jpg,A_oU0aQJ48IRsAAAAAAAAAAAAAAQAAAQ.jpg,0,340,133
IsIe7tHGSEe9XWBTYTZTqwAAACMAARAD.jpg,A_cKL1QqoK8C4AAAAAAAAAAAAAAQAAAQ.jpg,0,310,111
A_M6uVTLJ2EukAAAAAAAAAAAAAAQAAAQ.jpg,A_SBeaQLvJMpwAAAAAAAAAAAAAAQAAAQ.jpg,0,331,225
A_LaJXSLgvcWAAAAAAAAAAAAAAAQAAAQ.jpg,A_lPHeQo7aiawAAAAAAAAAAAAAAQAAAQ.jpg,0,185,189
A_DycSQ4vvV68AAAAAAAAAAAAAAQAAAQ.jpg,A_Nz6LSIyEYioAAAAAAAAAAAAAAQAAAQ.jpg,0,264,97
RJaJONp-R9-6Wg29qPh_MQAAACMAARAD.jpg,A_jZ1QQ773-Q8AAAAAAAAAAAAAAQAAAQ.jpg,0,348,98
A_KW5iQISstkQAAAAAAAAAAAAAAQAAAQ.jpg,A_uMyGRoe6OD4AAAAAAAAAAAAAAQAAAQ.jpg,0,146,23
A_8SMFQ4ABOP4AAAAAAAAAAAAAAQAAAQ.jpg,A_D5vXRpubIH4AAAAAAAAAAAAAAQAAAQ.jpg,0,78,154
A_pGC9TI631dMAAAAAAAAAAAAAAQAAAQ.jpg,A_dN7FSZa9E6kAAAAAAAAAAAAAAQAAAQ.jpg,0,74,225
A_19KTRKsU1bgAAAAAAAAAAAAAAQAAAQ.jpg,A_7OgCTLT7J9AAAAAAAAAAAAAAAQAAAQ.jpg,0,59,2
A_qpwOTZvgL9EAAAAAAAAAAAAAAQAAAQ.jpg,A_BBKYSI37po4AAAAAAAAAAAAAAQAAAQ.jpg,0,26,111
A_QMXJRr8rzh4AAAAAAAAAAAAAAQAAAQ.jpg,A_CRqJQKCtnOMAAAAAAAAAAAAAAQAAAQ.jpg,0,300,341
A_ahGrQpcJLS8AAAAAAAAAAAAAAQAAAQ.jpg,A_Va1UTrmeizMAAAAAAAAAAAAAAQAAAQ.jpg,0,345,17
A_phjfSK7C04wAAAAAAAAAAAAAAQAAAQ.jpg,A_hV6oRqWGM8sAAAAAAAAAAAAAAQAAAQ.jpg,0,145,329
A_eUwvR77C5UwAAAAAAAAAAAAAAQAAAQ.jpg,A_BozJTaHtlVkAAAAAAAAAAAAAAQAAAQ.jpg,0,65,173
A_TcbgToJZ2O0AAAAAAAAAAAAAAQAAAQ.jpg,A_N1bgTpTlLkIAAAAAAAAAAAAAAQAAAQ.jpg,0,213,285
A_qQf9R5n-NaZuA4BJgsZMVwAAAQAAAQ.jpg,A_akXfRKCJyToAAAAAAAAAAAAAAQAAAQ.jpg,0,10,13
A_krhJT7X9SC0AAAAAAAAAAAAAAQAAAQ.jpg,A_t6AyT4K76akAAAAAAAAAAAAAAQAAAQ.jpg,0,60,346
A_OQH-TZVbsjsAAAAAAAAAAAAAAQAAAQ.jpg,A_rZL0S6dvFYsAAAAAAAAAAAAAAQAAAQ.jpg,0,249,175
A_YFdnQ5CoPhgAAAAAAAAAAAAAAQAAAQ.jpg,PYuk0PscTpKyg5nsQBOYZgAAACMAARAD.jpg,0,344,107
A__DuWR5Z1Kp8AAAAAAAAAAAAAAQAAAQ.jpg,A_B70bT5SypHUAAAAAAAAAAAAAAQAAAQ.jpg,0,50,55
A_UGBKSZHI2xkAAAAAAAAAAAAAAQAAAQ.jpg,A_ZLTNQ5wA3ncNnJxCvdxuZQAAAQAAAQ.jpg,0,43,63
A_JDCBRYXWhPEAAAAAAAAAAAAAAQAAAQ.jpg,A_qzxeRo3Av5AAAAAAAAAAAAAAAQAAAQ.jpg,0,320,346
A_JUa9QZwAOOgAAAAAAAAAAAAAAQAAAQ.jpg,A_XSjzR59VqvHRlAVGm_RBAAAAAQAAAQ.jpg,0,298,144
A_LngHSpFXTD4AAAAAAAAAAAAAAQAAAQ.jpg,A_hZtcTJN4JNsAAAAAAAAAAAAAAQAAAQ.jpg,0,336,271
A_Hi3cQLCHj2wAAAAAAAAAAAAAAQAAAQ.jpg,A_CUlQSpIInD0AAAAAAAAAAAAAAQAAAQ.jpg,0,297,322
A_HHmHS7TxQaEAAAAAAAAAAAAAAQAAAQ.jpg,A_723fTJwuqewAAAAAAAAAAAAAAQAAAQ.jpg,0,305,333
A_IXO-TKQX2Z0AAAAAAAAAAAAAAQAAAQ.jpg,A_NuL2TKMEwowAAAAAAAAAAAAAAQAAAQ.jpg,0,171,265
A_otkrQ6x55ioAAAAAAAAAAAAAAQAAAQ.jpg,A_Z9O5TZhkv2IAAAAAAAAAAAAAAQAAAQ.jpg,0,123,227
A_1iq-SaD4TSYAAAAAAAAAAAAAAQAAAQ.jpg,Z1qDRVboSz625P_djDkBSwAAACMAARAD.jpg,0,300,315
A_Wa5hTLtdsh8AAAAAAAAAAAAAAQAAAQ.jpg,A_TneoSKTv7UkAAAAAAAAAAAAAAQAAAQ.jpg,0,224,223
A_dIlQSIobnFAAAAAAAAAAAAAAAQAAAQ.jpg,A_f93rT43JBg0AAAAAAAAAAAAAAQAAAQ.jpg,0,45,102
A_vaaqQKunbZkAAAAAAAAAAAAAAQAAAQ.jpg,A_2FZXTozgPmkAAAAAAAAAAAAAAQAAAQ.jpg,0,141,305
A_ytOxT7NilIsAAAAAAAAAAAAAAQAAAQ.jpg,A_Q2ygQ7cJQygAAAAAAAAAAAAAAQAAAQ.jpg,0,244,276
A_OauCQr_5X8UAAAAAAAAAAAAAAQAAAQ.jpg,A_ahcnSoV8REQAAAAAAAAAAAAAAQAAAQ.jpg,0,232,285
A_Xt5tQpzDINoAAAAAAAAAAAAAAQAAAQ.jpg,A_dxCNSp4IGbAAAAAAAAAAAAAAAQAAAQ.jpg,0,314,172
A_spOYSaQ52GMAAAAAAAAAAAAAAQAAAQ.jpg,A_jPNWSL4MPycAAAAAAAAAAAAAAQAAAQ.jpg,0,262,276
A_NuL2TKMEwowAAAAAAAAAAAAAAQAAAQ.jpg,A_xev2QKoaebgAAAAAAAAAAAAAAQAAAQ.jpg,0,265,112
A_V03gR7K90bIAAAAAAAAAAAAAAQAAAQ.jpg,A_BoE9RJCkeVUAAAAAAAAAAAAAAQAAAQ.jpg,0,220,237
A_-cgBQ7nWdC4AAAAAAAAAAAAAAQAAAQ.jpg,A_5QphQrKDPQgAAAAAAAAAAAAAAQAAAQ.jpg,0,283,285
A_JzxkRq5CL7UKXIZGrRlzfQAAAQAAAQ.jpg,wsFUWtimSpau8CNMYn1IEAAAACMAARAD.jpg,0,216,209
A_aBdGT4bei2QAAAAAAAAAAAAAAQAAAQ.jpg,A_qcBWSoqyLrEAAAAAAAAAAAAAAQAAAQ.jpg,0,233,344
A_T5AVSb-PcwMAAAAAAAAAAAAAAQAAAQ.jpg,6g8v5a03RwKTmcG_80RgNwAAACMAARED.jpg,0,98,321
5Ex230jYRSyT4TtBSWJ8EwAAACMAARAD.jpg,IvmXxLWaQd-LKBYjjNz-zwAAACMAARAD.jpg,0,71,315
A_xzWOSL6pNFAAAAAAAAAAAAAAAQAAAQ.jpg,A_TQ2VSpdE9mMAAAAAAAAAAAAAAQAAAQ.jpg,0,274,136
A_OcK3SrWHKYAAAAAAAAAAAAAAAQAAAQ.jpg,A_StnfT7ASR9gAAAAAAAAAAAAAAQAAAQ.jpg,0,187,113
A_3AbSRaIVmvwAAAAAAAAAAAAAAQAAAQ.jpg,A_ZlCjSaYPrmAAAAAAAAAAAAAAAQAAAQ.jpg,0,158,336
A_44TlTKCIdBoAAAAAAAAAAAAAAQAAAQ.jpg,_YxN02DfQ7OUYkwftQP0QQAAACMAARAD.jpg,0,29,166
A_DycSQ4vvV68AAAAAAAAAAAAAAQAAAQ.jpg,A__z-iTZs2YvEAAAAAAAAAAAAAAQAAAQ.jpg,0,264,14
A_fpLuRr0nwKkAAAAAAAAAAAAAAQAAAQ.jpg,A_UGJ9TY8666oAAAAAAAAAAAAAAQAAAQ.jpg,0,334,325
A_OVixS5gitWkAAAAAAAAAAAAAAQAAAQ.jpg,A_HRkFRZKRfK4AAAAAAAAAAAAAAQAAAQ.jpg,0,118,330
A_LFzLT7mHIM8AAAAAAAAAAAAAAQAAAQ.jpg,A_voYkQZD7EsEAAAAAAAAAAAAAAQAAAQ.jpg,0,204,91
A_lUxgRJaTT48AAAAAAAAAAAAAAQAAAQ.jpg,A_VsaDTIsMA8AAAAAAAAAAAAAAAQAAAQ.jpg,0,55,81
A_LWb7SL9pX8IAAAAAAAAAAAAAAQAAAQ.jpg,BnMTwNDZTDic7PE_4wP9cwAAACMAARAD.jpg,0,98,186
A_PKUBTpVo1sQAAAAAAAAAAAAAAQAAAQ.jpg,A_m7-sRo3H-HgAAAAAAAAAAAAAAQAAAQ.jpg,0,9,330
A_fAd6Q6jPCKAAAAAAAAAAAAAAAQAAAQ.jpg,A_vnXSQKJqb1QAAAAAAAAAAAAAAQAAAQ.jpg,0,339,40
Kaf40bOpT5G9tQ2a92m9aQAAACMAARAD.jpg,A_UvfzQoniuIkAAAAAAAAAAAAAAQAAAQ.jpg,0,186,283
A_FtPrQpzl3BAAAAAAAAAAAAAAAQAAAQ.jpg,A_Fs6DTJ51k3oAAAAAAAAAAAAAAQAAAQ.jpg,0,303,95
A_rZkOR6rZ9rgAAAAAAAAAAAAAAQAAAQ.jpg,A_ewXCQJhfsF0AAAAAAAAAAAAAAQAAAQ.jpg,0,73,170
A_ANj4S6gZrSgAAAAAAAAAAAAAAQAAAQ.jpg,A_xigkRLl7oW4AAAAAAAAAAAAAAQAAAQ.jpg,0,92,230
A_StnfT7ASR9gAAAAAAAAAAAAAAQAAAQ.jpg,yzkrh0IDQUS0CKZZtweE0gAAACMAARAD.jpg,0,113,99
A_Hu1zSa0hFccAAAAAAAAAAAAAAQAAAQ.jpg,A_1WHrSb70BwYAAAAAAAAAAAAAAQAAAQ.jpg,0,187,347
A_iJVwTais0UgAAAAAAAAAAAAAAQAAAQ.jpg,A_y69QS6pCZp0AAAAAAAAAAAAAAQAAAQ.jpg,0,131,199
A_fNviRZaQBUIAAAAAAAAAAAAAAQAAAQ.jpg,A_HII8R5WzRQ4AAAAAAAAAAAAAAQAAAQ.jpg,0,151,179
A_KQxIT7wL_kgAAAAAAAAAAAAAAQAAAQ.jpg,A_3uJrSJQRo58AAAAAAAAAAAAAAQAAAQ.jpg,0,18,275
A_M6rDSaJqguwAAAAAAAAAAAAAAQAAAQ.jpg,A_1ruyQ7LcAuoAAAAAAAAAAAAAAQAAAQ.jpg,0,25,347
9EtIyANfQc61eEfskXaVGQAAACMAARED.jpg,A_FOIbSaYkQ0MAAAAAAAAAAAAAAQAAAQ.jpg,0,174,80
A_4cscRbyF-t8AAAAAAAAAAAAAAQAAAQ.jpg,A_otkrQ6x55ioAAAAAAAAAAAAAAQAAAQ.jpg,0,312,123
A_v-mDS7qZe7oAAAAAAAAAAAAAAQAAAQ.jpg,hL3x2UFYTb-fOuBIwUKJMAAAACMAARED.jpg,0,19,128
frdTcr-kQKe_ugKUa32pmwAAACMAARAD.jpg,A_ywmfQoWVLnUAAAAAAAAAAAAAAQAAAQ.jpg,0,174,78
A_KNPtSqaKcSkAAAAAAAAAAAAAAQAAAQ.jpg,A_96HDTpXfEp0AAAAAAAAAAAAAAQAAAQ.jpg,0,18,38
A_BXDpSpUjofgAAAAAAAAAAAAAAQAAAQ.jpg,A_J1ksRYG75GoAAAAAAAAAAAAAAQAAAQ.jpg,0,68,234
A_qmTVSqXlh7UAAAAAAAAAAAAAAQAAAQ.jpg,Tt0AYk7ASkeS8q4TGaZ2FAAAACMAARAD.jpg,0,105,315
A_zMhHRKUhSuEAAAAAAAAAAAAAAQAAAQ.jpg,A_qE1fTpJ19QIAAAAAAAAAAAAAAQAAAQ.jpg,0,148,144
A_3S3LTZgdkc9UCstAt954pwAAAQAAAQ.jpg,A_OkeCQptuOYkAAAAAAAAAAAAAAQAAAQ.jpg,0,331,32
A_UE-JSb_9FMYAAAAAAAAAAAAAAQAAAQ.jpg,A_hKxiQrUhfZUAAAAAAAAAAAAAAQAAAQ.jpg,0,144,141
A_lTNbTYEaGsMAAAAAAAAAAAAAAQAAAQ.jpg,A_7agWQomXiksAAAAAAAAAAAAAAQAAAQ.jpg,0,224,85
A__iVyQa-Ul-kAAAAAAAAAAAAAAQAAAQ.jpg,A_r0rxRqzUNowAAAAAAAAAAAAAAQAAAQ.jpg,0,249,241
Ej2g9nnhTLyYvf0RFPPZMgAAACMAARAD.jpg,A_KW5iQISstkQAAAAAAAAAAAAAAQAAAQ.jpg,0,177,146
2G8MIAaDRluIS-ucQOWdigAAACMAARAD.jpg,A_lXDEQaoW4GsAAAAAAAAAAAAAAQAAAQ.jpg,0,54,125
A_sw55T7tdUW8AAAAAAAAAAAAAAQAAAQ.jpg,A_CUlQSpIInD0AAAAAAAAAAAAAAQAAAQ.jpg,0,29,322
A_NJrCQ405yccAAAAAAAAAAAAAAQAAAQ.jpg,A_XfLkRYLFXGAAAAAAAAAAAAAAAQAAAQ.jpg,0,100,78
lFnXbsgySbe-RMVrti88KQAAACMAARAD.jpg,A_JJxfRa1-EmUAAAAAAAAAAAAAAQAAAQ.jpg,0,134,74
A_2wBqTpzmeL3VldlEs7raLQAAAQAAAQ.jpg,ZAn-g8hsST-RLZKUI_1_YgAAACMAARAD.jpg,0,49,177
A_qaJ-TItVSXQAAAAAAAAAAAAAAQAAAQ.jpg,A_M4T5Q43L2qAAAAAAAAAAAAAAAQAAAQ.jpg,0,205,319
A_723fTJwuqewAAAAAAAAAAAAAAQAAAQ.jpg,A_XRkvR6_24JoAAAAAAAAAAAAAAQAAAQ.jpg,0,333,197
A_SE5MTp9TUMsAAAAAAAAAAAAAAQAAAQ.jpg,A_i-nLRI_4Z-QAAAAAAAAAAAAAAQAAAQ.jpg,0,42,313
A_qwMrRIrUjOkAAAAAAAAAAAAAAQAAAQ.jpg,A_Yr4NS4nQky8AAAAAAAAAAAAAAQAAAQ.jpg,0,100,281
A_HylzQ4MvXaYAAAAAAAAAAAAAAQAAAQ.jpg,A_Ak6wQLMJZPUAAAAAAAAAAAAAAQAAAQ.jpg,0,218,135
A_20a-RY7U9B0AAAAAAAAAAAAAAQAAAQ.jpg,A_UIM0T5DUSJMAAAAAAAAAAAAAAQAAAQ.jpg,0,21,24
A_ZLO-T6B44-QAAAAAAAAAAAAAAQAAAQ.jpg,A_HPLCS6zhfDUAAAAAAAAAAAAAAQAAAQ.jpg,0,138,218
A_ev-6R48IIx0AAAAAAAAAAAAAAQAAAQ.jpg,A_dMj3SrywR0MAAAAAAAAAAAAAAQAAAQ.jpg,0,243,265
A_MWErSYMDBZQAAAAAAAAAAAAAAQAAAQ.jpg,s-goRr4zRqihodt8c49wvwAAACMAARAD.jpg,0,59,174
A_EN1PTpOOkWkAAAAAAAAAAAAAAQAAAQ.jpg,WpudhUmPQtCbPSRoq9BnHgAAACMAARAD.jpg,0,66,20
A_p01WSpLvktkAAAAAAAAAAAAAAQAAAQ.jpg,A_3bzNSLXJbYMAAAAAAAAAAAAAAQAAAQ.jpg,0,136,324
A_eCGwQpnlatEAAAAAAAAAAAAAAQAAAQ.jpg,A_1YVzSbIROi8AAAAAAAAAAAAAAQAAAQ.jpg,0,80,253
A_QXekTrSGlYAAAAAAAAAAAAAAAQAAAQ.jpg,A_hYZoTq_XxmAAAAAAAAAAAAAAAQAAAQ.jpg,0,58,331
A_wcRmTIDKqJAAAAAAAAAAAAAAAQAAAQ.jpg,A_Xt5tQpzDINoAAAAAAAAAAAAAAQAAAQ.jpg,0,240,314
A_GtpMTbLtVR4AAAAAAAAAAAAAAQAAAQ.jpg,gO5e4wDlTpSBMkBADWucyQAAACMAARED.jpg,0,319,128
A_BMEtTpAKIZUAAAAAAAAAAAAAAQAAAQ.jpg,A_2yTCT6348MsAAAAAAAAAAAAAAQAAAQ.jpg,0,247,305
A_88GIR4a9ssoAAAAAAAAAAAAAAQAAAQ.jpg,A_b8rTTZnRnF8AAAAAAAAAAAAAAQAAAQ.jpg,0,266,172
A_FliWQ7H5vocAAAAAAAAAAAAAAQAAAQ.jpg,gO5e4wDlTpSBMkBADWucyQAAACMAARED.jpg,0,301,128
NEaQDqOzRj2kGdWgt4KrigAAACMAARAD.jpg,A_x8o-SK34p18AAAAAAAAAAAAAAQAAAQ.jpg,0,209,222
A_3muFRpfosX0AAAAAAAAAAAAAAQAAAQ.jpg,A_hInTRKW7vi0AAAAAAAAAAAAAAQAAAQ.jpg,0,10,242
A__iVyQa-Ul-kAAAAAAAAAAAAAAQAAAQ.jpg,A_b-wTSqGrNAEAAAAAAAAAAAAAAQAAAQ.jpg,0,249,149
A_8SMFQ4ABOP4AAAAAAAAAAAAAAQAAAQ.jpg,A_kNnVT6iAT-oAAAAAAAAAAAAAAQAAAQ.jpg,0,78,145
A_zXH8RZzfr1cAAAAAAAAAAAAAAQAAAQ.jpg,A_a9r9Rpz61BcAAAAAAAAAAAAAAQAAAQ.jpg,0,196,0
A_qcBWSoqyLrEAAAAAAAAAAAAAAQAAAQ.jpg,A_7MhsTIG0_08AAAAAAAAAAAAAAQAAAQ.jpg,0,344,278
A_oWLETqhT6YIAAAAAAAAAAAAAAQAAAQ.jpg,dsoua9awQ96zA43Lqf2KVgAAACMAARAD.jpg,0,214,226
A_m6o3TaR9GfMAAAAAAAAAAAAAAQAAAQ.jpg,A_JUa9QZwAOOgAAAAAAAAAAAAAAQAAAQ.jpg,0,304,298
A_TdNTTqxkNsEAAAAAAAAAAAAAAQAAAQ.jpg,A_8wJfSLcHUG4AAAAAAAAAAAAAAQAAAQ.jpg,0,339,12
A_jJAcQ7WPCaYAAAAAAAAAAAAAAQAAAQ.jpg,A_8gUmSoxIHOIAAAAAAAAAAAAAAQAAAQ.jpg,0,17,65
A_ISDtSpuDW6MAAAAAAAAAAAAAAQAAAQ.jpg,A_8U4ITbf42r4AAAAAAAAAAAAAAQAAAQ.jpg,0,287,34
A_WNgORoRRamAAAAAAAAAAAAAAAQAAAQ.jpg,A_l7TnSbKoau8AAAAAAAAAAAAAAQAAAQ.jpg,0,141,40
A_k02XTah-AqkAAAAAAAAAAAAAAQAAAQ.jpg,gpZWgwFPRP-Iq02OHwMZPgAAACMAARAD.jpg,0,335,52
7YkNrZhwSFKUwj4wGuhjBwAAACMAARAD.jpg,A_kJ_2RJ5mMIMAAAAAAAAAAAAAAQAAAQ.jpg,0,282,32
A_KjDbQJVMoCMAAAAAAAAAAAAAAQAAAQ.jpg,A_gCrJTKWF4KgAAAAAAAAAAAAAAQAAAQ.jpg,0,171,117
A_yb38S7eVwa8AAAAAAAAAAAAAAQAAAQ.jpg,VhTnM3vfTZ-8xD9trXiLSAAAACMAARAD.jpg,0,121,71
1yv1XFmYQIqGC3ETpIuU2QAAACMAARAD.jpg,A_T7tpTqdx0wcAAAAAAAAAAAAAAQAAAQ.jpg,0,70,159
A_YrcgQoK0NyIAAAAAAAAAAAAAAQAAAQ.jpg,A_-V96Qa0QThkAAAAAAAAAAAAAAQAAAQ.jpg,0,215,141
gpZWgwFPRP-Iq02OHwMZPgAAACMAARAD.jpg,A_5QphQrKDPQgAAAAAAAAAAAAAAQAAAQ.jpg,0,52,285
A_XSjzR59VqvHRlAVGm_RBAAAAAQAAAQ.jpg,A_iJVwTais0UgAAAAAAAAAAAAAAQAAAQ.jpg,0,144,131
A_KQxIT7wL_kgAAAAAAAAAAAAAAQAAAQ.jpg,tZ9Ffj0eTdiamVFL64HrAwAAACMAARAD.jpg,0,18,72
bFGitjnDRq-tq8QMMSegPgAAACMAARAD.jpg,A_1YVzSbIROi8AAAAAAAAAAAAAAQAAAQ.jpg,0,70,253
A_usXqRrG0zfAAAAAAAAAAAAAAAQAAAQ.jpg,A_6-hyT6yKsd8AAAAAAAAAAAAAAQAAAQ.jpg,0,88,229
A_dI4zSai8yk-dZNBKqTLbdAAAAQAAAQ.jpg,A_VNPxS4voAo4AAAAAAAAAAAAAAQAAAQ.jpg,0,221,49
A_7PWcRpT6-noAAAAAAAAAAAAAAQAAAQ.jpg,A_aR-qQ6LgCM4AAAAAAAAAAAAAAQAAAQ.jpg,0,145,144
A_plIEQ4aQaFEAAAAAAAAAAAAAAQAAAQ.jpg,A_LKyVRYb174gAAAAAAAAAAAAAAQAAAQ.jpg,0,349,203
A_lZcdSrXwlt8AAAAAAAAAAAAAAQAAAQ.jpg,A_3R5AT4k8aW0AAAAAAAAAAAAAAQAAAQ.jpg,0,102,59
A_u4OeSpbepPAAAAAAAAAAAAAAAQAAAQ.jpg,A_KwVMSYgdftIAAAAAAAAAAAAAAQAAAQ.jpg,0,50,165
A_ISDtSpuDW6MAAAAAAAAAAAAAAQAAAQ.jpg,A_NloJTpjGmzgAAAAAAAAAAAAAAQAAAQ.jpg,0,287,62
A_JKoXS5qMLWUAAAAAAAAAAAAAAQAAAQ.jpg,A_3BuiQbibhO8AAAAAAAAAAAAAAQAAAQ.jpg,0,148,9
A_MPg-Tqt0h4UAAAAAAAAAAAAAAQAAAQ.jpg,A_YlkgQbNnNSoAAAAAAAAAAAAAAQAAAQ.jpg,0,334,19
A_qr-cQJhu1vcAAAAAAAAAAAAAAQAAAQ.jpg,A_BbMtSbuC4rkAAAAAAAAAAAAAAQAAAQ.jpg,0,35,259
A_ymJiRJSSrC0AAAAAAAAAAAAAAQAAAQ.jpg,A_DY8LQqsgHUkAAAAAAAAAAAAAAQAAAQ.jpg,0,12,259
A_CbtxSYI7W3wAAAAAAAAAAAAAAQAAAQ.jpg,A_wOfbQoNWSAQAAAAAAAAAAAAAAQAAAQ.jpg,0,280,2
A_FblDSrIyEzUAAAAAAAAAAAAAAQAAAQ.jpg,A__rJuT4Ht2V0AAAAAAAAAAAAAAQAAAQ.jpg,0,87,205
A_4gGXSpGmh1YAAAAAAAAAAAAAAQAAAQ.jpg,A_jcJHTp85KP1kygxCgRGH9AAAAQAAAQ.jpg,0,311,64
A_Z9O5TZhkv2IAAAAAAAAAAAAAAQAAAQ.jpg,A_NDzHTLNzG5MAAAAAAAAAAAAAAQAAAQ.jpg,0,227,235
A_5zUtS5frsf4AAAAAAAAAAAAAAQAAAQ.jpg,A_HBC_SqXcNasAAAAAAAAAAAAAAQAAAQ.jpg,0,148,53
A_TfOESrI_z3wAAAAAAAAAAAAAAQAAAQ.jpg,A_ey1NQqwj2xkAAAAAAAAAAAAAAQAAAQ.jpg,0,320,35
A_ccDFRJJgbtIAAAAAAAAAAAAAAQAAAQ.jpg,A_iAk4T7b-HD4AAAAAAAAAAAAAAQAAAQ.jpg,0,0,337
A_z7uTTKANmKQAAAAAAAAAAAAAAQAAAQ.jpg,Z1qDRVboSz625P_djDkBSwAAACMAARAD.jpg,0,167,315
A_-bFhSYWyHW8AAAAAAAAAAAAAAQAAAQ.jpg,A_higyRahZ3-cAAAAAAAAAAAAAAQAAAQ.jpg,0,108,266
A_PNRuRprSSG4AAAAAAAAAAAAAAQAAAQ.jpg,A_UHH0So61ecgAAAAAAAAAAAAAAQAAAQ.jpg,0,335,275
s-goRr4zRqihodt8c49wvwAAACMAARAD.jpg,A_5X2gQreyAEgAAAAAAAAAAAAAAQAAAQ.jpg,0,174,93
2G8MIAaDRluIS-ucQOWdigAAACMAARAD.jpg,A_4OdZTY_C4z8AAAAAAAAAAAAAAQAAAQ.jpg,0,54,304
wIszWZIYQC224vOq0XhO2gAAACMAARAD.jpg,A_5dNJRaepYnUAAAAAAAAAAAAAAQAAAQ.jpg,0,186,302
A_yAvwQ7uJzdYAAAAAAAAAAAAAAQAAAQ.jpg,A_FZxTQJDVbkYAAAAAAAAAAAAAAQAAAQ.jpg,0,76,289
A_iFNfS4GsUIAAAAAAAAAAAAAAAQAAAQ.jpg,A_dxCNSp4IGbAAAAAAAAAAAAAAAQAAAQ.jpg,0,204,172
O1CN01i3vtpY1iOA4ELUKNq_!!0-mtopupload.jpg,A_0fKgSYxegzcAAAAAAAAAAAAAAQAAAQ.jpg,0,22,26
A_MLC0SYv23fwAAAAAAAAAAAAAAQAAAQ.jpg,A_2YPaRq8ajt8AAAAAAAAAAAAAAQAAAQ.jpg,0,259,284
A_zkBxSpasz7MAAAAAAAAAAAAAAQAAAQ.jpg,A_45ZeSYlRX04AAAAAAAAAAAAAAQAAAQ.jpg,0,73,338
A_H_ulSqKIeUgAAAAAAAAAAAAAAQAAAQ.jpg,A_05zKQb6bySIAAAAAAAAAAAAAAQAAAQ.jpg,0,93,216
A_0ZuDSZ13H_cAAAAAAAAAAAAAAQAAAQ.jpg,A_KRefSIqxAhMAAAAAAAAAAAAAAQAAAQ.jpg,0,165,259
A_hYZoTq_XxmAAAAAAAAAAAAAAAQAAAQ.jpg,A_ryBhQJmZFnUAAAAAAAAAAAAAAQAAAQ.jpg,0,331,267
ORZnfTwMTGmDKW-_9Zm_cAAAACMAARAD.jpg,A_a9EBQ5lnoo0AAAAAAAAAAAAAAQAAAQ.jpg,0,348,24
A_5P07RJ-PIlkAAAAAAAAAAAAAAQAAAQ.jpg,A_HCX2Trvkdz8AAAAAAAAAAAAAAQAAAQ.jpg,0,76,103
A_nec0R4X7desAAAAAAAAAAAAAAQAAAQ.jpg,A_7Rs9Q46XFoAAAAAAAAAAAAAAAQAAAQ.jpg,0,189,92
8quPjI33SE-iyYx4UOnjkQAAACMAARAD.jpg,A_s3yWQZRsWqMAAAAAAAAAAAAAAQAAAQ.jpg,0,68,176
A_BRtzS61gGD4AAAAAAAAAAAAAAQAAAQ.jpg,A_JywcTrmEceIAAAAAAAAAAAAAAQAAAQ.jpg,0,82,266
A_olotS4XoJFkAAAAAAAAAAAAAAQAAAQ.jpg,A_2wBqTpzmeL3VldlEs7raLQAAAQAAAQ.jpg,0,124,49
A_plIEQ4aQaFEAAAAAAAAAAAAAAQAAAQ.jpg,A_ZBuhRJ_erngAAAAAAAAAAAAAAQAAAQ.jpg,0,349,34
A_8P78SYHj8vsAAAAAAAAAAAAAAQAAAQ.jpg,A_wgQ0TJWkZmUAAAAAAAAAAAAAAQAAAQ.jpg,0,312,19
A_FliWQ7H5vocAAAAAAAAAAAAAAQAAAQ.jpg,A_WBiBQpmmEtAAAAAAAAAAAAAAAQAAAQ.jpg,0,301,50
A_to61RICU3tgAAAAAAAAAAAAAAQAAAQ.jpg,A_VSe4QrbJjMcAAAAAAAAAAAAAAQAAAQ.jpg,0,139,0
gpZWgwFPRP-Iq02OHwMZPgAAACMAARAD.jpg,A_8FKeQo04k4IAAAAAAAAAAAAAAQAAAQ.jpg,0,52,285
A_NbXcRJayORUAAAAAAAAAAAAAAQAAAQ.jpg,A_FjITQKM8yiQAAAAAAAAAAAAAAQAAAQ.jpg,0,165,210
A_TaFsSK1IhcIAAAAAAAAAAAAAAQAAAQ.jpg,A_-RuUS7F6LpsAAAAAAAAAAAAAAQAAAQ.jpg,0,294,346
A_MkJtQKVpPRIAAAAAAAAAAAAAAQAAAQ.jpg,A_ANj4S6gZrSgAAAAAAAAAAAAAAQAAAQ.jpg,0,232,92
A_rdK1TpMuf28AAAAAAAAAAAAAAQAAAQ.jpg,A_fw0nSIvq86cAAAAAAAAAAAAAAQAAAQ.jpg,0,283,65
A_tjfGT6CxgFAAAAAAAAAAAAAAAQAAAQ.jpg,A_NbMERImKF5IAAAAAAAAAAAAAAQAAAQ.jpg,0,347,214
A_srDSRYqJNiUAAAAAAAAAAAAAAQAAAQ.jpg,A_l2j4RaCCgj4AAAAAAAAAAAAAAQAAAQ.jpg,0,44,34
uxwfx91iR5GKZanJd9Z42wAAACMAARAD.jpg,A_uqQZTalXwHYAAAAAAAAAAAAAAQAAAQ.jpg,0,174,301
A_UIUSR7SsVxQAAAAAAAAAAAAAAQAAAQ.jpg,_YxN02DfQ7OUYkwftQP0QQAAACMAARAD.jpg,0,81,166
I-4jbqVlSyeXyWm3u8uXGQAAACMAARAD.jpg,A_6anUTaPKAZ0AAAAAAAAAAAAAAQAAAQ.jpg,0,56,330
A_5P07RJ-PIlkAAAAAAAAAAAAAAQAAAQ.jpg,A_e3GqTpb-UCYAAAAAAAAAAAAAAQAAAQ.jpg,0,76,95
A__2g8SIdev1YAAAAAAAAAAAAAAQAAAQ.jpg,A_Tt6HTJdxA1kAAAAAAAAAAAAAAQAAAQ.jpg,0,153,19
A_TETcSo4ZDCgAAAAAAAAAAAAAAQAAAQ.jpg,A_l-VLRK4I89oAAAAAAAAAAAAAAQAAAQ.jpg,0,205,31
A_rHPMQIrXUkgAAAAAAAAAAAAAAQAAAQ.jpg,A_4OAEQbtm3HIAAAAAAAAAAAAAAQAAAQ.jpg,0,108,12
A_Efp6QLrSZ-gAAAAAAAAAAAAAAQAAAQ.jpg,A_B70bT5SypHUAAAAAAAAAAAAAAQAAAQ.jpg,0,274,55
A_RU49RpH8I6MAAAAAAAAAAAAAAQAAAQ.jpg,A_PKCVSakmtxUAAAAAAAAAAAAAAQAAAQ.jpg,0,270,278
A_2wBqTpzmeL0AAAAAAAAAAAAAAQAAAQ.jpg,A_yowNRYq4KGcAAAAAAAAAAAAAAQAAAQ.jpg,0,49,242
A_M2dJTrQsL7gAAAAAAAAAAAAAAQAAAQ.jpg,A_LSiaQrNCrMkAAAAAAAAAAAAAAQAAAQ.jpg,0,167,253
A_olotS4XoJFkAAAAAAAAAAAAAAQAAAQ.jpg,-6WHQxGYR3ej96FqYNv-hAAAACMAARAD.jpg,0,124,208
A_LlQfQ5eZYSAAAAAAAAAAAAAAAQAAAQ.jpg,A_xNCNSreklsIAAAAAAAAAAAAAAQAAAQ.jpg,0,94,1
A_G_d-SZ5LZZsAAAAAAAAAAAAAAQAAAQ.jpg,A_Cl0sQ69mrY4AAAAAAAAAAAAAAQAAAQ.jpg,0,143,341
A_pfnXQq9r3uoAAAAAAAAAAAAAAQAAAQ.jpg,A_xK0XQo9bd_wAAAAAAAAAAAAAAQAAAQ.jpg,0,199,143
A_MVpnTJIllNYAAAAAAAAAAAAAAQAAAQ.jpg,A_oTz0Q6Q2sBMAAAAAAAAAAAAAAQAAAQ.jpg,0,51,76
A_Ej53QIThr-wAAAAAAAAAAAAAAQAAAQ.jpg,A_XTPLTJ9RiO4AAAAAAAAAAAAAAQAAAQ.jpg,0,57,325
A_oU0aQJ48IRsAAAAAAAAAAAAAAQAAAQ.jpg,A_TiDfT7B8BmwAAAAAAAAAAAAAAQAAAQ.jpg,0,133,152
A_z-jkQpRk3FkAAAAAAAAAAAAAAQAAAQ.jpg,igBDl6ziSdODf-fpbtEL1wAAACMAARAD.jpg,0,135,306
A_kCm8SqJ4xbQAAAAAAAAAAAAAAQAAAQ.jpg,A_dej1SoczgZ0AAAAAAAAAAAAAAQAAAQ.jpg,0,299,43
A_-ZsZRYceA08AAAAAAAAAAAAAAQAAAQ.jpg,A_AxC7T5vfyIoAAAAAAAAAAAAAAQAAAQ.jpg,0,96,85
A_lU5xT7JfAoEAAAAAAAAAAAAAAQAAAQ.jpg,A_ChqmSJ1Ok-IAAAAAAAAAAAAAAQAAAQ.jpg,0,317,153
Ej2g9nnhTLyYvf0RFPPZMgAAACMAARAD.jpg,A_aBdGT4bei2QAAAAAAAAAAAAAAQAAAQ.jpg,0,177,233
VhTnM3vfTZ-8xD9trXiLSAAAACMAARAD.jpg,A_tXSZTIQiK3YAAAAAAAAAAAAAAQAAAQ.jpg,0,71,151
A_nwlKT4igLyQAAAAAAAAAAAAAAQAAAQ.jpg,A_jjT_Q5XInXYAAAAAAAAAAAAAAQAAAQ.jpg,0,37,92
A_H2d7SazIiaAAAAAAAAAAAAAAAQAAAQ.jpg,A_9rUXTan94pAAAAAAAAAAAAAAAQAAAQ.jpg,0,73,32
A_j_V4R55jT3AAAAAAAAAAAAAAAQAAAQ.jpg,A_RI1UQ5lyw1EAAAAAAAAAAAAAAQAAAQ.jpg,0,96,94
A_JFQFRqCRuosXeWdMn9bYtQAAAQAAAQ.jpg,A_nrfAQ5bLQPoAAAAAAAAAAAAAAQAAAQ.jpg,0,68,251
A_846cT62QLOEAAAAAAAAAAAAAAQAAAQ.jpg,A_ZhFOTLvWldQAAAAAAAAAAAAAAQAAAQ.jpg,0,10,251
A_RaRvSLwdvtQAAAAAAAAAAAAAAQAAAQ.jpg,A_FGfzSpRlJ9AAAAAAAAAAAAAAAQAAAQ.jpg,0,173,263
C5W99xn9Rpmnq-8QffgzswAAACMAARAD.jpg,A_llXqTpsSgWwAAAAAAAAAAAAAAQAAAQ.jpg,0,120,90
A_4h3wQKJ5JDUAAAAAAAAAAAAAAQAAAQ.jpg,A_DcniRp1IRU0AAAAAAAAAAAAAAQAAAQ.jpg,0,212,320
A_4OAEQbtm3HIAAAAAAAAAAAAAAQAAAQ.jpg,A_TFw1RY0S3r8AAAAAAAAAAAAAAQAAAQ.jpg,0,12,335
A_eCGwQpnlatEAAAAAAAAAAAAAAQAAAQ.jpg,A_m-aWTY3Ot-AAAAAAAAAAAAAAAQAAAQ.jpg,0,80,26
A__cLMQbU4SS0AAAAAAAAAAAAAAQAAAQ.jpg,A_Er7KSKT6V0IAAAAAAAAAAAAAAQAAAQ.jpg,0,184,88
A_bLPoRob0He8AAAAAAAAAAAAAAQAAAQ.jpg,A_HeLsQKQMu50AAAAAAAAAAAAAAQAAAQ.jpg,0,319,43
A_gCrJTKWF4KgAAAAAAAAAAAAAAQAAAQ.jpg,A_uOCiT40f578AAAAAAAAAAAAAAQAAAQ.jpg,0,117,347
A_iDkPR7B0h_IAAAAAAAAAAAAAAQAAAQ.jpg,A_j8CBQYr_ECQAAAAAAAAAAAAAAQAAAQ.jpg,0,241,185
A_akXfRKCJyToAAAAAAAAAAAAAAQAAAQ.jpg,UGSrDzPcQN2snR0B29V38AAAACMAARAD.jpg,0,13,192
A_fAd6Q6jPCKAAAAAAAAAAAAAAAQAAAQ.jpg,YDkF-IExTl-pKxGA-asCwwAAACMAARAD.jpg,0,339,166
A_LFzLT7mHIM8AAAAAAAAAAAAAAQAAAQ.jpg,A_W-xaT78i22MAAAAAAAAAAAAAAQAAAQ.jpg,0,204,50
A_juPfTZQWNPEAAAAAAAAAAAAAAQAAAQ.jpg,uI5fw6x6QLSNO_eB4fXEZwAAACMAARAD.jpg,0,30,109
A_92a6Tq_Mr68AAAAAAAAAAAAAAQAAAQ.jpg,A_jcJHTp85KP3Y3pFEtvZWcAAAAQAAAQ.jpg,0,175,64
A_cwILQL0IAHcAAAAAAAAAAAAAAQAAAQ.jpg,A_dZG9Q4576q8AAAAAAAAAAAAAAQAAAQ.jpg,0,83,183
rPNyWMgLSMewMHD2BSt6gAAAACMAARAD.jpg,A_jifTQ68G374AAAAAAAAAAAAAAQAAAQ.jpg,0,209,42
A_h0wES7JMcj8AAAAAAAAAAAAAAQAAAQ.jpg,A_rXDyRppz13cAAAAAAAAAAAAAAQAAAQ.jpg,0,293,76
A_avXxR4A0gikAAAAAAAAAAAAAAQAAAQ.jpg,A_gPk9T4n_WewAAAAAAAAAAAAAAQAAAQ.jpg,0,280,28
A_pGBkRrTqPD0AAAAAAAAAAAAAAQAAAQ.jpg,A_6bWnTrslKhwAAAAAAAAAAAAAAQAAAQ.jpg,0,5,158
A_jXO8TqgUNaEAAAAAAAAAAAAAAQAAAQ.jpg,A_0MTNRpRpwNIAAAAAAAAAAAAAAQAAAQ.jpg,0,3,36
A_Ysu4QqIqPYkAAAAAAAAAAAAAAQAAAQ.jpg,A_2M0vSKrxwocAAAAAAAAAAAAAAQAAAQ.jpg,0,333,342
A_kRgtTKT8j2YAAAAAAAAAAAAAAQAAAQ.jpg,A_D5prT4UpL5EAAAAAAAAAAAAAAQAAAQ.jpg,0,261,87
6FeS5IF9S-6wW1rE2DkkNgAAACMAARAD.jpg,A_JhozTLdUXBAAAAAAAAAAAAAAAQAAAQ.jpg,0,321,238
A_EZU5Q47i9PQAAAAAAAAAAAAAAQAAAQ.jpg,A_LaERT6Vg6P0AAAAAAAAAAAAAAQAAAQ.jpg,0,16,347
EIpoK14ATmCiS-H_pM6kvAAAACMAARAD.jpg,A_ARs4S5uu-scAAAAAAAAAAAAAAQAAAQ.jpg,0,54,0
A_BBKYSI37po4AAAAAAAAAAAAAAQAAAQ.jpg,A_nZIFTqwyAG0AAAAAAAAAAAAAAQAAAQ.jpg,0,111,341
bLTeDYoJSBixVjfTNNJNCwAAACMAARAD.jpg,A_-BFZSoRxTq0AAAAAAAAAAAAAAQAAAQ.jpg,0,70,262
A_7TXVT6R41bwAAAAAAAAAAAAAAQAAAQ.jpg,A_OtoGQIQE13QAAAAAAAAAAAAAAQAAAQ.jpg,0,161,10
A_Rx6HR586O4sAAAAAAAAAAAAAAQAAAQ.jpg,A_96HDTpXfEp0AAAAAAAAAAAAAAQAAAQ.jpg,0,325,38
A_LUknQ5zwlPEAAAAAAAAAAAAAAQAAAQ.jpg,A_Db7ZTbup1uwAAAAAAAAAAAAAAQAAAQ.jpg,0,288,254
A_uskbRJwK4XwAAAAAAAAAAAAAAQAAAQ.jpg,A_6-hyT6yKsd8AAAAAAAAAAAAAAQAAAQ.jpg,0,154,229
A_7_k1RLN9nvMAAAAAAAAAAAAAAQAAAQ.jpg,A_L9_gSaoQ_w8AAAAAAAAAAAAAAQAAAQ.jpg,0,254,234
5tv9hCixSeCiHja6EI7b6AAAACMAARAD.jpg,A_KRefSIqxAhMAAAAAAAAAAAAAAQAAAQ.jpg,0,120,259
A_llXqTpsSgWwAAAAAAAAAAAAAAQAAAQ.jpg,A_begRQ7mAMWEAAAAAAAAAAAAAAQAAAQ.jpg,0,90,82
A_9SFeTb8NkdwAAAAAAAAAAAAAAQAAAQ.jpg,A_7HodQI2rtSUAAAAAAAAAAAAAAQAAAQ.jpg,0,80,24
A_ymwwSJZai5IAAAAAAAAAAAAAAQAAAQ.jpg,A_KkNnR5qXorcAAAAAAAAAAAAAAQAAAQ.jpg,0,122,313
A_zKdmS4FZbfkAAAAAAAAAAAAAAQAAAQ.jpg,A_CFppRq-ikRoAAAAAAAAAAAAAAQAAAQ.jpg,0,234,227
A_HHmHS7TxQaEAAAAAAAAAAAAAAQAAAQ.jpg,A_wNo8Squ-ZpAAAAAAAAAAAAAAAQAAAQ.jpg,0,305,8
A_0RBhTJcWtikAAAAAAAAAAAAAAQAAAQ.jpg,A_FtPrQpzl3BAAAAAAAAAAAAAAAQAAAQ.jpg,0,270,303
A_ycyzRpZPTpUAAAAAAAAAAAAAAQAAAQ.jpg,A_iHzcS4F1IysAAAAAAAAAAAAAAQAAAQ.jpg,0,245,116
A_T_ZjQpBDIJEAAAAAAAAAAAAAAQAAAQ.jpg,A_Aw59RY7js60AAAAAAAAAAAAAAQAAAQ.jpg,0,183,5
A_mEEyRI2A9fMAAAAAAAAAAAAAAQAAAQ.jpg,A_1iq-SaD4TSYAAAAAAAAAAAAAAQAAAQ.jpg,0,251,300
A_b4GpSbjTmGoAAAAAAAAAAAAAAQAAAQ.jpg,A_Naw9Q6w007QAAAAAAAAAAAAAAQAAAQ.jpg,0,337,223
A_RzQdRY8vhLkAAAAAAAAAAAAAAQAAAQ.jpg,A_dIlQSIobnFAAAAAAAAAAAAAAAQAAAQ.jpg,0,146,45
A_LZQHRJnzs8kAAAAAAAAAAAAAAQAAAQ.jpg,A_8SMFQ4ABOP4AAAAAAAAAAAAAAQAAAQ.jpg,0,85,78
A_qiavTY4V5OwAAAAAAAAAAAAAAQAAAQ.jpg,wIszWZIYQC224vOq0XhO2gAAACMAARAD.jpg,0,45,186
A_stIeTZ6xLSQAAAAAAAAAAAAAAQAAAQ.jpg,A_e7dMTaR9QaEAAAAAAAAAAAAAAQAAAQ.jpg,0,172,312
cOr4Q-vIToudfDTJK_hYsQAAACMAARAD.jpg,A_M6rDSaJqguwAAAAAAAAAAAAAAQAAAQ.jpg,0,4,25
A_zSt_TZGlWdoAAAAAAAAAAAAAAQAAAQ.jpg,A_jC3STZwXP58AAAAAAAAAAAAAAQAAAQ.jpg,0,38,53
A_mcPlS6cWS-wAAAAAAAAAAAAAAQAAAQ.jpg,p_poUnC6T06GTFnucmRJSwAAACMAARAD.jpg,0,55,307
A_k4waQ5pENTsAAAAAAAAAAAAAAQAAAQ.jpg,A_DTn9RaIFKaUAAAAAAAAAAAAAAQAAAQ.jpg,0,183,246
A_-9qCR4mbl08AAAAAAAAAAAAAAQAAAQ.jpg,A_-iUaTI4TKcgAAAAAAAAAAAAAAQAAAQ.jpg,0,224,16
A_s-BYTbC6hKgAAAAAAAAAAAAAAQAAAQ.jpg,A_SRVGQbrSpNYAAAAAAAAAAAAAAQAAAQ.jpg,0,162,296
A__jF0T41lCBMAAAAAAAAAAAAAAQAAAQ.jpg,j00zrtFURoqtClI52lMJUAAAACMAARAD.jpg,0,218,192
A_gZaiTKWdZY4AAAAAAAAAAAAAAQAAAQ.jpg,46wgkuZZT6eVVCnVPQgrpgAAACMAARAD.jpg,0,290,327
A_m8smT6igYF8AAAAAAAAAAAAAAQAAAQ.jpg,wsFUWtimSpau8CNMYn1IEAAAACMAARAD.jpg,0,12,209
UB-NZRT8SxapdoqCNWuvvAAAACMAARAD.jpg,A_Oj4CRqQrUiUAAAAAAAAAAAAAAQAAAQ.jpg,0,211,176
1yv1XFmYQIqGC3ETpIuU2QAAACMAARAD.jpg,A_i86wS72-_lQAAAAAAAAAAAAAAQAAAQ.jpg,0,70,224
A_ByB_RpYeWmsAAAAAAAAAAAAAAQAAAQ.jpg,A_p1EvTo6QQ7MAAAAAAAAAAAAAAQAAAQ.jpg,0,232,146
A_YhBkQq-gKQAAAAAAAAAAAAAAAQAAAQ.jpg,A_2SYrSID-5CkAAAAAAAAAAAAAAQAAAQ.jpg,0,302,181
A_dWv2RbF20pgAAAAAAAAAAAAAAQAAAQ.jpg,A_rZkOR6rZ9rgAAAAAAAAAAAAAAQAAAQ.jpg,0,243,73
A_QQBWQ5OgNqcAAAAAAAAAAAAAAQAAAQ.jpg,A_Hr8iQJfMnWAAAAAAAAAAAAAAAQAAAQ.jpg,0,318,86
A_JFQFRqCRuosAAAAAAAAAAAAAAQAAAQ.jpg,RZ0pi9gnRguCbwW_2IFLegAAACMAARAD.jpg,0,68,315
A_FeBCQrUGfIcAAAAAAAAAAAAAAQAAAQ.jpg,A_2fEAQ6wRV78AAAAAAAAAAAAAAQAAAQ.jpg,0,272,255
A_79Y3T534mhsAAAAAAAAAAAAAAQAAAQ.jpg,A_Ak6wQLMJZPUAAAAAAAAAAAAAAQAAAQ.jpg,0,205,135
A_qaJ-TItVSXQAAAAAAAAAAAAAAQAAAQ.jpg,A_DEkJRYlXFNsAAAAAAAAAAAAAAQAAAQ.jpg,0,205,268
A_IOFuS4ljD_MAAAAAAAAAAAAAAQAAAQ.jpg,Fv9FYvAkQc6AGTP11upBrwAAACMAARAD.jpg,0,57,4
A_cRO-RpI4ux8AAAAAAAAAAAAAAQAAAQ.jpg,A_bIcBTZ3tUqEAAAAAAAAAAAAAAQAAAQ.jpg,0,256,289
A_UM9FRqczn4sAAAAAAAAAAAAAAQAAAQ.jpg,ejYUJjUrTHmLuE2JKdcsRgAAACMAARAD.jpg,0,42,20
A_J-7MTKEefysAAAAAAAAAAAAAAQAAAQ.jpg,A_NLtxRaP1d6wAAAAAAAAAAAAAAQAAAQ.jpg,0,44,106
A_m6o3TaR9GfMAAAAAAAAAAAAAAQAAAQ.jpg,A_MfjWQa58yzwAAAAAAAAAAAAAAQAAAQ.jpg,0,304,90
A_pGBkRrTqPD0AAAAAAAAAAAAAAQAAAQ.jpg,YFn8FC0cQFGTffeP-0YugAAAACMAARAD.jpg,0,5,188
A_p5ntSLcrva4AAAAAAAAAAAAAAQAAAQ.jpg,5Oscl8XJRRC2rytTlGL-0AAAACMAARAD.jpg,0,202,226
A_Zan-RbGxxB0AAAAAAAAAAAAAAQAAAQ.jpg,A_B17tQL9G7GAAAAAAAAAAAAAAAQAAAQ.jpg,0,36,331
A_LaJXSLgvcWABL0VDvY1hqgAAAQAAAQ.jpg,A_JFQFRqCRuov5T45LkZ8d6wAAAQAAAQ.jpg,0,185,68
A_Ah0RSqD5FGsAAAAAAAAAAAAAAQAAAQ.jpg,A_8jMWRbavcW0AAAAAAAAAAAAAAQAAAQ.jpg,0,118,287
A_Ah0RSqD5FGsAAAAAAAAAAAAAAQAAAQ.jpg,A_m30KQICzj5QAAAAAAAAAAAAAAQAAAQ.jpg,0,118,332
A_50hVQpJOh38AAAAAAAAAAAAAAQAAAQ.jpg,A_KG1fRooRKKoAAAAAAAAAAAAAAQAAAQ.jpg,0,333,286
A_2zQ8SKw0HmwAAAAAAAAAAAAAAQAAAQ.jpg,A_p1EvTo6QQ7MAAAAAAAAAAAAAAQAAAQ.jpg,0,119,146
A_ysxzSpSaAJ0AAAAAAAAAAAAAAQAAAQ.jpg,A_z9eNSqTAEzAAAAAAAAAAAAAAAQAAAQ.jpg,0,66,24
A_Y1ryTIb8npX6SU9Br3TwMgAAAQAAAQ.jpg,A_TFw1RY0S3r8AAAAAAAAAAAAAAQAAAQ.jpg,0,221,335
yUud5fmzR3q6UJMUV6hLQwAAACMAARAD.jpg,A_ds1XTZvQ5xIAAAAAAAAAAAAAAQAAAQ.jpg,0,306,242
z7SRCrsfQqCFkfL-WxvKkAAAACMAARAD.jpg,A_tFWpS7wqAh0AAAAAAAAAAAAAAQAAAQ.jpg,0,20,39
A_jUAxSpWjluMAAAAAAAAAAAAAAQAAAQ.jpg,A_lXDEQaoW4GsAAAAAAAAAAAAAAQAAAQ.jpg,0,189,125
qyqNN_HDShqToEUCAcDKYQAAACMAARAD.jpg,A_1YVzSbIROi8AAAAAAAAAAAAAAQAAAQ.jpg,0,291,253
A_LZQHRJnzs8kAAAAAAAAAAAAAAQAAAQ.jpg,A_4rjUSryl48IAAAAAAAAAAAAAAQAAAQ.jpg,0,85,317
A_OtoGQIQE13QAAAAAAAAAAAAAAQAAAQ.jpg,2iEC5ZrsSa2JpfKnTQbADQAAACMAARAD.jpg,0,10,6
A_XQs-QoHKkXEAAAAAAAAAAAAAAQAAAQ.jpg,A_QzE_Q4Jhu9wAAAAAAAAAAAAAAQAAAQ.jpg,0,217,326
A_mFe3QKV54XcAAAAAAAAAAAAAAQAAAQ.jpg,A_NnDDQ68F5F8AAAAAAAAAAAAAAQAAAQ.jpg,0,185,146
A_DNjCS6LPySIAAAAAAAAAAAAAAQAAAQ.jpg,A_W-HLSo2GkJIAAAAAAAAAAAAAAQAAAQ.jpg,0,272,64
A_SU_3R4a-QnYAAAAAAAAAAAAAAQAAAQ.jpg,A_SbRDQbZ63xkAAAAAAAAAAAAAAQAAAQ.jpg,0,259,78
A_OQeoS4r3iwoAAAAAAAAAAAAAAQAAAQ.jpg,A_NLtxRaP1d6wAAAAAAAAAAAAAAQAAAQ.jpg,0,284,106
wIszWZIYQC224vOq0XhO2gAAACMAARAD.jpg,A_M9P2TpZaQRMAAAAAAAAAAAAAAQAAAQ.jpg,0,186,275
A_fXp1S7xHV6YAAAAAAAAAAAAAAQAAAQ.jpg,A_RxhpTqk6BKsAAAAAAAAAAAAAAQAAAQ.jpg,0,106,203
A_56etSoqz9lkAAAAAAAAAAAAAAQAAAQ.jpg,BmtxLNdXTdqX4SH1-mkYHQAAACMAARAD.jpg,0,124,56
A_uNzLSLfbVYsAAAAAAAAAAAAAAQAAAQ.jpg,A_WKq6RIpKJSwAAAAAAAAAAAAAAQAAAQ.jpg,0,210,228
A_Sgy4Q5WINnoAAAAAAAAAAAAAAQAAAQ.jpg,A_Ver0Ro7tFCYAAAAAAAAAAAAAAQAAAQ.jpg,0,157,222
A_to61RICU3tgAAAAAAAAAAAAAAQAAAQ.jpg,A_2lrgQ5piRFsAAAAAAAAAAAAAAQAAAQ.jpg,0,139,123
A_pGBkRrTqPD0AAAAAAAAAAAAAAQAAAQ.jpg,A_M6uVTLJ2EukAAAAAAAAAAAAAAQAAAQ.jpg,0,5,331
A_mELMSZX6_9YAAAAAAAAAAAAAAQAAAQ.jpg,A_BoE9RJCkeVUAAAAAAAAAAAAAAQAAAQ.jpg,0,180,237
A_BMEtTpAKIZUAAAAAAAAAAAAAAQAAAQ.jpg,A_q3NGSb8R88wAAAAAAAAAAAAAAQAAAQ.jpg,0,247,253
A_hsJDSo4xcbkAAAAAAAAAAAAAAQAAAQ.jpg,A_yBncQYqQkt4AAAAAAAAAAAAAAQAAAQ.jpg,0,3,250
A_N7TMSppc4iUAAAAAAAAAAAAAAQAAAQ.jpg,A_wSWmTr7_FucAAAAAAAAAAAAAAQAAAQ.jpg,0,101,302
aa7CED-ZTiSSG_-WFIoMkwAAACMAARAD.jpg,A_LQIQSpDZ01wAAAAAAAAAAAAAAQAAAQ.jpg,0,166,91
A_AK9lSaWJ_m0AAAAAAAAAAAAAAQAAAQ.jpg,A_Hd0LRLVyFxQAAAAAAAAAAAAAAQAAAQ.jpg,0,296,213
A_4OdZTY_C4z8AAAAAAAAAAAAAAQAAAQ.jpg,A_YSQWSIXD3cQAAAAAAAAAAAAAAQAAAQ.jpg,0,304,57
A_wcRmTIDKqJAAAAAAAAAAAAAAAQAAAQ.jpg,MfYoqfAzSxyKWkDANp68IQAAACMAARAD.jpg,0,240,132
A_mOfuTre90ooAAAAAAAAAAAAAAQAAAQ.jpg,A_16FyRKAdZCwAAAAAAAAAAAAAAQAAAQ.jpg,0,59,139
hoWp7-3lQi-3jCssfpyVaAAAACMAARAD.jpg,wsFUWtimSpau8CNMYn1IEAAAACMAARAD.jpg,0,166,209
A_h0wES7JMcj8AAAAAAAAAAAAAAQAAAQ.jpg,A_fR07TIw_Lx0AAAAAAAAAAAAAAQAAAQ.jpg,0,293,37
-6WHQxGYR3ej96FqYNv-hAAAACMAARAD.jpg,A_92iARaRRPR8AAAAAAAAAAAAAAQAAAQ.jpg,0,208,84
A_vgbBT4flQykAAAAAAAAAAAAAAQAAAQ.jpg,A_QzE_Q4Jhu9wAAAAAAAAAAAAAAQAAAQ.jpg,0,279,326
A_otkrQ6x55ioAAAAAAAAAAAAAAQAAAQ.jpg,A_hdpuRLEj1id2OI1JoO1-QAAAAQAAAQ.jpg,0,123,326
A_TACLS6bGmFUAAAAAAAAAAAAAAQAAAQ.jpg,A_y6yGT6qZ-m4AAAAAAAAAAAAAAQAAAQ.jpg,0,236,103
A_hiF9SJL03uIAAAAAAAAAAAAAAQAAAQ.jpg,A_qmTVSqXlh7UAAAAAAAAAAAAAAQAAAQ.jpg,0,214,105
A_gR_YR4d18TQAAAAAAAAAAAAAAQAAAQ.jpg,A_JTXPTI39PMkAAAAAAAAAAAAAAQAAAQ.jpg,0,127,199
A_hKxiQrUhfZUAAAAAAAAAAAAAAQAAAQ.jpg,A_ufHTQ6U54sAAAAAAAAAAAAAAAQAAAQ.jpg,0,141,41
A_CUlQSpIInD0AAAAAAAAAAAAAAQAAAQ.jpg,dyxtW91GQ3m1hwcxGe6xNQAAACMAARAD.jpg,0,322,72
A_29ykT6cSV_gAAAAAAAAAAAAAAQAAAQ.jpg,A_XTPLTJ9RiO4AAAAAAAAAAAAAAQAAAQ.jpg,0,247,325
A_m8smT6igYF8AAAAAAAAAAAAAAQAAAQ.jpg,A_0gczRYEcMd0AAAAAAAAAAAAAAQAAAQ.jpg,0,12,193
A_higyRahZ3-cAAAAAAAAAAAAAAQAAAQ.jpg,A_VV-4R7Xfd1AAAAAAAAAAAAAAAQAAAQ.jpg,0,266,221
A_s3yWQZRsWqMAAAAAAAAAAAAAAQAAAQ.jpg,A_8gLsQ6KuwHQAAAAAAAAAAAAAAQAAAQ.jpg,0,176,124
A_7uWzQaplAc4AAAAAAAAAAAAAAQAAAQ.jpg,A_k02wRqflDJcAAAAAAAAAAAAAAQAAAQ.jpg,0,260,328
A_00wGQ6p8j_UAAAAAAAAAAAAAAQAAAQ.jpg,FzycvDuPSGu-ef2sruqE3wAAACMAARAD.jpg,0,214,150
otcaKuZmTvi_QxerP6VRdAAAACMAARAD.jpg,A_6h2TSpG2xLAAAAAAAAAAAAAAAQAAAQ.jpg,0,207,328
obyrOEluQJ2NMnX7G7GA0wAAACMAARAD.jpg,A_Y1ryTIb8npUAAAAAAAAAAAAAAQAAAQ.jpg,0,306,221
A_m0WPTqxk5q8AAAAAAAAAAAAAAQAAAQ.jpg,A_m2BwRaFdErIAAAAAAAAAAAAAAQAAAQ.jpg,0,226,182
5H_5JzzcTemv0Pp6LV4d1AAAACMAARAD.jpg,A_05j1Q7VInwsAAAAAAAAAAAAAAQAAAQ.jpg,0,27,66
A_UbkTQI6a8oMAAAAAAAAAAAAAAQAAAQ.jpg,A_jcJHTp85KP3Y3pFEtvZWcAAAAQAAAQ.jpg,0,61,64
A_2f4ZRqel34oAAAAAAAAAAAAAAQAAAQ.jpg,A_gzSGTYTpSLkAAAAAAAAAAAAAAQAAAQ.jpg,0,33,340
A_S7r7Srj5r_wAAAAAAAAAAAAAAQAAAQ.jpg,A_HFprSoUoL2gAAAAAAAAAAAAAAQAAAQ.jpg,0,313,189
A_S11EQYn7Fj8AAAAAAAAAAAAAAQAAAQ.jpg,A_DTn9RaIFKaUAAAAAAAAAAAAAAQAAAQ.jpg,0,224,246
A_YDlYRYBLgbQAAAAAAAAAAAAAAQAAAQ.jpg,A_PNRuRprSSG4AAAAAAAAAAAAAAQAAAQ.jpg,0,257,335
A_FWz-SLCNxIMAAAAAAAAAAAAAAQAAAQ.jpg,A_bviuQLcssIIAAAAAAAAAAAAAAQAAAQ.jpg,0,325,75
A_b-wTSqGrNAEAAAAAAAAAAAAAAQAAAQ.jpg,A_WbF9SqahUZUAAAAAAAAAAAAAAQAAAQ.jpg,0,149,268
A_ePq8Ras0owIAAAAAAAAAAAAAAQAAAQ.jpg,A_kxbuQLGIcJoAAAAAAAAAAAAAAQAAAQ.jpg,0,320,104
A_02oeQZQGpSIAAAAAAAAAAAAAAQAAAQ.jpg,A_0eHqSotZJB4AAAAAAAAAAAAAAQAAAQ.jpg,0,297,126
A__hNgQJmrLXkAAAAAAAAAAAAAAQAAAQ.jpg,A_6McDRL0y-v8AAAAAAAAAAAAAAQAAAQ.jpg,0,100,200
A_TnpqRIoO1cIAAAAAAAAAAAAAAQAAAQ.jpg,A_fCtlTa7af0gAAAAAAAAAAAAAAQAAAQ.jpg,0,130,227
A_vbb5RrhFhKkAAAAAAAAAAAAAAQAAAQ.jpg,A_FbS7RJkTRPNfx85Au_Zp3gAAAQAAAQ.jpg,0,220,99
A_zcYfTIvp2lMAAAAAAAAAAAAAAQAAAQ.jpg,A_7dSiR56sjZkAAAAAAAAAAAAAAQAAAQ.jpg,0,277,313
elfhVqTdQpWv6R3PsHqMjQAAACMAARAD.jpg,A_O-HYQbAzM04AAAAAAAAAAAAAAQAAAQ.jpg,0,188,61
A_-pSrT6xClQcAAAAAAAAAAAAAAQAAAQ.jpg,tk4mOGEERLCxkiRM1WOXuwAAACMAARAD.jpg,0,97,211
A_zxwhSKLMsogAAAAAAAAAAAAAAQAAAQ.jpg,elfhVqTdQpWv6R3PsHqMjQAAACMAARAD.jpg,0,147,188
A_16FyRKAdZCwAAAAAAAAAAAAAAQAAAQ.jpg,A_ceTJQKFD4CcAAAAAAAAAAAAAAQAAAQ.jpg,0,139,277
A_iJVwTais0UgAAAAAAAAAAAAAAQAAAQ.jpg,A_Kgq_SLzseBQAAAAAAAAAAAAAAQAAAQ.jpg,0,131,295
A_q0dFR7cGWkQAAAAAAAAAAAAAAQAAAQ.jpg,lYGQmBMSTy-dsdIl44yVLQAAACMAARAD.jpg,0,123,109
A_8cyFQ4uebTYAAAAAAAAAAAAAAQAAAQ.jpg,A_dej1SoczgZ0AAAAAAAAAAAAAAQAAAQ.jpg,0,116,43
A_Rh_cT7z_w7wAAAAAAAAAAAAAAQAAAQ.jpg,A_twQYRK5U5dUAAAAAAAAAAAAAAQAAAQ.jpg,0,17,122
A_CHCqQrj2mVQAAAAAAAAAAAAAAQAAAQ.jpg,A_ByB_RpYeWmsAAAAAAAAAAAAAAQAAAQ.jpg,0,303,232
A_Yl1ZSL-Lto8AAAAAAAAAAAAAAQAAAQ.jpg,A_8xTQSLkd18MAAAAAAAAAAAAAAQAAAQ.jpg,0,241,125
A_JJxfRa1-EmUAAAAAAAAAAAAAAQAAAQ.jpg,A_9EM2TajlqXoAAAAAAAAAAAAAAQAAAQ.jpg,0,74,58
A_UHH0So61ecgAAAAAAAAAAAAAAQAAAQ.jpg,A_oVKNTpeuTjMAAAAAAAAAAAAAAQAAAQ.jpg,0,275,296
A_S33KQZXSRKEAAAAAAAAAAAAAAQAAAQ.jpg,A__2g8SIdev1YAAAAAAAAAAAAAAQAAAQ.jpg,0,80,153
A_y3o0T5zshLsAAAAAAAAAAAAAAQAAAQ.jpg,A_7MhsTIG0_08AAAAAAAAAAAAAAQAAAQ.jpg,0,152,278
A_eQMGQYpNRSIAAAAAAAAAAAAAAQAAAQ.jpg,qOv8xeZkRVeDHmMZ8t0QaAAAACMAARAD.jpg,0,41,219
A_hqAJQ6LPFncAAAAAAAAAAAAAAQAAAQ.jpg,A_HAtPTLANbMAAAAAAAAAAAAAAAQAAAQ.jpg,0,108,124
A_kPvdTbagJ9MAAAAAAAAAAAAAAQAAAQ.jpg,A_BHAZQqSI3N4AAAAAAAAAAAAAAQAAAQ.jpg,0,8,252
A_vU42Q7tLTYYAAAAAAAAAAAAAAQAAAQ.jpg,A_N57xRZ6tBnwAAAAAAAAAAAAAAQAAAQ.jpg,0,65,157
Z1qDRVboSz625P_djDkBSwAAACMAARAD.jpg,A_qQm9SqhVmh8AAAAAAAAAAAAAAQAAAQ.jpg,0,315,135
A_WFX-R60X0GE0GDJMjg5KkAAAAQAAAQ.jpg,A_LvVhRqiGvcIAAAAAAAAAAAAAAQAAAQ.jpg,0,62,194
A_6rXsToXOMygAAAAAAAAAAAAAAQAAAQ.jpg,A_j8CBQYr_ECQAAAAAAAAAAAAAAQAAAQ.jpg,0,290,185
A_bFgKSZ1-WbEAAAAAAAAAAAAAAQAAAQ.jpg,A_wMMDQIdbntYAAAAAAAAAAAAAAQAAAQ.jpg,0,141,63
A_JiP8RIdhMFgAAAAAAAAAAAAAAQAAAQ.jpg,A_8gUmSoxIHOIAAAAAAAAAAAAAAQAAAQ.jpg,0,14,65
A_6wWbR7D5KboAAAAAAAAAAAAAAQAAAQ.jpg,A_h0UnRoWDbBQAAAAAAAAAAAAAAQAAAQ.jpg,0,61,181
A_W9fQSKt4JzUAAAAAAAAAAAAAAQAAAQ.jpg,A_6wWbR7D5KboAAAAAAAAAAAAAAQAAAQ.jpg,0,95,61
A_7zzVQYVHFHgAAAAAAAAAAAAAAQAAAQ.jpg,A_pOfiQ7jDy15GaENDjjN7nQAAAQAAAQ.jpg,0,158,13
A_D6eZR70Dw9MAAAAAAAAAAAAAAQAAAQ.jpg,A_fgxxT7gC-zwAAAAAAAAAAAAAAQAAAQ.jpg,0,37,198
dNTm6a6ZQU-tMrEpqKmLXwAAACMAARAD.jpg,X7bAJ7tFSBG_4F661zvLggAAACMAARAD.jpg,0,56,207
A_qpwOTZvgL9EAAAAAAAAAAAAAAQAAAQ.jpg,A_8qvqS61s-g4AAAAAAAAAAAAAAQAAAQ.jpg,0,26,332
A_hV6oRqWGM8sAAAAAAAAAAAAAAQAAAQ.jpg,A_z7uTTKANmKQAAAAAAAAAAAAAAQAAAQ.jpg,0,329,167
A_-iZQTKAWibIAAAAAAAAAAAAAAQAAAQ.jpg,A_UIM0T5DUSJMAAAAAAAAAAAAAAQAAAQ.jpg,0,230,24
A_6rXsToXOMygAAAAAAAAAAAAAAQAAAQ.jpg,OjXGrQwIRLe0jn5ENTl1XwAAACMAARAD.jpg,0,290,291
A_9C0_SY5HMwYAAAAAAAAAAAAAAQAAAQ.jpg,A_7Rs9Q46XFoAAAAAAAAAAAAAAAQAAAQ.jpg,0,81,92
A_T1kYQ7qQrxcAAAAAAAAAAAAAAQAAAQ.jpg,A_XJPfQZIMlRoAAAAAAAAAAAAAAQAAAQ.jpg,0,246,320
A_des9TqTtlVkAAAAAAAAAAAAAAQAAAQ.jpg,dNTm6a6ZQU-tMrEpqKmLXwAAACMAARAD.jpg,0,230,56
A_JvhQSaZL14UAAAAAAAAAAAAAAQAAAQ.jpg,A_osC4T6WDCO8AAAAAAAAAAAAAAQAAAQ.jpg,0,75,202
A_7OgCTLT7J9AAAAAAAAAAAAAAAQAAAQ.jpg,A_a0W5TbtRiX4AAAAAAAAAAAAAAQAAAQ.jpg,0,2,69
A_lPwKS7HXTIUAAAAAAAAAAAAAAQAAAQ.jpg,A_vLt5Tr-DehsAAAAAAAAAAAAAAQAAAQ.jpg,0,309,326
A_FblDSrIyEzUAAAAAAAAAAAAAAQAAAQ.jpg,8bqSm5suQB-TkC66R2F-lgAAACMAARAD.jpg,0,87,177
A_oSb4R7rSOcQAAAAAAAAAAAAAAQAAAQ.jpg,A_kPvdTbagJ9MAAAAAAAAAAAAAAQAAAQ.jpg,0,47,8
A__rJuT4Ht2V0AAAAAAAAAAAAAAQAAAQ.jpg,A_dmmqQrIoeIMAAAAAAAAAAAAAAQAAAQ.jpg,0,205,279
A_lfw2QZuTKukAAAAAAAAAAAAAAQAAAQ.jpg,A_Ez49RbdLdmcAAAAAAAAAAAAAAQAAAQ.jpg,0,217,287
A_XhFbQoM2GvIAAAAAAAAAAAAAAQAAAQ.jpg,A_8U4ITbf42r4AAAAAAAAAAAAAAQAAAQ.jpg,0,229,34
A_S0zwTqouBekAAAAAAAAAAAAAAQAAAQ.jpg,A_9_SYSrcxl1UAAAAAAAAAAAAAAQAAAQ.jpg,0,169,94
A_05j1Q7VInwsAAAAAAAAAAAAAAQAAAQ.jpg,A__ufMSoUmcLcAAAAAAAAAAAAAAQAAAQ.jpg,0,66,163
A_lZcdSrXwlt8AAAAAAAAAAAAAAQAAAQ.jpg,A_JzxkRq5CL7UKXIZGrRlzfQAAAQAAAQ.jpg,0,102,216
A_13kDRrNTRTIAAAAAAAAAAAAAAQAAAQ.jpg,A_7OgCTLT7J9AAAAAAAAAAAAAAAQAAAQ.jpg,0,250,2
A_JFQFRqCRuouu-ldCkHSAIAAAAQAAAQ.jpg,A_lWreSpZxhyAAAAAAAAAAAAAAAQAAAQ.jpg,0,68,15
A_W-HLSo2GkJIAAAAAAAAAAAAAAQAAAQ.jpg,6s492Y5LR5Kto8OzVdvpHQAAACMAARAD.jpg,0,64,120
A_D6LoTIKJagkAAAAAAAAAAAAAAQAAAQ.jpg,A_Efp6QLrSZ-gAAAAAAAAAAAAAAQAAAQ.jpg,0,77,274
A_hCWqSaUTmIkAAAAAAAAAAAAAAQAAAQ.jpg,A_s6j_S4D_Q5cAAAAAAAAAAAAAAQAAAQ.jpg,0,45,199
A_57b6Sb8-FAYAAAAAAAAAAAAAAQAAAQ.jpg,A_oGUWTJP5TlUAAAAAAAAAAAAAAQAAAQ.jpg,0,300,202
A_pNVfTIS6svkAAAAAAAAAAAAAAQAAAQ.jpg,A_xigkRLl7oW4AAAAAAAAAAAAAAQAAAQ.jpg,0,293,230
A_0ZuNSaLNy7EAAAAAAAAAAAAAAQAAAQ.jpg,A_dWv2RbF20pgAAAAAAAAAAAAAAQAAAQ.jpg,0,156,243
A_SBeaQLvJMpwAAAAAAAAAAAAAAQAAAQ.jpg,A_d-HpRbQdU1YAAAAAAAAAAAAAAQAAAQ.jpg,0,225,33
5Oscl8XJRRC2rytTlGL-0AAAACMAARAD.jpg,A_ryBhQJmZFnUAAAAAAAAAAAAAAQAAAQ.jpg,0,226,267
A_ysxzSpSaAJ0AAAAAAAAAAAAAAQAAAQ.jpg,A_fR07TIw_Lx0AAAAAAAAAAAAAAQAAAQ.jpg,0,66,37
tJDuEYiaTTSKF7b-QNnRbgAAACMAARAD.jpg,A_Q6uIR7KZBo4AAAAAAAAAAAAAAQAAAQ.jpg,0,107,198
A_V4M-S5Mt__QAAAAAAAAAAAAAAQAAAQ.jpg,A_qDygQaMbmCsAAAAAAAAAAAAAAQAAAQ.jpg,0,191,119
A_wpTZRJrKEPsAAAAAAAAAAAAAAQAAAQ.jpg,A_f8MgS5sAGg0AAAAAAAAAAAAAAQAAAQ.jpg,0,38,93
gioGl7mwSCab39gMX8ARnAAAACMAARAD.jpg,A_wI14S5Qnc-kAAAAAAAAAAAAAAQAAAQ.jpg,0,177,58
A_zE7OR59AboMAAAAAAAAAAAAAAQAAAQ.jpg,A_2JASQbN8i68AAAAAAAAAAAAAAQAAAQ.jpg,0,341,182
A_YwS1QpL6r00AAAAAAAAAAAAAAQAAAQ.jpg,ejYUJjUrTHmLuE2JKdcsRgAAACMAARAD.jpg,0,248,20
A_7Rs9Q46XFoAAAAAAAAAAAAAAAQAAAQ.jpg,A_Nz6LSIyEYioAAAAAAAAAAAAAAQAAAQ.jpg,0,92,97
ejYUJjUrTHmLuE2JKdcsRgAAACMAARAD.jpg,A_JJxfRa1-EmUAAAAAAAAAAAAAAQAAAQ.jpg,0,20,74
A__9DkRL2nqzgAAAAAAAAAAAAAAQAAAQ.jpg,A_w7bqQ6XbEQoAAAAAAAAAAAAAAQAAAQ.jpg,0,222,293
A_rZkOR6rZ9rgAAAAAAAAAAAAAAQAAAQ.jpg,A_GBRjRJz7PoIAAAAAAAAAAAAAAQAAAQ.jpg,0,73,324
A_-RuUS7F6LpsAAAAAAAAAAAAAAQAAAQ.jpg,jjWLPK10Q3S11BG3fnopQgAAACMAARAD.jpg,0,346,188
A_LWb7SL9pX8IAAAAAAAAAAAAAAQAAAQ.jpg,dTUY37UVRheaLCsCQ6X01AAAACMAARAD.jpg,0,98,349
A_JhozTLdUXBAAAAAAAAAAAAAAAQAAAQ.jpg,A_kEkzS6WBDdQAAAAAAAAAAAAAAQAAAQ.jpg,0,238,156
A_TdNTTqxkNsEAAAAAAAAAAAAAAQAAAQ.jpg,A_D_R0SK73894AAAAAAAAAAAAAAQAAAQ.jpg,0,339,88
A_gWzlTqoUv50AAAAAAAAAAAAAAQAAAQ.jpg,A_HXWXTZxti_gAAAAAAAAAAAAAAQAAAQ.jpg,0,239,311
A_Hn4STI9pSQMAAAAAAAAAAAAAAQAAAQ.jpg,dTUY37UVRheaLCsCQ6X01AAAACMAARAD.jpg,0,40,349
A_Y6qGQYFvMP0AAAAAAAAAAAAAAQAAAQ.jpg,HuSWm8MwS8C21fYeSVVyagAAACMAARAD.jpg,0,138,134
A_79Y3T534mhsAAAAAAAAAAAAAAQAAAQ.jpg,A_a-RNSrOUV5IAAAAAAAAAAAAAAQAAAQ.jpg,0,205,296
A_KkNnR5qXorcAAAAAAAAAAAAAAQAAAQ.jpg,O1CN01fjcDg01yHK0TN1bE3_!!0-mtopupload.jpg,0,313,22
A_g1RJRYomLtCGJS5AnNEITgAAAQAAAQ.jpg,bFGitjnDRq-tq8QMMSegPgAAACMAARAD.jpg,0,89,70
A_kKmNR65xnvsAAAAAAAAAAAAAAQAAAQ.jpg,A_fGXbTY1iJoEAAAAAAAAAAAAAAQAAAQ.jpg,0,195,212
A_8gUmSoxIHOIAAAAAAAAAAAAAAQAAAQ.jpg,A_a-RNSrOUV5IAAAAAAAAAAAAAAQAAAQ.jpg,0,65,296
A_Nt0WS7-bibUAAAAAAAAAAAAAAQAAAQ.jpg,A_hFIsQqIAQwEAAAAAAAAAAAAAAQAAAQ.jpg,0,278,81
A_B3wzTov3pPQAAAAAAAAAAAAAAQAAAQ.jpg,A_4UKXTpg0lCgAAAAAAAAAAAAAAQAAAQ.jpg,0,123,180
A_4OdZTY_C4z8AAAAAAAAAAAAAAQAAAQ.jpg,A_4rz3RZuMxDMAAAAAAAAAAAAAAQAAAQ.jpg,0,304,165
A_Pdg4R4YxRpwAAAAAAAAAAAAAAQAAAQ.jpg,A_tqW9T6Gr5LAAAAAAAAAAAAAAAQAAAQ.jpg,0,295,110
A_O8KZRLhoNGMAAAAAAAAAAAAAAQAAAQ.jpg,A_mcPlS6cWS-wAAAAAAAAAAAAAAQAAAQ.jpg,0,105,55
A_FOOWRLdgH6EAAAAAAAAAAAAAAQAAAQ.jpg,A_UIUSR7SsVxQAAAAAAAAAAAAAAQAAAQ.jpg,0,42,81
A_ZPyVR5KHewAAAAAAAAAAAAAAAQAAAQ.jpg,A_ix1XQKP3U4UAAAAAAAAAAAAAAQAAAQ.jpg,0,314,230
A_BBKYSI37po4AAAAAAAAAAAAAAQAAAQ.jpg,NHtoXmJsQbC2oYEEvNh-agAAACMAARAD.jpg,0,111,6
A_G_d-SZ5LZZsAAAAAAAAAAAAAAQAAAQ.jpg,A_-fnOTrhcN3oAAAAAAAAAAAAAAQAAAQ.jpg,0,143,243
A_KwVMSYgdftIAAAAAAAAAAAAAAQAAAQ.jpg,A_zjM2TKZ3uLYAAAAAAAAAAAAAAQAAAQ.jpg,0,165,97
BnMTwNDZTDic7PE_4wP9cwAAACMAARAD.jpg,A_vzFyQL-m9f0AAAAAAAAAAAAAAQAAAQ.jpg,0,186,11
A_jifTQ68G374AAAAAAAAAAAAAAQAAAQ.jpg,A_tnVbTq1hG0IAAAAAAAAAAAAAAQAAAQ.jpg,0,42,194
A_URYeRZOpe68AAAAAAAAAAAAAAQAAAQ.jpg,A_6J5kQJhOduUAAAAAAAAAAAAAAQAAAQ.jpg,0,170,77
A_TA9aSIHyoewAAAAAAAAAAAAAAQAAAQ.jpg,A_G93uT5tp26QAAAAAAAAAAAAAAQAAAQ.jpg,0,139,194
A_CfJDTJ9aiOAAAAAAAAAAAAAAAQAAAQ.jpg,T3Ow5yM2ThqSP6KFh8RfwAAAACMAARAD.jpg,0,121,282
A_aMDbQ5OmVQ4AAAAAAAAAAAAAAQAAAQ.jpg,A_Ui6VSa-i0jgAAAAAAAAAAAAAAQAAAQ.jpg,0,95,38
XDjg9OcHR_imQ2hoka747gAAACMAARAD.jpg,A_cy6BT7zBon8AAAAAAAAAAAAAAQAAAQ.jpg,0,208,145
YDkF-IExTl-pKxGA-asCwwAAACMAARAD.jpg,A_rZkOR6rZ9rgAAAAAAAAAAAAAAQAAAQ.jpg,0,166,73
A_0jiiRbW7afUAAAAAAAAAAAAAAQAAAQ.jpg,A_O-HYQbAzM04AAAAAAAAAAAAAAQAAAQ.jpg,0,260,61
A_bjTUS6o38jQAAAAAAAAAAAAAAQAAAQ.jpg,A_T1kYQ7qQrxcAAAAAAAAAAAAAAQAAAQ.jpg,0,103,246
A_tqW9T6Gr5LAAAAAAAAAAAAAAAQAAAQ.jpg,A_tnTVTK86bn0AAAAAAAAAAAAAAQAAAQ.jpg,0,110,227
A_UbkTQI6a8oMAAAAAAAAAAAAAAQAAAQ.jpg,A_yowNRYq4KGcAAAAAAAAAAAAAAQAAAQ.jpg,0,61,242
A_8cyFQ4uebTYAAAAAAAAAAAAAAQAAAQ.jpg,A_eQMGQYpNRSIAAAAAAAAAAAAAAQAAAQ.jpg,0,116,41
a_y5GjiXSBqOEP8KG75kswAAACMAARED.jpg,A_pUauTrONA4kAAAAAAAAAAAAAAQAAAQ.jpg,0,174,318
A_GNYnToAhNA8AAAAAAAAAAAAAAQAAAQ.jpg,A_sKuhSojVYo8AAAAAAAAAAAAAAQAAAQ.jpg,0,35,114
A_4gn2Q6opsTUAAAAAAAAAAAAAAQAAAQ.jpg,A_Fz8gR48e7YwAAAAAAAAAAAAAAQAAAQ.jpg,0,317,182
A_Yr4LQpnqCAEAAAAAAAAAAAAAAQAAAQ.jpg,A_GN8FS4YXEKMAAAAAAAAAAAAAAQAAAQ.jpg,0,48,82
A_lUxgRJaTT48AAAAAAAAAAAAAAQAAAQ.jpg,A_OeVhQYZQBVoAAAAAAAAAAAAAAQAAAQ.jpg,0,55,157
A_Q6uIR7KZBo4AAAAAAAAAAAAAAQAAAQ.jpg,A_3muFRpfosX0AAAAAAAAAAAAAAQAAAQ.jpg,0,198,10
uI5fw6x6QLSNO_eB4fXEZwAAACMAARAD.jpg,A_dxCNSp4IGbAAAAAAAAAAAAAAAQAAAQ.jpg,0,109,172
A_PkYjToCAA08AAAAAAAAAAAAAAQAAAQ.jpg,A_gGmBSI0ev4IAAAAAAAAAAAAAAQAAAQ.jpg,0,85,82
A_C1q8QJNLNrEAAAAAAAAAAAAAAQAAAQ.jpg,A_3vZpQYswJPEAAAAAAAAAAAAAAQAAAQ.jpg,0,336,304
A_djD3Q5SP9N0AAAAAAAAAAAAAAQAAAQ.jpg,A_xigkRLl7oW4AAAAAAAAAAAAAAQAAAQ.jpg,0,32,230
A_iWCAS7hDyJEAAAAAAAAAAAAAAQAAAQ.jpg,A_UM9FRqczn4sAAAAAAAAAAAAAAQAAAQ.jpg,0,281,42
A_N0ukQ4h4un4AAAAAAAAAAAAAAQAAAQ.jpg,A_C4yWR6KggDwAAAAAAAAAAAAAAQAAAQ.jpg,0,77,61
A_b8rTTZnRnF8AAAAAAAAAAAAAAQAAAQ.jpg,A_mOfuTre90ooAAAAAAAAAAAAAAQAAAQ.jpg,0,172,59
gioGl7mwSCab39gMX8ARnAAAACMAARAD.jpg,A_rqlSTbb2yeIAAAAAAAAAAAAAAQAAAQ.jpg,0,177,25
A_tgVnS7L93MwAAAAAAAAAAAAAAQAAAQ.jpg,A_kEkzS6WBDdQAAAAAAAAAAAAAAQAAAQ.jpg,0,247,156
A_HlrvTLj4tU8AAAAAAAAAAAAAAQAAAQ.jpg,A_LlQfQ5eZYSAAAAAAAAAAAAAAAQAAAQ.jpg,0,289,94
A_mFe3QKV54XcAAAAAAAAAAAAAAQAAAQ.jpg,A_SRVGQbrSpNYAAAAAAAAAAAAAAQAAAQ.jpg,0,185,296
A__jF0T41lCBMAAAAAAAAAAAAAAQAAAQ.jpg,A_yv0pSqUhddwAAAAAAAAAAAAAAQAAAQ.jpg,0,218,220
A_m4UIQaz3nSYAAAAAAAAAAAAAAQAAAQ.jpg,A_N994QIXZ_D0AAAAAAAAAAAAAAQAAAQ.jpg,0,147,117
A_05zKQb6bySIAAAAAAAAAAAAAAQAAAQ.jpg,A_048mQIy0UMoAAAAAAAAAAAAAAQAAAQ.jpg,0,216,223
A_wdK2RIoM3SQAAAAAAAAAAAAAAQAAAQ.jpg,A_HeLsQKQMu50AAAAAAAAAAAAAAQAAAQ.jpg,0,158,43
oUwFV4MkS2S9joIua_wkvwAAACMAARAD.jpg,A_ZLTNQ5wA3ndGXjRCsAnKcwAAAQAAAQ.jpg,0,155,63
A_q7aRSpBENVQAAAAAAAAAAAAAAQAAAQ.jpg,A_vbu_TpWL6WUAAAAAAAAAAAAAAQAAAQ.jpg,0,12,305
A_G_d-SZ5LZZsAAAAAAAAAAAAAAQAAAQ.jpg,A_96HDTpXfEp0AAAAAAAAAAAAAAQAAAQ.jpg,0,143,38
A_h3xWQb_tMC0AAAAAAAAAAAAAAQAAAQ.jpg,5H_5JzzcTemv0Pp6LV4d1AAAACMAARAD.jpg,0,328,27
A_rsioTJ5AOrcAAAAAAAAAAAAAAQAAAQ.jpg,A_0ZuDSZ13H_cAAAAAAAAAAAAAAQAAAQ.jpg,0,9,165
A_aKs_R7ladhcAAAAAAAAAAAAAAQAAAQ.jpg,nLPicZeITKm4SZnyM0IhZAAAACMAARAD.jpg,0,69,219
A_cU0aRI8xDi0AAAAAAAAAAAAAAQAAAQ.jpg,A_1XV-TI8AFDMAAAAAAAAAAAAAAQAAAQ.jpg,0,156,295
Fv9FYvAkQc6AGTP11upBrwAAACMAARAD.jpg,A_0VjnQoOyQFYAAAAAAAAAAAAAAQAAAQ.jpg,0,4,119
A_NbXcRJayORUAAAAAAAAAAAAAAQAAAQ.jpg,A_BTGhRL3hvxwAAAAAAAAAAAAAAQAAAQ.jpg,0,165,0
A_PrB1S52mSxAAAAAAAAAAAAAAAQAAAQ.jpg,A_fCtlTa7af0gAAAAAAAAAAAAAAQAAAQ.jpg,0,254,227
A_JVyUR7w6Td0AAAAAAAAAAAAAAQAAAQ.jpg,A_TfOESrI_z3wAAAAAAAAAAAAAAQAAAQ.jpg,0,244,320
A_XRkvR6_24JoAAAAAAAAAAAAAAQAAAQ.jpg,A_q1-cSYaye8AAAAAAAAAAAAAAAQAAAQ.jpg,0,197,279
A_Go8dQad5WMQAAAAAAAAAAAAAAQAAAQ.jpg,A_iDkPR7B0h_IAAAAAAAAAAAAAAQAAAQ.jpg,0,98,241
A_xTY-S4O2kyYAAAAAAAAAAAAAAQAAAQ.jpg,A_-zpLRbA5T7QAAAAAAAAAAAAAAQAAAQ.jpg,0,333,126
A_cG_XSostq6UAAAAAAAAAAAAAAQAAAQ.jpg,HuSWm8MwS8C21fYeSVVyagAAACMAARAD.jpg,0,255,134
A_gBKETKn8DvwAAAAAAAAAAAAAAQAAAQ.jpg,A_F67BSool6_AAAAAAAAAAAAAAAQAAAQ.jpg,0,182,92
A_cFBbQb-i068AAAAAAAAAAAAAAQAAAQ.jpg,A_NloJTpjGmzgAAAAAAAAAAAAAAQAAAQ.jpg,0,16,62
A_8vypTI74gzgAAAAAAAAAAAAAAQAAAQ.jpg,A_VSHyQ5E3b6kAAAAAAAAAAAAAAQAAAQ.jpg,0,295,8
A_-JpBS6Eepe4AAAAAAAAAAAAAAQAAAQ.jpg,A_cdBQTbPmNRcAAAAAAAAAAAAAAQAAAQ.jpg,0,210,154
A_8xTQSLkd18MAAAAAAAAAAAAAAQAAAQ.jpg,A_fGXbTY1iJoEAAAAAAAAAAAAAAQAAAQ.jpg,0,125,212
xBdVq70UQVmGuGbRAbLiKAAAACMAARAD.jpg,A_wlP4RZZzpEgAAAAAAAAAAAAAAQAAAQ.jpg,0,291,3
A_zz-aSZh8rzMAAAAAAAAAAAAAAQAAAQ.jpg,A_qaJ-TItVSXQAAAAAAAAAAAAAAQAAAQ.jpg,0,127,205
A_StpkT6djYVMAAAAAAAAAAAAAAQAAAQ.jpg,A_0VjnQoOyQFYAAAAAAAAAAAAAAQAAAQ.jpg,0,213,119
A__rJuT4Ht2V0AAAAAAAAAAAAAAQAAAQ.jpg,A_6XZZT6vaEZ4AAAAAAAAAAAAAAQAAAQ.jpg,0,205,294
A_FyXHS6lwH00AAAAAAAAAAAAAAQAAAQ.jpg,A_viZgTZtLdIkAAAAAAAAAAAAAAQAAAQ.jpg,0,142,311
A_wbFXSqEkpSMAAAAAAAAAAAAAAQAAAQ.jpg,A_JzxkRq5CL7UKXIZGrRlzfQAAAQAAAQ.jpg,0,133,216
A_ceTJQKFD4CcAAAAAAAAAAAAAAQAAAQ.jpg,A_3bzNSLXJbYMAAAAAAAAAAAAAAQAAAQ.jpg,0,277,324
A_f7WbRLWc904AAAAAAAAAAAAAAQAAAQ.jpg,A_y3o0T5zshLsAAAAAAAAAAAAAAQAAAQ.jpg,0,142,152
YogXrvTpT3CF9S-8BEORggAAACMAARAD.jpg,A_ChqmSJ1Ok-IAAAAAAAAAAAAAAQAAAQ.jpg,0,71,153
A_30HzTpg2gJoAAAAAAAAAAAAAAQAAAQ.jpg,A_13kDRrNTRTIAAAAAAAAAAAAAAQAAAQ.jpg,0,217,250
A_hV6oRqWGM8sAAAAAAAAAAAAAAQAAAQ.jpg,A_NDzHTLNzG5MAAAAAAAAAAAAAAQAAAQ.jpg,0,329,235
A_LFzLT7mHIM8AAAAAAAAAAAAAAQAAAQ.jpg,A_7OgCTLT7J9AAAAAAAAAAAAAAAQAAAQ.jpg,0,204,2
A_aR-qQ6LgCM4AAAAAAAAAAAAAAQAAAQ.jpg,A_xK0XQo9bd_wAAAAAAAAAAAAAAQAAAQ.jpg,0,144,143
A_wMMDQIdbntYV1_RPvr7IlAAAAQAAAQ.jpg,A_uJmSS6jwC_EAAAAAAAAAAAAAAQAAAQ.jpg,0,63,151
A_Uga7SbOpyY0AAAAAAAAAAAAAAQAAAQ.jpg,A_EN1PTpOOkWkAAAAAAAAAAAAAAQAAAQ.jpg,0,69,66
A_SPVDQZ3l49AAAAAAAAAAAAAAAQAAAQ.jpg,A_pNVfTIS6svkAAAAAAAAAAAAAAQAAAQ.jpg,0,275,293
A_cIYGQ7AY1_4AAAAAAAAAAAAAAQAAAQ.jpg,A_7t6EQYxDYbYAAAAAAAAAAAAAAQAAAQ.jpg,0,133,272
A_BAxDTpRHSnwAAAAAAAAAAAAAAQAAAQ.jpg,A_gBw2Q6_QWsUAAAAAAAAAAAAAAQAAAQ.jpg,0,236,1
A_J29lTq0PoBYAAAAAAAAAAAAAAQAAAQ.jpg,A_g9LKSo8QMHwAAAAAAAAAAAAAAQAAAQ.jpg,0,83,173
A_TlQXRagTGKcAAAAAAAAAAAAAAQAAAQ.jpg,A_x0gcTpulbY8AAAAAAAAAAAAAAQAAAQ.jpg,0,172,246
A_dN7FSZa9E6kAAAAAAAAAAAAAAQAAAQ.jpg,A_D6eZR70Dw9MAAAAAAAAAAAAAAQAAAQ.jpg,0,225,37
A_Zo3FTaoKRGMAAAAAAAAAAAAAAQAAAQ.jpg,A_V03gR7K90bIAAAAAAAAAAAAAAQAAAQ.jpg,0,325,220
A_Go8dQad5WMQAAAAAAAAAAAAAAQAAAQ.jpg,A_Hi3cQLCHj2wAAAAAAAAAAAAAAQAAAQ.jpg,0,98,297
A_4OAEQbtm3HIAAAAAAAAAAAAAAQAAAQ.jpg,A_21V8SYT5XQkAAAAAAAAAAAAAAQAAAQ.jpg,0,12,220
A_WPQkRZyeXvoAAAAAAAAAAAAAAQAAAQ.jpg,0RdU88SNSb2s-y4NxFgNfwAAACMAARAD.jpg,0,273,150
A_92a6Tq_Mr68AAAAAAAAAAAAAAQAAAQ.jpg,A_ZLO-T6B44-QAAAAAAAAAAAAAAQAAAQ.jpg,0,175,138
A_3Gb6Qa923JQAAAAAAAAAAAAAAQAAAQ.jpg,A_FGfzSpRlJ9AAAAAAAAAAAAAAAQAAAQ.jpg,0,225,263
A_u5XySKZ9cywAAAAAAAAAAAAAAQAAAQ.jpg,A_BMEtTpAKIZUAAAAAAAAAAAAAAQAAAQ.jpg,0,274,247
A_RI1UQ5lyw1EAAAAAAAAAAAAAAQAAAQ.jpg,O4evSscSQOaRanT5DclZ5wAAACMAARAD.jpg,0,94,4
A_lGgOR4Oe32UAAAAAAAAAAAAAAQAAAQ.jpg,A_2_HRRLUDXZsAAAAAAAAAAAAAAQAAAQ.jpg,0,239,267
A_mFe3QKV54XcAAAAAAAAAAAAAAQAAAQ.jpg,A_TaFsSK1IhcIAAAAAAAAAAAAAAQAAAQ.jpg,0,185,294
A_SJTyRbZbs-8AAAAAAAAAAAAAAQAAAQ.jpg,A_cnG9T6Dm4UIAAAAAAAAAAAAAAQAAAQ.jpg,0,149,277
A_8PPFSJLo4y0AAAAAAAAAAAAAAQAAAQ.jpg,A_iyCnSJYS2eQAAAAAAAAAAAAAAQAAAQ.jpg,0,249,312
A_f0N3RpGHGX4AAAAAAAAAAAAAAQAAAQ.jpg,A_2SYrSID-5CkAAAAAAAAAAAAAAQAAAQ.jpg,0,73,181
A_b1eiQ4BovAEAAAAAAAAAAAAAAQAAAQ.jpg,A__hNgQJmrLXkAAAAAAAAAAAAAAQAAAQ.jpg,0,343,100
bcn92ETmR3OJk3KR9IsmiQAAACMAARAD.jpg,8fDO2NZcTqetpeRD2liw8gAAACMAARAD.jpg,0,307,190
A_DRG9SbIn_7sAAAAAAAAAAAAAAQAAAQ.jpg,A_LaERT6Vg6P0AAAAAAAAAAAAAAQAAAQ.jpg,0,119,347
A_UM9FRqczn4sAAAAAAAAAAAAAAQAAAQ.jpg,A_hFIsQqIAQwEAAAAAAAAAAAAAAQAAAQ.jpg,0,42,81
A_UHH0So61ecgAAAAAAAAAAAAAAQAAAQ.jpg,A_gvZqQKxzVa4AAAAAAAAAAAAAAQAAAQ.jpg,0,275,200
A_O8IBS7bcXMAAAAAAAAAAAAAAAQAAAQ.jpg,A_MzYDRI1zIykAAAAAAAAAAAAAAQAAAQ.jpg,0,196,122
HqCc8PT8QMalF5QdbcP9UwAAACMAARAD.jpg,A_GGwZR7_S7yYAAAAAAAAAAAAAAQAAAQ.jpg,0,107,55
A_2fEAQ6wRV78AAAAAAAAAAAAAAQAAAQ.jpg,A_qK3GTKpbnwAAAAAAAAAAAAAAAQAAAQ.jpg,0,255,83
A_LlQfQ5eZYSAAAAAAAAAAAAAAAQAAAQ.jpg,A_L_fMQ4YgTbUAAAAAAAAAAAAAAQAAAQ.jpg,0,94,125
A_T1kYQ7qQrxcAAAAAAAAAAAAAAQAAAQ.jpg,A_BT-TSJ2u3kMAAAAAAAAAAAAAAQAAAQ.jpg,0,246,279
A_AB0vQqatlaMAAAAAAAAAAAAAAQAAAQ.jpg,A_a9r9Rpz61BcAAAAAAAAAAAAAAQAAAQ.jpg,0,233,0
A_9maORbkQQNoAAAAAAAAAAAAAAQAAAQ.jpg,wlvKhmPsRnuzCvy0hg9dSQAAACMAARAD.jpg,0,62,282
A_D5prT4UpL5EAAAAAAAAAAAAAAQAAAQ.jpg,A_XNHHSZlJH00AAAAAAAAAAAAAAQAAAQ.jpg,0,87,153
A_hFIsQqIAQwEAAAAAAAAAAAAAAQAAAQ.jpg,A_zRxmTpGb1kMAAAAAAAAAAAAAAQAAAQ.jpg,0,81,183
A_TYp9Q40PjSUAAAAAAAAAAAAAAQAAAQ.jpg,A_T2lFRJy5a2gAAAAAAAAAAAAAAQAAAQ.jpg,0,149,28
A_QzE_Q4Jhu9wAAAAAAAAAAAAAAQAAAQ.jpg,A_YQaOR4fTfKQAAAAAAAAAAAAAAQAAAQ.jpg,0,326,42
sXCLxmKsRfaVAGlXbY1y3wAAACMAARAD.jpg,T9sfxIkpSdiBNdMd91kAeAAAACMAARAD.jpg,0,306,321
A_ngf3S4H6_NkAAAAAAAAAAAAAAQAAAQ.jpg,A_0ZuNSaLNy7EAAAAAAAAAAAAAAQAAAQ.jpg,0,231,156
A_TLSkT501MYQAAAAAAAAAAAAAAQAAAQ.jpg,A_Db7ZTbup1uwAAAAAAAAAAAAAAQAAAQ.jpg,0,325,254
55fo6TlLS8mFijkrYINs0AAAACMAARAD.jpg,A_JDCBRYXWhPEAAAAAAAAAAAAAAQAAAQ.jpg,0,56,320
A_WidRS5aubWEAAAAAAAAAAAAAAQAAAQ.jpg,A_ycyzRpZPTpUAAAAAAAAAAAAAAQAAAQ.jpg,0,113,245
A_MOgETIoFAqQAAAAAAAAAAAAAAQAAAQ.jpg,A_chnJTr6v4Y8AAAAAAAAAAAAAAQAAAQ.jpg,0,181,216
A_tXSZTIQiK3YAAAAAAAAAAAAAAQAAAQ.jpg,A_c_7LRYptgZ4AAAAAAAAAAAAAAQAAAQ.jpg,0,151,263
A_LaERT6Vg6P0AAAAAAAAAAAAAAQAAAQ.jpg,A_QMXJRr8rzh4AAAAAAAAAAAAAAQAAAQ.jpg,0,347,300
A_TgAqQpXQPWgAAAAAAAAAAAAAAQAAAQ.jpg,fcg3fFELSXuinicx0-hYRQAAACMAARAD.jpg,0,139,27
A_BUCBRov7kcoAAAAAAAAAAAAAAQAAAQ.jpg,A_ZPyVR5KHewAAAAAAAAAAAAAAAQAAAQ.jpg,0,170,314
A_dx0gTp9A5A0AAAAAAAAAAAAAAQAAAQ.jpg,A_SHknSoOqca0AAAAAAAAAAAAAAQAAAQ.jpg,0,105,161
A_0WXUTLnvAfUAAAAAAAAAAAAAAQAAAQ.jpg,A_6JGwQau_WNoAAAAAAAAAAAAAAQAAAQ.jpg,0,77,284
A_gh7QT5Mx8uUAAAAAAAAAAAAAAQAAAQ.jpg,A_WJZqQYuskC4AAAAAAAAAAAAAAQAAAQ.jpg,0,41,335
A_LKyVRYb174gAAAAAAAAAAAAAAQAAAQ.jpg,A_Ieo9SKFx2U0AAAAAAAAAAAAAAQAAAQ.jpg,0,203,82
PWdM972oTLS4wJJ319jekgAAACMAARED.jpg,A_ycyzRpZPTpUAAAAAAAAAAAAAAQAAAQ.jpg,0,321,245
A_zSt_TZGlWdoAAAAAAAAAAAAAAQAAAQ.jpg,A_56etSoqz9lkAAAAAAAAAAAAAAQAAAQ.jpg,0,38,124
A_MkJtQKVpPRIAAAAAAAAAAAAAAQAAAQ.jpg,A_viZgTZtLdIkAAAAAAAAAAAAAAQAAAQ.jpg,0,232,311
A_m6o3TaR9GfMAAAAAAAAAAAAAAQAAAQ.jpg,A_5ObjSaWgNVgAAAAAAAAAAAAAAQAAAQ.jpg,0,304,131
A__EmvQZaIrk0AAAAAAAAAAAAAAQAAAQ.jpg,A_Hu1zSa0hFccAAAAAAAAAAAAAAQAAAQ.jpg,0,330,187
A_mFi6TLRxJ9cAAAAAAAAAAAAAAQAAAQ.jpg,A__iVyQa-Ul-kAAAAAAAAAAAAAAQAAAQ.jpg,0,144,249
A_sJaYS4HRJsQAAAAAAAAAAAAAAQAAAQ.jpg,A_YwS1QpL6r01b6sxKihNftwAAAQAAAQ.jpg,0,245,248
A_2bxUSqLc6wAAAAAAAAAAAAAAAQAAAQ.jpg,A_fDM3T7_Er0wAAAAAAAAAAAAAAQAAAQ.jpg,0,255,21
2G8MIAaDRluIS-ucQOWdigAAACMAARAD.jpg,A_rlcDQb1PUYMAAAAAAAAAAAAAAQAAAQ.jpg,0,54,197
A_g1RJRYomLtAAAAAAAAAAAAAAAQAAAQ.jpg,omt8M0kmRMSuRUW91x_fLgAAACMAARAD.jpg,0,89,177
kD-WZuK9Rae4NoG1n7HHwAAAACMAARAD.jpg,A_Uga7SbOpyY0AAAAAAAAAAAAAAQAAAQ.jpg,0,310,69
A_FSCJRYy3dFwAAAAAAAAAAAAAAQAAAQ.jpg,A_Fs6DTJ51k3oAAAAAAAAAAAAAAQAAAQ.jpg,0,3,95
A_cIYGQ7AY1_4AAAAAAAAAAAAAAQAAAQ.jpg,A_0SWCTYxPcBoAAAAAAAAAAAAAAQAAAQ.jpg,0,133,156
A_ZLO-T6B44-QAAAAAAAAAAAAAAQAAAQ.jpg,A_t6YXSrkNSwoAAAAAAAAAAAAAAQAAAQ.jpg,0,138,98
A_xjiuTJsJUpsAAAAAAAAAAAAAAQAAAQ.jpg,A_h-8AQKUCJ6wAAAAAAAAAAAAAAQAAAQ.jpg,0,213,257
A_8qvqS61s-g4AAAAAAAAAAAAAAQAAAQ.jpg,A_nJFYQIdXJJIAAAAAAAAAAAAAAQAAAQ.jpg,0,332,138
A_5IoZTb3Daq8AAAAAAAAAAAAAAQAAAQ.jpg,A_zMhHRKUhSuEAAAAAAAAAAAAAAQAAAQ.jpg,0,245,148
A_m_SBTJ0x4UgAAAAAAAAAAAAAAQAAAQ.jpg,A_CRqJQKCtnOMAAAAAAAAAAAAAAQAAAQ.jpg,0,309,341
A_D9w_QbDG9s4AAAAAAAAAAAAAAQAAAQ.jpg,A_0d9RQp7aDvQAAAAAAAAAAAAAAQAAAQ.jpg,0,26,318
A_Efp6QLrSZ-gAAAAAAAAAAAAAAQAAAQ.jpg,A_xteZTaHHkAYAAAAAAAAAAAAAAQAAAQ.jpg,0,274,205
A_Er7KSKT6V0IAAAAAAAAAAAAAAQAAAQ.jpg,otcaKuZmTvi_QxerP6VRdAAAACMAARAD.jpg,0,88,207
A_8hQJTq1WHRsAAAAAAAAAAAAAAQAAAQ.jpg,A_B70bT5SypHUAAAAAAAAAAAAAAQAAAQ.jpg,0,51,55
A_FbS7RJkTRPNfx85Au_Zp3gAAAQAAAQ.jpg,A_MPg-Tqt0h4UAAAAAAAAAAAAAAQAAAQ.jpg,0,99,334
A_iWCAS7hDyJEAAAAAAAAAAAAAAQAAAQ.jpg,PXhnsQ6BSAW7VRUKjS1fswAAACMAARAD.jpg,0,281,70
A_fpLuRr0nwKkAAAAAAAAAAAAAAQAAAQ.jpg,A_cKL1QqoK8C4AAAAAAAAAAAAAAQAAAQ.jpg,0,334,111
A_3TwiRJY6T9oAAAAAAAAAAAAAAQAAAQ.jpg,A_wgQ0TJWkZmUAAAAAAAAAAAAAAQAAAQ.jpg,0,235,19
PYuk0PscTpKyg5nsQBOYZgAAACMAARAD.jpg,A_W2IxTrShf0MAAAAAAAAAAAAAAQAAAQ.jpg,0,107,334
A_0WXUTLnvAfUAAAAAAAAAAAAAAQAAAQ.jpg,A_8RO8SZ_cRhQAAAAAAAAAAAAAAQAAAQ.jpg,0,77,303
A_HrtOQaj2IdIAAAAAAAAAAAAAAQAAAQ.jpg,A_fKn_SJlVzk8AAAAAAAAAAAAAAQAAAQ.jpg,0,266,239
A_bZNnSJorqvMAAAAAAAAAAAAAAQAAAQ.jpg,A_X-X-Tq1BLFsAAAAAAAAAAAAAAQAAAQ.jpg,0,231,42
PYuk0PscTpKyg5nsQBOYZgAAACMAARAD.jpg,A_VQ4tRoLu4e4AAAAAAAAAAAAAAQAAAQ.jpg,0,107,292
qOv8xeZkRVeDHmMZ8t0QaAAAACMAARAD.jpg,A_xigkRLl7oW4AAAAAAAAAAAAAAQAAAQ.jpg,0,219,230
A_b2ToRI08f5UAAAAAAAAAAAAAAQAAAQ.jpg,A_IgaXRJ1OsMYAAAAAAAAAAAAAAQAAAQ.jpg,0,290,305
A_GPn_QKLHezwAAAAAAAAAAAAAAQAAAQ.jpg,A_V4M-S5Mt__QAAAAAAAAAAAAAAQAAAQ.jpg,0,116,191
A_JQmhRLsCpowAAAAAAAAAAAAAAQAAAQ.jpg,A_yOJ6Q4IO9mcAAAAAAAAAAAAAAQAAAQ.jpg,0,127,162
A_KNPtSqaKcSkAAAAAAAAAAAAAAQAAAQ.jpg,A_WRZPRYHu6xsAAAAAAAAAAAAAAQAAAQ.jpg,0,18,106
A_sw55T7tdUW8AAAAAAAAAAAAAAQAAAQ.jpg,A_WFX-R60X0GEAAAAAAAAAAAAAAQAAAQ.jpg,0,29,62
z7SRCrsfQqCFkfL-WxvKkAAAACMAARAD.jpg,A_2YPaRq8ajt8AAAAAAAAAAAAAAQAAAQ.jpg,0,20,284
A_RzQdRY8vhLkAAAAAAAAAAAAAAQAAAQ.jpg,A_rlcDQb1PUYMAAAAAAAAAAAAAAQAAAQ.jpg,0,146,197
A_kcFGTZE2RQoAAAAAAAAAAAAAAQAAAQ.jpg,A_I-uhS4pzzngAAAAAAAAAAAAAAQAAAQ.jpg,0,74,260
A_-iZQTKAWibIAAAAAAAAAAAAAAQAAAQ.jpg,YogXrvTpT3CF9S-8BEORggAAACMAARAD.jpg,0,230,71
A_qE1fTpJ19QIAAAAAAAAAAAAAAQAAAQ.jpg,A_JVqvTaADYeMAAAAAAAAAAAAAAQAAAQ.jpg,0,144,123
A_N994QIXZ_D0AAAAAAAAAAAAAAQAAAQ.jpg,I-4jbqVlSyeXyWm3u8uXGQAAACMAARAD.jpg,0,117,56
A_04oDR5lbyT4AAAAAAAAAAAAAAQAAAQ.jpg,ydJW6409RSKvBzpK1xzS0QAAACMAARAD.jpg,0,163,27
A_EgytQoIRmCEAAAAAAAAAAAAAAQAAAQ.jpg,dsoua9awQ96zA43Lqf2KVgAAACMAARAD.jpg,0,343,226
A_S1K7SaRCgmsAAAAAAAAAAAAAAQAAAQ.jpg,A__OfaT7yTwxUAAAAAAAAAAAAAAQAAAQ.jpg,0,111,273
A_1UNRTpDrXocAAAAAAAAAAAAAAQAAAQ.jpg,A_H_ulSqKIeUgAAAAAAAAAAAAAAQAAAQ.jpg,0,61,93
A_g1RJRYomLtAAAAAAAAAAAAAAAQAAAQ.jpg,A_CoL5S4nhAgMAAAAAAAAAAAAAAQAAAQ.jpg,0,89,143
NEaQDqOzRj2kGdWgt4KrigAAACMAARAD.jpg,A_xzWOSL6pNFAAAAAAAAAAAAAAAQAAAQ.jpg,0,209,274
A_9BKdSKvV9UEAAAAAAAAAAAAAAQAAAQ.jpg,A_enA1RrPs6TgAAAAAAAAAAAAAAQAAAQ.jpg,0,149,130
A_cwILQL0IAHcAAAAAAAAAAAAAAQAAAQ.jpg,A_pvSeTrQ9cjEAAAAAAAAAAAAAAQAAAQ.jpg,0,83,193
Nr4fpTnSRWGdwsellE27SQAAACMAARAD.jpg,A_4rz3RZuMxDMAAAAAAAAAAAAAAQAAAQ.jpg,0,71,165
A_vxNlQoSOcesAAAAAAAAAAAAAAQAAAQ.jpg,A_N57xRZ6tBnwAAAAAAAAAAAAAAQAAAQ.jpg,0,23,157
A_YDlYRYBLgbQAAAAAAAAAAAAAAQAAAQ.jpg,A_kJWgSJRDpycAAAAAAAAAAAAAAQAAAQ.jpg,0,257,228
A_5zUtS5frsf4AAAAAAAAAAAAAAQAAAQ.jpg,A_JJxfRa1-EmUAAAAAAAAAAAAAAQAAAQ.jpg,0,148,74
A_tTIcQp5givIAAAAAAAAAAAAAAQAAAQ.jpg,A_qaJ-TItVSXQAAAAAAAAAAAAAAQAAAQ.jpg,0,5,205
A_eUwvR77C5UwAAAAAAAAAAAAAAQAAAQ.jpg,A_qi_5T4aATlcAAAAAAAAAAAAAAQAAAQ.jpg,0,65,261
A_JTXPTI39PMkAAAAAAAAAAAAAAQAAAQ.jpg,A_BTUkT4Eo6pQAAAAAAAAAAAAAAQAAAQ.jpg,0,199,266
A_WFX-R60X0GE0GDJMjg5KkAAAAQAAAQ.jpg,A_n9rlSYbLOVMAAAAAAAAAAAAAAQAAAQ.jpg,0,62,300
A_7OgCTLT7J9AAAAAAAAAAAAAAAQAAAQ.jpg,A_gFTnQbOQfY8AAAAAAAAAAAAAAQAAAQ.jpg,0,2,86
A_SWT7TpEfSXoAAAAAAAAAAAAAAQAAAQ.jpg,A_r8U0Tp2-P0MAAAAAAAAAAAAAAQAAAQ.jpg,0,257,57
A_qQm9SqhVmh8AAAAAAAAAAAAAAQAAAQ.jpg,A_zjM2TKZ3uLYAAAAAAAAAAAAAAQAAAQ.jpg,0,135,97
A_hs3nRoC1zt8AAAAAAAAAAAAAAQAAAQ.jpg,A_sUiCS7uVW54AAAAAAAAAAAAAAQAAAQ.jpg,0,28,227
A_P5b9TYwVLCMAAAAAAAAAAAAAAQAAAQ.jpg,A_pGBkRrTqPD0AAAAAAAAAAAAAAQAAAQ.jpg,0,213,5
A_jcJHTp85KP3Y3pFEtvZWcAAAAQAAAQ.jpg,A_bZNnSJorqvMAAAAAAAAAAAAAAQAAAQ.jpg,0,64,231
A_g-_gS6bU8hYAAAAAAAAAAAAAAQAAAQ.jpg,A_mwutT7LdQ9IAAAAAAAAAAAAAAQAAAQ.jpg,0,216,110
A_GNYnToAhNA8AAAAAAAAAAAAAAQAAAQ.jpg,A_hOPkQ74MAngAAAAAAAAAAAAAAQAAAQ.jpg,0,35,80
A_5JaUS5e0nHAAAAAAAAAAAAAAAQAAAQ.jpg,A_TlQXRagTGKcAAAAAAAAAAAAAAQAAAQ.jpg,0,204,172
A_5rhHQ4uH0DUAAAAAAAAAAAAAAQAAAQ.jpg,A_zMhHRKUhSuErdB5Pt_ADkgAAAQAAAQ.jpg,0,343,148
A_qr-cQJhu1vcAAAAAAAAAAAAAAQAAAQ.jpg,A_dNSRRpBZtmMAAAAAAAAAAAAAAQAAAQ.jpg,0,35,48
A_9OP_RqOi65cAAAAAAAAAAAAAAQAAAQ.jpg,A_vsngRpRhfFsAAAAAAAAAAAAAAQAAAQ.jpg,0,159,112
A_T0RwQ6RpE-AAAAAAAAAAAAAAAQAAAQ.jpg,A_chnJTr6v4Y8AAAAAAAAAAAAAAQAAAQ.jpg,0,33,216
A_9f9RQYMEDW8AAAAAAAAAAAAAAQAAAQ.jpg,A_spOYSaQ52GMAAAAAAAAAAAAAAQAAAQ.jpg,0,338,262
J9zK50Y5RvujoRzPnQkXBAAAACMAARAD.jpg,dE5D0FnIS42ZuBi1OUZO3AAAACMAARAD.jpg,0,349,56
A_g-_gS6bU8hYAAAAAAAAAAAAAAQAAAQ.jpg,A_4ERZQIbzN0oAAAAAAAAAAAAAAQAAAQ.jpg,0,216,265
A_LUkoSJrXkSUAAAAAAAAAAAAAAQAAAQ.jpg,A_GLFkSoz8JgAAAAAAAAAAAAAAAQAAAQ.jpg,0,17,67
A_Ver0Ro7tFCYAAAAAAAAAAAAAAQAAAQ.jpg,A_h0e0SItXSKwAAAAAAAAAAAAAAQAAAQ.jpg,0,222,289
PKvgCxspT06mVkCupz9C2QAAACMAARAD.jpg,A_1BkkT5s3pZkAAAAAAAAAAAAAAQAAAQ.jpg,0,134,304
A_i8kmSqzWZtEAAAAAAAAAAAAAAQAAAQ.jpg,O1CN01i3vtpY1iOA4ELUKNq_!!0-mtopupload.jpg,0,284,22
A_wDwzTJgE4z0AAAAAAAAAAAAAAQAAAQ.jpg,A_YlkgQbNnNSoAAAAAAAAAAAAAAQAAAQ.jpg,0,103,19
A_3felTbn-u0kAAAAAAAAAAAAAAQAAAQ.jpg,A_gO6RRJre4hoAAAAAAAAAAAAAAQAAAQ.jpg,0,108,268
A_3TwiRJY6T9oAAAAAAAAAAAAAAQAAAQ.jpg,A_CHCqQrj2mVQAAAAAAAAAAAAAAQAAAQ.jpg,0,235,303
A_I0duQIGPqIUAAAAAAAAAAAAAAQAAAQ.jpg,A_Uga7SbOpyY0AAAAAAAAAAAAAAQAAAQ.jpg,0,187,69
A_ytOxT7NilIsAAAAAAAAAAAAAAQAAAQ.jpg,A_z-jkQpRk3FkAAAAAAAAAAAAAAQAAAQ.jpg,0,244,135
A_BUreSr9QuYgAAAAAAAAAAAAAAQAAAQ.jpg,A_eKPdQ7NuzWMAAAAAAAAAAAAAAQAAAQ.jpg,0,337,79
Ej2g9nnhTLyYvf0RFPPZMgAAACMAARAD.jpg,A_OdypSY5DoYwAAAAAAAAAAAAAAQAAAQ.jpg,0,177,298
A_ZT5FQpIeXlQAAAAAAAAAAAAAAQAAAQ.jpg,A_zjM2TKZ3uLYAAAAAAAAAAAAAAQAAAQ.jpg,0,290,97
A_D9o9T7zICSYbaeZMlwxEKQAAAQAAAQ.jpg,A_B70bT5SypHUAAAAAAAAAAAAAAQAAAQ.jpg,0,113,55
A_7boYR4gvvhMAAAAAAAAAAAAAAQAAAQ.jpg,A_Bwx0RKWjg0sAAAAAAAAAAAAAAQAAAQ.jpg,0,152,270
A_XMPcQI5Fqs0AAAAAAAAAAAAAAQAAAQ.jpg,A_iHgnS6_U93kAAAAAAAAAAAAAAQAAAQ.jpg,0,159,47
dsoIAzfXQvGCsWjUbb4X8AAAACMAARAD.jpg,2iEC5ZrsSa2JpfKnTQbADQAAACMAARAD.jpg,0,207,6
IJnfoTCGRzy_PnKxNA20FAAAACMAARAD.jpg,A_stmPT54njmIAAAAAAAAAAAAAAQAAAQ.jpg,0,306,147
dGG2aRuKRkqEOETt9YkP4gAAACMAARAD.jpg,A_cRO-RpI4ux8AAAAAAAAAAAAAAQAAAQ.jpg,0,282,256
A_qjHLQ4LPJS8AAAAAAAAAAAAAAQAAAQ.jpg,A__YxFR6NzEjQAAAAAAAAAAAAAAQAAAQ.jpg,0,50,13
A_xev2QKoaebgAAAAAAAAAAAAAAQAAAQ.jpg,A_SXGPT6VlGv0AAAAAAAAAAAAAAQAAAQ.jpg,0,112,15
A_OQeoS4r3iwoAAAAAAAAAAAAAAQAAAQ.jpg,A_ZX7pT4uWMgsAAAAAAAAAAAAAAQAAAQ.jpg,0,284,268
A_MLC0SYv23fwAAAAAAAAAAAAAAQAAAQ.jpg,A_YkhcSryYe2cAAAAAAAAAAAAAAQAAAQ.jpg,0,259,339
A_cWO0Sb2sA9gAAAAAAAAAAAAAAQAAAQ.jpg,A_Oj4CRqQrUiU9b2pImURI-AAAAQAAAQ.jpg,0,200,176
A_aKs_R7ladhcAAAAAAAAAAAAAAQAAAQ.jpg,A_QZE9RZrlk7wAAAAAAAAAAAAAAQAAAQ.jpg,0,69,223
A_GNvgRp7nzOkAAAAAAAAAAAAAAQAAAQ.jpg,A_G_d-SZ5LZZsAAAAAAAAAAAAAAQAAAQ.jpg,0,47,143
A_eUwvR77C5UwAAAAAAAAAAAAAAQAAAQ.jpg,A_I-uhS4pzzngAAAAAAAAAAAAAAQAAAQ.jpg,0,65,260
A_-bFhSYWyHW8AAAAAAAAAAAAAAQAAAQ.jpg,A_B3wzTov3pPQAAAAAAAAAAAAAAQAAAQ.jpg,0,108,123
A_sEMKS4Zum5UAAAAAAAAAAAAAAQAAAQ.jpg,A_lWreSpZxhyAAAAAAAAAAAAAAAQAAAQ.jpg,0,273,15
A_T7tpTqdx0wcAAAAAAAAAAAAAAQAAAQ.jpg,A_Oa8eT5Wc8OgAAAAAAAAAAAAAAQAAAQ.jpg,0,159,113
A_AMHwR48il0gAAAAAAAAAAAAAAQAAAQ.jpg,A_7Rs9Q46XFoAAAAAAAAAAAAAAAQAAAQ.jpg,0,139,92
A_M6uVTLJ2EukAAAAAAAAAAAAAAQAAAQ.jpg,A_UBDTSZ2Vh-YAAAAAAAAAAAAAAQAAAQ.jpg,0,331,187
A_aBdGT4bei2QAAAAAAAAAAAAAAQAAAQ.jpg,tQd1XCVwSy27_2CRPo0NAAAAACMAARAD.jpg,0,233,109
RJaJONp-R9-6Wg29qPh_MQAAACMAARAD.jpg,A_24StS7TQoCsAAAAAAAAAAAAAAQAAAQ.jpg,0,348,329
A_TY-_RJN0r98AAAAAAAAAAAAAAQAAAQ.jpg,A_JKoXS5qMLWXZM1xIuGy1bAAAAQAAAQ.jpg,0,79,148
A_AuorQ4yCMh0AAAAAAAAAAAAAAQAAAQ.jpg,unXpdCHiSwq1IsIo2bI8PAAAACMAARAD.jpg,0,161,70
A_gBw2Q6_QWsUAAAAAAAAAAAAAAQAAAQ.jpg,A_7PWcRpT6-noAAAAAAAAAAAAAAQAAAQ.jpg,0,1,145
A_vaaqQKunbZkAAAAAAAAAAAAAAQAAAQ.jpg,A_Jz60TodhpGgUYFBLnH7ZnAAAAQAAAQ.jpg,0,141,99
A_GpPxSZ7FJvMAAAAAAAAAAAAAAQAAAQ.jpg,A_KwVMSYgdftIAAAAAAAAAAAAAAQAAAQ.jpg,0,53,165
A_-bFhSYWyHW8AAAAAAAAAAAAAAQAAAQ.jpg,A_j8CBQYr_ECQAAAAAAAAAAAAAAQAAAQ.jpg,0,108,185
A_h8BxQ7-OJWAAAAAAAAAAAAAAAQAAAQ.jpg,A_KdR7So14o4sAAAAAAAAAAAAAAQAAAQ.jpg,0,110,36
p_poUnC6T06GTFnucmRJSwAAACMAARAD.jpg,A_I4uaQKtPPhAAAAAAAAAAAAAAAQAAAQ.jpg,0,307,329
A_Y6qGQYFvMP0AAAAAAAAAAAAAAQAAAQ.jpg,A_uNzLSLfbVYsAAAAAAAAAAAAAAQAAAQ.jpg,0,138,210
A_GNvgRp7nzOkAAAAAAAAAAAAAAQAAAQ.jpg,A_VPDvSqwWeHQAAAAAAAAAAAAAAQAAAQ.jpg,0,47,287
A_-cgBQ7nWdC4AAAAAAAAAAAAAAQAAAQ.jpg,6g8v5a03RwKTmcG_80RgNwAAACMAARED.jpg,0,283,321
A_2iAoQIypnLoAAAAAAAAAAAAAAQAAAQ.jpg,A_izqHSKPN0SsAAAAAAAAAAAAAAQAAAQ.jpg,0,254,281
A_jReTTbRAdgMAAAAAAAAAAAAAAQAAAQ.jpg,A_pNVfTIS6svkAAAAAAAAAAAAAAQAAAQ.jpg,0,332,293
WONvMSM7TiuLnaBmvKNEiAAAACMAARAD.jpg,A_ysxzSpSaAJ0AAAAAAAAAAAAAAQAAAQ.jpg,0,155,66
A_rdsOTar7H-kAAAAAAAAAAAAAAQAAAQ.jpg,A_JAkWS63CU4MAAAAAAAAAAAAAAQAAAQ.jpg,0,46,67
A_e7dMTaR9QaEAAAAAAAAAAAAAAQAAAQ.jpg,A_zSt_TZGlWdoAAAAAAAAAAAAAAQAAAQ.jpg,0,312,38
A_vTQoRLws130AAAAAAAAAAAAAAQAAAQ.jpg,A_Md8QTJnt4HsAAAAAAAAAAAAAAQAAAQ.jpg,0,287,88
A_m30KQICzj5QAAAAAAAAAAAAAAQAAAQ.jpg,A_l8urSJ3Y_ZMAAAAAAAAAAAAAAQAAAQ.jpg,0,332,182
A_rXoUTpGp2akAAAAAAAAAAAAAAQAAAQ.jpg,A_rdsOTar7H-kAAAAAAAAAAAAAAQAAAQ.jpg,0,249,46
njtY4KL6SaGt4JXiaTK7hgAAACMAARAD.jpg,A_QMXJRr8rzh4AAAAAAAAAAAAAAQAAAQ.jpg,0,238,300
A_cUEKTLA6SR4AAAAAAAAAAAAAAQAAAQ.jpg,A2fZWAEeTfWyTqA6MlIezgAAACMAARAD.jpg,0,312,164
A_rsioTJ5AOrcAAAAAAAAAAAAAAQAAAQ.jpg,A_K3lrQrI1-gIAAAAAAAAAAAAAAQAAAQ.jpg,0,9,334
A_vnXSQKJqb1QAAAAAAAAAAAAAAQAAAQ.jpg,A_c1QXTK5OHUMAAAAAAAAAAAAAAQAAAQ.jpg,0,40,312
A_P5EBT4AQhZcAAAAAAAAAAAAAAQAAAQ.jpg,A_UmpNSa_VTuYAAAAAAAAAAAAAAQAAAQ.jpg,0,289,228
A_cWO0Sb2sA9gAAAAAAAAAAAAAAQAAAQ.jpg,pb5VFO7UQBWHMuwgRE5PHgAAACMAARAD.jpg,0,200,166
A_gR_YR4d18TQAAAAAAAAAAAAAAQAAAQ.jpg,A_GDdvSZPa7M0AAAAAAAAAAAAAAQAAAQ.jpg,0,127,343
A_82BHQ5VJpoQAAAAAAAAAAAAAAQAAAQ.jpg,A_rqlSTbb2yeIAAAAAAAAAAAAAAQAAAQ.jpg,0,326,25
A_pvSeTrQ9cjEAAAAAAAAAAAAAAQAAAQ.jpg,A_cRO-RpI4ux8AAAAAAAAAAAAAAQAAAQ.jpg,0,193,256
A_nvhUSpQWokYAAAAAAAAAAAAAAQAAAQ.jpg,A_6xTOT6mkZzUAAAAAAAAAAAAAAQAAAQ.jpg,0,203,7
A_IMTVR4woMBkAAAAAAAAAAAAAAQAAAQ.jpg,A_TnpqRIoO1cIAAAAAAAAAAAAAAQAAAQ.jpg,0,60,130
A_QYfVToXTeu0AAAAAAAAAAAAAAQAAAQ.jpg,A__DG-QaId_tcAAAAAAAAAAAAAAQAAAQ.jpg,0,229,87
A_hD3uRIAU8WkAAAAAAAAAAAAAAQAAAQ.jpg,A_VJVSRaHUMhcAAAAAAAAAAAAAAQAAAQ.jpg,0,281,169
5H_5JzzcTemv0Pp6LV4d1AAAACMAARAD.jpg,A_YdltQ4U0sNcAAAAAAAAAAAAAAQAAAQ.jpg,0,27,275
A_qK3GTKpbnwAAAAAAAAAAAAAAAQAAAQ.jpg,A_7qXtTLRKBLsAAAAAAAAAAAAAAQAAAQ.jpg,0,83,203
A_FyXHS6lwH00AAAAAAAAAAAAAAQAAAQ.jpg,A_CfJDTJ9aiOAAAAAAAAAAAAAAAQAAAQ.jpg,0,142,121
A_AVz3Sb7iIKwAAAAAAAAAAAAAAQAAAQ.jpg,A__xmgSopzWN8AAAAAAAAAAAAAAQAAAQ.jpg,0,167,253
A_kLiUS4oxWiEAAAAAAAAAAAAAAQAAAQ.jpg,A_mhYFS7uBQCIAAAAAAAAAAAAAAQAAAQ.jpg,0,171,193
A_eQMGQYpNRSIAAAAAAAAAAAAAAQAAAQ.jpg,wsFUWtimSpau8CNMYn1IEAAAACMAARAD.jpg,0,41,209
A_jReTTbRAdgMAAAAAAAAAAAAAAQAAAQ.jpg,6RjEAJmWRo2IAW2PEigq5wAAACMAARAD.jpg,0,332,190
A_kxbuQLGIcJoAAAAAAAAAAAAAAQAAAQ.jpg,A_45ZeSYlRX04AAAAAAAAAAAAAAQAAAQ.jpg,0,104,338
A_PXxiSIQQDWkAAAAAAAAAAAAAAQAAAQ.jpg,A_TYT0T4Fvp38AAAAAAAAAAAAAAQAAAQ.jpg,0,4,302
A_K3lrQrI1-gIAAAAAAAAAAAAAAQAAAQ.jpg,A_2zQ8SKw0HmwAAAAAAAAAAAAAAQAAAQ.jpg,0,334,119
A_ytOxT7NilIsAAAAAAAAAAAAAAQAAAQ.jpg,1yv1XFmYQIqGC3ETpIuU2QAAACMAARAD.jpg,0,244,70
A_SJTyRbZbs-8AAAAAAAAAAAAAAQAAAQ.jpg,A_O-HYQbAzM04AAAAAAAAAAAAAAQAAAQ.jpg,0,149,61
A_3skiQIpmWr0AAAAAAAAAAAAAAQAAAQ.jpg,A_fKn_SJlVzk8AAAAAAAAAAAAAAQAAAQ.jpg,0,319,239
A_N7TMSppc4iUAAAAAAAAAAAAAAQAAAQ.jpg,8QdADX6zQ3mS9dmE-VCOBgAAACMAARAD.jpg,0,101,129
A_Pgp4TYloAOwAAAAAAAAAAAAAAQAAAQ.jpg,A_yhhDQbrQfGclRShOv4OoLQAAAQAAAQ.jpg,0,281,206
4AGq8NKSRuOp1uokfOiJnwAAACMAARAD.jpg,A_MGtdT6XD3YAAAAAAAAAAAAAAAQAAAQ.jpg,0,52,236
A_CkzZSIBF3KYAAAAAAAAAAAAAAQAAAQ.jpg,KtjlPeKCRb-0vismjLY7MgAAACMAARED.jpg,0,299,128
A_g-_gS6bU8hYAAAAAAAAAAAAAAQAAAQ.jpg,A_zSt_TZGlWdoAAAAAAAAAAAAAAQAAAQ.jpg,0,216,38
A_yo0qQ6lU6HsAAAAAAAAAAAAAAQAAAQ.jpg,A_VV-4R7Xfd1AAAAAAAAAAAAAAAQAAAQ.jpg,0,152,221
A_bJUVQLWonskAAAAAAAAAAAAAAQAAAQ.jpg,A_dfRbQI26OtwAAAAAAAAAAAAAAQAAAQ.jpg,0,344,58
A_ywmfQoWVLnUAAAAAAAAAAAAAAQAAAQ.jpg,A_Y1ryTIb8npUAAAAAAAAAAAAAAQAAAQ.jpg,0,78,221
A_13kDRrNTRTIAAAAAAAAAAAAAAQAAAQ.jpg,A_BFoHTKmmZckAAAAAAAAAAAAAAQAAAQ.jpg,0,250,345
A_5IoZTb3Daq8AAAAAAAAAAAAAAQAAAQ.jpg,A_QYfVToXTeu0AAAAAAAAAAAAAAQAAAQ.jpg,0,245,229
A_dQdlSJStdV8AAAAAAAAAAAAAAQAAAQ.jpg,A_OwX6S7nJKi4AAAAAAAAAAAAAAQAAAQ.jpg,0,292,220
A_Kon7SakBEH4AAAAAAAAAAAAAAQAAAQ.jpg,A_3lkvTpO3RQYAAAAAAAAAAAAAAQAAAQ.jpg,0,25,51
A_LgsSS74u2ZUAAAAAAAAAAAAAAQAAAQ.jpg,A_OrR4RrU6OP0AAAAAAAAAAAAAAQAAAQ.jpg,0,288,212
A_to61RICU3tgAAAAAAAAAAAAAAQAAAQ.jpg,A_jBgOSoE5gk8AAAAAAAAAAAAAAQAAAQ.jpg,0,139,196
A_7aSXR6UMp8sAAAAAAAAAAAAAAQAAAQ.jpg,A_bv-GT6sWBVEAAAAAAAAAAAAAAQAAAQ.jpg,0,115,254
A_BuqfTqOcdvkAAAAAAAAAAAAAAQAAAQ.jpg,A_8ZqeTLmaayAAAAAAAAAAAAAAAQAAAQ.jpg,0,210,212
A_5SyITq15BGgAAAAAAAAAAAAAAQAAAQ.jpg,A_4OAEQbtm3HIAAAAAAAAAAAAAAQAAAQ.jpg,0,121,12
qOv8xeZkRVeDHmMZ8t0QaAAAACMAARAD.jpg,A_PKUBTpVo1sQAAAAAAAAAAAAAAQAAAQ.jpg,0,219,9
A_k_RPQYZRrkAAAAAAAAAAAAAAAQAAAQ.jpg,A_5BrdQ7yMxs4AAAAAAAAAAAAAAQAAAQ.jpg,0,125,213
A_p1e5QJ0g4lgAAAAAAAAAAAAAAQAAAQ.jpg,A_xvAiTaIgyiIAAAAAAAAAAAAAAQAAAQ.jpg,0,157,154
A_8gUmSoxIHOIAAAAAAAAAAAAAAQAAAQ.jpg,A_gmv7RZlv2wwAAAAAAAAAAAAAAQAAAQ.jpg,0,65,263
A_KBNRRqQe8vsAAAAAAAAAAAAAAQAAAQ.jpg,A_jdqPRo2GPt0AAAAAAAAAAAAAAQAAAQ.jpg,0,317,115
A_bmK8TYWpYpoAAAAAAAAAAAAAAQAAAQ.jpg,A_yOJ6Q4IO9mcAAAAAAAAAAAAAAQAAAQ.jpg,0,203,162
8Sk3KFu_QmSMZX_JxB-X2QAAACMAARAD.jpg,7ACCezYsSqiEz-zehRjeGAAAACMAARAD.jpg,0,164,310
A_63UvQ4t84sQAAAAAAAAAAAAAAQAAAQ.jpg,A_2PylSJ1j8RIAAAAAAAAAAAAAAQAAAQ.jpg,0,286,191
igBDl6ziSdODf-fpbtEL1wAAACMAARAD.jpg,A_N0opT5roVPAAAAAAAAAAAAAAAQAAAQ.jpg,0,306,242
A_VQ4tRoLu4e4AAAAAAAAAAAAAAQAAAQ.jpg,A_MVBqSa4_cZAAAAAAAAAAAAAAAQAAAQ.jpg,0,292,284
A_ab2UR5VE8pYAAAAAAAAAAAAAAQAAAQ.jpg,A_uMyGRoe6OD4AAAAAAAAAAAAAAQAAAQ.jpg,0,49,23
A_y8PMQofn1wsAAAAAAAAAAAAAAQAAAQ.jpg,6RjEAJmWRo2IAW2PEigq5wAAACMAARAD.jpg,0,244,190
A_S0zwTqouBekAAAAAAAAAAAAAAQAAAQ.jpg,46wgkuZZT6eVVCnVPQgrpgAAACMAARAD.jpg,0,169,327
A_4OAEQbtm3HIAAAAAAAAAAAAAAQAAAQ.jpg,A_5z1SRIthrRMAAAAAAAAAAAAAAQAAAQ.jpg,0,12,176
A_A3vxSa7MGD4AAAAAAAAAAAAAAQAAAQ.jpg,A_MOgETIoFAqQAAAAAAAAAAAAAAQAAAQ.jpg,0,29,181
Z_Hv1amYSOKoJUJcV5cxjwAAACMAARAD.jpg,A_YSQWSIXD3cQAAAAAAAAAAAAAAQAAAQ.jpg,0,211,57
A_9_VjT5AcH1cAAAAAAAAAAAAAAQAAAQ.jpg,A_yhhDQbrQfGclRShOv4OoLQAAAQAAAQ.jpg,0,64,206
A_rphdRInnC2cAAAAAAAAAAAAAAQAAAQ.jpg,A_m8sWQpOHV-EAAAAAAAAAAAAAAQAAAQ.jpg,0,138,25
lk6TjulLSlK2EtPG2bOT1wAAACMAARAD.jpg,A_j72ARLb_6boAAAAAAAAAAAAAAQAAAQ.jpg,0,323,161
0RdU88SNSb2s-y4NxFgNfwAAACMAARAD.jpg,A_YzaKT4AwIvIAAAAAAAAAAAAAAQAAAQ.jpg,0,150,26
A_wOfbQoNWSAQAAAAAAAAAAAAAAQAAAQ.jpg,A_g9LKSo8QMHwAAAAAAAAAAAAAAQAAAQ.jpg,0,2,173
A_IHGMTadv9ZoAAAAAAAAAAAAAAQAAAQ.jpg,A_izLaT4q7z-8AAAAAAAAAAAAAAQAAAQ.jpg,0,104,160
A_BdbARbNUADgAAAAAAAAAAAAAAQAAAQ.jpg,xwiaT4SHTLGOVAZCtHq9yQAAACMAARAD.jpg,0,122,27
HekMXIAUTl2HXeAFu4VTAgAAACMAARAD.jpg,A__dC3S5as98wAAAAAAAAAAAAAAQAAAQ.jpg,0,164,279
O1CN01i3vtpY1iOA4ELUKNq_!!0-mtopupload.jpg,A_p7msSIPIoxsAAAAAAAAAAAAAAQAAAQ.jpg,0,22,202
A_TaFsSK1IhcIAAAAAAAAAAAAAAQAAAQ.jpg,A_zKqLQoDmJo0AAAAAAAAAAAAAAQAAAQ.jpg,0,294,272
WONvMSM7TiuLnaBmvKNEiAAAACMAARAD.jpg,A_TETcSo4ZDCgAAAAAAAAAAAAAAQAAAQ.jpg,0,155,205
A_chnJTr6v4Y9vQqpAmLZa1AAAAQAAAQ.jpg,A_EVAPRrwpj30AAAAAAAAAAAAAAQAAAQ.jpg,0,216,46
A_N0opT5roVPAAAAAAAAAAAAAAAQAAAQ.jpg,A_SUhQQqbmlOwAAAAAAAAAAAAAAQAAAQ.jpg,0,242,168
_QZZGgcwSouH-KhMhR6KcAAAACMAARAD.jpg,A_pOfiQ7jDy14AAAAAAAAAAAAAAQAAAQ.jpg,0,150,13
A_CaW2Rr7FxicAAAAAAAAAAAAAAQAAAQ.jpg,A_7kJbS6bLFokAAAAAAAAAAAAAAQAAAQ.jpg,0,281,205
A_bmK8TYWpYpoAAAAAAAAAAAAAAQAAAQ.jpg,A_nKQBTJiTOPkAAAAAAAAAAAAAAQAAAQ.jpg,0,203,234
A_TwpZTY7QUIUAAAAAAAAAAAAAAQAAAQ.jpg,A_16FyRKAdZCwAAAAAAAAAAAAAAQAAAQ.jpg,0,91,139
A_StnfT7ASR9gAAAAAAAAAAAAAAQAAAQ.jpg,A_ob2HSriDloEAAAAAAAAAAAAAAQAAAQ.jpg,0,113,236
A_7qXtTLRKBLsAAAAAAAAAAAAAAQAAAQ.jpg,A_M6uVTLJ2EukAAAAAAAAAAAAAAQAAAQ.jpg,0,203,331
x22XN24XQiaxAuBA2h4LVQAAACMAARAD.jpg,A_DcniRp1IRU0AAAAAAAAAAAAAAQAAAQ.jpg,0,107,320
A_3C7oQa_cOiMAAAAAAAAAAAAAAQAAAQ.jpg,A_Jz60TodhpGgUYFBLnH7ZnAAAAQAAAQ.jpg,0,330,99
A_DLk9QaFF3W0AAAAAAAAAAAAAAQAAAQ.jpg,A_b8rTTZnRnF8AAAAAAAAAAAAAAQAAAQ.jpg,0,328,172
A_dZG9Q4576q8AAAAAAAAAAAAAAQAAAQ.jpg,8quPjI33SE-iyYx4UOnjkQAAACMAARAD.jpg,0,183,68
A_TRvMSK9h_7YAAAAAAAAAAAAAAQAAAQ.jpg,A_gZaiTKWdZY4AAAAAAAAAAAAAAQAAAQ.jpg,0,48,290
A_5TYSRLGnvfEAAAAAAAAAAAAAAQAAAQ.jpg,A_0ZBaRKtusuAAAAAAAAAAAAAAAQAAAQ.jpg,0,214,182
A_NfYdSZ8-0FYAAAAAAAAAAAAAAQAAAQ.jpg,A_KtVrTIFqvwEAAAAAAAAAAAAAAQAAAQ.jpg,0,126,318
A_4vgZSoQuhPgAAAAAAAAAAAAAAQAAAQ.jpg,A_2oJSS7TmnnsAAAAAAAAAAAAAAQAAAQ.jpg,0,294,329
w9YQq4_NScePMhUzHiU7ugAAACMAARAD.jpg,A_GtTURpEqgsQAAAAAAAAAAAAAAQAAAQ.jpg,0,166,111
A_hDlVQZkfoCwAAAAAAAAAAAAAAQAAAQ.jpg,A_8FKeQo04k4IAAAAAAAAAAAAAAQAAAQ.jpg,0,173,285
A_d04cQ7TfTSEAAAAAAAAAAAAAAQAAAQ.jpg,A_hAP5R7hp_CkAAAAAAAAAAAAAAQAAAQ.jpg,0,39,194
A_Uqn1Qq1RIzkAAAAAAAAAAAAAAQAAAQ.jpg,A_SRVGQbrSpNYAAAAAAAAAAAAAAQAAAQ.jpg,0,112,296
A_p7msSIPIoxsAAAAAAAAAAAAAAQAAAQ.jpg,A_Ws9rTr4ssSIAAAAAAAAAAAAAAQAAAQ.jpg,0,202,159
A_rZL0S6dvFYsAAAAAAAAAAAAAAQAAAQ.jpg,A_z7uTTKANmKQAAAAAAAAAAAAAAQAAAQ.jpg,0,175,167
nAi--2AISa2-kG4iYClrZAAAACMAARAD.jpg,A__jF0T41lCBMAAAAAAAAAAAAAAQAAAQ.jpg,0,129,218
A_Fs6DTJ51k3oAAAAAAAAAAAAAAQAAAQ.jpg,rMWpilyUToW_ESjYFAiCGwAAACMAARAD.jpg,0,95,238
A_7z2dSpjqRhsAAAAAAAAAAAAAAQAAAQ.jpg,A_qzxeRo3Av5AAAAAAAAAAAAAAAQAAAQ.jpg,0,302,346
A__UAoQbHt2SIAAAAAAAAAAAAAAQAAAQ.jpg,A_mFi6TLRxJ9cAAAAAAAAAAAAAAQAAAQ.jpg,0,111,144
A_CYraTbeA8PYAAAAAAAAAAAAAAQAAAQ.jpg,A_DAaRSIZ4OM0AAAAAAAAAAAAAAQAAAQ.jpg,0,245,301
A_K3lrQrI1-gIAAAAAAAAAAAAAAQAAAQ.jpg,A_OcaLQYiU_1EAAAAAAAAAAAAAAQAAAQ.jpg,0,334,341
A_TwpZTY7QUIUAAAAAAAAAAAAAAQAAAQ.jpg,A_2PhBQZl-wekAAAAAAAAAAAAAAQAAAQ.jpg,0,91,2
IvmXxLWaQd-LKBYjjNz-zwAAACMAARAD.jpg,A_OtoGQIQE13QAAAAAAAAAAAAAAQAAAQ.jpg,0,315,10
A__-KSSaYDssAAAAAAAAAAAAAAAQAAAQ.jpg,A_Y5j1R78FBNEAAAAAAAAAAAAAAQAAAQ.jpg,0,234,231
A_UH_uSo5LjOsAAAAAAAAAAAAAAQAAAQ.jpg,A_SUrFSpyat3oAAAAAAAAAAAAAAQAAAQ.jpg,0,101,102
dE5D0FnIS42ZuBi1OUZO3AAAACMAARAD.jpg,A_d1iSRoW_qgQAAAAAAAAAAAAAAQAAAQ.jpg,0,56,18
A_fAd6Q6jPCKAAAAAAAAAAAAAAAQAAAQ.jpg,A_3S3LTZgdkc8AAAAAAAAAAAAAAQAAAQ.jpg,0,339,331
A_q7aRSpBENVQAAAAAAAAAAAAAAQAAAQ.jpg,A_jifTQ68G374AAAAAAAAAAAAAAQAAAQ.jpg,0,12,42
A_qA51SrJMwRIAAAAAAAAAAAAAAQAAAQ.jpg,A_aMDbQ5OmVQ4AAAAAAAAAAAAAAQAAAQ.jpg,0,222,95
A_wmmCTbdk_3cAAAAAAAAAAAAAAQAAAQ.jpg,A_eqkkQptcgkUAAAAAAAAAAAAAAQAAAQ.jpg,0,23,94
A_xigkRLl7oW4AAAAAAAAAAAAAAQAAAQ.jpg,O1CN01ukFKMv1kRwZQAdP64_!!0-mtopupload.jpg,0,230,22
A_Y1ryTIb8npX6SU9Br3TwMgAAAQAAAQ.jpg,A_-bFhSYWyHW8AAAAAAAAAAAAAAQAAAQ.jpg,0,221,108
A_YdltQ4U0sNcAAAAAAAAAAAAAAQAAAQ.jpg,A_oZO5TK174JsAAAAAAAAAAAAAAQAAAQ.jpg,0,275,184
A_6aJ8Sa2FS-YAAAAAAAAAAAAAAQAAAQ.jpg,A_GNYnToAhNA8AAAAAAAAAAAAAAQAAAQ.jpg,0,317,35
A_uY8RT48iBmoAAAAAAAAAAAAAAQAAAQ.jpg,A_qA51SrJMwRIAAAAAAAAAAAAAAQAAAQ.jpg,0,178,222
A_hOPkQ74MAngAAAAAAAAAAAAAAQAAAQ.jpg,A_DY8LQqsgHUkAAAAAAAAAAAAAAQAAAQ.jpg,0,80,259
A_roDNRZHSdREAAAAAAAAAAAAAAQAAAQ.jpg,A_-gLFTpM2eMUAAAAAAAAAAAAAAQAAAQ.jpg,0,88,81
A_19KTRKsU1bgAAAAAAAAAAAAAAQAAAQ.jpg,A_pNAcQKJ6yH4AAAAAAAAAAAAAAQAAAQ.jpg,0,59,344
A_URuNQJscuisAAAAAAAAAAAAAAQAAAQ.jpg,A_KW5iQISstkQAAAAAAAAAAAAAAQAAAQ.jpg,0,297,146
A_TETcSo4ZDCgAAAAAAAAAAAAAAQAAAQ.jpg,A_TLSkT501MYQAAAAAAAAAAAAAAQAAAQ.jpg,0,205,325
A_YhBkQq-gKQAAAAAAAAAAAAAAAQAAAQ.jpg,A_gvZqQKxzVa4AAAAAAAAAAAAAAQAAAQ.jpg,0,302,200
A_0MTNRpRpwNIAAAAAAAAAAAAAAQAAAQ.jpg,A_hnjSQ6SWtEUAAAAAAAAAAAAAAQAAAQ.jpg,0,36,60
A_NnDDQ68F5F8AAAAAAAAAAAAAAQAAAQ.jpg,A_8SymQq9cMdAAAAAAAAAAAAAAAQAAAQ.jpg,0,146,283
A_iWCAS7hDyJEAAAAAAAAAAAAAAQAAAQ.jpg,A_KQxIT7wL_kgAAAAAAAAAAAAAAQAAAQ.jpg,0,281,18
A_bmExSKHslRkAAAAAAAAAAAAAAQAAAQ.jpg,A_oIudQY-doeoAAAAAAAAAAAAAAQAAAQ.jpg,0,14,58
A_j3DbSYcsPaAAAAAAAAAAAAAAAQAAAQ.jpg,igBDl6ziSdODf-fpbtEL1wAAACMAARAD.jpg,0,114,306
A_WD_RToG7TiEAAAAAAAAAAAAAAQAAAQ.jpg,Sz6t1kxuSjqrB9PpBED6oAAAACMAARED.jpg,0,301,54
A_56etSoqz9lkAAAAAAAAAAAAAAQAAAQ.jpg,A_u4OeSpbepPAAAAAAAAAAAAAAAQAAAQ.jpg,0,124,50
A_5zh3RYWgmsoAAAAAAAAAAAAAAQAAAQ.jpg,A_0-ELRoJDoOAAAAAAAAAAAAAAAQAAAQ.jpg,0,76,160
A_8F6fTqWbVLkAAAAAAAAAAAAAAQAAAQ.jpg,A_n9rlSYbLOVMAAAAAAAAAAAAAAQAAAQ.jpg,0,247,300
A_oIudQY-doeoAAAAAAAAAAAAAAQAAAQ.jpg,A_2bxUSqLc6wAAAAAAAAAAAAAAAQAAAQ.jpg,0,58,255
A_noVFRIHyvJQAAAAAAAAAAAAAAQAAAQ.jpg,A_CKxEQpBINjYAAAAAAAAAAAAAAQAAAQ.jpg,0,61,43
A_IXO-TKQX2Z0AAAAAAAAAAAAAAQAAAQ.jpg,A_JQmhRLsCpowAAAAAAAAAAAAAAQAAAQ.jpg,0,171,127
A_8wJfSLcHUG4AAAAAAAAAAAAAAQAAAQ.jpg,A_v9o_T5ly55wAAAAAAAAAAAAAAQAAAQ.jpg,0,12,344
A_SnWNTb004p4AAAAAAAAAAAAAAQAAAQ.jpg,A_eqkkQptcgkUAAAAAAAAAAAAAAQAAAQ.jpg,0,195,94
A_MWErSYMDBZQAAAAAAAAAAAAAAQAAAQ.jpg,A_TG_YSLyoKf4AAAAAAAAAAAAAAQAAAQ.jpg,0,59,117
A_NloJTpjGmzjncmZIj3dViAAAAQAAAQ.jpg,A_jdqPRo2GPt0AAAAAAAAAAAAAAQAAAQ.jpg,0,62,115
A_jejVTopHAJoAAAAAAAAAAAAAAQAAAQ.jpg,8BujMxsVRvWOAhf1DW4HXgAAACMAARAD.jpg,0,194,348
8Qw6qRpuSFiqsPEqj_LOpwAAACMAARAD.jpg,A_eKPdQ7NuzWMAAAAAAAAAAAAAAQAAAQ.jpg,0,134,79
A_qcBWSoqyLrEAAAAAAAAAAAAAAQAAAQ.jpg,A_4ERZQIbzN0oAAAAAAAAAAAAAAQAAAQ.jpg,0,344,265
dRX2p0mwRrumfcxLhB9tHAAAACMAARAD.jpg,jV3ehro-TYitsrnBzUlcVgAAACMAARAD.jpg,0,6,120
A_-HPcQKsgKR8AAAAAAAAAAAAAAQAAAQ.jpg,8Qwjp3LcQ3iDOb7i9kMsegAAACMAARAD.jpg,0,96,20
A_87ZNTKwrTcYAAAAAAAAAAAAAAQAAAQ.jpg,A_0elSSaRbFWQAAAAAAAAAAAAAAQAAAQ.jpg,0,30,46
A_d1iSRoW_qgQAAAAAAAAAAAAAAQAAAQ.jpg,A_sKuhSojVYo8AAAAAAAAAAAAAAQAAAQ.jpg,0,18,114
A_WL-9S6XUXP8AAAAAAAAAAAAAAQAAAQ.jpg,A_O8KZRLhoNGMAAAAAAAAAAAAAAQAAAQ.jpg,0,230,105
A_B3wzTov3pPQAAAAAAAAAAAAAAQAAAQ.jpg,A_egMEQo8dtdIAAAAAAAAAAAAAAQAAAQ.jpg,0,123,111
A_-pSrT6xClQcAAAAAAAAAAAAAAQAAAQ.jpg,A_DNjCS6LPySIAAAAAAAAAAAAAAQAAAQ.jpg,0,97,272
VhTnM3vfTZ-8xD9trXiLSAAAACMAARAD.jpg,A_D9o9T7zICSYAAAAAAAAAAAAAAQAAAQ.jpg,0,71,113
A_PM4uTLm28AgAAAAAAAAAAAAAAQAAAQ.jpg,bMTOZCIyTXCpPa4ub3bHTQAAACMAARAD.jpg,0,304,72
nLPicZeITKm4SZnyM0IhZAAAACMAARAD.jpg,A_J1z5T53U6AcAAAAAAAAAAAAAAQAAAQ.jpg,0,219,66
A_tnp-TKnLdn4AAAAAAAAAAAAAAQAAAQ.jpg,A_qrG3Qr9WQnwAAAAAAAAAAAAAAQAAAQ.jpg,0,255,217
A_q3_rR6k-lYMAAAAAAAAAAAAAAQAAAQ.jpg,A_i8kmSqzWZtEAAAAAAAAAAAAAAQAAAQ.jpg,0,245,284
A_aDWaRJ0Cte4AAAAAAAAAAAAAAQAAAQ.jpg,A_L_fMQ4YgTbUAAAAAAAAAAAAAAQAAAQ.jpg,0,200,125
A_noVFRIHyvJQAAAAAAAAAAAAAAQAAAQ.jpg,A_NbMERImKF5IAAAAAAAAAAAAAAQAAAQ.jpg,0,61,214
A_OtoGQIQE13QAAAAAAAAAAAAAAQAAAQ.jpg,A_fCtlTa7af0gAAAAAAAAAAAAAAQAAAQ.jpg,0,10,227
A_vbu_TpWL6WUAAAAAAAAAAAAAAQAAAQ.jpg,A_YzaKT4AwIvIAAAAAAAAAAAAAAQAAAQ.jpg,0,305,26
A_ap0DRppYXI0AAAAAAAAAAAAAAQAAAQ.jpg,A_C3FBR7ESg0MAAAAAAAAAAAAAAQAAAQ.jpg,0,14,198
A_PLpYQbchnYsAAAAAAAAAAAAAAQAAAQ.jpg,0GdWO5icQbKwpuwrEKLdgwAAACMAARAD.jpg,0,7,307
A_xl9CQIhvmFsAAAAAAAAAAAAAAQAAAQ.jpg,A_p1FURL5LiRoAAAAAAAAAAAAAAQAAAQ.jpg,0,313,309
A_HylzQ4MvXaYAAAAAAAAAAAAAAQAAAQ.jpg,A_P2osQYmaO-sAAAAAAAAAAAAAAQAAAQ.jpg,0,218,265
A_z9eNSqTAEzAAAAAAAAAAAAAAAQAAAQ.jpg,UB-NZRT8SxapdoqCNWuvvAAAACMAARAD.jpg,0,24,211
A_K0FxT6aY5N8AAAAAAAAAAAAAAQAAAQ.jpg,A_TACLS6bGmFUAAAAAAAAAAAAAAQAAAQ.jpg,0,301,236
A_7iu8TpXAj0QAAAAAAAAAAAAAAQAAAQ.jpg,A_d-HpRbQdU1YAAAAAAAAAAAAAAQAAAQ.jpg,0,251,33
A_72l5RJml1agAAAAAAAAAAAAAAQAAAQ.jpg,A_kKmNR65xnvsAAAAAAAAAAAAAAQAAAQ.jpg,0,93,195
A_iDkPR7B0h_IAAAAAAAAAAAAAAQAAAQ.jpg,A_hbD0T7EIoRYAAAAAAAAAAAAAAQAAAQ.jpg,0,241,74
A_8U4ITbf42r4AAAAAAAAAAAAAAQAAAQ.jpg,A_OgM_S7d4Lu0AAAAAAAAAAAAAAQAAAQ.jpg,0,34,163
A_ffXuTIdlCWcAAAAAAAAAAAAAAQAAAQ.jpg,A_MVpnTJIllNYAAAAAAAAAAAAAAQAAAQ.jpg,0,151,51
A_T0RwQ6RpE-AAAAAAAAAAAAAAAQAAAQ.jpg,A_CosPQIcz5XEAAAAAAAAAAAAAAQAAAQ.jpg,0,33,48
A_6rXsToXOMygAAAAAAAAAAAAAAQAAAQ.jpg,ejYUJjUrTHmLuE2JKdcsRgAAACMAARAD.jpg,0,290,20
A_3lkvTpO3RQYAAAAAAAAAAAAAAQAAAQ.jpg,A_sEMKS4Zum5UAAAAAAAAAAAAAAQAAAQ.jpg,0,51,273
A_J29lTq0PoBYAAAAAAAAAAAAAAQAAAQ.jpg,MfYoqfAzSxyKWkDANp68IQAAACMAARAD.jpg,0,83,132
ZHZk4AZQS--WR22W_HmhtwAAACMAARAD.jpg,A_SyljToXBtGgAAAAAAAAAAAAAAQAAAQ.jpg,0,109,88
A_JDCBRYXWhPEAAAAAAAAAAAAAAQAAAQ.jpg,A_mt3oRoMfsrEAAAAAAAAAAAAAAQAAAQ.jpg,0,320,237
A_pWOlQZby4GYAAAAAAAAAAAAAAQAAAQ.jpg,A_PLH0TI0npUYAAAAAAAAAAAAAAQAAAQ.jpg,0,121,294
A_56etSoqz9lkAAAAAAAAAAAAAAQAAAQ.jpg,A_c1QXTK5OHUMAAAAAAAAAAAAAAQAAAQ.jpg,0,124,312
A_-zpLRbA5T7QAAAAAAAAAAAAAAQAAAQ.jpg,A_En5pQIHy308AAAAAAAAAAAAAAQAAAQ.jpg,0,126,264
A_OeVhQYZQBVoAAAAAAAAAAAAAAQAAAQ.jpg,A_VKWZTI04Y7wAAAAAAAAAAAAAAQAAAQ.jpg,0,157,41
A_5z1SRIthrRMAAAAAAAAAAAAAAQAAAQ.jpg,A_ymwwSJZai5IAAAAAAAAAAAAAAQAAAQ.jpg,0,176,122
A_gh7QT5Mx8uUAAAAAAAAAAAAAAQAAAQ.jpg,A_qWCCR7R42PUAAAAAAAAAAAAAAQAAAQ.jpg,0,41,288
A_BA6tQ66OKSUAAAAAAAAAAAAAAQAAAQ.jpg,6g8v5a03RwKTmcG_80RgNwAAACMAARED.jpg,0,43,321
A_WIkoSofHxNkAAAAAAAAAAAAAAQAAAQ.jpg,A_QvWcTaeceMIAAAAAAAAAAAAAAQAAAQ.jpg,0,67,69
A_h3xWQb_tMC0AAAAAAAAAAAAAAQAAAQ.jpg,A_WxikTrz0dTUAAAAAAAAAAAAAAQAAAQ.jpg,0,328,274
A_lZcdSrXwlt8AAAAAAAAAAAAAAQAAAQ.jpg,hc_8dM3TTzeQxx1wn6w2ogAAACMAARAD.jpg,0,102,128
A_GWDtRJ-PEYIAAAAAAAAAAAAAAQAAAQ.jpg,A_O-HYQbAzM04AAAAAAAAAAAAAAQAAAQ.jpg,0,142,61
A_RPqaQYB6kjQAAAAAAAAAAAAAAQAAAQ.jpg,A_C1q8QJNLNrEAAAAAAAAAAAAAAQAAAQ.jpg,0,168,336
A_xzWOSL6pNFAAAAAAAAAAAAAAAQAAAQ.jpg,A_xvAiTaIgyiIAAAAAAAAAAAAAAQAAAQ.jpg,0,274,154
A_DycSQ4vvV68AAAAAAAAAAAAAAQAAAQ.jpg,A_5zh3RYWgmsoAAAAAAAAAAAAAAQAAAQ.jpg,0,264,76
A__DG-QaId_tcAAAAAAAAAAAAAAQAAAQ.jpg,4PnTMDonSgyab2bzQ-yK9wAAACMAARAD.jpg,0,87,192
A_yusuSowwe7sAAAAAAAAAAAAAAQAAAQ.jpg,A_nrfAQ5bLQPoAAAAAAAAAAAAAAQAAAQ.jpg,0,145,251
A_m7-sRo3H-HgAAAAAAAAAAAAAAQAAAQ.jpg,A_stmPT54njmIU_RNLpIBqvAAAAQAAAQ.jpg,0,330,147
A_k_RPQYZRrkAAAAAAAAAAAAAAAQAAAQ.jpg,A_StpkT6djYVMAAAAAAAAAAAAAAQAAAQ.jpg,0,125,213
A_plhwSYSpPVIAAAAAAAAAAAAAAQAAAQ.jpg,A_sqlbQYqQlFAAAAAAAAAAAAAAAQAAAQ.jpg,0,264,158
A_Zan-RbGxxB0AAAAAAAAAAAAAAQAAAQ.jpg,A_QQBWQ5OgNqcAAAAAAAAAAAAAAQAAAQ.jpg,0,36,318
A_waonRYbJYOwAAAAAAAAAAAAAAQAAAQ.jpg,A_tnp-TKnLdn4AAAAAAAAAAAAAAQAAAQ.jpg,0,194,255
XX6adT1pTv6LJ-Njrj_c1wAAACMAARAD.jpg,A_EVPKRbZgOYgAAAAAAAAAAAAAAQAAAQ.jpg,0,219,136
A_stmPT54njmIU_RNLpIBqvAAAAQAAAQ.jpg,A_SUhQQqbmlOwAAAAAAAAAAAAAAQAAAQ.jpg,0,147,168
A_GKxxTacH56QAAAAAAAAAAAAAAQAAAQ.jpg,A_YQOgTaaY1XgAAAAAAAAAAAAAAQAAAQ.jpg,0,21,60
A_0GHaQ5v1mnFBBtxPokPDawAAAQAAAQ.jpg,A_05zKQb6bySIAAAAAAAAAAAAAAQAAAQ.jpg,0,64,216
A_gh7QT5Mx8uUAAAAAAAAAAAAAAQAAAQ.jpg,A_FdfjQKuVE-EAAAAAAAAAAAAAAQAAAQ.jpg,0,41,180
A_63UvQ4t84sQAAAAAAAAAAAAAAQAAAQ.jpg,A_D9o9T7zICSYAAAAAAAAAAAAAAQAAAQ.jpg,0,286,113
A_Urt9TpyTclsAAAAAAAAAAAAAAQAAAQ.jpg,A_5zh3RYWgmsoAAAAAAAAAAAAAAQAAAQ.jpg,0,37,76
A_Ka1IRZhFoOoAAAAAAAAAAAAAAQAAAQ.jpg,A_YrcgQoK0NyIAAAAAAAAAAAAAAQAAAQ.jpg,0,125,215
A_TRvMSK9h_7YAAAAAAAAAAAAAAQAAAQ.jpg,A_a-RNSrOUV5IAAAAAAAAAAAAAAQAAAQ.jpg,0,48,296
A_VJVSRaHUMhcAAAAAAAAAAAAAAQAAAQ.jpg,A_SsADSplZuU0AAAAAAAAAAAAAAQAAAQ.jpg,0,169,258
A_g3YhTbvJ9A8AAAAAAAAAAAAAAQAAAQ.jpg,A_SbRDQbZ63xkAAAAAAAAAAAAAAQAAAQ.jpg,0,198,78
A_jcJHTp85KP1kygxCgRGH9AAAAQAAAQ.jpg,A_CMb2RJx-GToAAAAAAAAAAAAAAQAAAQ.jpg,0,64,180
A_4lT3QpjRRVEAAAAAAAAAAAAAAQAAAQ.jpg,A_-ZsZRYceA08AAAAAAAAAAAAAAQAAAQ.jpg,0,258,96
A_DsowTrYbJyAAAAAAAAAAAAAAAQAAAQ.jpg,A_zjM2TKZ3uLYAAAAAAAAAAAAAAQAAAQ.jpg,0,45,97
A_fJ6qQJnwL64AAAAAAAAAAAAAAQAAAQ.jpg,vGAKq-TMTNeV5LTAlBj5ggAAACMAARAD.jpg,0,305,27
A_4b6sSYdVNY4AAAAAAAAAAAAAAQAAAQ.jpg,A_1GuMQarIxOsAAAAAAAAAAAAAAQAAAQ.jpg,0,113,140
bLTeDYoJSBixVjfTNNJNCwAAACMAARAD.jpg,A_vA8kSp4KcUUAAAAAAAAAAAAAAQAAAQ.jpg,0,70,141
A_2V9eS67BcuUAAAAAAAAAAAAAAQAAAQ.jpg,A_1BkkT5s3pZkAAAAAAAAAAAAAAQAAAQ.jpg,0,238,304
A_S8r-QoOdnNoAAAAAAAAAAAAAAQAAAQ.jpg,A_sKuhSojVYo8AAAAAAAAAAAAAAQAAAQ.jpg,0,28,114
A_FhkKRo6fxbsAAAAAAAAAAAAAAQAAAQ.jpg,A_FtPrQpzl3BAAAAAAAAAAAAAAAQAAAQ.jpg,0,258,303
WNf53_8ITqK97-33UL-ISgAAACMAARAD.jpg,A_7Rs9Q46XFoAAAAAAAAAAAAAAAQAAAQ.jpg,0,155,92
A_D9w_QbDG9s4AAAAAAAAAAAAAAQAAAQ.jpg,A_Zo3FTaoKRGMAAAAAAAAAAAAAAQAAAQ.jpg,0,26,325
A_iK_RRJMtR_0AAAAAAAAAAAAAAQAAAQ.jpg,A_wbFXSqEkpSMAAAAAAAAAAAAAAQAAAQ.jpg,0,101,133
A_JKoXS5qMLWXZM1xIuGy1bAAAAQAAAQ.jpg,A_gBKETKn8DvwAAAAAAAAAAAAAAQAAAQ.jpg,0,148,182
A_Vhx1SK59uV8AAAAAAAAAAAAAAQAAAQ.jpg,eHBYLvENTQGKAnE0v0CurwAAACMAARAD.jpg,0,341,226
A_bRcAQpqLS8kAAAAAAAAAAAAAAQAAAQ.jpg,A_--O-TYvJMXwAAAAAAAAAAAAAAQAAAQ.jpg,0,184,191
A_v-mDS7qZe7oAAAAAAAAAAAAAAQAAAQ.jpg,QQxyNEuVSAWRtd0Fk3TSiAAAACMAARAD.jpg,0,19,192
A_gvZqQKxzVa4AAAAAAAAAAAAAAQAAAQ.jpg,A_vxNlQoSOcesAAAAAAAAAAAAAAQAAAQ.jpg,0,200,23
A_s1uuSboGX58AAAAAAAAAAAAAAQAAAQ.jpg,O1CN018y9zNy1b2RyzTX0bZ_!!0-mtopupload.jpg,0,171,22
A_BFoHTKmmZckAAAAAAAAAAAAAAQAAAQ.jpg,A_kjIITIS-f1QAAAAAAAAAAAAAAQAAAQ.jpg,0,345,261
frdTcr-kQKe_ugKUa32pmwAAACMAARAD.jpg,A_LASnRL9zIE4AAAAAAAAAAAAAAQAAAQ.jpg,0,174,134
A_8U4ITbf42r4AAAAAAAAAAAAAAQAAAQ.jpg,A_Uga7SbOpyY0AAAAAAAAAAAAAAQAAAQ.jpg,0,34,69
A_n9rlSYbLOVMAAAAAAAAAAAAAAQAAAQ.jpg,A_QzE_Q4Jhu9wAAAAAAAAAAAAAAQAAAQ.jpg,0,300,326
A_ArkTQ6Dnr04AAAAAAAAAAAAAAQAAAQ.jpg,A_JUa9QZwAOOgAAAAAAAAAAAAAAQAAAQ.jpg,0,81,298
A_PkYjToCAA08AAAAAAAAAAAAAAQAAAQ.jpg,A_dI4zSai8yk8AAAAAAAAAAAAAAQAAAQ.jpg,0,85,221
PYuk0PscTpKyg5nsQBOYZgAAACMAARAD.jpg,A_CosPQIcz5XEAAAAAAAAAAAAAAQAAAQ.jpg,0,107,48
A_HTT-TokpzUQAAAAAAAAAAAAAAQAAAQ.jpg,A_VSHyQ5E3b6kAAAAAAAAAAAAAAQAAAQ.jpg,0,268,8
A_iHgnS6_U93kAAAAAAAAAAAAAAQAAAQ.jpg,A_y6yGT6qZ-m4AAAAAAAAAAAAAAQAAAQ.jpg,0,47,103
A_gBKETKn8DvwAAAAAAAAAAAAAAQAAAQ.jpg,A_mOfuTre90ooAAAAAAAAAAAAAAQAAAQ.jpg,0,182,59
A_2V9eS67BcuUAAAAAAAAAAAAAAQAAAQ.jpg,A_7PWcRpT6-noAAAAAAAAAAAAAAQAAAQ.jpg,0,238,145
A_Uqn1Qq1RIzkAAAAAAAAAAAAAAQAAAQ.jpg,s5_LPbJATXy82lMu1uSeJQAAACMAARAD.jpg,0,112,348
A_aA69SpvZhQQAAAAAAAAAAAAAAQAAAQ.jpg,A_Or1GTqTym0AAAAAAAAAAAAAAAQAAAQ.jpg,0,311,170
40cC6HWzRva34jaC_YZZAwAAACMAARED.jpg,A_a-RNSrOUV5IAAAAAAAAAAAAAAQAAAQ.jpg,0,128,296
A_9jzqQrTHgCQAAAAAAAAAAAAAAQAAAQ.jpg,A_lUxgRJaTT48AAAAAAAAAAAAAAQAAAQ.jpg,0,126,55
A_4rjUSryl48IAAAAAAAAAAAAAAQAAAQ.jpg,A_8vypTI74gzgAAAAAAAAAAAAAAQAAAQ.jpg,0,317,295
A_yAvwQ7uJzdYAAAAAAAAAAAAAAQAAAQ.jpg,A_pvSeTrQ9cjEAAAAAAAAAAAAAAQAAAQ.jpg,0,76,193
A_MjewSKBgq9EAAAAAAAAAAAAAAQAAAQ.jpg,A_P3qUR6v9jfsAAAAAAAAAAAAAAQAAAQ.jpg,0,5,204
A_o3aNQ59nIZoAAAAAAAAAAAAAAQAAAQ.jpg,A_w8x7SaCEWdkAAAAAAAAAAAAAAQAAAQ.jpg,0,94,58
hL3x2UFYTb-fOuBIwUKJMAAAACMAARED.jpg,nLPicZeITKm4SZnyM0IhZAAAACMAARAD.jpg,0,128,219
xEkROLFrT8eZz88qyGMUDgAAACMAARAD.jpg,A_4ZfXQLOWYBsAAAAAAAAAAAAAAQAAAQ.jpg,0,327,97
A_hiF9SJL03uIAAAAAAAAAAAAAAQAAAQ.jpg,J1CtsgliQ_Wz7dWKjUh9SwAAACMAARAD.jpg,0,214,307
A_1LQLSI-tEM4AAAAAAAAAAAAAAQAAAQ.jpg,A_Y7LpQZ9WcMQAAAAAAAAAAAAAAQAAAQ.jpg,0,278,297
A_nKQBTJiTOPkAAAAAAAAAAAAAAQAAAQ.jpg,A_JFQFRqCRuosXeWdMn9bYtQAAAQAAAQ.jpg,0,234,68
A_Kgq_SLzseBQAAAAAAAAAAAAAAQAAAQ.jpg,A_TiDfT7B8BmwAAAAAAAAAAAAAAQAAAQ.jpg,0,295,152
A_g3YhTbvJ9A8AAAAAAAAAAAAAAQAAAQ.jpg,A_bJUVQLWonskAAAAAAAAAAAAAAQAAAQ.jpg,0,198,344
A_2QqWQqUlH60AAAAAAAAAAAAAAQAAAQ.jpg,A_SXGPT6VlGv0AAAAAAAAAAAAAAQAAAQ.jpg,0,263,15
Fv9FYvAkQc6AGTP11upBrwAAACMAARAD.jpg,A_9_SYSrcxl1UAAAAAAAAAAAAAAQAAAQ.jpg,0,4,94
A_opSGQJhnNSMAAAAAAAAAAAAAAQAAAQ.jpg,A_lzVvRL-LTpYAAAAAAAAAAAAAAQAAAQ.jpg,0,286,225
jjWLPK10Q3S11BG3fnopQgAAACMAARAD.jpg,A_xKkVSpQDOR8AAAAAAAAAAAAAAQAAAQ.jpg,0,188,79
A_IeYUSZHnPzOciWNLuhXRvwAAAQAAAQ.jpg,A_xTY-S4O2kyYAAAAAAAAAAAAAAQAAAQ.jpg,0,96,333
A_MLC0SYv23fwAAAAAAAAAAAAAAQAAAQ.jpg,A_TG_YSLyoKf4AAAAAAAAAAAAAAQAAAQ.jpg,0,259,117
A_GDdvSZPa7M0AAAAAAAAAAAAAAQAAAQ.jpg,A_nKQBTJiTOPkAAAAAAAAAAAAAAQAAAQ.jpg,0,343,234
A_plhwSYSpPVIAAAAAAAAAAAAAAQAAAQ.jpg,A_UE-JSb_9FMYAAAAAAAAAAAAAAQAAAQ.jpg,0,264,144
A_AVz3Sb7iIKwAAAAAAAAAAAAAAQAAAQ.jpg,A_2QqWQqUlH60AAAAAAAAAAAAAAQAAAQ.jpg,0,167,263
A_HlrvTLj4tU8AAAAAAAAAAAAAAQAAAQ.jpg,A_OssPT5JNclsAAAAAAAAAAAAAAQAAAQ.jpg,0,289,269
A_dQdlSJStdV8AAAAAAAAAAAAAAQAAAQ.jpg,A_wbFXSqEkpSMAAAAAAAAAAAAAAQAAAQ.jpg,0,292,133
A_jXO8TqgUNaEAAAAAAAAAAAAAAQAAAQ.jpg,A_WcuHSKIfpFcAAAAAAAAAAAAAAQAAAQ.jpg,0,3,329
A_y8PMQofn1wsAAAAAAAAAAAAAAQAAAQ.jpg,A_N7TMSppc4iUAAAAAAAAAAAAAAQAAAQ.jpg,0,244,101
A_PQ-mQpRZPwgAAAAAAAAAAAAAAQAAAQ.jpg,A_yFmGSo2bp-cAAAAAAAAAAAAAAQAAAQ.jpg,0,35,248
A_FVWOQa45oeMAAAAAAAAAAAAAAQAAAQ.jpg,A_X5hASJq4FlIAAAAAAAAAAAAAAQAAAQ.jpg,0,178,240
A_a9r9Rpz61BcAAAAAAAAAAAAAAQAAAQ.jpg,A_SqQTTY_3jwUAAAAAAAAAAAAAAQAAAQ.jpg,0,0,84
yzkrh0IDQUS0CKZZtweE0gAAACMAARAD.jpg,A_8FKeQo04k4IAAAAAAAAAAAAAAQAAAQ.jpg,0,99,285
A_CSAAQqCz9coAAAAAAAAAAAAAAQAAAQ.jpg,A_ap0DRppYXI0AAAAAAAAAAAAAAQAAAQ.jpg,0,117,14
A_6McDRL0y-v8AAAAAAAAAAAAAAQAAAQ.jpg,A_QYfVToXTeu0AAAAAAAAAAAAAAQAAAQ.jpg,0,200,229
A_fdNlRZAJ1LIAAAAAAAAAAAAAAQAAAQ.jpg,A_7OgCTLT7J9AAAAAAAAAAAAAAAQAAAQ.jpg,0,89,2
A_AoHdR7FLKwgAAAAAAAAAAAAAAQAAAQ.jpg,A__xmgSopzWN8AAAAAAAAAAAAAAQAAAQ.jpg,0,178,253
A_iPsbSr7C5DcAAAAAAAAAAAAAAQAAAQ.jpg,A_HRkFRZKRfK4AAAAAAAAAAAAAAQAAAQ.jpg,0,254,330
A_Hn4STI9pSQMAAAAAAAAAAAAAAQAAAQ.jpg,A_jC3STZwXP58AAAAAAAAAAAAAAQAAAQ.jpg,0,40,53
A_7dSiR56sjZkAAAAAAAAAAAAAAQAAAQ.jpg,A_YQaOR4fTfKQAAAAAAAAAAAAAAQAAAQ.jpg,0,313,42
bSowLH_QSz-W1UMpKjz0owAAACMAARAD.jpg,A_VVyqSqssGX8AAAAAAAAAAAAAAQAAAQ.jpg,0,315,110
A_DsowTrYbJyAAAAAAAAAAAAAAAQAAAQ.jpg,A_iGqzSrLtlcMAAAAAAAAAAAAAAQAAAQ.jpg,0,45,261
A_Nt0WS7-bibUAAAAAAAAAAAAAAQAAAQ.jpg,A_JZpaTZWaJs8AAAAAAAAAAAAAAQAAAQ.jpg,0,278,62
A_3muFRpfosX0AAAAAAAAAAAAAAQAAAQ.jpg,A_kKmNR65xnvsAAAAAAAAAAAAAAQAAAQ.jpg,0,10,195
A_p01WSpLvktkAAAAAAAAAAAAAAQAAAQ.jpg,A_C_r4QL5_wX0AAAAAAAAAAAAAAQAAAQ.jpg,0,136,121
A_XSjzR59VqvHRlAVGm_RBAAAAAQAAAQ.jpg,A_LUkoSJrXkSUAAAAAAAAAAAAAAQAAAQ.jpg,0,144,17
A_miO8RI_sLsIAAAAAAAAAAAAAAQAAAQ.jpg,A_vAl2Q52NU9MAAAAAAAAAAAAAAQAAAQ.jpg,0,180,340
A_SbRDQbZ63xkAAAAAAAAAAAAAAQAAAQ.jpg,A_2bxUSqLc6wAAAAAAAAAAAAAAAQAAAQ.jpg,0,78,255
A_E3hiQIEwtSkAAAAAAAAAAAAAAQAAAQ.jpg,A_0Z_BTJTyxrUAAAAAAAAAAAAAAQAAAQ.jpg,0,142,135
A_vU42Q7tLTYYAAAAAAAAAAAAAAQAAAQ.jpg,A_4vgZSoQuhPgAAAAAAAAAAAAAAQAAAQ.jpg,0,65,294
A_-JpBS6Eepe4AAAAAAAAAAAAAAQAAAQ.jpg,A_ZBNoSpCehbIAAAAAAAAAAAAAAQAAAQ.jpg,0,210,294
A_avXxR4A0gikAAAAAAAAAAAAAAQAAAQ.jpg,A_YGM9RqelARIAAAAAAAAAAAAAAQAAAQ.jpg,0,280,250
A_YFdnQ5CoPhgAAAAAAAAAAAAAAQAAAQ.jpg,A_UH_uSo5LjOsAAAAAAAAAAAAAAQAAAQ.jpg,0,344,101
A_XSdhTajB4_kAAAAAAAAAAAAAAQAAAQ.jpg,A_OxUmQoSZMqwAAAAAAAAAAAAAAQAAAQ.jpg,0,243,230
A_rdK1TpMuf28AAAAAAAAAAAAAAQAAAQ.jpg,A_QQwbSY54pOsAAAAAAAAAAAAAAQAAAQ.jpg,0,283,48
A_kjIITIS-f1QAAAAAAAAAAAAAAQAAAQ.jpg,7B--srC_TKKKH1ccdVhHJQAAACMAARAD.jpg,0,261,6
A_5lrdQqJOweIAAAAAAAAAAAAAAQAAAQ.jpg,A_ymwwSJZai5IAAAAAAAAAAAAAAQAAAQ.jpg,0,298,122
A_846cT62QLOEAAAAAAAAAAAAAAQAAAQ.jpg,A_uUKRRIhcetkAAAAAAAAAAAAAAQAAAQ.jpg,0,10,262
A__EmvQZaIrk0AAAAAAAAAAAAAAQAAAQ.jpg,A_jcJHTp85KP0AAAAAAAAAAAAAAQAAAQ.jpg,0,330,64
A_fgxxT7gC-zwAAAAAAAAAAAAAAQAAAQ.jpg,A_4lT3QpjRRVEAAAAAAAAAAAAAAQAAAQ.jpg,0,198,258
qt9ydc-FTHqABlnv0E338AAAACMAARAD.jpg,A_sJaYS4HRJsQAAAAAAAAAAAAAAQAAAQ.jpg,0,150,245
A_VcXdQZCQUrIAAAAAAAAAAAAAAQAAAQ.jpg,A_z3KSSqDlw1QAAAAAAAAAAAAAAQAAAQ.jpg,0,250,263
A_q3NGSb8R88wAAAAAAAAAAAAAAQAAAQ.jpg,A_hwdWQq75_mQAAAAAAAAAAAAAAQAAAQ.jpg,0,253,7
A_eBxrT7u84_YAAAAAAAAAAAAAAQAAAQ.jpg,A_SE5MTp9TUMsAAAAAAAAAAAAAAQAAAQ.jpg,0,276,42
A_l2j4RaCCgj4AAAAAAAAAAAAAAQAAAQ.jpg,A_kNnVT6iAT-oAAAAAAAAAAAAAAQAAAQ.jpg,0,34,145
A_LRDNQb_6khoAAAAAAAAAAAAAAQAAAQ.jpg,A_kPvdTbagJ9MAAAAAAAAAAAAAAQAAAQ.jpg,0,342,8
A_DV2SR5jhC0wAAAAAAAAAAAAAAQAAAQ.jpg,A_wEzeR4yAYOUAAAAAAAAAAAAAAQAAAQ.jpg,0,34,117
A_y69QS6pCZp0AAAAAAAAAAAAAAQAAAQ.jpg,A_7aSXR6UMp8sAAAAAAAAAAAAAAQAAAQ.jpg,0,199,115
A_dNSRRpBZtmMAAAAAAAAAAAAAAQAAAQ.jpg,9OMvA3NtSGCRN6ymcLH-cAAAACMAARAD.jpg,0,48,323
A_YrcgQoK0NyIAAAAAAAAAAAAAAQAAAQ.jpg,A_gceJT5IcfZ4AAAAAAAAAAAAAAQAAAQ.jpg,0,215,40
A_EhJNRrpu2Z0AAAAAAAAAAAAAAQAAAQ.jpg,A_D9w_QbDG9s4AAAAAAAAAAAAAAQAAAQ.jpg,0,233,26
A_W9fQSKt4JzUAAAAAAAAAAAAAAQAAAQ.jpg,A_ytyQTJU6ZKYAAAAAAAAAAAAAAQAAAQ.jpg,0,95,79
A_I4uaQKtPPhAAAAAAAAAAAAAAAQAAAQ.jpg,tJDuEYiaTTSKF7b-QNnRbgAAACMAARAD.jpg,0,329,107
A_OQH-TZVbsjsAAAAAAAAAAAAAAQAAAQ.jpg,A_H_ulSqKIeUgAAAAAAAAAAAAAAQAAAQ.jpg,0,249,93
A_cIYGQ7AY1_4AAAAAAAAAAAAAAQAAAQ.jpg,A_wI14S5Qnc-kAAAAAAAAAAAAAAQAAAQ.jpg,0,133,58
A_yv0pSqUhddwAAAAAAAAAAAAAAQAAAQ.jpg,A_HylzQ4MvXaYAAAAAAAAAAAAAAQAAAQ.jpg,0,220,218
A_SWT7TpEfSXoAAAAAAAAAAAAAAQAAAQ.jpg,A_LaJXSLgvcWABL0VDvY1hqgAAAQAAAQ.jpg,0,257,185
A_iK_RRJMtR_0AAAAAAAAAAAAAAQAAAQ.jpg,A_VV-4R7Xfd1AAAAAAAAAAAAAAAQAAAQ.jpg,0,101,221
A_C0vvSpWL_JsAAAAAAAAAAAAAAQAAAQ.jpg,A_A29dTpQ8IOwAAAAAAAAAAAAAAQAAAQ.jpg,0,121,124
A_Q2ygQ7cJQygAAAAAAAAAAAAAAQAAAQ.jpg,A_qDygQaMbmCsAAAAAAAAAAAAAAQAAAQ.jpg,0,276,119
A_BdbARbNUADgAAAAAAAAAAAAAAQAAAQ.jpg,A_PrB1S52mSxAAAAAAAAAAAAAAAQAAAQ.jpg,0,122,254
6FeS5IF9S-6wW1rE2DkkNgAAACMAARAD.jpg,Tt0AYk7ASkeS8q4TGaZ2FAAAACMAARAD.jpg,0,321,315
A_pICTQLbIAwkAAAAAAAAAAAAAAQAAAQ.jpg,A_Vj6TRJ-ZsmwAAAAAAAAAAAAAAQAAAQ.jpg,0,89,63
A_c_ljRZmOJuEAAAAAAAAAAAAAAQAAAQ.jpg,A_Tt6HTJdxA1kAAAAAAAAAAAAAAQAAAQ.jpg,0,214,19
A_VV-4R7Xfd1AAAAAAAAAAAAAAAQAAAQ.jpg,A_DTn9RaIFKaUAAAAAAAAAAAAAAQAAAQ.jpg,0,221,246
A_w8x7SaCEWdkAAAAAAAAAAAAAAQAAAQ.jpg,A_qcBdQZZoAUcAAAAAAAAAAAAAAQAAAQ.jpg,0,58,110
A_gBKETKn8DvwAAAAAAAAAAAAAAQAAAQ.jpg,A_rdsOTar7H-kAAAAAAAAAAAAAAQAAAQ.jpg,0,182,46
A_2lrgQ5piRFsAAAAAAAAAAAAAAQAAAQ.jpg,A_sKuhSojVYo8AAAAAAAAAAAAAAQAAAQ.jpg,0,123,114
RIZCEXosSOm6gQj1pn6RSAAAACMAARAD.jpg,A_OcK3SrWHKYAAAAAAAAAAAAAAAQAAAQ.jpg,0,164,187
A2fZWAEeTfWyTqA6MlIezgAAACMAARAD.jpg,A_kcFGTZE2RQoAAAAAAAAAAAAAAQAAAQ.jpg,0,164,74
A_7iu8TpXAj0QAAAAAAAAAAAAAAQAAAQ.jpg,A_b2ToRI08f5UAAAAAAAAAAAAAAQAAAQ.jpg,0,251,290
A_WB6uRqwOQD8AAAAAAAAAAAAAAQAAAQ.jpg,A_yv0pSqUhddwAAAAAAAAAAAAAAQAAAQ.jpg,0,245,220
A_fAd6Q6jPCKAAAAAAAAAAAAAAAQAAAQ.jpg,A_FVWOQa45oeMAAAAAAAAAAAAAAQAAAQ.jpg,0,339,178
A_9FlLRZb9wXUAAAAAAAAAAAAAAQAAAQ.jpg,A_Um2XSIT6uxYAAAAAAAAAAAAAAQAAAQ.jpg,0,49,29
C7LFRq-yQ3al5ElDQWDhUAAAACMAARAD.jpg,A_hqBxRo7pAs4AAAAAAAAAAAAAAQAAAQ.jpg,0,310,167
A_HylzQ4MvXaYAAAAAAAAAAAAAAQAAAQ.jpg,A_0d9RQp7aDvQAAAAAAAAAAAAAAQAAAQ.jpg,0,218,318
A_URuNQJscuisAAAAAAAAAAAAAAQAAAQ.jpg,A_xK0XQo9bd_wAAAAAAAAAAAAAAQAAAQ.jpg,0,297,143
A_FbS7RJkTRPMAAAAAAAAAAAAAAQAAAQ.jpg,A_cY_dQKTxLZIAAAAAAAAAAAAAAQAAAQ.jpg,0,99,34
A_LngHSpFXTD4AAAAAAAAAAAAAAQAAAQ.jpg,A_87ZNTKwrTcYAAAAAAAAAAAAAAQAAAQ.jpg,0,336,30
A_CkzESoa57iMAAAAAAAAAAAAAAQAAAQ.jpg,A_ZytaRL6DIcQAAAAAAAAAAAAAAQAAAQ.jpg,0,116,138
A_otkrQ6x55ioAAAAAAAAAAAAAAQAAAQ.jpg,A_xkbbR6DqPbwAAAAAAAAAAAAAAQAAAQ.jpg,0,123,288
A_qjHLQ4LPJS8AAAAAAAAAAAAAAQAAAQ.jpg,WNf53_8ITqK97-33UL-ISgAAACMAARAD.jpg,0,50,155
4zN2JMNhQYWDS2AtX0u64wAAACMAARAD.jpg,A_SdoSTYqbvSUAAAAAAAAAAAAAAQAAAQ.jpg,0,54,153
A_KW5iQISstkQAAAAAAAAAAAAAAQAAAQ.jpg,A_p5ntSLcrva4AAAAAAAAAAAAAAQAAAQ.jpg,0,146,202
A__V74SLTYzbMAAAAAAAAAAAAAAQAAAQ.jpg,95yWrxU0SHOjvzfmAl1GjwAAACMAARAD.jpg,0,268,174
A_QQwbSY54pOsAAAAAAAAAAAAAAQAAAQ.jpg,A_Nz6LSIyEYioAAAAAAAAAAAAAAQAAAQ.jpg,0,48,97
A_mELMSZX6_9YAAAAAAAAAAAAAAQAAAQ.jpg,A_iAk4T7b-HD4AAAAAAAAAAAAAAQAAAQ.jpg,0,180,337
A_H2d7SazIiaAAAAAAAAAAAAAAAQAAAQ.jpg,A_Um2XSIT6uxYAAAAAAAAAAAAAAQAAAQ.jpg,0,73,29
A_DNjCS6LPySIAAAAAAAAAAAAAAQAAAQ.jpg,A_fAd6Q6jPCKAAAAAAAAAAAAAAAQAAAQ.jpg,0,272,339
A_TIBEQZKlgbsAAAAAAAAAAAAAAQAAAQ.jpg,C5W99xn9Rpmnq-8QffgzswAAACMAARAD.jpg,0,237,120
A_ymwwSJZai5IAAAAAAAAAAAAAAQAAAQ.jpg,A_J9o_QJCEnBQAAAAAAAAAAAAAAQAAAQ.jpg,0,122,94
A_tXSZTIQiK3YAAAAAAAAAAAAAAQAAAQ.jpg,8bqSm5suQB-TkC66R2F-lgAAACMAARAD.jpg,0,151,177
A_95Z4QIMBISQAAAAAAAAAAAAAAQAAAQ.jpg,A_s6j_S4D_Q5cAAAAAAAAAAAAAAQAAAQ.jpg,0,184,199
A_mhYFS7uBQCIAAAAAAAAAAAAAAQAAAQ.jpg,A_RkkmTYGR2GgAAAAAAAAAAAAAAQAAAQ.jpg,0,193,201
A_PKUBTpVo1sQAAAAAAAAAAAAAAQAAAQ.jpg,A_XkL2TbqrMEwAAAAAAAAAAAAAAQAAAQ.jpg,0,9,178
A_CAlCTIVL_TQAAAAAAAAAAAAAAQAAAQ.jpg,A_c_ljRZmOJuEAAAAAAAAAAAAAAQAAAQ.jpg,0,295,214
A_EfL_QYa84I4AAAAAAAAAAAAAAQAAAQ.jpg,A_KdR7So14o4sAAAAAAAAAAAAAAQAAAQ.jpg,0,163,36
A_Aw59RY7js60AAAAAAAAAAAAAAQAAAQ.jpg,A_llXqTpsSgWwAAAAAAAAAAAAAAQAAAQ.jpg,0,5,90
A_OeVtR5t3G6UAAAAAAAAAAAAAAQAAAQ.jpg,A_qr-cQJhu1vcAAAAAAAAAAAAAAQAAAQ.jpg,0,28,35
A_Kgq_SLzseBQAAAAAAAAAAAAAAQAAAQ.jpg,A_LsbQTaqu05YAAAAAAAAAAAAAAQAAAQ.jpg,0,295,146
WpudhUmPQtCbPSRoq9BnHgAAACMAARAD.jpg,A_FtPrQpzl3BAAAAAAAAAAAAAAAQAAAQ.jpg,0,20,303
A_wivkSpYnjv0AAAAAAAAAAAAAAQAAAQ.jpg,A_BFoHTKmmZckAAAAAAAAAAAAAAQAAAQ.jpg,0,101,345
A_j8CBQYr_ECQAAAAAAAAAAAAAAQAAAQ.jpg,A_hqBxRo7pAs4AAAAAAAAAAAAAAQAAAQ.jpg,0,185,167
A_1OujSoSRAr8AAAAAAAAAAAAAAQAAAQ.jpg,Fv9FYvAkQc6AGTP11upBrwAAACMAARAD.jpg,0,292,4
A_4gGXSpGmh1YAAAAAAAAAAAAAAQAAAQ.jpg,A_-bFhSYWyHW8AAAAAAAAAAAAAAQAAAQ.jpg,0,311,108
A_KNPtSqaKcSkAAAAAAAAAAAAAAQAAAQ.jpg,A_b8rTTZnRnF8AAAAAAAAAAAAAAQAAAQ.jpg,0,18,172
A_dx0gTp9A5A0AAAAAAAAAAAAAAQAAAQ.jpg,A_eaJbRIsiIAcAAAAAAAAAAAAAAQAAAQ.jpg,0,105,278
A_vtg4QphXQk8AAAAAAAAAAAAAAQAAAQ.jpg,A_nJFYQIdXJJIAAAAAAAAAAAAAAQAAAQ.jpg,0,236,138
A_aA69SpvZhQQAAAAAAAAAAAAAAQAAAQ.jpg,A_wPnAQIK6lFQAAAAAAAAAAAAAAQAAAQ.jpg,0,311,84
A_dZG9Q4576q8AAAAAAAAAAAAAAQAAAQ.jpg,A_m-aWTY3Ot-AAAAAAAAAAAAAAAQAAAQ.jpg,0,183,26
A_L9_gSaoQ_w8AAAAAAAAAAAAAAQAAAQ.jpg,A_wMMDQIdbntYV1_RPvr7IlAAAAQAAAQ.jpg,0,234,63
dGG2aRuKRkqEOETt9YkP4gAAACMAARAD.jpg,A__OQTR7tlKikAAAAAAAAAAAAAAQAAAQ.jpg,0,282,215
A_fgxxT7gC-zwAAAAAAAAAAAAAAQAAAQ.jpg,A_mEEyRI2A9fMAAAAAAAAAAAAAAQAAAQ.jpg,0,198,251
A_ZBNoSpCehbIAAAAAAAAAAAAAAQAAAQ.jpg,A_qK0OTL76_bMAAAAAAAAAAAAAAQAAAQ.jpg,0,294,21
A_bWQgQawVwX4AAAAAAAAAAAAAAQAAAQ.jpg,A_0-ELRoJDoOAAAAAAAAAAAAAAAQAAAQ.jpg,0,90,160
A_dx0gTp9A5A0AAAAAAAAAAAAAAQAAAQ.jpg,A_TQs9RbfFYCkAAAAAAAAAAAAAAQAAAQ.jpg,0,105,280
A_pWwkQowUWlcAAAAAAAAAAAAAAQAAAQ.jpg,A_6_GGQrcmmBAAAAAAAAAAAAAAAQAAAQ.jpg,0,30,60
A_G93uT5tp26QAAAAAAAAAAAAAAQAAAQ.jpg,A_hV6oRqWGM8sAAAAAAAAAAAAAAQAAAQ.jpg,0,194,329
A_Tt6HTJdxA1kAAAAAAAAAAAAAAQAAAQ.jpg,A_lUxgRJaTT48AAAAAAAAAAAAAAQAAAQ.jpg,0,19,55
A_w8x7SaCEWdkAAAAAAAAAAAAAAQAAAQ.jpg,A_LaJXSLgvcWAAAAAAAAAAAAAAAQAAAQ.jpg,0,58,185
A_DYI0S469juQAAAAAAAAAAAAAAQAAAQ.jpg,A_PM4uTLm28AgAAAAAAAAAAAAAAQAAAQ.jpg,0,223,304
A_zcYfTIvp2lMAAAAAAAAAAAAAAQAAAQ.jpg,A_Kgq_SLzseBQAAAAAAAAAAAAAAQAAAQ.jpg,0,277,295
A_Zo3FTaoKRGMAAAAAAAAAAAAAAQAAAQ.jpg,A_Ws9rTr4ssSIAAAAAAAAAAAAAAQAAAQ.jpg,0,325,159
A_rMDcQZ59WB8AAAAAAAAAAAAAAQAAAQ.jpg,A_w7bqQ6XbEQoAAAAAAAAAAAAAAQAAAQ.jpg,0,97,293
A_dx0gTp9A5A0AAAAAAAAAAAAAAQAAAQ.jpg,A_7WinQJg-1OcAAAAAAAAAAAAAAQAAAQ.jpg,0,105,31
J4N-el7oSxaafAyjuSBgGAAAACMAARAD.jpg,dRX2p0mwRrumfcxLhB9tHAAAACMAARAD.jpg,0,129,6
A_W-HLSo2GkJIAAAAAAAAAAAAAAQAAAQ.jpg,A_HdTBQ4sX5vwAAAAAAAAAAAAAAQAAAQ.jpg,0,64,195
A_o6_aR5P_rB8AAAAAAAAAAAAAAQAAAQ.jpg,A_X-X-Tq1BLFsAAAAAAAAAAAAAAQAAAQ.jpg,0,217,42
A_Cx8AT5HA35gAAAAAAAAAAAAAAQAAAQ.jpg,A_-fGnSJLpn7kAAAAAAAAAAAAAAQAAAQ.jpg,0,140,273
A_TwpZTY7QUIUAAAAAAAAAAAAAAQAAAQ.jpg,A_peVaRKhGG6EAAAAAAAAAAAAAAQAAAQ.jpg,0,91,338
A_Uw6pRLOcnFcAAAAAAAAAAAAAAQAAAQ.jpg,A_iHgnS6_U93kAAAAAAAAAAAAAAQAAAQ.jpg,0,242,47
A_VSHyQ5E3b6kAAAAAAAAAAAAAAQAAAQ.jpg,A_H2d7SazIiaAAAAAAAAAAAAAAAQAAAQ.jpg,0,8,73
A_CfJDTJ9aiOAAAAAAAAAAAAAAAQAAAQ.jpg,A_RDX7SYBqMVwAAAAAAAAAAAAAAQAAAQ.jpg,0,121,41
A_VgR1Q7EKYp8AAAAAAAAAAAAAAQAAAQ.jpg,A_JFQFRqCRuov5T45LkZ8d6wAAAQAAAQ.jpg,0,90,68
A_cFBbQb-i068AAAAAAAAAAAAAAQAAAQ.jpg,A_EUqYT7AVrh4AAAAAAAAAAAAAAQAAAQ.jpg,0,16,154
A_13kDRrNTRTIAAAAAAAAAAAAAAQAAAQ.jpg,A_EUqYT7AVrh4AAAAAAAAAAAAAAQAAAQ.jpg,0,250,154
A_Aw59RY7js60AAAAAAAAAAAAAAQAAAQ.jpg,1yv1XFmYQIqGC3ETpIuU2QAAACMAARAD.jpg,0,5,70
A_1XV-TI8AFDMAAAAAAAAAAAAAAQAAAQ.jpg,A_sEMKS4Zum5UAAAAAAAAAAAAAAQAAAQ.jpg,0,295,273
eub05Tg8Ri20vTxIGswtRwAAACMAARAD.jpg,A_S11EQYn7Fj8AAAAAAAAAAAAAAQAAAQ.jpg,0,323,224
A_O8IBS7bcXMAAAAAAAAAAAAAAAQAAAQ.jpg,A_srDSRYqJNiUAAAAAAAAAAAAAAQAAAQ.jpg,0,196,44
A_-bFhSYWyHW8AAAAAAAAAAAAAAQAAAQ.jpg,A_KRefSIqxAhMAAAAAAAAAAAAAAQAAAQ.jpg,0,108,259
A_bKPlQL4w2iUAAAAAAAAAAAAAAQAAAQ.jpg,obyrOEluQJ2NMnX7G7GA0wAAACMAARAD.jpg,0,345,306
A_V3ppS6VZwMoAAAAAAAAAAAAAAQAAAQ.jpg,A_pOfiQ7jDy15GaENDjjN7nQAAAQAAAQ.jpg,0,340,13
A_9jzqQrTHgCQAAAAAAAAAAAAAAQAAAQ.jpg,A_acoIRKkS4KMAAAAAAAAAAAAAAQAAAQ.jpg,0,126,336
nLPicZeITKm4SZnyM0IhZAAAACMAARAD.jpg,A_2PylSJ1j8RIAAAAAAAAAAAAAAQAAAQ.jpg,0,219,191
A_uJ6ISJ1NElsAAAAAAAAAAAAAAQAAAQ.jpg,A_6_GGQrcmmBAAAAAAAAAAAAAAAQAAAQ.jpg,0,256,60
A_z0kCQr_tfJQAAAAAAAAAAAAAAQAAAQ.jpg,A_OtoGQIQE13QAAAAAAAAAAAAAAQAAAQ.jpg,0,23,10
A_6h2TSpG2xLAAAAAAAAAAAAAAAQAAAQ.jpg,A_5fm-SLP_qg8AAAAAAAAAAAAAAQAAAQ.jpg,0,328,112
A_TA9aSIHyoewAAAAAAAAAAAAAAQAAAQ.jpg,vGAKq-TMTNeV5LTAlBj5ggAAACMAARAD.jpg,0,139,27
A_048mQIy0UMoAAAAAAAAAAAAAAQAAAQ.jpg,A_8g2uSoogj9AAAAAAAAAAAAAAAQAAAQ.jpg,0,223,322
A_UE-JSb_9FMYAAAAAAAAAAAAAAQAAAQ.jpg,A_D9o9T7zICSYAAAAAAAAAAAAAAQAAAQ.jpg,0,144,113
A_jJAcQ7WPCaYAAAAAAAAAAAAAAQAAAQ.jpg,A_gyLzR4cxZpIAAAAAAAAAAAAAAQAAAQ.jpg,0,17,274
A_M6uVTLJ2EukAAAAAAAAAAAAAAQAAAQ.jpg,A__YxFR6NzEjQecYhCqT3cqQAAAQAAAQ.jpg,0,331,13
A_AVz3Sb7iIKwAAAAAAAAAAAAAAQAAAQ.jpg,5tv9hCixSeCiHja6EI7b6AAAACMAARAD.jpg,0,167,120
A_jejVTopHAJoAAAAAAAAAAAAAAQAAAQ.jpg,A_rIp5QoMBGOQAAAAAAAAAAAAAAQAAAQ.jpg,0,194,53
lYGQmBMSTy-dsdIl44yVLQAAACMAARAD.jpg,A_j3DbSYcsPaAAAAAAAAAAAAAAAQAAAQ.jpg,0,109,114
A_gWrIQ4S447oAAAAAAAAAAAAAAQAAAQ.jpg,A_TETcSo4ZDCgAAAAAAAAAAAAAAQAAAQ.jpg,0,308,205
A_YeEaTrUro9IAAAAAAAAAAAAAAQAAAQ.jpg,A_IeYBSaupD3QAAAAAAAAAAAAAAQAAAQ.jpg,0,195,75
A_m8smT6igYF8AAAAAAAAAAAAAAQAAAQ.jpg,A_FTXOTL2SfYwAAAAAAAAAAAAAAQAAAQ.jpg,0,12,293
A__zLJQayQmP0AAAAAAAAAAAAAAQAAAQ.jpg,A_qzxeRo3Av5AAAAAAAAAAAAAAAQAAAQ.jpg,0,91,346
A_a0R0R5IAcOEAAAAAAAAAAAAAAQAAAQ.jpg,A_k6J1RpHE-uEAAAAAAAAAAAAAAQAAAQ.jpg,0,167,131
A_a7OnT702SKIAAAAAAAAAAAAAAQAAAQ.jpg,6RjEAJmWRo2IAW2PEigq5wAAACMAARAD.jpg,0,161,190
A_zE7OR59AboMAAAAAAAAAAAAAAQAAAQ.jpg,A_H_zgSYO_OSwAAAAAAAAAAAAAAQAAAQ.jpg,0,341,231
A__iVyQa-Ul-kAAAAAAAAAAAAAAQAAAQ.jpg,igBDl6ziSdODf-fpbtEL1wAAACMAARAD.jpg,0,249,306
HO658TQUQEWkFzwQclWO6QAAACMAARAD.jpg,A_XSdhTajB4_kAAAAAAAAAAAAAAQAAAQ.jpg,0,316,243
A_gCrJTKWF4KgAAAAAAAAAAAAAAQAAAQ.jpg,A_2V9eS67BcuUAAAAAAAAAAAAAAQAAAQ.jpg,0,117,238
A_3skiQIpmWr0AAAAAAAAAAAAAAQAAAQ.jpg,A_dxCNSp4IGbAAAAAAAAAAAAAAAQAAAQ.jpg,0,319,172
A_29ykT6cSV_gAAAAAAAAAAAAAAQAAAQ.jpg,A_Vg6lSL6paE4AAAAAAAAAAAAAAQAAAQ.jpg,0,247,191
A_EVPKRbZgOYgAAAAAAAAAAAAAAQAAAQ.jpg,A_oD9KQ7tl8HsAAAAAAAAAAAAAAQAAAQ.jpg,0,136,229
A_87ZNTKwrTcYAAAAAAAAAAAAAAQAAAQ.jpg,A_opSGQJhnNSMAAAAAAAAAAAAAAQAAAQ.jpg,0,30,286
A_jPNWSL4MPycAAAAAAAAAAAAAAQAAAQ.jpg,A_KQwhSbAW-YwAAAAAAAAAAAAAAQAAAQ.jpg,0,276,195
A_ds1XTZvQ5xIAAAAAAAAAAAAAAQAAAQ.jpg,A_m0WPTqxk5q8AAAAAAAAAAAAAAQAAAQ.jpg,0,242,226
A_FEs-Ro6DnjoAAAAAAAAAAAAAAQAAAQ.jpg,A_s6j_S4D_Q5cAAAAAAAAAAAAAAQAAAQ.jpg,0,267,199
A_YGM9RqelARIAAAAAAAAAAAAAAQAAAQ.jpg,A_Y4XwSLpSghkAAAAAAAAAAAAAAQAAAQ.jpg,0,250,114
kD-WZuK9Rae4NoG1n7HHwAAAACMAARAD.jpg,A_30HzTpg2gJoAAAAAAAAAAAAAAQAAAQ.jpg,0,310,217
A_fJ6qQJnwL64AAAAAAAAAAAAAAQAAAQ.jpg,A_gYglR7OJR9MAAAAAAAAAAAAAAQAAAQ.jpg,0,305,137
1u5RC96DSSGhP-caETvXfQAAACMAARAD.jpg,A_wOpJTqcwk4QAAAAAAAAAAAAAAQAAAQ.jpg,0,177,39
A_FVWOQa45oeMAAAAAAAAAAAAAAQAAAQ.jpg,A_SyljToXBtGgAAAAAAAAAAAAAAQAAAQ.jpg,0,178,88
A_CkzESoa57iMAAAAAAAAAAAAAAQAAAQ.jpg,A_Vu_PRqVmM8AAAAAAAAAAAAAAAQAAAQ.jpg,0,116,14
WNf53_8ITqK97-33UL-ISgAAACMAARAD.jpg,A_Kgq_SLzseBQAAAAAAAAAAAAAAQAAAQ.jpg,0,155,295
A_I8uqQ7SlDm0AAAAAAAAAAAAAAQAAAQ.jpg,A__NR8QZ1qcjQAAAAAAAAAAAAAAQAAAQ.jpg,0,271,97
A_l2j4RaCCgj4AAAAAAAAAAAAAAQAAAQ.jpg,A_0MTNRpRpwNIAAAAAAAAAAAAAAQAAAQ.jpg,0,34,36
A_-ZsZRYceA08AAAAAAAAAAAAAAQAAAQ.jpg,A__hNgQJmrLXkAAAAAAAAAAAAAAQAAAQ.jpg,0,96,100
A_H2d7SazIiaAAAAAAAAAAAAAAAQAAAQ.jpg,A_VSe4QrbJjMcAAAAAAAAAAAAAAQAAAQ.jpg,0,73,0
A_2wBqTpzmeL3VldlEs7raLQAAAQAAAQ.jpg,A_KQxIT7wL_kgAAAAAAAAAAAAAAQAAAQ.jpg,0,49,18
A_fR07TIw_Lx0AAAAAAAAAAAAAAQAAAQ.jpg,A_1ruyQ7LcAuoAAAAAAAAAAAAAAQAAAQ.jpg,0,37,347
A_DRG9SbIn_7sAAAAAAAAAAAAAAQAAAQ.jpg,A_N1bgTpTlLkIAAAAAAAAAAAAAAQAAAQ.jpg,0,119,285
A_iFNfS4GsUIAAAAAAAAAAAAAAAQAAAQ.jpg,A_G93uT5tp26QAAAAAAAAAAAAAAQAAAQ.jpg,0,204,194
A_LC73QKKHtxsAAAAAAAAAAAAAAQAAAQ.jpg,A_lUxgRJaTT48AAAAAAAAAAAAAAQAAAQ.jpg,0,183,55
A_HrtOQaj2IdIAAAAAAAAAAAAAAQAAAQ.jpg,pJMeyxnvRPOCrS-s9zDN6AAAACMAARAD.jpg,0,266,323
A_TaFsSK1IhcIAAAAAAAAAAAAAAQAAAQ.jpg,A_stIeTZ6xLSQAAAAAAAAAAAAAAQAAAQ.jpg,0,294,172
A_t6YXSrkNSwoAAAAAAAAAAAAAAQAAAQ.jpg,A_BdbARbNUADgAAAAAAAAAAAAAAQAAAQ.jpg,0,98,122
A_zz-aSZh8rzMAAAAAAAAAAAAAAQAAAQ.jpg,A_h4c5Sad3a7IAAAAAAAAAAAAAAQAAAQ.jpg,0,127,40
A_ojwmQZn-s4QAAAAAAAAAAAAAAQAAAQ.jpg,A_iWCAS7hDyJEAAAAAAAAAAAAAAQAAAQ.jpg,0,8,281
A_5j8qQIocWUwAAAAAAAAAAAAAAQAAAQ.jpg,A_Gr90SJv0YeoAAAAAAAAAAAAAAQAAAQ.jpg,0,346,161
A_r5lyTqEh9NQAAAAAAAAAAAAAAQAAAQ.jpg,A_JJxfRa1-EmUAAAAAAAAAAAAAAQAAAQ.jpg,0,170,74
ORZnfTwMTGmDKW-_9Zm_cAAAACMAARAD.jpg,A_Nt0WS7-bibUAAAAAAAAAAAAAAQAAAQ.jpg,0,348,278
A_KlKMQ7YwUQUAAAAAAAAAAAAAAQAAAQ.jpg,otcaKuZmTvi_QxerP6VRdAAAACMAARAD.jpg,0,269,207
A_Tq4LQ449vfgAAAAAAAAAAAAAAQAAAQ.jpg,A_Ah0RSqD5FGsAAAAAAAAAAAAAAQAAAQ.jpg,0,269,118
A_wOfbQoNWSAQAAAAAAAAAAAAAAQAAAQ.jpg,A_d1iSRoW_qgQAAAAAAAAAAAAAAQAAAQ.jpg,0,2,18
A_YzaKT4AwIvIAAAAAAAAAAAAAAQAAAQ.jpg,A_CosPQIcz5XEAAAAAAAAAAAAAAQAAAQ.jpg,0,26,48
A_kjIITIS-f1QAAAAAAAAAAAAAAQAAAQ.jpg,A_eKNXQLRk11AAAAAAAAAAAAAAAQAAAQ.jpg,0,261,112
A_HXWXTZxti_gAAAAAAAAAAAAAAQAAAQ.jpg,A_-ZsZRYceA08AAAAAAAAAAAAAAQAAAQ.jpg,0,311,96
IJnfoTCGRzy_PnKxNA20FAAAACMAARAD.jpg,A_SPVDQZ3l49AAAAAAAAAAAAAAAQAAAQ.jpg,0,306,275
A_TACLS6bGmFUAAAAAAAAAAAAAAQAAAQ.jpg,dRX2p0mwRrumfcxLhB9tHAAAACMAARAD.jpg,0,236,6
A_-ZsZRYceA08AAAAAAAAAAAAAAQAAAQ.jpg,A_NdSjRoOfRX4AAAAAAAAAAAAAAQAAAQ.jpg,0,96,95
A_44TlTKCIdBoAAAAAAAAAAAAAAQAAAQ.jpg,A_b4GpSbjTmGoAAAAAAAAAAAAAAQAAAQ.jpg,0,29,337
A_ESFIRqtAdmEAAAAAAAAAAAAAAQAAAQ.jpg,A_OeVtR5t3G6UAAAAAAAAAAAAAAQAAAQ.jpg,0,106,28
A_9_VjT5AcH1cAAAAAAAAAAAAAAQAAAQ.jpg,A_3S3LTZgdkc8AAAAAAAAAAAAAAQAAAQ.jpg,0,64,331
A_JFQFRqCRuosAAAAAAAAAAAAAAQAAAQ.jpg,A_peVaRKhGG6EAAAAAAAAAAAAAAQAAAQ.jpg,0,68,338
A_spOYSaQ52GMAAAAAAAAAAAAAAQAAAQ.jpg,A_BM-IS64L6owAAAAAAAAAAAAAAQAAAQ.jpg,0,262,332
A_gO6RRJre4hoAAAAAAAAAAAAAAQAAAQ.jpg,A_aBdGT4bei2QAAAAAAAAAAAAAAQAAAQ.jpg,0,268,233
A_eBxrT7u84_YAAAAAAAAAAAAAAQAAAQ.jpg,1u5RC96DSSGhP-caETvXfQAAACMAARAD.jpg,0,276,177
A_s1uuSboGX58AAAAAAAAAAAAAAQAAAQ.jpg,A_HpuYSqu1uvMAAAAAAAAAAAAAAQAAAQ.jpg,0,171,40
A_8F6fTqWbVLkAAAAAAAAAAAAAAQAAAQ.jpg,8Sk3KFu_QmSMZX_JxB-X2QAAACMAARAD.jpg,0,247,164
A_C0vvSpWL_JsAAAAAAAAAAAAAAQAAAQ.jpg,A_Ieo9SKFx2U0AAAAAAAAAAAAAAQAAAQ.jpg,0,121,82
A_4COnRIftFtkAAAAAAAAAAAAAAQAAAQ.jpg,tQd1XCVwSy27_2CRPo0NAAAAACMAARAD.jpg,0,104,109
A_hsJDSo4xcbkAAAAAAAAAAAAAAQAAAQ.jpg,A_tmZ3QpBor3sAAAAAAAAAAAAAAQAAAQ.jpg,0,3,203
A_Um2XSIT6uxYAAAAAAAAAAAAAAQAAAQ.jpg,A_GGwZR7_S7yYAAAAAAAAAAAAAAQAAAQ.jpg,0,29,55
A_BXDpSpUjofgAAAAAAAAAAAAAAQAAAQ.jpg,A_BM-IS64L6owAAAAAAAAAAAAAAQAAAQ.jpg,0,68,332
A_ap0DRppYXI0AAAAAAAAAAAAAAQAAAQ.jpg,A_aMDbQ5OmVQ4AAAAAAAAAAAAAAQAAAQ.jpg,0,14,95
A_pNAcQKJ6yH4AAAAAAAAAAAAAAQAAAQ.jpg,A_mhYFS7uBQCIAAAAAAAAAAAAAAQAAAQ.jpg,0,344,193
A_o6_aR5P_rB8AAAAAAAAAAAAAAQAAAQ.jpg,A_wr26TqasgdEAAAAAAAAAAAAAAQAAAQ.jpg,0,217,165
A_rXDyRppz13cAAAAAAAAAAAAAAQAAAQ.jpg,6FeS5IF9S-6wW1rE2DkkNgAAACMAARAD.jpg,0,76,321
A_wlP4RZZzpEgAAAAAAAAAAAAAAQAAAQ.jpg,A_QQI2TrP_nAAAAAAAAAAAAAAAAQAAAQ.jpg,0,3,199
A_JTXPTI39PMkAAAAAAAAAAAAAAQAAAQ.jpg,A_oSb4R7rSOcQAAAAAAAAAAAAAAQAAAQ.jpg,0,199,47
A_RNCjTKWjh0YAAAAAAAAAAAAAAQAAAQ.jpg,J4N-el7oSxaafAyjuSBgGAAAACMAARAD.jpg,0,106,129
A_DNjCS6LPySIAAAAAAAAAAAAAAQAAAQ.jpg,A_SsADSplZuU0AAAAAAAAAAAAAAQAAAQ.jpg,0,272,258
A_JiCCQqK4VcEAAAAAAAAAAAAAAQAAAQ.jpg,A_MtxfT4wtikgAAAAAAAAAAAAAAQAAAQ.jpg,0,92,286
IJnfoTCGRzy_PnKxNA20FAAAACMAARAD.jpg,A_Vg6lSL6paE4AAAAAAAAAAAAAAQAAAQ.jpg,0,306,191
A_60h2TaONPo8AAAAAAAAAAAAAAQAAAQ.jpg,A_2V9eS67BcuUAAAAAAAAAAAAAAQAAAQ.jpg,0,37,238
A_pMrhQLroe0IAAAAAAAAAAAAAAQAAAQ.jpg,A_Vg6lSL6paE4AAAAAAAAAAAAAAQAAAQ.jpg,0,319,191
A_YGM9RqelARIAAAAAAAAAAAAAAQAAAQ.jpg,A__5f3Qa27j5YAAAAAAAAAAAAAAQAAAQ.jpg,0,250,277
A_rmRYSoi_81sAAAAAAAAAAAAAAQAAAQ.jpg,A_RaRvSLwdvtQAAAAAAAAAAAAAAQAAAQ.jpg,0,218,173
A_iAk4T7b-HD4AAAAAAAAAAAAAAQAAAQ.jpg,unXpdCHiSwq1IsIo2bI8PAAAACMAARAD.jpg,0,337,70
A_SDD3Q6kABacAAAAAAAAAAAAAAQAAAQ.jpg,A_Xt5tQpzDINoAAAAAAAAAAAAAAQAAAQ.jpg,0,247,314
A_7uWzQaplAc4AAAAAAAAAAAAAAQAAAQ.jpg,A_9SxdQYnmGb8AAAAAAAAAAAAAAQAAAQ.jpg,0,260,259
A_i-nLRI_4Z-QAAAAAAAAAAAAAAQAAAQ.jpg,A_g55DSKHkNDkAAAAAAAAAAAAAAQAAAQ.jpg,0,313,137
A_eUwvR77C5UwAAAAAAAAAAAAAAQAAAQ.jpg,I-4jbqVlSyeXyWm3u8uXGQAAACMAARAD.jpg,0,65,56
A_OauCQr_5X8UAAAAAAAAAAAAAAQAAAQ.jpg,A_tTIcQp5givIAAAAAAAAAAAAAAQAAAQ.jpg,0,232,5
YogXrvTpT3CF9S-8BEORggAAACMAARAD.jpg,A_t87cQqq5PeYAAAAAAAAAAAAAAQAAAQ.jpg,0,71,146
A_33L3RYDwFfYAAAAAAAAAAAAAAQAAAQ.jpg,A_gOJ8T7kQaDgAAAAAAAAAAAAAAQAAAQ.jpg,0,335,3
A_qA51SrJMwRIAAAAAAAAAAAAAAQAAAQ.jpg,A_g3QTTLBYHsUAAAAAAAAAAAAAAQAAAQ.jpg,0,222,136
A_lYW0R4XDx60AAAAAAAAAAAAAAQAAAQ.jpg,A_Oj4CRqQrUiUAAAAAAAAAAAAAAQAAAQ.jpg,0,280,176
A_pGC9TI631dMAAAAAAAAAAAAAAQAAAQ.jpg,A_J29lTq0PoBYAAAAAAAAAAAAAAQAAAQ.jpg,0,74,83
A_HRkFRZKRfK4AAAAAAAAAAAAAAQAAAQ.jpg,A_hKxiQrUhfZUAAAAAAAAAAAAAAQAAAQ.jpg,0,330,141
A_VVyqSqssGX8AAAAAAAAAAAAAAQAAAQ.jpg,A_xt-fRpljCNgAAAAAAAAAAAAAAQAAAQ.jpg,0,110,83
A_qi_5T4aATlcAAAAAAAAAAAAAAQAAAQ.jpg,A_OeVtR5t3G6UAAAAAAAAAAAAAAQAAAQ.jpg,0,261,28
A_ZQs8RZuoJBoAAAAAAAAAAAAAAQAAAQ.jpg,A_7mlCRqiHNywAAAAAAAAAAAAAAQAAAQ.jpg,0,232,215
A_1LQLSI-tEM4AAAAAAAAAAAAAAQAAAQ.jpg,A_6xTOT6mkZzUAAAAAAAAAAAAAAQAAAQ.jpg,0,278,7
A_rZL0S6dvFYsAAAAAAAAAAAAAAQAAAQ.jpg,A_T_ZjQpBDIJEAAAAAAAAAAAAAAQAAAQ.jpg,0,175,183
A_aKs_R7ladhcAAAAAAAAAAAAAAQAAAQ.jpg,A_ArkTQ6Dnr04AAAAAAAAAAAAAAQAAAQ.jpg,0,69,81
A_6xKYQ5BLeRAAAAAAAAAAAAAAAQAAAQ.jpg,A_2f4ZRqel34oAAAAAAAAAAAAAAQAAAQ.jpg,0,80,33
A_-gLFTpM2eMUAAAAAAAAAAAAAAQAAAQ.jpg,A_sJaYS4HRJsQAAAAAAAAAAAAAAQAAAQ.jpg,0,81,245
A_50XaQoPLKsYAAAAAAAAAAAAAAQAAAQ.jpg,ZyHG3kTpSISXJaNBidsZFQAAACMAARAD.jpg,0,78,238
A_gBw2Q6_QWsUAAAAAAAAAAAAAAQAAAQ.jpg,A_8SMFQ4ABOP4AAAAAAAAAAAAAAQAAAQ.jpg,0,1,78
A_dN7FSZa9E6kAAAAAAAAAAAAAAQAAAQ.jpg,A_vdO2RolMKVcAAAAAAAAAAAAAAQAAAQ.jpg,0,225,98
A_noVFRIHyvJQAAAAAAAAAAAAAAQAAAQ.jpg,s-goRr4zRqihodt8c49wvwAAACMAARAD.jpg,0,61,174
gioGl7mwSCab39gMX8ARnAAAACMAARAD.jpg,A_FVWOQa45oeMAAAAAAAAAAAAAAQAAAQ.jpg,0,177,178
A_Z9O5TZhkv2IAAAAAAAAAAAAAAQAAAQ.jpg,A_LZQHRJnzs8kAAAAAAAAAAAAAAQAAAQ.jpg,0,227,85
A_UmpNSa_VTuYAAAAAAAAAAAAAAQAAAQ.jpg,A_p5ntSLcrva4AAAAAAAAAAAAAAQAAAQ.jpg,0,228,202
A_F-Y6SLy3q3kAAAAAAAAAAAAAAQAAAQ.jpg,A_IP6uQrnPTq0AAAAAAAAAAAAAAQAAAQ.jpg,0,127,241
A_wivkSpYnjv0AAAAAAAAAAAAAAQAAAQ.jpg,A_Rx6HR586O4sAAAAAAAAAAAAAAQAAAQ.jpg,0,101,325
5-dDbF_HS_O0O2_34lIV9AAAACMAARAD.jpg,A_EsHfTJi2lYUAAAAAAAAAAAAAAQAAAQ.jpg,0,186,314
A_ANj4S6gZrSgAAAAAAAAAAAAAAQAAAQ.jpg,A_T_xdRoOUXqsAAAAAAAAAAAAAAQAAAQ.jpg,0,92,140
A_plhwSYSpPVIAAAAAAAAAAAAAAQAAAQ.jpg,A_BvagTqt2xW0AAAAAAAAAAAAAAQAAAQ.jpg,0,264,180
ZyHG3kTpSISXJaNBidsZFQAAACMAARAD.jpg,A_OwX6S7nJKi4AAAAAAAAAAAAAAQAAAQ.jpg,0,238,220
O1CN01fjcDg01yHK0TN1bE3_!!0-mtopupload.jpg,A_9_SYSrcxl1UAAAAAAAAAAAAAAQAAAQ.jpg,0,22,94
A_9_SYSrcxl1UAAAAAAAAAAAAAAQAAAQ.jpg,A_UtCkTIobIZgAAAAAAAAAAAAAAQAAAQ.jpg,0,94,31
A_m_SBTJ0x4UgAAAAAAAAAAAAAAQAAAQ.jpg,A_TACLS6bGmFUAAAAAAAAAAAAAAQAAAQ.jpg,0,309,236
A_lOYRTrARg8kAAAAAAAAAAAAAAQAAAQ.jpg,A_lUxgRJaTT48AAAAAAAAAAAAAAQAAAQ.jpg,0,285,55
lFnXbsgySbe-RMVrti88KQAAACMAARAD.jpg,A_2PylSJ1j8RIAAAAAAAAAAAAAAQAAAQ.jpg,0,134,191
Xep9PWi-TnyRkBu-1lOpugAAACMAARAD.jpg,A_aA69SpvZhQQAAAAAAAAAAAAAAQAAAQ.jpg,0,150,311
A_WbF9SqahUZUAAAAAAAAAAAAAAQAAAQ.jpg,A_4OAEQbtm3HIAAAAAAAAAAAAAAQAAAQ.jpg,0,268,12
A_mVW5RI4asboAAAAAAAAAAAAAAQAAAQ.jpg,A_Mr_oTZ8LdmUAAAAAAAAAAAAAAQAAAQ.jpg,0,255,181
A_KKQgQ7mQpz4AAAAAAAAAAAAAAQAAAQ.jpg,ydJW6409RSKvBzpK1xzS0QAAACMAARAD.jpg,0,7,27
A_SDD3Q6kABacAAAAAAAAAAAAAAQAAAQ.jpg,A_PKUBTpVo1sQAAAAAAAAAAAAAAQAAAQ.jpg,0,247,9
A_FgqDQY4q28cAAAAAAAAAAAAAAQAAAQ.jpg,A_6_GGQrcmmBAAAAAAAAAAAAAAAQAAAQ.jpg,0,104,60
A_WBiBQpmmEtAAAAAAAAAAAAAAAQAAAQ.jpg,WpudhUmPQtCbPSRoq9BnHgAAACMAARAD.jpg,0,50,20
A_ycyzRpZPTpUAAAAAAAAAAAAAAQAAAQ.jpg,i9DxLNTFRVa_ErPFgVJ3uAAAACMAARAD.jpg,0,245,327
A_mcPlS6cWS-wAAAAAAAAAAAAAAQAAAQ.jpg,A_e3GqTpb-UCYAAAAAAAAAAAAAAQAAAQ.jpg,0,55,95
A_AoHdR7FLKwgAAAAAAAAAAAAAAQAAAQ.jpg,A_dOGsSqcc4psAAAAAAAAAAAAAAQAAAQ.jpg,0,178,239
A_Li70RYXYOToAAAAAAAAAAAAAAQAAAQ.jpg,A_Rww6Rra53Y8AAAAAAAAAAAAAAQAAAQ.jpg,0,171,153
A__V74SLTYzbMAAAAAAAAAAAAAAQAAAQ.jpg,A_stmPT54njmIU_RNLpIBqvAAAAQAAAQ.jpg,0,268,147
A_G93uT5tp26QAAAAAAAAAAAAAAQAAAQ.jpg,A_JKoXS5qMLWUAAAAAAAAAAAAAAQAAAQ.jpg,0,194,148
A_b-wTSqGrNAEAAAAAAAAAAAAAAQAAAQ.jpg,A_xK0XQo9bd_wAAAAAAAAAAAAAAQAAAQ.jpg,0,149,143
A_bgtWT6j_LKkAAAAAAAAAAAAAAQAAAQ.jpg,A_pfnXQq9r3uoAAAAAAAAAAAAAAQAAAQ.jpg,0,79,199
A_TLSkT501MYQAAAAAAAAAAAAAAQAAAQ.jpg,A_9C0_SY5HMwYAAAAAAAAAAAAAAQAAAQ.jpg,0,325,81
PYuk0PscTpKyg5nsQBOYZgAAACMAARAD.jpg,A_lfw2QZuTKukAAAAAAAAAAAAAAQAAAQ.jpg,0,107,217
A_lv0eRrxAXNwAAAAAAAAAAAAAAQAAAQ.jpg,w9YQq4_NScePMhUzHiU7ugAAACMAARAD.jpg,0,193,166
A_pGBkRrTqPD0AAAAAAAAAAAAAAQAAAQ.jpg,A_7agWQomXiksAAAAAAAAAAAAAAQAAAQ.jpg,0,5,85
A_S1K7SaRCgmsAAAAAAAAAAAAAAQAAAQ.jpg,A_-9qCR4mbl08AAAAAAAAAAAAAAQAAAQ.jpg,0,111,224
A_yOJ6Q4IO9mcAAAAAAAAAAAAAAQAAAQ.jpg,B4vLF17OQ7iz0JDSOsJBYwAAACMAARAD.jpg,0,162,71
A_llXqTpsSgWwAAAAAAAAAAAAAAQAAAQ.jpg,A_AAb-SaRo2rwAAAAAAAAAAAAAAQAAAQ.jpg,0,90,175
A_ufHTQ6U54sAAAAAAAAAAAAAAAQAAAQ.jpg,A_mFi6TLRxJ9cAAAAAAAAAAAAAAQAAAQ.jpg,0,41,144
A_V4M-S5Mt__QAAAAAAAAAAAAAAQAAAQ.jpg,A_TYT0T4Fvp38AAAAAAAAAAAAAAQAAAQ.jpg,0,191,302
pJMeyxnvRPOCrS-s9zDN6AAAACMAARAD.jpg,A_h3xWQb_tMC0AAAAAAAAAAAAAAQAAAQ.jpg,0,323,328
A_P-NXTr4se6gAAAAAAAAAAAAAAQAAAQ.jpg,A_kcFGTZE2RQoAAAAAAAAAAAAAAQAAAQ.jpg,0,233,74
A_7YkuQ4_prsMAAAAAAAAAAAAAAQAAAQ.jpg,A_tnp-TKnLdn4AAAAAAAAAAAAAAQAAAQ.jpg,0,117,255
A_Rc01QbuRw5YAAAAAAAAAAAAAAQAAAQ.jpg,A_qXnRSq_alQ0AAAAAAAAAAAAAAQAAAQ.jpg,0,136,260
A_sJaYS4HRJsQAAAAAAAAAAAAAAQAAAQ.jpg,A_k6J1RpHE-uEAAAAAAAAAAAAAAQAAAQ.jpg,0,245,131
A_7TXVT6R41bwAAAAAAAAAAAAAAQAAAQ.jpg,A_GSRPQoJj7dwAAAAAAAAAAAAAAQAAAQ.jpg,0,161,295
2A23mcKTRe6iwvdle-DnoQAAACMAARAD.jpg,A_qB4QT6PpWG8AAAAAAAAAAAAAAQAAAQ.jpg,0,349,242
A_qB4QT6PpWG8AAAAAAAAAAAAAAQAAAQ.jpg,A_mELMSZX6_9YAAAAAAAAAAAAAAQAAAQ.jpg,0,242,180
A_o6_aR5P_rB8AAAAAAAAAAAAAAQAAAQ.jpg,A_TYp9Q40PjSUAAAAAAAAAAAAAAQAAAQ.jpg,0,217,149
A_0gczRYEcMd0AAAAAAAAAAAAAAQAAAQ.jpg,A_8cyFQ4uebTYAAAAAAAAAAAAAAQAAAQ.jpg,0,193,116
g1oOHJOvS4qxd5DGYu64FgAAACMAARAD.jpg,A_yb38S7eVwa8AAAAAAAAAAAAAAQAAAQ.jpg,0,208,121
A_6anUTaPKAZ0AAAAAAAAAAAAAAQAAAQ.jpg,A_NJrCQ405yccAAAAAAAAAAAAAAQAAAQ.jpg,0,330,100
A_Xt5tQpzDINoAAAAAAAAAAAAAAQAAAQ.jpg,O1CN01ukFKMv1kRwZQAdP64_!!0-mtopupload.jpg,0,314,22
A_WPQkRZyeXvoAAAAAAAAAAAAAAQAAAQ.jpg,A_87ZNTKwrTcYAAAAAAAAAAAAAAQAAAQ.jpg,0,273,30
A_iGqzSrLtlcMAAAAAAAAAAAAAAQAAAQ.jpg,A_CKxEQpBINjYAAAAAAAAAAAAAAQAAAQ.jpg,0,261,43
A_rZL0S6dvFYvlzupIll1R-AAAAQAAAQ.jpg,A_z7uTTKANmKQAAAAAAAAAAAAAAQAAAQ.jpg,0,175,167
A_5pjuQ6bpF44AAAAAAAAAAAAAAQAAAQ.jpg,A_ewXCQJhfsF0AAAAAAAAAAAAAAQAAAQ.jpg,0,343,170
A_zR9xTI8bns0AAAAAAAAAAAAAAQAAAQ.jpg,A_a7OnT702SKIAAAAAAAAAAAAAAQAAAQ.jpg,0,168,161
A_rZCET7Bcu5YAAAAAAAAAAAAAAQAAAQ.jpg,A_c_ljRZmOJuEAAAAAAAAAAAAAAQAAAQ.jpg,0,143,214
A_Jz60TodhpGgUYFBLnH7ZnAAAAQAAAQ.jpg,A_V03gR7K90bIAAAAAAAAAAAAAAQAAAQ.jpg,0,99,220
A_8vypTI74gzgAAAAAAAAAAAAAAQAAAQ.jpg,A_EzsXSL1ECOQAAAAAAAAAAAAAAQAAAQ.jpg,0,295,240
A_hbD0T7EIoRYAAAAAAAAAAAAAAQAAAQ.jpg,A_HFprSoUoL2gAAAAAAAAAAAAAAQAAAQ.jpg,0,74,189
8BujMxsVRvWOAhf1DW4HXgAAACMAARAD.jpg,A_H2d7SazIiaAAAAAAAAAAAAAAAQAAAQ.jpg,0,348,73
pJMeyxnvRPOCrS-s9zDN6AAAACMAARAD.jpg,A_yusuSowwe7sAAAAAAAAAAAAAAQAAAQ.jpg,0,323,145
A_Ez49RbdLdmcAAAAAAAAAAAAAAQAAAQ.jpg,A_S4LDTLYmuK0AAAAAAAAAAAAAAQAAAQ.jpg,0,287,36
A_c8JATZGzi1cAAAAAAAAAAAAAAQAAAQ.jpg,A_cexvRK__-1MAAAAAAAAAAAAAAQAAAQ.jpg,0,156,204
A_4cscRbyF-t8AAAAAAAAAAAAAAQAAAQ.jpg,x22XN24XQiaxAuBA2h4LVQAAACMAARAD.jpg,0,312,107
A_KQxIT7wL_kgAAAAAAAAAAAAAAQAAAQ.jpg,A_EsHfTJi2lYUAAAAAAAAAAAAAAQAAAQ.jpg,0,18,314
A_4OwVSaVoxg4AAAAAAAAAAAAAAQAAAQ.jpg,A_muDGRIJTyNcAAAAAAAAAAAAAAQAAAQ.jpg,0,170,252
A_tnVbTq1hG0IAAAAAAAAAAAAAAQAAAQ.jpg,A_ywmfQoWVLnUAAAAAAAAAAAAAAQAAAQ.jpg,0,194,78
A_d6BLRrCLDYEAAAAAAAAAAAAAAQAAAQ.jpg,A_w8x7SaCEWdkAAAAAAAAAAAAAAQAAAQ.jpg,0,49,58
A_5SyITq15BGgAAAAAAAAAAAAAAQAAAQ.jpg,A_f0N3RpGHGX4AAAAAAAAAAAAAAQAAAQ.jpg,0,121,73
A_-fGnSJLpn7kAAAAAAAAAAAAAAQAAAQ.jpg,A_DOZRQIHcpw0AAAAAAAAAAAAAAQAAAQ.jpg,0,273,39
A_IXO-TKQX2Z0AAAAAAAAAAAAAAQAAAQ.jpg,A_otkrQ6x55ioAAAAAAAAAAAAAAQAAAQ.jpg,0,171,123
yUud5fmzR3q6UJMUV6hLQwAAACMAARAD.jpg,A__2g8SIdev1YAAAAAAAAAAAAAAQAAAQ.jpg,0,306,153
x8Wo4mizQyiMb9ZQPKg2hgAAACMAARAD.jpg,A_m7-sRo3H-HgAAAAAAAAAAAAAAQAAAQ.jpg,0,109,330
A_pO8kQqJBt3EAAAAAAAAAAAAAAQAAAQ.jpg,A_zxzNQqQfYAMAAAAAAAAAAAAAAQAAAQ.jpg,0,39,145
fcg3fFELSXuinicx0-hYRQAAACMAARAD.jpg,A_UHv6TJv2h5cAAAAAAAAAAAAAAQAAAQ.jpg,0,27,283
A_t6YXSrkNSwoAAAAAAAAAAAAAAQAAAQ.jpg,A_-fnOTrhcN3oAAAAAAAAAAAAAAQAAAQ.jpg,0,98,243
-6WHQxGYR3ej96FqYNv-hAAAACMAARAD.jpg,A_BquTQbUQF58AAAAAAAAAAAAAAQAAAQ.jpg,0,208,197
A_Hu1zSa0hFccAAAAAAAAAAAAAAQAAAQ.jpg,dE5D0FnIS42ZuBi1OUZO3AAAACMAARAD.jpg,0,187,56
A_rXDyRppz13cAAAAAAAAAAAAAAQAAAQ.jpg,A_LFzLT7mHIM8AAAAAAAAAAAAAAQAAAQ.jpg,0,76,204
A_rlcDQb1PUYMAAAAAAAAAAAAAAQAAAQ.jpg,8bqSm5suQB-TkC66R2F-lgAAACMAARAD.jpg,0,197,177
A_SDD3Q6kABacAAAAAAAAAAAAAAQAAAQ.jpg,A_-iUaTI4TKcgAAAAAAAAAAAAAAQAAAQ.jpg,0,247,16
25_WUrUGSRSwEQtlCIA78gAAACMAARAD.jpg,A_5rhHQ4uH0DUAAAAAAAAAAAAAAQAAAQ.jpg,0,207,343
A_ivfcQaWsgdsAAAAAAAAAAAAAAQAAAQ.jpg,A_TneoSKTv7UkAAAAAAAAAAAAAAQAAAQ.jpg,0,296,223
A_TQs9RbfFYCkAAAAAAAAAAAAAAQAAAQ.jpg,I-4jbqVlSyeXyWm3u8uXGQAAACMAARAD.jpg,0,280,56
A_7zpaTrXCE1sAAAAAAAAAAAAAAQAAAQ.jpg,A_OtRZSqObW10AAAAAAAAAAAAAAQAAAQ.jpg,0,288,115
A_ysxzSpSaAJ0AAAAAAAAAAAAAAQAAAQ.jpg,A_4ZfXQLOWYBsAAAAAAAAAAAAAAQAAAQ.jpg,0,66,97
A__pBPR5UaDJ8AAAAAAAAAAAAAAQAAAQ.jpg,A_zE7OR59AboMAAAAAAAAAAAAAAQAAAQ.jpg,0,229,341
A_aMDbQ5OmVQ4AAAAAAAAAAAAAAQAAAQ.jpg,A_QQBWQ5OgNqcAAAAAAAAAAAAAAQAAAQ.jpg,0,95,318
A_GhJrQqvVGfAAAAAAAAAAAAAAAQAAAQ.jpg,A_3sPRTprtYa8AAAAAAAAAAAAAAQAAAQ.jpg,0,46,66
A_StnfT7ASR9gAAAAAAAAAAAAAAQAAAQ.jpg,A_9OP_RqOi65cAAAAAAAAAAAAAAQAAAQ.jpg,0,113,159
A_HylzQ4MvXaYAAAAAAAAAAAAAAQAAAQ.jpg,QQxyNEuVSAWRtd0Fk3TSiAAAACMAARAD.jpg,0,218,192
A_rZCET7Bcu5YAAAAAAAAAAAAAAQAAAQ.jpg,A_JUa9QZwAOOgAAAAAAAAAAAAAAQAAAQ.jpg,0,143,298
A_DYI0S469juQAAAAAAAAAAAAAAQAAAQ.jpg,YDkF-IExTl-pKxGA-asCwwAAACMAARAD.jpg,0,223,166
A_2fEAQ6wRV78AAAAAAAAAAAAAAQAAAQ.jpg,A_dNP4R4O9ASkAAAAAAAAAAAAAAQAAAQ.jpg,0,255,257
A_aA69SpvZhQQAAAAAAAAAAAAAAQAAAQ.jpg,A_iWCAS7hDyJEAAAAAAAAAAAAAAQAAAQ.jpg,0,311,281
A_UM9FRqczn4sAAAAAAAAAAAAAAQAAAQ.jpg,A_9jzqQrTHgCQAAAAAAAAAAAAAAQAAAQ.jpg,0,42,126
A_DYI0S469juQAAAAAAAAAAAAAAQAAAQ.jpg,A_dxCNSp4IGbAAAAAAAAAAAAAAAQAAAQ.jpg,0,223,172
A_cKh6QbFC51wAAAAAAAAAAAAAAQAAAQ.jpg,A_zRxmTpGb1kMAAAAAAAAAAAAAAQAAAQ.jpg,0,169,183
A_8cyFQ4uebTYAAAAAAAAAAAAAAQAAAQ.jpg,A_Ej53QIThr-wAAAAAAAAAAAAAAQAAAQ.jpg,0,116,57
A_f0N3RpGHGX4AAAAAAAAAAAAAAQAAAQ.jpg,A_hdpuRLEj1icAAAAAAAAAAAAAAQAAAQ.jpg,0,73,326
A_zSt_TZGlWdoAAAAAAAAAAAAAAQAAAQ.jpg,A_CJEPQZwY7_LC6f1Fh61-vQAAAQAAAQ.jpg,0,38,191
A_S7r7Srj5r_wAAAAAAAAAAAAAAQAAAQ.jpg,A_gZaiTKWdZY4AAAAAAAAAAAAAAQAAAQ.jpg,0,313,290
A_1328TKphdQgAAAAAAAAAAAAAAQAAAQ.jpg,unXpdCHiSwq1IsIo2bI8PAAAACMAARAD.jpg,0,30,70
A_dIlQSIobnFAAAAAAAAAAAAAAAQAAAQ.jpg,A_wcRmTIDKqJAAAAAAAAAAAAAAAQAAAQ.jpg,0,45,240
A_VV-4R7Xfd1AAAAAAAAAAAAAAAQAAAQ.jpg,A_K3lrQrI1-gIAAAAAAAAAAAAAAQAAAQ.jpg,0,221,334
A_9SxdQYnmGb8AAAAAAAAAAAAAAQAAAQ.jpg,A_YaJOSrbcB5YAAAAAAAAAAAAAAQAAAQ.jpg,0,259,181
A_Zq-wSaT7ot8AAAAAAAAAAAAAAQAAAQ.jpg,A_Ak6wQLMJZPUAAAAAAAAAAAAAAQAAAQ.jpg,0,1,135
A_FEs-Ro6DnjoAAAAAAAAAAAAAAQAAAQ.jpg,A_s_pGQJkJX7cAAAAAAAAAAAAAAQAAAQ.jpg,0,267,324
A_RU49RpH8I6MAAAAAAAAAAAAAAQAAAQ.jpg,A_gFTnQbOQfY8AAAAAAAAAAAAAAQAAAQ.jpg,0,270,86
A_SXGPT6VlGv0AAAAAAAAAAAAAAQAAAQ.jpg,A_1iq-SaD4TSYAAAAAAAAAAAAAAQAAAQ.jpg,0,15,300
A_7aSXR6UMp8sAAAAAAAAAAAAAAQAAAQ.jpg,A_lGgOR4Oe32UAAAAAAAAAAAAAAQAAAQ.jpg,0,115,239
AxQOGcN4RkCPWfcMhYgBuQAAACMAARAD.jpg,A_dNSRRpBZtmMAAAAAAAAAAAAAAQAAAQ.jpg,0,307,48
A_djD3Q5SP9N0AAAAAAAAAAAAAAQAAAQ.jpg,A_bKPlQL4w2iUAAAAAAAAAAAAAAQAAAQ.jpg,0,32,345
A_BTGhRL3hvxwAAAAAAAAAAAAAAQAAAQ.jpg,A_hmzySYUBMZIAAAAAAAAAAAAAAQAAAQ.jpg,0,0,38
A_TgAqQpXQPWgAAAAAAAAAAAAAAQAAAQ.jpg,qvyQGoFhTm69RSHS-41E9QAAACMAARAD.jpg,0,139,209
6s492Y5LR5Kto8OzVdvpHQAAACMAARAD.jpg,A_jHKHTLW4rOcAAAAAAAAAAAAAAQAAAQ.jpg,0,120,267
RJaJONp-R9-6Wg29qPh_MQAAACMAARAD.jpg,A__pBPR5UaDJ8AAAAAAAAAAAAAAQAAAQ.jpg,0,348,229
A_h8BxQ7-OJWAAAAAAAAAAAAAAAQAAAQ.jpg,A_DLk9QaFF3W0AAAAAAAAAAAAAAQAAAQ.jpg,0,110,328
A_XQs-QoHKkXEAAAAAAAAAAAAAAQAAAQ.jpg,A_1AcjS7HMufYAAAAAAAAAAAAAAQAAAQ.jpg,0,217,189
A_tgVnS7L93MwAAAAAAAAAAAAAAQAAAQ.jpg,MfYoqfAzSxyKWkDANp68IQAAACMAARAD.jpg,0,247,132
A_guRwTo_PyEAAAAAAAAAAAAAAAQAAAQ.jpg,8HPPNmXFR0O3msRIxa8WnQAAACMAARAD.jpg,0,185,188
A_Uw6pRLOcnFcAAAAAAAAAAAAAAQAAAQ.jpg,A_UA5VQr9DJc0AAAAAAAAAAAAAAQAAAQ.jpg,0,242,139
A_ARs4S5uu-scAAAAAAAAAAAAAAQAAAQ.jpg,A_izqHSKPN0SsAAAAAAAAAAAAAAQAAAQ.jpg,0,0,281
A_vTQoRLws130AAAAAAAAAAAAAAQAAAQ.jpg,A_qdWxRaREskIAAAAAAAAAAAAAAQAAAQ.jpg,0,287,298
A_DLk9QaFF3W0AAAAAAAAAAAAAAQAAAQ.jpg,A_3felTbn-u0kAAAAAAAAAAAAAAQAAAQ.jpg,0,328,108
A_72l5RJml1agAAAAAAAAAAAAAAQAAAQ.jpg,A_1cY0SJWiw2gAAAAAAAAAAAAAAQAAAQ.jpg,0,93,249
A_LFzLT7mHIM8AAAAAAAAAAAAAAQAAAQ.jpg,A_spNeTrbTaesAAAAAAAAAAAAAAQAAAQ.jpg,0,204,114
A_BP63Qp6wXyUAAAAAAAAAAAAAAQAAAQ.jpg,A_HAtPTLANbMAAAAAAAAAAAAAAAQAAAQ.jpg,0,178,124
A_eCGwQpnlatEAAAAAAAAAAAAAAQAAAQ.jpg,A_JFf0QpMDxLUAAAAAAAAAAAAAAQAAAQ.jpg,0,80,178
ysnTdNgkTQ2KcesYGinCrgAAACMAARAD.jpg,A_zKqLQoDmJo0AAAAAAAAAAAAAAQAAAQ.jpg,0,132,272
A_kCm8SqJ4xbQAAAAAAAAAAAAAAQAAAQ.jpg,A_RI1UQ5lyw1EAAAAAAAAAAAAAAQAAAQ.jpg,0,299,94
A__dC3S5as98wAAAAAAAAAAAAAAQAAAQ.jpg,A_dNSRRpBZtmMAAAAAAAAAAAAAAQAAAQ.jpg,0,279,48
A_7dttRYIKAKQAAAAAAAAAAAAAAQAAAQ.jpg,A_z-jkQpRk3FkAAAAAAAAAAAAAAQAAAQ.jpg,0,116,135
A_8hQJTq1WHRsAAAAAAAAAAAAAAQAAAQ.jpg,A_7kJbS6bLFokAAAAAAAAAAAAAAQAAAQ.jpg,0,51,205
A_WFX-R60X0GEAAAAAAAAAAAAAAQAAAQ.jpg,A_YdltQ4U0sNcAAAAAAAAAAAAAAQAAAQ.jpg,0,62,275
A_1UNRTpDrXocAAAAAAAAAAAAAAQAAAQ.jpg,A_HblBQpqvsuIAAAAAAAAAAAAAAQAAAQ.jpg,0,61,225
A_bRcAQpqLS8kAAAAAAAAAAAAAAQAAAQ.jpg,A_T0RwQ6RpE-AAAAAAAAAAAAAAAQAAAQ.jpg,0,184,33
A_-JEPRbD0J4AAAAAAAAAAAAAAAQAAAQ.jpg,A_RPqaQYB6kjQAAAAAAAAAAAAAAQAAAQ.jpg,0,256,168
A_g55DSKHkNDkAAAAAAAAAAAAAAQAAAQ.jpg,A_b8rTTZnRnF8AAAAAAAAAAAAAAQAAAQ.jpg,0,137,172
A_a7OnT702SKIAAAAAAAAAAAAAAQAAAQ.jpg,A_X04IS5gYN1UAAAAAAAAAAAAAAQAAAQ.jpg,0,161,102
pb5VFO7UQBWHMuwgRE5PHgAAACMAARAD.jpg,8Sk3KFu_QmSMZX_JxB-X2QAAACMAARAD.jpg,0,166,164
A_8yHrSI9wXtsAAAAAAAAAAAAAAQAAAQ.jpg,A_rmRYSoi_81sAAAAAAAAAAAAAAQAAAQ.jpg,0,334,218
A_XTPLTJ9RiO4AAAAAAAAAAAAAAQAAAQ.jpg,A_VNPxS4voAo4AAAAAAAAAAAAAAQAAAQ.jpg,0,325,49
A_VsaDTIsMA8AAAAAAAAAAAAAAAQAAAQ.jpg,A_cy6BT7zBon8AAAAAAAAAAAAAAQAAAQ.jpg,0,81,145
A_m8smT6igYF8AAAAAAAAAAAAAAQAAAQ.jpg,A2fZWAEeTfWyTqA6MlIezgAAACMAARAD.jpg,0,12,164
A_tB9JQ6SKjKYAAAAAAAAAAAAAAQAAAQ.jpg,A_xKkVSpQDOR8AAAAAAAAAAAAAAQAAAQ.jpg,0,201,79
A_fgxxT7gC-zwAAAAAAAAAAAAAAQAAAQ.jpg,oAlUaNt0SoOd1pDlZebq6QAAACMAARAD.jpg,0,198,327
A_C0vvSpWL_JsAAAAAAAAAAAAAAQAAAQ.jpg,A_2YPaRq8ajt8AAAAAAAAAAAAAAQAAAQ.jpg,0,121,284
A_x0gcTpulbY8AAAAAAAAAAAAAAQAAAQ.jpg,LkTAGmb3TGuGGZHU52brUQAAACMAARAD.jpg,0,246,207
A_yuLVT43MzcgAAAAAAAAAAAAAAQAAAQ.jpg,A_HPLCS6zhfDUAAAAAAAAAAAAAAQAAAQ.jpg,0,167,218
A_29WIRrT3Pg4AAAAAAAAAAAAAAQAAAQ.jpg,A_qr-cQJhu1vcAAAAAAAAAAAAAAQAAAQ.jpg,0,75,35
A_0jiiRbW7afUAAAAAAAAAAAAAAQAAAQ.jpg,A_GPn_QKLHezwAAAAAAAAAAAAAAQAAAQ.jpg,0,260,116
A_bC75RrqgubUAAAAAAAAAAAAAAQAAAQ.jpg,A_Vj6TRJ-ZsmwAAAAAAAAAAAAAAQAAAQ.jpg,0,162,63
A_qK3GTKpbnwAAAAAAAAAAAAAAAQAAAQ.jpg,do9fiCurQMewDq6x14MTlgAAACMAARAD.jpg,0,83,226
A__DG-QaId_tcAAAAAAAAAAAAAAQAAAQ.jpg,A_wmoBRoo-T8IAAAAAAAAAAAAAAQAAAQ.jpg,0,87,279
A_ArkTQ6Dnr04AAAAAAAAAAAAAAQAAAQ.jpg,A_IXO-TKQX2Z0AAAAAAAAAAAAAAQAAAQ.jpg,0,81,171
A_VsaDTIsMA8AAAAAAAAAAAAAAAQAAAQ.jpg,A_a5OsTbYWWVQAAAAAAAAAAAAAAQAAAQ.jpg,0,81,137
AxQOGcN4RkCPWfcMhYgBuQAAACMAARAD.jpg,Xep9PWi-TnyRkBu-1lOpugAAACMAARAD.jpg,0,307,150
A_2PhBQZl-wekAAAAAAAAAAAAAAQAAAQ.jpg,A_7HBeTrXQsH0AAAAAAAAAAAAAAQAAAQ.jpg,0,2,232
A_Pgp4TYloAOwAAAAAAAAAAAAAAQAAAQ.jpg,A_J1qLRIBVPRwAAAAAAAAAAAAAAQAAAQ.jpg,0,281,151
LkTAGmb3TGuGGZHU52brUQAAACMAARAD.jpg,A_T2lFRJy5a2gAAAAAAAAAAAAAAQAAAQ.jpg,0,207,28
A_o6_aR5P_rB8AAAAAAAAAAAAAAQAAAQ.jpg,A_PQ-mQpRZPwgAAAAAAAAAAAAAAQAAAQ.jpg,0,217,35
f6GMYs9cRVe3Vy5EDVVBpgAAACMAARAD.jpg,A_ZPyVR5KHewAAAAAAAAAAAAAAAQAAAQ.jpg,0,291,314
A_dBt-RKWXGVIAAAAAAAAAAAAAAQAAAQ.jpg,A_Uw6pRLOcnFcAAAAAAAAAAAAAAQAAAQ.jpg,0,89,242
A_c1QXTK5OHUMAAAAAAAAAAAAAAQAAAQ.jpg,A_g1RJRYomLtCGJS5AnNEITgAAAQAAAQ.jpg,0,312,89
A_Ieo9SKFx2U0AAAAAAAAAAAAAAQAAAQ.jpg,A_oEAqSaEmWGMAAAAAAAAAAAAAAQAAAQ.jpg,0,82,294
A_AuorQ4yCMh0AAAAAAAAAAAAAAQAAAQ.jpg,A_VKWZTI04Y7wAAAAAAAAAAAAAAQAAAQ.jpg,0,161,41
A_33L3RYDwFfYAAAAAAAAAAAAAAQAAAQ.jpg,A_a-RNSrOUV5IAAAAAAAAAAAAAAQAAAQ.jpg,0,335,296
A_B17tQL9G7GAAAAAAAAAAAAAAAQAAAQ.jpg,A_mbl7SbkDKR4AAAAAAAAAAAAAAQAAAQ.jpg,0,331,16
QiREoZZIR4-HVb2IYPQWXwAAACMAARED.jpg,A_3skiQIpmWr0AAAAAAAAAAAAAAQAAAQ.jpg,0,209,319
A_Naw9Q6w007QAAAAAAAAAAAAAAQAAAQ.jpg,A_mQvKR47IcpkAAAAAAAAAAAAAAQAAAQ.jpg,0,223,142
A__z-iTZs2YvEAAAAAAAAAAAAAAQAAAQ.jpg,A_q1-cSYaye8AAAAAAAAAAAAAAAQAAAQ.jpg,0,14,279
A_ACqjTY_SpjgAAAAAAAAAAAAAAQAAAQ.jpg,A_00wGQ6p8j_UAAAAAAAAAAAAAAQAAAQ.jpg,0,256,214
A_t87cQqq5PeYAAAAAAAAAAAAAAQAAAQ.jpg,tQd1XCVwSy27_2CRPo0NAAAAACMAARAD.jpg,0,146,109
A_pZKQQ6RiMPMAAAAAAAAAAAAAAQAAAQ.jpg,A_vEWFRJ2pIzwAAAAAAAAAAAAAAQAAAQ.jpg,0,266,165
A_OeVtR5t3G6UAAAAAAAAAAAAAAQAAAQ.jpg,YKrsyS6qRZ-rCTySE0CuoAAAACMAARAD.jpg,0,28,107
A_h0UnRoWDbBQAAAAAAAAAAAAAAQAAAQ.jpg,A_a-RNSrOUV5IAAAAAAAAAAAAAAQAAAQ.jpg,0,181,296
A_1OujSoSRAr8AAAAAAAAAAAAAAQAAAQ.jpg,A_xK0XQo9bd_wAAAAAAAAAAAAAAQAAAQ.jpg,0,292,143
A_He2nSrEFR1YAAAAAAAAAAAAAAQAAAQ.jpg,A_Hd0LRLVyFxQAAAAAAAAAAAAAAQAAAQ.jpg,0,300,213
A_fCtlTa7af0gAAAAAAAAAAAAAAQAAAQ.jpg,A_-iUaTI4TKcgAAAAAAAAAAAAAAQAAAQ.jpg,0,227,16
A_kEkzS6WBDdQAAAAAAAAAAAAAAQAAAQ.jpg,A_P5b9TYwVLCMAAAAAAAAAAAAAAQAAAQ.jpg,0,156,213
A_m8smT6igYF8AAAAAAAAAAAAAAQAAAQ.jpg,i_qZgpvUQ6CuKFZzKixaaQAAACMAARAD.jpg,0,12,323
A_Z_9gQIR_rVkAAAAAAAAAAAAAAQAAAQ.jpg,A_Rww6Rra53Y8AAAAAAAAAAAAAAQAAAQ.jpg,0,44,153
A_roDNRZHSdREAAAAAAAAAAAAAAQAAAQ.jpg,A_lzVvRL-LTpYAAAAAAAAAAAAAAQAAAQ.jpg,0,88,225
A_uskbRJwK4XwAAAAAAAAAAAAAAQAAAQ.jpg,A_KTLqT5wpOLMAAAAAAAAAAAAAAQAAAQ.jpg,0,154,225
A_03AFSaoCIYMAAAAAAAAAAAAAAQAAAQ.jpg,A_cnG9T6Dm4UIAAAAAAAAAAAAAAQAAAQ.jpg,0,184,277
A_YDlYRYBLgbQAAAAAAAAAAAAAAQAAAQ.jpg,A_O-HYQbAzM04AAAAAAAAAAAAAAQAAAQ.jpg,0,257,61
A_8AsaQ4dMoL0AAAAAAAAAAAAAAQAAAQ.jpg,A_yFmGSo2bp-cAAAAAAAAAAAAAAQAAAQ.jpg,0,151,248
A_8U4ITbf42r4AAAAAAAAAAAAAAQAAAQ.jpg,A_2SYrSID-5CkAAAAAAAAAAAAAAQAAAQ.jpg,0,34,181
xwiaT4SHTLGOVAZCtHq9yQAAACMAARAD.jpg,A_J-7MTKEefysAAAAAAAAAAAAAAQAAAQ.jpg,0,27,44
A_xNCNSreklsIAAAAAAAAAAAAAAQAAAQ.jpg,A_usXqRrG0zfAAAAAAAAAAAAAAAQAAAQ.jpg,0,1,88
A_qltmS7ZNsLUAAAAAAAAAAAAAAQAAAQ.jpg,A_8MxtS7nrx5oAAAAAAAAAAAAAAQAAAQ.jpg,0,91,53
A_cwDhQLizVhEAAAAAAAAAAAAAAQAAAQ.jpg,A_KjDbQJVMoCMAAAAAAAAAAAAAAQAAAQ.jpg,0,159,171
A_PXh2Q7BkVC0AAAAAAAAAAAAAAQAAAQ.jpg,A_TY-_RJN0r98AAAAAAAAAAAAAAQAAAQ.jpg,0,122,79
A_7dttRYIKAKQAAAAAAAAAAAAAAQAAAQ.jpg,A_gnzFTrJMNnQAAAAAAAAAAAAAAQAAAQ.jpg,0,116,232
A_2lrgQ5piRFsAAAAAAAAAAAAAAQAAAQ.jpg,A_ZLTNQ5wA3ndGXjRCsAnKcwAAAQAAAQ.jpg,0,123,63
A__MyoS6tXD44AAAAAAAAAAAAAAQAAAQ.jpg,A_-6tiTb6_VSoAAAAAAAAAAAAAAQAAAQ.jpg,0,86,34
A_6KB1R5-AhUgAAAAAAAAAAAAAAQAAAQ.jpg,O1CN01ukFKMv1kRwZQAdP64_!!0-mtopupload.jpg,0,36,22
A_uo1iTaASRHgAAAAAAAAAAAAAAQAAAQ.jpg,A_pNVfTIS6svkAAAAAAAAAAAAAAQAAAQ.jpg,0,185,293
imqELfCBQ0anyzmOWFa77wAAACMAARAD.jpg,A_0Z_BTJTyxrUAAAAAAAAAAAAAAQAAAQ.jpg,0,128,135
A_EgytQoIRmCEAAAAAAAAAAAAAAQAAAQ.jpg,A_b-8qRr28s_QAAAAAAAAAAAAAAQAAAQ.jpg,0,343,130
A_I8uqQ7SlDm0AAAAAAAAAAAAAAQAAAQ.jpg,A_aOn9RpOdtFIAAAAAAAAAAAAAAQAAAQ.jpg,0,271,172
A_AuorQ4yCMh0AAAAAAAAAAAAAAQAAAQ.jpg,A_QQwbSY54pOsAAAAAAAAAAAAAAQAAAQ.jpg,0,161,48
8Sk3KFu_QmSMZX_JxB-X2QAAACMAARAD.jpg,A_3R5AT4k8aW0AAAAAAAAAAAAAAQAAAQ.jpg,0,164,59
A_dLjnR7Wqd6IAAAAAAAAAAAAAAQAAAQ.jpg,YogXrvTpT3CF9S-8BEORggAAACMAARAD.jpg,0,17,71
A_qi_5T4aATlcAAAAAAAAAAAAAAQAAAQ.jpg,A_gyLzR4cxZpIAAAAAAAAAAAAAAQAAAQ.jpg,0,261,274
A_6-hyT6yKsd8AAAAAAAAAAAAAAQAAAQ.jpg,A_H4FeQZ5TNVIAAAAAAAAAAAAAAQAAAQ.jpg,0,229,349
A_dLjnR7Wqd6IAAAAAAAAAAAAAAQAAAQ.jpg,A_KtVrTIFqvwEAAAAAAAAAAAAAAQAAAQ.jpg,0,17,318
A_NnDDQ68F5F8AAAAAAAAAAAAAAQAAAQ.jpg,fcg3fFELSXuinicx0-hYRQAAACMAARAD.jpg,0,146,27
A_DKclRY0LfJ8AAAAAAAAAAAAAAQAAAQ.jpg,RZ0pi9gnRguCbwW_2IFLegAAACMAARAD.jpg,0,85,315
A_LEfrSbQwIUwAAAAAAAAAAAAAAQAAAQ.jpg,A_nKQBTJiTOPkAAAAAAAAAAAAAAQAAAQ.jpg,0,101,234
A_h-8AQKUCJ6wAAAAAAAAAAAAAAQAAAQ.jpg,A_0t4nQKnH940AAAAAAAAAAAAAAQAAAQ.jpg,0,257,215
A_cRO-RpI4ux8AAAAAAAAAAAAAAQAAAQ.jpg,A_l_WDRZSqqCQAAAAAAAAAAAAAAQAAAQ.jpg,0,256,1
A_fGXbTY1iJoEAAAAAAAAAAAAAAQAAAQ.jpg,A_-cgBQ7nWdC4AAAAAAAAAAAAAAQAAAQ.jpg,0,212,283
VH_MJsWWTsmHaQP-fiUEjwAAACMAARAD.jpg,A_9SFeTb8NkdwAAAAAAAAAAAAAAQAAAQ.jpg,0,56,80
A_e6DJRYXhaSoAAAAAAAAAAAAAAQAAAQ.jpg,A_-6tiTb6_VSoAAAAAAAAAAAAAAQAAAQ.jpg,0,193,34
A_Zt9yT7lqoQMAAAAAAAAAAAAAAQAAAQ.jpg,A_WNgORoRRamAAAAAAAAAAAAAAAQAAAQ.jpg,0,47,141
A_8PPFSJLo4y0AAAAAAAAAAAAAAQAAAQ.jpg,A_gOJ8T7kQaDgAAAAAAAAAAAAAAQAAAQ.jpg,0,249,3
A_5GYYRZ6SqLkAAAAAAAAAAAAAAQAAAQ.jpg,A_qiavTY4V5OwAAAAAAAAAAAAAAQAAAQ.jpg,0,270,45
A_8P78SYHj8vsAAAAAAAAAAAAAAQAAAQ.jpg,A_Tt6HTJdxA1kAAAAAAAAAAAAAAQAAAQ.jpg,0,312,19
A_VSHyQ5E3b6kAAAAAAAAAAAAAAQAAAQ.jpg,A_JKoXS5qMLWXZM1xIuGy1bAAAAQAAAQ.jpg,0,8,148
A_6tRLRIMlZcAAAAAAAAAAAAAAAQAAAQ.jpg,A_3R5AT4k8aW0AAAAAAAAAAAAAAQAAAQ.jpg,0,119,59
A_ymJiRJSSrC0AAAAAAAAAAAAAAQAAAQ.jpg,A_DkWtQphhpucAAAAAAAAAAAAAAQAAAQ.jpg,0,12,195
A_LRDNQb_6khoAAAAAAAAAAAAAAQAAAQ.jpg,A_Zan-RbGxxB0AAAAAAAAAAAAAAQAAAQ.jpg,0,342,36
A_NJrCQ405yccAAAAAAAAAAAAAAQAAAQ.jpg,A_oZO5TK174JsAAAAAAAAAAAAAAQAAAQ.jpg,0,100,184
Nr4fpTnSRWGdwsellE27SQAAACMAARAD.jpg,A_MtxfT4wtikgAAAAAAAAAAAAAAQAAAQ.jpg,0,71,286
A_8MxtS7nrx5oAAAAAAAAAAAAAAQAAAQ.jpg,A_0GHaQ5v1mnFBBtxPokPDawAAAQAAAQ.jpg,0,53,64
A_zKdmS4FZbfkAAAAAAAAAAAAAAQAAAQ.jpg,A_WRZPRYHu6xsAAAAAAAAAAAAAAQAAAQ.jpg,0,234,106
A_ivfcQaWsgdsAAAAAAAAAAAAAAQAAAQ.jpg,A_YzaKT4AwIvIAAAAAAAAAAAAAAQAAAQ.jpg,0,296,26
A_gGmBSI0ev4IAAAAAAAAAAAAAAQAAAQ.jpg,A_zRxmTpGb1kMAAAAAAAAAAAAAAQAAAQ.jpg,0,82,183
A_OqmKRqgaZiAAAAAAAAAAAAAAAQAAAQ.jpg,A_ArkTQ6Dnr04AAAAAAAAAAAAAAQAAAQ.jpg,0,193,81
A_bLPoRob0He8AAAAAAAAAAAAAAQAAAQ.jpg,A_aOn9RpOdtFIAAAAAAAAAAAAAAQAAAQ.jpg,0,319,172
A_uskbRJwK4XwAAAAAAAAAAAAAAQAAAQ.jpg,A_TcbgToJZ2O0AAAAAAAAAAAAAAQAAAQ.jpg,0,154,213
A_m-aWTY3Ot-AAAAAAAAAAAAAAAQAAAQ.jpg,A_izLaT4q7z-8AAAAAAAAAAAAAAQAAAQ.jpg,0,26,160
A_pICTQLbIAwkAAAAAAAAAAAAAAQAAAQ.jpg,A_LQIQSpDZ01wAAAAAAAAAAAAAAQAAAQ.jpg,0,89,91
O1CN01i3vtpY1iOA4ELUKNq_!!0-mtopupload.jpg,A_JzxkRq5CL7UKXIZGrRlzfQAAAQAAAQ.jpg,0,22,216
A_gCrJTKWF4KgAAAAAAAAAAAAAAQAAAQ.jpg,A_b1QxQpUO7yYAAAAAAAAAAAAAAQAAAQ.jpg,0,117,322
A_u4OeSpbepPAAAAAAAAAAAAAAAQAAAQ.jpg,A_CSAAQqCz9coAAAAAAAAAAAAAAQAAAQ.jpg,0,50,117
A_JFQFRqCRuouu-ldCkHSAIAAAAQAAAQ.jpg,A_gBw2Q6_QWsUAAAAAAAAAAAAAAQAAAQ.jpg,0,68,1
A_AZo8QKwUkYAAAAAAAAAAAAAAAQAAAQ.jpg,A_r0rxRqzUNowAAAAAAAAAAAAAAQAAAQ.jpg,0,263,241
A_c8JATZGzi1cAAAAAAAAAAAAAAQAAAQ.jpg,A_S11EQYn7Fj8AAAAAAAAAAAAAAQAAAQ.jpg,0,156,224
A_SB5pT6dIdz0AAAAAAAAAAAAAAQAAAQ.jpg,A_y6cGQZTV6wkAAAAAAAAAAAAAAQAAAQ.jpg,0,197,329
A_C1q8QJNLNrEAAAAAAAAAAAAAAQAAAQ.jpg,4mdzWDyRQ82GuQWRmzSQBQAAACMAARAD.jpg,0,336,186
A_higyRahZ3-cAAAAAAAAAAAAAAQAAAQ.jpg,A_KtrxQJE_sIMAAAAAAAAAAAAAAQAAAQ.jpg,0,266,33
A_GKxxTacH56QAAAAAAAAAAAAAAQAAAQ.jpg,A_eQMGQYpNRSIAAAAAAAAAAAAAAQAAAQ.jpg,0,21,41
A_aDKBQ7mM76cAAAAAAAAAAAAAAQAAAQ.jpg,A__LYISrzZ_GIAAAAAAAAAAAAAAQAAAQ.jpg,0,256,287
A_mbl_QJe6wqwAAAAAAAAAAAAAAQAAAQ.jpg,A_cexvRK__-1MAAAAAAAAAAAAAAQAAAQ.jpg,0,168,204
A_BozJTaHtlVkAAAAAAAAAAAAAAQAAAQ.jpg,A_e3GqTpb-UCYAAAAAAAAAAAAAAQAAAQ.jpg,0,173,95
A_y8iFSJzwNJ4AAAAAAAAAAAAAAQAAAQ.jpg,A_qltmS7ZNsLUAAAAAAAAAAAAAAQAAAQ.jpg,0,272,91
A_cFBbQb-i068AAAAAAAAAAAAAAQAAAQ.jpg,A_EgytQoIRmCEAAAAAAAAAAAAAAQAAAQ.jpg,0,16,343
A_qQf9R5n-NaYAAAAAAAAAAAAAAQAAAQ.jpg,A_kEkzS6WBDdQAAAAAAAAAAAAAAQAAAQ.jpg,0,10,156
A_dIlQSIobnFAAAAAAAAAAAAAAAQAAAQ.jpg,A_13kDRrNTRTIAAAAAAAAAAAAAAQAAAQ.jpg,0,45,250
2iEC5ZrsSa2JpfKnTQbADQAAACMAARAD.jpg,A__sCTTLlfQsMAAAAAAAAAAAAAAQAAAQ.jpg,0,6,158
A_Xrx1SIEgz8YAAAAAAAAAAAAAAQAAAQ.jpg,jjWLPK10Q3S11BG3fnopQgAAACMAARAD.jpg,0,206,188
A_2FZXTozgPmkAAAAAAAAAAAAAAQAAAQ.jpg,A_D9w_QbDG9s4AAAAAAAAAAAAAAQAAAQ.jpg,0,305,26
A_ZT5FQpIeXlQAAAAAAAAAAAAAAQAAAQ.jpg,A_cG_XSostq6UAAAAAAAAAAAAAAQAAAQ.jpg,0,290,255
A_j3DbSYcsPaAAAAAAAAAAAAAAAQAAAQ.jpg,A_o-mERLc_dPYAAAAAAAAAAAAAAQAAAQ.jpg,0,114,300
A_HrtOQaj2IdIAAAAAAAAAAAAAAQAAAQ.jpg,A_ycyzRpZPTpUAAAAAAAAAAAAAAQAAAQ.jpg,0,266,245
A_fJ6qQJnwL64AAAAAAAAAAAAAAQAAAQ.jpg,A_4lT3QpjRRVEAAAAAAAAAAAAAAQAAAQ.jpg,0,305,258
HekMXIAUTl2HXeAFu4VTAgAAACMAARAD.jpg,A_3BuiQbibhO8AAAAAAAAAAAAAAQAAAQ.jpg,0,164,9
A_cwDhQLizVhEAAAAAAAAAAAAAAQAAAQ.jpg,A_P2osQYmaO-sAAAAAAAAAAAAAAQAAAQ.jpg,0,159,265
A_FjITQKM8yiQAAAAAAAAAAAAAAQAAAQ.jpg,A_wlP4RZZzpEgAAAAAAAAAAAAAAQAAAQ.jpg,0,210,3
A_S11EQYn7Fj8AAAAAAAAAAAAAAQAAAQ.jpg,A_0MTNRpRpwNIAAAAAAAAAAAAAAQAAAQ.jpg,0,224,36
A_qK0OTL76_bMAAAAAAAAAAAAAAQAAAQ.jpg,A_h-8AQKUCJ6wAAAAAAAAAAAAAAQAAAQ.jpg,0,21,257
A_5_qBQLdMUykAAAAAAAAAAAAAAQAAAQ.jpg,A_k6J1RpHE-uEAAAAAAAAAAAAAAQAAAQ.jpg,0,105,131
A_TwpZTY7QUIUAAAAAAAAAAAAAAQAAAQ.jpg,FqQ7Yv3sQqamD1XqNUNQeQAAACMAARAD.jpg,0,91,164
A_CnahQLiQvNQAAAAAAAAAAAAAAQAAAQ.jpg,A_DYI0S469juQAAAAAAAAAAAAAAQAAAQ.jpg,0,51,223
7B--srC_TKKKH1ccdVhHJQAAACMAARAD.jpg,A_HTNURIoNl30AAAAAAAAAAAAAAQAAAQ.jpg,0,6,31
A_zkBxSpasz7MAAAAAAAAAAAAAAQAAAQ.jpg,A_7kJbS6bLFokAAAAAAAAAAAAAAQAAAQ.jpg,0,73,205
A_ZLO-T6B44-QAAAAAAAAAAAAAAQAAAQ.jpg,A_JKoXS5qMLWUAAAAAAAAAAAAAAQAAAQ.jpg,0,138,148
ZyHG3kTpSISXJaNBidsZFQAAACMAARAD.jpg,A_dej1SoczgZ0AAAAAAAAAAAAAAQAAAQ.jpg,0,238,43
NEaQDqOzRj2kGdWgt4KrigAAACMAARAD.jpg,A__OQTR7tlKikAAAAAAAAAAAAAAQAAAQ.jpg,0,209,215
A_reG_T7bejwwAAAAAAAAAAAAAAQAAAQ.jpg,A_NloJTpjGmzjncmZIj3dViAAAAQAAAQ.jpg,0,304,62
A_IfS8TqroUEgAAAAAAAAAAAAAAQAAAQ.jpg,A_OtRZSqObW10AAAAAAAAAAAAAAQAAAQ.jpg,0,131,115
A_u5XySKZ9cywAAAAAAAAAAAAAAQAAAQ.jpg,A__53oQqKI9vwAAAAAAAAAAAAAAQAAAQ.jpg,0,274,340
A_lzVvRL-LTpYAAAAAAAAAAAAAAQAAAQ.jpg,A_Gr90SJv0YeoAAAAAAAAAAAAAAQAAAQ.jpg,0,225,161
A_8U4ITbf42r4AAAAAAAAAAAAAAQAAAQ.jpg,A_c7PhTYy24i4AAAAAAAAAAAAAAQAAAQ.jpg,0,34,137
A_Uga7SbOpyY0AAAAAAAAAAAAAAQAAAQ.jpg,A_ByB_RpYeWmsAAAAAAAAAAAAAAQAAAQ.jpg,0,69,232
A__xmgSopzWN8AAAAAAAAAAAAAAQAAAQ.jpg,A_V4M-S5Mt__QAAAAAAAAAAAAAAQAAAQ.jpg,0,253,191
A_P5EBT4AQhZcAAAAAAAAAAAAAAQAAAQ.jpg,A_SsVBRJzukC8AAAAAAAAAAAAAAQAAAQ.jpg,0,289,308
A_-HPcQKsgKR8AAAAAAAAAAAAAAQAAAQ.jpg,spShQhU4QW2E7C_-GrtwBwAAACMAARAD.jpg,0,96,72
A_60h2TaONPo8AAAAAAAAAAAAAAQAAAQ.jpg,A_6rXsToXOMygAAAAAAAAAAAAAAQAAAQ.jpg,0,37,290
A_kRgtTKT8j2YAAAAAAAAAAAAAAQAAAQ.jpg,yzkrh0IDQUS0CKZZtweE0gAAACMAARAD.jpg,0,261,99
A_YfwbQJ4I5K8AAAAAAAAAAAAAAQAAAQ.jpg,A_ZytaRL6DIcQAAAAAAAAAAAAAAQAAAQ.jpg,0,311,138
A_SBeaQLvJMpwAAAAAAAAAAAAAAQAAAQ.jpg,A_lv0eRrxAXNwAAAAAAAAAAAAAAQAAAQ.jpg,0,225,193
A_hZtcTJN4JNsAAAAAAAAAAAAAAQAAAQ.jpg,A__xmgSopzWN8AAAAAAAAAAAAAAQAAAQ.jpg,0,271,253
A_8U4ITbf42r4AAAAAAAAAAAAAAQAAAQ.jpg,A_guRwTo_PyEAAAAAAAAAAAAAAAQAAAQ.jpg,0,34,185
A_Uga7SbOpyY0AAAAAAAAAAAAAAQAAAQ.jpg,ZHZk4AZQS--WR22W_HmhtwAAACMAARAD.jpg,0,69,109
8QdADX6zQ3mS9dmE-VCOBgAAACMAARAD.jpg,A_wcRmTIDKqJAAAAAAAAAAAAAAAQAAAQ.jpg,0,129,240
A_bBofSp4thsQAAAAAAAAAAAAAAQAAAQ.jpg,A_4lT3QpjRRVEAAAAAAAAAAAAAAQAAAQ.jpg,0,45,258
A_zXH8RZzfr1cAAAAAAAAAAAAAAQAAAQ.jpg,A_sQf-QYhSGZIAAAAAAAAAAAAAAQAAAQ.jpg,0,196,52
A_c7PhTYy24i4AAAAAAAAAAAAAAQAAAQ.jpg,A_I-uhS4pzzngAAAAAAAAAAAAAAQAAAQ.jpg,0,137,260
lYGQmBMSTy-dsdIl44yVLQAAACMAARAD.jpg,A_7uWzQaplAc4AAAAAAAAAAAAAAQAAAQ.jpg,0,109,260
A_76m-RZH9-rYAAAAAAAAAAAAAAQAAAQ.jpg,A_Sgy4Q5WINnoAAAAAAAAAAAAAAQAAAQ.jpg,0,239,157
A_Sh8kTJUrbZoAAAAAAAAAAAAAAQAAAQ.jpg,A_4dqvS7ABM9IAAAAAAAAAAAAAAQAAAQ.jpg,0,308,160
tJDuEYiaTTSKF7b-QNnRbgAAACMAARAD.jpg,A_XSjzR59VqvHRlAVGm_RBAAAAAQAAAQ.jpg,0,107,144
A_b-wTSqGrNAEAAAAAAAAAAAAAAQAAAQ.jpg,A_cXEhQ5lI-kAAAAAAAAAAAAAAAQAAAQ.jpg,0,149,154
bMTOZCIyTXCpPa4ub3bHTQAAACMAARAD.jpg,A_PFW9QJAztYYAAAAAAAAAAAAAAQAAAQ.jpg,0,72,84
A_LsbQTaqu05YAAAAAAAAAAAAAAQAAAQ.jpg,A_g9o_RrSonkcAAAAAAAAAAAAAAQAAAQ.jpg,0,146,25
A_zR9xTI8bns0AAAAAAAAAAAAAAQAAAQ.jpg,A_fR9dQ5HrbU4AAAAAAAAAAAAAAQAAAQ.jpg,0,168,18
A_8F6fTqWbVLkAAAAAAAAAAAAAAQAAAQ.jpg,A_f8MgS5sAGg0AAAAAAAAAAAAAAQAAAQ.jpg,0,247,93
A_mbl_QJe6wqwAAAAAAAAAAAAAAQAAAQ.jpg,8BujMxsVRvWOAhf1DW4HXgAAACMAARAD.jpg,0,168,348
A_x8o-SK34p18AAAAAAAAAAAAAAQAAAQ.jpg,A_J1qLRIBVPRwAAAAAAAAAAAAAAQAAAQ.jpg,0,222,151
A_-zpLRbA5T7QAAAAAAAAAAAAAAQAAAQ.jpg,A_WBiBQpmmEtAAAAAAAAAAAAAAAQAAAQ.jpg,0,126,50
A_sEMKS4Zum5UAAAAAAAAAAAAAAQAAAQ.jpg,A_XTPLTJ9RiO4AAAAAAAAAAAAAAQAAAQ.jpg,0,273,325
A_wEzeR4yAYOUAAAAAAAAAAAAAAQAAAQ.jpg,A_F67BSool6_AAAAAAAAAAAAAAAQAAAQ.jpg,0,117,92
A_qwMrRIrUjOkAAAAAAAAAAAAAAQAAAQ.jpg,A_FbS7RJkTRPMAAAAAAAAAAAAAAQAAAQ.jpg,0,100,99
A_HlrvTLj4tU8AAAAAAAAAAAAAAQAAAQ.jpg,zGfOrLgJRWq4z48tv9EHeQAAACMAARAD.jpg,0,289,155
A_k6FNQbcqp4YAAAAAAAAAAAAAAQAAAQ.jpg,pJMeyxnvRPOCrS-s9zDN6AAAACMAARAD.jpg,0,143,323
A_Er7KSKT6V0IAAAAAAAAAAAAAAQAAAQ.jpg,A_rqlSTbb2yeIAAAAAAAAAAAAAAQAAAQ.jpg,0,88,25
A_aYeATJcaX1MAAAAAAAAAAAAAAQAAAQ.jpg,A_aDKBQ7mM76cAAAAAAAAAAAAAAQAAAQ.jpg,0,249,256
A_3bzNSLXJbYMAAAAAAAAAAAAAAQAAAQ.jpg,A_peVaRKhGG6EAAAAAAAAAAAAAAQAAAQ.jpg,0,324,338
A_KKQgQ7mQpz4AAAAAAAAAAAAAAQAAAQ.jpg,A_CoL5S4nhAgMAAAAAAAAAAAAAAQAAAQ.jpg,0,7,143
A_4UKXTpg0lCgAAAAAAAAAAAAAAQAAAQ.jpg,A_lYW0R4XDx60AAAAAAAAAAAAAAQAAAQ.jpg,0,180,280
A_-pSrT6xClQcAAAAAAAAAAAAAAQAAAQ.jpg,spShQhU4QW2E7C_-GrtwBwAAACMAARAD.jpg,0,97,72
A__DuWR5Z1Kp8AAAAAAAAAAAAAAQAAAQ.jpg,zGfOrLgJRWq4z48tv9EHeQAAACMAARAD.jpg,0,50,155
K36qV-IBRmOVon1zVvZi5gAAACMAARAD.jpg,A_dNP4R4O9ASkAAAAAAAAAAAAAAQAAAQ.jpg,0,321,257
A_FgqDQY4q28cAAAAAAAAAAAAAAQAAAQ.jpg,A_8F6fTqWbVLkAAAAAAAAAAAAAAQAAAQ.jpg,0,104,247
A_hmzySYUBMZIAAAAAAAAAAAAAAQAAAQ.jpg,A_tB9JQ6SKjKYAAAAAAAAAAAAAAQAAAQ.jpg,0,38,201
A_9ewsTpupch0AAAAAAAAAAAAAAQAAAQ.jpg,4AGq8NKSRuOp1uokfOiJnwAAACMAARAD.jpg,0,237,52
A_v2AMTqrkHXgAAAAAAAAAAAAAAQAAAQ.jpg,A_p1EvTo6QQ7MAAAAAAAAAAAAAAQAAAQ.jpg,0,163,146
A_QQBWQ5OgNqcAAAAAAAAAAAAAAQAAAQ.jpg,A_DLIAQKcBAyYAAAAAAAAAAAAAAQAAAQ.jpg,0,318,244
A_Urt9TpyTclsAAAAAAAAAAAAAAQAAAQ.jpg,A_pNVfTIS6svkAAAAAAAAAAAAAAQAAAQ.jpg,0,37,293
A_cFBbQb-i068AAAAAAAAAAAAAAQAAAQ.jpg,A_V_QRSLt5ASoAAAAAAAAAAAAAAQAAAQ.jpg,0,16,93
A_Q6HgTaP6E2QAAAAAAAAAAAAAAQAAAQ.jpg,A_g9LKSo8QMHwAAAAAAAAAAAAAAQAAAQ.jpg,0,179,173
A_4gn2Q6opsTUAAAAAAAAAAAAAAQAAAQ.jpg,46wgkuZZT6eVVCnVPQgrpgAAACMAARAD.jpg,0,317,327
uwbM_KZaT4WXCQZJ66Ib_QAAACMAARAD.jpg,A_6nznR7Ek9MQAAAAAAAAAAAAAAQAAAQ.jpg,0,192,349
A_EVAPRrwpj30AAAAAAAAAAAAAAQAAAQ.jpg,A_4mW0Q5rIZpgAAAAAAAAAAAAAAQAAAQ.jpg,0,46,162
A_8SymQq9cMdAAAAAAAAAAAAAAAQAAAQ.jpg,A_tTIcQp5givIAAAAAAAAAAAAAAQAAAQ.jpg,0,283,5
A_Jz60TodhpGjXzl5IpWUeAQAAAQAAAQ.jpg,A_BTUkT4Eo6pQAAAAAAAAAAAAAAQAAAQ.jpg,0,99,266
A_B70bT5SypHUAAAAAAAAAAAAAAQAAAQ.jpg,A_JKoXS5qMLWUAAAAAAAAAAAAAAQAAAQ.jpg,0,55,148
A_hs3nRoC1zt8AAAAAAAAAAAAAAQAAAQ.jpg,ORZnfTwMTGmDKW-_9Zm_cAAAACMAARAD.jpg,0,28,348
A_gnzFTrJMNnQAAAAAAAAAAAAAAQAAAQ.jpg,A_3C7oQa_cOiMAAAAAAAAAAAAAAQAAAQ.jpg,0,232,330
A_pWOlQZby4GYAAAAAAAAAAAAAAQAAAQ.jpg,A_HCX2Trvkdz8AAAAAAAAAAAAAAQAAAQ.jpg,0,121,103
A_JhozTLdUXBAAAAAAAAAAAAAAAQAAAQ.jpg,HqCc8PT8QMalF5QdbcP9UwAAACMAARAD.jpg,0,238,107
A_Fz8gR48e7YwAAAAAAAAAAAAAAQAAAQ.jpg,A_6BoNTIj6Zn8AAAAAAAAAAAAAAQAAAQ.jpg,0,182,126
gioGl7mwSCab39gMX8ARnAAAACMAARAD.jpg,A_5z1SRIthrRMAAAAAAAAAAAAAAQAAAQ.jpg,0,177,176
A_FTXOTL2SfYwAAAAAAAAAAAAAAQAAAQ.jpg,A_50hVQpJOh38AAAAAAAAAAAAAAQAAAQ.jpg,0,293,333
A_s_pGQJkJX7cAAAAAAAAAAAAAAQAAAQ.jpg,A_6XZZT6vaEZ4AAAAAAAAAAAAAAQAAAQ.jpg,0,324,294
A_GtpMTbLtVR4AAAAAAAAAAAAAAQAAAQ.jpg,A_3sPRTprtYa8AAAAAAAAAAAAAAQAAAQ.jpg,0,319,66
A_OXKzSYUtbyoAAAAAAAAAAAAAAQAAAQ.jpg,HO658TQUQEWkFzwQclWO6QAAACMAARAD.jpg,0,33,316
A_05zKQb6bySIAAAAAAAAAAAAAAQAAAQ.jpg,A_CosPQIcz5XEAAAAAAAAAAAAAAQAAAQ.jpg,0,216,48
A_bRXsTaHKnjsAAAAAAAAAAAAAAQAAAQ.jpg,A_MOgETIoFAqQAAAAAAAAAAAAAAQAAAQ.jpg,0,92,181
A_FEs-Ro6DnjoAAAAAAAAAAAAAAQAAAQ.jpg,A_xVWGSYgcMQkAAAAAAAAAAAAAAQAAAQ.jpg,0,267,206
A_plIEQ4aQaFEAAAAAAAAAAAAAAQAAAQ.jpg,A_dKLgQptthFkAAAAAAAAAAAAAAQAAAQ.jpg,0,349,55
A_DLIAQKcBAyYAAAAAAAAAAAAAAQAAAQ.jpg,A_ewXCQJhfsF0AAAAAAAAAAAAAAQAAAQ.jpg,0,244,170
A_7z2dSpjqRhsAAAAAAAAAAAAAAQAAAQ.jpg,A_qcBWSoqyLrEAAAAAAAAAAAAAAQAAAQ.jpg,0,302,344
A_y4kFR5GWHFQAAAAAAAAAAAAAAQAAAQ.jpg,A_IeYBSaupD3QAAAAAAAAAAAAAAQAAAQ.jpg,0,218,75
A_9AyaT5Y4vaoAAAAAAAAAAAAAAQAAAQ.jpg,A_jcJHTp85KP3Y3pFEtvZWcAAAAQAAAQ.jpg,0,200,64
A_jlGaToiTR1cAAAAAAAAAAAAAAQAAAQ.jpg,A_Nt0WS7-bibUAAAAAAAAAAAAAAQAAAQ.jpg,0,298,278
A_bviuQLcssIIAAAAAAAAAAAAAAQAAAQ.jpg,A_uOCiT40f578AAAAAAAAAAAAAAQAAAQ.jpg,0,75,347
A_UKkIRaJ9WRsAAAAAAAAAAAAAAQAAAQ.jpg,A_Uh4ZRZjAbOAAAAAAAAAAAAAAAQAAAQ.jpg,0,277,52
A_pUauTrONA4lSN5NPuoRqAAAAAQAAAQ.jpg,A_IdUASo3kSSUAAAAAAAAAAAAAAQAAAQ.jpg,0,318,248
A_phjfSK7C04wAAAAAAAAAAAAAAQAAAQ.jpg,A_qi_5T4aATlcAAAAAAAAAAAAAAQAAAQ.jpg,0,145,261
A_lUxgRJaTT48AAAAAAAAAAAAAAQAAAQ.jpg,A_lzVvRL-LTpYAAAAAAAAAAAAAAQAAAQ.jpg,0,55,225
A_lv0eRrxAXNwAAAAAAAAAAAAAAQAAAQ.jpg,A_M6rDSaJqguwAAAAAAAAAAAAAAQAAAQ.jpg,0,193,25
A_5aAtRZYw7_wAAAAAAAAAAAAAAQAAAQ.jpg,A_bgtWT6j_LKkAAAAAAAAAAAAAAQAAAQ.jpg,0,51,79
A_HeLsQKQMu50AAAAAAAAAAAAAAQAAAQ.jpg,A_sjosRJ0wPVkAAAAAAAAAAAAAAQAAAQ.jpg,0,43,179
A_7YkuQ4_prsMAAAAAAAAAAAAAAQAAAQ.jpg,A_lUxgRJaTT48AAAAAAAAAAAAAAQAAAQ.jpg,0,117,55
A_K4WSQ7vM7ccAAAAAAAAAAAAAAQAAAQ.jpg,A_P_orQb_1tnYAAAAAAAAAAAAAAQAAAQ.jpg,0,265,269
A_MkJtQKVpPRIAAAAAAAAAAAAAAQAAAQ.jpg,qgavx9MpTKmRS4fnYbYGyQAAACMAARAD.jpg,0,232,72
A_iHzcS4F1IysAAAAAAAAAAAAAAQAAAQ.jpg,ee9SWo2zTeyS2Xh3WfHGaQAAACMAARAD.jpg,0,116,155
A_y4kFR5GWHFQAAAAAAAAAAAAAAQAAAQ.jpg,A_Hu1zSa0hFcdm4cpMozBtlgAAAQAAAQ.jpg,0,218,187
A_lUxgRJaTT48AAAAAAAAAAAAAAQAAAQ.jpg,uxwfx91iR5GKZanJd9Z42wAAACMAARAD.jpg,0,55,174
A_nZIFTqwyAG0AAAAAAAAAAAAAAQAAAQ.jpg,A_SB5pT6dIdz0AAAAAAAAAAAAAAQAAAQ.jpg,0,341,197
A_S4LDTLYmuK0AAAAAAAAAAAAAAQAAAQ.jpg,A_XTPLTJ9RiO4AAAAAAAAAAAAAAQAAAQ.jpg,0,36,325
A_mVW5RI4asboAAAAAAAAAAAAAAQAAAQ.jpg,A_NDzHTLNzG5MAAAAAAAAAAAAAAQAAAQ.jpg,0,255,235
A__ufMSoUmcLcAAAAAAAAAAAAAAQAAAQ.jpg,A_O-HYQbAzM04AAAAAAAAAAAAAAQAAAQ.jpg,0,163,61
A_w7bqQ6XbEQoAAAAAAAAAAAAAAQAAAQ.jpg,A_rmRYSoi_81sAAAAAAAAAAAAAAQAAAQ.jpg,0,293,218
A_rXoUTpGp2akAAAAAAAAAAAAAAQAAAQ.jpg,A_OrR4RrU6OP0AAAAAAAAAAAAAAQAAAQ.jpg,0,249,212
A_GN8FS4YXEKMAAAAAAAAAAAAAAQAAAQ.jpg,A_YrcgQoK0NyIAAAAAAAAAAAAAAQAAAQ.jpg,0,82,215
A_uJmSS6jwC_EAAAAAAAAAAAAAAQAAAQ.jpg,A_2wBqTpzmeL3VldlEs7raLQAAAQAAAQ.jpg,0,151,49
A_WbF9SqahUZUAAAAAAAAAAAAAAQAAAQ.jpg,A_Z4zcS4aqMeIAAAAAAAAAAAAAAQAAAQ.jpg,0,268,253
A_wivkSpYnjv0AAAAAAAAAAAAAAQAAAQ.jpg,A_f93rT43JBg0AAAAAAAAAAAAAAQAAAQ.jpg,0,101,102
A_qA51SrJMwRIAAAAAAAAAAAAAAQAAAQ.jpg,A_TETcSo4ZDCgAAAAAAAAAAAAAAQAAAQ.jpg,0,222,205
A_f0N3RpGHGX4AAAAAAAAAAAAAAQAAAQ.jpg,A_jDBmTIN3O1EAAAAAAAAAAAAAAQAAAQ.jpg,0,73,133
A_rqlSTbb2yeIAAAAAAAAAAAAAAQAAAQ.jpg,A_guRwTo_PyEAAAAAAAAAAAAAAAQAAAQ.jpg,0,25,185
A_OqmKRqgaZiAAAAAAAAAAAAAAAQAAAQ.jpg,A_qbU3SpMKod4AAAAAAAAAAAAAAQAAAQ.jpg,0,193,240
A_hYZoTq_XxmAAAAAAAAAAAAAAAQAAAQ.jpg,A_biEZSZF2Fp0AAAAAAAAAAAAAAQAAAQ.jpg,0,331,115
A_OdypSY5DoYwAAAAAAAAAAAAAAQAAAQ.jpg,A_hmzySYUBMZIAAAAAAAAAAAAAAQAAAQ.jpg,0,298,38
A_jReTTbRAdgMAAAAAAAAAAAAAAQAAAQ.jpg,A__pBPR5UaDJ8AAAAAAAAAAAAAAQAAAQ.jpg,0,332,229
A_2wBqTpzmeL3VldlEs7raLQAAAQAAAQ.jpg,A_XMPcQI5Fqs0AAAAAAAAAAAAAAQAAAQ.jpg,0,49,159
A_ds1XTZvQ5xIAAAAAAAAAAAAAAQAAAQ.jpg,A_OeVhQYZQBVoAAAAAAAAAAAAAAQAAAQ.jpg,0,242,157
A_8hQJTq1WHRsAAAAAAAAAAAAAAQAAAQ.jpg,A_OStdQqQjUL8AAAAAAAAAAAAAAQAAAQ.jpg,0,51,210
A_C1q8QJNLNrEAAAAAAAAAAAAAAQAAAQ.jpg,A__OfaT7yTwxUAAAAAAAAAAAAAAQAAAQ.jpg,0,336,273
A_CKxEQpBINjYAAAAAAAAAAAAAAQAAAQ.jpg,A_Hd0LRLVyFxQAAAAAAAAAAAAAAQAAAQ.jpg,0,43,213
A_Q6HgTaP6E2QAAAAAAAAAAAAAAQAAAQ.jpg,A_AoHdR7FLKwgAAAAAAAAAAAAAAQAAAQ.jpg,0,179,178
W2GbcBOXQ8S9PGJqLQppPQAAACMAARED.jpg,A_1KykSqIp3y0AAAAAAAAAAAAAAQAAAQ.jpg,0,209,133
A_wOfbQoNWSAQAAAAAAAAAAAAAAQAAAQ.jpg,A_48nEQqmxm1UAAAAAAAAAAAAAAQAAAQ.jpg,0,2,292
A_7_k1RLN9nvMAAAAAAAAAAAAAAQAAAQ.jpg,A_QXekTrSGlYAAAAAAAAAAAAAAAQAAAQ.jpg,0,254,58
A_StnfT7ASR9gAAAAAAAAAAAAAAQAAAQ.jpg,A_T4bSRYC3eRoAAAAAAAAAAAAAAQAAAQ.jpg,0,113,104
A_akXfRKCJyToAAAAAAAAAAAAAAQAAAQ.jpg,A_2V9eS67BcuUAAAAAAAAAAAAAAQAAAQ.jpg,0,13,238
A_CMybSaizJokAAAAAAAAAAAAAAQAAAQ.jpg,A_z9eNSqTAEzAAAAAAAAAAAAAAAQAAAQ.jpg,0,66,24
A_9SFeTb8NkdwAAAAAAAAAAAAAAQAAAQ.jpg,A_FhdITbO2NLEAAAAAAAAAAAAAAQAAAQ.jpg,0,80,102
A_UbkTQI6a8oMAAAAAAAAAAAAAAQAAAQ.jpg,A_RzqRQprkIBoAAAAAAAAAAAAAAQAAAQ.jpg,0,61,44
A_CJEPQZwY7_IAAAAAAAAAAAAAAQAAAQ.jpg,M00cOfTlQD-7SbSDoVEZiwAAACMAARAD.jpg,0,191,323
spShQhU4QW2E7C_-GrtwBwAAACMAARAD.jpg,A_2oJSS7TmnnsAAAAAAAAAAAAAAQAAAQ.jpg,0,72,329
A_Q0c_QIvmCAoAAAAAAAAAAAAAAQAAAQ.jpg,A_Rww6Rra53Y8AAAAAAAAAAAAAAQAAAQ.jpg,0,118,153
A_y6cGQZTV6wkAAAAAAAAAAAAAAQAAAQ.jpg,A_8gUmSoxIHOIAAAAAAAAAAAAAAQAAAQ.jpg,0,329,65
xEkROLFrT8eZz88qyGMUDgAAACMAARAD.jpg,XX6adT1pTv6LJ-Njrj_c1wAAACMAARAD.jpg,0,327,219
5xr55tW6SGCb4W78k-0IXwAAACMAARAD.jpg,A_ul0zRLO4ulQAAAAAAAAAAAAAAQAAAQ.jpg,0,211,74
A_QQI2TrP_nAAAAAAAAAAAAAAAAQAAAQ.jpg,A_EVAPRrwpj30AAAAAAAAAAAAAAQAAAQ.jpg,0,199,46
A_YQOgTaaY1XgAAAAAAAAAAAAAAQAAAQ.jpg,A_-XUaRqtBWX4AAAAAAAAAAAAAAQAAAQ.jpg,0,60,159
VExaZWAxSUuI3YKpQvrnIgAAACMAARAD.jpg,A_UXmITL-h8LMAAAAAAAAAAAAAAQAAAQ.jpg,0,190,140
A_BP63Qp6wXyUAAAAAAAAAAAAAAQAAAQ.jpg,A_7kJbS6bLFokAAAAAAAAAAAAAAQAAAQ.jpg,0,178,205
A_qQf9R5n-NaZuA4BJgsZMVwAAAQAAAQ.jpg,A_JJxfRa1-EmUAAAAAAAAAAAAAAQAAAQ.jpg,0,10,74
A_SsVBRJzukC8AAAAAAAAAAAAAAQAAAQ.jpg,A_XM12Tbb-EPQAAAAAAAAAAAAAAQAAAQ.jpg,0,308,78
A_9FlLRZb9wXUAAAAAAAAAAAAAAQAAAQ.jpg,A_UIM0T5DUSJMAAAAAAAAAAAAAAQAAAQ.jpg,0,49,24
A_xev2QKoaebgAAAAAAAAAAAAAAQAAAQ.jpg,A_41GqSJs5RO4AAAAAAAAAAAAAAQAAAQ.jpg,0,112,265
A_dQdlSJStdV8AAAAAAAAAAAAAAQAAAQ.jpg,A_y3o0T5zshLsAAAAAAAAAAAAAAQAAAQ.jpg,0,292,152
A_waonRYbJYOwAAAAAAAAAAAAAAQAAAQ.jpg,A_Ez49RbdLdmcAAAAAAAAAAAAAAQAAAQ.jpg,0,194,287
A_wPnAQIK6lFQAAAAAAAAAAAAAAQAAAQ.jpg,A_wMMDQIdbntYAAAAAAAAAAAAAAQAAAQ.jpg,0,84,63
A_IMTVR4woMBkAAAAAAAAAAAAAAQAAAQ.jpg,A_NuL2TKMEwowAAAAAAAAAAAAAAQAAAQ.jpg,0,60,265
A_StnfT7ASR9gAAAAAAAAAAAAAAQAAAQ.jpg,A_rZCET7Bcu5YAAAAAAAAAAAAAAQAAAQ.jpg,0,113,143
A_9maORbkQQNoAAAAAAAAAAAAAAQAAAQ.jpg,yUud5fmzR3q6UJMUV6hLQwAAACMAARAD.jpg,0,62,306
A_4vgZSoQuhPgAAAAAAAAAAAAAAQAAAQ.jpg,A_6xKYQ5BLeRAAAAAAAAAAAAAAAQAAAQ.jpg,0,294,80
ee9SWo2zTeyS2Xh3WfHGaQAAACMAARAD.jpg,A_NnDDQ68F5F8AAAAAAAAAAAAAAQAAAQ.jpg,0,155,146
A_cKM9Tog7d3gAAAAAAAAAAAAAAQAAAQ.jpg,A_rZCET7Bcu5YAAAAAAAAAAAAAAQAAAQ.jpg,0,152,143
A_NloJTpjGmzjncmZIj3dViAAAAQAAAQ.jpg,A_shkqRbKm6LgAAAAAAAAAAAAAAQAAAQ.jpg,0,62,196
A_aU59RJLl9L4AAAAAAAAAAAAAAQAAAQ.jpg,A_2iAoQIypnLoAAAAAAAAAAAAAAQAAAQ.jpg,0,32,254
A_cIYGQ7AY1_4AAAAAAAAAAAAAAQAAAQ.jpg,A_HII8R5WzRQ4AAAAAAAAAAAAAAQAAAQ.jpg,0,133,179
A_Ieo9SKFx2U0AAAAAAAAAAAAAAQAAAQ.jpg,A_k_RPQYZRrkAAAAAAAAAAAAAAAQAAAQ.jpg,0,82,125
A_Sm0gS7RP30QAAAAAAAAAAAAAAQAAAQ.jpg,KhYwboiXREiuD9ad__7GDwAAACMAARAD.jpg,0,140,188
A_iDkPR7B0h_IAAAAAAAAAAAAAAQAAAQ.jpg,5H_5JzzcTemv0Pp6LV4d1AAAACMAARAD.jpg,0,241,27
A_Oj4CRqQrUiUAAAAAAAAAAAAAAQAAAQ.jpg,A_jPNWSL4MPycAAAAAAAAAAAAAAQAAAQ.jpg,0,176,276
A_qjHLQ4LPJS8AAAAAAAAAAAAAAQAAAQ.jpg,A_gYglR7OJR9MAAAAAAAAAAAAAAQAAAQ.jpg,0,50,137
ZyHG3kTpSISXJaNBidsZFQAAACMAARAD.jpg,A_cU0aRI8xDi0AAAAAAAAAAAAAAQAAAQ.jpg,0,238,156
A_ZT5FQpIeXlQAAAAAAAAAAAAAAQAAAQ.jpg,A_uJmSS6jwC_EAAAAAAAAAAAAAAQAAAQ.jpg,0,290,151
A_9Wo1SqHv_yIAAAAAAAAAAAAAAQAAAQ.jpg,A_FSyZQ40qPbEAAAAAAAAAAAAAAQAAAQ.jpg,0,313,257
A_TA9aSIHyoewAAAAAAAAAAAAAAQAAAQ.jpg,A_WIkoSofHxNkAAAAAAAAAAAAAAQAAAQ.jpg,0,139,67
A_DV2SR5jhC0wAAAAAAAAAAAAAAQAAAQ.jpg,A_8jMWRbavcW0AAAAAAAAAAAAAAQAAAQ.jpg,0,34,287
A_qB4QT6PpWG8AAAAAAAAAAAAAAQAAAQ.jpg,kD-WZuK9Rae4NoG1n7HHwAAAACMAARAD.jpg,0,242,310
A_V4M-S5Mt__QAAAAAAAAAAAAAAQAAAQ.jpg,wOtJM1xTQZ6YLMlLIsR6RQAAACMAARAD.jpg,0,191,132
A_89xmRqt7JDgAAAAAAAAAAAAAAQAAAQ.jpg,A_m4UIQaz3nSYAAAAAAAAAAAAAAQAAAQ.jpg,0,179,147
A_mEEyRI2A9fMAAAAAAAAAAAAAAQAAAQ.jpg,dE5D0FnIS42ZuBi1OUZO3AAAACMAARAD.jpg,0,251,56
A_WRYZRKOZPL4AAAAAAAAAAAAAAQAAAQ.jpg,A_cU0aRI8xDi0AAAAAAAAAAAAAAQAAAQ.jpg,0,130,156
A_VPDvSqwWeHQAAAAAAAAAAAAAAQAAAQ.jpg,A_CKcESIEZPPsAAAAAAAAAAAAAAQAAAQ.jpg,0,287,198
A_C4yWR6KggDwAAAAAAAAAAAAAAQAAAQ.jpg,A_usXqRrG0zfAAAAAAAAAAAAAAAQAAAQ.jpg,0,61,88
A_WcuHSKIfpFcAAAAAAAAAAAAAAQAAAQ.jpg,A_ARs4S5uu-scAAAAAAAAAAAAAAQAAAQ.jpg,0,329,0
z7SRCrsfQqCFkfL-WxvKkAAAACMAARAD.jpg,A_to61RICU3tgAAAAAAAAAAAAAAQAAAQ.jpg,0,20,139
A_D5prT4UpL5EAAAAAAAAAAAAAAQAAAQ.jpg,A_hwdWQq75_mQAAAAAAAAAAAAAAQAAAQ.jpg,0,87,7
A_5SyITq15BGgAAAAAAAAAAAAAAQAAAQ.jpg,A_45ZeSYlRX04AAAAAAAAAAAAAAQAAAQ.jpg,0,121,338
A_pNVfTIS6svkAAAAAAAAAAAAAAQAAAQ.jpg,A_EvDCT75_gY4AAAAAAAAAAAAAAQAAAQ.jpg,0,293,57
A_rlcDQb1PUYMAAAAAAAAAAAAAAQAAAQ.jpg,A_Rx6HR586O4sAAAAAAAAAAAAAAQAAAQ.jpg,0,197,325
A_WDLkR6ptwJYAAAAAAAAAAAAAAQAAAQ.jpg,A_lWreSpZxhyAAAAAAAAAAAAAAAQAAAQ.jpg,0,160,15
A_dQdlSJStdV8AAAAAAAAAAAAAAQAAAQ.jpg,A_dMj3SrywR0MAAAAAAAAAAAAAAQAAAQ.jpg,0,292,265
f4a1-1TxSRStvQAki3vjjQAAACMAARAD.jpg,A_vsngRpRhfFsAAAAAAAAAAAAAAQAAAQ.jpg,0,150,112
A_HfAITJMN8P8AAAAAAAAAAAAAAQAAAQ.jpg,A_dQdlSJStdV8AAAAAAAAAAAAAAQAAAQ.jpg,0,136,292
A_aDKBQ7mM76cAAAAAAAAAAAAAAQAAAQ.jpg,A_OcaLQYiU_1EAAAAAAAAAAAAAAQAAAQ.jpg,0,256,341
A_chnJTr6v4Y9vQqpAmLZa1AAAAQAAAQ.jpg,A_6J5kQJhOduUAAAAAAAAAAAAAAQAAAQ.jpg,0,216,77
A_9_VjT5AcH1cAAAAAAAAAAAAAAQAAAQ.jpg,A_2wBqTpzmeL3VldlEs7raLQAAAQAAAQ.jpg,0,64,49
A_u5XySKZ9cywAAAAAAAAAAAAAAQAAAQ.jpg,A_1OujSoSRAr8AAAAAAAAAAAAAAQAAAQ.jpg,0,274,292
A_UBDTSZ2Vh-YAAAAAAAAAAAAAAQAAAQ.jpg,A_7w30T4PSpVgAAAAAAAAAAAAAAQAAAQ.jpg,0,187,229
A_eqkkQptcgkUAAAAAAAAAAAAAAQAAAQ.jpg,1DUlr4dURtqhdRrCS69ZgAAAACMAARAD.jpg,0,94,310
A_jUAxSpWjluMAAAAAAAAAAAAAAQAAAQ.jpg,A_Ws9rTr4ssSIAAAAAAAAAAAAAAQAAAQ.jpg,0,189,159
A_CAlCTIVL_TQAAAAAAAAAAAAAAQAAAQ.jpg,A_Va1UTrmeizMAAAAAAAAAAAAAAQAAAQ.jpg,0,295,17
ZyHG3kTpSISXJaNBidsZFQAAACMAARAD.jpg,A_7w30T4PSpVgAAAAAAAAAAAAAAQAAAQ.jpg,0,238,229
A_0ZuNSaLNy7EAAAAAAAAAAAAAAQAAAQ.jpg,A_4lT3QpjRRVEAAAAAAAAAAAAAAQAAAQ.jpg,0,156,258
A_Z4zcS4aqMeIAAAAAAAAAAAAAAQAAAQ.jpg,A_EvDCT75_gY4AAAAAAAAAAAAAAQAAAQ.jpg,0,253,57
A_iPsbSr7C5DcAAAAAAAAAAAAAAQAAAQ.jpg,vGAKq-TMTNeV5LTAlBj5ggAAACMAARAD.jpg,0,254,27
AxQOGcN4RkCPWfcMhYgBuQAAACMAARAD.jpg,rMWpilyUToW_ESjYFAiCGwAAACMAARAD.jpg,0,307,238
A_7dSiR56sjZkAAAAAAAAAAAAAAQAAAQ.jpg,A_dej1SoczgZ0AAAAAAAAAAAAAAQAAAQ.jpg,0,313,43
A_s3yWQZRsWqMAAAAAAAAAAAAAAQAAAQ.jpg,A_BUreSr9QuYgAAAAAAAAAAAAAAQAAAQ.jpg,0,176,337
A_Zo3FTaoKRGMAAAAAAAAAAAAAAQAAAQ.jpg,A_YQOgTaaY1XgAAAAAAAAAAAAAAQAAAQ.jpg,0,325,60
W2GbcBOXQ8S9PGJqLQppPQAAACMAARED.jpg,A_2QqWQqUlH60AAAAAAAAAAAAAAQAAAQ.jpg,0,209,263
A_Oj4CRqQrUiU9b2pImURI-AAAAQAAAQ.jpg,A_D9w_QbDG9s4AAAAAAAAAAAAAAQAAAQ.jpg,0,176,26
A_45ZeSYlRX04AAAAAAAAAAAAAAQAAAQ.jpg,A_5j8qQIocWUwAAAAAAAAAAAAAAQAAAQ.jpg,0,338,346
A_cXEhQ5lI-kAAAAAAAAAAAAAAAQAAAQ.jpg,A_3BuiQbibhO8AAAAAAAAAAAAAAQAAAQ.jpg,0,154,9
A_NloJTpjGmzgAAAAAAAAAAAAAAQAAAQ.jpg,WpudhUmPQtCbPSRoq9BnHgAAACMAARAD.jpg,0,62,20
A_TQ2VSpdE9mMAAAAAAAAAAAAAAQAAAQ.jpg,A_6nznR7Ek9MQAAAAAAAAAAAAAAQAAAQ.jpg,0,136,349
A_4ZfXQLOWYBsAAAAAAAAAAAAAAQAAAQ.jpg,A_6_GGQrcmmBAAAAAAAAAAAAAAAQAAAQ.jpg,0,97,60
A_zjM2TKZ3uLYAAAAAAAAAAAAAAQAAAQ.jpg,A_3sPRTprtYa8AAAAAAAAAAAAAAQAAAQ.jpg,0,97,66
A_ncTYTqtScNEAAAAAAAAAAAAAAQAAAQ.jpg,A_mwutT7LdQ9IAAAAAAAAAAAAAAQAAAQ.jpg,0,299,110
A_jcJHTp85KP0AAAAAAAAAAAAAAQAAAQ.jpg,A_qpwOTZvgL9EAAAAAAAAAAAAAAQAAAQ.jpg,0,64,26
A_b-8qRr28s_QAAAAAAAAAAAAAAQAAAQ.jpg,A_fXp1S7xHV6YAAAAAAAAAAAAAAQAAAQ.jpg,0,130,106
A_WD_RToG7TiEAAAAAAAAAAAAAAQAAAQ.jpg,A_16FyRKAdZCwAAAAAAAAAAAAAAQAAAQ.jpg,0,301,139
A_3S3LTZgdkc9UCstAt954pwAAAQAAAQ.jpg,A_Naw9Q6w007QAAAAAAAAAAAAAAQAAAQ.jpg,0,331,223
A_bPvCSq08KBsAAAAAAAAAAAAAAQAAAQ.jpg,A_laKWT4G-AeYAAAAAAAAAAAAAAQAAAQ.jpg,0,11,53
A_fR9dQ5HrbU4AAAAAAAAAAAAAAQAAAQ.jpg,A_6McDRL0y-v8AAAAAAAAAAAAAAQAAAQ.jpg,0,18,200
eQT1_8OmRpKNZ41LUV90mQAAACMAARAD.jpg,A_yhhDQbrQfGclRShOv4OoLQAAAQAAAQ.jpg,0,6,206
A_stIeTZ6xLSQAAAAAAAAAAAAAAQAAAQ.jpg,A_qiavTY4V5OwAAAAAAAAAAAAAAQAAAQ.jpg,0,172,45
A_b2ToRI08f5UAAAAAAAAAAAAAAQAAAQ.jpg,LNlPtwVGSl-ipHGlshPDWAAAACMAARAD.jpg,0,290,134
A_FTXOTL2SfYwAAAAAAAAAAAAAAQAAAQ.jpg,A_XhFbQoM2GvIAAAAAAAAAAAAAAQAAAQ.jpg,0,293,229
A_JO5ZSKO_S7YAAAAAAAAAAAAAAQAAAQ.jpg,A_LJALQ5tQhGoAAAAAAAAAAAAAAQAAAQ.jpg,0,269,246
A_6_GGQrcmmBAAAAAAAAAAAAAAAQAAAQ.jpg,A__iBTRLnSgRsAAAAAAAAAAAAAAQAAAQ.jpg,0,60,308
A_2PylSJ1j8RIAAAAAAAAAAAAAAQAAAQ.jpg,A_NpaSRqrF3DwAAAAAAAAAAAAAAQAAAQ.jpg,0,191,196
A_W2IxTrShf0MAAAAAAAAAAAAAAQAAAQ.jpg,A_WD_RToG7TiEAAAAAAAAAAAAAAQAAAQ.jpg,0,334,301
A_icEHSLdCQo8AAAAAAAAAAAAAAQAAAQ.jpg,A_EzsXSL1ECOQAAAAAAAAAAAAAAQAAAQ.jpg,0,124,240
A_0RBhTJcWtikAAAAAAAAAAAAAAQAAAQ.jpg,A_oGUWTJP5TlUAAAAAAAAAAAAAAQAAAQ.jpg,0,270,202
A_K1SDTrzJRsMAAAAAAAAAAAAAAQAAAQ.jpg,A_KTLqT5wpOLMAAAAAAAAAAAAAAQAAAQ.jpg,0,82,225
A_rZL0S6dvFYvlzupIll1R-AAAAQAAAQ.jpg,A_MWErSYMDBZQAAAAAAAAAAAAAAQAAAQ.jpg,0,175,59
A_MkJtQKVpPRIAAAAAAAAAAAAAAQAAAQ.jpg,A_QR05Sq93mfIAAAAAAAAAAAAAAQAAAQ.jpg,0,232,69
A_D7ODTa7POC4AAAAAAAAAAAAAAQAAAQ.jpg,A_7t6EQYxDYbYAAAAAAAAAAAAAAQAAAQ.jpg,0,157,272
A_7HBeTrXQsH0AAAAAAAAAAAAAAQAAAQ.jpg,A_33L3RYDwFfYAAAAAAAAAAAAAAQAAAQ.jpg,0,232,335
A_NdSjRoOfRX4AAAAAAAAAAAAAAQAAAQ.jpg,A_9SxdQYnmGb8AAAAAAAAAAAAAAQAAAQ.jpg,0,95,259
A_WJZqQYuskC4AAAAAAAAAAAAAAQAAAQ.jpg,A_xkbbR6DqPbwAAAAAAAAAAAAAAQAAAQ.jpg,0,335,288
A_vdO2RolMKVcAAAAAAAAAAAAAAQAAAQ.jpg,A_f0N3RpGHGX4AAAAAAAAAAAAAAQAAAQ.jpg,0,98,73
A_YlkgQbNnNSoAAAAAAAAAAAAAAQAAAQ.jpg,A_7z2dSpjqRhsAAAAAAAAAAAAAAQAAAQ.jpg,0,19,302
A_9f9RQYMEDW8AAAAAAAAAAAAAAQAAAQ.jpg,eVAexCuGQ-2ZHt6vXBAIlwAAACMAARAD.jpg,0,338,219
A_D4eMSbEh5C8AAAAAAAAAAAAAAQAAAQ.jpg,kVx_E1ohTniMFhLQU_YaagAAACMAARAD.jpg,0,202,316
A_TFw1RY0S3r8AAAAAAAAAAAAAAQAAAQ.jpg,A_JWHxRYpbCRgAAAAAAAAAAAAAAQAAAQ.jpg,0,335,30
A_NnDDQ68F5F8AAAAAAAAAAAAAAQAAAQ.jpg,A_ErnBQ6DQzEoAAAAAAAAAAAAAAQAAAQ.jpg,0,146,9
A_osmfTY9zXYgAAAAAAAAAAAAAAQAAAQ.jpg,A__QqmTIAyqmIAAAAAAAAAAAAAAQAAAQ.jpg,0,260,211
VhTnM3vfTZ-8xD9trXiLSAAAACMAARAD.jpg,A_RaRvSLwdvtQAAAAAAAAAAAAAAQAAAQ.jpg,0,71,173
A_4rjUSryl48IAAAAAAAAAAAAAAQAAAQ.jpg,A_LUkoSJrXkSUAAAAAAAAAAAAAAQAAAQ.jpg,0,317,17
A_UBFIRp0LaJAAAAAAAAAAAAAAAQAAAQ.jpg,A_akXfRKCJyToAAAAAAAAAAAAAAQAAAQ.jpg,0,199,13
A_K1SDTrzJRsMAAAAAAAAAAAAAAQAAAQ.jpg,A_kxbuQLGIcJoAAAAAAAAAAAAAAQAAAQ.jpg,0,82,104
A_q3_rR6k-lYMAAAAAAAAAAAAAAQAAAQ.jpg,5Ex230jYRSyT4TtBSWJ8EwAAACMAARAD.jpg,0,245,71
A_dBt-RKWXGVIAAAAAAAAAAAAAAQAAAQ.jpg,A_pTBdRpDG19IAAAAAAAAAAAAAAQAAAQ.jpg,0,89,171
A_TneoSKTv7UkAAAAAAAAAAAAAAQAAAQ.jpg,A_HngbSJVJVYUAAAAAAAAAAAAAAQAAAQ.jpg,0,223,112
A_PYU8Qr4rH5YAAAAAAAAAAAAAAQAAAQ.jpg,A_a5OsTbYWWVQAAAAAAAAAAAAAAQAAAQ.jpg,0,19,137
A_TYp9Q40PjSUAAAAAAAAAAAAAAQAAAQ.jpg,WNf53_8ITqK97-33UL-ISgAAACMAARAD.jpg,0,149,155
rXxlFn69QMONIxtgsZJajQAAACMAARAD.jpg,A_yb38S7eVwa8AAAAAAAAAAAAAAQAAAQ.jpg,0,282,121
A_JFQFRqCRuosAAAAAAAAAAAAAAQAAAQ.jpg,A_bmExSKHslRkAAAAAAAAAAAAAAQAAAQ.jpg,0,68,14
A_AoHdR7FLKwgAAAAAAAAAAAAAAQAAAQ.jpg,A_waonRYbJYOwAAAAAAAAAAAAAAQAAAQ.jpg,0,178,194
A__YxFR6NzEjQecYhCqT3cqQAAAQAAAQ.jpg,A_r5lyTqEh9NQAAAAAAAAAAAAAAQAAAQ.jpg,0,13,170
A_USsBT7LiLzQAAAAAAAAAAAAAAQAAAQ.jpg,A_p4flTrdsBe8AAAAAAAAAAAAAAQAAAQ.jpg,0,286,76
A_e69VSbQ41GQAAAAAAAAAAAAAAQAAAQ.jpg,O1CN01FwhDIF1wj8peOpsqy_!!0-mtopupload.jpg,0,299,22
A_8gUmSoxIHOIAAAAAAAAAAAAAAQAAAQ.jpg,A_hdpuRLEj1icAAAAAAAAAAAAAAQAAAQ.jpg,0,65,326
A_OauCQr_5X8UAAAAAAAAAAAAAAQAAAQ.jpg,A_TLSkT501MYQAAAAAAAAAAAAAAQAAAQ.jpg,0,232,325
A_OauCQr_5X8UAAAAAAAAAAAAAAQAAAQ.jpg,A_izLaT4q7z-8AAAAAAAAAAAAAAQAAAQ.jpg,0,232,160
A_gyLzR4cxZpIAAAAAAAAAAAAAAQAAAQ.jpg,A_S7r7Srj5r_wAAAAAAAAAAAAAAQAAAQ.jpg,0,274,313
A_cbghTYuoEzQAAAAAAAAAAAAAAQAAAQ.jpg,A_S7r7Srj5r_wAAAAAAAAAAAAAAQAAAQ.jpg,0,314,313
A_vaaqQKunbZkAAAAAAAAAAAAAAQAAAQ.jpg,A_oZO5TK174JsAAAAAAAAAAAAAAQAAAQ.jpg,0,141,184
A_ds1XTZvQ5xIAAAAAAAAAAAAAAQAAAQ.jpg,A_oIudQY-doeoAAAAAAAAAAAAAAQAAAQ.jpg,0,242,58
A_JQmhRLsCpowAAAAAAAAAAAAAAQAAAQ.jpg,A_Wc20RKKu6mgAAAAAAAAAAAAAAQAAAQ.jpg,0,127,215
A_hDlVQZkfoCwAAAAAAAAAAAAAAQAAAQ.jpg,A_qwMrRIrUjOkAAAAAAAAAAAAAAQAAAQ.jpg,0,173,100
ysnTdNgkTQ2KcesYGinCrgAAACMAARAD.jpg,A_Vhx1SK59uV8AAAAAAAAAAAAAAQAAAQ.jpg,0,132,341
A_n5qWSYMC0SYAAAAAAAAAAAAAAQAAAQ.jpg,A_FGfzSpRlJ9AAAAAAAAAAAAAAAQAAAQ.jpg,0,160,263
A_QR05Sq93mfIAAAAAAAAAAAAAAQAAAQ.jpg,RJaJONp-R9-6Wg29qPh_MQAAACMAARAD.jpg,0,69,348
A_D5vXRpubIH4AAAAAAAAAAAAAAQAAAQ.jpg,A_LRDNQb_6khoAAAAAAAAAAAAAAQAAAQ.jpg,0,154,342
A_T0RwQ6RpE-AAAAAAAAAAAAAAAQAAAQ.jpg,A_DY8LQqsgHUkAAAAAAAAAAAAAAQAAAQ.jpg,0,33,259
A_jPNWSL4MPycAAAAAAAAAAAAAAQAAAQ.jpg,qt9ydc-FTHqABlnv0E338AAAACMAARAD.jpg,0,276,150
A_tB9JQ6SKjKYAAAAAAAAAAAAAAQAAAQ.jpg,A_zz-aSZh8rzMAAAAAAAAAAAAAAQAAAQ.jpg,0,201,127
A_aMsUT5Uw1pYAAAAAAAAAAAAAAQAAAQ.jpg,A_qiavTY4V5OwAAAAAAAAAAAAAAQAAAQ.jpg,0,337,45
A_5ObjSaWgNVgAAAAAAAAAAAAAAQAAAQ.jpg,A_B5PLRYT7qakAAAAAAAAAAAAAAQAAAQ.jpg,0,131,228
A_Efp6QLrSZ-gAAAAAAAAAAAAAAQAAAQ.jpg,A_KBNRRqQe8vsAAAAAAAAAAAAAAQAAAQ.jpg,0,274,317
ee9SWo2zTeyS2Xh3WfHGaQAAACMAARAD.jpg,A_b4GpSbjTmGoAAAAAAAAAAAAAAQAAAQ.jpg,0,155,337
9OMvA3NtSGCRN6ymcLH-cAAAACMAARAD.jpg,XDjg9OcHR_imQ2hoka747gAAACMAARAD.jpg,0,323,208
1yv1XFmYQIqGC3ETpIuU2QAAACMAARAD.jpg,A_CbtxSYI7W3wAAAAAAAAAAAAAAQAAAQ.jpg,0,70,280
A_oWLETqhT6YIAAAAAAAAAAAAAAQAAAQ.jpg,A_CJEPQZwY7_IAAAAAAAAAAAAAAQAAAQ.jpg,0,214,191
A_7TXVT6R41bwAAAAAAAAAAAAAAQAAAQ.jpg,A_2bxUSqLc6wAAAAAAAAAAAAAAAQAAAQ.jpg,0,161,255
A_xVWGSYgcMQkAAAAAAAAAAAAAAQAAAQ.jpg,A_CUlQSpIInD0AAAAAAAAAAAAAAQAAAQ.jpg,0,206,322
A_JDCBRYXWhPEAAAAAAAAAAAAAAQAAAQ.jpg,A_PFW9QJAztYYAAAAAAAAAAAAAAQAAAQ.jpg,0,320,84
A_PNRuRprSSG4AAAAAAAAAAAAAAQAAAQ.jpg,A_LvVhRqiGvcIAAAAAAAAAAAAAAQAAAQ.jpg,0,335,194
A_lGgOR4Oe32UAAAAAAAAAAAAAAQAAAQ.jpg,A_Tgc3Sb0KwMEAAAAAAAAAAAAAAQAAAQ.jpg,0,239,340
A_GJH7T7H_iloAAAAAAAAAAAAAAQAAAQ.jpg,A_c_7LRYptgZ4AAAAAAAAAAAAAAQAAAQ.jpg,0,252,263
A_N57xRZ6tBnwAAAAAAAAAAAAAAQAAAQ.jpg,A_Ws9rTr4ssSIAAAAAAAAAAAAAAQAAAQ.jpg,0,157,159
A_048mQIy0UMoAAAAAAAAAAAAAAQAAAQ.jpg,HqDGqYKiSIyabK5pfkisgQAAACMAARAD.jpg,0,223,164
A_1y6dQaZsLNQAAAAAAAAAAAAAAQAAAQ.jpg,A_egMEQo8dtdIAAAAAAAAAAAAAAQAAAQ.jpg,0,100,111
w3FwASvhSDy_zI6aKPh33gAAACMAARAD.jpg,MfYoqfAzSxyKWkDANp68IQAAACMAARAD.jpg,0,327,132
A_HngbSJVJVYUAAAAAAAAAAAAAAQAAAQ.jpg,A_xVWGSYgcMQkAAAAAAAAAAAAAAQAAAQ.jpg,0,112,206
A_xigkRLl7oW4AAAAAAAAAAAAAAQAAAQ.jpg,A_bZBRQL1eeLIAAAAAAAAAAAAAAQAAAQ.jpg,0,230,258
A_wMMDQIdbntYAAAAAAAAAAAAAAQAAAQ.jpg,ZHZk4AZQS--WR22W_HmhtwAAACMAARAD.jpg,0,63,109
A_s_pGQJkJX7cAAAAAAAAAAAAAAQAAAQ.jpg,A_zfSUS4jx5k4AAAAAAAAAAAAAAQAAAQ.jpg,0,324,303
_QZZGgcwSouH-KhMhR6KcAAAACMAARAD.jpg,A_5dhIRrfer5YAAAAAAAAAAAAAAQAAAQ.jpg,0,150,65
A_8RO8SZ_cRhQAAAAAAAAAAAAAAQAAAQ.jpg,A_0tvJRLe5_mUAAAAAAAAAAAAAAQAAAQ.jpg,0,303,86
A_FgqDQY4q28cAAAAAAAAAAAAAAQAAAQ.jpg,PXhnsQ6BSAW7VRUKjS1fswAAACMAARAD.jpg,0,104,70
bLTeDYoJSBixVjfTNNJNCwAAACMAARAD.jpg,A_m8smT6igYF8AAAAAAAAAAAAAAQAAAQ.jpg,0,70,12
A_6DRKTb5hhmYAAAAAAAAAAAAAAQAAAQ.jpg,A_6anUTaPKAZ0AAAAAAAAAAAAAAQAAAQ.jpg,0,38,330
A_oEAqSaEmWGMAAAAAAAAAAAAAAQAAAQ.jpg,A_o8ipRYjXiXQAAAAAAAAAAAAAAQAAAQ.jpg,0,294,176
A_wxWxSZH1r_QAAAAAAAAAAAAAAQAAAQ.jpg,A_7FcUTJfZ-EEAAAAAAAAAAAAAAQAAAQ.jpg,0,293,200
A_pTBdRpDG19IAAAAAAAAAAAAAAQAAAQ.jpg,A_QQwbSY54pOsAAAAAAAAAAAAAAQAAAQ.jpg,0,171,48
YKrsyS6qRZ-rCTySE0CuoAAAACMAARAD.jpg,A_y6yGT6qZ-m4AAAAAAAAAAAAAAQAAAQ.jpg,0,107,103
8HPPNmXFR0O3msRIxa8WnQAAACMAARAD.jpg,A_MOgETIoFAqQAAAAAAAAAAAAAAQAAAQ.jpg,0,188,181
xW1Mn56mRh-OB69ayDWmoQAAACMAARAD.jpg,A_J1qLRIBVPRwAAAAAAAAAAAAAAQAAAQ.jpg,0,190,151
A_jO7PT6D764gAAAAAAAAAAAAAAQAAAQ.jpg,A_s_pGQJkJX7cAAAAAAAAAAAAAAQAAAQ.jpg,0,106,324
A_p1FURL5LiRoAAAAAAAAAAAAAAQAAAQ.jpg,A_2wBqTpzmeL3VldlEs7raLQAAAQAAAQ.jpg,0,309,49
A_OtRZSqObW10AAAAAAAAAAAAAAQAAAQ.jpg,A__V74SLTYzbMAAAAAAAAAAAAAAQAAAQ.jpg,0,115,268
A_9OP_RqOi65cAAAAAAAAAAAAAAQAAAQ.jpg,A_u5XySKZ9cywAAAAAAAAAAAAAAQAAAQ.jpg,0,159,274
A_ytOxT7NilIsAAAAAAAAAAAAAAQAAAQ.jpg,A_T1kYQ7qQrxcAAAAAAAAAAAAAAQAAAQ.jpg,0,244,246
A_JKoXS5qMLWUAAAAAAAAAAAAAAQAAAQ.jpg,A__sCTTLlfQsMAAAAAAAAAAAAAAQAAAQ.jpg,0,148,158
A_ErnBQ6DQzEoAAAAAAAAAAAAAAQAAAQ.jpg,A_NloJTpjGmzgAAAAAAAAAAAAAAQAAAQ.jpg,0,9,62
A_c_ljRZmOJuEAAAAAAAAAAAAAAQAAAQ.jpg,A_peVaRKhGG6EAAAAAAAAAAAAAAQAAAQ.jpg,0,214,338
A_LngHSpFXTD4AAAAAAAAAAAAAAQAAAQ.jpg,A__MyoS6tXD44AAAAAAAAAAAAAAQAAAQ.jpg,0,336,86
JikNLX13RouEBv1bQPnkMAAAACMAARAD.jpg,A_2YPaRq8ajt8AAAAAAAAAAAAAAQAAAQ.jpg,0,282,284
A_JKoXS5qMLWXZM1xIuGy1bAAAAQAAAQ.jpg,A_H_zgSYO_OSwAAAAAAAAAAAAAAQAAAQ.jpg,0,148,231
A_6-hyT6yKsd8AAAAAAAAAAAAAAQAAAQ.jpg,A_NloJTpjGmzgAAAAAAAAAAAAAAQAAAQ.jpg,0,229,62
A_2YPaRq8ajt8AAAAAAAAAAAAAAQAAAQ.jpg,A_y6yGT6qZ-m4AAAAAAAAAAAAAAQAAAQ.jpg,0,284,103
A_B5PLRYT7qakAAAAAAAAAAAAAAQAAAQ.jpg,A_gnzFTrJMNnQAAAAAAAAAAAAAAQAAAQ.jpg,0,228,232
g1oOHJOvS4qxd5DGYu64FgAAACMAARAD.jpg,A_o-mERLc_dPYAAAAAAAAAAAAAAQAAAQ.jpg,0,208,300
T3Ow5yM2ThqSP6KFh8RfwAAAACMAARAD.jpg,A_Y2VTRawsj20AAAAAAAAAAAAAAQAAAQ.jpg,0,282,250
lFnXbsgySbe-RMVrti88KQAAACMAARAD.jpg,A_0VjnQoOyQFYAAAAAAAAAAAAAAQAAAQ.jpg,0,134,119
A_4mW0Q5rIZpgAAAAAAAAAAAAAAQAAAQ.jpg,A_JiCCQqK4VcEAAAAAAAAAAAAAAQAAAQ.jpg,0,162,92
A_mELMSZX6_9YAAAAAAAAAAAAAAQAAAQ.jpg,BnMTwNDZTDic7PE_4wP9cwAAACMAARAD.jpg,0,180,186
A_fdXCTprSOxYAAAAAAAAAAAAAAQAAAQ.jpg,A_K0ldRalVubcAAAAAAAAAAAAAAQAAAQ.jpg,0,339,24
A_05j1Q7VInwsAAAAAAAAAAAAAAQAAAQ.jpg,A_7FcUTJfZ-EEAAAAAAAAAAAAAAQAAAQ.jpg,0,66,200
A_aEr8SogcnnIAAAAAAAAAAAAAAQAAAQ.jpg,uI5fw6x6QLSNO_eB4fXEZwAAACMAARAD.jpg,0,311,109
FzycvDuPSGu-ef2sruqE3wAAACMAARAD.jpg,A__cLMQbU4SS0AAAAAAAAAAAAAAQAAAQ.jpg,0,150,184
A_J1ksRYG75GoAAAAAAAAAAAAAAQAAAQ.jpg,A_jifTQ68G374AAAAAAAAAAAAAAQAAAQ.jpg,0,234,42
A_aEr8SogcnnIAAAAAAAAAAAAAAQAAAQ.jpg,A_dBt-RKWXGVIAAAAAAAAAAAAAAQAAAQ.jpg,0,311,89
A_VSHyQ5E3b6kAAAAAAAAAAAAAAQAAAQ.jpg,A_MOhrQLLyVDYAAAAAAAAAAAAAAQAAAQ.jpg,0,8,262
A_V4M-S5Mt__QAAAAAAAAAAAAAAQAAAQ.jpg,A_lTNbTYEaGsMAAAAAAAAAAAAAAQAAAQ.jpg,0,191,224
A_g9LKSo8QMHyeCIdHtLdTyQAAAQAAAQ.jpg,A_f8MgS5sAGg0AAAAAAAAAAAAAAQAAAQ.jpg,0,173,93
A_dI4zSai8yk8AAAAAAAAAAAAAAQAAAQ.jpg,A_mOfuTre90ooAAAAAAAAAAAAAAQAAAQ.jpg,0,221,59
A_sjosRJ0wPVkAAAAAAAAAAAAAAQAAAQ.jpg,A_nwlKT4igLyQAAAAAAAAAAAAAAQAAAQ.jpg,0,179,37
A_gYglR7OJR9MAAAAAAAAAAAAAAQAAAQ.jpg,A_Wc20RKKu6mgAAAAAAAAAAAAAAQAAAQ.jpg,0,137,215
A_KNPtSqaKcSkAAAAAAAAAAAAAAQAAAQ.jpg,A_wr26TqasgdEAAAAAAAAAAAAAAQAAAQ.jpg,0,18,165
8uu1FfYMQXe3pxQOcXQR9gAAACMAARAD.jpg,A_Rx6HR586O4sAAAAAAAAAAAAAAQAAAQ.jpg,0,155,325
YFn8FC0cQFGTffeP-0YugAAAACMAARAD.jpg,QdzTTlrGTCCQ1F9xM9w-rwAAACMAARED.jpg,0,188,321
A_VKWZTI04Y7wAAAAAAAAAAAAAAQAAAQ.jpg,A_5ObjSaWgNVgAAAAAAAAAAAAAAQAAAQ.jpg,0,41,131
frarTD7lTOqgeRc7RMPqNQAAACMAARAD.jpg,A_b1eiQ4BovAEAAAAAAAAAAAAAAQAAAQ.jpg,0,188,343
A_nec0R4X7desAAAAAAAAAAAAAAQAAAQ.jpg,A_UXmITL-h8LMAAAAAAAAAAAAAAQAAAQ.jpg,0,189,140
A_UvfzQoniuIkAAAAAAAAAAAAAAQAAAQ.jpg,A_qL1DQ52JFAsAAAAAAAAAAAAAAQAAAQ.jpg,0,283,44
A_Kon7SakBEH4AAAAAAAAAAAAAAQAAAQ.jpg,A_ESFIRqtAdmEAAAAAAAAAAAAAAQAAAQ.jpg,0,25,106
A_YkhcSryYe2cAAAAAAAAAAAAAAQAAAQ.jpg,A_BA6tQ66OKSUAAAAAAAAAAAAAAQAAAQ.jpg,0,339,43
A_TaFsSK1IhcIAAAAAAAAAAAAAAQAAAQ.jpg,A_Vhx1SK59uV8AAAAAAAAAAAAAAQAAAQ.jpg,0,294,341
A_Ver0Ro7tFCYAAAAAAAAAAAAAAQAAAQ.jpg,A_dWv2RbF20pgAAAAAAAAAAAAAAQAAAQ.jpg,0,222,243
do9fiCurQMewDq6x14MTlgAAACMAARAD.jpg,A_Nz6LSIyEYioAAAAAAAAAAAAAAQAAAQ.jpg,0,226,97
A_Tq4LQ449vfgAAAAAAAAAAAAAAQAAAQ.jpg,A_mbdXS47FykQAAAAAAAAAAAAAAQAAAQ.jpg,0,269,252
A_uUKRRIhcetkAAAAAAAAAAAAAAQAAAQ.jpg,A_DpAcQ6ZefVMAAAAAAAAAAAAAAQAAAQ.jpg,0,262,246
A_hAP5R7hp_CkAAAAAAAAAAAAAAQAAAQ.jpg,dRX2p0mwRrumfcxLhB9tHAAAACMAARAD.jpg,0,194,6
A_BM-IS64L6owAAAAAAAAAAAAAAQAAAQ.jpg,A_jB9eRYoChjwAAAAAAAAAAAAAAQAAAQ.jpg,0,332,175
A_MVBqSa4_cZAAAAAAAAAAAAAAAQAAAQ.jpg,A_c1QXTK5OHUMAAAAAAAAAAAAAAQAAAQ.jpg,0,284,312
A_ByB_RpYeWmsAAAAAAAAAAAAAAQAAAQ.jpg,A_Sm0gS7RP30QAAAAAAAAAAAAAAQAAAQ.jpg,0,232,140
A_CKcESIEZPPsAAAAAAAAAAAAAAQAAAQ.jpg,A_sDy8TZweP6MAAAAAAAAAAAAAAQAAAQ.jpg,0,198,344
A_oTz0Q6Q2sBMAAAAAAAAAAAAAAQAAAQ.jpg,A_AoHdR7FLKwgAAAAAAAAAAAAAAQAAAQ.jpg,0,76,178
A_zIdqT5wAadAAAAAAAAAAAAAAAQAAAQ.jpg,t7OjT-JkTe-fdqtZnMC8oAAAACMAARAD.jpg,0,297,129
A_kjIITIS-f1QAAAAAAAAAAAAAAQAAAQ.jpg,A_PIcHTa2SqFsAAAAAAAAAAAAAAQAAAQ.jpg,0,261,284
A_UKkIRaJ9WRsAAAAAAAAAAAAAAQAAAQ.jpg,A_8ZqeTLmaayAAAAAAAAAAAAAAAQAAAQ.jpg,0,277,212
A_iWCAS7hDyJEAAAAAAAAAAAAAAQAAAQ.jpg,A_zR9xTI8bns0AAAAAAAAAAAAAAQAAAQ.jpg,0,281,168
A_5QphQrKDPQgAAAAAAAAAAAAAAQAAAQ.jpg,A_ngf3S4H6_NkAAAAAAAAAAAAAAQAAAQ.jpg,0,285,231
A_UBDTSZ2Vh-YAAAAAAAAAAAAAAQAAAQ.jpg,A__ufMSoUmcLcAAAAAAAAAAAAAAQAAAQ.jpg,0,187,163
A_jBgOSoE5gk8AAAAAAAAAAAAAAQAAAQ.jpg,A_hB7UQZ1wHGQAAAAAAAAAAAAAAQAAAQ.jpg,0,196,183
A_AWdZQa13iPIAAAAAAAAAAAAAAQAAAQ.jpg,xPWXoOz0RJ2uGy381aUq9wAAACMAARAD.jpg,0,108,348
A_LC73QKKHtxsAAAAAAAAAAAAAAQAAAQ.jpg,A_g9LKSo8QMHyeCIdHtLdTyQAAAQAAAQ.jpg,0,183,173
A_s6NBRJVoqogAAAAAAAAAAAAAAQAAAQ.jpg,A_UQQgTbu6c8UAAAAAAAAAAAAAAQAAAQ.jpg,0,228,90
HqCc8PT8QMalF5QdbcP9UwAAACMAARAD.jpg,A_IdUASo3kSSUAAAAAAAAAAAAAAQAAAQ.jpg,0,107,248
KhYwboiXREiuD9ad__7GDwAAACMAARAD.jpg,ZyHG3kTpSISXJaNBidsZFQAAACMAARAD.jpg,0,188,238
A_voYkQZD7EsEAAAAAAAAAAAAAAQAAAQ.jpg,A_WKq6RIpKJSwAAAAAAAAAAAAAAQAAAQ.jpg,0,91,228
A_Ver0Ro7tFCYAAAAAAAAAAAAAAQAAAQ.jpg,A_mwbHSqmRhcQAAAAAAAAAAAAAAQAAAQ.jpg,0,222,253
A_9FlLRZb9wXUAAAAAAAAAAAAAAQAAAQ.jpg,A_M9P2TpZaQRMAAAAAAAAAAAAAAQAAAQ.jpg,0,49,275
A_-6tiTb6_VSoAAAAAAAAAAAAAAQAAAQ.jpg,A_uY8RT48iBmoAAAAAAAAAAAAAAQAAAQ.jpg,0,34,178
A_k02XTah-AqkAAAAAAAAAAAAAAQAAAQ.jpg,A_K0FxT6aY5N8AAAAAAAAAAAAAAQAAAQ.jpg,0,335,301
A_05zKQb6bySIAAAAAAAAAAAAAAQAAAQ.jpg,x22XN24XQiaxAuBA2h4LVQAAACMAARAD.jpg,0,216,107
A_YQOgTaaY1XgAAAAAAAAAAAAAAQAAAQ.jpg,A_EvDCT75_gY4AAAAAAAAAAAAAAQAAAQ.jpg,0,60,57
A_chnJTr6v4Y9vQqpAmLZa1AAAAQAAAQ.jpg,RJaJONp-R9-6Wg29qPh_MQAAACMAARAD.jpg,0,216,348
A_kqGGQIlQbEIAAAAAAAAAAAAAAQAAAQ.jpg,A_bjTUS6o38jQAAAAAAAAAAAAAAQAAAQ.jpg,0,7,103
A_4gGXSpGmh1YAAAAAAAAAAAAAAQAAAQ.jpg,A_cIYGQ7AY1_4AAAAAAAAAAAAAAQAAAQ.jpg,0,311,133
A_xkbbR6DqPbwAAAAAAAAAAAAAAQAAAQ.jpg,A_MVBqSa4_cZAAAAAAAAAAAAAAAQAAAQ.jpg,0,288,284
A_Pgp4TYloAOwAAAAAAAAAAAAAAQAAAQ.jpg,A_ZX7pT4uWMgsAAAAAAAAAAAAAAQAAAQ.jpg,0,281,268
A_Q0c_QIvmCAoAAAAAAAAAAAAAAQAAAQ.jpg,A_Ba6QQqFUsP4AAAAAAAAAAAAAAQAAAQ.jpg,0,118,15
A_i7AkRLef484AAAAAAAAAAAAAAQAAAQ.jpg,A_xl9CQIhvmFsAAAAAAAAAAAAAAQAAAQ.jpg,0,240,313
A_jZ1QQ773-Q8AAAAAAAAAAAAAAQAAAQ.jpg,A_hFIsQqIAQwEAAAAAAAAAAAAAAQAAAQ.jpg,0,98,81
A_C1q8QJNLNrEAAAAAAAAAAAAAAQAAAQ.jpg,A_OXKzSYUtbyoAAAAAAAAAAAAAAQAAAQ.jpg,0,336,33
A_qzxeRo3Av5AAAAAAAAAAAAAAAQAAAQ.jpg,A_SPVDQZ3l49AAAAAAAAAAAAAAAQAAAQ.jpg,0,346,275
A_vA8kSp4KcUUAAAAAAAAAAAAAAQAAAQ.jpg,A_stmPT54njmJQA21MkONSVgAAAQAAAQ.jpg,0,141,147
A__cLMQbU4SS0AAAAAAAAAAAAAAQAAAQ.jpg,f6GMYs9cRVe3Vy5EDVVBpgAAACMAARAD.jpg,0,184,291
A_N13KR4j5Yt8AAAAAAAAAAAAAAQAAAQ.jpg,A_d1iSRoW_qgQAAAAAAAAAAAAAAQAAAQ.jpg,0,228,18
A_D9o9T7zICSYbaeZMlwxEKQAAAQAAAQ.jpg,A_ICEKRaeF7YIAAAAAAAAAAAAAAQAAAQ.jpg,0,113,243
A_CaW2Rr7FxicAAAAAAAAAAAAAAQAAAQ.jpg,A_KtrxQJE_sIMAAAAAAAAAAAAAAQAAAQ.jpg,0,281,33
A_OtRZSqObW10AAAAAAAAAAAAAAQAAAQ.jpg,A_MVpnTJIllNYAAAAAAAAAAAAAAQAAAQ.jpg,0,115,51
A_Yr4LQpnqCAEAAAAAAAAAAAAAAQAAAQ.jpg,A_hInTRKW7vi0AAAAAAAAAAAAAAQAAAQ.jpg,0,48,242
A_YDlYRYBLgbQAAAAAAAAAAAAAAQAAAQ.jpg,40cC6HWzRva34jaC_YZZAwAAACMAARED.jpg,0,257,128
A_05zKQb6bySIAAAAAAAAAAAAAAQAAAQ.jpg,O1CN018y9zNy1b2RyzTX0bZ_!!0-mtopupload.jpg,0,216,22
A_zz-aSZh8rzMAAAAAAAAAAAAAAQAAAQ.jpg,IlaouobwQyib5LO0My4xMAAAACMAARAD.jpg,0,127,54
A_lMdgRabNaFYAAAAAAAAAAAAAAQAAAQ.jpg,A_0RXtQrcbVQMAAAAAAAAAAAAAAQAAAQ.jpg,0,75,223
A_DRG9SbIn_7sAAAAAAAAAAAAAAQAAAQ.jpg,A_ds1XTZvQ5xIAAAAAAAAAAAAAAQAAAQ.jpg,0,119,242
A_ISDtSpuDW6MAAAAAAAAAAAAAAQAAAQ.jpg,A_VfpjQZM4v8EAAAAAAAAAAAAAAQAAAQ.jpg,0,287,196
A_7FcUTJfZ-EEAAAAAAAAAAAAAAQAAAQ.jpg,A_zMhHRKUhSuEAAAAAAAAAAAAAAQAAAQ.jpg,0,200,148
_QZZGgcwSouH-KhMhR6KcAAAACMAARAD.jpg,A_cutQQr13fwsAAAAAAAAAAAAAAQAAAQ.jpg,0,150,52
A_SsADSplZuU0AAAAAAAAAAAAAAQAAAQ.jpg,A_puDYQoa6ZyAAAAAAAAAAAAAAAQAAAQ.jpg,0,258,160
A_7TWPT4_hkwwAAAAAAAAAAAAAAQAAAQ.jpg,T9sfxIkpSdiBNdMd91kAeAAAACMAARAD.jpg,0,345,321
A_Ib-dTZ1rkF4AAAAAAAAAAAAAAQAAAQ.jpg,A_5SyITq15BGgAAAAAAAAAAAAAAQAAAQ.jpg,0,271,121
A_UXmITL-h8LMAAAAAAAAAAAAAAQAAAQ.jpg,A_JTXPTI39PMkAAAAAAAAAAAAAAQAAAQ.jpg,0,140,199
A_79Y3T534mhsAAAAAAAAAAAAAAQAAAQ.jpg,A_6xTOT6mkZzUAAAAAAAAAAAAAAQAAAQ.jpg,0,205,7
A_T1teTI7MnHUAAAAAAAAAAAAAAQAAAQ.jpg,A_cKTpQK7jeCMAAAAAAAAAAAAAAQAAAQ.jpg,0,152,143
uwbM_KZaT4WXCQZJ66Ib_QAAACMAARAD.jpg,A_osC4T6WDCO8AAAAAAAAAAAAAAQAAAQ.jpg,0,192,202
A_aA69SpvZhQQAAAAAAAAAAAAAAQAAAQ.jpg,A_jcJHTp85KP1kygxCgRGH9AAAAQAAAQ.jpg,0,311,64
A_EtEwQb8aGLUAAAAAAAAAAAAAAQAAAQ.jpg,EIpoK14ATmCiS-H_pM6kvAAAACMAARAD.jpg,0,46,54
A_mFi6TLRxJ9cAAAAAAAAAAAAAAQAAAQ.jpg,A_6McDRL0y-v8AAAAAAAAAAAAAAQAAAQ.jpg,0,144,200
A_Q2ygQ7cJQygAAAAAAAAAAAAAAQAAAQ.jpg,A_CRqJQKCtnOMAAAAAAAAAAAAAAQAAAQ.jpg,0,276,341
A_8F6fTqWbVLkAAAAAAAAAAAAAAQAAAQ.jpg,A_a0R0R5IAcOEAAAAAAAAAAAAAAQAAAQ.jpg,0,247,167
A_wOfbQoNWSAQAAAAAAAAAAAAAAQAAAQ.jpg,A_48nEQqmxm1UAAAAAAAAAAAAAAQAAAQ.jpg,0,2,292
A_CJEPQZwY7_IAAAAAAAAAAAAAAQAAAQ.jpg,A_rdK1TpMuf28AAAAAAAAAAAAAAQAAAQ.jpg,0,191,283
A_V9dzTZ0oezwAAAAAAAAAAAAAAQAAAQ.jpg,i9DxLNTFRVa_ErPFgVJ3uAAAACMAARAD.jpg,0,235,327
A_KNPtSqaKcSkAAAAAAAAAAAAAAQAAAQ.jpg,A_ZhFOTLvWldQAAAAAAAAAAAAAAQAAAQ.jpg,0,18,251
A_MKWJQLqyZ8cAAAAAAAAAAAAAAQAAAQ.jpg,A_CYraTbeA8PYAAAAAAAAAAAAAAQAAAQ.jpg,0,274,245
A_z0kCQr_tfJQAAAAAAAAAAAAAAQAAAQ.jpg,A_KBNRRqQe8vsAAAAAAAAAAAAAAQAAAQ.jpg,0,23,317
A_1XV-TI8AFDMAAAAAAAAAAAAAAQAAAQ.jpg,A_XJPfQZIMlRoAAAAAAAAAAAAAAQAAAQ.jpg,0,295,320
A_33L3RYDwFfYAAAAAAAAAAAAAAQAAAQ.jpg,A_Wa5hTLtdsh8AAAAAAAAAAAAAAQAAAQ.jpg,0,335,224
A_H_zgSYO_OSwAAAAAAAAAAAAAAQAAAQ.jpg,A_AK9lSaWJ_m0AAAAAAAAAAAAAAQAAAQ.jpg,0,231,296
A_q3_rR6k-lYMAAAAAAAAAAAAAAQAAAQ.jpg,A_rrfrRI4sTLIAAAAAAAAAAAAAAQAAAQ.jpg,0,245,52
A_Pgp4TYloAOwAAAAAAAAAAAAAAQAAAQ.jpg,A_ByB_RpYeWmsAAAAAAAAAAAAAAQAAAQ.jpg,0,281,232
A_6xTOT6mkZzUAAAAAAAAAAAAAAQAAAQ.jpg,A_vdO2RolMKVcAAAAAAAAAAAAAAQAAAQ.jpg,0,7,98
A_vTQoRLws130AAAAAAAAAAAAAAQAAAQ.jpg,A_0-ELRoJDoOAAAAAAAAAAAAAAAQAAAQ.jpg,0,287,160
FqQ7Yv3sQqamD1XqNUNQeQAAACMAARAD.jpg,p_poUnC6T06GTFnucmRJSwAAACMAARAD.jpg,0,164,307
A_voYkQZD7EsEAAAAAAAAAAAAAAQAAAQ.jpg,A_4OwVSaVoxg4AAAAAAAAAAAAAAQAAAQ.jpg,0,91,170
A_cbghTYuoEzQAAAAAAAAAAAAAAQAAAQ.jpg,A_BuqfTqOcdvkAAAAAAAAAAAAAAQAAAQ.jpg,0,314,210
A_uY8RT48iBmoAAAAAAAAAAAAAAQAAAQ.jpg,A_J-7MTKEefysAAAAAAAAAAAAAAQAAAQ.jpg,0,178,44
A_noVFRIHyvJQAAAAAAAAAAAAAAQAAAQ.jpg,A_WFX-R60X0GEAAAAAAAAAAAAAAQAAAQ.jpg,0,61,62
A_dNP4R4O9ASkAAAAAAAAAAAAAAQAAAQ.jpg,A_oZO5TK174JsAAAAAAAAAAAAAAQAAAQ.jpg,0,257,184
A_1LQLSI-tEM4AAAAAAAAAAAAAAQAAAQ.jpg,A_FYeLRIlqv1sAAAAAAAAAAAAAAQAAAQ.jpg,0,278,318
A_BT-TSJ2u3kMAAAAAAAAAAAAAAQAAAQ.jpg,A_qAmbQo1B3boAAAAAAAAAAAAAAQAAAQ.jpg,0,279,293
wIszWZIYQC224vOq0XhO2gAAACMAARAD.jpg,A_-HPcQKsgKR8AAAAAAAAAAAAAAQAAAQ.jpg,0,186,96
A_MOgETIoFAqQAAAAAAAAAAAAAAQAAAQ.jpg,A_00INR7szioMAAAAAAAAAAAAAAQAAAQ.jpg,0,181,89
A_Zo3FTaoKRGMAAAAAAAAAAAAAAQAAAQ.jpg,A_kPvdTbagJ9MAAAAAAAAAAAAAAQAAAQ.jpg,0,325,8
A_xzWOSL6pNFAAAAAAAAAAAAAAAQAAAQ.jpg,PKvgCxspT06mVkCupz9C2QAAACMAARAD.jpg,0,274,134
A_Fs6DTJ51k3oAAAAAAAAAAAAAAQAAAQ.jpg,X7bAJ7tFSBG_4F661zvLggAAACMAARAD.jpg,0,95,207
A_8MxtS7nrx5oAAAAAAAAAAAAAAQAAAQ.jpg,A_Sgy4Q5WINnoAAAAAAAAAAAAAAQAAAQ.jpg,0,53,157
A_EkWETZHkU5kAAAAAAAAAAAAAAQAAAQ.jpg,eVAexCuGQ-2ZHt6vXBAIlwAAACMAARAD.jpg,0,212,219
A_lPjNSaZ7r9wAAAAAAAAAAAAAAQAAAQ.jpg,A_9T8iRZsNnOoAAAAAAAAAAAAAAQAAAQ.jpg,0,333,91
A_hiF9SJL03uIAAAAAAAAAAAAAAQAAAQ.jpg,hL3x2UFYTb-fOuBIwUKJMAAAACMAARED.jpg,0,214,128
A_ZQs8RZuoJBoAAAAAAAAAAAAAAQAAAQ.jpg,A_KNPtSqaKcSkAAAAAAAAAAAAAAQAAAQ.jpg,0,232,18
A_iFNfS4GsUIAAAAAAAAAAAAAAAQAAAQ.jpg,A_-bJ-Q4552o0AAAAAAAAAAAAAAQAAAQ.jpg,0,204,50
A_XgEbSbazAp8AAAAAAAAAAAAAAQAAAQ.jpg,A_uqQZTalXwHYAAAAAAAAAAAAAAQAAAQ.jpg,0,31,301
A_nec0R4X7desAAAAAAAAAAAAAAQAAAQ.jpg,A_p05OT6oYxSoAAAAAAAAAAAAAAQAAAQ.jpg,0,189,11
A_e69VSbQ41GQAAAAAAAAAAAAAAQAAAQ.jpg,A_ojwmQZn-s4QAAAAAAAAAAAAAAQAAAQ.jpg,0,299,8
A_8PPFSJLo4y0AAAAAAAAAAAAAAQAAAQ.jpg,bLTeDYoJSBixVjfTNNJNCwAAACMAARAD.jpg,0,249,70
A_JiCCQqK4VcEAAAAAAAAAAAAAAQAAAQ.jpg,A_V3ppS6VZwMoAAAAAAAAAAAAAAQAAAQ.jpg,0,92,340
A_Z9O5TZhkv2IAAAAAAAAAAAAAAQAAAQ.jpg,A_roDNRZHSdREAAAAAAAAAAAAAAQAAAQ.jpg,0,227,88
FzycvDuPSGu-ef2sruqE3wAAACMAARAD.jpg,A_f2fKQbfNF8MAAAAAAAAAAAAAAQAAAQ.jpg,0,150,140
A_x8o-SK34p18AAAAAAAAAAAAAAQAAAQ.jpg,A_6XZZT6vaEZ4AAAAAAAAAAAAAAQAAAQ.jpg,0,222,294
A_g1RJRYomLtAAAAAAAAAAAAAAAQAAAQ.jpg,A_BelDQrZMthQAAAAAAAAAAAAAAQAAAQ.jpg,0,89,217
A_0ZuNSaLNy7EAAAAAAAAAAAAAAQAAAQ.jpg,A_Y5j1R78FBNEAAAAAAAAAAAAAAQAAAQ.jpg,0,156,231
A_DhQlQKr7slQAAAAAAAAAAAAAAQAAAQ.jpg,A_LaERT6Vg6P0AAAAAAAAAAAAAAQAAAQ.jpg,0,346,347
A_Y4XwSLpSghkAAAAAAAAAAAAAAQAAAQ.jpg,xBdVq70UQVmGuGbRAbLiKAAAACMAARAD.jpg,0,114,291
A_I5KDRLmGgB8AAAAAAAAAAAAAAQAAAQ.jpg,0GdWO5icQbKwpuwrEKLdgwAAACMAARAD.jpg,0,296,307
A_Oj4CRqQrUiUAAAAAAAAAAAAAAQAAAQ.jpg,A_CXMsQL5lJd8AAAAAAAAAAAAAAQAAAQ.jpg,0,176,246
xwiaT4SHTLGOVAZCtHq9yQAAACMAARAD.jpg,A_-sFNQYiDmkoAAAAAAAAAAAAAAQAAAQ.jpg,0,27,23
A__-KSSaYDssAAAAAAAAAAAAAAAQAAAQ.jpg,A_D4eMSbEh5C8AAAAAAAAAAAAAAQAAAQ.jpg,0,234,202
xEkROLFrT8eZz88qyGMUDgAAACMAARAD.jpg,A_MkJtQKVpPRIAAAAAAAAAAAAAAQAAAQ.jpg,0,327,232
A_ffGlTZG85-QAAAAAAAAAAAAAAQAAAQ.jpg,A_OauCQr_5X8UAAAAAAAAAAAAAAQAAAQ.jpg,0,322,232
A_EcV-QL_t4UAAAAAAAAAAAAAAAQAAAQ.jpg,A_Li70RYXYOToAAAAAAAAAAAAAAQAAAQ.jpg,0,67,171
A_tmV0SKPNXSUAAAAAAAAAAAAAAQAAAQ.jpg,A_2yTCT6348MsAAAAAAAAAAAAAAQAAAQ.jpg,0,169,305
A_z3KSSqDlw1QAAAAAAAAAAAAAAQAAAQ.jpg,A_MqoKS5Y6Hm8AAAAAAAAAAAAAAQAAAQ.jpg,0,263,333
ejYUJjUrTHmLuE2JKdcsRgAAACMAARAD.jpg,A_fKn_SJlVzk8AAAAAAAAAAAAAAQAAAQ.jpg,0,20,239
A_GNvgRp7nzOkAAAAAAAAAAAAAAQAAAQ.jpg,A_GMLtS7vMkDMAAAAAAAAAAAAAAQAAAQ.jpg,0,47,241
A_6-hyT6yKsd8AAAAAAAAAAAAAAQAAAQ.jpg,A_vbu_TpWL6WUAAAAAAAAAAAAAAQAAAQ.jpg,0,229,305
A_-JEPRbD0J4AAAAAAAAAAAAAAAQAAAQ.jpg,A_P3qUR6v9jfsAAAAAAAAAAAAAAQAAAQ.jpg,0,256,204
A_q3NGSb8R88wAAAAAAAAAAAAAAQAAAQ.jpg,A_gYglR7OJR9MAAAAAAAAAAAAAAQAAAQ.jpg,0,253,137
A_y6cGQZTV6wkAAAAAAAAAAAAAAQAAAQ.jpg,A_2QqWQqUlH60AAAAAAAAAAAAAAQAAAQ.jpg,0,329,263
lk6TjulLSlK2EtPG2bOT1wAAACMAARAD.jpg,A_pNAcQKJ6yH4AAAAAAAAAAAAAAQAAAQ.jpg,0,323,344
A_t6AyT4K76akAAAAAAAAAAAAAAQAAAQ.jpg,A_JUa9QZwAOOgAAAAAAAAAAAAAAQAAAQ.jpg,0,346,298
A_jjT_Q5XInXYAAAAAAAAAAAAAAQAAAQ.jpg,A_vLt5Tr-DehsAAAAAAAAAAAAAAQAAAQ.jpg,0,92,326
A_UQQgTbu6c8UAAAAAAAAAAAAAAQAAAQ.jpg,A_v9o_T5ly55wAAAAAAAAAAAAAAQAAAQ.jpg,0,90,344
A_eUwvR77C5UwAAAAAAAAAAAAAAQAAAQ.jpg,A_waonRYbJYOwAAAAAAAAAAAAAAQAAAQ.jpg,0,65,194
A_WbF9SqahUZUAAAAAAAAAAAAAAQAAAQ.jpg,A_He2nSrEFR1YAAAAAAAAAAAAAAQAAAQ.jpg,0,268,300
6s492Y5LR5Kto8OzVdvpHQAAACMAARAD.jpg,A_SQeJQr1DQCoAAAAAAAAAAAAAAQAAAQ.jpg,0,120,233
A_5GYYRZ6SqLkAAAAAAAAAAAAAAQAAAQ.jpg,A_FraFT4NK-OwAAAAAAAAAAAAAAQAAAQ.jpg,0,270,204
A_92iARaRRPR8AAAAAAAAAAAAAAQAAAQ.jpg,AxQOGcN4RkCPWfcMhYgBuQAAACMAARAD.jpg,0,84,307
A_SUrFSpyat3oAAAAAAAAAAAAAAQAAAQ.jpg,dsoua9awQ96zA43Lqf2KVgAAACMAARAD.jpg,0,102,226
8bqSm5suQB-TkC66R2F-lgAAACMAARAD.jpg,A_vdO2RolMKVcAAAAAAAAAAAAAAQAAAQ.jpg,0,177,98
A_FOOWRLdgH6EAAAAAAAAAAAAAAQAAAQ.jpg,A_RPqaQYB6kjQAAAAAAAAAAAAAAQAAAQ.jpg,0,42,168
A_8AsaQ4dMoL0AAAAAAAAAAAAAAQAAAQ.jpg,A_vzFyQL-m9f0AAAAAAAAAAAAAAQAAAQ.jpg,0,151,11
4PnTMDonSgyab2bzQ-yK9wAAACMAARAD.jpg,A_gvZqQKxzVa4AAAAAAAAAAAAAAQAAAQ.jpg,0,192,200
A_v9o_T5ly55wAAAAAAAAAAAAAAQAAAQ.jpg,A_K9CLR4e8IykAAAAAAAAAAAAAAQAAAQ.jpg,0,344,346
2G8MIAaDRluIS-ucQOWdigAAACMAARAD.jpg,A_xigkRLl7oW4AAAAAAAAAAAAAAQAAAQ.jpg,0,54,230
A_cXEhQ5lI-kAAAAAAAAAAAAAAAQAAAQ.jpg,A_7_k1RLN9nvMAAAAAAAAAAAAAAQAAAQ.jpg,0,154,254
A_dNP4R4O9ASkAAAAAAAAAAAAAAQAAAQ.jpg,A_Uj6uSofgBi8AAAAAAAAAAAAAAQAAAQ.jpg,0,257,74
A_D7ODTa7POC4AAAAAAAAAAAAAAQAAAQ.jpg,A_w5yBQq07ZGQAAAAAAAAAAAAAAQAAAQ.jpg,0,157,218
A_S0zwTqouBekAAAAAAAAAAAAAAQAAAQ.jpg,A_MwufRZG5iJ8AAAAAAAAAAAAAAQAAAQ.jpg,0,169,236
bFGitjnDRq-tq8QMMSegPgAAACMAARAD.jpg,A_ysxzSpSaAJ0AAAAAAAAAAAAAAQAAAQ.jpg,0,70,66
A_xvAiTaIgyiIAAAAAAAAAAAAAAQAAAQ.jpg,jljP-9JORDyajV3g_xwG_wAAACMAARAD.jpg,0,154,129
A_f2fKQbfNF8MAAAAAAAAAAAAAAQAAAQ.jpg,FjU3DCiVRJi-p0oNR-tAGgAAACMAARAD.jpg,0,140,27
A_ev-6R48IIx0AAAAAAAAAAAAAAQAAAQ.jpg,A_2V9eS67BcuUAAAAAAAAAAAAAAQAAAQ.jpg,0,243,238
A_T2lFRJy5a2gAAAAAAAAAAAAAAQAAAQ.jpg,s-goRr4zRqihodt8c49wvwAAACMAARAD.jpg,0,28,174
A_2iAoQIypnLoAAAAAAAAAAAAAAQAAAQ.jpg,A_JQmhRLsCpowAAAAAAAAAAAAAAQAAAQ.jpg,0,254,127
I-4jbqVlSyeXyWm3u8uXGQAAACMAARAD.jpg,A_YzaKT4AwIvIAAAAAAAAAAAAAAQAAAQ.jpg,0,56,26
A_gBw2Q6_QWsUAAAAAAAAAAAAAAQAAAQ.jpg,A_wxWxSZH1r_QAAAAAAAAAAAAAAQAAAQ.jpg,0,1,293
YFn8FC0cQFGTffeP-0YugAAAACMAARAD.jpg,A_4gn2Q6opsTUAAAAAAAAAAAAAAQAAAQ.jpg,0,188,317
A_6tRLRIMlZcAAAAAAAAAAAAAAAQAAAQ.jpg,A_44TlTKCIdBoAAAAAAAAAAAAAAQAAAQ.jpg,0,119,29
A_1Sm2RrE0saQAAAAAAAAAAAAAAQAAAQ.jpg,A_OStdQqQjUL8AAAAAAAAAAAAAAQAAAQ.jpg,0,95,210
A_hbD0T7EIoRYAAAAAAAAAAAAAAQAAAQ.jpg,A_t87cQqq5PeYAAAAAAAAAAAAAAQAAAQ.jpg,0,74,146
A_uSLAQKtJDr4AAAAAAAAAAAAAAQAAAQ.jpg,A_FliWQ7H5vocAAAAAAAAAAAAAAQAAAQ.jpg,0,179,301
A_gGmBSI0ev4IAAAAAAAAAAAAAAQAAAQ.jpg,A_cKL1QqoK8C4AAAAAAAAAAAAAAQAAAQ.jpg,0,82,111
A_GJH7T7H_iloAAAAAAAAAAAAAAQAAAQ.jpg,A_YkhcSryYe2cAAAAAAAAAAAAAAQAAAQ.jpg,0,252,339
A_HmXwR5kRF3UAAAAAAAAAAAAAAQAAAQ.jpg,A_A17DRrV-btsAAAAAAAAAAAAAAQAAAQ.jpg,0,15,33
A_j72ARLb_6boAAAAAAAAAAAAAAQAAAQ.jpg,A_fR07TIw_Lx0AAAAAAAAAAAAAAQAAAQ.jpg,0,161,37
A_9Wo1SqHv_yIAAAAAAAAAAAAAAQAAAQ.jpg,A_gWrIQ4S447oAAAAAAAAAAAAAAQAAAQ.jpg,0,313,308
A_RDX7SYBqMVwAAAAAAAAAAAAAAQAAAQ.jpg,A_GFtPRKYwYKQAAAAAAAAAAAAAAQAAAQ.jpg,0,41,347
A_D6eZR70Dw9MAAAAAAAAAAAAAAQAAAQ.jpg,A_6_GGQrcmmBAAAAAAAAAAAAAAAQAAAQ.jpg,0,37,60
A_LUkoSJrXkSUAAAAAAAAAAAAAAQAAAQ.jpg,A_wmmCTbdk_3cAAAAAAAAAAAAAAQAAAQ.jpg,0,17,23
A_wSWmTr7_FucAAAAAAAAAAAAAAQAAAQ.jpg,A_7WinQJg-1OcAAAAAAAAAAAAAAQAAAQ.jpg,0,302,31
A_-JpBS6Eepe4AAAAAAAAAAAAAAQAAAQ.jpg,A_meIyTZfLrbEAAAAAAAAAAAAAAQAAAQ.jpg,0,210,289
A_8gLsQ6KuwHQAAAAAAAAAAAAAAQAAAQ.jpg,A_AuorQ4yCMh0AAAAAAAAAAAAAAQAAAQ.jpg,0,124,161
A_C3FBR7ESg0MAAAAAAAAAAAAAAQAAAQ.jpg,A_DAaRSIZ4OM0AAAAAAAAAAAAAAQAAAQ.jpg,0,198,301
A_GdTOQ6xnzZMAAAAAAAAAAAAAAQAAAQ.jpg,x22XN24XQiaxAuBA2h4LVQAAACMAARAD.jpg,0,342,107
A_BHAZQqSI3N4AAAAAAAAAAAAAAQAAAQ.jpg,A_-fnOTrhcN3oAAAAAAAAAAAAAAQAAAQ.jpg,0,252,243
A_OssPT5JNclsAAAAAAAAAAAAAAQAAAQ.jpg,A_OcK3SrWHKYAAAAAAAAAAAAAAAQAAAQ.jpg,0,269,187
A_3AbSRaIVmvwAAAAAAAAAAAAAAQAAAQ.jpg,A_dI4zSai8yk-dZNBKqTLbdAAAAQAAAQ.jpg,0,158,221
A_PXh2Q7BkVC0AAAAAAAAAAAAAAQAAAQ.jpg,A_jdqPRo2GPt0AAAAAAAAAAAAAAQAAAQ.jpg,0,122,115
A_ISDtSpuDW6MAAAAAAAAAAAAAAQAAAQ.jpg,A_vA8kSp4KcUUAAAAAAAAAAAAAAQAAAQ.jpg,0,287,141
O1CN01i3vtpY1iOA4ELUKNq_!!0-mtopupload.jpg,A_jXO8TqgUNaEAAAAAAAAAAAAAAQAAAQ.jpg,0,22,3
A_xx0YQr5BNq8AAAAAAAAAAAAAAQAAAQ.jpg,A_6CUMTK6sWtwAAAAAAAAAAAAAAQAAAQ.jpg,0,147,45
A_hnjSQ6SWtEUAAAAAAAAAAAAAAQAAAQ.jpg,A_VQ4tRoLu4e4AAAAAAAAAAAAAAQAAAQ.jpg,0,60,292
A_qQf9R5n-NaYAAAAAAAAAAAAAAQAAAQ.jpg,A_IeYUSZHnPzMAAAAAAAAAAAAAAQAAAQ.jpg,0,10,96
A_7mlCRqiHNywAAAAAAAAAAAAAAQAAAQ.jpg,hoWp7-3lQi-3jCssfpyVaAAAACMAARAD.jpg,0,215,166
A_HBC_SqXcNasAAAAAAAAAAAAAAQAAAQ.jpg,A_D4eMSbEh5C8AAAAAAAAAAAAAAQAAAQ.jpg,0,53,202
A_8yHrSI9wXtsAAAAAAAAAAAAAAQAAAQ.jpg,A_SJTyRbZbs-8AAAAAAAAAAAAAAQAAAQ.jpg,0,334,149
A_MqoKS5Y6Hm8AAAAAAAAAAAAAAQAAAQ.jpg,A_8RO8SZ_cRhQAAAAAAAAAAAAAAQAAAQ.jpg,0,333,303
A_2wBqTpzmeL3VldlEs7raLQAAAQAAAQ.jpg,A_e69VSbQ41GQAAAAAAAAAAAAAAQAAAQ.jpg,0,49,299
A_ffGlTZG85-QAAAAAAAAAAAAAAQAAAQ.jpg,A_8gLsQ6KuwHQAAAAAAAAAAAAAAQAAAQ.jpg,0,322,124
A_0SWCTYxPcBoAAAAAAAAAAAAAAQAAAQ.jpg,A_Y3QbRJDhWOYAAAAAAAAAAAAAAQAAAQ.jpg,0,156,324
A_OcaLQYiU_1EAAAAAAAAAAAAAAQAAAQ.jpg,A_jcJHTp85KP0AAAAAAAAAAAAAAQAAAQ.jpg,0,341,64
A_3Gb6Qa923JQAAAAAAAAAAAAAAQAAAQ.jpg,A_VRkpTYGugAYAAAAAAAAAAAAAAQAAAQ.jpg,0,225,69
A_Gr90SJv0YeoAAAAAAAAAAAAAAQAAAQ.jpg,A_WL-9S6XUXP8AAAAAAAAAAAAAAQAAAQ.jpg,0,161,230
A_EN1PTpOOkWkAAAAAAAAAAAAAAQAAAQ.jpg,dsoIAzfXQvGCsWjUbb4X8AAAACMAARAD.jpg,0,66,207
A_0mFaQoSKPVgAAAAAAAAAAAAAAQAAAQ.jpg,A_yBncQYqQkt4AAAAAAAAAAAAAAQAAAQ.jpg,0,87,250
A_8RO8SZ_cRhQAAAAAAAAAAAAAAQAAAQ.jpg,A_B17tQL9G7GAAAAAAAAAAAAAAAQAAAQ.jpg,0,303,331
A_9Hj6Q4nQNhEAAAAAAAAAAAAAAQAAAQ.jpg,A_NJrCQ405yccAAAAAAAAAAAAAAQAAAQ.jpg,0,299,100
A_Xt5tQpzDINoAAAAAAAAAAAAAAQAAAQ.jpg,A_PQ-mQpRZPwgAAAAAAAAAAAAAAQAAAQ.jpg,0,314,35
A_KTLqT5wpOLMAAAAAAAAAAAAAAQAAAQ.jpg,A_hPGSRoU0C8kAAAAAAAAAAAAAAQAAAQ.jpg,0,225,308
A_lYW0R4XDx60AAAAAAAAAAAAAAQAAAQ.jpg,A_59V-S7ievU8AAAAAAAAAAAAAAQAAAQ.jpg,0,280,349
32mJ2Fl5TkCqbcWzhvZbowAAACMAARAD.jpg,A_8xTQSLkd18MAAAAAAAAAAAAAAQAAAQ.jpg,0,70,125
A_j_V4R55jT3AAAAAAAAAAAAAAAQAAAQ.jpg,HuSWm8MwS8C21fYeSVVyagAAACMAARAD.jpg,0,96,134
A_nZIFTqwyAG0AAAAAAAAAAAAAAQAAAQ.jpg,J1CtsgliQ_Wz7dWKjUh9SwAAACMAARAD.jpg,0,341,307
A_guRwTo_PyEAAAAAAAAAAAAAAAQAAAQ.jpg,A_BXDpSpUjofgAAAAAAAAAAAAAAQAAAQ.jpg,0,185,68
A_TgAqQpXQPWgAAAAAAAAAAAAAAQAAAQ.jpg,A_N0opT5roVPAAAAAAAAAAAAAAAQAAAQ.jpg,0,139,242
A_ACqjTY_SpjgAAAAAAAAAAAAAAQAAAQ.jpg,A_Km6WQabbG9cAAAAAAAAAAAAAAQAAAQ.jpg,0,256,248
A_J1z5T53U6AcAAAAAAAAAAAAAAQAAAQ.jpg,A_OuUyQI8epH8AAAAAAAAAAAAAAQAAAQ.jpg,0,66,51
A_N0opT5roVPAAAAAAAAAAAAAAAQAAAQ.jpg,A_CoL5S4nhAgMAAAAAAAAAAAAAAQAAAQ.jpg,0,242,143
A_VW4rTbmlHh8AAAAAAAAAAAAAAQAAAQ.jpg,A_3skiQIpmWr0AAAAAAAAAAAAAAQAAAQ.jpg,0,336,319
A_yhhDQbrQfGd8ld9BhzssNAAAAQAAAQ.jpg,A_r5lyTqEh9NQAAAAAAAAAAAAAAQAAAQ.jpg,0,206,170
A_vdO2RolMKVcAAAAAAAAAAAAAAQAAAQ.jpg,A_YdltQ4U0sNcAAAAAAAAAAAAAAQAAAQ.jpg,0,98,275
A_7t6EQYxDYbYAAAAAAAAAAAAAAQAAAQ.jpg,A_LFTBTrq2so4AAAAAAAAAAAAAAQAAAQ.jpg,0,272,278
A_KlKMQ7YwUQUAAAAAAAAAAAAAAQAAAQ.jpg,A_BTGhRL3hvxwAAAAAAAAAAAAAAQAAAQ.jpg,0,269,0
A_BelDQrZMthQAAAAAAAAAAAAAAQAAAQ.jpg,Fv9FYvAkQc6AGTP11upBrwAAACMAARAD.jpg,0,217,4
A_7I0SQrB2PW8AAAAAAAAAAAAAAQAAAQ.jpg,A_TETcSo4ZDCgAAAAAAAAAAAAAAQAAAQ.jpg,0,84,205
A_SVMaQLMJtYIAAAAAAAAAAAAAAQAAAQ.jpg,A_KvIqQII-39YAAAAAAAAAAAAAAQAAAQ.jpg,0,238,233
A_H9sqSpSYeukAAAAAAAAAAAAAAQAAAQ.jpg,elFmGazMSCiTA9cBKwcuMwAAACMAARAD.jpg,0,105,327
A_MqoKS5Y6Hm8AAAAAAAAAAAAAAQAAAQ.jpg,A_2SYrSID-5CkAAAAAAAAAAAAAAQAAAQ.jpg,0,333,181
A_iyCnSJYS2eQAAAAAAAAAAAAAAQAAAQ.jpg,A_ItmHSrXG59IAAAAAAAAAAAAAAQAAAQ.jpg,0,312,179
A_5RnLQp7mKNsAAAAAAAAAAAAAAQAAAQ.jpg,A_eKNXQLRk11AAAAAAAAAAAAAAAQAAAQ.jpg,0,130,112
A_Dl-rQYisXAQAAAAAAAAAAAAAAQAAAQ.jpg,A_M6uVTLJ2EukAAAAAAAAAAAAAAQAAAQ.jpg,0,37,331
A_kLiUS4oxWiEAAAAAAAAAAAAAAQAAAQ.jpg,jjWLPK10Q3S11BG3fnopQgAAACMAARAD.jpg,0,171,188
A_j8CBQYr_ECQAAAAAAAAAAAAAAQAAAQ.jpg,A_cUEKTLA6SR4AAAAAAAAAAAAAAQAAAQ.jpg,0,185,312
A_hPGSRoU0C8kAAAAAAAAAAAAAAQAAAQ.jpg,A_izLaT4q7z-8AAAAAAAAAAAAAAQAAAQ.jpg,0,308,160
A_BUCBRov7kcoAAAAAAAAAAAAAAQAAAQ.jpg,A_wgQ0TJWkZmUAAAAAAAAAAAAAAQAAAQ.jpg,0,170,19
A_b-8qRr28s_QAAAAAAAAAAAAAAQAAAQ.jpg,A_2V9eS67BcuUAAAAAAAAAAAAAAQAAAQ.jpg,0,130,238
A_KW5iQISstkQAAAAAAAAAAAAAAQAAAQ.jpg,A_4cscRbyF-t8AAAAAAAAAAAAAAQAAAQ.jpg,0,146,312
A_uOCiT40f578AAAAAAAAAAAAAAQAAAQ.jpg,C7LFRq-yQ3al5ElDQWDhUAAAACMAARAD.jpg,0,347,310
wlvKhmPsRnuzCvy0hg9dSQAAACMAARAD.jpg,A_f7WbRLWc904AAAAAAAAAAAAAAQAAAQ.jpg,0,282,142
A_wxWxSZH1r_QAAAAAAAAAAAAAAQAAAQ.jpg,A_rMDcQZ59WB8AAAAAAAAAAAAAAQAAAQ.jpg,0,293,97
A_KQxIT7wL_kgAAAAAAAAAAAAAAQAAAQ.jpg,A_nec0R4X7desAAAAAAAAAAAAAAQAAAQ.jpg,0,18,189
5Ex230jYRSyT4TtBSWJ8EwAAACMAARAD.jpg,A_Zo3FTaoKRGMAAAAAAAAAAAAAAQAAAQ.jpg,0,71,325
32mJ2Fl5TkCqbcWzhvZbowAAACMAARAD.jpg,A_JzxkRq5CL7UKXIZGrRlzfQAAAQAAAQ.jpg,0,70,216
A_krhJT7X9SC0AAAAAAAAAAAAAAQAAAQ.jpg,A_aBdGT4bei2QAAAAAAAAAAAAAAQAAAQ.jpg,0,60,233
A_HII8R5WzRQ4AAAAAAAAAAAAAAQAAAQ.jpg,A_lXDEQaoW4GsAAAAAAAAAAAAAAQAAAQ.jpg,0,179,125
A_Zq-wSaT7ot8AAAAAAAAAAAAAAQAAAQ.jpg,A_JhozTLdUXBAAAAAAAAAAAAAAAQAAAQ.jpg,0,1,238
A_MzYDRI1zIykAAAAAAAAAAAAAAQAAAQ.jpg,A_sqlbQYqQlFAAAAAAAAAAAAAAAQAAAQ.jpg,0,122,158
A_hmzySYUBMZIAAAAAAAAAAAAAAQAAAQ.jpg,A_T5AVSb-PcwMAAAAAAAAAAAAAAQAAAQ.jpg,0,38,98
A__V74SLTYzbMAAAAAAAAAAAAAAQAAAQ.jpg,A_cXEhQ5lI-kAAAAAAAAAAAAAAAQAAAQ.jpg,0,268,154
bLTeDYoJSBixVjfTNNJNCwAAACMAARAD.jpg,xPWXoOz0RJ2uGy381aUq9wAAACMAARAD.jpg,0,70,348
A_kJ_2RJ5mMIMAAAAAAAAAAAAAAQAAAQ.jpg,A_T1teTI7MnHUAAAAAAAAAAAAAAQAAAQ.jpg,0,32,152
A_Cl0sQ69mrY4AAAAAAAAAAAAAAQAAAQ.jpg,A_sfE-TqYrEMMAAAAAAAAAAAAAAQAAAQ.jpg,0,341,93
A_jZ1QQ773-Q8AAAAAAAAAAAAAAQAAAQ.jpg,A_Q8HDR58ZuAwAAAAAAAAAAAAAAQAAAQ.jpg,0,98,251
A_tTIcQp5givIAAAAAAAAAAAAAAQAAAQ.jpg,A_SUhQQqbmlOwAAAAAAAAAAAAAAQAAAQ.jpg,0,5,168
A_xl9CQIhvmFsAAAAAAAAAAAAAAQAAAQ.jpg,A_BRtzS61gGD4AAAAAAAAAAAAAAQAAAQ.jpg,0,313,82
A_opSGQJhnNSMAAAAAAAAAAAAAAQAAAQ.jpg,A_s-BYTbC6hKgAAAAAAAAAAAAAAQAAAQ.jpg,0,286,162
A_eUwvR77C5UwAAAAAAAAAAAAAAQAAAQ.jpg,w9YQq4_NScePMhUzHiU7ugAAACMAARAD.jpg,0,65,166
A_DsowTrYbJyAAAAAAAAAAAAAAAQAAAQ.jpg,A_l_WDRZSqqCQAAAAAAAAAAAAAAQAAAQ.jpg,0,45,1
A_FOIbSaYkQ0MAAAAAAAAAAAAAAQAAAQ.jpg,dsoua9awQ96zA43Lqf2KVgAAACMAARAD.jpg,0,80,226
A_C1q8QJNLNrEAAAAAAAAAAAAAAQAAAQ.jpg,A_wxWxSZH1r_QAAAAAAAAAAAAAAQAAAQ.jpg,0,336,293
A_Zq-wSaT7ot8AAAAAAAAAAAAAAQAAAQ.jpg,A_wsMpQbMfJyAAAAAAAAAAAAAAAQAAAQ.jpg,0,1,125
A_OQeoS4r3iwoAAAAAAAAAAAAAAQAAAQ.jpg,A_HfAITJMN8P8AAAAAAAAAAAAAAQAAAQ.jpg,0,284,136
A_Ij0mS4-M_jMAAAAAAAAAAAAAAQAAAQ.jpg,kVx_E1ohTniMFhLQU_YaagAAACMAARAD.jpg,0,339,316
i_qZgpvUQ6CuKFZzKixaaQAAACMAARAD.jpg,A_9TXZTICb-ssAAAAAAAAAAAAAAQAAAQ.jpg,0,323,189
A_RU49RpH8I6MAAAAAAAAAAAAAAQAAAQ.jpg,A_nIZXQ4X15HUAAAAAAAAAAAAAAQAAAQ.jpg,0,270,100
A_ymwwSJZai5IAAAAAAAAAAAAAAQAAAQ.jpg,A_HCX2Trvkdz8AAAAAAAAAAAAAAQAAAQ.jpg,0,122,103
A_7zNRSYbqsoAAAAAAAAAAAAAAAQAAAQ.jpg,A_7aSXR6UMp8sAAAAAAAAAAAAAAQAAAQ.jpg,0,130,115
A_SHknSoOqca0AAAAAAAAAAAAAAQAAAQ.jpg,A__iSlQZS0IuEAAAAAAAAAAAAAAQAAAQ.jpg,0,161,197
A_FxEiTbFDhBMAAAAAAAAAAAAAAQAAAQ.jpg,A_Efp6QLrSZ-gAAAAAAAAAAAAAAQAAAQ.jpg,0,21,274
f6GMYs9cRVe3Vy5EDVVBpgAAACMAARAD.jpg,A_hFIsQqIAQwEAAAAAAAAAAAAAAQAAAQ.jpg,0,291,81
A_vaaqQKunbZkAAAAAAAAAAAAAAQAAAQ.jpg,A_nec0R4X7desAAAAAAAAAAAAAAQAAAQ.jpg,0,141,189
A_Pgp4TYloAOwAAAAAAAAAAAAAAQAAAQ.jpg,A_Zq-wSaT7ot8AAAAAAAAAAAAAAQAAAQ.jpg,0,281,1
A_jifTQ68G374AAAAAAAAAAAAAAQAAAQ.jpg,A_HlrvTLj4tU8AAAAAAAAAAAAAAQAAAQ.jpg,0,42,289
A_FYeLRIlqv1sAAAAAAAAAAAAAAQAAAQ.jpg,A_8gLsQ6KuwHQAAAAAAAAAAAAAAQAAAQ.jpg,0,318,124
a_y5GjiXSBqOEP8KG75kswAAACMAARED.jpg,A__pBPR5UaDJ8AAAAAAAAAAAAAAQAAAQ.jpg,0,174,229
A_Q6HgTaP6E2QAAAAAAAAAAAAAAQAAAQ.jpg,A_uskbRJwK4XwAAAAAAAAAAAAAAQAAAQ.jpg,0,179,154
nkgYYoZXQzq6kUQOjL6cQgAAACMAARAD.jpg,A_TfOESrI_z3wAAAAAAAAAAAAAAQAAAQ.jpg,0,190,320
A_Z9O5TZhkv2IAAAAAAAAAAAAAAQAAAQ.jpg,A_O-HYQbAzM04AAAAAAAAAAAAAAQAAAQ.jpg,0,227,61
A_FbS7RJkTRPNfx85Au_Zp3gAAAQAAAQ.jpg,A_J1qLRIBVPRwAAAAAAAAAAAAAAQAAAQ.jpg,0,99,151
A_AZo8QKwUkYAAAAAAAAAAAAAAAQAAAQ.jpg,A_f8MgS5sAGg0AAAAAAAAAAAAAAQAAAQ.jpg,0,263,93
A_mwleR627z8oAAAAAAAAAAAAAAQAAAQ.jpg,A_-mntSLpmrZwAAAAAAAAAAAAAAQAAAQ.jpg,0,276,149
A_PD58S5qjNQoAAAAAAAAAAAAAAQAAAQ.jpg,A_YGM9RqelARIAAAAAAAAAAAAAAQAAAQ.jpg,0,262,250
A_LTsOT5XBs1cAAAAAAAAAAAAAAQAAAQ.jpg,A_dNSRRpBZtmMAAAAAAAAAAAAAAQAAAQ.jpg,0,270,48
A_BUreSr9QuYgAAAAAAAAAAAAAAQAAAQ.jpg,A_E3hiQIEwtSkAAAAAAAAAAAAAAQAAAQ.jpg,0,337,142
A_CJEPQZwY7_IAAAAAAAAAAAAAAQAAAQ.jpg,A_VQ4tRoLu4e4AAAAAAAAAAAAAAQAAAQ.jpg,0,191,292
A_QvWcTaeceMIAAAAAAAAAAAAAAQAAAQ.jpg,A_Jz60TodhpGjXzl5IpWUeAQAAAQAAAQ.jpg,0,69,99
A_Rc01QbuRw5YAAAAAAAAAAAAAAQAAAQ.jpg,A_Oj4CRqQrUiUAAAAAAAAAAAAAAQAAAQ.jpg,0,136,176
A_FyXHS6lwH00AAAAAAAAAAAAAAQAAAQ.jpg,A_djD3Q5SP9N0AAAAAAAAAAAAAAQAAAQ.jpg,0,142,32
A_AVz3Sb7iIKwAAAAAAAAAAAAAAQAAAQ.jpg,A_AKdFRp5BRZYAAAAAAAAAAAAAAQAAAQ.jpg,0,167,162
A_qQm9SqhVmh8AAAAAAAAAAAAAAQAAAQ.jpg,A_S7r7Srj5r_wAAAAAAAAAAAAAAQAAAQ.jpg,0,135,313
A_rmRYSoi_81sAAAAAAAAAAAAAAQAAAQ.jpg,z7SRCrsfQqCFkfL-WxvKkAAAACMAARAD.jpg,0,218,20
A_fDM3T7_Er0wAAAAAAAAAAAAAAQAAAQ.jpg,ee9SWo2zTeyS2Xh3WfHGaQAAACMAARAD.jpg,0,21,155
A_s-BYTbC6hKgAAAAAAAAAAAAAAQAAAQ.jpg,A_92a6Tq_Mr68AAAAAAAAAAAAAAQAAAQ.jpg,0,162,175
A_5XhqT50fyW4AAAAAAAAAAAAAAQAAAQ.jpg,HekMXIAUTl2HXeAFu4VTAgAAACMAARAD.jpg,0,101,164
A_Jz60TodhpGgUYFBLnH7ZnAAAAQAAAQ.jpg,gssR255rQKW-hXQD0Y7E_AAAACMAARAD.jpg,0,99,120
A_D_SeQ4c--GwAAAAAAAAAAAAAAQAAAQ.jpg,A_DV2SR5jhC0wAAAAAAAAAAAAAAQAAAQ.jpg,0,309,34
A_W9fQSKt4JzUAAAAAAAAAAAAAAQAAAQ.jpg,ee9SWo2zTeyS2Xh3WfHGaQAAACMAARAD.jpg,0,95,155
A_gceJT5IcfZ4AAAAAAAAAAAAAAQAAAQ.jpg,A_XMPcQI5Fqs0AAAAAAAAAAAAAAQAAAQ.jpg,0,40,159
A_TYp9Q40PjSUAAAAAAAAAAAAAAQAAAQ.jpg,A_uskbRJwK4XwAAAAAAAAAAAAAAQAAAQ.jpg,0,149,154
dRX2p0mwRrumfcxLhB9tHAAAACMAARAD.jpg,A_chnJTr6v4Y8AAAAAAAAAAAAAAQAAAQ.jpg,0,6,216
A_iTDeS5OoNC4AAAAAAAAAAAAAAQAAAQ.jpg,M00cOfTlQD-7SbSDoVEZiwAAACMAARAD.jpg,0,328,323
A_cU0aRI8xDi0AAAAAAAAAAAAAAQAAAQ.jpg,A_TIBEQZKlgbsAAAAAAAAAAAAAAQAAAQ.jpg,0,156,237
A_cFBbQb-i068AAAAAAAAAAAAAAQAAAQ.jpg,A_jyxVSZAdZnkAAAAAAAAAAAAAAQAAAQ.jpg,0,16,299
A_vtg4QphXQk8AAAAAAAAAAAAAAQAAAQ.jpg,A_v2AMTqrkHXgAAAAAAAAAAAAAAQAAAQ.jpg,0,236,163
A_ZLTNQ5wA3ndGXjRCsAnKcwAAAQAAAQ.jpg,A_BT-TSJ2u3kMAAAAAAAAAAAAAAQAAAQ.jpg,0,63,279
A_ePq8Ras0owIAAAAAAAAAAAAAAQAAAQ.jpg,A_Vj6TRJ-ZsmwAAAAAAAAAAAAAAQAAAQ.jpg,0,320,63
A_WD_RToG7TiEAAAAAAAAAAAAAAQAAAQ.jpg,dTUY37UVRheaLCsCQ6X01AAAACMAARAD.jpg,0,301,349
A__V74SLTYzbMAAAAAAAAAAAAAAQAAAQ.jpg,A_VNPxS4voAo4AAAAAAAAAAAAAAQAAAQ.jpg,0,268,49
A_ESFIRqtAdmEAAAAAAAAAAAAAAQAAAQ.jpg,A_mFe3QKV54XcAAAAAAAAAAAAAAQAAAQ.jpg,0,106,185
A_PR05ToNQKfQAAAAAAAAAAAAAAQAAAQ.jpg,T3Ow5yM2ThqSP6KFh8RfwAAAACMAARAD.jpg,0,212,282
A_HrtOQaj2IdIAAAAAAAAAAAAAAQAAAQ.jpg,A_45ZeSYlRX04AAAAAAAAAAAAAAQAAAQ.jpg,0,266,338
A_GPn_QKLHezwAAAAAAAAAAAAAAQAAAQ.jpg,A_ZLO-T6B44-QAAAAAAAAAAAAAAQAAAQ.jpg,0,116,138
A_fdXCTprSOxYAAAAAAAAAAAAAAQAAAQ.jpg,A_q1-cSYaye8AAAAAAAAAAAAAAAQAAAQ.jpg,0,339,279
A_G_d-SZ5LZZsAAAAAAAAAAAAAAQAAAQ.jpg,J1CtsgliQ_Wz7dWKjUh9SwAAACMAARAD.jpg,0,143,307
frarTD7lTOqgeRc7RMPqNQAAACMAARAD.jpg,A_HblBQpqvsuIAAAAAAAAAAAAAAQAAAQ.jpg,0,188,225
A_rlcDQb1PUYMAAAAAAAAAAAAAAQAAAQ.jpg,s5_LPbJATXy82lMu1uSeJQAAACMAARAD.jpg,0,197,348
A_ufHTQ6U54sAAAAAAAAAAAAAAAQAAAQ.jpg,A_jJAcQ7WPCaYAAAAAAAAAAAAAAQAAAQ.jpg,0,41,17
A_fdXCTprSOxYAAAAAAAAAAAAAAQAAAQ.jpg,A_UM9FRqczn4sAAAAAAAAAAAAAAQAAAQ.jpg,0,339,42
A_gMo-T6IQdv0AAAAAAAAAAAAAAQAAAQ.jpg,A_tdauTaw260cAAAAAAAAAAAAAAQAAAQ.jpg,0,215,264
YogXrvTpT3CF9S-8BEORggAAACMAARAD.jpg,KtjlPeKCRb-0vismjLY7MgAAACMAARED.jpg,0,71,128
A_UbkTQI6a8oMAAAAAAAAAAAAAAQAAAQ.jpg,elfhVqTdQpWv6R3PsHqMjQAAACMAARAD.jpg,0,61,188
A_04oDR5lbyT4AAAAAAAAAAAAAAQAAAQ.jpg,A_JQmhRLsCpowAAAAAAAAAAAAAAQAAAQ.jpg,0,163,127
A__sCTTLlfQsMAAAAAAAAAAAAAAQAAAQ.jpg,A_B17tQL9G7GAAAAAAAAAAAAAAAQAAAQ.jpg,0,158,331
A_cG_XSostq6UAAAAAAAAAAAAAAQAAAQ.jpg,A_des9TqTtlVkAAAAAAAAAAAAAAQAAAQ.jpg,0,255,230
A_xigkRLl7oW4AAAAAAAAAAAAAAQAAAQ.jpg,A_NuL2TKMEwowAAAAAAAAAAAAAAQAAAQ.jpg,0,230,265
A_0gczRYEcMd0AAAAAAAAAAAAAAQAAAQ.jpg,2d-0eWw0TDKv5kSoh012ogAAACMAARAD.jpg,0,193,316
A_pOfiQ7jDy15GaENDjjN7nQAAAQAAAQ.jpg,A_XQs-QoHKkXEAAAAAAAAAAAAAAQAAAQ.jpg,0,13,217
A_I5KDRLmGgB8AAAAAAAAAAAAAAQAAAQ.jpg,A_xteZTaHHkAYAAAAAAAAAAAAAAQAAAQ.jpg,0,296,205
wIszWZIYQC224vOq0XhO2gAAACMAARAD.jpg,A_zmLbTK7Eq7wAAAAAAAAAAAAAAQAAAQ.jpg,0,186,201
A_kJ_2RJ5mMIMAAAAAAAAAAAAAAQAAAQ.jpg,A_i-nLRI_4Z-QAAAAAAAAAAAAAAQAAAQ.jpg,0,32,313
A_g9LKSo8QMHwAAAAAAAAAAAAAAQAAAQ.jpg,A_stIeTZ6xLSQAAAAAAAAAAAAAAQAAAQ.jpg,0,173,172
A_9f9RQYMEDW8AAAAAAAAAAAAAAQAAAQ.jpg,8quPjI33SE-iyYx4UOnjkQAAACMAARAD.jpg,0,338,68
A_o6_aR5P_rB8AAAAAAAAAAAAAAQAAAQ.jpg,A_c_ljRZmOJuEAAAAAAAAAAAAAAQAAAQ.jpg,0,217,214
A_ZX7pT4uWMgsAAAAAAAAAAAAAAQAAAQ.jpg,A_acoIRKkS4KMAAAAAAAAAAAAAAQAAAQ.jpg,0,268,336
A_gR_YR4d18TQAAAAAAAAAAAAAAQAAAQ.jpg,A_Ieo9SKFx2U0AAAAAAAAAAAAAAQAAAQ.jpg,0,127,82
A_HpuYSqu1uvMAAAAAAAAAAAAAAQAAAQ.jpg,bcn92ETmR3OJk3KR9IsmiQAAACMAARAD.jpg,0,40,307
A_BoE9RJCkeVUAAAAAAAAAAAAAAQAAAQ.jpg,A_k4waQ5pENTsAAAAAAAAAAAAAAQAAAQ.jpg,0,237,183
1yv1XFmYQIqGC3ETpIuU2QAAACMAARAD.jpg,A_t6YXSrkNSwoAAAAAAAAAAAAAAQAAAQ.jpg,0,70,98
A_OqmKRqgaZiAAAAAAAAAAAAAAAQAAAQ.jpg,A_cwILQL0IAHcAAAAAAAAAAAAAAQAAAQ.jpg,0,193,83
A_oSb4R7rSOcQAAAAAAAAAAAAAAQAAAQ.jpg,A_QYfVToXTeu0AAAAAAAAAAAAAAQAAAQ.jpg,0,47,229
A_0RXtQrcbVQMAAAAAAAAAAAAAAQAAAQ.jpg,_YxN02DfQ7OUYkwftQP0QQAAACMAARAD.jpg,0,223,166
A_0eHqSotZJB4AAAAAAAAAAAAAAQAAAQ.jpg,A_eKNXQLRk11AAAAAAAAAAAAAAAQAAAQ.jpg,0,126,112
A_izqHSKPN0SsAAAAAAAAAAAAAAQAAAQ.jpg,W2GbcBOXQ8S9PGJqLQppPQAAACMAARED.jpg,0,281,209
A_0elSSaRbFWQAAAAAAAAAAAAAAQAAAQ.jpg,A_p5ntSLcrva4AAAAAAAAAAAAAAQAAAQ.jpg,0,46,202
A_Y2VTRawsj20AAAAAAAAAAAAAAQAAAQ.jpg,A_u5XySKZ9cywAAAAAAAAAAAAAAQAAAQ.jpg,0,250,274
A_OrR4RrU6OP0AAAAAAAAAAAAAAQAAAQ.jpg,A_-bJ-Q4552o0AAAAAAAAAAAAAAQAAAQ.jpg,0,212,50
A__cLMQbU4SS0AAAAAAAAAAAAAAQAAAQ.jpg,A_dx0gTp9A5A0AAAAAAAAAAAAAAQAAAQ.jpg,0,184,105
A_JO5ZSKO_S7YAAAAAAAAAAAAAAQAAAQ.jpg,A_Z_9gQIR_rVkAAAAAAAAAAAAAAQAAAQ.jpg,0,269,44
A_p5ntSLcrva4AAAAAAAAAAAAAAQAAAQ.jpg,A_ChqmSJ1Ok-IAAAAAAAAAAAAAAQAAAQ.jpg,0,202,153
A_4rjUSryl48IAAAAAAAAAAAAAAQAAAQ.jpg,A_D9o9T7zICSYbaeZMlwxEKQAAAQAAAQ.jpg,0,317,113
A_qB4QT6PpWG8AAAAAAAAAAAAAAQAAAQ.jpg,uwbM_KZaT4WXCQZJ66Ib_QAAACMAARAD.jpg,0,242,192
w9YQq4_NScePMhUzHiU7ugAAACMAARAD.jpg,A_pgK-T52w7eYAAAAAAAAAAAAAAQAAAQ.jpg,0,166,172
A_H9sqSpSYeukAAAAAAAAAAAAAAQAAAQ.jpg,A_zkBxSpasz7MAAAAAAAAAAAAAAQAAAQ.jpg,0,105,73
A_dBt-RKWXGVIAAAAAAAAAAAAAAQAAAQ.jpg,A_GMLtS7vMkDMAAAAAAAAAAAAAAQAAAQ.jpg,0,89,241
A_vzFyQL-m9f0AAAAAAAAAAAAAAQAAAQ.jpg,A_s3yWQZRsWqMAAAAAAAAAAAAAAQAAAQ.jpg,0,11,176
A_d4wUQoUvZxsAAAAAAAAAAAAAAQAAAQ.jpg,A_mHpGR5oYn_kAAAAAAAAAAAAAAQAAAQ.jpg,0,247,320
A_Mr_oTZ8LdmUAAAAAAAAAAAAAAQAAAQ.jpg,A_Hp9BSaTeieAAAAAAAAAAAAAAAQAAAQ.jpg,0,181,29
A_L9_gSaoQ_w8AAAAAAAAAAAAAAQAAAQ.jpg,A_aOn9RpOdtFIAAAAAAAAAAAAAAQAAAQ.jpg,0,234,172
A_Or1GTqTym0AAAAAAAAAAAAAAAQAAAQ.jpg,Sz6t1kxuSjqrB9PpBED6oAAAACMAARED.jpg,0,170,54
A_3RTJT4kY-YoAAAAAAAAAAAAAAQAAAQ.jpg,qvyQGoFhTm69RSHS-41E9QAAACMAARAD.jpg,0,118,209
A_sw55T7tdUW8AAAAAAAAAAAAAAQAAAQ.jpg,A_nZIFTqwyAG0AAAAAAAAAAAAAAQAAAQ.jpg,0,29,341
8iDXzLM4RtOtrlot95uL0AAAACMAARAD.jpg,A_0-1yQb8M0NoAAAAAAAAAAAAAAQAAAQ.jpg,0,307,46
A_-JEPRbD0J4AAAAAAAAAAAAAAAQAAAQ.jpg,A_0DqmSI5YLTYAAAAAAAAAAAAAAQAAAQ.jpg,0,256,87
A_7_k1RLN9nvMAAAAAAAAAAAAAAQAAAQ.jpg,A_CoL5S4nhAgMAAAAAAAAAAAAAAQAAAQ.jpg,0,254,143
tZ9Ffj0eTdiamVFL64HrAwAAACMAARAD.jpg,A_K-1tRZOChRUAAAAAAAAAAAAAAQAAAQ.jpg,0,72,181
A_1BkkT5s3pZkAAAAAAAAAAAAAAQAAAQ.jpg,A_Pgp4TYloAOwAAAAAAAAAAAAAAQAAAQ.jpg,0,304,281
w3FwASvhSDy_zI6aKPh33gAAACMAARAD.jpg,A_lOYRTrARg8kAAAAAAAAAAAAAAQAAAQ.jpg,0,327,285
B4vLF17OQ7iz0JDSOsJBYwAAACMAARAD.jpg,A_nvhUSpQWokYAAAAAAAAAAAAAAQAAAQ.jpg,0,71,203
A_8qvqS61s-g4AAAAAAAAAAAAAAQAAAQ.jpg,A_Z9O5TZhkv2IAAAAAAAAAAAAAAQAAAQ.jpg,0,332,227
A_9jzqQrTHgCQAAAAAAAAAAAAAAQAAAQ.jpg,A_--O-TYvJMXwAAAAAAAAAAAAAAQAAAQ.jpg,0,126,191
A_5BrdQ7yMxs4AAAAAAAAAAAAAAQAAAQ.jpg,A_gceJT5IcfZ4AAAAAAAAAAAAAAQAAAQ.jpg,0,213,40
A_3RTJT4kY-YoAAAAAAAAAAAAAAQAAAQ.jpg,A_ywmfQoWVLnUAAAAAAAAAAAAAAQAAAQ.jpg,0,118,78
A_LsbQTaqu05YAAAAAAAAAAAAAAQAAAQ.jpg,A_8P78SYHj8vsAAAAAAAAAAAAAAQAAAQ.jpg,0,146,312
A_7HodQI2rtSUAAAAAAAAAAAAAAQAAAQ.jpg,A_tmV0SKPNXSUAAAAAAAAAAAAAAQAAAQ.jpg,0,24,169
A_uJmSS6jwC_EAAAAAAAAAAAAAAQAAAQ.jpg,A_I4uaQKtPPhAAAAAAAAAAAAAAAQAAAQ.jpg,0,151,329
kVx_E1ohTniMFhLQU_YaagAAACMAARAD.jpg,A_ymwwSJZai5IAAAAAAAAAAAAAAQAAAQ.jpg,0,316,122
A_05zKQb6bySIAAAAAAAAAAAAAAQAAAQ.jpg,A_cG_XSostq6UAAAAAAAAAAAAAAQAAAQ.jpg,0,216,255
5xr55tW6SGCb4W78k-0IXwAAACMAARAD.jpg,A_1LQLSI-tEM4AAAAAAAAAAAAAAQAAAQ.jpg,0,211,278
A_5GYYRZ6SqLkAAAAAAAAAAAAAAQAAAQ.jpg,A_wsMpQbMfJyAAAAAAAAAAAAAAAQAAAQ.jpg,0,270,125
A_C1q8QJNLNrEAAAAAAAAAAAAAAQAAAQ.jpg,A_C0vvSpWL_JsAAAAAAAAAAAAAAQAAAQ.jpg,0,336,121
A_1BkkT5s3pZkAAAAAAAAAAAAAAQAAAQ.jpg,A_XSdhTajB4_kAAAAAAAAAAAAAAQAAAQ.jpg,0,304,243
A_bBofSp4thsQAAAAAAAAAAAAAAQAAAQ.jpg,A_BUCBRov7kcoAAAAAAAAAAAAAAQAAAQ.jpg,0,45,170
A_OgM_S7d4Lu0AAAAAAAAAAAAAAQAAAQ.jpg,A_HngbSJVJVYUAAAAAAAAAAAAAAQAAAQ.jpg,0,163,112
A_aDKBQ7mM76cAAAAAAAAAAAAAAQAAAQ.jpg,A_WgcxSLmAZ9YAAAAAAAAAAAAAAQAAAQ.jpg,0,256,15
A_GWDtRJ-PEYIAAAAAAAAAAAAAAQAAAQ.jpg,unXpdCHiSwq1IsIo2bI8PAAAACMAARAD.jpg,0,142,70
A_voYkQZD7EsEAAAAAAAAAAAAAAQAAAQ.jpg,A_HBC_SqXcNasAAAAAAAAAAAAAAQAAAQ.jpg,0,91,53
A_7OgCTLT7J9AAAAAAAAAAAAAAAQAAAQ.jpg,A_ufHTQ6U54sAAAAAAAAAAAAAAAQAAAQ.jpg,0,2,41
A__iBTRLnSgRsAAAAAAAAAAAAAAQAAAQ.jpg,A_KTLqT5wpOLMAAAAAAAAAAAAAAQAAAQ.jpg,0,308,225
A_CKxEQpBINjYAAAAAAAAAAAAAAQAAAQ.jpg,A_D5prT4UpL5EAAAAAAAAAAAAAAQAAAQ.jpg,0,43,87
A_V03gR7K90bIAAAAAAAAAAAAAAQAAAQ.jpg,A_YwS1QpL6r01b6sxKihNftwAAAQAAAQ.jpg,0,220,248
A_xl9CQIhvmFsAAAAAAAAAAAAAAQAAAQ.jpg,A_Or1GTqTym0AAAAAAAAAAAAAAAQAAAQ.jpg,0,313,170
A_9kHiQJnyRo4AAAAAAAAAAAAAAQAAAQ.jpg,A_CXMsQL5lJd8AAAAAAAAAAAAAAQAAAQ.jpg,0,235,246
4zN2JMNhQYWDS2AtX0u64wAAACMAARAD.jpg,A_V3ppS6VZwMoAAAAAAAAAAAAAAQAAAQ.jpg,0,54,340
A_0VjnQoOyQFYAAAAAAAAAAAAAAQAAAQ.jpg,A_9z7ISKHMk40AAAAAAAAAAAAAAQAAAQ.jpg,0,119,334
A_DNjCS6LPySIAAAAAAAAAAAAAAQAAAQ.jpg,A_KRnoQ5ccGD4AAAAAAAAAAAAAAQAAAQ.jpg,0,272,235
A_B5PLRYT7qakAAAAAAAAAAAAAAQAAAQ.jpg,7ACCezYsSqiEz-zehRjeGAAAACMAARAD.jpg,0,228,310
A_LaJXSLgvcWABL0VDvY1hqgAAAQAAAQ.jpg,A_nIZXQ4X15HUAAAAAAAAAAAAAAQAAAQ.jpg,0,185,100
A_BUCBRov7kcoAAAAAAAAAAAAAAQAAAQ.jpg,A_higyRahZ3-cAAAAAAAAAAAAAAQAAAQ.jpg,0,170,266
A_p01WSpLvktkAAAAAAAAAAAAAAQAAAQ.jpg,A_qbU3SpMKod4AAAAAAAAAAAAAAQAAAQ.jpg,0,136,240
A_Y5j1R78FBNEAAAAAAAAAAAAAAQAAAQ.jpg,A_lZcdSrXwlt8AAAAAAAAAAAAAAQAAAQ.jpg,0,231,102
A_gWzlTqoUv50AAAAAAAAAAAAAAQAAAQ.jpg,A_qL1DQ52JFAsAAAAAAAAAAAAAAQAAAQ.jpg,0,239,44
A_qi_5T4aATlcAAAAAAAAAAAAAAQAAAQ.jpg,A_kiLeTKqEGUkAAAAAAAAAAAAAAQAAAQ.jpg,0,261,1
A_EVPKRbZgOYgAAAAAAAAAAAAAAQAAAQ.jpg,A_OeVtR5t3G6UAAAAAAAAAAAAAAQAAAQ.jpg,0,136,28
A_LWb7SL9pX8IAAAAAAAAAAAAAAQAAAQ.jpg,A_cKL1QqoK8C4AAAAAAAAAAAAAAQAAAQ.jpg,0,98,111
A_ymJiRJSSrC0AAAAAAAAAAAAAAQAAAQ.jpg,A_zXH8RZzfr1cAAAAAAAAAAAAAAQAAAQ.jpg,0,12,196
A_gaFyQKDOiR8AAAAAAAAAAAAAAQAAAQ.jpg,M00cOfTlQD-7SbSDoVEZiwAAACMAARAD.jpg,0,35,323
A_lU5xT7JfAoEAAAAAAAAAAAAAAQAAAQ.jpg,QQxyNEuVSAWRtd0Fk3TSiAAAACMAARAD.jpg,0,317,192
A_FOOWRLdgH6EAAAAAAAAAAAAAAQAAAQ.jpg,A_9AyaT5Y4vaoAAAAAAAAAAAAAAQAAAQ.jpg,0,42,200
A_DTn9RaIFKaUAAAAAAAAAAAAAAQAAAQ.jpg,A_GtpMTbLtVR4AAAAAAAAAAAAAAQAAAQ.jpg,0,246,319
A_xgEcQJU0HaoAAAAAAAAAAAAAAQAAAQ.jpg,A_1OujSoSRAr8AAAAAAAAAAAAAAQAAAQ.jpg,0,273,292
Ej2g9nnhTLyYvf0RFPPZMgAAACMAARAD.jpg,A_O8IBS7bcXMAAAAAAAAAAAAAAAQAAAQ.jpg,0,177,196
A_VsLNT7sWz3wAAAAAAAAAAAAAAQAAAQ.jpg,A_2V9eS67BcuUAAAAAAAAAAAAAAQAAAQ.jpg,0,322,238
A_5TYSRLGnvfEAAAAAAAAAAAAAAQAAAQ.jpg,s5_LPbJATXy82lMu1uSeJQAAACMAARAD.jpg,0,214,348
A_aU59RJLl9L4AAAAAAAAAAAAAAQAAAQ.jpg,A_EUqYT7AVrh4AAAAAAAAAAAAAAQAAAQ.jpg,0,32,154
A_avXxR4A0gikAAAAAAAAAAAAAAQAAAQ.jpg,A__jF0T41lCBMAAAAAAAAAAAAAAQAAAQ.jpg,0,280,218
A_kQDWQJm3qKQAAAAAAAAAAAAAAQAAAQ.jpg,A_iAk4T7b-HD4AAAAAAAAAAAAAAQAAAQ.jpg,0,32,337
bcn92ETmR3OJk3KR9IsmiQAAACMAARAD.jpg,YDkF-IExTl-pKxGA-asCwwAAACMAARAD.jpg,0,307,166
A_oD9KQ7tl8HsAAAAAAAAAAAAAAQAAAQ.jpg,A_djD3Q5SP9N0AAAAAAAAAAAAAAQAAAQ.jpg,0,229,32
A_5rhHQ4uH0DUAAAAAAAAAAAAAAQAAAQ.jpg,A_VW4rTbmlHh8AAAAAAAAAAAAAAQAAAQ.jpg,0,343,336
z7SRCrsfQqCFkfL-WxvKkAAAACMAARAD.jpg,A_8F6fTqWbVLkAAAAAAAAAAAAAAQAAAQ.jpg,0,20,247
A_q7aRSpBENVQAAAAAAAAAAAAAAQAAAQ.jpg,A_jlGaToiTR1cAAAAAAAAAAAAAAQAAAQ.jpg,0,12,298
A_Vb0FSquZ6YkAAAAAAAAAAAAAAQAAAQ.jpg,A_DpAcQ6ZefVMAAAAAAAAAAAAAAQAAAQ.jpg,0,237,246
A_0aCUSY5NN4IAAAAAAAAAAAAAAQAAAQ.jpg,A_7agWQomXiksAAAAAAAAAAAAAAQAAAQ.jpg,0,175,85
A_tqW9T6Gr5LAAAAAAAAAAAAAAAQAAAQ.jpg,qt9ydc-FTHqABlnv0E338AAAACMAARAD.jpg,0,110,150
A_HblBQpqvsuIAAAAAAAAAAAAAAQAAAQ.jpg,A_lYW0R4XDx60AAAAAAAAAAAAAAQAAAQ.jpg,0,225,280
A_rsioTJ5AOrcAAAAAAAAAAAAAAQAAAQ.jpg,A_IeYBSaupD3QAAAAAAAAAAAAAAQAAAQ.jpg,0,9,75
A_GhJrQqvVGfAAAAAAAAAAAAAAAQAAAQ.jpg,A_dej1SoczgZ0AAAAAAAAAAAAAAQAAAQ.jpg,0,46,43
A_56etSoqz9lkAAAAAAAAAAAAAAQAAAQ.jpg,A_oLSJS49B_k4AAAAAAAAAAAAAAQAAAQ.jpg,0,124,317
A_s3yWQZRsWqMAAAAAAAAAAAAAAQAAAQ.jpg,A_2lrgQ5piRFsAAAAAAAAAAAAAAQAAAQ.jpg,0,176,123
A_BjK-Q5Y-6PIAAAAAAAAAAAAAAQAAAQ.jpg,A_des9TqTtlVkAAAAAAAAAAAAAAQAAAQ.jpg,0,67,230
A_4h3wQKJ5JDUAAAAAAAAAAAAAAQAAAQ.jpg,A_k4waQ5pENTsAAAAAAAAAAAAAAQAAAQ.jpg,0,212,183
A_jcJHTp85KP1kygxCgRGH9AAAAQAAAQ.jpg,qt9ydc-FTHqABlnv0E338AAAACMAARAD.jpg,0,64,150
A_gBw2Q6_QWsUAAAAAAAAAAAAAAQAAAQ.jpg,A_kqGGQIlQbEIAAAAAAAAAAAAAAQAAAQ.jpg,0,1,7
A_w5yBQq07ZGQAAAAAAAAAAAAAAQAAAQ.jpg,A_DRG9SbIn_7sAAAAAAAAAAAAAAQAAAQ.jpg,0,218,119
A_16FyRKAdZCwAAAAAAAAAAAAAAQAAAQ.jpg,A_ISDtSpuDW6MAAAAAAAAAAAAAAQAAAQ.jpg,0,139,287
A_K-1tRZOChRUAAAAAAAAAAAAAAQAAAQ.jpg,A_jZ1QQ773-Q8AAAAAAAAAAAAAAQAAAQ.jpg,0,181,98
A_76m-RZH9-rYAAAAAAAAAAAAAAQAAAQ.jpg,A__53oQqKI9vwAAAAAAAAAAAAAAQAAAQ.jpg,0,239,340
A_hiF9SJL03uIAAAAAAAAAAAAAAQAAAQ.jpg,A_GY4mTYZYWJ0AAAAAAAAAAAAAAQAAAQ.jpg,0,214,73
VExaZWAxSUuI3YKpQvrnIgAAACMAARAD.jpg,A_0GHaQ5v1mnFBBtxPokPDawAAAQAAAQ.jpg,0,190,64
A_C4yWR6KggDwAAAAAAAAAAAAAAQAAAQ.jpg,A_CXMsQL5lJd8AAAAAAAAAAAAAAQAAAQ.jpg,0,61,246
A_dMj3SrywR0MAAAAAAAAAAAAAAQAAAQ.jpg,FzycvDuPSGu-ef2sruqE3wAAACMAARAD.jpg,0,265,150
A_p5ntSLcrva4AAAAAAAAAAAAAAQAAAQ.jpg,A_IeYUSZHnPzMAAAAAAAAAAAAAAQAAAQ.jpg,0,202,96
A_kjIITIS-f1QAAAAAAAAAAAAAAQAAAQ.jpg,A_Mr_oTZ8LdmUAAAAAAAAAAAAAAQAAAQ.jpg,0,261,181
A_WAmwRrFJUhUAAAAAAAAAAAAAAQAAAQ.jpg,A_E3hiQIEwtSkAAAAAAAAAAAAAAQAAAQ.jpg,0,149,142
A_jifTQ68G374AAAAAAAAAAAAAAQAAAQ.jpg,A_En5pQIHy308AAAAAAAAAAAAAAQAAAQ.jpg,0,42,264
A_AWdZQa13iPIAAAAAAAAAAAAAAQAAAQ.jpg,A_zfSUS4jx5k4AAAAAAAAAAAAAAQAAAQ.jpg,0,108,303
A_72l5RJml1agAAAAAAAAAAAAAAQAAAQ.jpg,wIszWZIYQC224vOq0XhO2gAAACMAARAD.jpg,0,93,186
A_KW5iQISstkQAAAAAAAAAAAAAAQAAAQ.jpg,A_h-8AQKUCJ6wAAAAAAAAAAAAAAQAAAQ.jpg,0,146,257
A_TKDrRJ6csBwAAAAAAAAAAAAAAQAAAQ.jpg,A_xx0YQr5BNq8AAAAAAAAAAAAAAQAAAQ.jpg,0,257,147
A_Zan-RbGxxB0AAAAAAAAAAAAAAQAAAQ.jpg,A_DTn9RaIFKaUAAAAAAAAAAAAAAQAAAQ.jpg,0,36,246
A_QQI2TrP_nAAAAAAAAAAAAAAAAQAAAQ.jpg,A_xTY-S4O2kyYAAAAAAAAAAAAAAQAAAQ.jpg,0,199,333
A_FbS7RJkTRPNfx85Au_Zp3gAAAQAAAQ.jpg,A_m-aWTY3Ot-AAAAAAAAAAAAAAAQAAAQ.jpg,0,99,26
A_G_d-SZ5LZZsAAAAAAAAAAAAAAQAAAQ.jpg,A_hxoTSL4Np6AAAAAAAAAAAAAAAQAAAQ.jpg,0,143,349
A_Yl1ZSL-Lto8AAAAAAAAAAAAAAQAAAQ.jpg,A_MfjWQa58yzwAAAAAAAAAAAAAAQAAAQ.jpg,0,241,90
6FeS5IF9S-6wW1rE2DkkNgAAACMAARAD.jpg,A_L_fMQ4YgTbUAAAAAAAAAAAAAAQAAAQ.jpg,0,321,125
A_q7aRSpBENVQAAAAAAAAAAAAAAQAAAQ.jpg,A_KtrxQJE_sIMAAAAAAAAAAAAAAQAAAQ.jpg,0,12,33
frdTcr-kQKe_ugKUa32pmwAAACMAARAD.jpg,36L3Z5XgRFWtMVjSmPOSTwAAACMAARAD.jpg,0,174,190
A_l-VLRK4I89oAAAAAAAAAAAAAAQAAAQ.jpg,AxQOGcN4RkCPWfcMhYgBuQAAACMAARAD.jpg,0,31,307
A_h8BxQ7-OJWAAAAAAAAAAAAAAAQAAAQ.jpg,A_Vj6TRJ-ZsmwAAAAAAAAAAAAAAQAAAQ.jpg,0,110,63
A_FraFT4NK-OwAAAAAAAAAAAAAAQAAAQ.jpg,A_8g2uSoogj9AAAAAAAAAAAAAAAQAAAQ.jpg,0,204,322
Xep9PWi-TnyRkBu-1lOpugAAACMAARAD.jpg,A_tB9JQ6SKjKYAAAAAAAAAAAAAAQAAAQ.jpg,0,150,201
A_xNCNSreklsIAAAAAAAAAAAAAAQAAAQ.jpg,A_vjMsQZpQaTkAAAAAAAAAAAAAAQAAAQ.jpg,0,1,133
A__9DkRL2nqzgAAAAAAAAAAAAAAQAAAQ.jpg,A_iGqzSrLtlcMAAAAAAAAAAAAAAQAAAQ.jpg,0,222,261
A_Er7KSKT6V0IAAAAAAAAAAAAAAQAAAQ.jpg,A_rGSuTZXVuRUGn2pDh9p9vgAAAQAAAQ.jpg,0,88,2
A_UA5VQr9DJc0AAAAAAAAAAAAAAQAAAQ.jpg,eQT1_8OmRpKNZ41LUV90mQAAACMAARAD.jpg,0,139,6
A_LWb7SL9pX8IAAAAAAAAAAAAAAQAAAQ.jpg,A_KNPtSqaKcSkAAAAAAAAAAAAAAQAAAQ.jpg,0,98,18
A_GhJrQqvVGfAAAAAAAAAAAAAAAQAAAQ.jpg,A_02oeQZQGpSIAAAAAAAAAAAAAAQAAAQ.jpg,0,46,297
A_vaaqQKunbZkAAAAAAAAAAAAAAQAAAQ.jpg,A_GDdvSZPa7M0AAAAAAAAAAAAAAQAAAQ.jpg,0,141,343
A_XgEbSbazAp8AAAAAAAAAAAAAAQAAAQ.jpg,A_wivkSpYnjv0AAAAAAAAAAAAAAQAAAQ.jpg,0,31,101
A_TG_YSLyoKf4AAAAAAAAAAAAAAQAAAQ.jpg,A_ffXuTIdlCWcAAAAAAAAAAAAAAQAAAQ.jpg,0,117,151
A_n4mzQqZYsskAAAAAAAAAAAAAAQAAAQ.jpg,PWdM972oTLS4wJJ319jekgAAACMAARED.jpg,0,131,321
frarTD7lTOqgeRc7RMPqNQAAACMAARAD.jpg,A_4COnRIftFtkAAAAAAAAAAAAAAQAAAQ.jpg,0,188,104
dsoIAzfXQvGCsWjUbb4X8AAAACMAARAD.jpg,A_7Rs9Q46XFoAAAAAAAAAAAAAAAQAAAQ.jpg,0,207,92
A_mHpGR5oYn_kAAAAAAAAAAAAAAQAAAQ.jpg,A_DsowTrYbJyAAAAAAAAAAAAAAAQAAAQ.jpg,0,320,45
A_D7ODTa7POC4AAAAAAAAAAAAAAQAAAQ.jpg,A_En5pQIHy308AAAAAAAAAAAAAAQAAAQ.jpg,0,157,264
A_d1iSRoW_qgQAAAAAAAAAAAAAAQAAAQ.jpg,Fv9FYvAkQc6AGTP11upBrwAAACMAARAD.jpg,0,18,4
A_Md8QTJnt4HsAAAAAAAAAAAAAAQAAAQ.jpg,A_ZKeCRqrD48cAAAAAAAAAAAAAAQAAAQ.jpg,0,88,288
A_B3wzTov3pPQAAAAAAAAAAAAAAQAAAQ.jpg,A_k_RPQYZRrkAAAAAAAAAAAAAAAQAAAQ.jpg,0,123,125
A_pWOlQZby4GYAAAAAAAAAAAAAAQAAAQ.jpg,A_b1QxQpUO7yYAAAAAAAAAAAAAAQAAAQ.jpg,0,121,322
A_oSb4R7rSOcQAAAAAAAAAAAAAAQAAAQ.jpg,A_V4M-S5Mt__QAAAAAAAAAAAAAAQAAAQ.jpg,0,47,191
A_UIUSR7SsVxQAAAAAAAAAAAAAAQAAAQ.jpg,A_P2osQYmaO-sAAAAAAAAAAAAAAQAAAQ.jpg,0,81,265
A_m0WPTqxk5q8AAAAAAAAAAAAAAQAAAQ.jpg,5tv9hCixSeCiHja6EI7b6AAAACMAARAD.jpg,0,226,120
A_9nbgRqR5TioAAAAAAAAAAAAAAQAAAQ.jpg,A_Kon7SakBEH4AAAAAAAAAAAAAAQAAAQ.jpg,0,135,25
A_05zKQb6bySIAAAAAAAAAAAAAAQAAAQ.jpg,UB-NZRT8SxapdoqCNWuvvAAAACMAARAD.jpg,0,216,211
A_oVKNTpeuTjMAAAAAAAAAAAAAAQAAAQ.jpg,A_DycSQ4vvV68AAAAAAAAAAAAAAQAAAQ.jpg,0,296,264
A_ACqjTY_SpjgAAAAAAAAAAAAAAQAAAQ.jpg,A_TY-_RJN0r98AAAAAAAAAAAAAAQAAAQ.jpg,0,256,79
qvyQGoFhTm69RSHS-41E9QAAACMAARAD.jpg,A_H_ulSqKIeUgAAAAAAAAAAAAAAQAAAQ.jpg,0,209,93
A_jPNWSL4MPycAAAAAAAAAAAAAAQAAAQ.jpg,A_5TYSRLGnvfEAAAAAAAAAAAAAAQAAAQ.jpg,0,276,214
A_8AsaQ4dMoL0AAAAAAAAAAAAAAQAAAQ.jpg,A_-6tiTb6_VSoAAAAAAAAAAAAAAQAAAQ.jpg,0,151,34
A_41GqSJs5RO4AAAAAAAAAAAAAAQAAAQ.jpg,A_cWO0Sb2sA9gAAAAAAAAAAAAAAQAAAQ.jpg,0,265,200
A_pNVfTIS6svkAAAAAAAAAAAAAAQAAAQ.jpg,A_CnahQLiQvNQAAAAAAAAAAAAAAQAAAQ.jpg,0,293,51
A_qL1DQ52JFAsAAAAAAAAAAAAAAQAAAQ.jpg,A_WB6uRqwOQD8AAAAAAAAAAAAAAQAAAQ.jpg,0,44,245
A_OxUmQoSZMqwAAAAAAAAAAAAAAQAAAQ.jpg,A_8F6fTqWbVLkAAAAAAAAAAAAAAQAAAQ.jpg,0,230,247
BmtxLNdXTdqX4SH1-mkYHQAAACMAARAD.jpg,A_WidRS5aubWEAAAAAAAAAAAAAAQAAAQ.jpg,0,56,113
A_pO8kQqJBt3EAAAAAAAAAAAAAAQAAAQ.jpg,46wgkuZZT6eVVCnVPQgrpgAAACMAARAD.jpg,0,39,327
A_-mntSLpmrZwAAAAAAAAAAAAAAQAAAQ.jpg,A_7PWcRpT6-noAAAAAAAAAAAAAAQAAAQ.jpg,0,149,145
A_ix1XQKP3U4UAAAAAAAAAAAAAAQAAAQ.jpg,A_cWO0Sb2sA9gAAAAAAAAAAAAAAQAAAQ.jpg,0,230,200
8Sk3KFu_QmSMZX_JxB-X2QAAACMAARAD.jpg,A_cWO0Sb2sA9gAAAAAAAAAAAAAAQAAAQ.jpg,0,164,200
A_ToioR6w5lKgAAAAAAAAAAAAAAQAAAQ.jpg,A_iGqzSrLtlcMAAAAAAAAAAAAAAQAAAQ.jpg,0,283,261
A_EhJNRrpu2Z0AAAAAAAAAAAAAAQAAAQ.jpg,A_IeYUSZHnPzOciWNLuhXRvwAAAQAAAQ.jpg,0,233,96
A_dBt-RKWXGVIAAAAAAAAAAAAAAQAAAQ.jpg,A_BoE9RJCkeVUAAAAAAAAAAAAAAQAAAQ.jpg,0,89,237
A_VSe4QrbJjMcAAAAAAAAAAAAAAQAAAQ.jpg,A_avXxR4A0gikAAAAAAAAAAAAAAQAAAQ.jpg,0,0,280
QdzTTlrGTCCQ1F9xM9w-rwAAACMAARED.jpg,A_Cl0sQ69mrY4AAAAAAAAAAAAAAQAAAQ.jpg,0,321,341
A_UxuKRYc2x7YAAAAAAAAAAAAAAQAAAQ.jpg,A_eUwvR77C5UwAAAAAAAAAAAAAAQAAAQ.jpg,0,173,65
A_KtVrTIFqvwEAAAAAAAAAAAAAAQAAAQ.jpg,WmmQfVkFSa6ES7uWWRqn-gAAACMAARAD.jpg,0,318,20
A_PrB1S52mSxAAAAAAAAAAAAAAAQAAAQ.jpg,A_wOpJTqcwk4QAAAAAAAAAAAAAAQAAAQ.jpg,0,254,39
A_7FcUTJfZ-EEAAAAAAAAAAAAAAQAAAQ.jpg,VjekR6ueSNOq94VvNYUcgAAAACMAARAD.jpg,0,200,310
J1O8TQTwTPSajGqg9HcALwAAACMAARAD.jpg,A_mt3oRoMfsrEAAAAAAAAAAAAAAQAAAQ.jpg,0,192,237
do9fiCurQMewDq6x14MTlgAAACMAARAD.jpg,A_YkhcSryYe2cAAAAAAAAAAAAAAQAAAQ.jpg,0,226,339
A_EZU5Q47i9PQAAAAAAAAAAAAAAQAAAQ.jpg,A_2bxUSqLc6wAAAAAAAAAAAAAAAQAAAQ.jpg,0,16,255
A_vKhxQLRWwhkAAAAAAAAAAAAAAQAAAQ.jpg,A_dQdlSJStdV8AAAAAAAAAAAAAAQAAAQ.jpg,0,252,292
A_PkYjToCAA08AAAAAAAAAAAAAAQAAAQ.jpg,A_TACLS6bGmFUAAAAAAAAAAAAAAQAAAQ.jpg,0,85,236
A_XQs-QoHKkXEAAAAAAAAAAAAAAQAAAQ.jpg,A_24StS7TQoCsAAAAAAAAAAAAAAQAAAQ.jpg,0,217,329
A_QMXJRr8rzh4AAAAAAAAAAAAAAQAAAQ.jpg,hoWp7-3lQi-3jCssfpyVaAAAACMAARAD.jpg,0,300,166
8BujMxsVRvWOAhf1DW4HXgAAACMAARAD.jpg,p_poUnC6T06GTFnucmRJSwAAACMAARAD.jpg,0,348,307
ee9SWo2zTeyS2Xh3WfHGaQAAACMAARAD.jpg,A_MqoKS5Y6Hm8AAAAAAAAAAAAAAQAAAQ.jpg,0,155,333
A_T2lFRJy5a2gAAAAAAAAAAAAAAQAAAQ.jpg,A_roDNRZHSdREAAAAAAAAAAAAAAQAAAQ.jpg,0,28,88
A_fgxxT7gC-zwAAAAAAAAAAAAAAQAAAQ.jpg,A__OfaT7yTwxUAAAAAAAAAAAAAAQAAAQ.jpg,0,198,273
A_F67BSool6_AAAAAAAAAAAAAAAQAAAQ.jpg,bLTeDYoJSBixVjfTNNJNCwAAACMAARAD.jpg,0,92,70
A_UA5VQr9DJc0AAAAAAAAAAAAAAQAAAQ.jpg,A_mcPlS6cWS-wAAAAAAAAAAAAAAQAAAQ.jpg,0,139,55
A_BAxDTpRHSnwAAAAAAAAAAAAAAQAAAQ.jpg,A_5z1SRIthrRMAAAAAAAAAAAAAAQAAAQ.jpg,0,236,176
A_WNgORoRRamAAAAAAAAAAAAAAAQAAAQ.jpg,A__pBPR5UaDJ8AAAAAAAAAAAAAAQAAAQ.jpg,0,141,229
i_qZgpvUQ6CuKFZzKixaaQAAACMAARAD.jpg,A_7boYR4gvvhMAAAAAAAAAAAAAAQAAAQ.jpg,0,323,152
A_eaJbRIsiIAcAAAAAAAAAAAAAAQAAAQ.jpg,A_y6yGT6qZ-m4AAAAAAAAAAAAAAQAAAQ.jpg,0,278,103
A_ywmfQoWVLnUAAAAAAAAAAAAAAQAAAQ.jpg,A_WBiBQpmmEtAAAAAAAAAAAAAAAQAAAQ.jpg,0,78,50
A_NloJTpjGmzgAAAAAAAAAAAAAAQAAAQ.jpg,A_mbl7SbkDKR4AAAAAAAAAAAAAAQAAAQ.jpg,0,62,16
A_RzQdRY8vhLkAAAAAAAAAAAAAAQAAAQ.jpg,A_FblDSrIyEzUAAAAAAAAAAAAAAQAAAQ.jpg,0,146,87
A_zz-aSZh8rzMAAAAAAAAAAAAAAQAAAQ.jpg,A_KwVMSYgdftIAAAAAAAAAAAAAAQAAAQ.jpg,0,127,165
A_vgbBT4flQykAAAAAAAAAAAAAAQAAAQ.jpg,A_v2AMTqrkHXgAAAAAAAAAAAAAAQAAAQ.jpg,0,279,163
A_rZL0S6dvFYvlzupIll1R-AAAAQAAAQ.jpg,A_SsADSplZuU0AAAAAAAAAAAAAAQAAAQ.jpg,0,175,258
A_CAlCTIVL_TQAAAAAAAAAAAAAAQAAAQ.jpg,A_TA9aSIHyoewAAAAAAAAAAAAAAQAAAQ.jpg,0,295,139
A_s3DKToWP_5UAAAAAAAAAAAAAAQAAAQ.jpg,A_PrB1S52mSxAAAAAAAAAAAAAAAQAAAQ.jpg,0,142,254
A_XMPcQI5Fqs0AAAAAAAAAAAAAAQAAAQ.jpg,A_En5pQIHy308AAAAAAAAAAAAAAQAAAQ.jpg,0,159,264
A_V03gR7K90bIAAAAAAAAAAAAAAQAAAQ.jpg,A_7uWzQaplAc4AAAAAAAAAAAAAAQAAAQ.jpg,0,220,260
32oZCggVTXitEpu5VNf6FAAAACMAARAD.jpg,A_n5qWSYMC0SYAAAAAAAAAAAAAAQAAAQ.jpg,0,315,160
A_K1SDTrzJRsMAAAAAAAAAAAAAAQAAAQ.jpg,A_HXWXTZxti_gAAAAAAAAAAAAAAQAAAQ.jpg,0,82,311
z7SRCrsfQqCFkfL-WxvKkAAAACMAARAD.jpg,A_Gr90SJv0YeoAAAAAAAAAAAAAAQAAAQ.jpg,0,20,161
A_zfSUS4jx5k4AAAAAAAAAAAAAAQAAAQ.jpg,A_FWz-SLCNxIMAAAAAAAAAAAAAAQAAAQ.jpg,0,303,325
4zN2JMNhQYWDS2AtX0u64wAAACMAARAD.jpg,A_p4flTrdsBe8AAAAAAAAAAAAAAQAAAQ.jpg,0,54,76
A_Vu_PRqVmM8AAAAAAAAAAAAAAAQAAAQ.jpg,A_qAmbQo1B3boAAAAAAAAAAAAAAQAAAQ.jpg,0,14,293
A_WJZqQYuskC4AAAAAAAAAAAAAAQAAAQ.jpg,A_MKWJQLqyZ8cAAAAAAAAAAAAAAQAAAQ.jpg,0,335,274
M00cOfTlQD-7SbSDoVEZiwAAACMAARAD.jpg,A_dI4zSai8yk-dZNBKqTLbdAAAAQAAAQ.jpg,0,323,221
A_Rx6HR586O4sAAAAAAAAAAAAAAQAAAQ.jpg,A_vLt5Tr-DehsAAAAAAAAAAAAAAQAAAQ.jpg,0,325,326
A_wgQ0TJWkZmUAAAAAAAAAAAAAAQAAAQ.jpg,A_V3ppS6VZwMoAAAAAAAAAAAAAAQAAAQ.jpg,0,19,340
yUud5fmzR3q6UJMUV6hLQwAAACMAARAD.jpg,A_fJ6qQJnwL64AAAAAAAAAAAAAAQAAAQ.jpg,0,306,305
A_TKDrRJ6csBwAAAAAAAAAAAAAAQAAAQ.jpg,A_SQeJQr1DQCoAAAAAAAAAAAAAAQAAAQ.jpg,0,257,233
A_bBofSp4thsQAAAAAAAAAAAAAAQAAAQ.jpg,A_qQm9SqhVmh8AAAAAAAAAAAAAAQAAAQ.jpg,0,45,135
A_5fm-SLP_qg8AAAAAAAAAAAAAAQAAAQ.jpg,A_YOLjSLCb05sAAAAAAAAAAAAAAQAAAQ.jpg,0,112,31
A_wOpJTqcwk4QAAAAAAAAAAAAAAQAAAQ.jpg,rXxlFn69QMONIxtgsZJajQAAACMAARAD.jpg,0,39,282
A__OfaT7yTwxUAAAAAAAAAAAAAAQAAAQ.jpg,A_PYU8Qr4rH5YAAAAAAAAAAAAAAQAAAQ.jpg,0,273,19
spShQhU4QW2E7C_-GrtwBwAAACMAARAD.jpg,A_8vypTI74gzgAAAAAAAAAAAAAAQAAAQ.jpg,0,72,295
A_EL3MTLdLMz8AAAAAAAAAAAAAAQAAAQ.jpg,PXhnsQ6BSAW7VRUKjS1fswAAACMAARAD.jpg,0,343,70
A_S0zwTqouBekAAAAAAAAAAAAAAQAAAQ.jpg,A_mELMSZX6_9YAAAAAAAAAAAAAAQAAAQ.jpg,0,169,180
A_H9sqSpSYeukAAAAAAAAAAAAAAQAAAQ.jpg,A_YkhcSryYe2cAAAAAAAAAAAAAAQAAAQ.jpg,0,105,339
A_2QqWQqUlH60AAAAAAAAAAAAAAQAAAQ.jpg,eQT1_8OmRpKNZ41LUV90mQAAACMAARAD.jpg,0,263,6
A_gWzlTqoUv50AAAAAAAAAAAAAAQAAAQ.jpg,A_s1uuSboGX58AAAAAAAAAAAAAAQAAAQ.jpg,0,239,171
A_5_qBQLdMUykAAAAAAAAAAAAAAQAAAQ.jpg,A_qaJ-TItVSXQAAAAAAAAAAAAAAQAAAQ.jpg,0,105,205
A_YgagTY77Px8AAAAAAAAAAAAAAQAAAQ.jpg,spShQhU4QW2E7C_-GrtwBwAAACMAARAD.jpg,0,280,72
A_h0wES7JMcj8AAAAAAAAAAAAAAQAAAQ.jpg,A_fDM3T7_Er0wAAAAAAAAAAAAAAQAAAQ.jpg,0,293,21
A_zmLbTK7Eq7wAAAAAAAAAAAAAAQAAAQ.jpg,A_hAAHRLBv6kUAAAAAAAAAAAAAAQAAAQ.jpg,0,201,202
A_VNPxS4voAo4AAAAAAAAAAAAAAQAAAQ.jpg,A_SVMaQLMJtYIAAAAAAAAAAAAAAQAAAQ.jpg,0,49,238
A_jcJHTp85KP1kygxCgRGH9AAAAQAAAQ.jpg,A_0WXUTLnvAfUAAAAAAAAAAAAAAQAAAQ.jpg,0,64,77
A_5lrdQqJOweIAAAAAAAAAAAAAAQAAAQ.jpg,A_juPfTZQWNPEAAAAAAAAAAAAAAQAAAQ.jpg,0,298,30
A_GSRPQoJj7dwAAAAAAAAAAAAAAQAAAQ.jpg,A_qQf9R5n-NaZuA4BJgsZMVwAAAQAAAQ.jpg,0,295,10
elfhVqTdQpWv6R3PsHqMjQAAACMAARAD.jpg,A_SXGPT6VlGv0AAAAAAAAAAAAAAQAAAQ.jpg,0,188,15
A_ACH-Ta-cq-oAAAAAAAAAAAAAAQAAAQ.jpg,YKrsyS6qRZ-rCTySE0CuoAAAACMAARAD.jpg,0,340,107
bSowLH_QSz-W1UMpKjz0owAAACMAARAD.jpg,A_NbMERImKF5IAAAAAAAAAAAAAAQAAAQ.jpg,0,315,214
A_icEHSLdCQo8AAAAAAAAAAAAAAQAAAQ.jpg,A_gR_YR4d18TQAAAAAAAAAAAAAAQAAAQ.jpg,0,124,127
A_m6o3TaR9GfMAAAAAAAAAAAAAAQAAAQ.jpg,A_ymwwSJZai5IAAAAAAAAAAAAAAQAAAQ.jpg,0,304,122
A_l8urSJ3Y_ZMAAAAAAAAAAAAAAQAAAQ.jpg,A_jO7PT6D764gAAAAAAAAAAAAAAQAAAQ.jpg,0,182,106
I-4jbqVlSyeXyWm3u8uXGQAAACMAARAD.jpg,7YkNrZhwSFKUwj4wGuhjBwAAACMAARAD.jpg,0,56,282
A_-8egQoGBdtoAAAAAAAAAAAAAAQAAAQ.jpg,A_BozJTaHtlVkAAAAAAAAAAAAAAQAAAQ.jpg,0,86,173
8fDO2NZcTqetpeRD2liw8gAAACMAARAD.jpg,A_rZkOR6rZ9rgAAAAAAAAAAAAAAQAAAQ.jpg,0,190,73
A_aU59RJLl9L4AAAAAAAAAAAAAAQAAAQ.jpg,A_UmpNSa_VTuYAAAAAAAAAAAAAAQAAAQ.jpg,0,32,228
A_88GIR4a9ssoAAAAAAAAAAAAAAQAAAQ.jpg,A_VfpjQZM4v8EAAAAAAAAAAAAAAQAAAQ.jpg,0,266,196
A_PD58S5qjNQoAAAAAAAAAAAAAAQAAAQ.jpg,A_7HodQI2rtSUAAAAAAAAAAAAAAQAAAQ.jpg,0,262,24
A_gmv7RZlv2wwAAAAAAAAAAAAAAQAAAQ.jpg,A_lOYRTrARg8kAAAAAAAAAAAAAAQAAAQ.jpg,0,263,285
A_5zUtS5frsf4AAAAAAAAAAAAAAQAAAQ.jpg,A_c8JATZGzi1cAAAAAAAAAAAAAAQAAAQ.jpg,0,148,156
A_0gczRYEcMd0AAAAAAAAAAAAAAQAAAQ.jpg,A_TneoSKTv7UkAAAAAAAAAAAAAAQAAAQ.jpg,0,193,223
A_VV-4R7Xfd1AAAAAAAAAAAAAAAQAAAQ.jpg,A_qwMrRIrUjOkAAAAAAAAAAAAAAQAAAQ.jpg,0,221,100
A_qbU3SpMKod4AAAAAAAAAAAAAAQAAAQ.jpg,A_GtpMTbLtVR4AAAAAAAAAAAAAAQAAAQ.jpg,0,240,319
A_Oa8eT5Wc8OgAAAAAAAAAAAAAAQAAAQ.jpg,A_C3FBR7ESg0MAAAAAAAAAAAAAAQAAAQ.jpg,0,113,198
A_c1QXTK5OHUMAAAAAAAAAAAAAAQAAAQ.jpg,A_PQ-mQpRZPwgAAAAAAAAAAAAAAQAAAQ.jpg,0,312,35
A_zxwhSKLMsogAAAAAAAAAAAAAAQAAAQ.jpg,A_0ZuDSZ13H_cAAAAAAAAAAAAAAQAAAQ.jpg,0,147,165
95yWrxU0SHOjvzfmAl1GjwAAACMAARAD.jpg,A_atr-Q7oa0ywAAAAAAAAAAAAAAQAAAQ.jpg,0,174,43
A_meIyTZfLrbEAAAAAAAAAAAAAAQAAAQ.jpg,A_PFW9QJAztYYAAAAAAAAAAAAAAQAAAQ.jpg,0,289,84
A_1vE2T5QGHN4AAAAAAAAAAAAAAQAAAQ.jpg,A_wgQ0TJWkZmUAAAAAAAAAAAAAAQAAAQ.jpg,0,297,19
A_SJTyRbZbs-8AAAAAAAAAAAAAAQAAAQ.jpg,A_7OgCTLT7J9AAAAAAAAAAAAAAAQAAAQ.jpg,0,149,2
A_TQ2VSpdE9mMAAAAAAAAAAAAAAQAAAQ.jpg,A_rGSuTZXVuRUGn2pDh9p9vgAAAQAAAQ.jpg,0,136,2
A_k6FNQbcqp4YAAAAAAAAAAAAAAQAAAQ.jpg,NEaQDqOzRj2kGdWgt4KrigAAACMAARAD.jpg,0,143,209
A_dZG9Q4576q8AAAAAAAAAAAAAAQAAAQ.jpg,A_jJAcQ7WPCaYAAAAAAAAAAAAAAQAAAQ.jpg,0,183,17
A_0gczRYEcMd0AAAAAAAAAAAAAAQAAAQ.jpg,A_KTLqT5wpOLMAAAAAAAAAAAAAAQAAAQ.jpg,0,193,225
A_7YkuQ4_prsMAAAAAAAAAAAAAAQAAAQ.jpg,A_opSGQJhnNSMAAAAAAAAAAAAAAQAAAQ.jpg,0,117,286
A_WKq6RIpKJSwAAAAAAAAAAAAAAQAAAQ.jpg,A_aYeATJcaX1MAAAAAAAAAAAAAAQAAAQ.jpg,0,228,249
A__hNgQJmrLXkAAAAAAAAAAAAAAQAAAQ.jpg,A_sQf-QYhSGZIAAAAAAAAAAAAAAQAAAQ.jpg,0,100,52
0GdWO5icQbKwpuwrEKLdgwAAACMAARAD.jpg,A_b2ToRI08f5UAAAAAAAAAAAAAAQAAAQ.jpg,0,307,290
A_Hp9BSaTeieAAAAAAAAAAAAAAAQAAAQ.jpg,A_ZovJRIoln2wAAAAAAAAAAAAAAQAAAQ.jpg,0,29,47
A_D_R0SK73894AAAAAAAAAAAAAAQAAAQ.jpg,A_BbMtSbuC4rkAAAAAAAAAAAAAAQAAAQ.jpg,0,88,259
A_UM9FRqczn4sAAAAAAAAAAAAAAQAAAQ.jpg,A_JQmhRLsCpowAAAAAAAAAAAAAAQAAAQ.jpg,0,42,127
A_ab2UR5VE8pYAAAAAAAAAAAAAAQAAAQ.jpg,A_cG_XSostq6UAAAAAAAAAAAAAAQAAAQ.jpg,0,49,255
A_YhBkQq-gKQAAAAAAAAAAAAAAAQAAAQ.jpg,A_5fm-SLP_qg8AAAAAAAAAAAAAAQAAAQ.jpg,0,302,112
A_4COnRIftFtkAAAAAAAAAAAAAAQAAAQ.jpg,A_FOIbSaYkQ0MAAAAAAAAAAAAAAQAAAQ.jpg,0,104,80
A_ldQSTr1mNAcAAAAAAAAAAAAAAQAAAQ.jpg,A_b8rTTZnRnF8AAAAAAAAAAAAAAQAAAQ.jpg,0,119,172
A_gZaiTKWdZY4AAAAAAAAAAAAAAQAAAQ.jpg,A_1cY0SJWiw2gAAAAAAAAAAAAAAQAAAQ.jpg,0,290,249
A_5aAtRZYw7_wAAAAAAAAAAAAAAQAAAQ.jpg,A_2SYrSID-5CkAAAAAAAAAAAAAAQAAAQ.jpg,0,51,181
A_LKyVRYb174gAAAAAAAAAAAAAAQAAAQ.jpg,A_xNCNSreklsIAAAAAAAAAAAAAAQAAAQ.jpg,0,203,1
fcg3fFELSXuinicx0-hYRQAAACMAARAD.jpg,A_XkL2TbqrMEwAAAAAAAAAAAAAAQAAAQ.jpg,0,27,178
A_6wWbR7D5KboAAAAAAAAAAAAAAQAAAQ.jpg,RZ0pi9gnRguCbwW_2IFLegAAACMAARAD.jpg,0,61,315
bFGitjnDRq-tq8QMMSegPgAAACMAARAD.jpg,A_tFWpS7wqAh0AAAAAAAAAAAAAAQAAAQ.jpg,0,70,39
A_FbS7RJkTRPNfx85Au_Zp3gAAAQAAAQ.jpg,A_f2fKQbfNF8MAAAAAAAAAAAAAAQAAAQ.jpg,0,99,140
A_N7TMSppc4iUAAAAAAAAAAAAAAQAAAQ.jpg,A_CXUcR6GYNjkAAAAAAAAAAAAAAQAAAQ.jpg,0,101,280
A_4b6sSYdVNY4AAAAAAAAAAAAAAQAAAQ.jpg,A_qrG3Qr9WQnwAAAAAAAAAAAAAAQAAAQ.jpg,0,113,217
A_En5pQIHy308AAAAAAAAAAAAAAQAAAQ.jpg,A_Vhx1SK59uV8AAAAAAAAAAAAAAQAAAQ.jpg,0,264,341
A_MWErSYMDBZQAAAAAAAAAAAAAAQAAAQ.jpg,A_eyX9SoPYLnUAAAAAAAAAAAAAAQAAAQ.jpg,0,59,261
A_FeBCQrUGfIcAAAAAAAAAAAAAAQAAAQ.jpg,A_mVW5RI4asboAAAAAAAAAAAAAAQAAAQ.jpg,0,272,255
A_3vZpQYswJPEAAAAAAAAAAAAAAQAAAQ.jpg,zusOFo_RSsqRAqtrfJ1fEgAAACMAARAD.jpg,0,304,348
A_BvagTqt2xW0AAAAAAAAAAAAAAQAAAQ.jpg,A_hG-AQqJyNKkAAAAAAAAAAAAAAQAAAQ.jpg,0,180,239
A_gBw2Q6_QWsUAAAAAAAAAAAAAAQAAAQ.jpg,A_FhkKRo6fxbsAAAAAAAAAAAAAAQAAAQ.jpg,0,1,258
A_DTn9RaIFKaUAAAAAAAAAAAAAAQAAAQ.jpg,PWdM972oTLS4wJJ319jekgAAACMAARED.jpg,0,246,321
A_5JaUS5e0nHAAAAAAAAAAAAAAAQAAAQ.jpg,A_TLSkT501MYQAAAAAAAAAAAAAAQAAAQ.jpg,0,204,325
A_fXp1S7xHV6YAAAAAAAAAAAAAAQAAAQ.jpg,A_chnJTr6v4Y9vQqpAmLZa1AAAAQAAAQ.jpg,0,106,216
A_dIlQSIobnFAAAAAAAAAAAAAAAQAAAQ.jpg,A_7zNRSYbqsoAAAAAAAAAAAAAAAQAAAQ.jpg,0,45,130
A_ivfcQaWsgdsAAAAAAAAAAAAAAQAAAQ.jpg,A_19KTRKsU1bgAAAAAAAAAAAAAAQAAAQ.jpg,0,296,59
A_6nznR7Ek9MQAAAAAAAAAAAAAAQAAAQ.jpg,PWdM972oTLS4wJJ319jekgAAACMAARED.jpg,0,349,321
A_wEzeR4yAYOUAAAAAAAAAAAAAAQAAAQ.jpg,A__ZWPQJQKX10AAAAAAAAAAAAAAQAAAQ.jpg,0,117,314
A_ahcnSoV8REQAAAAAAAAAAAAAAQAAAQ.jpg,A_3bzNSLXJbYOwMn1EhM5NdAAAAQAAAQ.jpg,0,285,324
VhTnM3vfTZ-8xD9trXiLSAAAACMAARAD.jpg,0GdWO5icQbKwpuwrEKLdgwAAACMAARAD.jpg,0,71,307
A_k6FNQbcqp4YAAAAAAAAAAAAAAQAAAQ.jpg,A_bU78Tpd1tvMAAAAAAAAAAAAAAQAAAQ.jpg,0,143,90
A_Qee6TYh_N0AAAAAAAAAAAAAAAQAAAQ.jpg,A_TACLS6bGmFUAAAAAAAAAAAAAAQAAAQ.jpg,0,303,236
A_TIBEQZKlgbsAAAAAAAAAAAAAAQAAAQ.jpg,A_YaJOSrbcB5YAAAAAAAAAAAAAAQAAAQ.jpg,0,237,181
A_Ez49RbdLdmcAAAAAAAAAAAAAAQAAAQ.jpg,A_FblDSrIyEzUAAAAAAAAAAAAAAQAAAQ.jpg,0,287,87
A_Uqn1Qq1RIzkAAAAAAAAAAAAAAQAAAQ.jpg,A_GJH7T7H_iloAAAAAAAAAAAAAAQAAAQ.jpg,0,112,252
P-Bqr9U1Tqa9eJtGWudTxgAAACMAARAD.jpg,_QZZGgcwSouH-KhMhR6KcAAAACMAARAD.jpg,0,54,150
32oZCggVTXitEpu5VNf6FAAAACMAARAD.jpg,A_kQDWQJm3qKQAAAAAAAAAAAAAAQAAAQ.jpg,0,315,32
A_8AsaQ4dMoL0AAAAAAAAAAAAAAQAAAQ.jpg,A_tmV0SKPNXSUAAAAAAAAAAAAAAQAAAQ.jpg,0,151,169
A_zjktQp-czbsAAAAAAAAAAAAAAQAAAQ.jpg,A_dBt-RKWXGVIAAAAAAAAAAAAAAQAAAQ.jpg,0,118,89
A_7zNRSYbqsoAAAAAAAAAAAAAAAQAAAQ.jpg,A_LRDNQb_6khoAAAAAAAAAAAAAAQAAAQ.jpg,0,130,342
A_FOIbSaYkQ0MAAAAAAAAAAAAAAQAAAQ.jpg,A_cHCiQbPdurUAAAAAAAAAAAAAAQAAAQ.jpg,0,80,39
A_5lrdQqJOweIAAAAAAAAAAAAAAQAAAQ.jpg,A_xK0XQo9bd_wAAAAAAAAAAAAAAQAAAQ.jpg,0,298,143
A_B3wzTov3pPQAAAAAAAAAAAAAAQAAAQ.jpg,A_W2IxTrShf0MAAAAAAAAAAAAAAQAAAQ.jpg,0,123,334
A_SsADSplZuU0AAAAAAAAAAAAAAQAAAQ.jpg,A_2FZXTozgPmkAAAAAAAAAAAAAAQAAAQ.jpg,0,258,305
A_JzxkRq5CL7UAAAAAAAAAAAAAAQAAAQ.jpg,A_UE-JSb_9FMYAAAAAAAAAAAAAAQAAAQ.jpg,0,216,144
J1CtsgliQ_Wz7dWKjUh9SwAAACMAARAD.jpg,A_SHknSoOqca0AAAAAAAAAAAAAAQAAAQ.jpg,0,307,161
A_LlQfQ5eZYSAAAAAAAAAAAAAAAQAAAQ.jpg,A_HpuYSqu1uvMAAAAAAAAAAAAAAQAAAQ.jpg,0,94,40
A_ZBNoSpCehbIAAAAAAAAAAAAAAQAAAQ.jpg,A_UmpNSa_VTuYAAAAAAAAAAAAAAQAAAQ.jpg,0,294,228
A_6r0MSZSuGksAAAAAAAAAAAAAAQAAAQ.jpg,A_T7tpTqdx0wcAAAAAAAAAAAAAAQAAAQ.jpg,0,262,159
A_wlP4RZZzpEgAAAAAAAAAAAAAAQAAAQ.jpg,A_cUEKTLA6SR4AAAAAAAAAAAAAAQAAAQ.jpg,0,3,312
A_CJEPQZwY7_IAAAAAAAAAAAAAAQAAAQ.jpg,A_P_orQb_1tnYAAAAAAAAAAAAAAQAAAQ.jpg,0,191,269
A_Nz6LSIyEYioAAAAAAAAAAAAAAQAAAQ.jpg,A_hYZoTq_XxmAAAAAAAAAAAAAAAQAAAQ.jpg,0,97,331
A_yhhDQbrQfGcAAAAAAAAAAAAAAQAAAQ.jpg,A_xjiuTJsJUpsAAAAAAAAAAAAAAQAAAQ.jpg,0,206,213
A_LASnRL9zIE4AAAAAAAAAAAAAAQAAAQ.jpg,A_Z9O5TZhkv2IAAAAAAAAAAAAAAQAAAQ.jpg,0,134,227
A_IMTVR4woMBkAAAAAAAAAAAAAAQAAAQ.jpg,A_Jz60TodhpGjXzl5IpWUeAQAAAQAAAQ.jpg,0,60,99
A_8RO8SZ_cRhQAAAAAAAAAAAAAAQAAAQ.jpg,A_zcYfTIvp2lMAAAAAAAAAAAAAAQAAAQ.jpg,0,303,277
A_wI14S5Qnc-kAAAAAAAAAAAAAAQAAAQ.jpg,A_kJWgSJRDpycAAAAAAAAAAAAAAQAAAQ.jpg,0,58,228
A_lzVvRL-LTpYAAAAAAAAAAAAAAQAAAQ.jpg,A_cwILQL0IAHcAAAAAAAAAAAAAAQAAAQ.jpg,0,225,83
A_y8PMQofn1wsAAAAAAAAAAAAAAQAAAQ.jpg,A_wmoBRoo-T8IAAAAAAAAAAAAAAQAAAQ.jpg,0,244,279
A_9SFeTb8NkdwAAAAAAAAAAAAAAQAAAQ.jpg,A_Vb0FSquZ6YkAAAAAAAAAAAAAAQAAAQ.jpg,0,80,237
A_-V96Qa0QThkAAAAAAAAAAAAAAQAAAQ.jpg,A_vTQoRLws130AAAAAAAAAAAAAAQAAAQ.jpg,0,141,287
A_bIcBTZ3tUqEAAAAAAAAAAAAAAQAAAQ.jpg,A_7iu8TpXAj0QAAAAAAAAAAAAAAQAAAQ.jpg,0,289,251
A_ANj4S6gZrSgAAAAAAAAAAAAAAQAAAQ.jpg,A_wlP4RZZzpEgAAAAAAAAAAAAAAQAAAQ.jpg,0,92,3
A_reG_T7bejwwAAAAAAAAAAAAAAQAAAQ.jpg,A_FSyZQ40qPbEAAAAAAAAAAAAAAQAAAQ.jpg,0,304,257
A_MjewSKBgq9EAAAAAAAAAAAAAAQAAAQ.jpg,A_j_V4R55jT3AAAAAAAAAAAAAAAQAAAQ.jpg,0,5,96
A_cutQQr13fwsAAAAAAAAAAAAAAQAAAQ.jpg,A_gWzlTqoUv50AAAAAAAAAAAAAAQAAAQ.jpg,0,52,239
A_OwX6S7nJKi4AAAAAAAAAAAAAAQAAAQ.jpg,A_WFX-R60X0GEAAAAAAAAAAAAAAQAAAQ.jpg,0,220,62
A_2FZXTozgPmkAAAAAAAAAAAAAAQAAAQ.jpg,A_kQDWQJm3qKQAAAAAAAAAAAAAAQAAAQ.jpg,0,305,32
A_vjMsQZpQaTkAAAAAAAAAAAAAAQAAAQ.jpg,A_wNo8Squ-ZpAAAAAAAAAAAAAAAQAAAQ.jpg,0,133,8
A_qo9KQ6YZpa0AAAAAAAAAAAAAAQAAAQ.jpg,A_TIBEQZKlgbsAAAAAAAAAAAAAAQAAAQ.jpg,0,11,237
A_PKUBTpVo1sQAAAAAAAAAAAAAAQAAAQ.jpg,A_c_ljRZmOJuEAAAAAAAAAAAAAAQAAAQ.jpg,0,9,214
A_EcV-QL_t4UAAAAAAAAAAAAAAAQAAAQ.jpg,A_-HPcQKsgKR8AAAAAAAAAAAAAAQAAAQ.jpg,0,67,96
A_FGfzSpRlJ9AAAAAAAAAAAAAAAQAAAQ.jpg,A_Oj4CRqQrUiUAAAAAAAAAAAAAAQAAAQ.jpg,0,263,176
A_FGfzSpRlJ9AAAAAAAAAAAAAAAQAAAQ.jpg,t7OjT-JkTe-fdqtZnMC8oAAAACMAARAD.jpg,0,263,129
A_TYT0T4Fvp38AAAAAAAAAAAAAAQAAAQ.jpg,A_Tq4LQ449vfgAAAAAAAAAAAAAAQAAAQ.jpg,0,302,269
A_vXcfRYxmGwMAAAAAAAAAAAAAAQAAAQ.jpg,A_Uj6uSofgBi8AAAAAAAAAAAAAAQAAAQ.jpg,0,85,74
A_Oj4CRqQrUiU9b2pImURI-AAAAQAAAQ.jpg,A_wNo8Squ-ZpAAAAAAAAAAAAAAAQAAAQ.jpg,0,176,8
A_d-HpRbQdU1YAAAAAAAAAAAAAAQAAAQ.jpg,A_ob2HSriDloEAAAAAAAAAAAAAAQAAAQ.jpg,0,33,236
A_d6BLRrCLDYEAAAAAAAAAAAAAAQAAAQ.jpg,A_T5AVSb-PcwMAAAAAAAAAAAAAAQAAAQ.jpg,0,49,98
A_3hHGTIRrcnwAAAAAAAAAAAAAAQAAAQ.jpg,A_5TYSRLGnvfEAAAAAAAAAAAAAAQAAAQ.jpg,0,9,214
A_VV-4R7Xfd1CSPTlGqoBE1gAAAQAAAQ.jpg,A_SbRDQbZ63xkAAAAAAAAAAAAAAQAAAQ.jpg,0,221,78
A_3muFRpfosX0AAAAAAAAAAAAAAQAAAQ.jpg,A_otkrQ6x55ioAAAAAAAAAAAAAAQAAAQ.jpg,0,10,123
A_lq89RbvKMb8AAAAAAAAAAAAAAQAAAQ.jpg,A_4h3wQKJ5JDUAAAAAAAAAAAAAAQAAAQ.jpg,0,302,212
rXxlFn69QMONIxtgsZJajQAAACMAARAD.jpg,A_F67BSool6_AAAAAAAAAAAAAAAQAAAQ.jpg,0,282,92
A__5f3Qa27j5YAAAAAAAAAAAAAAQAAAQ.jpg,A_h0wES7JMcj8AAAAAAAAAAAAAAQAAAQ.jpg,0,277,293
A_hwdWQq75_mQAAAAAAAAAAAAAAQAAAQ.jpg,A_05zKQb6bySIAAAAAAAAAAAAAAQAAAQ.jpg,0,7,216
A_5zh3RYWgmsoAAAAAAAAAAAAAAQAAAQ.jpg,A_IeYUSZHnPzMAAAAAAAAAAAAAAQAAAQ.jpg,0,76,96
Kaf40bOpT5G9tQ2a92m9aQAAACMAARAD.jpg,A_1KykSqIp3y0AAAAAAAAAAAAAAQAAAQ.jpg,0,186,133
A_kJWgSJRDpycAAAAAAAAAAAAAAQAAAQ.jpg,A_GNYnToAhNA8AAAAAAAAAAAAAAQAAAQ.jpg,0,228,35
A_g-92SYG_mcMAAAAAAAAAAAAAAQAAAQ.jpg,A_PIcHTa2SqFsAAAAAAAAAAAAAAQAAAQ.jpg,0,184,284
A_0RXtQrcbVQMAAAAAAAAAAAAAAQAAAQ.jpg,A_vaaqQKunbZkAAAAAAAAAAAAAAQAAAQ.jpg,0,223,141
A_3JWtT62FzhAAAAAAAAAAAAAAAQAAAQ.jpg,A_8hQJTq1WHRsAAAAAAAAAAAAAAQAAAQ.jpg,0,290,51
A_CkzESoa57iMAAAAAAAAAAAAAAQAAAQ.jpg,A_EZU5Q47i9PQAAAAAAAAAAAAAAQAAAQ.jpg,0,116,16
A_ldQSTr1mNAcAAAAAAAAAAAAAAQAAAQ.jpg,A_CUlQSpIInD0AAAAAAAAAAAAAAQAAAQ.jpg,0,119,322
PYuk0PscTpKyg5nsQBOYZgAAACMAARAD.jpg,5-dDbF_HS_O0O2_34lIV9AAAACMAARAD.jpg,0,107,186
A_OauCQr_5X8UAAAAAAAAAAAAAAQAAAQ.jpg,A_c_ljRZmOJuEAAAAAAAAAAAAAAQAAAQ.jpg,0,232,214
A_meIyTZfLrbEAAAAAAAAAAAAAAQAAAQ.jpg,A_K0FxT6aY5N8AAAAAAAAAAAAAAQAAAQ.jpg,0,289,301
nAi--2AISa2-kG4iYClrZAAAACMAARAD.jpg,A_Ysu4QqIqPYkAAAAAAAAAAAAAAQAAAQ.jpg,0,129,333
O1CN01ukFKMv1kRwZQAdP64_!!0-mtopupload.jpg,A_Zq-wSaT7ot8AAAAAAAAAAAAAAQAAAQ.jpg,0,22,1
A_r5lyTqEh9NQAAAAAAAAAAAAAAQAAAQ.jpg,A_-XUaRqtBWX4AAAAAAAAAAAAAAQAAAQ.jpg,0,170,159
A_5BrdQ7yMxs4AAAAAAAAAAAAAAQAAAQ.jpg,A_jejVTopHAJoAAAAAAAAAAAAAAQAAAQ.jpg,0,213,194
A_kRgtTKT8j2YAAAAAAAAAAAAAAQAAAQ.jpg,A_e6vmTbdC-9oAAAAAAAAAAAAAAQAAAQ.jpg,0,261,264
A_7w30T4PSpVgAAAAAAAAAAAAAAQAAAQ.jpg,A_Hn4STI9pSQMAAAAAAAAAAAAAAQAAAQ.jpg,0,229,40
A_PM4uTLm28AgAAAAAAAAAAAAAAQAAAQ.jpg,A_8qvqS61s-g4AAAAAAAAAAAAAAQAAAQ.jpg,0,304,332
A_pBcpQ5u7crsAAAAAAAAAAAAAAQAAAQ.jpg,A_t6YXSrkNSwoAAAAAAAAAAAAAAQAAAQ.jpg,0,286,98
A_JJxfRa1-EmUAAAAAAAAAAAAAAQAAAQ.jpg,A_zjktQp-czbsAAAAAAAAAAAAAAQAAAQ.jpg,0,74,118
A_bBofSp4thsQAAAAAAAAAAAAAAQAAAQ.jpg,A_l7TnSbKoau8AAAAAAAAAAAAAAQAAAQ.jpg,0,45,40
A_AVz3Sb7iIKwAAAAAAAAAAAAAAQAAAQ.jpg,g1oOHJOvS4qxd5DGYu64FgAAACMAARAD.jpg,0,167,208
A_h0wES7JMcj8AAAAAAAAAAAAAAQAAAQ.jpg,A_YlkgQbNnNSoAAAAAAAAAAAAAAQAAAQ.jpg,0,293,19
A_hFIsQqIAQwEAAAAAAAAAAAAAAQAAAQ.jpg,A_mt3oRoMfsrEAAAAAAAAAAAAAAQAAAQ.jpg,0,81,237
A_9_SYSrcxl1UAAAAAAAAAAAAAAQAAAQ.jpg,A_xgEcQJU0HaoAAAAAAAAAAAAAAQAAAQ.jpg,0,94,273
A_dN7FSZa9E6kAAAAAAAAAAAAAAQAAAQ.jpg,A_jPNWSL4MPycAAAAAAAAAAAAAAQAAAQ.jpg,0,225,276
A_05zKQb6bySIAAAAAAAAAAAAAAQAAAQ.jpg,A_r28UTJfMFeoAAAAAAAAAAAAAAQAAAQ.jpg,0,216,224
A_3muFRpfosX0AAAAAAAAAAAAAAQAAAQ.jpg,A_shkqRbKm6LgAAAAAAAAAAAAAAQAAAQ.jpg,0,10,196
A_4vgZSoQuhPgAAAAAAAAAAAAAAQAAAQ.jpg,A_viZgTZtLdIkAAAAAAAAAAAAAAQAAAQ.jpg,0,294,311
A_WIkoSofHxNkAAAAAAAAAAAAAAQAAAQ.jpg,A_m6o3TaR9GfMAAAAAAAAAAAAAAQAAAQ.jpg,0,67,304
A_TIBEQZKlgbsAAAAAAAAAAAAAAQAAAQ.jpg,frarTD7lTOqgeRc7RMPqNQAAACMAARAD.jpg,0,237,188
A_6J5kQJhOduUAAAAAAAAAAAAAAQAAAQ.jpg,A_iK_RRJMtR_0AAAAAAAAAAAAAAQAAAQ.jpg,0,77,101
A_HAtPTLANbMAAAAAAAAAAAAAAAQAAAQ.jpg,A_FxEiTbFDhBMAAAAAAAAAAAAAAQAAAQ.jpg,0,124,21
A_eBxrT7u84_YAAAAAAAAAAAAAAQAAAQ.jpg,A_LZQHRJnzs8kAAAAAAAAAAAAAAQAAAQ.jpg,0,276,85
A_9f9RQYMEDW8AAAAAAAAAAAAAAQAAAQ.jpg,A_OdypSY5DoYwAAAAAAAAAAAAAAQAAAQ.jpg,0,338,298
A_b8rTTZnRnF8AAAAAAAAAAAAAAQAAAQ.jpg,A_a9EBQ5lnoo0AAAAAAAAAAAAAAQAAAQ.jpg,0,172,24
A_e69VSbQ41GQAAAAAAAAAAAAAAQAAAQ.jpg,A_Vu_PRqVmM8AAAAAAAAAAAAAAAQAAAQ.jpg,0,299,14
A_0xRaQ4mC4A0AAAAAAAAAAAAAAQAAAQ.jpg,A_7zpaTrXCE1sAAAAAAAAAAAAAAQAAAQ.jpg,0,332,288
A_YrcgQoK0NyIAAAAAAAAAAAAAAQAAAQ.jpg,A_I4uaQKtPPhAAAAAAAAAAAAAAAQAAAQ.jpg,0,215,329
A_PD58S5qjNQoAAAAAAAAAAAAAAQAAAQ.jpg,A_3TwiRJY6T9oAAAAAAAAAAAAAAQAAAQ.jpg,0,262,235
A_r0rxRqzUNowAAAAAAAAAAAAAAQAAAQ.jpg,A_Ba6QQqFUsP4AAAAAAAAAAAAAAQAAAQ.jpg,0,241,15
A_wsMpQbMfJyAAAAAAAAAAAAAAAQAAAQ.jpg,A_cKh6QbFC51wAAAAAAAAAAAAAAQAAAQ.jpg,0,125,169
A_HTNURIoNl30AAAAAAAAAAAAAAQAAAQ.jpg,A_8gUmSoxIHOIAAAAAAAAAAAAAAQAAAQ.jpg,0,31,65
A_qwMrRIrUjOkAAAAAAAAAAAAAAQAAAQ.jpg,A_IeYUSZHnPzOciWNLuhXRvwAAAQAAAQ.jpg,0,100,96
A_bLPoRob0He8AAAAAAAAAAAAAAQAAAQ.jpg,A_SdoSTYqbvSUAAAAAAAAAAAAAAQAAAQ.jpg,0,319,153
A_6aJ8Sa2FS-YAAAAAAAAAAAAAAQAAAQ.jpg,A_UxuKRYc2x7YAAAAAAAAAAAAAAQAAAQ.jpg,0,317,173
A_jdqPRo2GPt0AAAAAAAAAAAAAAQAAAQ.jpg,A_Z9O5TZhkv2IAAAAAAAAAAAAAAQAAAQ.jpg,0,115,227
tk4mOGEERLCxkiRM1WOXuwAAACMAARAD.jpg,A_lv0eRrxAXNwAAAAAAAAAAAAAAQAAAQ.jpg,0,211,193
A_FyXHS6lwH00AAAAAAAAAAAAAAQAAAQ.jpg,A_4gPcTqwkpLYAAAAAAAAAAAAAAQAAAQ.jpg,0,142,41
A_oD9KQ7tl8HsAAAAAAAAAAAAAAQAAAQ.jpg,aa7CED-ZTiSSG_-WFIoMkwAAACMAARAD.jpg,0,229,166
A_JQmhRLsCpowAAAAAAAAAAAAAAQAAAQ.jpg,A_H_zgSYO_OSwAAAAAAAAAAAAAAQAAAQ.jpg,0,127,231
jV3ehro-TYitsrnBzUlcVgAAACMAARAD.jpg,A_Q6uIR7KZBo4AAAAAAAAAAAAAAQAAAQ.jpg,0,120,198
A_lWreSpZxhyAAAAAAAAAAAAAAAQAAAQ.jpg,A_sDy8TZweP6MAAAAAAAAAAAAAAQAAAQ.jpg,0,15,344
A_FVWOQa45oeMAAAAAAAAAAAAAAQAAAQ.jpg,5tv9hCixSeCiHja6EI7b6AAAACMAARAD.jpg,0,178,120
VExaZWAxSUuI3YKpQvrnIgAAACMAARAD.jpg,A_WidRS5aubWEAAAAAAAAAAAAAAQAAAQ.jpg,0,190,113
A_t6AyT4K76akAAAAAAAAAAAAAAQAAAQ.jpg,A_m8sWQpOHV-EAAAAAAAAAAAAAAQAAAQ.jpg,0,346,25
A_ChqmSJ1Ok-IAAAAAAAAAAAAAAQAAAQ.jpg,gioGl7mwSCab39gMX8ARnAAAACMAARAD.jpg,0,153,177
A_5BrdQ7yMxs4AAAAAAAAAAAAAAQAAAQ.jpg,A_pOfiQ7jDy14AAAAAAAAAAAAAAQAAAQ.jpg,0,213,13
A_qAmbQo1B3boAAAAAAAAAAAAAAQAAAQ.jpg,ydJW6409RSKvBzpK1xzS0QAAACMAARAD.jpg,0,293,27
A_eUwvR77C5UwAAAAAAAAAAAAAAQAAAQ.jpg,A_qlKSQJ59vsgAAAAAAAAAAAAAAQAAAQ.jpg,0,65,26
A_5zUtS5frsf4AAAAAAAAAAAAAAQAAAQ.jpg,A_yrFZSaXtfAEAAAAAAAAAAAAAAQAAAQ.jpg,0,148,162
A_BMEtTpAKIZUAAAAAAAAAAAAAAQAAAQ.jpg,A_VKWZTI04Y7wAAAAAAAAAAAAAAQAAAQ.jpg,0,247,41
A_PLpYQbchnYsAAAAAAAAAAAAAAQAAAQ.jpg,A_mQvKR47IcpkAAAAAAAAAAAAAAQAAAQ.jpg,0,7,142
A_b-8qRr28s_QAAAAAAAAAAAAAAQAAAQ.jpg,A_RZTaRK3bJIcAAAAAAAAAAAAAAQAAAQ.jpg,0,130,123
A_2n3hQr-JmJQAAAAAAAAAAAAAAQAAAQ.jpg,A_LQIQSpDZ01wAAAAAAAAAAAAAAQAAAQ.jpg,0,16,91
A_gceJT5IcfZ4AAAAAAAAAAAAAAQAAAQ.jpg,A_MkJtQKVpPRIAAAAAAAAAAAAAAQAAAQ.jpg,0,40,232
A_jZ1QQ773-Q8AAAAAAAAAAAAAAQAAAQ.jpg,A_aR-qQ6LgCM4AAAAAAAAAAAAAAQAAAQ.jpg,0,98,144
A_VVyqSqssGX8AAAAAAAAAAAAAAQAAAQ.jpg,A_K1SDTrzJRsMAAAAAAAAAAAAAAQAAAQ.jpg,0,110,82
A_1ruyQ7LcAuoAAAAAAAAAAAAAAQAAAQ.jpg,A_EBtBR7SR8xIAAAAAAAAAAAAAAQAAAQ.jpg,0,347,292
A_ZX7pT4uWMgsAAAAAAAAAAAAAAQAAAQ.jpg,7ACCezYsSqiEz-zehRjeGAAAACMAARAD.jpg,0,268,310
zGfOrLgJRWq4z48tv9EHeQAAACMAARAD.jpg,A_v9o_T5ly55wAAAAAAAAAAAAAAQAAAQ.jpg,0,155,344
A_gPk9T4n_WewAAAAAAAAAAAAAAQAAAQ.jpg,CsysDwi5QjeJ03Wvg2F9SAAAACMAARAD.jpg,0,28,99
A_2QqWQqUlH60AAAAAAAAAAAAAAQAAAQ.jpg,ysnTdNgkTQ2KcesYGinCrgAAACMAARAD.jpg,0,263,132
A_UE-JSb_9FMYAAAAAAAAAAAAAAQAAAQ.jpg,A_stmPT54njmIAAAAAAAAAAAAAAQAAAQ.jpg,0,144,147
A_ZlCjSaYPrmAAAAAAAAAAAAAAAQAAAQ.jpg,A_2YPaRq8ajt8AAAAAAAAAAAAAAQAAAQ.jpg,0,336,284
A_g3YhTbvJ9A8AAAAAAAAAAAAAAQAAAQ.jpg,YFn8FC0cQFGTffeP-0YugAAAACMAARAD.jpg,0,198,188
A_1UNRTpDrXocAAAAAAAAAAAAAAQAAAQ.jpg,A_d4wUQoUvZxsAAAAAAAAAAAAAAQAAAQ.jpg,0,61,247
A_YdltQ4U0sNcAAAAAAAAAAAAAAQAAAQ.jpg,A_hsJDSo4xcbkAAAAAAAAAAAAAAQAAAQ.jpg,0,275,3
A_Urt9TpyTclsAAAAAAAAAAAAAAQAAAQ.jpg,A_7zpaTrXCE1sAAAAAAAAAAAAAAQAAAQ.jpg,0,37,288
A_SsADSplZuU0AAAAAAAAAAAAAAQAAAQ.jpg,X7bAJ7tFSBG_4F661zvLggAAACMAARAD.jpg,0,258,207
A_sUiCS7uVW54AAAAAAAAAAAAAAQAAAQ.jpg,A_tZlpQLPXXpQAAAAAAAAAAAAAAQAAAQ.jpg,0,227,84
A_19KTRKsU1bgAAAAAAAAAAAAAAQAAAQ.jpg,A_gvZqQKxzVa4AAAAAAAAAAAAAAQAAAQ.jpg,0,59,200
A_o-mERLc_dPYAAAAAAAAAAAAAAQAAAQ.jpg,7YkNrZhwSFKUwj4wGuhjBwAAACMAARAD.jpg,0,300,282
A_g-_gS6bU8hYAAAAAAAAAAAAAAQAAAQ.jpg,A_cy6BT7zBon8AAAAAAAAAAAAAAQAAAQ.jpg,0,216,145
A_UGBKSZHI2xkAAAAAAAAAAAAAAQAAAQ.jpg,A_ZkMGSr_0kyQAAAAAAAAAAAAAAQAAAQ.jpg,0,43,138
A_c8JATZGzi1cAAAAAAAAAAAAAAQAAAQ.jpg,A_1cY0SJWiw2gAAAAAAAAAAAAAAQAAAQ.jpg,0,156,249
A__cLMQbU4SS0AAAAAAAAAAAAAAQAAAQ.jpg,A_7Rs9Q46XFoAAAAAAAAAAAAAAAQAAAQ.jpg,0,184,92
OjXGrQwIRLe0jn5ENTl1XwAAACMAARAD.jpg,A_E3hiQIEwtSkAAAAAAAAAAAAAAQAAAQ.jpg,0,291,142
A_D5vXRpubIH4AAAAAAAAAAAAAAQAAAQ.jpg,A_SDD3Q6kABacAAAAAAAAAAAAAAQAAAQ.jpg,0,154,247
A_3BuiQbibhO8AAAAAAAAAAAAAAQAAAQ.jpg,A_5dNJRaepYnUAAAAAAAAAAAAAAQAAAQ.jpg,0,9,302
A_92a6Tq_Mr68AAAAAAAAAAAAAAQAAAQ.jpg,A_0d9RQp7aDvQAAAAAAAAAAAAAAQAAAQ.jpg,0,175,318
A_bgtWT6j_LKkAAAAAAAAAAAAAAQAAAQ.jpg,qt9ydc-FTHqABlnv0E338AAAACMAARAD.jpg,0,79,150
A_ob2HSriDloEAAAAAAAAAAAAAAQAAAQ.jpg,A_dZG9Q4576q8AAAAAAAAAAAAAAQAAAQ.jpg,0,236,183
4PnTMDonSgyab2bzQ-yK9wAAACMAARAD.jpg,A_Z9O5TZhkv2IAAAAAAAAAAAAAAQAAAQ.jpg,0,192,227
A_kLiUS4oxWiEAAAAAAAAAAAAAAQAAAQ.jpg,t7OjT-JkTe-fdqtZnMC8oAAAACMAARAD.jpg,0,171,129
igBDl6ziSdODf-fpbtEL1wAAACMAARAD.jpg,A_NuL2TKMEwowAAAAAAAAAAAAAAQAAAQ.jpg,0,306,265
A_WRYZRKOZPL4AAAAAAAAAAAAAAQAAAQ.jpg,A_NuL2TKMEwowAAAAAAAAAAAAAAQAAAQ.jpg,0,130,265
U1EDgPaORkycuNu19c1crAAAACMAARAD.jpg,A_Pdg4R4YxRpwAAAAAAAAAAAAAAQAAAQ.jpg,0,306,295
A_reG_T7bejwwAAAAAAAAAAAAAAQAAAQ.jpg,A_ywmfQoWVLnUAAAAAAAAAAAAAAQAAAQ.jpg,0,304,78
ysnTdNgkTQ2KcesYGinCrgAAACMAARAD.jpg,A_OkeCQptuOYkAAAAAAAAAAAAAAQAAAQ.jpg,0,132,32
A_5dhIRrfer5YAAAAAAAAAAAAAAQAAAQ.jpg,A_nKQBTJiTOPkAAAAAAAAAAAAAAQAAAQ.jpg,0,65,234
A_1vE2T5QGHN4AAAAAAAAAAAAAAQAAAQ.jpg,A_Y6qGQYFvMP0AAAAAAAAAAAAAAQAAAQ.jpg,0,297,138
A_nw_7QLxh6h4AAAAAAAAAAAAAAQAAAQ.jpg,A_kcFGTZE2RQoAAAAAAAAAAAAAAQAAAQ.jpg,0,271,74
A_VSe4QrbJjMcAAAAAAAAAAAAAAQAAAQ.jpg,A_CKxEQpBINjYAAAAAAAAAAAAAAQAAAQ.jpg,0,0,43
BmtxLNdXTdqX4SH1-mkYHQAAACMAARAD.jpg,A_kcFGTZE2RQoAAAAAAAAAAAAAAQAAAQ.jpg,0,56,74
A_ap0DRppYXI0AAAAAAAAAAAAAAQAAAQ.jpg,A_g3YhTbvJ9A8AAAAAAAAAAAAAAQAAAQ.jpg,0,14,198
A_C0HtTLNKeLkAAAAAAAAAAAAAAQAAAQ.jpg,A_Ib-dTZ1rkF4AAAAAAAAAAAAAAQAAAQ.jpg,0,338,271
A_JWHxRYpbCRgAAAAAAAAAAAAAAQAAAQ.jpg,A_jC3STZwXP58AAAAAAAAAAAAAAQAAAQ.jpg,0,30,53
A_0mFaQoSKPVgAAAAAAAAAAAAAAQAAAQ.jpg,A__-5CSqwIXuQAAAAAAAAAAAAAAQAAAQ.jpg,0,87,255
A_DsowTrYbJyAAAAAAAAAAAAAAAQAAAQ.jpg,A_uJmSS6jwC_EAAAAAAAAAAAAAAQAAAQ.jpg,0,45,151
A_-V96Qa0QThkAAAAAAAAAAAAAAQAAAQ.jpg,A_ycyzRpZPTpUAAAAAAAAAAAAAAQAAAQ.jpg,0,141,245
A_Ez49RbdLdmcAAAAAAAAAAAAAAQAAAQ.jpg,A_sDy8TZweP6MAAAAAAAAAAAAAAQAAAQ.jpg,0,287,344
Fv9FYvAkQc6AGTP11upBrwAAACMAARAD.jpg,A_WFX-R60X0GEAAAAAAAAAAAAAAQAAAQ.jpg,0,4,62
A_SD6EQ6H3_WcAAAAAAAAAAAAAAQAAAQ.jpg,A_t7pjSY5KeJwAAAAAAAAAAAAAAQAAAQ.jpg,0,47,324
PWdM972oTLS4wJJ319jekgAAACMAARED.jpg,IlaouobwQyib5LO0My4xMAAAACMAARAD.jpg,0,321,54
Xep9PWi-TnyRkBu-1lOpugAAACMAARAD.jpg,A_kLiUS4oxWiEAAAAAAAAAAAAAAQAAAQ.jpg,0,150,171
A_PNRuRprSSG4AAAAAAAAAAAAAAQAAAQ.jpg,kI8JptLQRmKD74_JZNiHXQAAACMAARAD.jpg,0,335,129
A_qrG3Qr9WQnwAAAAAAAAAAAAAAQAAAQ.jpg,A_fVZwT4oJteAAAAAAAAAAAAAAAQAAAQ.jpg,0,217,251
A_Fk7aSIVdPRsAAAAAAAAAAAAAAQAAAQ.jpg,A_Xrx1SIEgz8YAAAAAAAAAAAAAAQAAAQ.jpg,0,156,206
A_4mW0Q5rIZpgAAAAAAAAAAAAAAQAAAQ.jpg,A_vdO2RolMKVcAAAAAAAAAAAAAAQAAAQ.jpg,0,162,98
A_hqBxRo7pAs4AAAAAAAAAAAAAAQAAAQ.jpg,A_gWrIQ4S447oAAAAAAAAAAAAAAQAAAQ.jpg,0,167,308
A_SPVDQZ3l49AAAAAAAAAAAAAAAQAAAQ.jpg,A_56etSoqz9lkAAAAAAAAAAAAAAQAAAQ.jpg,0,275,124
A_hmzySYUBMZIAAAAAAAAAAAAAAQAAAQ.jpg,A_b-8qRr28s_QAAAAAAAAAAAAAAQAAAQ.jpg,0,38,130
A_ds1XTZvQ5xIAAAAAAAAAAAAAAQAAAQ.jpg,8Sk3KFu_QmSMZX_JxB-X2QAAACMAARAD.jpg,0,242,164
A_v2AMTqrkHXgAAAAAAAAAAAAAAQAAAQ.jpg,A_iPsbSr7C5DcAAAAAAAAAAAAAAQAAAQ.jpg,0,163,254
A_uSLAQKtJDr4AAAAAAAAAAAAAAQAAAQ.jpg,frdTcr-kQKe_ugKUa32pmwAAACMAARAD.jpg,0,179,174
A_P5EBT4AQhZcAAAAAAAAAAAAAAQAAAQ.jpg,2iEC5ZrsSa2JpfKnTQbADQAAACMAARAD.jpg,0,289,6
A_1XV-TI8AFDMAAAAAAAAAAAAAAQAAAQ.jpg,A_rHPMQIrXUkgAAAAAAAAAAAAAAQAAAQ.jpg,0,295,108
A_7zzVQYVHFHgAAAAAAAAAAAAAAQAAAQ.jpg,A_nec0R4X7desAAAAAAAAAAAAAAQAAAQ.jpg,0,158,189
sXCLxmKsRfaVAGlXbY1y3wAAACMAARAD.jpg,A_-BFZSoRxTq0AAAAAAAAAAAAAAQAAAQ.jpg,0,306,262
A_lDYjR5tMHXsAAAAAAAAAAAAAAQAAAQ.jpg,A_7z2dSpjqRhsAAAAAAAAAAAAAAQAAAQ.jpg,0,115,302
A_96HDTpXfEp0AAAAAAAAAAAAAAQAAAQ.jpg,A_aOn9RpOdtFIAAAAAAAAAAAAAAQAAAQ.jpg,0,38,172
A_8cyFQ4uebTYAAAAAAAAAAAAAAQAAAQ.jpg,A_VSHyQ5E3b6kAAAAAAAAAAAAAAQAAAQ.jpg,0,116,8
A__9DkRL2nqzgAAAAAAAAAAAAAAQAAAQ.jpg,A_bZNnSJorqvMAAAAAAAAAAAAAAQAAAQ.jpg,0,222,231
yzkrh0IDQUS0CKZZtweE0gAAACMAARAD.jpg,A_QZE9RZrlk7wAAAAAAAAAAAAAAQAAAQ.jpg,0,99,223
A_00INR7szioMAAAAAAAAAAAAAAQAAAQ.jpg,A_sw55T7tdUW8AAAAAAAAAAAAAAQAAAQ.jpg,0,89,29
A_KYy1R7vQUokAAAAAAAAAAAAAAQAAAQ.jpg,A_Vu_PRqVmM8AAAAAAAAAAAAAAAQAAAQ.jpg,0,267,14
A_7TWPT4_hkwwAAAAAAAAAAAAAAQAAAQ.jpg,A_rGSuTZXVuRUGn2pDh9p9vgAAAQAAAQ.jpg,0,345,2
A_nIZXQ4X15HUAAAAAAAAAAAAAAQAAAQ.jpg,A_DC12To5UBZwAAAAAAAAAAAAAAQAAAQ.jpg,0,100,23
A_mtcjT5-8fxIAAAAAAAAAAAAAAQAAAQ.jpg,A_fXp1S7xHV6YAAAAAAAAAAAAAAQAAAQ.jpg,0,60,106
A_FtPrQpzl3BAAAAAAAAAAAAAAAQAAAQ.jpg,X7bAJ7tFSBG_4F661zvLggAAACMAARAD.jpg,0,303,207
A_CbtxSYI7W3wAAAAAAAAAAAAAAQAAAQ.jpg,B4vLF17OQ7iz0JDSOsJBYwAAACMAARAD.jpg,0,280,71
A_mo3GRaXrNTgAAAAAAAAAAAAAAQAAAQ.jpg,A_zMhHRKUhSuErdB5Pt_ADkgAAAQAAAQ.jpg,0,309,148
A_llXqTpsSgWwAAAAAAAAAAAAAAQAAAQ.jpg,A_63UvQ4t84sQAAAAAAAAAAAAAAQAAAQ.jpg,0,90,286
0GdWO5icQbKwpuwrEKLdgwAAACMAARAD.jpg,A_UmpNSa_VTuYAAAAAAAAAAAAAAQAAAQ.jpg,0,307,228
A_LFTBTrq2so4AAAAAAAAAAAAAAQAAAQ.jpg,A__-5CSqwIXuQAAAAAAAAAAAAAAQAAAQ.jpg,0,278,255
A_mFi6TLRxJ9cAAAAAAAAAAAAAAQAAAQ.jpg,f6GMYs9cRVe3Vy5EDVVBpgAAACMAARAD.jpg,0,144,291
A_Y3QbRJDhWOYAAAAAAAAAAAAAAQAAAQ.jpg,A_CAlCTIVL_TQAAAAAAAAAAAAAAQAAAQ.jpg,0,324,295
obyrOEluQJ2NMnX7G7GA0wAAACMAARAD.jpg,J1CtsgliQ_Wz7dWKjUh9SwAAACMAARAD.jpg,0,306,307
xPWXoOz0RJ2uGy381aUq9wAAACMAARAD.jpg,A_nw_7QLxh6h4AAAAAAAAAAAAAAQAAAQ.jpg,0,348,271
A_cKL1QqoK8C4AAAAAAAAAAAAAAQAAAQ.jpg,A__FI5Q5Jfi3EAAAAAAAAAAAAAAQAAAQ.jpg,0,111,29
A_a-RNSrOUV5IAAAAAAAAAAAAAAQAAAQ.jpg,A_2lrgQ5piRFsAAAAAAAAAAAAAAQAAAQ.jpg,0,296,123
A_stmPT54njmJQA21MkONSVgAAAQAAAQ.jpg,A_wsMpQbMfJyAAAAAAAAAAAAAAAQAAAQ.jpg,0,147,125
A_pUauTrONA4lSN5NPuoRqAAAAAQAAAQ.jpg,A_rIp5QoMBGOQAAAAAAAAAAAAAAQAAAQ.jpg,0,318,53
4PnTMDonSgyab2bzQ-yK9wAAACMAARAD.jpg,A_4dqvS7ABM9IAAAAAAAAAAAAAAQAAAQ.jpg,0,192,160
A_pTBdRpDG19IAAAAAAAAAAAAAAQAAAQ.jpg,A_vtg4QphXQk8AAAAAAAAAAAAAAQAAAQ.jpg,0,171,236
A_1YVzSbIROi8AAAAAAAAAAAAAAQAAAQ.jpg,A_ZBNoSpCehbIAAAAAAAAAAAAAAQAAAQ.jpg,0,253,294
tZ9Ffj0eTdiamVFL64HrAwAAACMAARAD.jpg,A_X-X-Tq1BLFsAAAAAAAAAAAAAAQAAAQ.jpg,0,72,42
A_SWT7TpEfSXoAAAAAAAAAAAAAAQAAAQ.jpg,A_eyX9SoPYLnUAAAAAAAAAAAAAAQAAAQ.jpg,0,257,261
A_PkYjToCAA08AAAAAAAAAAAAAAQAAAQ.jpg,A_vbb5RrhFhKkAAAAAAAAAAAAAAQAAAQ.jpg,0,85,220
QQxyNEuVSAWRtd0Fk3TSiAAAACMAARAD.jpg,A_PR05ToNQKfQAAAAAAAAAAAAAAQAAAQ.jpg,0,192,212
A_GNYnToAhNA8AAAAAAAAAAAAAAQAAAQ.jpg,A_rXDyRppz13cAAAAAAAAAAAAAAQAAAQ.jpg,0,35,76
RIZCEXosSOm6gQj1pn6RSAAAACMAARAD.jpg,A_J29lTq0PoBYAAAAAAAAAAAAAAQAAAQ.jpg,0,164,83
A_Xrx1SIEgz8YAAAAAAAAAAAAAAQAAAQ.jpg,A_HRkFRZKRfK4AAAAAAAAAAAAAAQAAAQ.jpg,0,206,330
A_LFTBTrq2so4AAAAAAAAAAAAAAQAAAQ.jpg,A_rGSuTZXVuRUAAAAAAAAAAAAAAQAAAQ.jpg,0,278,2
A_vdO2RolMKVcAAAAAAAAAAAAAAQAAAQ.jpg,jljP-9JORDyajV3g_xwG_wAAACMAARAD.jpg,0,98,129
A_EsHfTJi2lYUAAAAAAAAAAAAAAQAAAQ.jpg,qHnFLmDMQMiYxAn70xvcRwAAACMAARAD.jpg,0,314,208
A_1BkkT5s3pZkAAAAAAAAAAAAAAQAAAQ.jpg,A_wdK2RIoM3SQAAAAAAAAAAAAAAQAAAQ.jpg,0,304,158
A_ey1NQqwj2xkAAAAAAAAAAAAAAQAAAQ.jpg,A_zkBxSpasz7MAAAAAAAAAAAAAAQAAAQ.jpg,0,35,73
A_avXxR4A0gikAAAAAAAAAAAAAAQAAAQ.jpg,frarTD7lTOqgeRc7RMPqNQAAACMAARAD.jpg,0,280,188
A_S0zwTqouBekAAAAAAAAAAAAAAQAAAQ.jpg,A_57b6Sb8-FAYAAAAAAAAAAAAAAQAAAQ.jpg,0,169,300
A_9jzqQrTHgCQAAAAAAAAAAAAAAQAAAQ.jpg,A_8gUmSoxIHOIAAAAAAAAAAAAAAQAAAQ.jpg,0,126,65
A_aR-qQ6LgCM4AAAAAAAAAAAAAAQAAAQ.jpg,A_VW4rTbmlHh8AAAAAAAAAAAAAAQAAAQ.jpg,0,144,336
A_6h2TSpG2xLAAAAAAAAAAAAAAAQAAAQ.jpg,A_CjU5SoWF2L0AAAAAAAAAAAAAAQAAAQ.jpg,0,328,118
A_ArkTQ6Dnr04AAAAAAAAAAAAAAQAAAQ.jpg,A_TYp9Q40PjSUAAAAAAAAAAAAAAQAAAQ.jpg,0,81,149
A_xNCNSreklsIAAAAAAAAAAAAAAQAAAQ.jpg,sXCLxmKsRfaVAGlXbY1y3wAAACMAARAD.jpg,0,1,306
A_W9fQSKt4JzUAAAAAAAAAAAAAAQAAAQ.jpg,A_RkkmTYGR2GgAAAAAAAAAAAAAAQAAAQ.jpg,0,95,201
A_5XhqT50fyW4AAAAAAAAAAAAAAQAAAQ.jpg,A_gaFyQKDOiR8AAAAAAAAAAAAAAQAAAQ.jpg,0,101,35
A_4COnRIftFtkAAAAAAAAAAAAAAQAAAQ.jpg,A_wSWmTr7_FucAAAAAAAAAAAAAAQAAAQ.jpg,0,104,302
A_zjM2TKZ3uLYAAAAAAAAAAAAAAQAAAQ.jpg,A_8FKeQo04k4IAAAAAAAAAAAAAAQAAAQ.jpg,0,97,285
A_QQI2TrP_nAAAAAAAAAAAAAAAAQAAAQ.jpg,A_RaRvSLwdvtQAAAAAAAAAAAAAAQAAAQ.jpg,0,199,173
A_pZKQQ6RiMPMAAAAAAAAAAAAAAQAAAQ.jpg,A_bU78Tpd1tvMAAAAAAAAAAAAAAQAAAQ.jpg,0,266,90
A_eyX9SoPYLnUAAAAAAAAAAAAAAQAAAQ.jpg,A_RZTaRK3bJIcAAAAAAAAAAAAAAQAAAQ.jpg,0,261,123
A_D_R0SK73894AAAAAAAAAAAAAAQAAAQ.jpg,A_2TkOSZj4Q5QAAAAAAAAAAAAAAQAAAQ.jpg,0,88,108
A_1XV-TI8AFDMAAAAAAAAAAAAAAQAAAQ.jpg,A_BozJTaHtlVkAAAAAAAAAAAAAAQAAAQ.jpg,0,295,173
A_TfOESrI_z3wAAAAAAAAAAAAAAQAAAQ.jpg,A_YOLjSLCb05sAAAAAAAAAAAAAAQAAAQ.jpg,0,320,31
A_qL1DQ52JFAsAAAAAAAAAAAAAAQAAAQ.jpg,A__OfaT7yTwxUAAAAAAAAAAAAAAQAAAQ.jpg,0,44,273
A_4dqvS7ABM9IAAAAAAAAAAAAAAQAAAQ.jpg,A_xx0YQr5BNq8AAAAAAAAAAAAAAQAAAQ.jpg,0,160,147
A_xvAiTaIgyiIAAAAAAAAAAAAAAQAAAQ.jpg,A_a5OsTbYWWVQAAAAAAAAAAAAAAQAAAQ.jpg,0,154,137
A_RzQdRY8vhLkAAAAAAAAAAAAAAQAAAQ.jpg,A_WRZPRYHu6xsAAAAAAAAAAAAAAQAAAQ.jpg,0,146,106
A_OauCQr_5X8UAAAAAAAAAAAAAAQAAAQ.jpg,A_SQeJQr1DQCoAAAAAAAAAAAAAAQAAAQ.jpg,0,232,233
A_rZCET7Bcu5YAAAAAAAAAAAAAAQAAAQ.jpg,A_uY8RT48iBmoAAAAAAAAAAAAAAQAAAQ.jpg,0,143,178
A_W9fQSKt4JzUAAAAAAAAAAAAAAQAAAQ.jpg,A_gnzFTrJMNnQAAAAAAAAAAAAAAQAAAQ.jpg,0,95,232
A_p1e5QJ0g4lgAAAAAAAAAAAAAAQAAAQ.jpg,A_ZT5FQpIeXlQAAAAAAAAAAAAAAQAAAQ.jpg,0,157,290
A_IHGMTadv9ZoAAAAAAAAAAAAAAQAAAQ.jpg,A_zjktQp-czbsAAAAAAAAAAAAAAQAAAQ.jpg,0,104,118
A_UxuKRYc2x7YAAAAAAAAAAAAAAQAAAQ.jpg,32mJ2Fl5TkCqbcWzhvZbowAAACMAARAD.jpg,0,173,70
A_g-_gS6bU8hYAAAAAAAAAAAAAAQAAAQ.jpg,A_stmPT54njmIAAAAAAAAAAAAAAQAAAQ.jpg,0,216,147
A_EL3MTLdLMz8AAAAAAAAAAAAAAQAAAQ.jpg,A_f8MgS5sAGg0AAAAAAAAAAAAAAQAAAQ.jpg,0,343,93
A_1328TKphdQgAAAAAAAAAAAAAAQAAAQ.jpg,A_vsngRpRhfFsAAAAAAAAAAAAAAQAAAQ.jpg,0,30,112
A_IdUASo3kSSUAAAAAAAAAAAAAAQAAAQ.jpg,A_NjG2SqOfUE4AAAAAAAAAAAAAAQAAAQ.jpg,0,248,342
A_ufHTQ6U54sAAAAAAAAAAAAAAAQAAAQ.jpg,A_0gczRYEcMd0AAAAAAAAAAAAAAQAAAQ.jpg,0,41,193
A_ZBuhRJ_erngAAAAAAAAAAAAAAQAAAQ.jpg,A_laKWT4G-AeYAAAAAAAAAAAAAAQAAAQ.jpg,0,34,53
A_NuL2TKMEwowAAAAAAAAAAAAAAQAAAQ.jpg,A_zj1HS5Be7c4AAAAAAAAAAAAAAQAAAQ.jpg,0,265,197
A_B5PLRYT7qakAAAAAAAAAAAAAAQAAAQ.jpg,A_zjktQp-czbsAAAAAAAAAAAAAAQAAAQ.jpg,0,228,118
A_ZLTNQ5wA3ncNnJxCvdxuZQAAAQAAAQ.jpg,A_cWO0Sb2sA9gAAAAAAAAAAAAAAQAAAQ.jpg,0,63,200
A_PIcHTa2SqFsAAAAAAAAAAAAAAQAAAQ.jpg,A_vAl2Q52NU9MAAAAAAAAAAAAAAQAAAQ.jpg,0,284,340
AxQOGcN4RkCPWfcMhYgBuQAAACMAARAD.jpg,KhYwboiXREiuD9ad__7GDwAAACMAARAD.jpg,0,307,188
A_DRG9SbIn_7sAAAAAAAAAAAAAAQAAAQ.jpg,A_olotS4XoJFkAAAAAAAAAAAAAAQAAAQ.jpg,0,119,124
A_uNzLSLfbVYsAAAAAAAAAAAAAAQAAAQ.jpg,elfhVqTdQpWv6R3PsHqMjQAAACMAARAD.jpg,0,210,188
A__YxFR6NzEjQAAAAAAAAAAAAAAQAAAQ.jpg,A_NloJTpjGmzjncmZIj3dViAAAAQAAAQ.jpg,0,13,62
A_qi_5T4aATlcAAAAAAAAAAAAAAQAAAQ.jpg,A_ePq8Ras0owIAAAAAAAAAAAAAAQAAAQ.jpg,0,261,320
z7SRCrsfQqCFkfL-WxvKkAAAACMAARAD.jpg,A_M4T5Q43L2qAAAAAAAAAAAAAAAQAAAQ.jpg,0,20,319
A_m-aWTY3Ot-AAAAAAAAAAAAAAAQAAAQ.jpg,A_eCGwQpnlatEAAAAAAAAAAAAAAQAAAQ.jpg,0,26,80
PWdM972oTLS4wJJ319jekgAAACMAARED.jpg,A_HylzQ4MvXaYAAAAAAAAAAAAAAQAAAQ.jpg,0,321,218
A_zSt_TZGlWdoAAAAAAAAAAAAAAQAAAQ.jpg,A_CKxEQpBINjYAAAAAAAAAAAAAAQAAAQ.jpg,0,38,43
A_GN8FS4YXEKMAAAAAAAAAAAAAAQAAAQ.jpg,A_7zpaTrXCE1sAAAAAAAAAAAAAAQAAAQ.jpg,0,82,288
A_p5ntSLcrva4AAAAAAAAAAAAAAQAAAQ.jpg,A_KhFwTKJ4XWwAAAAAAAAAAAAAAQAAAQ.jpg,0,202,338
A_oU0aQJ48IRsAAAAAAAAAAAAAAQAAAQ.jpg,A_5IoZTb3Daq8AAAAAAAAAAAAAAQAAAQ.jpg,0,133,245
dsoua9awQ96zA43Lqf2KVgAAACMAARAD.jpg,A_4OdZTY_C4z8AAAAAAAAAAAAAAQAAAQ.jpg,0,226,304
A_lDYjR5tMHXsAAAAAAAAAAAAAAQAAAQ.jpg,A_8g2uSoogj9AAAAAAAAAAAAAAAQAAAQ.jpg,0,115,322
A_SXGPT6VlGv0AAAAAAAAAAAAAAQAAAQ.jpg,A_ChqmSJ1Ok-IAAAAAAAAAAAAAAQAAAQ.jpg,0,15,153
wOtJM1xTQZ6YLMlLIsR6RQAAACMAARAD.jpg,A_yb38S7eVwa8AAAAAAAAAAAAAAQAAAQ.jpg,0,132,121
A_mFi6TLRxJ9cAAAAAAAAAAAAAAQAAAQ.jpg,A_9Wo1SqHv_yIAAAAAAAAAAAAAAQAAAQ.jpg,0,144,313
A_MGtdT6XD3YAAAAAAAAAAAAAAAQAAAQ.jpg,A_1y6dQaZsLNQAAAAAAAAAAAAAAQAAAQ.jpg,0,236,100
A_e6DJRYXhaSoAAAAAAAAAAAAAAQAAAQ.jpg,A_63UvQ4t84sQAAAAAAAAAAAAAAQAAAQ.jpg,0,193,286
A_7z2dSpjqRhsAAAAAAAAAAAAAAQAAAQ.jpg,A_8RO8SZ_cRhQAAAAAAAAAAAAAAQAAAQ.jpg,0,302,303
YFn8FC0cQFGTffeP-0YugAAAACMAARAD.jpg,A_9z7ISKHMk40AAAAAAAAAAAAAAQAAAQ.jpg,0,188,334
A_wbFXSqEkpSMAAAAAAAAAAAAAAQAAAQ.jpg,A_7aSXR6UMp8sAAAAAAAAAAAAAAQAAAQ.jpg,0,133,115
A_Mxe5T4Zt64cAAAAAAAAAAAAAAQAAAQ.jpg,WpudhUmPQtCbPSRoq9BnHgAAACMAARAD.jpg,0,237,20
A_UVLcS7GdN0sAAAAAAAAAAAAAAQAAAQ.jpg,A_Uw6pRLOcnFcAAAAAAAAAAAAAAQAAAQ.jpg,0,44,242
A_LKyVRYb174gAAAAAAAAAAAAAAQAAAQ.jpg,A_CaW2Rr7FxicAAAAAAAAAAAAAAQAAAQ.jpg,0,203,281
nLPicZeITKm4SZnyM0IhZAAAACMAARAD.jpg,A_zMhHRKUhSuE7jzBNqjIYmQAAAQAAAQ.jpg,0,219,148
A_pNVfTIS6svkAAAAAAAAAAAAAAQAAAQ.jpg,YFn8FC0cQFGTffeP-0YugAAAACMAARAD.jpg,0,293,188
A_Ba6QQqFUsP4AAAAAAAAAAAAAAQAAAQ.jpg,A_CgA9TI6N9eIAAAAAAAAAAAAAAQAAAQ.jpg,0,15,227
A_wNo8Squ-ZpAAAAAAAAAAAAAAAQAAAQ.jpg,A_TfvQTrtOPDQAAAAAAAAAAAAAAQAAAQ.jpg,0,8,243
A_Ib-dTZ1rkF4AAAAAAAAAAAAAAQAAAQ.jpg,A_gyLzR4cxZpIAAAAAAAAAAAAAAQAAAQ.jpg,0,271,274
shv8oNWbQzuuIU83B0uJKAAAACMAARAD.jpg,A_vxNlQoSOcesAAAAAAAAAAAAAAQAAAQ.jpg,0,316,23
A_I-uhS4pzzngAAAAAAAAAAAAAAQAAAQ.jpg,A__cl2QLO2llEAAAAAAAAAAAAAAQAAAQ.jpg,0,260,332
A_IeYUSZHnPzOciWNLuhXRvwAAAQAAAQ.jpg,A_SdoSTYqbvSUAAAAAAAAAAAAAAQAAAQ.jpg,0,96,153
A_0-1yQb8M0NoAAAAAAAAAAAAAAQAAAQ.jpg,A_jwl4QaUztl0AAAAAAAAAAAAAAQAAAQ.jpg,0,46,187
A_pWOlQZby4GYAAAAAAAAAAAAAAQAAAQ.jpg,A_EsHfTJi2lYUAAAAAAAAAAAAAAQAAAQ.jpg,0,121,314
A_TfOESrI_z3wAAAAAAAAAAAAAAQAAAQ.jpg,A_qwMrRIrUjOkAAAAAAAAAAAAAAQAAAQ.jpg,0,320,100
A_GFTOSYiPrqYAAAAAAAAAAAAAAQAAAQ.jpg,A_EzsXSL1ECOQAAAAAAAAAAAAAAQAAAQ.jpg,0,244,240
A_mhYFS7uBQCIAAAAAAAAAAAAAAQAAAQ.jpg,A_k02XTah-AqkAAAAAAAAAAAAAAQAAAQ.jpg,0,193,335
A_miO8RI_sLsIAAAAAAAAAAAAAAQAAAQ.jpg,dRX2p0mwRrumfcxLhB9tHAAAACMAARAD.jpg,0,180,6
A_XHurTYV1xScAAAAAAAAAAAAAAQAAAQ.jpg,A_FWz-SLCNxIMAAAAAAAAAAAAAAQAAAQ.jpg,0,337,325
A_dLjnR7Wqd6IAAAAAAAAAAAAAAQAAAQ.jpg,A_qDygQaMbmCsAAAAAAAAAAAAAAQAAAQ.jpg,0,17,119
A_y69QS6pCZp0AAAAAAAAAAAAAAQAAAQ.jpg,OjXGrQwIRLe0jn5ENTl1XwAAACMAARAD.jpg,0,199,291
A_MkJtQKVpPRIAAAAAAAAAAAAAAQAAAQ.jpg,A_B416T40hjHAAAAAAAAAAAAAAAQAAAQ.jpg,0,232,116
A_EUqYT7AVrh4AAAAAAAAAAAAAAQAAAQ.jpg,A_ytOxT7NilIsAAAAAAAAAAAAAAQAAAQ.jpg,0,154,244
A_jZ1QQ773-Q8AAAAAAAAAAAAAAQAAAQ.jpg,A_USsBT7LiLzQAAAAAAAAAAAAAAQAAAQ.jpg,0,98,286
A_4ERZQIbzN0oAAAAAAAAAAAAAAQAAAQ.jpg,A_pNAcQKJ6yH4AAAAAAAAAAAAAAQAAAQ.jpg,0,265,344
A_GFtPRKYwYKQAAAAAAAAAAAAAAQAAAQ.jpg,A_CC3tRqsji7gAAAAAAAAAAAAAAQAAAQ.jpg,0,347,234
A_Nz6LSIyEYioAAAAAAAAAAAAAAQAAAQ.jpg,A_l2j4RaCCgj4AAAAAAAAAAAAAAQAAAQ.jpg,0,97,34
A_kLiUS4oxWiEAAAAAAAAAAAAAAQAAAQ.jpg,A_2lrgQ5piRFsAAAAAAAAAAAAAAQAAAQ.jpg,0,171,123
A_6aJ8Sa2FS-YAAAAAAAAAAAAAAQAAAQ.jpg,A_acoIRKkS4KMAAAAAAAAAAAAAAQAAAQ.jpg,0,317,336
A_K1SDTrzJRsMAAAAAAAAAAAAAAQAAAQ.jpg,A_Dl-rQYisXAQAAAAAAAAAAAAAAQAAAQ.jpg,0,82,37
A_aDKBQ7mM76cAAAAAAAAAAAAAAQAAAQ.jpg,A_ffGlTZG85-QAAAAAAAAAAAAAAQAAAQ.jpg,0,256,322
A_3S3LTZgdkc9UCstAt954pwAAAQAAAQ.jpg,A_-ZsZRYceA08AAAAAAAAAAAAAAQAAAQ.jpg,0,331,96
A_N7TMSppc4iUAAAAAAAAAAAAAAQAAAQ.jpg,A_7TXVT6R41bwAAAAAAAAAAAAAAQAAAQ.jpg,0,101,161
A_GIwlTbJGP0EAAAAAAAAAAAAAAQAAAQ.jpg,A_7t6EQYxDYbYAAAAAAAAAAAAAAQAAAQ.jpg,0,30,272
A_dmmqQrIoeIMAAAAAAAAAAAAAAQAAAQ.jpg,A_Or1GTqTym0AAAAAAAAAAAAAAAQAAAQ.jpg,0,279,170
A_OcK3SrWHKYAAAAAAAAAAAAAAAQAAAQ.jpg,A_GGwZR7_S7yYAAAAAAAAAAAAAAQAAAQ.jpg,0,187,55
A_-ZsZRYceA08AAAAAAAAAAAAAAQAAAQ.jpg,A_UIM0T5DUSJMAAAAAAAAAAAAAAQAAAQ.jpg,0,96,24
A_xKkVSpQDOR8AAAAAAAAAAAAAAQAAAQ.jpg,yUud5fmzR3q6UJMUV6hLQwAAACMAARAD.jpg,0,79,306
A_KjDbQJVMoCMAAAAAAAAAAAAAAQAAAQ.jpg,A_DLk9QaFF3W0AAAAAAAAAAAAAAQAAAQ.jpg,0,171,328
A_OkeCQptuOYkAAAAAAAAAAAAAAQAAAQ.jpg,A_zMhHRKUhSuEAAAAAAAAAAAAAAQAAAQ.jpg,0,32,148
qOv8xeZkRVeDHmMZ8t0QaAAAACMAARAD.jpg,PKvgCxspT06mVkCupz9C2QAAACMAARAD.jpg,0,219,134
A_i86wS72-_lQAAAAAAAAAAAAAAQAAAQ.jpg,A_D7ODTa7POC4AAAAAAAAAAAAAAQAAAQ.jpg,0,224,157
A_Uj6uSofgBi8AAAAAAAAAAAAAAQAAAQ.jpg,A_uqQZTalXwHYAAAAAAAAAAAAAAQAAAQ.jpg,0,74,301
A_rdsOTar7H-kAAAAAAAAAAAAAAQAAAQ.jpg,A_JVqvTaADYeMAAAAAAAAAAAAAAQAAAQ.jpg,0,46,123
p_poUnC6T06GTFnucmRJSwAAACMAARAD.jpg,X7bAJ7tFSBG_4F661zvLggAAACMAARAD.jpg,0,307,207
A_D-WxSLxg0XwAAAAAAAAAAAAAAQAAAQ.jpg,A_dxCNSp4IGbAAAAAAAAAAAAAAAQAAAQ.jpg,0,127,172
A_sUiCS7uVW54AAAAAAAAAAAAAAQAAAQ.jpg,A_0Z_BTJTyxrUAAAAAAAAAAAAAAQAAAQ.jpg,0,227,135
Ej2g9nnhTLyYvf0RFPPZMgAAACMAARAD.jpg,A_D4eMSbEh5C8AAAAAAAAAAAAAAQAAAQ.jpg,0,177,202
NpL0Hs0eTzGvq6-Kp2J-RwAAACMAARAD.jpg,A_Gr90SJv0YeoAAAAAAAAAAAAAAQAAAQ.jpg,0,186,161
A_SPVDQZ3l49AAAAAAAAAAAAAAAQAAAQ.jpg,A_j3DbSYcsPaAAAAAAAAAAAAAAAQAAAQ.jpg,0,275,114
A_kCm8SqJ4xbQAAAAAAAAAAAAAAQAAAQ.jpg,A_Hr8iQJfMnWAAAAAAAAAAAAAAAQAAAQ.jpg,0,299,86
1DUlr4dURtqhdRrCS69ZgAAAACMAARAD.jpg,A_r8U0Tp2-P0MAAAAAAAAAAAAAAQAAAQ.jpg,0,310,57
A_WIkoSofHxNkAAAAAAAAAAAAAAQAAAQ.jpg,A_pGBkRrTqPD0AAAAAAAAAAAAAAQAAAQ.jpg,0,67,5
A_yqmVSY6yhroAAAAAAAAAAAAAAQAAAQ.jpg,A_dZG9Q4576q8AAAAAAAAAAAAAAQAAAQ.jpg,0,104,183
A__5f3Qa27j5YAAAAAAAAAAAAAAQAAAQ.jpg,A_WKq6RIpKJSwAAAAAAAAAAAAAAQAAAQ.jpg,0,277,228
A_c_7LRYptgZ4AAAAAAAAAAAAAAQAAAQ.jpg,A_6xKYQ5BLeRAAAAAAAAAAAAAAAQAAAQ.jpg,0,263,80
A_OdypSY5DoYwAAAAAAAAAAAAAAQAAAQ.jpg,A_a9r9Rpz61BcAAAAAAAAAAAAAAQAAAQ.jpg,0,298,0
A_Naw9Q6w007QAAAAAAAAAAAAAAQAAAQ.jpg,A_K9CLR4e8IykAAAAAAAAAAAAAAQAAAQ.jpg,0,223,346
A_aDhQT4JRtKIAAAAAAAAAAAAAAQAAAQ.jpg,A_nZIFTqwyAG0AAAAAAAAAAAAAAQAAAQ.jpg,0,275,341
PWdM972oTLS4wJJ319jekgAAACMAARED.jpg,A_wmoBRoo-T8IAAAAAAAAAAAAAAQAAAQ.jpg,0,321,279
A_HpuYSqu1uvMAAAAAAAAAAAAAAQAAAQ.jpg,A_YwS1QpL6r00AAAAAAAAAAAAAAQAAAQ.jpg,0,40,248
A_LaJXSLgvcWAAAAAAAAAAAAAAAQAAAQ.jpg,A_spNeTrbTaesAAAAAAAAAAAAAAQAAAQ.jpg,0,185,114
hoWp7-3lQi-3jCssfpyVaAAAACMAARAD.jpg,A_2n3hQr-JmJQAAAAAAAAAAAAAAQAAAQ.jpg,0,166,16
Sz6t1kxuSjqrB9PpBED6oAAAACMAARED.jpg,A_dNP4R4O9ASkAAAAAAAAAAAAAAQAAAQ.jpg,0,54,257
A_--O-TYvJMXwAAAAAAAAAAAAAAQAAAQ.jpg,A_0SWCTYxPcBoAAAAAAAAAAAAAAQAAAQ.jpg,0,191,156
A_Hp9BSaTeieAAAAAAAAAAAAAAAQAAAQ.jpg,A_fAd6Q6jPCKAAAAAAAAAAAAAAAQAAAQ.jpg,0,29,339
A__-KSSaYDssAAAAAAAAAAAAAAAQAAAQ.jpg,A_D4eMSbEh5C8AAAAAAAAAAAAAAQAAAQ.jpg,0,234,202
xPWXoOz0RJ2uGy381aUq9wAAACMAARAD.jpg,A_wNo8Squ-ZpAAAAAAAAAAAAAAAQAAAQ.jpg,0,348,8
A_zMhHRKUhSuE7jzBNqjIYmQAAAQAAAQ.jpg,A_HFprSoUoL2gAAAAAAAAAAAAAAQAAAQ.jpg,0,148,189
A_AgMeSbS1YrMAAAAAAAAAAAAAAQAAAQ.jpg,A_Hd0LRLVyFxQAAAAAAAAAAAAAAQAAAQ.jpg,0,169,213
A_chnJTr6v4Y8AAAAAAAAAAAAAAQAAAQ.jpg,A_-HPcQKsgKR8AAAAAAAAAAAAAAQAAAQ.jpg,0,216,96
A_5z1SRIthrRMAAAAAAAAAAAAAAQAAAQ.jpg,A_Jz60TodhpGgUYFBLnH7ZnAAAAQAAAQ.jpg,0,176,99
A_zSt_TZGlWdoAAAAAAAAAAAAAAQAAAQ.jpg,A_D6eZR70Dw9MAAAAAAAAAAAAAAQAAAQ.jpg,0,38,37
A_Uw6pRLOcnFcAAAAAAAAAAAAAAQAAAQ.jpg,A_Z_9gQIR_rVkAAAAAAAAAAAAAAQAAAQ.jpg,0,242,44
A_FdfjQKuVE-EAAAAAAAAAAAAAAQAAAQ.jpg,A_ZLTNQ5wA3ndGXjRCsAnKcwAAAQAAAQ.jpg,0,180,63
A_c_ljRZmOJuEAAAAAAAAAAAAAAQAAAQ.jpg,VH_MJsWWTsmHaQP-fiUEjwAAACMAARAD.jpg,0,214,56
A_JzxkRq5CL7UKXIZGrRlzfQAAAQAAAQ.jpg,A_9TXZTICb-ssAAAAAAAAAAAAAAQAAAQ.jpg,0,216,189
A_lv0eRrxAXNwAAAAAAAAAAAAAAQAAAQ.jpg,A_uMyGRoe6OD4AAAAAAAAAAAAAAQAAAQ.jpg,0,193,23
A_dI4zSai8yk8AAAAAAAAAAAAAAQAAAQ.jpg,A_oIudQY-doeoAAAAAAAAAAAAAAQAAAQ.jpg,0,221,58
A_FYeLRIlqv1sAAAAAAAAAAAAAAQAAAQ.jpg,A_NbXcRJayORUAAAAAAAAAAAAAAQAAAQ.jpg,0,318,165
A_Z4zcS4aqMeIAAAAAAAAAAAAAAQAAAQ.jpg,A_TcbgToJZ2O0AAAAAAAAAAAAAAQAAAQ.jpg,0,253,213
A_2DA2SZLf5vEAAAAAAAAAAAAAAQAAAQ.jpg,A_chnJTr6v4Y9vQqpAmLZa1AAAAQAAAQ.jpg,0,24,216
O1CN017Zqu3U1WkLrs8drP0_!!0-mtopupload.jpg,A_zj1HS5Be7c4AAAAAAAAAAAAAAQAAAQ.jpg,0,22,197
A_zMhHRKUhSuEAAAAAAAAAAAAAAQAAAQ.jpg,UB-NZRT8SxapdoqCNWuvvAAAACMAARAD.jpg,0,148,211
5Ex230jYRSyT4TtBSWJ8EwAAACMAARAD.jpg,A_ZT5FQpIeXlQAAAAAAAAAAAAAAQAAAQ.jpg,0,71,290
A_0GHaQ5v1mnFBBtxPokPDawAAAQAAAQ.jpg,A_6JGwQau_WNoAAAAAAAAAAAAAAQAAAQ.jpg,0,64,284
A_pBcpQ5u7crsAAAAAAAAAAAAAAQAAAQ.jpg,A_Wa5hTLtdsh8AAAAAAAAAAAAAAQAAAQ.jpg,0,286,224
A_spOYSaQ52GMAAAAAAAAAAAAAAQAAAQ.jpg,RJaJONp-R9-6Wg29qPh_MQAAACMAARAD.jpg,0,262,348
MkS_FJIUSj-AkfBJ2KVoEwAAACMAARAD.jpg,A_IfS8TqroUEgAAAAAAAAAAAAAAQAAAQ.jpg,0,208,131
A_bC75RrqgubUAAAAAAAAAAAAAAQAAAQ.jpg,A_bmK8TYWpYpoAAAAAAAAAAAAAAQAAAQ.jpg,0,162,203
A_TA9aSIHyoewAAAAAAAAAAAAAAQAAAQ.jpg,A_8jMWRbavcW0AAAAAAAAAAAAAAQAAAQ.jpg,0,139,287
Gy5X3mM5RdSB0CqW4GSoGwAAACMAARAD.jpg,A_6McDRL0y-v8AAAAAAAAAAAAAAQAAAQ.jpg,0,291,200
A_TgAqQpXQPWgAAAAAAAAAAAAAAQAAAQ.jpg,wIszWZIYQC224vOq0XhO2gAAACMAARAD.jpg,0,139,186
A_WFX-R60X0GEAAAAAAAAAAAAAAQAAAQ.jpg,A_SsVBRJzukC8AAAAAAAAAAAAAAQAAAQ.jpg,0,62,308
A_fDM3T7_Er0wAAAAAAAAAAAAAAQAAAQ.jpg,A_gOJ8T7kQaDgAAAAAAAAAAAAAAQAAAQ.jpg,0,21,3
A_ZBNoSpCehbIAAAAAAAAAAAAAAQAAAQ.jpg,A_8HNgToSMI-0AAAAAAAAAAAAAAQAAAQ.jpg,0,294,5
A_lUxgRJaTT48AAAAAAAAAAAAAAQAAAQ.jpg,A_R094QKfEc7UAAAAAAAAAAAAAAQAAAQ.jpg,0,55,272
A_b2ToRI08f5UAAAAAAAAAAAAAAQAAAQ.jpg,A_hAP5R7hp_CkAAAAAAAAAAAAAAQAAAQ.jpg,0,290,194
A_FEs-Ro6DnjoAAAAAAAAAAAAAAQAAAQ.jpg,A_WB6uRqwOQD8AAAAAAAAAAAAAAQAAAQ.jpg,0,267,245
A_T_ZjQpBDIJEAAAAAAAAAAAAAAQAAAQ.jpg,A_xl9CQIhvmFsAAAAAAAAAAAAAAQAAAQ.jpg,0,183,313
A_xzWOSL6pNFAAAAAAAAAAAAAAAQAAAQ.jpg,A_D9w_QbDG9s4AAAAAAAAAAAAAAQAAAQ.jpg,0,274,26
A_C1q8QJNLNrEAAAAAAAAAAAAAAQAAAQ.jpg,A_iFNfS4GsUIAAAAAAAAAAAAAAAQAAAQ.jpg,0,336,204
A_ey1NQqwj2xkAAAAAAAAAAAAAAQAAAQ.jpg,A_XMPcQI5Fqs0AAAAAAAAAAAAAAQAAAQ.jpg,0,35,159
A_m4UIQaz3nSYAAAAAAAAAAAAAAQAAAQ.jpg,A_SWT7TpEfSXoAAAAAAAAAAAAAAQAAAQ.jpg,0,147,257
A__DG-QaId_tcAAAAAAAAAAAAAAQAAAQ.jpg,A_WcuHSKIfpFcAAAAAAAAAAAAAAQAAAQ.jpg,0,87,329
A_gyLzR4cxZpIAAAAAAAAAAAAAAQAAAQ.jpg,A_jXO8TqgUNaEAAAAAAAAAAAAAAQAAAQ.jpg,0,274,3
vGAKq-TMTNeV5LTAlBj5ggAAACMAARAD.jpg,oAlUaNt0SoOd1pDlZebq6QAAACMAARAD.jpg,0,27,327
A_jwl4QaUztl0AAAAAAAAAAAAAAQAAAQ.jpg,A_5x75Rah9DIkAAAAAAAAAAAAAAQAAAQ.jpg,0,187,269
A_YQOgTaaY1XgAAAAAAAAAAAAAAQAAAQ.jpg,ee9SWo2zTeyS2Xh3WfHGaQAAACMAARAD.jpg,0,60,155
spShQhU4QW2E7C_-GrtwBwAAACMAARAD.jpg,A_CMb2RJx-GToAAAAAAAAAAAAAAQAAAQ.jpg,0,72,180
A_19KTRKsU1bgAAAAAAAAAAAAAAQAAAQ.jpg,A_M-KbRYPdAHoAAAAAAAAAAAAAAQAAAQ.jpg,0,59,336
VjekR6ueSNOq94VvNYUcgAAAACMAARAD.jpg,A_5rhHQ4uH0DUAAAAAAAAAAAAAAQAAAQ.jpg,0,310,343
A_YeEaTrUro9IAAAAAAAAAAAAAAQAAAQ.jpg,A_OauCQr_5X8UAAAAAAAAAAAAAAQAAAQ.jpg,0,195,232
A_FOOWRLdgH6EAAAAAAAAAAAAAAQAAAQ.jpg,A_y8PMQofn1wsAAAAAAAAAAAAAAQAAAQ.jpg,0,42,244
A_cwDhQLizVhEAAAAAAAAAAAAAAQAAAQ.jpg,vGAKq-TMTNeV5LTAlBj5ggAAACMAARAD.jpg,0,159,27
elFmGazMSCiTA9cBKwcuMwAAACMAARAD.jpg,6g8v5a03RwKTmcG_80RgNwAAACMAARED.jpg,0,327,321
A_tiodTJuNpegAAAAAAAAAAAAAAQAAAQ.jpg,A_cWO0Sb2sA9gAAAAAAAAAAAAAAQAAAQ.jpg,0,252,200
A_hsJDSo4xcbkAAAAAAAAAAAAAAQAAAQ.jpg,A_zxzNQqQfYAMAAAAAAAAAAAAAAQAAAQ.jpg,0,3,145
A_rZCET7Bcu5YAAAAAAAAAAAAAAQAAAQ.jpg,A_Yr4NS4nQky8AAAAAAAAAAAAAAQAAAQ.jpg,0,143,281
A_6anUTaPKAZ0AAAAAAAAAAAAAAQAAAQ.jpg,A_tTIcQp5givIAAAAAAAAAAAAAAQAAAQ.jpg,0,330,5
A_zMhHRKUhSuE7jzBNqjIYmQAAAQAAAQ.jpg,A_w8x7SaCEWdkAAAAAAAAAAAAAAQAAAQ.jpg,0,148,58
A_1LQLSI-tEM4AAAAAAAAAAAAAAQAAAQ.jpg,YKrsyS6qRZ-rCTySE0CuoAAAACMAARAD.jpg,0,278,107
A_hInTRKW7vi0AAAAAAAAAAAAAAQAAAQ.jpg,A_PQ-mQpRZPwgAAAAAAAAAAAAAAQAAAQ.jpg,0,242,35
A_ZQs8RZuoJBoAAAAAAAAAAAAAAQAAAQ.jpg,A_bJUVQLWonskAAAAAAAAAAAAAAQAAAQ.jpg,0,232,344
A_YrcgQoK0NyIAAAAAAAAAAAAAAQAAAQ.jpg,A_SXh7Qo_BhxkAAAAAAAAAAAAAAQAAAQ.jpg,0,215,292
dGG2aRuKRkqEOETt9YkP4gAAACMAARAD.jpg,s-goRr4zRqihodt8c49wvwAAACMAARAD.jpg,0,282,174
A_qK3GTKpbnwAAAAAAAAAAAAAAAQAAAQ.jpg,A_NJrCQ405yccAAAAAAAAAAAAAAQAAAQ.jpg,0,83,100
A_MjewSKBgq9EAAAAAAAAAAAAAAQAAAQ.jpg,A_CMybSaizJokAAAAAAAAAAAAAAQAAAQ.jpg,0,5,66
A_-sFNQYiDmkoAAAAAAAAAAAAAAQAAAQ.jpg,A_EcV-QL_t4UAAAAAAAAAAAAAAAQAAAQ.jpg,0,23,67
A_qL1DQ52JFAsAAAAAAAAAAAAAAQAAAQ.jpg,A_MzYDRI1zIykAAAAAAAAAAAAAAQAAAQ.jpg,0,44,122
8qks6YhlRy-wDJtrkIZaIgAAACMAARAD.jpg,A__ZWPQJQKX10AAAAAAAAAAAAAAQAAAQ.jpg,0,316,314
A_Ej53QIThr-wAAAAAAAAAAAAAAQAAAQ.jpg,A_a0R0R5IAcOEAAAAAAAAAAAAAAQAAAQ.jpg,0,57,167
A_iTDeS5OoNC4AAAAAAAAAAAAAAQAAAQ.jpg,A_-bJ-Q4552o0AAAAAAAAAAAAAAQAAAQ.jpg,0,328,50
A_NloJTpjGmzjncmZIj3dViAAAAQAAAQ.jpg,A_aMDbQ5OmVQ4AAAAAAAAAAAAAAQAAAQ.jpg,0,62,95
A_S0zwTqouBekAAAAAAAAAAAAAAQAAAQ.jpg,A_dKLgQptthFkAAAAAAAAAAAAAAQAAAQ.jpg,0,169,55
A_yhhDQbrQfGd8ld9BhzssNAAAAQAAAQ.jpg,A_jwl4QaUztl0AAAAAAAAAAAAAAQAAAQ.jpg,0,206,187
A_NfYdSZ8-0FYAAAAAAAAAAAAAAQAAAQ.jpg,dsoua9awQ96zA43Lqf2KVgAAACMAARAD.jpg,0,126,226
A_76m-RZH9-rYAAAAAAAAAAAAAAQAAAQ.jpg,A_qlKSQJ59vsgAAAAAAAAAAAAAAQAAAQ.jpg,0,239,26
A_hqAJQ6LPFncAAAAAAAAAAAAAAQAAAQ.jpg,A_Y2VTRawsj20AAAAAAAAAAAAAAQAAAQ.jpg,0,108,250
A_2W5zQLpISkcAAAAAAAAAAAAAAQAAAQ.jpg,A_XhFbQoM2GvIAAAAAAAAAAAAAAQAAAQ.jpg,0,105,229
A_WL-9S6XUXP8AAAAAAAAAAAAAAQAAAQ.jpg,A_Y1ryTIb8npX6SU9Br3TwMgAAAQAAAQ.jpg,0,230,221
A_qK3GTKpbnwAAAAAAAAAAAAAAAQAAAQ.jpg,A_ogroTKEURIMAAAAAAAAAAAAAAQAAAQ.jpg,0,83,102
A_7FcUTJfZ-EEAAAAAAAAAAAAAAQAAAQ.jpg,A_ZLTNQ5wA3ncNnJxCvdxuZQAAAQAAAQ.jpg,0,200,63
dE5D0FnIS42ZuBi1OUZO3AAAACMAARAD.jpg,A_YlkgQbNnNSoAAAAAAAAAAAAAAQAAAQ.jpg,0,56,19
x8Wo4mizQyiMb9ZQPKg2hgAAACMAARAD.jpg,A_g3QTTLBYHsUAAAAAAAAAAAAAAQAAAQ.jpg,0,109,136
A_4OdZTY_C4z8AAAAAAAAAAAAAAQAAAQ.jpg,A_mVW5RI4asboAAAAAAAAAAAAAAQAAAQ.jpg,0,304,255
A_kcFGTZE2RQoAAAAAAAAAAAAAAQAAAQ.jpg,A_qpwOTZvgL9EAAAAAAAAAAAAAAQAAAQ.jpg,0,74,26
A_GKxxTacH56QAAAAAAAAAAAAAAQAAAQ.jpg,A_rrfrRI4sTLIAAAAAAAAAAAAAAQAAAQ.jpg,0,21,52
A_Fs6DTJ51k3oAAAAAAAAAAAAAAQAAAQ.jpg,A_Yr4NS4nQky8AAAAAAAAAAAAAAQAAAQ.jpg,0,95,281
A_UKkIRaJ9WRsAAAAAAAAAAAAAAQAAAQ.jpg,A_4b6sSYdVNY4AAAAAAAAAAAAAAQAAAQ.jpg,0,277,113
A_aYeATJcaX1MAAAAAAAAAAAAAAQAAAQ.jpg,A_BTGhRL3hvxwAAAAAAAAAAAAAAQAAAQ.jpg,0,249,0
A_c_7LRYptgZ4AAAAAAAAAAAAAAQAAAQ.jpg,Z1qDRVboSz625P_djDkBSwAAACMAARAD.jpg,0,263,315
A_voYkQZD7EsEAAAAAAAAAAAAAAQAAAQ.jpg,A_hYZoTq_XxmAAAAAAAAAAAAAAAQAAAQ.jpg,0,91,331
A_4gGXSpGmh1YAAAAAAAAAAAAAAQAAAQ.jpg,A_0WXUTLnvAfUAAAAAAAAAAAAAAQAAAQ.jpg,0,311,77
A_Uqn1Qq1RIzkAAAAAAAAAAAAAAQAAAQ.jpg,A_IMYWSosTeskAAAAAAAAAAAAAAQAAAQ.jpg,0,112,240
A_ogroTKEURIMAAAAAAAAAAAAAAQAAAQ.jpg,A_5aAtRZYw7_wAAAAAAAAAAAAAAQAAAQ.jpg,0,102,51
A_b4GpSbjTmGoAAAAAAAAAAAAAAQAAAQ.jpg,A_9SxdQYnmGb8AAAAAAAAAAAAAAQAAAQ.jpg,0,337,259
A_ICEKRaeF7YIAAAAAAAAAAAAAAQAAAQ.jpg,A_WbF9SqahUZUAAAAAAAAAAAAAAQAAAQ.jpg,0,243,268
ejYUJjUrTHmLuE2JKdcsRgAAACMAARAD.jpg,A_mtcjT5-8fxIAAAAAAAAAAAAAAQAAAQ.jpg,0,20,60
A_lv0eRrxAXNwAAAAAAAAAAAAAAQAAAQ.jpg,A_uzHRSJ5nN_cAAAAAAAAAAAAAAQAAAQ.jpg,0,193,335
KtjlPeKCRb-0vismjLY7MgAAACMAARED.jpg,A_mQvKR47IcpkAAAAAAAAAAAAAAQAAAQ.jpg,0,128,142
A_MzYDRI1zIykAAAAAAAAAAAAAAQAAAQ.jpg,A_AcFbQoqDqRwAAAAAAAAAAAAAAQAAAQ.jpg,0,122,345
A_FraFT4NK-OwAAAAAAAAAAAAAAQAAAQ.jpg,A_h8BxQ7-OJWAAAAAAAAAAAAAAAQAAAQ.jpg,0,204,110
qvyQGoFhTm69RSHS-41E9QAAACMAARAD.jpg,A_zd7bSJAblkwAAAAAAAAAAAAAAQAAAQ.jpg,0,209,342
A_b2ToRI08f5UAAAAAAAAAAAAAAQAAAQ.jpg,xPWXoOz0RJ2uGy381aUq9wAAACMAARAD.jpg,0,290,348
A_-pSrT6xClQcAAAAAAAAAAAAAAQAAAQ.jpg,A_y6cGQZTV6wkAAAAAAAAAAAAAAQAAAQ.jpg,0,97,329
BnMTwNDZTDic7PE_4wP9cwAAACMAARAD.jpg,A_-gLFTpM2eMUAAAAAAAAAAAAAAQAAAQ.jpg,0,186,81
A_EvDCT75_gY4AAAAAAAAAAAAAAQAAAQ.jpg,A_Pgp4TYloAOwAAAAAAAAAAAAAAQAAAQ.jpg,0,57,281
A_3C7oQa_cOiMAAAAAAAAAAAAAAQAAAQ.jpg,A_iAk4T7b-HD4AAAAAAAAAAAAAAQAAAQ.jpg,0,330,337
A_OtRZSqObW10AAAAAAAAAAAAAAQAAAQ.jpg,A_Y1ryTIb8npX6SU9Br3TwMgAAAQAAAQ.jpg,0,115,221
A_6DRKTb5hhmYAAAAAAAAAAAAAAQAAAQ.jpg,A_Saa1T617BOoAAAAAAAAAAAAAAQAAAQ.jpg,0,38,103
A_spNeTrbTaesAAAAAAAAAAAAAAQAAAQ.jpg,A_cwDhQLizVhEAAAAAAAAAAAAAAQAAAQ.jpg,0,114,159
A_6xKYQ5BLeRAAAAAAAAAAAAAAAQAAAQ.jpg,A_Zo3FTaoKRGMAAAAAAAAAAAAAAQAAAQ.jpg,0,80,325
4zN2JMNhQYWDS2AtX0u64wAAACMAARAD.jpg,A_HlrvTLj4tU8AAAAAAAAAAAAAAQAAAQ.jpg,0,54,289
A_v2AMTqrkHXgAAAAAAAAAAAAAAQAAAQ.jpg,A_CYraTbeA8PYAAAAAAAAAAAAAAQAAAQ.jpg,0,163,245
A_OgM_S7d4Lu0AAAAAAAAAAAAAAQAAAQ.jpg,A_3felTbn-u0kAAAAAAAAAAAAAAQAAAQ.jpg,0,163,108
eHBYLvENTQGKAnE0v0CurwAAACMAARAD.jpg,A_EL3MTLdLMz8AAAAAAAAAAAAAAQAAAQ.jpg,0,226,343
A_Y2VTRawsj20AAAAAAAAAAAAAAQAAAQ.jpg,A_3hHGTIRrcnwAAAAAAAAAAAAAAQAAAQ.jpg,0,250,9
Z_Hv1amYSOKoJUJcV5cxjwAAACMAARAD.jpg,A_-JEPRbD0J4AAAAAAAAAAAAAAAQAAAQ.jpg,0,211,256
A_akXfRKCJyToAAAAAAAAAAAAAAQAAAQ.jpg,A_bKPlQL4w2iUAAAAAAAAAAAAAAQAAAQ.jpg,0,13,345
A_IXO-TKQX2Z0AAAAAAAAAAAAAAQAAAQ.jpg,A_KW5iQISstkQAAAAAAAAAAAAAAQAAAQ.jpg,0,171,146
A_TdNTTqxkNsEAAAAAAAAAAAAAAQAAAQ.jpg,A_UIUSR7SsVxQAAAAAAAAAAAAAAQAAAQ.jpg,0,339,81
A__OfaT7yTwxUAAAAAAAAAAAAAAQAAAQ.jpg,A_6_GGQrcmmBAAAAAAAAAAAAAAAQAAAQ.jpg,0,273,60
A_ldQSTr1mNAcAAAAAAAAAAAAAAQAAAQ.jpg,A_FtPrQpzl3BAAAAAAAAAAAAAAAQAAAQ.jpg,0,119,303
32mJ2Fl5TkCqbcWzhvZbowAAACMAARAD.jpg,A_3AbSRaIVmvwAAAAAAAAAAAAAAQAAAQ.jpg,0,70,158
A_Y1ryTIb8npUAAAAAAAAAAAAAAQAAAQ.jpg,A_Sgy4Q5WINnoAAAAAAAAAAAAAAQAAAQ.jpg,0,221,157
A_g-xBTZf8gWoAAAAAAAAAAAAAAQAAAQ.jpg,A_S7r7Srj5r_wAAAAAAAAAAAAAAQAAAQ.jpg,0,256,313
A_FtPrQpzl3BAAAAAAAAAAAAAAAQAAAQ.jpg,A_cdBQTbPmNRcAAAAAAAAAAAAAAQAAAQ.jpg,0,303,154
A_Oj4CRqQrUiUAAAAAAAAAAAAAAQAAAQ.jpg,1DUlr4dURtqhdRrCS69ZgAAAACMAARAD.jpg,0,176,310
A_shkqRbKm6LgAAAAAAAAAAAAAAQAAAQ.jpg,A_d04cQ7TfTSEAAAAAAAAAAAAAAQAAAQ.jpg,0,196,39
A_f8MgS5sAGg0AAAAAAAAAAAAAAQAAAQ.jpg,A_5_qBQLdMUykAAAAAAAAAAAAAAQAAAQ.jpg,0,93,105
A_wcRmTIDKqJAAAAAAAAAAAAAAAQAAAQ.jpg,A_8xTQSLkd18MAAAAAAAAAAAAAAQAAAQ.jpg,0,240,125
A_CjU5SoWF2L0AAAAAAAAAAAAAAQAAAQ.jpg,A_4mW0Q5rIZpgAAAAAAAAAAAAAAQAAAQ.jpg,0,118,162
A_llXqTpsSgWwAAAAAAAAAAAAAAQAAAQ.jpg,A_C0HtTLNKeLkAAAAAAAAAAAAAAQAAAQ.jpg,0,90,338
A_8yHrSI9wXtsAAAAAAAAAAAAAAQAAAQ.jpg,CGF0IrWnSRGBFZV0QP-bbAAAACMAARAD.jpg,0,334,219
A_HylzQ4MvXaYAAAAAAAAAAAAAAQAAAQ.jpg,A__53oQqKI9vwAAAAAAAAAAAAAAQAAAQ.jpg,0,218,340
46wgkuZZT6eVVCnVPQgrpgAAACMAARAD.jpg,xwiaT4SHTLGOVAZCtHq9yQAAACMAARAD.jpg,0,327,27
nkgYYoZXQzq6kUQOjL6cQgAAACMAARAD.jpg,A_o6tyRpwL8I0AAAAAAAAAAAAAAQAAAQ.jpg,0,190,100
BnMTwNDZTDic7PE_4wP9cwAAACMAARAD.jpg,A_jB9eRYoChjwAAAAAAAAAAAAAAQAAAQ.jpg,0,186,175
A_T0RwQ6RpE-AAAAAAAAAAAAAAAQAAAQ.jpg,A_5rhHQ4uH0DUAAAAAAAAAAAAAAQAAAQ.jpg,0,33,343
Z1qDRVboSz625P_djDkBSwAAACMAARAD.jpg,A_qcBdQZZoAUcAAAAAAAAAAAAAAQAAAQ.jpg,0,315,110
2iEC5ZrsSa2JpfKnTQbADQAAACMAARAD.jpg,A_8HNgToSMI-0AAAAAAAAAAAAAAQAAAQ.jpg,0,6,5
A_zfe6Ta1sN6AAAAAAAAAAAAAAAQAAAQ.jpg,A_I8uqQ7SlDm0AAAAAAAAAAAAAAQAAAQ.jpg,0,79,271
A_7HBeTrXQsH0AAAAAAAAAAAAAAQAAAQ.jpg,A_MKWJQLqyZ8cAAAAAAAAAAAAAAQAAAQ.jpg,0,232,274
A_hqBxRo7pAs4AAAAAAAAAAAAAAQAAAQ.jpg,A_UVLcS7GdN0sAAAAAAAAAAAAAAQAAAQ.jpg,0,167,44
A_pOfiQ7jDy15GaENDjjN7nQAAAQAAAQ.jpg,A_aEr8SogcnnIAAAAAAAAAAAAAAQAAAQ.jpg,0,13,311
A_pGC9TI631dMAAAAAAAAAAAAAAQAAAQ.jpg,x22XN24XQiaxAuBA2h4LVQAAACMAARAD.jpg,0,74,107
yzkrh0IDQUS0CKZZtweE0gAAACMAARAD.jpg,zQs0kBsAS2mS20h_2hp37AAAACMAARAD.jpg,0,99,316
A_SVMaQLMJtYIAAAAAAAAAAAAAAQAAAQ.jpg,A_gZaiTKWdZY4AAAAAAAAAAAAAAQAAAQ.jpg,0,238,290
A_s-BYTbC6hKgAAAAAAAAAAAAAAQAAAQ.jpg,HqCc8PT8QMalF5QdbcP9UwAAACMAARAD.jpg,0,162,107
A_llXqTpsSgWwAAAAAAAAAAAAAAQAAAQ.jpg,A_Vj6TRJ-ZsmwAAAAAAAAAAAAAAQAAAQ.jpg,0,90,63
tk4mOGEERLCxkiRM1WOXuwAAACMAARAD.jpg,A_N57xRZ6tBnwAAAAAAAAAAAAAAQAAAQ.jpg,0,211,157
Fv9FYvAkQc6AGTP11upBrwAAACMAARAD.jpg,A_Q0c_QIvmCAoAAAAAAAAAAAAAAQAAAQ.jpg,0,4,118
A_CosPQIcz5XEAAAAAAAAAAAAAAQAAAQ.jpg,A2fZWAEeTfWyTqA6MlIezgAAACMAARAD.jpg,0,48,164
A_bZNnSJorqvMAAAAAAAAAAAAAAQAAAQ.jpg,A_FSCJRYy3dFwAAAAAAAAAAAAAAQAAAQ.jpg,0,231,3
A_Tgc3Sb0KwMEAAAAAAAAAAAAAAQAAAQ.jpg,A_phjfSK7C04wAAAAAAAAAAAAAAQAAAQ.jpg,0,340,145
A_FTXOTL2SfYwAAAAAAAAAAAAAAQAAAQ.jpg,A_TFw1RY0S3r8AAAAAAAAAAAAAAQAAAQ.jpg,0,293,335
A_0ZuNSaLNy7EAAAAAAAAAAAAAAQAAAQ.jpg,A_b-wTSqGrNAEAAAAAAAAAAAAAAQAAAQ.jpg,0,156,149
A_WIkoSofHxNkAAAAAAAAAAAAAAQAAAQ.jpg,dNTm6a6ZQU-tMrEpqKmLXwAAACMAARAD.jpg,0,67,56
A_ey1NQqwj2xkAAAAAAAAAAAAAAQAAAQ.jpg,A_B416T40hjHAAAAAAAAAAAAAAAQAAAQ.jpg,0,35,116
A_Sh8kTJUrbZoAAAAAAAAAAAAAAQAAAQ.jpg,A_7agWQomXiksAAAAAAAAAAAAAAQAAAQ.jpg,0,308,85
A__DG-QaId_tcAAAAAAAAAAAAAAQAAAQ.jpg,A_N1bgTpTlLkIAAAAAAAAAAAAAAQAAAQ.jpg,0,87,285
A_B70bT5SypHUAAAAAAAAAAAAAAQAAAQ.jpg,A_0mFaQoSKPVgAAAAAAAAAAAAAAQAAAQ.jpg,0,55,87
A_wrCkQIW0mVgAAAAAAAAAAAAAAQAAAQ.jpg,A_XhFbQoM2GvIAAAAAAAAAAAAAAQAAAQ.jpg,0,86,229
A_WPQkRZyeXvoAAAAAAAAAAAAAAQAAAQ.jpg,A_I0duQIGPqIUAAAAAAAAAAAAAAQAAAQ.jpg,0,273,187
A_FGfzSpRlJ9AAAAAAAAAAAAAAAQAAAQ.jpg,A_kCm8SqJ4xbQAAAAAAAAAAAAAAQAAAQ.jpg,0,263,299
A_eBxrT7u84_YAAAAAAAAAAAAAAQAAAQ.jpg,A_8RO8SZ_cRhQAAAAAAAAAAAAAAQAAAQ.jpg,0,276,303
A_GhJrQqvVGfAAAAAAAAAAAAAAAQAAAQ.jpg,A_tXnbSLxsqkoAAAAAAAAAAAAAAQAAAQ.jpg,0,46,96
A_3uJrSJQRo58AAAAAAAAAAAAAAQAAAQ.jpg,A_z-jkQpRk3FkAAAAAAAAAAAAAAQAAAQ.jpg,0,275,135
A_mbdXS47FykQAAAAAAAAAAAAAAQAAAQ.jpg,A_Va1UTrmeizMAAAAAAAAAAAAAAQAAAQ.jpg,0,252,17
A_OuUyQI8epH8AAAAAAAAAAAAAAQAAAQ.jpg,A_NjG2SqOfUE4AAAAAAAAAAAAAAQAAAQ.jpg,0,51,342
A_-iZQTKAWibIAAAAAAAAAAAAAAQAAAQ.jpg,A_FraFT4NK-OwAAAAAAAAAAAAAAQAAAQ.jpg,0,230,204
A_CMybSaizJokAAAAAAAAAAAAAAQAAAQ.jpg,A_BvagTqt2xW0AAAAAAAAAAAAAAQAAAQ.jpg,0,66,180
A_9nbgRqR5TioAAAAAAAAAAAAAAQAAAQ.jpg,A_qlKSQJ59vsgAAAAAAAAAAAAAAQAAAQ.jpg,0,135,26
A_7dttRYIKAKQAAAAAAAAAAAAAAQAAAQ.jpg,A_cXEhQ5lI-kAAAAAAAAAAAAAAAQAAAQ.jpg,0,116,154
A_5P07RJ-PIlkAAAAAAAAAAAAAAQAAAQ.jpg,A__53oQqKI9vwAAAAAAAAAAAAAAQAAAQ.jpg,0,76,340
A_T1kYQ7qQrxcAAAAAAAAAAAAAAQAAAQ.jpg,A_0DqmSI5YLTYAAAAAAAAAAAAAAQAAAQ.jpg,0,246,87
O1CN017Zqu3U1WkLrs8drP0_!!0-mtopupload.jpg,A_IfS8TqroUEgAAAAAAAAAAAAAAQAAAQ.jpg,0,22,131
A_o6_aR5P_rB8AAAAAAAAAAAAAAQAAAQ.jpg,A_cutQQr13fwsAAAAAAAAAAAAAAQAAAQ.jpg,0,217,52
A_0mFaQoSKPVgAAAAAAAAAAAAAAQAAAQ.jpg,A_B5PLRYT7qakAAAAAAAAAAAAAAQAAAQ.jpg,0,87,228
A_Hr8iQJfMnWAAAAAAAAAAAAAAAQAAAQ.jpg,A_IgaXRJ1OsMYAAAAAAAAAAAAAAQAAAQ.jpg,0,86,305
f6GMYs9cRVe3Vy5EDVVBpgAAACMAARAD.jpg,A_CWhQSqgeUq4AAAAAAAAAAAAAAQAAAQ.jpg,0,291,345
w9YQq4_NScePMhUzHiU7ugAAACMAARAD.jpg,A_lWreSpZxhyAAAAAAAAAAAAAAAQAAAQ.jpg,0,166,15
A_Ak6wQLMJZPUAAAAAAAAAAAAAAQAAAQ.jpg,A_EVAPRrwpj30AAAAAAAAAAAAAAQAAAQ.jpg,0,135,46
A_VfpjQZM4v8EAAAAAAAAAAAAAAQAAAQ.jpg,A_DY8LQqsgHUkAAAAAAAAAAAAAAQAAAQ.jpg,0,196,259
A_EgytQoIRmCEAAAAAAAAAAAAAAQAAAQ.jpg,A_p1e5QJ0g4lgAAAAAAAAAAAAAAQAAAQ.jpg,0,343,157
A_FblDSrIyEzUAAAAAAAAAAAAAAQAAAQ.jpg,5tv9hCixSeCiHja6EI7b6AAAACMAARAD.jpg,0,87,120
RZ0pi9gnRguCbwW_2IFLegAAACMAARAD.jpg,ee9SWo2zTeyS2Xh3WfHGaQAAACMAARAD.jpg,0,315,155
1yv1XFmYQIqGC3ETpIuU2QAAACMAARAD.jpg,A_Oa8eT5Wc8OgAAAAAAAAAAAAAAQAAAQ.jpg,0,70,113
IJnfoTCGRzy_PnKxNA20FAAAACMAARAD.jpg,A__QqmTIAyqmIAAAAAAAAAAAAAAQAAAQ.jpg,0,306,211
pJMeyxnvRPOCrS-s9zDN6AAAACMAARAD.jpg,A_Hr8iQJfMnWAAAAAAAAAAAAAAAQAAAQ.jpg,0,323,86
A_c_7LRYptgZ4AAAAAAAAAAAAAAQAAAQ.jpg,rPNyWMgLSMewMHD2BSt6gAAAACMAARAD.jpg,0,263,209
46wgkuZZT6eVVCnVPQgrpgAAACMAARAD.jpg,A__zLJQayQmP0AAAAAAAAAAAAAAQAAAQ.jpg,0,327,91
A_KQwhSbAW-YwAAAAAAAAAAAAAAQAAAQ.jpg,A_gBw2Q6_QWsUAAAAAAAAAAAAAAQAAAQ.jpg,0,195,1
A_u5XySKZ9cywAAAAAAAAAAAAAAQAAAQ.jpg,A_N57xRZ6tBnwAAAAAAAAAAAAAAQAAAQ.jpg,0,274,157
A_rZL0S6dvFYsAAAAAAAAAAAAAAQAAAQ.jpg,A_RDX7SYBqMVwAAAAAAAAAAAAAAQAAAQ.jpg,0,175,41
A_8ZqeTLmaayAAAAAAAAAAAAAAAQAAAQ.jpg,A_g9o_RrSonkcAAAAAAAAAAAAAAQAAAQ.jpg,0,212,25
A_rmRYSoi_81sAAAAAAAAAAAAAAQAAAQ.jpg,A_6xTOT6mkZzUAAAAAAAAAAAAAAQAAAQ.jpg,0,218,7
A_2_HRRLUDXZsAAAAAAAAAAAAAAQAAAQ.jpg,A_zR9xTI8bns0AAAAAAAAAAAAAAQAAAQ.jpg,0,267,168
A_4UKXTpg0lCgAAAAAAAAAAAAAAQAAAQ.jpg,A_ANj4S6gZrSgAAAAAAAAAAAAAAQAAAQ.jpg,0,180,92
A_gYglR7OJR9MAAAAAAAAAAAAAAQAAAQ.jpg,A_UVLcS7GdN0sAAAAAAAAAAAAAAQAAAQ.jpg,0,137,44
A_wOpJTqcwk4QAAAAAAAAAAAAAAQAAAQ.jpg,A_tXnbSLxsqkoAAAAAAAAAAAAAAQAAAQ.jpg,0,39,96
A_mEEyRI2A9fMAAAAAAAAAAAAAAQAAAQ.jpg,A_m4UIQaz3nSYAAAAAAAAAAAAAAQAAAQ.jpg,0,251,147
A_K1SDTrzJRsMAAAAAAAAAAAAAAQAAAQ.jpg,A_xvAiTaIgyiIAAAAAAAAAAAAAAQAAAQ.jpg,0,82,154
A_stmPT54njmIAAAAAAAAAAAAAAQAAAQ.jpg,YoSHu2JrTOO6hQ5gU0XFegAAACMAARAD.jpg,0,147,132
A_ErnBQ6DQzEoAAAAAAAAAAAAAAQAAAQ.jpg,A_p4flTrdsBe8AAAAAAAAAAAAAAQAAAQ.jpg,0,9,76
A_g-_gS6bU8hYAAAAAAAAAAAAAAQAAAQ.jpg,A_EgytQoIRmCEAAAAAAAAAAAAAAQAAAQ.jpg,0,216,343
A_qQf9R5n-NaZuA4BJgsZMVwAAAQAAAQ.jpg,FzycvDuPSGu-ef2sruqE3wAAACMAARAD.jpg,0,10,150
A_tjfGT6CxgFAAAAAAAAAAAAAAAQAAAQ.jpg,A_Rx6HR586O4sAAAAAAAAAAAAAAQAAAQ.jpg,0,347,325
A_3S3LTZgdkc8AAAAAAAAAAAAAAQAAAQ.jpg,-6WHQxGYR3ej96FqYNv-hAAAACMAARAD.jpg,0,331,208
25_WUrUGSRSwEQtlCIA78gAAACMAARAD.jpg,f4a1-1TxSRStvQAki3vjjQAAACMAARAD.jpg,0,207,150
A_a9EBQ5lnoo0AAAAAAAAAAAAAAQAAAQ.jpg,A_yrFZSaXtfAEAAAAAAAAAAAAAAQAAAQ.jpg,0,24,162
A_m6o3TaR9GfMAAAAAAAAAAAAAAQAAAQ.jpg,A_FjITQKM8yiQAAAAAAAAAAAAAAQAAAQ.jpg,0,304,210
A_VW4rTbmlHh8AAAAAAAAAAAAAAQAAAQ.jpg,A_UtCkTIobIZgAAAAAAAAAAAAAAQAAAQ.jpg,0,336,31
A_YQOgTaaY1XgAAAAAAAAAAAAAAQAAAQ.jpg,A_LaJXSLgvcWAAAAAAAAAAAAAAAQAAAQ.jpg,0,60,185
A_hiF9SJL03uIAAAAAAAAAAAAAAQAAAQ.jpg,A_7w30T4PSpVgAAAAAAAAAAAAAAQAAAQ.jpg,0,214,229
GkKIt_19Rh2gdu0uxH4mbgAAACMAARAD.jpg,A_uJmSS6jwC_EAAAAAAAAAAAAAAQAAAQ.jpg,0,291,151
A_m7-sRo3H-HgAAAAAAAAAAAAAAQAAAQ.jpg,A_GIwlTbJGP0EAAAAAAAAAAAAAAQAAAQ.jpg,0,330,30
A_w8x7SaCEWdkAAAAAAAAAAAAAAQAAAQ.jpg,A_Rww6Rra53Y8AAAAAAAAAAAAAAQAAAQ.jpg,0,58,153
A_UGJ9TY8666oAAAAAAAAAAAAAAQAAAQ.jpg,A_cKTpQK7jeCMAAAAAAAAAAAAAAQAAAQ.jpg,0,325,143
ZAn-g8hsST-RLZKUI_1_YgAAACMAARAD.jpg,A_gBw2Q6_QWsUAAAAAAAAAAAAAAQAAAQ.jpg,0,177,1
A_SWT7TpEfSXoAAAAAAAAAAAAAAQAAAQ.jpg,A_C3FBR7ESg0MAAAAAAAAAAAAAAQAAAQ.jpg,0,257,198
Kaf40bOpT5G9tQ2a92m9aQAAACMAARAD.jpg,A_D4eMSbEh5C8AAAAAAAAAAAAAAQAAAQ.jpg,0,186,202
A_ncTYTqtScNEAAAAAAAAAAAAAAQAAAQ.jpg,A_DV2SR5jhC0wAAAAAAAAAAAAAAQAAAQ.jpg,0,299,34
A_ToioR6w5lKgAAAAAAAAAAAAAAQAAAQ.jpg,A_7HBeTrXQsH0AAAAAAAAAAAAAAQAAAQ.jpg,0,283,232
A_X04IS5gYN1UAAAAAAAAAAAAAAQAAAQ.jpg,A_bIcBTZ3tUqEAAAAAAAAAAAAAAQAAAQ.jpg,0,102,289
A_y69QS6pCZp0AAAAAAAAAAAAAAQAAAQ.jpg,A_qzxeRo3Av5AAAAAAAAAAAAAAAQAAAQ.jpg,0,199,346
A_VNPxS4voAo4AAAAAAAAAAAAAAQAAAQ.jpg,A_eaJbRIsiIAcAAAAAAAAAAAAAAQAAAQ.jpg,0,49,278
A_pGC9TI631dMAAAAAAAAAAAAAAQAAAQ.jpg,A_tnVbTq1hG0IAAAAAAAAAAAAAAQAAAQ.jpg,0,74,194
XDjg9OcHR_imQ2hoka747gAAACMAARAD.jpg,A_0GHaQ5v1mnFBBtxPokPDawAAAQAAAQ.jpg,0,208,64
A_ZytaRL6DIcQAAAAAAAAAAAAAAQAAAQ.jpg,A_J9o_QJCEnBQAAAAAAAAAAAAAAQAAAQ.jpg,0,138,94
A_EtEwQb8aGLUAAAAAAAAAAAAAAQAAAQ.jpg,A_EcV-QL_t4UAAAAAAAAAAAAAAAQAAAQ.jpg,0,46,67
A_lPHeQo7aiawAAAAAAAAAAAAAAQAAAQ.jpg,A_RPqaQYB6kjQAAAAAAAAAAAAAAQAAAQ.jpg,0,189,168
t7OjT-JkTe-fdqtZnMC8oAAAACMAARAD.jpg,A_0ZuNSaLNy7EAAAAAAAAAAAAAAQAAAQ.jpg,0,129,156
A_SB5pT6dIdz0AAAAAAAAAAAAAAQAAAQ.jpg,A_Sdv3QYReNXkAAAAAAAAAAAAAAQAAAQ.jpg,0,197,250
A_zVV9QJHiLggAAAAAAAAAAAAAAQAAAQ.jpg,A_ZBuhRJ_erngAAAAAAAAAAAAAAQAAAQ.jpg,0,67,34
A_gGmBSI0ev4IAAAAAAAAAAAAAAQAAAQ.jpg,A_-HPcQKsgKR8AAAAAAAAAAAAAAQAAAQ.jpg,0,82,96
A_WL-9S6XUXP8AAAAAAAAAAAAAAQAAAQ.jpg,A_xjiuTJsJUpsAAAAAAAAAAAAAAQAAAQ.jpg,0,230,213
A_uMyGRoe6OD4AAAAAAAAAAAAAAQAAAQ.jpg,A_WRYZRKOZPL4AAAAAAAAAAAAAAQAAAQ.jpg,0,23,130
A_OgM_S7d4Lu0AAAAAAAAAAAAAAQAAAQ.jpg,A_z3KSSqDlw1QAAAAAAAAAAAAAAQAAAQ.jpg,0,163,263
A_h8BxQ7-OJWAAAAAAAAAAAAAAAQAAAQ.jpg,A_5TYSRLGnvfEAAAAAAAAAAAAAAQAAAQ.jpg,0,110,214
A_Y6qGQYFvMP0AAAAAAAAAAAAAAQAAAQ.jpg,A_1cY0SJWiw2gAAAAAAAAAAAAAAQAAAQ.jpg,0,138,249
A_Vu_PRqVmM8AAAAAAAAAAAAAAAQAAAQ.jpg,A_vLt5Tr-DehsAAAAAAAAAAAAAAQAAAQ.jpg,0,14,326
A_sjosRJ0wPVkAAAAAAAAAAAAAAQAAAQ.jpg,AxQOGcN4RkCPWfcMhYgBuQAAACMAARAD.jpg,0,179,307
A_-iZQTKAWibIAAAAAAAAAAAAAAQAAAQ.jpg,A_5dhIRrfer5YAAAAAAAAAAAAAAQAAAQ.jpg,0,230,65
A_BMEtTpAKIZUAAAAAAAAAAAAAAQAAAQ.jpg,A_1AcjS7HMufYAAAAAAAAAAAAAAQAAAQ.jpg,0,247,189
A_JFQFRqCRuov5T45LkZ8d6wAAAQAAAQ.jpg,0RdU88SNSb2s-y4NxFgNfwAAACMAARAD.jpg,0,68,150
A_FYeLRIlqv1sAAAAAAAAAAAAAAQAAAQ.jpg,A_JzxkRq5CL7UAAAAAAAAAAAAAAQAAAQ.jpg,0,318,216
A_i86wS72-_lQAAAAAAAAAAAAAAQAAAQ.jpg,A_2yTCT6348MsAAAAAAAAAAAAAAQAAAQ.jpg,0,224,305
A_hsJDSo4xcbkAAAAAAAAAAAAAAQAAAQ.jpg,A_oLSJS49B_k4AAAAAAAAAAAAAAQAAAQ.jpg,0,3,317
A_VR95Q4yGMG0AAAAAAAAAAAAAAQAAAQ.jpg,A_UE-JSb_9FMYAAAAAAAAAAAAAAQAAAQ.jpg,0,114,144
A_zKqLQoDmJo0AAAAAAAAAAAAAAQAAAQ.jpg,A_8RO8SZ_cRhQAAAAAAAAAAAAAAQAAAQ.jpg,0,272,303
YogXrvTpT3CF9S-8BEORggAAACMAARAD.jpg,A_zkBxSpasz7MAAAAAAAAAAAAAAQAAAQ.jpg,0,71,73
A_gzSGTYTpSLkAAAAAAAAAAAAAAQAAAQ.jpg,A_Md8QTJnt4HsAAAAAAAAAAAAAAQAAAQ.jpg,0,340,88
A_0eHqSotZJB4AAAAAAAAAAAAAAQAAAQ.jpg,A_FjITQKM8yiQAAAAAAAAAAAAAAQAAAQ.jpg,0,126,210
A_mwutT7LdQ9IAAAAAAAAAAAAAAQAAAQ.jpg,A_MfjWQa58yzwAAAAAAAAAAAAAAQAAAQ.jpg,0,110,90
A_MqoKS5Y6Hm8AAAAAAAAAAAAAAQAAAQ.jpg,A_pBcpQ5u7crsAAAAAAAAAAAAAAQAAAQ.jpg,0,333,286
A_BHAZQqSI3N4AAAAAAAAAAAAAAQAAAQ.jpg,A_7WinQJg-1OcAAAAAAAAAAAAAAQAAAQ.jpg,0,252,31
A_OauCQr_5X8UAAAAAAAAAAAAAAQAAAQ.jpg,A_StnfT7ASR9gAAAAAAAAAAAAAAQAAAQ.jpg,0,232,113
A_StpkT6djYVMAAAAAAAAAAAAAAQAAAQ.jpg,A_bGEYTpbq2xsAAAAAAAAAAAAAAQAAAQ.jpg,0,213,137
A_Q6uIR7KZBo4AAAAAAAAAAAAAAQAAAQ.jpg,A_0eHqSotZJB4AAAAAAAAAAAAAAQAAAQ.jpg,0,198,126
A_5pjuQ6bpF44AAAAAAAAAAAAAAQAAAQ.jpg,A_wbFXSqEkpSMAAAAAAAAAAAAAAQAAAQ.jpg,0,343,133
A_33L3RYDwFfYAAAAAAAAAAAAAAQAAAQ.jpg,A_y0pUQad8WowAAAAAAAAAAAAAAQAAAQ.jpg,0,335,48
8BujMxsVRvWOAhf1DW4HXgAAACMAARAD.jpg,A_vsngRpRhfFsAAAAAAAAAAAAAAQAAAQ.jpg,0,348,112
A_LaERT6Vg6P0AAAAAAAAAAAAAAQAAAQ.jpg,A_YhBkQq-gKQAAAAAAAAAAAAAAAQAAAQ.jpg,0,347,302
A_1YVzSbIROi8AAAAAAAAAAAAAAQAAAQ.jpg,A_YDlYRYBLgbQAAAAAAAAAAAAAAQAAAQ.jpg,0,253,257
A_FAjZTYOIvbUAAAAAAAAAAAAAAQAAAQ.jpg,A_79Y3T534mhsAAAAAAAAAAAAAAQAAAQ.jpg,0,57,205
A_aDWaRJ0Cte4AAAAAAAAAAAAAAQAAAQ.jpg,A__YxFR6NzEjQAAAAAAAAAAAAAAQAAAQ.jpg,0,200,13
A_oEAqSaEmWGMAAAAAAAAAAAAAAQAAAQ.jpg,A_-8egQoGBdtoAAAAAAAAAAAAAAQAAAQ.jpg,0,294,86
A_mSuHQqYkujMAAAAAAAAAAAAAAQAAAQ.jpg,A_FOOWRLdgH6EAAAAAAAAAAAAAAQAAAQ.jpg,0,319,42
A_NpaSRqrF3DwAAAAAAAAAAAAAAQAAAQ.jpg,A_CKxEQpBINjYAAAAAAAAAAAAAAQAAAQ.jpg,0,196,43
A_Hr8iQJfMnWAAAAAAAAAAAAAAAQAAAQ.jpg,A_Vhx1SK59uV8AAAAAAAAAAAAAAQAAAQ.jpg,0,86,341
A_hAAHRLBv6kUAAAAAAAAAAAAAAQAAAQ.jpg,A_Uga7SbOpyY0AAAAAAAAAAAAAAQAAAQ.jpg,0,202,69
HMN8oNTtTIaofpt7eRl3dwAAACMAARAD.jpg,A_D_SeQ4c--GwAAAAAAAAAAAAAAQAAAQ.jpg,0,208,309
A_JTXPTI39PMkAAAAAAAAAAAAAAQAAAQ.jpg,A_gceJT5IcfZ4AAAAAAAAAAAAAAQAAAQ.jpg,0,199,40
A_vdO2RolMKVcAAAAAAAAAAAAAAQAAAQ.jpg,A_o8ipRYjXiXQAAAAAAAAAAAAAAQAAAQ.jpg,0,98,176
A_atr-Q7oa0ywAAAAAAAAAAAAAAQAAAQ.jpg,f4a1-1TxSRStvQAki3vjjQAAACMAARAD.jpg,0,43,150
A_cKL1QqoK8C4AAAAAAAAAAAAAAQAAAQ.jpg,A_k6J1RpHE-uEAAAAAAAAAAAAAAQAAAQ.jpg,0,111,131
A_acoIRKkS4KMAAAAAAAAAAAAAAQAAAQ.jpg,A_rXDyRppz13cAAAAAAAAAAAAAAQAAAQ.jpg,0,336,76
1yv1XFmYQIqGC3ETpIuU2QAAACMAARAD.jpg,A_cXEhQ5lI-kAAAAAAAAAAAAAAAQAAAQ.jpg,0,70,154
A_-8egQoGBdtoAAAAAAAAAAAAAAQAAAQ.jpg,A_82BHQ5VJpoQAAAAAAAAAAAAAAQAAAQ.jpg,0,86,326
A_OcaLQYiU_1EAAAAAAAAAAAAAAQAAAQ.jpg,A_B5PLRYT7qakAAAAAAAAAAAAAAQAAAQ.jpg,0,341,228
A_24StS7TQoCsAAAAAAAAAAAAAAQAAAQ.jpg,A_fXp1S7xHV6YAAAAAAAAAAAAAAQAAAQ.jpg,0,329,106
A_Li70RYXYOToAAAAAAAAAAAAAAQAAAQ.jpg,A_hdpuRLEj1icAAAAAAAAAAAAAAQAAAQ.jpg,0,171,326
A_oD9KQ7tl8HsAAAAAAAAAAAAAAQAAAQ.jpg,A_BoE9RJCkeVUAAAAAAAAAAAAAAQAAAQ.jpg,0,229,237
A_tnVbTq1hG0IAAAAAAAAAAAAAAQAAAQ.jpg,A_XNHHSZlJH00AAAAAAAAAAAAAAQAAAQ.jpg,0,194,153
A_wxWxSZH1r_QAAAAAAAAAAAAAAQAAAQ.jpg,A_mhYFS7uBQCIAAAAAAAAAAAAAAQAAAQ.jpg,0,293,193
A_r0rxRqzUNowAAAAAAAAAAAAAAQAAAQ.jpg,A_G93uT5tp26QAAAAAAAAAAAAAAQAAAQ.jpg,0,241,194
A_JKoXS5qMLWUAAAAAAAAAAAAAAQAAAQ.jpg,A_muDGRIJTyNcAAAAAAAAAAAAAAQAAAQ.jpg,0,148,252
A_LJALQ5tQhGoAAAAAAAAAAAAAAQAAAQ.jpg,A_KtrxQJE_sIMAAAAAAAAAAAAAAQAAAQ.jpg,0,246,33
igBDl6ziSdODf-fpbtEL1wAAACMAARAD.jpg,A_qE1fTpJ19QIAAAAAAAAAAAAAAQAAAQ.jpg,0,306,144
A_p1FURL5LiRoAAAAAAAAAAAAAAQAAAQ.jpg,A_Dl-rQYisXAQAAAAAAAAAAAAAAQAAAQ.jpg,0,309,37
A_qlKSQJ59vsgAAAAAAAAAAAAAAQAAAQ.jpg,A_lGgOR4Oe32UAAAAAAAAAAAAAAQAAAQ.jpg,0,26,239
A_7zNRSYbqsoAAAAAAAAAAAAAAAQAAAQ.jpg,A_FZxTQJDVbkYAAAAAAAAAAAAAAQAAAQ.jpg,0,130,289
A_j72ARLb_6boAAAAAAAAAAAAAAQAAAQ.jpg,A_I0duQIGPqIUAAAAAAAAAAAAAAQAAAQ.jpg,0,161,187
A_4ZfXQLOWYBsAAAAAAAAAAAAAAQAAAQ.jpg,A_jcJHTp85KP3Y3pFEtvZWcAAAAQAAAQ.jpg,0,97,64
A_A3vxSa7MGD4AAAAAAAAAAAAAAQAAAQ.jpg,A_SXh7Qo_BhxkAAAAAAAAAAAAAAQAAAQ.jpg,0,29,292
A_8wJfSLcHUG4AAAAAAAAAAAAAAQAAAQ.jpg,A_viZgTZtLdIkAAAAAAAAAAAAAAQAAAQ.jpg,0,12,311
A_bv-GT6sWBVEAAAAAAAAAAAAAAQAAAQ.jpg,A_Vg6lSL6paE4AAAAAAAAAAAAAAQAAAQ.jpg,0,254,191
A_NJrCQ405yccAAAAAAAAAAAAAAQAAAQ.jpg,A_cy6BT7zBon8AAAAAAAAAAAAAAQAAAQ.jpg,0,100,145
njtY4KL6SaGt4JXiaTK7hgAAACMAARAD.jpg,A__-5CSqwIXuQAAAAAAAAAAAAAAQAAAQ.jpg,0,238,255
A_1LQLSI-tEM4AAAAAAAAAAAAAAQAAAQ.jpg,A_8hQJTq1WHRsAAAAAAAAAAAAAAQAAAQ.jpg,0,278,51
A_ZLTNQ5wA3ndGXjRCsAnKcwAAAQAAAQ.jpg,frarTD7lTOqgeRc7RMPqNQAAACMAARAD.jpg,0,63,188
A__jF0T41lCBMAAAAAAAAAAAAAAQAAAQ.jpg,A_7FcUTJfZ-EEAAAAAAAAAAAAAAQAAAQ.jpg,0,218,200
A_W-HLSo2GkJIAAAAAAAAAAAAAAQAAAQ.jpg,A_JUa9QZwAOOgAAAAAAAAAAAAAAQAAAQ.jpg,0,64,298
A_wPiZSI8pSBIAAAAAAAAAAAAAAQAAAQ.jpg,A_s3DKToWP_5UAAAAAAAAAAAAAAQAAAQ.jpg,0,157,142
A_v2AMTqrkHXgAAAAAAAAAAAAAAQAAAQ.jpg,gpZWgwFPRP-Iq02OHwMZPgAAACMAARAD.jpg,0,163,52
A_FOOWRLdgH6EAAAAAAAAAAAAAAQAAAQ.jpg,A_yhhDQbrQfGcAAAAAAAAAAAAAAQAAAQ.jpg,0,42,206
A_m2BwRaFdErIAAAAAAAAAAAAAAQAAAQ.jpg,A_D9w_QbDG9s4AAAAAAAAAAAAAAQAAAQ.jpg,0,182,26
A_CWhQSqgeUq4AAAAAAAAAAAAAAQAAAQ.jpg,A_I5KDRLmGgB8AAAAAAAAAAAAAAQAAAQ.jpg,0,345,296
x22XN24XQiaxAuBA2h4LVQAAACMAARAD.jpg,A_OVixS5gitWkAAAAAAAAAAAAAAQAAAQ.jpg,0,107,118
A_5RnLQp7mKNsAAAAAAAAAAAAAAQAAAQ.jpg,A_pUauTrONA4lSN5NPuoRqAAAAAQAAAQ.jpg,0,130,318
A_FhkKRo6fxbsAAAAAAAAAAAAAAQAAAQ.jpg,A_TQs9RbfFYCkAAAAAAAAAAAAAAQAAAQ.jpg,0,258,280
A_qcBWSoqyLrEAAAAAAAAAAAAAAQAAAQ.jpg,A_jyxVSZAdZnkAAAAAAAAAAAAAAQAAAQ.jpg,0,344,299
J1CtsgliQ_Wz7dWKjUh9SwAAACMAARAD.jpg,A_JFQFRqCRuouu-ldCkHSAIAAAAQAAAQ.jpg,0,307,68
A_ywmfQoWVLnUAAAAAAAAAAAAAAQAAAQ.jpg,dyxtW91GQ3m1hwcxGe6xNQAAACMAARAD.jpg,0,78,72
w9YQq4_NScePMhUzHiU7ugAAACMAARAD.jpg,A_xvAiTaIgyiIAAAAAAAAAAAAAAQAAAQ.jpg,0,166,154
A_BelDQrZMthQAAAAAAAAAAAAAAQAAAQ.jpg,A_VKWZTI04Y7wAAAAAAAAAAAAAAQAAAQ.jpg,0,217,41
A__53oQqKI9vwAAAAAAAAAAAAAAQAAAQ.jpg,A_olotS4XoJFkAAAAAAAAAAAAAAQAAAQ.jpg,0,340,124
A_o6_aR5P_rB8AAAAAAAAAAAAAAQAAAQ.jpg,A_fiAjSYGYmikAAAAAAAAAAAAAAQAAAQ.jpg,0,217,110
A_WxikTrz0dTUAAAAAAAAAAAAAAQAAAQ.jpg,A_m_SBTJ0x4UgAAAAAAAAAAAAAAQAAAQ.jpg,0,274,309
A_h4c5Sad3a7IAAAAAAAAAAAAAAQAAAQ.jpg,A_4cscRbyF-t8AAAAAAAAAAAAAAQAAAQ.jpg,0,40,312
A_u5XySKZ9cywAAAAAAAAAAAAAAQAAAQ.jpg,A_bmK8TYWpYpoAAAAAAAAAAAAAAQAAAQ.jpg,0,274,203
A_vjMsQZpQaTkAAAAAAAAAAAAAAQAAAQ.jpg,A_K9CLR4e8IykAAAAAAAAAAAAAAQAAAQ.jpg,0,133,346
A_m2BwRaFdErIAAAAAAAAAAAAAAQAAAQ.jpg,A_tZlpQLPXXpQAAAAAAAAAAAAAAQAAAQ.jpg,0,182,84
A_LngHSpFXTD4AAAAAAAAAAAAAAQAAAQ.jpg,A_82YISZVTz64AAAAAAAAAAAAAAQAAAQ.jpg,0,336,298
A_7B2HSpMadEgAAAAAAAAAAAAAAQAAAQ.jpg,A_UE-JSb_9FMYAAAAAAAAAAAAAAQAAAQ.jpg,0,258,144
A_JTXPTI39PMkAAAAAAAAAAAAAAQAAAQ.jpg,A_UIUSR7SsVxQAAAAAAAAAAAAAAQAAAQ.jpg,0,199,81
qHnFLmDMQMiYxAn70xvcRwAAACMAARAD.jpg,A_cKM9Tog7d3gAAAAAAAAAAAAAAQAAAQ.jpg,0,208,152
A_qpwOTZvgL9EAAAAAAAAAAAAAAQAAAQ.jpg,A_21V8SYT5XQkAAAAAAAAAAAAAAQAAAQ.jpg,0,26,220
A_meIyTZfLrbEAAAAAAAAAAAAAAQAAAQ.jpg,A_yb38S7eVwa8AAAAAAAAAAAAAAQAAAQ.jpg,0,289,121
A_twQYRK5U5dUAAAAAAAAAAAAAAQAAAQ.jpg,M00cOfTlQD-7SbSDoVEZiwAAACMAARAD.jpg,0,122,323
O1CN01fjcDg01yHK0TN1bE3_!!0-mtopupload.jpg,A_GJH7T7H_iloAAAAAAAAAAAAAAQAAAQ.jpg,0,22,252
A_jC3STZwXP58AAAAAAAAAAAAAAQAAAQ.jpg,A_biEZSZF2Fp0AAAAAAAAAAAAAAQAAAQ.jpg,0,53,115
A_zMhHRKUhSuErdB5Pt_ADkgAAAQAAAQ.jpg,A_C4yWR6KggDwAAAAAAAAAAAAAAQAAAQ.jpg,0,148,61
A_0Z_BTJTyxrUAAAAAAAAAAAAAAQAAAQ.jpg,A_19KTRKsU1bgAAAAAAAAAAAAAAQAAAQ.jpg,0,135,59
A_ffGlTZG85-QAAAAAAAAAAAAAAQAAAQ.jpg,A_pfnXQq9r3uoAAAAAAAAAAAAAAQAAAQ.jpg,0,322,199
A_2iAoQIypnLoAAAAAAAAAAAAAAQAAAQ.jpg,A_V3ppS6VZwMoAAAAAAAAAAAAAAQAAAQ.jpg,0,254,340
A_WL-9S6XUXP8AAAAAAAAAAAAAAQAAAQ.jpg,A_MKWJQLqyZ8cAAAAAAAAAAAAAAQAAAQ.jpg,0,230,274
A__sCTTLlfQsMAAAAAAAAAAAAAAQAAAQ.jpg,A_BUqXSoHm6xYAAAAAAAAAAAAAAQAAAQ.jpg,0,158,309
A_noVFRIHyvJQAAAAAAAAAAAAAAQAAAQ.jpg,A_d6BLRrCLDYEAAAAAAAAAAAAAAQAAAQ.jpg,0,61,49
A_DkWtQphhpucAAAAAAAAAAAAAAQAAAQ.jpg,A_WB6uRqwOQD8AAAAAAAAAAAAAAQAAAQ.jpg,0,195,245
A_tdauTaw260cAAAAAAAAAAAAAAQAAAQ.jpg,A_SU_3R4a-QnYAAAAAAAAAAAAAAQAAAQ.jpg,0,264,259
A_Tgc3Sb0KwMEAAAAAAAAAAAAAAQAAAQ.jpg,A_pUauTrONA4kAAAAAAAAAAAAAAQAAAQ.jpg,0,340,318
A_2zQ8SKw0HmwAAAAAAAAAAAAAAQAAAQ.jpg,ydJW6409RSKvBzpK1xzS0QAAACMAARAD.jpg,0,119,27
A_sjosRJ0wPVkAAAAAAAAAAAAAAQAAAQ.jpg,A_DYI0S469juQAAAAAAAAAAAAAAQAAAQ.jpg,0,179,223
A_HTT-TokpzUQAAAAAAAAAAAAAAQAAAQ.jpg,A_Y1ryTIb8npUAAAAAAAAAAAAAAQAAAQ.jpg,0,268,221
7ACCezYsSqiEz-zehRjeGAAAACMAARAD.jpg,A_PFW9QJAztYYAAAAAAAAAAAAAAQAAAQ.jpg,0,310,84
9Z0hAJwqQ_Sp0MUIGh4b1wAAACMAARAD.jpg,A_Q6uIR7KZBo4AAAAAAAAAAAAAAQAAAQ.jpg,0,207,198
A_jejVTopHAJoAAAAAAAAAAAAAAQAAAQ.jpg,A_7PWcRpT6-noAAAAAAAAAAAAAAQAAAQ.jpg,0,194,145
A_BozJTaHtlVkAAAAAAAAAAAAAAQAAAQ.jpg,A_XSjzR59VqvHRlAVGm_RBAAAAAQAAAQ.jpg,0,173,144
A_TneoSKTv7UkAAAAAAAAAAAAAAQAAAQ.jpg,A_4UKXTpg0lCgAAAAAAAAAAAAAAQAAAQ.jpg,0,223,180
A_HXWXTZxti_gAAAAAAAAAAAAAAQAAAQ.jpg,A_YRDWQrX8B_UAAAAAAAAAAAAAAQAAAQ.jpg,0,311,258
A_YaJOSrbcB5YAAAAAAAAAAAAAAQAAAQ.jpg,cOr4Q-vIToudfDTJK_hYsQAAACMAARAD.jpg,0,181,4
A_qltmS7ZNsLUAAAAAAAAAAAAAAQAAAQ.jpg,A_5x9gRIcmjIsAAAAAAAAAAAAAAQAAAQ.jpg,0,91,244
A_WRYZRKOZPL4AAAAAAAAAAAAAAQAAAQ.jpg,A_hdpuRLEj1id2OI1JoO1-QAAAAQAAAQ.jpg,0,130,326
8BujMxsVRvWOAhf1DW4HXgAAACMAARAD.jpg,A_56etSoqz9lkAAAAAAAAAAAAAAQAAAQ.jpg,0,348,124
A_o8ipRYjXiXQAAAAAAAAAAAAAAQAAAQ.jpg,A_KjDbQJVMoCMAAAAAAAAAAAAAAQAAAQ.jpg,0,176,171
bSowLH_QSz-W1UMpKjz0owAAACMAARAD.jpg,A_kPvdTbagJ9MAAAAAAAAAAAAAAQAAAQ.jpg,0,315,8
A_OStdQqQjUL8AAAAAAAAAAAAAAQAAAQ.jpg,A_hAP5R7hp_CkAAAAAAAAAAAAAAQAAAQ.jpg,0,210,194
HuSWm8MwS8C21fYeSVVyagAAACMAARAD.jpg,A_F-Y6SLy3q3kAAAAAAAAAAAAAAQAAAQ.jpg,0,134,127
A_LaJXSLgvcWAAAAAAAAAAAAAAAQAAAQ.jpg,A_TQ2VSpdE9mMAAAAAAAAAAAAAAQAAAQ.jpg,0,185,136
A_7w30T4PSpVgAAAAAAAAAAAAAAQAAAQ.jpg,A_hwdWQq75_mQAAAAAAAAAAAAAAQAAAQ.jpg,0,229,7
A_13kDRrNTRTIAAAAAAAAAAAAAAQAAAQ.jpg,A_CKcESIEZPPsAAAAAAAAAAAAAAQAAAQ.jpg,0,250,198
A_6wWbR7D5KboAAAAAAAAAAAAAAQAAAQ.jpg,A_fKn_SJlVzk8AAAAAAAAAAAAAAQAAAQ.jpg,0,61,239
A_OdypSY5DoYwAAAAAAAAAAAAAAQAAAQ.jpg,A_-V96Qa0QThkAAAAAAAAAAAAAAQAAAQ.jpg,0,298,141
A_BH18R5ERvpkAAAAAAAAAAAAAAQAAAQ.jpg,A_ix1XQKP3U4UAAAAAAAAAAAAAAQAAAQ.jpg,0,198,230
A_SE5MTp9TUMsAAAAAAAAAAAAAAQAAAQ.jpg,A_FjITQKM8yiQAAAAAAAAAAAAAAQAAAQ.jpg,0,42,210
A_YeEaTrUro9IAAAAAAAAAAAAAAQAAAQ.jpg,A_lGgOR4Oe32UAAAAAAAAAAAAAAQAAAQ.jpg,0,195,239
A_r0rxRqzUNowAAAAAAAAAAAAAAQAAAQ.jpg,A_SUhQQqbmlOwAAAAAAAAAAAAAAQAAAQ.jpg,0,241,168
Nr4fpTnSRWGdwsellE27SQAAACMAARAD.jpg,A_vXcfRYxmGwMAAAAAAAAAAAAAAQAAAQ.jpg,0,71,85
A_lWreSpZxhyAAAAAAAAAAAAAAAQAAAQ.jpg,A_pWwkQowUWlcAAAAAAAAAAAAAAQAAAQ.jpg,0,15,30
A_nIZXQ4X15HUAAAAAAAAAAAAAAQAAAQ.jpg,A_VsLNT7sWz3wAAAAAAAAAAAAAAQAAAQ.jpg,0,100,322
A_0elSSaRbFWQAAAAAAAAAAAAAAQAAAQ.jpg,RZ0pi9gnRguCbwW_2IFLegAAACMAARAD.jpg,0,46,315
A_7dttRYIKAKQAAAAAAAAAAAAAAQAAAQ.jpg,A_BTUkT4Eo6pQAAAAAAAAAAAAAAQAAAQ.jpg,0,116,266
MfYoqfAzSxyKWkDANp68IQAAACMAARAD.jpg,A_xigkRLl7oW4AAAAAAAAAAAAAAQAAAQ.jpg,0,132,230
A_wrCkQIW0mVgAAAAAAAAAAAAAAQAAAQ.jpg,A_4gPcTqwkpLYAAAAAAAAAAAAAAQAAAQ.jpg,0,86,41
A_hwdWQq75_mQAAAAAAAAAAAAAAQAAAQ.jpg,A_UvfzQoniuIkAAAAAAAAAAAAAAQAAAQ.jpg,0,7,283
A_7TXVT6R41bwAAAAAAAAAAAAAAQAAAQ.jpg,A_4ERZQIbzN0oAAAAAAAAAAAAAAQAAAQ.jpg,0,161,265
A_Ka1IRZhFoOoAAAAAAAAAAAAAAQAAAQ.jpg,YoSHu2JrTOO6hQ5gU0XFegAAACMAARAD.jpg,0,125,132
A_-6tiTb6_VSoAAAAAAAAAAAAAAQAAAQ.jpg,A_AVz3Sb7iIKwAAAAAAAAAAAAAAQAAAQ.jpg,0,34,167
A_FtPrQpzl3BAAAAAAAAAAAAAAAQAAAQ.jpg,A_rmRYSoi_81sAAAAAAAAAAAAAAQAAAQ.jpg,0,303,218
A_mbdXS47FykQAAAAAAAAAAAAAAQAAAQ.jpg,A_4ERZQIbzN0oAAAAAAAAAAAAAAQAAAQ.jpg,0,252,265
A_Ws9rTr4ssSIAAAAAAAAAAAAAAQAAAQ.jpg,A_fbzVQ5muvQIAAAAAAAAAAAAAAQAAAQ.jpg,0,159,77
A_YDlYRYBLgbQAAAAAAAAAAAAAAQAAAQ.jpg,A_izLaT4q7z-8AAAAAAAAAAAAAAQAAAQ.jpg,0,257,160
Z_Hv1amYSOKoJUJcV5cxjwAAACMAARAD.jpg,A_sQf-QYhSGZIAAAAAAAAAAAAAAQAAAQ.jpg,0,211,52
A_8yHrSI9wXtsAAAAAAAAAAAAAAQAAAQ.jpg,A_TYT0T4Fvp38AAAAAAAAAAAAAAQAAAQ.jpg,0,334,302
A_-fGnSJLpn7kAAAAAAAAAAAAAAQAAAQ.jpg,A_RxhpTqk6BKsAAAAAAAAAAAAAAQAAAQ.jpg,0,273,203
A_qQf9R5n-NaYAAAAAAAAAAAAAAQAAAQ.jpg,A_gceJT5IcfZ4AAAAAAAAAAAAAAQAAAQ.jpg,0,10,40
A_SU_3R4a-QnYAAAAAAAAAAAAAAQAAAQ.jpg,A_zj1HS5Be7c4AAAAAAAAAAAAAAQAAAQ.jpg,0,259,197
A_WFX-R60X0GE0GDJMjg5KkAAAAQAAAQ.jpg,W2GbcBOXQ8S9PGJqLQppPQAAACMAARED.jpg,0,62,209
A_WKq6RIpKJSwAAAAAAAAAAAAAAQAAAQ.jpg,A_ix1XQKP3U4UAAAAAAAAAAAAAAQAAAQ.jpg,0,228,230
A_s_pGQJkJX7cAAAAAAAAAAAAAAQAAAQ.jpg,A_GN8FS4YXEKMAAAAAAAAAAAAAAQAAAQ.jpg,0,324,82
1u5RC96DSSGhP-caETvXfQAAACMAARAD.jpg,A_SRVGQbrSpNYAAAAAAAAAAAAAAQAAAQ.jpg,0,177,296
A_-fGnSJLpn7kAAAAAAAAAAAAAAQAAAQ.jpg,A_uNzLSLfbVYsAAAAAAAAAAAAAAQAAAQ.jpg,0,273,210
A_h8ycS56cyH0AAAAAAAAAAAAAAQAAAQ.jpg,A_aMDbQ5OmVQ4AAAAAAAAAAAAAAQAAAQ.jpg,0,11,95
A_mHpGR5oYn_kAAAAAAAAAAAAAAQAAAQ.jpg,A_3felTbn-u0kAAAAAAAAAAAAAAQAAAQ.jpg,0,320,108
A_y6cGQZTV6wkAAAAAAAAAAAAAAQAAAQ.jpg,A_zjM2TKZ3uLYAAAAAAAAAAAAAAQAAAQ.jpg,0,329,97
A_mbl7SbkDKR4AAAAAAAAAAAAAAQAAAQ.jpg,A_guRwTo_PyEAAAAAAAAAAAAAAAQAAAQ.jpg,0,16,185
A_qmTVSqXlh7UAAAAAAAAAAAAAAQAAAQ.jpg,A_T1kYQ7qQrxcAAAAAAAAAAAAAAQAAAQ.jpg,0,105,246
A_0RXtQrcbVQMAAAAAAAAAAAAAAQAAAQ.jpg,A_JFQFRqCRuouu-ldCkHSAIAAAAQAAAQ.jpg,0,223,68
A_3skiQIpmWr0AAAAAAAAAAAAAAQAAAQ.jpg,A_pjQHSIF6MY0AAAAAAAAAAAAAAQAAAQ.jpg,0,319,114
A_Rx6HR586O4sAAAAAAAAAAAAAAQAAAQ.jpg,A_gpwRSb16XloAAAAAAAAAAAAAAQAAAQ.jpg,0,325,241
A_N57xRZ6tBnwAAAAAAAAAAAAAAQAAAQ.jpg,A_TYT0T4Fvp38AAAAAAAAAAAAAAQAAAQ.jpg,0,157,302
A_dQdlSJStdV8AAAAAAAAAAAAAAQAAAQ.jpg,A__UAoQbHt2SIAAAAAAAAAAAAAAQAAAQ.jpg,0,292,111
A_D_R0SK73894AAAAAAAAAAAAAAQAAAQ.jpg,A_s1uuSboGX58AAAAAAAAAAAAAAQAAAQ.jpg,0,88,171
A_MfvYSISsOaYAAAAAAAAAAAAAAQAAAQ.jpg,A_zE7OR59AboMAAAAAAAAAAAAAAQAAAQ.jpg,0,59,341
A_s-BYTbC6hKgAAAAAAAAAAAAAAQAAAQ.jpg,A_PQ-mQpRZPwgAAAAAAAAAAAAAAQAAAQ.jpg,0,162,35
qvyQGoFhTm69RSHS-41E9QAAACMAARAD.jpg,A_TLSkT501MYQAAAAAAAAAAAAAAQAAAQ.jpg,0,209,325
A_qK0OTL76_bMAAAAAAAAAAAAAAQAAAQ.jpg,A_88GIR4a9ssoAAAAAAAAAAAAAAQAAAQ.jpg,0,21,266
A_FZxTQJDVbkYAAAAAAAAAAAAAAQAAAQ.jpg,A_dWv2RbF20pgAAAAAAAAAAAAAAQAAAQ.jpg,0,289,243
A_HblBQpqvsuIAAAAAAAAAAAAAAQAAAQ.jpg,A_TRvMSK9h_7YAAAAAAAAAAAAAAQAAAQ.jpg,0,225,48
A_20a-RY7U9B0AAAAAAAAAAAAAAQAAAQ.jpg,A_RZTaRK3bJIcAAAAAAAAAAAAAAQAAAQ.jpg,0,21,123
A_tB9JQ6SKjKYAAAAAAAAAAAAAAQAAAQ.jpg,A_KG1fRooRKKoAAAAAAAAAAAAAAQAAAQ.jpg,0,201,286
A_s1uuSboGX58AAAAAAAAAAAAAAQAAAQ.jpg,A_vaaqQKunbZkAAAAAAAAAAAAAAQAAAQ.jpg,0,171,141
A_Y2VTRawsj20AAAAAAAAAAAAAAQAAAQ.jpg,A_KXFaQ7PvD3gAAAAAAAAAAAAAAQAAAQ.jpg,0,250,169
A_ByB_RpYeWmsAAAAAAAAAAAAAAQAAAQ.jpg,A_uzHRSJ5nN_cAAAAAAAAAAAAAAQAAAQ.jpg,0,232,335
A_i8kmSqzWZtEAAAAAAAAAAAAAAQAAAQ.jpg,A_x8o-SK34p18AAAAAAAAAAAAAAQAAAQ.jpg,0,284,222
imqELfCBQ0anyzmOWFa77wAAACMAARAD.jpg,A_dxCNSp4IGbAAAAAAAAAAAAAAAQAAAQ.jpg,0,128,172
A_RU49RpH8I6MAAAAAAAAAAAAAAQAAAQ.jpg,A_3sPRTprtYa8AAAAAAAAAAAAAAQAAAQ.jpg,0,270,66
RJaJONp-R9-6Wg29qPh_MQAAACMAARAD.jpg,A_DEkJRYlXFNsAAAAAAAAAAAAAAQAAAQ.jpg,0,348,268
A_-fnOTrhcN3oAAAAAAAAAAAAAAQAAAQ.jpg,A_NdSjRoOfRX4AAAAAAAAAAAAAAQAAAQ.jpg,0,243,95
A_cKTpQK7jeCMAAAAAAAAAAAAAAQAAAQ.jpg,ysnTdNgkTQ2KcesYGinCrgAAACMAARAD.jpg,0,143,132
A_m7-sRo3H-HgAAAAAAAAAAAAAAQAAAQ.jpg,A_2SYrSID-5CkAAAAAAAAAAAAAAQAAAQ.jpg,0,330,181
A__5f3Qa27j5YAAAAAAAAAAAAAAQAAAQ.jpg,A_GtpMTbLtVR4AAAAAAAAAAAAAAQAAAQ.jpg,0,277,319
A_ap0DRppYXI0AAAAAAAAAAAAAAQAAAQ.jpg,A_wsMpQbMfJyAAAAAAAAAAAAAAAQAAAQ.jpg,0,14,125
A_HII8R5WzRQ4AAAAAAAAAAAAAAQAAAQ.jpg,A_TnpqRIoO1cIAAAAAAAAAAAAAAQAAAQ.jpg,0,179,130
A_VV-4R7Xfd1AAAAAAAAAAAAAAAQAAAQ.jpg,A_YFdnQ5CoPhgAAAAAAAAAAAAAAQAAAQ.jpg,0,221,344
A_QXekTrSGlYAAAAAAAAAAAAAAAQAAAQ.jpg,A_zMhHRKUhSuErdB5Pt_ADkgAAAQAAAQ.jpg,0,58,148
A_5XhqT50fyW4AAAAAAAAAAAAAAQAAAQ.jpg,A_uzHRSJ5nN_cAAAAAAAAAAAAAAQAAAQ.jpg,0,101,335
A_ePq8Ras0owIAAAAAAAAAAAAAAQAAAQ.jpg,A_V9dzTZ0oezwAAAAAAAAAAAAAAQAAAQ.jpg,0,320,235
A_KNPtSqaKcSkAAAAAAAAAAAAAAQAAAQ.jpg,A_LJALQ5tQhGoAAAAAAAAAAAAAAQAAAQ.jpg,0,18,246
A_s3yWQZRsWqMAAAAAAAAAAAAAAQAAAQ.jpg,A_HlrvTLj4tU8AAAAAAAAAAAAAAQAAAQ.jpg,0,176,289
A_rZkOR6rZ9rgAAAAAAAAAAAAAAQAAAQ.jpg,2A23mcKTRe6iwvdle-DnoQAAACMAARAD.jpg,0,73,349
NHtoXmJsQbC2oYEEvNh-agAAACMAARAD.jpg,A_CJEPQZwY7_LC6f1Fh61-vQAAAQAAAQ.jpg,0,6,191
A_dN7FSZa9E6kAAAAAAAAAAAAAAQAAAQ.jpg,A_xKkVSpQDOR8AAAAAAAAAAAAAAQAAAQ.jpg,0,225,79
A_8jMWRbavcW0AAAAAAAAAAAAAAQAAAQ.jpg,A_qzxeRo3Av5AAAAAAAAAAAAAAAQAAAQ.jpg,0,287,346
A_V4M-S5Mt__QAAAAAAAAAAAAAAQAAAQ.jpg,A_FOIbSaYkQ0MAAAAAAAAAAAAAAQAAAQ.jpg,0,191,80
A_muDGRIJTyNcAAAAAAAAAAAAAAQAAAQ.jpg,A_Go8dQad5WMQAAAAAAAAAAAAAAQAAAQ.jpg,0,252,98
6s492Y5LR5Kto8OzVdvpHQAAACMAARAD.jpg,A_0eHqSotZJB4AAAAAAAAAAAAAAQAAAQ.jpg,0,120,126
A_RU49RpH8I6MAAAAAAAAAAAAAAQAAAQ.jpg,A_zwTrTZWKybsAAAAAAAAAAAAAAQAAAQ.jpg,0,270,87
A_zR9xTI8bns0AAAAAAAAAAAAAAQAAAQ.jpg,A_YlkgQbNnNSoAAAAAAAAAAAAAAQAAAQ.jpg,0,168,19
A_HBC_SqXcNasAAAAAAAAAAAAAAQAAAQ.jpg,O1CN017Zqu3U1WkLrs8drP0_!!0-mtopupload.jpg,0,53,22
A_chnJTr6v4Y9vQqpAmLZa1AAAAQAAAQ.jpg,A_hD3uRIAU8WkAAAAAAAAAAAAAAQAAAQ.jpg,0,216,281
A_2n3hQr-JmJQAAAAAAAAAAAAAAQAAAQ.jpg,A_dI4zSai8yk8AAAAAAAAAAAAAAQAAAQ.jpg,0,16,221
A_HFprSoUoL2gAAAAAAAAAAAAAAQAAAQ.jpg,A_UM9FRqczn4sAAAAAAAAAAAAAAQAAAQ.jpg,0,189,42
A_BUreSr9QuYgAAAAAAAAAAAAAAQAAAQ.jpg,A_IeYUSZHnPzMAAAAAAAAAAAAAAQAAAQ.jpg,0,337,96
A_ZKeCRqrD48cAAAAAAAAAAAAAAQAAAQ.jpg,A_cWO0Sb2sA9gAAAAAAAAAAAAAAQAAAQ.jpg,0,288,200
A_CJEPQZwY7_IAAAAAAAAAAAAAAQAAAQ.jpg,A_AWdZQa13iPIAAAAAAAAAAAAAAQAAAQ.jpg,0,191,108
A_kKmNR65xnvsAAAAAAAAAAAAAAQAAAQ.jpg,A_p9HhS7p0Ow0AAAAAAAAAAAAAAQAAAQ.jpg,0,195,77
A_Wa5hTLtdsh8AAAAAAAAAAAAAAQAAAQ.jpg,A_WB6uRqwOQD8AAAAAAAAAAAAAAQAAAQ.jpg,0,224,245
A_vtg4QphXQk8AAAAAAAAAAAAAAQAAAQ.jpg,A__QqmTIAyqmIAAAAAAAAAAAAAAQAAAQ.jpg,0,236,211
A_Nz6LSIyEYioAAAAAAAAAAAAAAQAAAQ.jpg,A_BuqfTqOcdvkAAAAAAAAAAAAAAQAAAQ.jpg,0,97,210
A_9_VjT5AcH1cAAAAAAAAAAAAAAQAAAQ.jpg,O4evSscSQOaRanT5DclZ5wAAACMAARAD.jpg,0,64,4
8HPPNmXFR0O3msRIxa8WnQAAACMAARAD.jpg,dNTm6a6ZQU-tMrEpqKmLXwAAACMAARAD.jpg,0,188,56
A_9kHiQJnyRo4AAAAAAAAAAAAAAQAAAQ.jpg,tQd1XCVwSy27_2CRPo0NAAAAACMAARAD.jpg,0,235,109
A_CC3tRqsji7gAAAAAAAAAAAAAAQAAAQ.jpg,A_NdSjRoOfRX4AAAAAAAAAAAAAAQAAAQ.jpg,0,234,95
A_FdfjQKuVE-EAAAAAAAAAAAAAAQAAAQ.jpg,WmmQfVkFSa6ES7uWWRqn-gAAACMAARAD.jpg,0,180,20
A_Ba6QQqFUsP4AAAAAAAAAAAAAAQAAAQ.jpg,A_hB7UQZ1wHGQAAAAAAAAAAAAAAQAAAQ.jpg,0,15,183
6s492Y5LR5Kto8OzVdvpHQAAACMAARAD.jpg,A__YxFR6NzEjQAAAAAAAAAAAAAAQAAAQ.jpg,0,120,13
A_s_pGQJkJX7cAAAAAAAAAAAAAAQAAAQ.jpg,A_pGC9TI631dMAAAAAAAAAAAAAAQAAAQ.jpg,0,324,74
A_z0kCQr_tfJQAAAAAAAAAAAAAAQAAAQ.jpg,A__YxFR6NzEjQecYhCqT3cqQAAAQAAAQ.jpg,0,23,13
A_DsowTrYbJyAAAAAAAAAAAAAAAQAAAQ.jpg,A_QMXJRr8rzh4AAAAAAAAAAAAAAQAAAQ.jpg,0,45,300
A_qWCCR7R42PUAAAAAAAAAAAAAAQAAAQ.jpg,A_DEkJRYlXFNsAAAAAAAAAAAAAAQAAAQ.jpg,0,288,268
A_lPjNSaZ7r9wAAAAAAAAAAAAAAQAAAQ.jpg,A_Oj4CRqQrUiU9b2pImURI-AAAAQAAAQ.jpg,0,333,176
A__-5CSqwIXuQAAAAAAAAAAAAAAQAAAQ.jpg,A_0VjnQoOyQFYAAAAAAAAAAAAAAQAAAQ.jpg,0,255,119
A_Fe62T5TAJ7UAAAAAAAAAAAAAAQAAAQ.jpg,A_jPNWSL4MPycAAAAAAAAAAAAAAQAAAQ.jpg,0,277,276
A_gMo-T6IQdv0AAAAAAAAAAAAAAQAAAQ.jpg,A_7FcUTJfZ-EEAAAAAAAAAAAAAAQAAAQ.jpg,0,215,200
A_KBNRRqQe8vsAAAAAAAAAAAAAAQAAAQ.jpg,A_aMsUT5Uw1pYAAAAAAAAAAAAAAQAAAQ.jpg,0,317,337
A_wrCkQIW0mVgAAAAAAAAAAAAAAQAAAQ.jpg,A_-RuUS7F6LpsAAAAAAAAAAAAAAQAAAQ.jpg,0,86,346
A_7t5MRrn6fyUAAAAAAAAAAAAAAQAAAQ.jpg,dGG2aRuKRkqEOETt9YkP4gAAACMAARAD.jpg,0,303,282
A_Pgp4TYloAOwAAAAAAAAAAAAAAQAAAQ.jpg,A_0-ELRoJDoOAAAAAAAAAAAAAAAQAAAQ.jpg,0,281,160
A_ogroTKEURIMAAAAAAAAAAAAAAQAAAQ.jpg,A_LngHSpFXTD4AAAAAAAAAAAAAAQAAAQ.jpg,0,102,336
A_HTNURIoNl30AAAAAAAAAAAAAAQAAAQ.jpg,A_phjfSK7C04wAAAAAAAAAAAAAAQAAAQ.jpg,0,31,145
frarTD7lTOqgeRc7RMPqNQAAACMAARAD.jpg,IsIe7tHGSEe9XWBTYTZTqwAAACMAARAD.jpg,0,188,310
A_jjT_Q5XInXYAAAAAAAAAAAAAAQAAAQ.jpg,A_tXSZTIQiK3YAAAAAAAAAAAAAAQAAAQ.jpg,0,92,151
A_LFTBTrq2so4AAAAAAAAAAAAAAQAAAQ.jpg,A_BUCBRov7kcoAAAAAAAAAAAAAAQAAAQ.jpg,0,278,170
A_KdR7So14o4sAAAAAAAAAAAAAAQAAAQ.jpg,A_2JASQbN8i68AAAAAAAAAAAAAAQAAAQ.jpg,0,36,182
J4N-el7oSxaafAyjuSBgGAAAACMAARAD.jpg,A_DycSQ4vvV68AAAAAAAAAAAAAAQAAAQ.jpg,0,129,264
A_C0vvSpWL_JsAAAAAAAAAAAAAAQAAAQ.jpg,A_OQeoS4r3iwoAAAAAAAAAAAAAAQAAAQ.jpg,0,121,284
A_y4kFR5GWHFQAAAAAAAAAAAAAAQAAAQ.jpg,A_FtPrQpzl3BAAAAAAAAAAAAAAAQAAAQ.jpg,0,218,303
A_FOIbSaYkQ0MAAAAAAAAAAAAAAQAAAQ.jpg,A_viZgTZtLdIkAAAAAAAAAAAAAAQAAAQ.jpg,0,80,311
A_nJFYQIdXJJIAAAAAAAAAAAAAAQAAAQ.jpg,A_rXoUTpGp2akAAAAAAAAAAAAAAQAAAQ.jpg,0,138,249
Z1qDRVboSz625P_djDkBSwAAACMAARAD.jpg,A_2iAoQIypnLoAAAAAAAAAAAAAAQAAAQ.jpg,0,315,254
A_qDygQaMbmCsAAAAAAAAAAAAAAQAAAQ.jpg,A_stmPT54njmJQA21MkONSVgAAAQAAAQ.jpg,0,119,147
A_D7ODTa7POC4AAAAAAAAAAAAAAQAAAQ.jpg,A2fZWAEeTfWyTqA6MlIezgAAACMAARAD.jpg,0,157,164
WpudhUmPQtCbPSRoq9BnHgAAACMAARAD.jpg,A_ZovJRIoln2wAAAAAAAAAAAAAAQAAAQ.jpg,0,20,47
A_Saa1T617BOoAAAAAAAAAAAAAAQAAAQ.jpg,elfhVqTdQpWv6R3PsHqMjQAAACMAARAD.jpg,0,103,188
A_HngbSJVJVYUAAAAAAAAAAAAAAQAAAQ.jpg,A_xt-fRpljCNgAAAAAAAAAAAAAAQAAAQ.jpg,0,112,83
XX6adT1pTv6LJ-Njrj_c1wAAACMAARAD.jpg,A_GpPxSZ7FJvMAAAAAAAAAAAAAAQAAAQ.jpg,0,219,53
A_3skiQIpmWr0AAAAAAAAAAAAAAQAAAQ.jpg,A_d4wUQoUvZxsAAAAAAAAAAAAAAQAAAQ.jpg,0,319,247
A_o-mERLc_dPYAAAAAAAAAAAAAAQAAAQ.jpg,A_8hQJTq1WHRsAAAAAAAAAAAAAAQAAAQ.jpg,0,300,51
A_HFprSoUoL2gAAAAAAAAAAAAAAQAAAQ.jpg,A_2_HRRLUDXZsAAAAAAAAAAAAAAQAAAQ.jpg,0,189,267
A_XTPLTJ9RiO4AAAAAAAAAAAAAAQAAAQ.jpg,A_t7pjSY5KeJwAAAAAAAAAAAAAAQAAAQ.jpg,0,325,324
A_m30KQICzj5QAAAAAAAAAAAAAAQAAAQ.jpg,A_RkkmTYGR2GgAAAAAAAAAAAAAAQAAAQ.jpg,0,332,201
A_9BKdSKvV9UEAAAAAAAAAAAAAAQAAAQ.jpg,A_e69VSbQ41GQAAAAAAAAAAAAAAQAAAQ.jpg,0,149,299
A__euTTbzk1_QAAAAAAAAAAAAAAQAAAQ.jpg,A_WJZqQYuskC4AAAAAAAAAAAAAAQAAAQ.jpg,0,210,335
A_SB5pT6dIdz0AAAAAAAAAAAAAAQAAAQ.jpg,Z_Hv1amYSOKoJUJcV5cxjwAAACMAARAD.jpg,0,197,211
A_82YISZVTz64AAAAAAAAAAAAAAQAAAQ.jpg,A_qwMrRIrUjOkAAAAAAAAAAAAAAQAAAQ.jpg,0,298,100
A_JiCCQqK4VcEAAAAAAAAAAAAAAQAAAQ.jpg,A_ywmfQoWVLnUAAAAAAAAAAAAAAQAAAQ.jpg,0,92,78
A_noVFRIHyvJQAAAAAAAAAAAAAAQAAAQ.jpg,A_-XUaRqtBWX4AAAAAAAAAAAAAAQAAAQ.jpg,0,61,159
A_lhr8T5PNQm0AAAAAAAAAAAAAAQAAAQ.jpg,spShQhU4QW2E7C_-GrtwBwAAACMAARAD.jpg,0,231,72
A_4mW0Q5rIZpgAAAAAAAAAAAAAAQAAAQ.jpg,A_6-hyT6yKsd8AAAAAAAAAAAAAAQAAAQ.jpg,0,162,229
A_z9eNSqTAEzAAAAAAAAAAAAAAAQAAAQ.jpg,A_LWb7SL9pX8IAAAAAAAAAAAAAAQAAAQ.jpg,0,24,98
A_h8BxQ7-OJWAAAAAAAAAAAAAAAQAAAQ.jpg,A_7z2dSpjqRhsAAAAAAAAAAAAAAQAAAQ.jpg,0,110,302
A_e3GqTpb-UCYAAAAAAAAAAAAAAQAAAQ.jpg,A_jReTTbRAdgMAAAAAAAAAAAAAAQAAAQ.jpg,0,95,332
eVAexCuGQ-2ZHt6vXBAIlwAAACMAARAD.jpg,dsoua9awQ96zA43Lqf2KVgAAACMAARAD.jpg,0,219,226
A_iyCnSJYS2eQAAAAAAAAAAAAAAQAAAQ.jpg,A_wDwzTJgE4z0AAAAAAAAAAAAAAQAAAQ.jpg,0,312,103
A_acoIRKkS4KMAAAAAAAAAAAAAAQAAAQ.jpg,A_6xKYQ5BLeRAAAAAAAAAAAAAAAQAAAQ.jpg,0,336,80
A_PIcHTa2SqFsAAAAAAAAAAAAAAQAAAQ.jpg,A_BTGhRL3hvxwAAAAAAAAAAAAAAQAAAQ.jpg,0,284,0
A_KtrxQJE_sIMAAAAAAAAAAAAAAQAAAQ.jpg,A_enA1RrPs6TgAAAAAAAAAAAAAAQAAAQ.jpg,0,33,130
A_bZNnSJorqvMAAAAAAAAAAAAAAQAAAQ.jpg,A_eLCGTJtC0LMAAAAAAAAAAAAAAQAAAQ.jpg,0,231,127
A_lYW0R4XDx60AAAAAAAAAAAAAAQAAAQ.jpg,A_4h3wQKJ5JDUAAAAAAAAAAAAAAQAAAQ.jpg,0,280,212
A__9DkRL2nqzgAAAAAAAAAAAAAAQAAAQ.jpg,A_tFWpS7wqAh0AAAAAAAAAAAAAAQAAAQ.jpg,0,222,39
A_HBC_SqXcNasAAAAAAAAAAAAAAQAAAQ.jpg,A_WPQkRZyeXvoAAAAAAAAAAAAAAQAAAQ.jpg,0,53,273
A__ufMSoUmcLcAAAAAAAAAAAAAAQAAAQ.jpg,A_KYy1R7vQUokAAAAAAAAAAAAAAQAAAQ.jpg,0,163,267
A_IfS8TqroUEgAAAAAAAAAAAAAAQAAAQ.jpg,A2fZWAEeTfWyTqA6MlIezgAAACMAARAD.jpg,0,131,164
A_guRwTo_PyEAAAAAAAAAAAAAAAQAAAQ.jpg,A_YdltQ4U0sNcAAAAAAAAAAAAAAQAAAQ.jpg,0,185,275
A_EBtBR7SR8xIAAAAAAAAAAAAAAQAAAQ.jpg,0RdU88SNSb2s-y4NxFgNfwAAACMAARAD.jpg,0,292,150
A_yhhDQbrQfGd8ld9BhzssNAAAAQAAAQ.jpg,A_5IoZTb3Daq8AAAAAAAAAAAAAAQAAAQ.jpg,0,206,245
A_Fk7aSIVdPRsAAAAAAAAAAAAAAQAAAQ.jpg,A_zjktQp-czbsAAAAAAAAAAAAAAQAAAQ.jpg,0,156,118
A_roDNRZHSdREAAAAAAAAAAAAAAQAAAQ.jpg,A_cdBQTbPmNRcAAAAAAAAAAAAAAQAAAQ.jpg,0,88,154
A_spOYSaQ52GMAAAAAAAAAAAAAAQAAAQ.jpg,A_noVFRIHyvJQAAAAAAAAAAAAAAQAAAQ.jpg,0,262,61
A_eCGwQpnlatEAAAAAAAAAAAAAAQAAAQ.jpg,2A23mcKTRe6iwvdle-DnoQAAACMAARAD.jpg,0,80,349
A_1cY0SJWiw2gAAAAAAAAAAAAAAQAAAQ.jpg,A_RI1UQ5lyw1EAAAAAAAAAAAAAAQAAAQ.jpg,0,249,94
A_Yr4NS4nQky8AAAAAAAAAAAAAAQAAAQ.jpg,A_7dSiR56sjZkAAAAAAAAAAAAAAQAAAQ.jpg,0,281,313
A_BFoHTKmmZckAAAAAAAAAAAAAAQAAAQ.jpg,A_pUauTrONA4lSN5NPuoRqAAAAAQAAAQ.jpg,0,345,318
A_RZTaRK3bJIcAAAAAAAAAAAAAAQAAAQ.jpg,A_Qee6TYh_N0AAAAAAAAAAAAAAAQAAAQ.jpg,0,123,303
A_V9dzTZ0oezwAAAAAAAAAAAAAAQAAAQ.jpg,A_3Gb6Qa923JQAAAAAAAAAAAAAAQAAAQ.jpg,0,235,225
A_gMo-T6IQdv0AAAAAAAAAAAAAAQAAAQ.jpg,A_-iUaTI4TKcgAAAAAAAAAAAAAAQAAAQ.jpg,0,215,16
A_s1uuSboGX58AAAAAAAAAAAAAAQAAAQ.jpg,A_723fTJwuqewAAAAAAAAAAAAAAQAAAQ.jpg,0,171,333
A_uOCiT40f578AAAAAAAAAAAAAAQAAAQ.jpg,A_v2AMTqrkHXgAAAAAAAAAAAAAAQAAAQ.jpg,0,347,163
A_59V-S7ievU8AAAAAAAAAAAAAAQAAAQ.jpg,A_PQ-mQpRZPwgAAAAAAAAAAAAAAQAAAQ.jpg,0,349,35
A_KQwhSbAW-YwAAAAAAAAAAAAAAQAAAQ.jpg,A_zcYfTIvp2lMAAAAAAAAAAAAAAQAAAQ.jpg,0,195,277
A_rZCET7Bcu5YAAAAAAAAAAAAAAQAAAQ.jpg,32oZCggVTXitEpu5VNf6FAAAACMAARAD.jpg,0,143,315
A__pBPR5UaDJ8AAAAAAAAAAAAAAQAAAQ.jpg,A_dxCNSp4IGbAAAAAAAAAAAAAAAQAAAQ.jpg,0,229,172
A_SVMaQLMJtYIAAAAAAAAAAAAAAQAAAQ.jpg,A_P5b9TYwVLCMAAAAAAAAAAAAAAQAAAQ.jpg,0,238,213
A_RaRvSLwdvtQAAAAAAAAAAAAAAQAAAQ.jpg,A_bmExSKHslRkAAAAAAAAAAAAAAQAAAQ.jpg,0,173,14
5-dDbF_HS_O0O2_34lIV9AAAACMAARAD.jpg,A_qWCCR7R42PUAAAAAAAAAAAAAAQAAAQ.jpg,0,186,288
A_AuorQ4yCMh0AAAAAAAAAAAAAAQAAAQ.jpg,A_g9LKSo8QMHyeCIdHtLdTyQAAAQAAAQ.jpg,0,161,173
A_pGBkRrTqPD0AAAAAAAAAAAAAAQAAAQ.jpg,A_2zMUSqlxKlkAAAAAAAAAAAAAAQAAAQ.jpg,0,5,248
A_XHurTYV1xScAAAAAAAAAAAAAAQAAAQ.jpg,A_Vhx1SK59uV8AAAAAAAAAAAAAAQAAAQ.jpg,0,337,341
VhTnM3vfTZ-8xD9trXiLSAAAACMAARAD.jpg,A_CnahQLiQvNQAAAAAAAAAAAAAAQAAAQ.jpg,0,71,51
bFGitjnDRq-tq8QMMSegPgAAACMAARAD.jpg,A_NpaSRqrF3DwAAAAAAAAAAAAAAQAAAQ.jpg,0,70,196
A_r28UTJfMFeoAAAAAAAAAAAAAAQAAAQ.jpg,A_4dqvS7ABM9IAAAAAAAAAAAAAAQAAAQ.jpg,0,224,160
A_WB6uRqwOQD8AAAAAAAAAAAAAAQAAAQ.jpg,A_mELMSZX6_9YAAAAAAAAAAAAAAQAAAQ.jpg,0,245,180
A_eyX9SoPYLnUAAAAAAAAAAAAAAQAAAQ.jpg,A_DJoqQr7L5-IAAAAAAAAAAAAAAQAAAQ.jpg,0,261,36
A_eUwvR77C5UwAAAAAAAAAAAAAAQAAAQ.jpg,A_rphdRInnC2cAAAAAAAAAAAAAAQAAAQ.jpg,0,65,138
A_dxCNSp4IGbAAAAAAAAAAAAAAAQAAAQ.jpg,A_PD58S5qjNQoAAAAAAAAAAAAAAQAAAQ.jpg,0,172,262
A_eKPdQ7NuzWMAAAAAAAAAAAAAAQAAAQ.jpg,A_Sdv3QYReNXkAAAAAAAAAAAAAAQAAAQ.jpg,0,79,250
A_rphdRInnC2cAAAAAAAAAAAAAAQAAAQ.jpg,aa7CED-ZTiSSG_-WFIoMkwAAACMAARAD.jpg,0,138,166
A_bmExSKHslRkAAAAAAAAAAAAAAQAAAQ.jpg,XDjg9OcHR_imQ2hoka747gAAACMAARAD.jpg,0,14,208
A_4b6sSYdVNY4AAAAAAAAAAAAAAQAAAQ.jpg,A_--O-TYvJMXwAAAAAAAAAAAAAAQAAAQ.jpg,0,113,191
A_qcBdQZZoAUcAAAAAAAAAAAAAAQAAAQ.jpg,A_VR95Q4yGMG0AAAAAAAAAAAAAAQAAAQ.jpg,0,110,114
A_SVMaQLMJtYIAAAAAAAAAAAAAAQAAAQ.jpg,A_5dNJRaepYnUAAAAAAAAAAAAAAQAAAQ.jpg,0,238,302
A_aR-qQ6LgCM4AAAAAAAAAAAAAAQAAAQ.jpg,A_Tgc3Sb0KwMEAAAAAAAAAAAAAAQAAAQ.jpg,0,144,340
A_8AsaQ4dMoL0AAAAAAAAAAAAAAQAAAQ.jpg,A_ysxzSpSaAJ0AAAAAAAAAAAAAAQAAAQ.jpg,0,151,66
A__cLMQbU4SS0AAAAAAAAAAAAAAQAAAQ.jpg,A_9TXZTICb-ssAAAAAAAAAAAAAAQAAAQ.jpg,0,184,189
A_rIp5QoMBGOQAAAAAAAAAAAAAAQAAAQ.jpg,A_RU49RpH8I6MAAAAAAAAAAAAAAQAAAQ.jpg,0,53,270
A_AK9lSaWJ_m0AAAAAAAAAAAAAAQAAAQ.jpg,A_AMHwR48il0gAAAAAAAAAAAAAAQAAAQ.jpg,0,296,139
A_lDYjR5tMHXsAAAAAAAAAAAAAAQAAAQ.jpg,A_tTIcQp5givIAAAAAAAAAAAAAAQAAAQ.jpg,0,115,5
A_NDzHTLNzG5MAAAAAAAAAAAAAAQAAAQ.jpg,A_tqW9T6Gr5LAAAAAAAAAAAAAAAQAAAQ.jpg,0,235,110
A_CSAAQqCz9coAAAAAAAAAAAAAAQAAAQ.jpg,A_vdO2RolMKVcAAAAAAAAAAAAAAQAAAQ.jpg,0,117,98
A_DTn9RaIFKaUAAAAAAAAAAAAAAQAAAQ.jpg,CsysDwi5QjeJ03Wvg2F9SAAAACMAARAD.jpg,0,246,99
A_p1e5QJ0g4lgAAAAAAAAAAAAAAQAAAQ.jpg,A_KRefSIqxAhMAAAAAAAAAAAAAAQAAAQ.jpg,0,157,259
A__OQTR7tlKikAAAAAAAAAAAAAAQAAAQ.jpg,XX6adT1pTv6LJ-Njrj_c1wAAACMAARAD.jpg,0,215,219
jV3ehro-TYitsrnBzUlcVgAAACMAARAD.jpg,A_T_ZjQpBDIJEAAAAAAAAAAAAAAQAAAQ.jpg,0,120,183
A_F-Y6SLy3q3kAAAAAAAAAAAAAAQAAAQ.jpg,A_V9dzTZ0oezwAAAAAAAAAAAAAAQAAAQ.jpg,0,127,235
A_gnzFTrJMNnQAAAAAAAAAAAAAAQAAAQ.jpg,xwiaT4SHTLGOVAZCtHq9yQAAACMAARAD.jpg,0,232,27
A_gvZqQKxzVa4AAAAAAAAAAAAAAQAAAQ.jpg,hoWp7-3lQi-3jCssfpyVaAAAACMAARAD.jpg,0,200,166
A_QvWcTaeceMIAAAAAAAAAAAAAAQAAAQ.jpg,A_W9fQSKt4JzUAAAAAAAAAAAAAAQAAAQ.jpg,0,69,95
A_WFX-R60X0GEAAAAAAAAAAAAAAQAAAQ.jpg,A_ZQs8RZuoJBoAAAAAAAAAAAAAAQAAAQ.jpg,0,62,232
A_aOn9RpOdtFIAAAAAAAAAAAAAAQAAAQ.jpg,A_xK0XQo9bd_wAAAAAAAAAAAAAAQAAAQ.jpg,0,172,143
A_Pgp4TYloAOwAAAAAAAAAAAAAAQAAAQ.jpg,A_Fk7aSIVdPRsAAAAAAAAAAAAAAQAAAQ.jpg,0,281,156
A_uSLAQKtJDr4AAAAAAAAAAAAAAQAAAQ.jpg,A_OgM_S7d4Lu0AAAAAAAAAAAAAAQAAAQ.jpg,0,179,163
ZyHG3kTpSISXJaNBidsZFQAAACMAARAD.jpg,A_VNPxS4voAo4AAAAAAAAAAAAAAQAAAQ.jpg,0,238,49
A_VSHyQ5E3b6kAAAAAAAAAAAAAAQAAAQ.jpg,A_XQs-QoHKkXEAAAAAAAAAAAAAAQAAAQ.jpg,0,8,217
A_qDygQaMbmCsAAAAAAAAAAAAAAQAAAQ.jpg,O1CN01i3vtpY1iOA4ELUKNq_!!0-mtopupload.jpg,0,119,22
A_FraFT4NK-OwAAAAAAAAAAAAAAQAAAQ.jpg,ZHZk4AZQS--WR22W_HmhtwAAACMAARAD.jpg,0,204,109
A_D-WxSLxg0XwAAAAAAAAAAAAAAQAAAQ.jpg,A_FhkKRo6fxbsAAAAAAAAAAAAAAQAAAQ.jpg,0,127,258
A_8gUmSoxIHOIAAAAAAAAAAAAAAQAAAQ.jpg,A_Q2ygQ7cJQygAAAAAAAAAAAAAAQAAAQ.jpg,0,65,276
A_WRZPRYHu6xsAAAAAAAAAAAAAAQAAAQ.jpg,bFGitjnDRq-tq8QMMSegPgAAACMAARAD.jpg,0,106,70
A_SUhQQqbmlOwAAAAAAAAAAAAAAQAAAQ.jpg,HekMXIAUTl2HXeAFu4VTAgAAACMAARAD.jpg,0,168,164
imqELfCBQ0anyzmOWFa77wAAACMAARAD.jpg,A_C1q8QJNLNrEAAAAAAAAAAAAAAQAAAQ.jpg,0,128,336
A_8wJfSLcHUG4AAAAAAAAAAAAAAQAAAQ.jpg,A_stmPT54njmIU_RNLpIBqvAAAAQAAAQ.jpg,0,12,147
RZ0pi9gnRguCbwW_2IFLegAAACMAARAD.jpg,A_ZX7pT4uWMgsAAAAAAAAAAAAAAQAAAQ.jpg,0,315,268
A_4COnRIftFtkAAAAAAAAAAAAAAQAAAQ.jpg,A_SXGPT6VlGv0AAAAAAAAAAAAAAQAAAQ.jpg,0,104,15
A_d1iSRoW_qgQAAAAAAAAAAAAAAQAAAQ.jpg,A_vzFyQL-m9f0AAAAAAAAAAAAAAQAAAQ.jpg,0,18,11
A_9Wo1SqHv_yIAAAAAAAAAAAAAAQAAAQ.jpg,A_Va1UTrmeizMAAAAAAAAAAAAAAQAAAQ.jpg,0,313,17
WONvMSM7TiuLnaBmvKNEiAAAACMAARAD.jpg,VhTnM3vfTZ-8xD9trXiLSAAAACMAARAD.jpg,0,155,71
a_y5GjiXSBqOEP8KG75kswAAACMAARED.jpg,A_o8ipRYjXiXQAAAAAAAAAAAAAAQAAAQ.jpg,0,174,176
A_jcJHTp85KP1kygxCgRGH9AAAAQAAAQ.jpg,A_z-jkQpRk3FkAAAAAAAAAAAAAAQAAAQ.jpg,0,64,135
A_L9_gSaoQ_w8AAAAAAAAAAAAAAQAAAQ.jpg,A_kJ_2RJ5mMIMAAAAAAAAAAAAAAQAAAQ.jpg,0,234,32
A_7uWzQaplAc4AAAAAAAAAAAAAAQAAAQ.jpg,8quPjI33SE-iyYx4UOnjkQAAACMAARAD.jpg,0,260,68
A_JVqvTaADYeMAAAAAAAAAAAAAAQAAAQ.jpg,A_5BrdQ7yMxs4AAAAAAAAAAAAAAQAAAQ.jpg,0,123,213
A_GdTOQ6xnzZMAAAAAAAAAAAAAAQAAAQ.jpg,A_FhkKRo6fxbsAAAAAAAAAAAAAAQAAAQ.jpg,0,342,258
A_M2dJTrQsL7gAAAAAAAAAAAAAAQAAAQ.jpg,A_2n3hQr-JmJQAAAAAAAAAAAAAAQAAAQ.jpg,0,167,16
A_DC12To5UBZwAAAAAAAAAAAAAAQAAAQ.jpg,HMN8oNTtTIaofpt7eRl3dwAAACMAARAD.jpg,0,23,208
A__QqmTIAyqmIAAAAAAAAAAAAAAQAAAQ.jpg,A_stIeTZ6xLSQAAAAAAAAAAAAAAQAAAQ.jpg,0,211,172
A_HlrvTLj4tU8AAAAAAAAAAAAAAQAAAQ.jpg,A_hqBxRo7pAs4AAAAAAAAAAAAAAQAAAQ.jpg,0,289,167
A_6r0MSZSuGksAAAAAAAAAAAAAAQAAAQ.jpg,A_jejVTopHAJoAAAAAAAAAAAAAAQAAAQ.jpg,0,262,194
A_82BHQ5VJpoQAAAAAAAAAAAAAAQAAAQ.jpg,A_GWDtRJ-PEYIAAAAAAAAAAAAAAQAAAQ.jpg,0,326,142
A_hB7UQZ1wHGQAAAAAAAAAAAAAAQAAAQ.jpg,A_0d9RQp7aDvQAAAAAAAAAAAAAAQAAAQ.jpg,0,183,318
A_osC4T6WDCO8AAAAAAAAAAAAAAQAAAQ.jpg,A_3hHGTIRrcnwAAAAAAAAAAAAAAQAAAQ.jpg,0,202,9
A_Nz6LSIyEYioAAAAAAAAAAAAAAQAAAQ.jpg,A_BT-TSJ2u3kMAAAAAAAAAAAAAAQAAAQ.jpg,0,97,279
A_ffXuTIdlCWcAAAAAAAAAAAAAAQAAAQ.jpg,A_S4LDTLYmuK0AAAAAAAAAAAAAAQAAAQ.jpg,0,151,36
J1O8TQTwTPSajGqg9HcALwAAACMAARAD.jpg,A_BbMtSbuC4rkAAAAAAAAAAAAAAQAAAQ.jpg,0,192,259
A_r0rxRqzUNowAAAAAAAAAAAAAAQAAAQ.jpg,A_RU49RpH8I6MAAAAAAAAAAAAAAQAAAQ.jpg,0,241,270
A_dmmqQrIoeIMAAAAAAAAAAAAAAQAAAQ.jpg,A_jcJHTp85KP0AAAAAAAAAAAAAAQAAAQ.jpg,0,279,64
A_82BHQ5VJpoQAAAAAAAAAAAAAAQAAAQ.jpg,A_Rh_cT7z_w7wAAAAAAAAAAAAAAQAAAQ.jpg,0,326,17
nJgaXjMbQz6gOoKCxrXfQAAAACMAARAD.jpg,A_bjTUS6o38jQAAAAAAAAAAAAAAQAAAQ.jpg,0,71,103
A_h0UnRoWDbBQAAAAAAAAAAAAAAQAAAQ.jpg,A_HngbSJVJVYUAAAAAAAAAAAAAAQAAAQ.jpg,0,181,112
A_60h2TaONPo8AAAAAAAAAAAAAAQAAAQ.jpg,A_gOJ8T7kQaDgAAAAAAAAAAAAAAQAAAQ.jpg,0,37,3
A_--O-TYvJMXwAAAAAAAAAAAAAAQAAAQ.jpg,A_IOFuS4ljD_MAAAAAAAAAAAAAAQAAAQ.jpg,0,191,57
A_EVAPRrwpj30AAAAAAAAAAAAAAQAAAQ.jpg,A_Aw59RY7js60AAAAAAAAAAAAAAQAAAQ.jpg,0,46,5
A_XTPLTJ9RiO4AAAAAAAAAAAAAAQAAAQ.jpg,A_dOGsSqcc4psAAAAAAAAAAAAAAQAAAQ.jpg,0,325,239
A_Tq4LQ449vfgAAAAAAAAAAAAAAQAAAQ.jpg,A_7dttRYIKAKQAAAAAAAAAAAAAAQAAAQ.jpg,0,269,116
A_lYW0R4XDx60AAAAAAAAAAAAAAQAAAQ.jpg,A_K3lrQrI1-gIAAAAAAAAAAAAAAQAAAQ.jpg,0,280,334
A_ZLTNQ5wA3ncNnJxCvdxuZQAAAQAAAQ.jpg,A_TA9aSIHyoewAAAAAAAAAAAAAAQAAAQ.jpg,0,63,139
A_OQeoS4r3iwoAAAAAAAAAAAAAAQAAAQ.jpg,A_8qvqS61s-g4AAAAAAAAAAAAAAQAAAQ.jpg,0,284,332
A_mVW5RI4asboAAAAAAAAAAAAAAQAAAQ.jpg,A_lMdgRabNaFYAAAAAAAAAAAAAAQAAAQ.jpg,0,255,75
A_SVMaQLMJtYIAAAAAAAAAAAAAAQAAAQ.jpg,A_rrfrRI4sTLIAAAAAAAAAAAAAAQAAAQ.jpg,0,238,52
jljP-9JORDyajV3g_xwG_wAAACMAARAD.jpg,A_V9dzTZ0oezwAAAAAAAAAAAAAAQAAAQ.jpg,0,129,235
A_T2lFRJy5a2gAAAAAAAAAAAAAAQAAAQ.jpg,A_gMo-T6IQdv0AAAAAAAAAAAAAAQAAAQ.jpg,0,28,215
A_A29dTpQ8IOwAAAAAAAAAAAAAAQAAAQ.jpg,A_1328TKphdQgAAAAAAAAAAAAAAQAAAQ.jpg,0,124,30
A_h0e0SItXSKwAAAAAAAAAAAAAAQAAAQ.jpg,A_TiDfT7B8BmwAAAAAAAAAAAAAAQAAAQ.jpg,0,289,152
A_hwdWQq75_mQAAAAAAAAAAAAAAQAAAQ.jpg,A_p01WSpLvktkAAAAAAAAAAAAAAQAAAQ.jpg,0,7,136
A_DAaRSIZ4OM0AAAAAAAAAAAAAAQAAAQ.jpg,A_PXh2Q7BkVC0AAAAAAAAAAAAAAQAAAQ.jpg,0,301,122
A_JFQFRqCRuouu-ldCkHSAIAAAAQAAAQ.jpg,A_HdTBQ4sX5vwAAAAAAAAAAAAAAQAAAQ.jpg,0,68,195
A_H2d7SazIiaAAAAAAAAAAAAAAAQAAAQ.jpg,eQT1_8OmRpKNZ41LUV90mQAAACMAARAD.jpg,0,73,6
A_29WIRrT3Pg4AAAAAAAAAAAAAAQAAAQ.jpg,A_OssPT5JNclsAAAAAAAAAAAAAAQAAAQ.jpg,0,75,269
A_ACqjTY_SpjgAAAAAAAAAAAAAAQAAAQ.jpg,A_Hu1zSa0hFccAAAAAAAAAAAAAAQAAAQ.jpg,0,256,187
A_Ah0RSqD5FGsAAAAAAAAAAAAAAQAAAQ.jpg,A_Hu1zSa0hFcdm4cpMozBtlgAAAQAAAQ.jpg,0,118,187
40cC6HWzRva34jaC_YZZAwAAACMAARED.jpg,A_q7aRSpBENVQAAAAAAAAAAAAAAQAAAQ.jpg,0,128,12
A__53oQqKI9vwAAAAAAAAAAAAAAQAAAQ.jpg,A_DpAcQ6ZefVMAAAAAAAAAAAAAAQAAAQ.jpg,0,340,246
A_P-NXTr4se6gAAAAAAAAAAAAAAQAAAQ.jpg,A_SHknSoOqca0AAAAAAAAAAAAAAQAAAQ.jpg,0,233,161
A_TLSkT501MYQAAAAAAAAAAAAAAQAAAQ.jpg,A_I8uqQ7SlDm0AAAAAAAAAAAAAAQAAAQ.jpg,0,325,271
A_SWT7TpEfSXoAAAAAAAAAAAAAAQAAAQ.jpg,A_rphdRInnC2cAAAAAAAAAAAAAAQAAAQ.jpg,0,257,138
A_LSiaQrNCrMkAAAAAAAAAAAAAAQAAAQ.jpg,A_J9o_QJCEnBQAAAAAAAAAAAAAAQAAAQ.jpg,0,253,94
A_bv-GT6sWBVEAAAAAAAAAAAAAAQAAAQ.jpg,A_I0duQIGPqIUAAAAAAAAAAAAAAQAAAQ.jpg,0,254,187
A_H9sqSpSYeukAAAAAAAAAAAAAAQAAAQ.jpg,A_03AFSaoCIYMAAAAAAAAAAAAAAQAAAQ.jpg,0,105,184
A_rphdRInnC2cAAAAAAAAAAAAAAQAAAQ.jpg,A_0ZuNSaLNy7EAAAAAAAAAAAAAAQAAAQ.jpg,0,138,156
A_vbu_TpWL6WUAAAAAAAAAAAAAAQAAAQ.jpg,A_dfRbQI26OtwAAAAAAAAAAAAAAQAAAQ.jpg,0,305,58
A_XHurTYV1xScAAAAAAAAAAAAAAQAAAQ.jpg,7ACCezYsSqiEz-zehRjeGAAAACMAARAD.jpg,0,337,310
A_30HzTpg2gJoAAAAAAAAAAAAAAQAAAQ.jpg,A_-bFhSYWyHW8AAAAAAAAAAAAAAQAAAQ.jpg,0,217,108
A_CXMsQL5lJd8AAAAAAAAAAAAAAQAAAQ.jpg,A_NloJTpjGmzgAAAAAAAAAAAAAAQAAAQ.jpg,0,246,62
A_BUCBRov7kcoAAAAAAAAAAAAAAQAAAQ.jpg,kVx_E1ohTniMFhLQU_YaagAAACMAARAD.jpg,0,170,316
A_20a-RY7U9B0AAAAAAAAAAAAAAQAAAQ.jpg,A_GDdvSZPa7M0AAAAAAAAAAAAAAQAAAQ.jpg,0,21,343
tk4mOGEERLCxkiRM1WOXuwAAACMAARAD.jpg,A_sEMKS4Zum5UAAAAAAAAAAAAAAQAAAQ.jpg,0,211,273
YKrsyS6qRZ-rCTySE0CuoAAAACMAARAD.jpg,A_60h2TaONPo8AAAAAAAAAAAAAAQAAAQ.jpg,0,107,37
A_n4mzQqZYsskAAAAAAAAAAAAAAQAAAQ.jpg,A_yhhDQbrQfGd8ld9BhzssNAAAAQAAAQ.jpg,0,131,206
A_UGBKSZHI2xkAAAAAAAAAAAAAAQAAAQ.jpg,A_icEHSLdCQo8AAAAAAAAAAAAAAQAAAQ.jpg,0,43,124
A_437OSrredWUAAAAAAAAAAAAAAQAAAQ.jpg,A_wNo8Squ-ZpAAAAAAAAAAAAAAAQAAAQ.jpg,0,271,8
A_m6o3TaR9GfMAAAAAAAAAAAAAAQAAAQ.jpg,A_Zq-wSaT7ot8AAAAAAAAAAAAAAQAAAQ.jpg,0,304,1
A_q3NGSb8R88wAAAAAAAAAAAAAAQAAAQ.jpg,A_wI14S5Qnc-kAAAAAAAAAAAAAAQAAAQ.jpg,0,253,58
A_2nNMSZOEYsQAAAAAAAAAAAAAAQAAAQ.jpg,A_0RXtQrcbVQMAAAAAAAAAAAAAAQAAAQ.jpg,0,349,223
A_BTUkT4Eo6pQAAAAAAAAAAAAAAQAAAQ.jpg,A_AQhlTojyuDEAAAAAAAAAAAAAAQAAAQ.jpg,0,266,231
A_dmmqQrIoeIMAAAAAAAAAAAAAAQAAAQ.jpg,A_f93rT43JBg0AAAAAAAAAAAAAAQAAAQ.jpg,0,279,102
A_Saa1T617BOoAAAAAAAAAAAAAAQAAAQ.jpg,A_qL1DQ52JFAsAAAAAAAAAAAAAAQAAAQ.jpg,0,103,44
A_3JWtT62FzhAAAAAAAAAAAAAAAQAAAQ.jpg,A_YQOgTaaY1XgAAAAAAAAAAAAAAQAAAQ.jpg,0,290,60
A_ywmfQoWVLnUAAAAAAAAAAAAAAQAAAQ.jpg,A_00wGQ6p8j_UAAAAAAAAAAAAAAQAAAQ.jpg,0,78,214
elFmGazMSCiTA9cBKwcuMwAAACMAARAD.jpg,A_29ykT6cSV_gAAAAAAAAAAAAAAQAAAQ.jpg,0,327,247
A_TfvQTrtOPDQAAAAAAAAAAAAAAQAAAQ.jpg,A_wMMDQIdbntYV1_RPvr7IlAAAAQAAAQ.jpg,0,243,63
A_lzVvRL-LTpYAAAAAAAAAAAAAAQAAAQ.jpg,A_b8rTTZnRnF8AAAAAAAAAAAAAAQAAAQ.jpg,0,225,172
A_begRQ7mAMWEAAAAAAAAAAAAAAQAAAQ.jpg,A_rsioTJ5AOrcAAAAAAAAAAAAAAQAAAQ.jpg,0,82,9
A_CnahQLiQvNQAAAAAAAAAAAAAAQAAAQ.jpg,A_TwpZTY7QUIUAAAAAAAAAAAAAAQAAAQ.jpg,0,51,91
A_B17tQL9G7GBxlR5AvcHBegAAAQAAAQ.jpg,A_viZgTZtLdIkAAAAAAAAAAAAAAQAAAQ.jpg,0,331,311
A_DOgCRJB2qgIAAAAAAAAAAAAAAQAAAQ.jpg,A_5GYYRZ6SqLkAAAAAAAAAAAAAAQAAAQ.jpg,0,339,270
A_rrfrRI4sTLIAAAAAAAAAAAAAAQAAAQ.jpg,A_NnDDQ68F5F8AAAAAAAAAAAAAAQAAAQ.jpg,0,52,146
A_Fe62T5TAJ7UAAAAAAAAAAAAAAQAAAQ.jpg,A_EtEwQb8aGLUAAAAAAAAAAAAAAQAAAQ.jpg,0,277,46
A_0SWCTYxPcBoAAAAAAAAAAAAAAQAAAQ.jpg,A_-iUaTI4TKcgAAAAAAAAAAAAAAQAAAQ.jpg,0,156,16
A_OgM_S7d4Lu0AAAAAAAAAAAAAAQAAAQ.jpg,A_0WXUTLnvAfUAAAAAAAAAAAAAAQAAAQ.jpg,0,163,77
A_qL1DQ52JFAsAAAAAAAAAAAAAAQAAAQ.jpg,A_z_sFRp0sqQIAAAAAAAAAAAAAAQAAAQ.jpg,0,44,168
A_ACqjTY_SpjgAAAAAAAAAAAAAAQAAAQ.jpg,T3Ow5yM2ThqSP6KFh8RfwAAAACMAARAD.jpg,0,256,282
A_6h2TSpG2xLAAAAAAAAAAAAAAAQAAAQ.jpg,A_OGJ2Sr0EVdYAAAAAAAAAAAAAAQAAAQ.jpg,0,328,220
A_VPDvSqwWeHQAAAAAAAAAAAAAAQAAAQ.jpg,A_k6J1RpHE-uEAAAAAAAAAAAAAAQAAAQ.jpg,0,287,131
A_rrfrRI4sTLIAAAAAAAAAAAAAAQAAAQ.jpg,A_0RBhTJcWtikAAAAAAAAAAAAAAQAAAQ.jpg,0,52,270
A_mVW5RI4asboAAAAAAAAAAAAAAQAAAQ.jpg,A_6tRLRIMlZcAAAAAAAAAAAAAAAQAAAQ.jpg,0,255,119
A_OVixS5gitWkAAAAAAAAAAAAAAQAAAQ.jpg,p_poUnC6T06GTFnucmRJSwAAACMAARAD.jpg,0,118,307
A_dLjnR7Wqd6IAAAAAAAAAAAAAAQAAAQ.jpg,A_Jz60TodhpGjXzl5IpWUeAQAAAQAAAQ.jpg,0,17,99
A_wMMDQIdbntYAAAAAAAAAAAAAAQAAAQ.jpg,i9DxLNTFRVa_ErPFgVJ3uAAAACMAARAD.jpg,0,63,327
A_ZLO-T6B44-QAAAAAAAAAAAAAAQAAAQ.jpg,A_osC4T6WDCO8AAAAAAAAAAAAAAQAAAQ.jpg,0,138,202
1u5RC96DSSGhP-caETvXfQAAACMAARAD.jpg,A_ytKZR43YYx0AAAAAAAAAAAAAAQAAAQ.jpg,0,177,330
A_24StS7TQoCsAAAAAAAAAAAAAAQAAAQ.jpg,A__z-iTZs2YvEAAAAAAAAAAAAAAQAAAQ.jpg,0,329,14
A_zKqLQoDmJo0AAAAAAAAAAAAAAQAAAQ.jpg,A_iFNfS4GsUIAAAAAAAAAAAAAAAQAAAQ.jpg,0,272,204
A_mbl_QJe6wqwAAAAAAAAAAAAAAQAAAQ.jpg,A_h0e0SItXSKwAAAAAAAAAAAAAAQAAAQ.jpg,0,168,289
A_Hi3cQLCHj2wAAAAAAAAAAAAAAQAAAQ.jpg,A_mbl_QJe6wqwAAAAAAAAAAAAAAQAAAQ.jpg,0,297,168
A_SWT7TpEfSXoAAAAAAAAAAAAAAQAAAQ.jpg,A_ZPyVR5KHewAAAAAAAAAAAAAAAQAAAQ.jpg,0,257,314
A__pBPR5UaDJ8AAAAAAAAAAAAAAQAAAQ.jpg,A_yaQwRrApyMQAAAAAAAAAAAAAAQAAAQ.jpg,0,229,276
A_ACqjTY_SpjgAAAAAAAAAAAAAAQAAAQ.jpg,A__-5CSqwIXuQAAAAAAAAAAAAAAQAAAQ.jpg,0,256,255
A_7TWPT4_hkwwAAAAAAAAAAAAAAQAAAQ.jpg,A_IfS8TqroUEgAAAAAAAAAAAAAAQAAAQ.jpg,0,345,131
A_m_SBTJ0x4UgAAAAAAAAAAAAAAQAAAQ.jpg,A_HXWXTZxti_gAAAAAAAAAAAAAAQAAAQ.jpg,0,309,311
A_fbzVQ5muvQIAAAAAAAAAAAAAAQAAAQ.jpg,A_PLpYQbchnYsAAAAAAAAAAAAAAQAAAQ.jpg,0,77,7
A_olotS4XoJFkAAAAAAAAAAAAAAQAAAQ.jpg,A_Jt0NQ7kxnNgAAAAAAAAAAAAAAQAAAQ.jpg,0,124,314
zQs0kBsAS2mS20h_2hp37AAAACMAARAD.jpg,A_PLH0TI0npUYAAAAAAAAAAAAAAQAAAQ.jpg,0,316,294
A_5TYSRLGnvfEAAAAAAAAAAAAAAQAAAQ.jpg,A_wSWmTr7_FucAAAAAAAAAAAAAAQAAAQ.jpg,0,214,302
OjXGrQwIRLe0jn5ENTl1XwAAACMAARAD.jpg,A_b-8qRr28s_QAAAAAAAAAAAAAAQAAAQ.jpg,0,291,130
A_stIeTZ6xLSQAAAAAAAAAAAAAAQAAAQ.jpg,A_K-1tRZOChRUAAAAAAAAAAAAAAQAAAQ.jpg,0,172,181
A_SsVBRJzukC8AAAAAAAAAAAAAAQAAAQ.jpg,g1oOHJOvS4qxd5DGYu64FgAAACMAARAD.jpg,0,308,208
A_ob2HSriDloEAAAAAAAAAAAAAAQAAAQ.jpg,A_zd7bSJAblkwAAAAAAAAAAAAAAQAAAQ.jpg,0,236,342
A_ngf3S4H6_NkAAAAAAAAAAAAAAQAAAQ.jpg,A_5TYSRLGnvfEAAAAAAAAAAAAAAQAAAQ.jpg,0,231,214
A_jReTTbRAdgMAAAAAAAAAAAAAAQAAAQ.jpg,hc_8dM3TTzeQxx1wn6w2ogAAACMAARAD.jpg,0,332,128
A_kPvdTbagJ9MAAAAAAAAAAAAAAQAAAQ.jpg,A_-sFNQYiDmkoAAAAAAAAAAAAAAQAAAQ.jpg,0,8,23
A_Rc01QbuRw5YAAAAAAAAAAAAAAQAAAQ.jpg,A_ycyzRpZPTpUAAAAAAAAAAAAAAQAAAQ.jpg,0,136,245
A_NDzHTLNzG5MAAAAAAAAAAAAAAQAAAQ.jpg,A_A29dTpQ8IOwAAAAAAAAAAAAAAQAAAQ.jpg,0,235,124
A_h0e0SItXSKwAAAAAAAAAAAAAAQAAAQ.jpg,A_fR07TIw_Lx0AAAAAAAAAAAAAAQAAAQ.jpg,0,289,37
A_92a6Tq_Mr68AAAAAAAAAAAAAAQAAAQ.jpg,uxwfx91iR5GKZanJd9Z42wAAACMAARAD.jpg,0,175,174
A_C1q8QJNLNrEAAAAAAAAAAAAAAQAAAQ.jpg,A_Kg8hQIvTubMAAAAAAAAAAAAAAQAAAQ.jpg,0,336,144
A_gOJ8T7kQaDgAAAAAAAAAAAAAAQAAAQ.jpg,A_VVyqSqssGX8AAAAAAAAAAAAAAQAAAQ.jpg,0,3,110
A_k02wRqflDJcAAAAAAAAAAAAAAQAAAQ.jpg,A_Hu1zSa0hFcdm4cpMozBtlgAAAQAAAQ.jpg,0,328,187
VH_MJsWWTsmHaQP-fiUEjwAAACMAARAD.jpg,A_fDM3T7_Er0wAAAAAAAAAAAAAAQAAAQ.jpg,0,56,21
A_LEfrSbQwIUwAAAAAAAAAAAAAAQAAAQ.jpg,A_nw_7QLxh6h4AAAAAAAAAAAAAAQAAAQ.jpg,0,101,271
A_r5lyTqEh9NQAAAAAAAAAAAAAAQAAAQ.jpg,lk6TjulLSlK2EtPG2bOT1wAAACMAARAD.jpg,0,170,323
A_2PylSJ1j8RIAAAAAAAAAAAAAAQAAAQ.jpg,A_LKyVRYb174gAAAAAAAAAAAAAAQAAAQ.jpg,0,191,203
A_b2ToRI08f5UAAAAAAAAAAAAAAQAAAQ.jpg,A_4ZfXQLOWYBsAAAAAAAAAAAAAAQAAAQ.jpg,0,290,97
A_j72ARLb_6boAAAAAAAAAAAAAAQAAAQ.jpg,w3FwASvhSDy_zI6aKPh33gAAACMAARAD.jpg,0,161,327
A_eQMGQYpNRSIAAAAAAAAAAAAAAQAAAQ.jpg,A_76m-RZH9-rYAAAAAAAAAAAAAAQAAAQ.jpg,0,41,239
A__MyoS6tXD44AAAAAAAAAAAAAAQAAAQ.jpg,A_jlGaToiTR1cAAAAAAAAAAAAAAQAAAQ.jpg,0,86,298
A_Z7bIS7KQQFUAAAAAAAAAAAAAAQAAAQ.jpg,A_wSWmTr7_FucAAAAAAAAAAAAAAQAAAQ.jpg,0,83,302
Sz6t1kxuSjqrB9PpBED6oAAAACMAARED.jpg,A_M9P2TpZaQRMAAAAAAAAAAAAAAQAAAQ.jpg,0,54,275
PWdM972oTLS4wJJ319jekgAAACMAARED.jpg,A_56etSoqz9lkAAAAAAAAAAAAAAQAAAQ.jpg,0,321,124
A_20a-RY7U9B0AAAAAAAAAAAAAAQAAAQ.jpg,A_1WHrSb70BwYAAAAAAAAAAAAAAQAAAQ.jpg,0,21,347
f4a1-1TxSRStvQAki3vjjQAAACMAARAD.jpg,A_gCrJTKWF4KgAAAAAAAAAAAAAAQAAAQ.jpg,0,150,117
A_JZpaTZWaJs8AAAAAAAAAAAAAAQAAAQ.jpg,A_tZlpQLPXXpQAAAAAAAAAAAAAAQAAAQ.jpg,0,62,84
A_ZytaRL6DIcQAAAAAAAAAAAAAAQAAAQ.jpg,A_pZKQQ6RiMPMAAAAAAAAAAAAAAQAAAQ.jpg,0,138,266
A_dZG9Q4576q8AAAAAAAAAAAAAAQAAAQ.jpg,2G8MIAaDRluIS-ucQOWdigAAACMAARAD.jpg,0,183,54
A_2zQ8SKw0HmwAAAAAAAAAAAAAAQAAAQ.jpg,A_D5prT4UpL5EAAAAAAAAAAAAAAQAAAQ.jpg,0,119,87
A_acoIRKkS4KMAAAAAAAAAAAAAAQAAAQ.jpg,UB-NZRT8SxapdoqCNWuvvAAAACMAARAD.jpg,0,336,211
A_rGSuTZXVuRUAAAAAAAAAAAAAAQAAAQ.jpg,A_Bwx0RKWjg0sAAAAAAAAAAAAAAQAAAQ.jpg,0,2,270
A_5RnLQp7mKNsAAAAAAAAAAAAAAQAAAQ.jpg,A_JywcTrmEceIAAAAAAAAAAAAAAQAAAQ.jpg,0,130,266
A_D9o9T7zICSYbaeZMlwxEKQAAAQAAAQ.jpg,g1oOHJOvS4qxd5DGYu64FgAAACMAARAD.jpg,0,113,208
A_0eHqSotZJB4AAAAAAAAAAAAAAQAAAQ.jpg,A_RPqaQYB6kjQAAAAAAAAAAAAAAQAAAQ.jpg,0,126,168
A_DkWtQphhpucAAAAAAAAAAAAAAQAAAQ.jpg,A_-fGnSJLpn7kAAAAAAAAAAAAAAQAAAQ.jpg,0,195,273
A_VNPxS4voAo4AAAAAAAAAAAAAAQAAAQ.jpg,A_AgMeSbS1YrMAAAAAAAAAAAAAAQAAAQ.jpg,0,49,169
A_qiavTY4V5OwAAAAAAAAAAAAAAQAAAQ.jpg,A_xl9CQIhvmFsAAAAAAAAAAAAAAQAAAQ.jpg,0,45,313
A_7YkuQ4_prsMAAAAAAAAAAAAAAQAAAQ.jpg,A_gaFyQKDOiR8AAAAAAAAAAAAAAQAAAQ.jpg,0,117,35
A_GGwZR7_S7yYAAAAAAAAAAAAAAQAAAQ.jpg,A_hdpuRLEj1idQCwdMtulO4QAAAQAAAQ.jpg,0,55,326
A_aA69SpvZhQQAAAAAAAAAAAAAAQAAAQ.jpg,A_YzaKT4AwIvIAAAAAAAAAAAAAAQAAAQ.jpg,0,311,26
A_xl9CQIhvmFsAAAAAAAAAAAAAAQAAAQ.jpg,A_vcbAQrSa0GIAAAAAAAAAAAAAAQAAAQ.jpg,0,313,222
RJaJONp-R9-6Wg29qPh_MQAAACMAARAD.jpg,A__cLMQbU4SS0AAAAAAAAAAAAAAQAAAQ.jpg,0,348,184
A_cUEKTLA6SR4AAAAAAAAAAAAAAQAAAQ.jpg,A_FOIbSaYkQ0MAAAAAAAAAAAAAAQAAAQ.jpg,0,312,80
A_Ah0RSqD5FGsAAAAAAAAAAAAAAQAAAQ.jpg,njtY4KL6SaGt4JXiaTK7hgAAACMAARAD.jpg,0,118,238
A_92a6Tq_Mr68AAAAAAAAAAAAAAQAAAQ.jpg,A_2SYrSID-5CkAAAAAAAAAAAAAAQAAAQ.jpg,0,175,181
A_KtrxQJE_sIMAAAAAAAAAAAAAAQAAAQ.jpg,A_BTUkT4Eo6pQAAAAAAAAAAAAAAQAAAQ.jpg,0,33,266
A_qE1fTpJ19QIAAAAAAAAAAAAAAQAAAQ.jpg,A_eLCGTJtC0LMAAAAAAAAAAAAAAQAAAQ.jpg,0,144,127
A_FraFT4NK-OwAAAAAAAAAAAAAAQAAAQ.jpg,A__MyoS6tXD44AAAAAAAAAAAAAAQAAAQ.jpg,0,204,86
A_i8kmSqzWZtEAAAAAAAAAAAAAAQAAAQ.jpg,A_X04IS5gYN1UAAAAAAAAAAAAAAQAAAQ.jpg,0,284,102
A_I8uqQ7SlDm0AAAAAAAAAAAAAAQAAAQ.jpg,A_GFTOSYiPrqYAAAAAAAAAAAAAAQAAAQ.jpg,0,271,244
A_k6FNQbcqp4YAAAAAAAAAAAAAAQAAAQ.jpg,A_xTY-S4O2kyYAAAAAAAAAAAAAAQAAAQ.jpg,0,143,333
O1CN017Zqu3U1WkLrs8drP0_!!0-mtopupload.jpg,A_8RO8SZ_cRhQAAAAAAAAAAAAAAQAAAQ.jpg,0,22,303
VhTnM3vfTZ-8xD9trXiLSAAAACMAARAD.jpg,A_Cx8AT5HA35gAAAAAAAAAAAAAAQAAAQ.jpg,0,71,140
A__5f3Qa27j5YAAAAAAAAAAAAAAQAAAQ.jpg,A__9DkRL2nqzgAAAAAAAAAAAAAAQAAAQ.jpg,0,277,222
A_nvhUSpQWokYAAAAAAAAAAAAAAQAAAQ.jpg,A_-YHERL8k2FUAAAAAAAAAAAAAAQAAAQ.jpg,0,203,83
A_OwX6S7nJKi4AAAAAAAAAAAAAAQAAAQ.jpg,A_4h3wQKJ5JDUAAAAAAAAAAAAAAQAAAQ.jpg,0,220,212
A_FAjZTYOIvbUAAAAAAAAAAAAAAQAAAQ.jpg,A_wsMpQbMfJyAAAAAAAAAAAAAAAQAAAQ.jpg,0,57,125
A_D5vXRpubIH4AAAAAAAAAAAAAAQAAAQ.jpg,A_m0WPTqxk5q8AAAAAAAAAAAAAAQAAAQ.jpg,0,154,226
A_VW4rTbmlHh8AAAAAAAAAAAAAAQAAAQ.jpg,i9DxLNTFRVa_ErPFgVJ3uAAAACMAARAD.jpg,0,336,327
A_mFe3QKV54XcAAAAAAAAAAAAAAQAAAQ.jpg,A_UIM0T5DUSJMAAAAAAAAAAAAAAQAAAQ.jpg,0,185,24
A_7mlCRqiHNywAAAAAAAAAAAAAAQAAAQ.jpg,HqDGqYKiSIyabK5pfkisgQAAACMAARAD.jpg,0,215,164
A_E-xxRLjoDi0AAAAAAAAAAAAAAQAAAQ.jpg,1u5RC96DSSGhP-caETvXfQAAACMAARAD.jpg,0,115,177
A_pgK-T52w7eYAAAAAAAAAAAAAAQAAAQ.jpg,A_1Sm2RrE0saQAAAAAAAAAAAAAAQAAAQ.jpg,0,172,95
A_Kg8hQIvTubMAAAAAAAAAAAAAAQAAAQ.jpg,A_pUauTrONA4lSN5NPuoRqAAAAAQAAAQ.jpg,0,144,318
A_meIyTZfLrbEAAAAAAAAAAAAAAQAAAQ.jpg,A_dfRbQI26OtwAAAAAAAAAAAAAAQAAAQ.jpg,0,289,58
A_3muFRpfosX0AAAAAAAAAAAAAAQAAAQ.jpg,hoWp7-3lQi-3jCssfpyVaAAAACMAARAD.jpg,0,10,166
A_7zzVQYVHFHgAAAAAAAAAAAAAAQAAAQ.jpg,A_i86wS72-_lQAAAAAAAAAAAAAAQAAAQ.jpg,0,158,224
A_89xmRqt7JDgAAAAAAAAAAAAAAQAAAQ.jpg,A_cFBbQb-i068AAAAAAAAAAAAAAQAAAQ.jpg,0,179,16
A_SUrFSpyat3oAAAAAAAAAAAAAAQAAAQ.jpg,A_ywmfQoWVLnUAAAAAAAAAAAAAAQAAAQ.jpg,0,102,78
A_Kz9WTLtYMqQAAAAAAAAAAAAAAQAAAQ.jpg,A_iHgnS6_U93kAAAAAAAAAAAAAAQAAAQ.jpg,0,25,47
A_I4uaQKtPPhAAAAAAAAAAAAAAAQAAAQ.jpg,crE-yGuKTyaiQLaA4borcAAAACMAARAD.jpg,0,329,109
A_hInTRKW7vi0AAAAAAAAAAAAAAQAAAQ.jpg,PYuk0PscTpKyg5nsQBOYZgAAACMAARAD.jpg,0,242,107
A_lzVvRL-LTpYAAAAAAAAAAAAAAQAAAQ.jpg,A_LC73QKKHtxsAAAAAAAAAAAAAAQAAAQ.jpg,0,225,183
A_mtcjT5-8fxIAAAAAAAAAAAAAAQAAAQ.jpg,A_S1K7SaRCgmsAAAAAAAAAAAAAAQAAAQ.jpg,0,60,111
A_wmoBRoo-T8IAAAAAAAAAAAAAAQAAAQ.jpg,A_qltmS7ZNsLUAAAAAAAAAAAAAAQAAAQ.jpg,0,279,91
w3FwASvhSDy_zI6aKPh33gAAACMAARAD.jpg,A_a0W5TbtRiX4AAAAAAAAAAAAAAQAAAQ.jpg,0,327,69
A_XRkvR6_24JoAAAAAAAAAAAAAAQAAAQ.jpg,A_gWzlTqoUv50AAAAAAAAAAAAAAQAAAQ.jpg,0,197,239
A__MyoS6tXD44AAAAAAAAAAAAAAQAAAQ.jpg,A_h0wES7JMcj8AAAAAAAAAAAAAAQAAAQ.jpg,0,86,293
O1CN017Zqu3U1WkLrs8drP0_!!0-mtopupload.jpg,A_02oeQZQGpSIAAAAAAAAAAAAAAQAAAQ.jpg,0,22,297
A_CjU5SoWF2L0AAAAAAAAAAAAAAQAAAQ.jpg,A_2PylSJ1j8RIAAAAAAAAAAAAAAQAAAQ.jpg,0,118,191
A_GMLtS7vMkDMAAAAAAAAAAAAAAQAAAQ.jpg,A_82YISZVTz64AAAAAAAAAAAAAAQAAAQ.jpg,0,241,298
A_Gr90SJv0YeoAAAAAAAAAAAAAAQAAAQ.jpg,A_kNnVT6iAT-oAAAAAAAAAAAAAAQAAAQ.jpg,0,161,145
A_6tRLRIMlZcAAAAAAAAAAAAAAAQAAAQ.jpg,A_iDkPR7B0h_IAAAAAAAAAAAAAAQAAAQ.jpg,0,119,241
A_9f9RQYMEDW8AAAAAAAAAAAAAAQAAAQ.jpg,A_ahGrQpcJLS8AAAAAAAAAAAAAAQAAAQ.jpg,0,338,345
A_ItmHSrXG59IAAAAAAAAAAAAAAQAAAQ.jpg,A_BjK-Q5Y-6PIAAAAAAAAAAAAAAQAAAQ.jpg,0,179,67
bMTOZCIyTXCpPa4ub3bHTQAAACMAARAD.jpg,A_OrR4RrU6OP0AAAAAAAAAAAAAAQAAAQ.jpg,0,72,212
A_rGSuTZXVuRUGn2pDh9p9vgAAAQAAAQ.jpg,A_5BrdQ7yMxs4AAAAAAAAAAAAAAQAAAQ.jpg,0,2,213
A_N7TMSppc4iUAAAAAAAAAAAAAAQAAAQ.jpg,A_sUiCS7uVW54AAAAAAAAAAAAAAQAAAQ.jpg,0,101,227
IJnfoTCGRzy_PnKxNA20FAAAACMAARAD.jpg,A_m30KQICzj5QAAAAAAAAAAAAAAQAAAQ.jpg,0,306,332
A_CXUcR6GYNjkAAAAAAAAAAAAAAQAAAQ.jpg,A__iBTRLnSgRsAAAAAAAAAAAAAAQAAAQ.jpg,0,280,308
A_qAmbQo1B3boAAAAAAAAAAAAAAQAAAQ.jpg,A_OxJLQbA5qOUAAAAAAAAAAAAAAQAAAQ.jpg,0,293,267
A_NbMERImKF5IAAAAAAAAAAAAAAQAAAQ.jpg,A_hqBxRo7pAs4AAAAAAAAAAAAAAQAAAQ.jpg,0,214,167
WpudhUmPQtCbPSRoq9BnHgAAACMAARAD.jpg,Fv9FYvAkQc6AGTP11upBrwAAACMAARAD.jpg,0,20,4
A_g9LKSo8QMHwAAAAAAAAAAAAAAQAAAQ.jpg,A_1ruyQ7LcAuoAAAAAAAAAAAAAAQAAAQ.jpg,0,173,347
A_59V-S7ievU8AAAAAAAAAAAAAAQAAAQ.jpg,A_FgqDQY4q28cAAAAAAAAAAAAAAQAAAQ.jpg,0,349,104
QdzTTlrGTCCQ1F9xM9w-rwAAACMAARED.jpg,A_qaJ-TItVSXQAAAAAAAAAAAAAAQAAAQ.jpg,0,321,205
A_Dl-rQYisXAQAAAAAAAAAAAAAAQAAAQ.jpg,A_pvSeTrQ9cjEAAAAAAAAAAAAAAQAAAQ.jpg,0,37,193
A_m7-sRo3H-HgAAAAAAAAAAAAAAQAAAQ.jpg,A_ZPyVR5KHewAAAAAAAAAAAAAAAQAAAQ.jpg,0,330,314
A_SXGPT6VlGv0AAAAAAAAAAAAAAQAAAQ.jpg,A_k_RPQYZRrkAAAAAAAAAAAAAAAQAAAQ.jpg,0,15,125
A_MVpnTJIllNYAAAAAAAAAAAAAAQAAAQ.jpg,A_XhFbQoM2GvIAAAAAAAAAAAAAAQAAAQ.jpg,0,51,229
A_mEEyRI2A9fMAAAAAAAAAAAAAAQAAAQ.jpg,A_K9CLR4e8IykAAAAAAAAAAAAAAQAAAQ.jpg,0,251,346
A_sJaYS4HRJsQAAAAAAAAAAAAAAQAAAQ.jpg,A_V4M-S5Mt__QAAAAAAAAAAAAAAQAAAQ.jpg,0,245,191
A_Q6HgTaP6E2QAAAAAAAAAAAAAAQAAAQ.jpg,A_7z2dSpjqRhsAAAAAAAAAAAAAAQAAAQ.jpg,0,179,302
A_zfe6Ta1sN6AAAAAAAAAAAAAAAQAAAQ.jpg,VExaZWAxSUuI3YKpQvrnIgAAACMAARAD.jpg,0,79,190
A_5x9gRIcmjIsAAAAAAAAAAAAAAQAAAQ.jpg,A_qB4QT6PpWG8AAAAAAAAAAAAAAQAAAQ.jpg,0,244,242
8iDXzLM4RtOtrlot95uL0AAAACMAARAD.jpg,A_b1eiQ4BovAEAAAAAAAAAAAAAAQAAAQ.jpg,0,307,343
8Sk3KFu_QmSMZX_JxB-X2QAAACMAARAD.jpg,2iEC5ZrsSa2JpfKnTQbADQAAACMAARAD.jpg,0,164,6
A_N7TMSppc4iUAAAAAAAAAAAAAAQAAAQ.jpg,A_a7OnT702SKIAAAAAAAAAAAAAAQAAAQ.jpg,0,101,161
A_lZcdSrXwlt8AAAAAAAAAAAAAAQAAAQ.jpg,A_h8ycS56cyH0AAAAAAAAAAAAAAQAAAQ.jpg,0,102,11
A_BAxDTpRHSnwAAAAAAAAAAAAAAQAAAQ.jpg,A_WcuHSKIfpFcAAAAAAAAAAAAAAQAAAQ.jpg,0,236,329
A_SQeJQr1DQCoAAAAAAAAAAAAAAQAAAQ.jpg,A_hD3uRIAU8WkAAAAAAAAAAAAAAQAAAQ.jpg,0,233,281
A_TgAqQpXQPWgAAAAAAAAAAAAAAQAAAQ.jpg,A_6r0MSZSuGksAAAAAAAAAAAAAAQAAAQ.jpg,0,139,262
A_nrfAQ5bLQPoAAAAAAAAAAAAAAQAAAQ.jpg,A_HrtOQaj2IdIAAAAAAAAAAAAAAQAAAQ.jpg,0,251,266
A_LZQHRJnzs8kAAAAAAAAAAAAAAQAAAQ.jpg,A_w5yBQq07ZGQAAAAAAAAAAAAAAQAAAQ.jpg,0,85,218
A_PKUBTpVo1sQAAAAAAAAAAAAAAQAAAQ.jpg,A_DV2SR5jhC0wAAAAAAAAAAAAAAQAAAQ.jpg,0,9,34
A_XRkvR6_24JoAAAAAAAAAAAAAAQAAAQ.jpg,A_otkrQ6x55ioAAAAAAAAAAAAAAQAAAQ.jpg,0,197,123
A_RDX7SYBqMVwAAAAAAAAAAAAAAQAAAQ.jpg,A_-RuUS7F6LpsAAAAAAAAAAAAAAQAAAQ.jpg,0,41,346
A_ogroTKEURIMAAAAAAAAAAAAAAQAAAQ.jpg,A_bv-GT6sWBVEAAAAAAAAAAAAAAQAAAQ.jpg,0,102,254
A_UA5VQr9DJc0AAAAAAAAAAAAAAQAAAQ.jpg,A_3BuiQbibhO8AAAAAAAAAAAAAAQAAAQ.jpg,0,139,9
A_b-wTSqGrNAEAAAAAAAAAAAAAAQAAAQ.jpg,A__cl2QLO2llEAAAAAAAAAAAAAAQAAAQ.jpg,0,149,332
A_cFBbQb-i068AAAAAAAAAAAAAAQAAAQ.jpg,A_usXqRrG0zfAAAAAAAAAAAAAAAQAAAQ.jpg,0,16,88
A_lTNbTYEaGsMAAAAAAAAAAAAAAQAAAQ.jpg,A_50XaQoPLKsYAAAAAAAAAAAAAAQAAAQ.jpg,0,224,78
4mdzWDyRQ82GuQWRmzSQBQAAACMAARAD.jpg,A_P5b9TYwVLCMAAAAAAAAAAAAAAQAAAQ.jpg,0,186,213
x22XN24XQiaxAuBA2h4LVQAAACMAARAD.jpg,A_VKWZTI04Y7wAAAAAAAAAAAAAAQAAAQ.jpg,0,107,41
J1CtsgliQ_Wz7dWKjUh9SwAAACMAARAD.jpg,A_qmTVSqXlh7UAAAAAAAAAAAAAAQAAAQ.jpg,0,307,105
A_MGtdT6XD3YAAAAAAAAAAAAAAAQAAAQ.jpg,A_hZtcTJN4JNsAAAAAAAAAAAAAAQAAAQ.jpg,0,236,271
A_DJoqQr7L5-IAAAAAAAAAAAAAAQAAAQ.jpg,A_Z7bIS7KQQFUAAAAAAAAAAAAAAQAAAQ.jpg,0,36,83
A_uFYOR6hS8Q8AAAAAAAAAAAAAAQAAAQ.jpg,A_Hp9BSaTeieAAAAAAAAAAAAAAAQAAAQ.jpg,0,59,29
A_rdsOTar7H-kAAAAAAAAAAAAAAQAAAQ.jpg,A_3S3LTZgdkc9UCstAt954pwAAAQAAAQ.jpg,0,46,331
A_OtoGQIQE13QAAAAAAAAAAAAAAQAAAQ.jpg,A_puDYQoa6ZyAAAAAAAAAAAAAAAQAAAQ.jpg,0,10,160
A_VKWZTI04Y7wAAAAAAAAAAAAAAQAAAQ.jpg,A_MzYDRI1zIykAAAAAAAAAAAAAAQAAAQ.jpg,0,41,122
A_7iu8TpXAj0QAAAAAAAAAAAAAAQAAAQ.jpg,A_stmPT54njmIAAAAAAAAAAAAAAQAAAQ.jpg,0,251,147
O1CN01ukFKMv1kRwZQAdP64_!!0-mtopupload.jpg,A_z3KSSqDlw1QAAAAAAAAAAAAAAQAAAQ.jpg,0,22,263
A_hdpuRLEj1icAAAAAAAAAAAAAAQAAAQ.jpg,A_pWwkQowUWlcAAAAAAAAAAAAAAQAAAQ.jpg,0,326,30
A_CJEPQZwY7_IAAAAAAAAAAAAAAQAAAQ.jpg,J1CtsgliQ_Wz7dWKjUh9SwAAACMAARAD.jpg,0,191,307
95yWrxU0SHOjvzfmAl1GjwAAACMAARAD.jpg,A_FSCJRYy3dFwAAAAAAAAAAAAAAQAAAQ.jpg,0,174,3
A_EfL_QYa84I4AAAAAAAAAAAAAAQAAAQ.jpg,A_n9rlSYbLOVMAAAAAAAAAAAAAAQAAAQ.jpg,0,163,300
A_Kz9WTLtYMqQAAAAAAAAAAAAAAQAAAQ.jpg,A_OStdQqQjUL8AAAAAAAAAAAAAAQAAAQ.jpg,0,25,210
A_AxC7T5vfyIoAAAAAAAAAAAAAAQAAAQ.jpg,A_wdK2RIoM3SQAAAAAAAAAAAAAAQAAAQ.jpg,0,85,158
A_C1q8QJNLNrEAAAAAAAAAAAAAAQAAAQ.jpg,A_qdWxRaREskIAAAAAAAAAAAAAAQAAAQ.jpg,0,336,298
A_WKq6RIpKJSwAAAAAAAAAAAAAAQAAAQ.jpg,A_OT8IQIP4z90AAAAAAAAAAAAAAQAAAQ.jpg,0,228,264
A_mVW5RI4asboAAAAAAAAAAAAAAQAAAQ.jpg,A_EkWETZHkU5kAAAAAAAAAAAAAAQAAAQ.jpg,0,255,212
WpudhUmPQtCbPSRoq9BnHgAAACMAARAD.jpg,A_57b6Sb8-FAYAAAAAAAAAAAAAAQAAAQ.jpg,0,20,300
A_dej1SoczgZ0AAAAAAAAAAAAAAQAAAQ.jpg,A_BbMtSbuC4rkAAAAAAAAAAAAAAQAAAQ.jpg,0,43,259
A_S0zwTqouBekAAAAAAAAAAAAAAQAAAQ.jpg,A_9SxdQYnmGb8AAAAAAAAAAAAAAQAAAQ.jpg,0,169,259
A_yhhDQbrQfGd8ld9BhzssNAAAAQAAAQ.jpg,wlvKhmPsRnuzCvy0hg9dSQAAACMAARAD.jpg,0,206,282
A_723fTJwuqewAAAAAAAAAAAAAAQAAAQ.jpg,A_6xKYQ5BLeRAAAAAAAAAAAAAAAQAAAQ.jpg,0,333,80
A_0MTNRpRpwNIAAAAAAAAAAAAAAQAAAQ.jpg,A_spOYSaQ52GMAAAAAAAAAAAAAAQAAAQ.jpg,0,36,262
nJgaXjMbQz6gOoKCxrXfQAAAACMAARAD.jpg,A_Rx6HR586O4sAAAAAAAAAAAAAAQAAAQ.jpg,0,71,325
A_hB7UQZ1wHGQAAAAAAAAAAAAAAQAAAQ.jpg,A_XiKLT6SCDZsAAAAAAAAAAAAAAQAAAQ.jpg,0,183,168
A_89xmRqt7JDgAAAAAAAAAAAAAAQAAAQ.jpg,A_9maORbkQQNoAAAAAAAAAAAAAAQAAAQ.jpg,0,179,62
A_Y1ryTIb8npX6SU9Br3TwMgAAAQAAAQ.jpg,A_gpwRSb16XloAAAAAAAAAAAAAAQAAAQ.jpg,0,221,241
A_M4T5Q43L2qAAAAAAAAAAAAAAAQAAAQ.jpg,A_d4wUQoUvZxsAAAAAAAAAAAAAAQAAAQ.jpg,0,319,247
A__iVyQa-Ul-kAAAAAAAAAAAAAAQAAAQ.jpg,A_NjG2SqOfUE4AAAAAAAAAAAAAAQAAAQ.jpg,0,249,342
A_0fKgSYxegzcAAAAAAAAAAAAAAQAAAQ.jpg,A_2iAoQIypnLoAAAAAAAAAAAAAAQAAAQ.jpg,0,26,254
A_-JEPRbD0J4AAAAAAAAAAAAAAAQAAAQ.jpg,A_PXxiSIQQDWkAAAAAAAAAAAAAAQAAAQ.jpg,0,256,4
KtjlPeKCRb-0vismjLY7MgAAACMAARED.jpg,A_WRYZRKOZPL4AAAAAAAAAAAAAAQAAAQ.jpg,0,128,130
A_X5hASJq4FlIAAAAAAAAAAAAAAQAAAQ.jpg,A_bBofSp4thsQAAAAAAAAAAAAAAQAAAQ.jpg,0,240,45
A_oSb4R7rSOcQAAAAAAAAAAAAAAQAAAQ.jpg,A_4COnRIftFtkAAAAAAAAAAAAAAQAAAQ.jpg,0,47,104
A_shkqRbKm6LgAAAAAAAAAAAAAAQAAAQ.jpg,A_YFdnQ5CoPhgAAAAAAAAAAAAAAQAAAQ.jpg,0,196,344
P-Bqr9U1Tqa9eJtGWudTxgAAACMAARAD.jpg,omt8M0kmRMSuRUW91x_fLgAAACMAARAD.jpg,0,54,177
A_A3vxSa7MGD4AAAAAAAAAAAAAAQAAAQ.jpg,A_uSLAQKtJDr4AAAAAAAAAAAAAAQAAAQ.jpg,0,29,179
bFGitjnDRq-tq8QMMSegPgAAACMAARAD.jpg,A_k6J1RpHE-uEAAAAAAAAAAAAAAQAAAQ.jpg,0,70,131
A_fJ6qQJnwL64AAAAAAAAAAAAAAQAAAQ.jpg,A_rIp5QoMBGOQAAAAAAAAAAAAAAQAAAQ.jpg,0,305,53
A_sKuhSojVYo8AAAAAAAAAAAAAAQAAAQ.jpg,gO5e4wDlTpSBMkBADWucyQAAACMAARED.jpg,0,114,128
A_K4WSQ7vM7ccAAAAAAAAAAAAAAQAAAQ.jpg,A_wmoBRoo-T8IAAAAAAAAAAAAAAQAAAQ.jpg,0,265,279
A_D9o9T7zICSYbaeZMlwxEKQAAAQAAAQ.jpg,A__euTTbzk1_QAAAAAAAAAAAAAAQAAAQ.jpg,0,113,210
oAlUaNt0SoOd1pDlZebq6QAAACMAARAD.jpg,A_IOFuS4ljD_MAAAAAAAAAAAAAAQAAAQ.jpg,0,327,57
A_mEEyRI2A9fMAAAAAAAAAAAAAAQAAAQ.jpg,A_TLSkT501MYQAAAAAAAAAAAAAAQAAAQ.jpg,0,251,325
A_oEAqSaEmWGMAAAAAAAAAAAAAAQAAAQ.jpg,A_IdUASo3kSSUAAAAAAAAAAAAAAQAAAQ.jpg,0,294,248
A_yqmVSY6yhroAAAAAAAAAAAAAAQAAAQ.jpg,A_M6rDSaJqguwAAAAAAAAAAAAAAQAAAQ.jpg,0,104,25
A_FZxTQJDVbkYAAAAAAAAAAAAAAQAAAQ.jpg,A_bU78Tpd1tvMAAAAAAAAAAAAAAQAAAQ.jpg,0,289,90
A_Yr4LQpnqCAEAAAAAAAAAAAAAAQAAAQ.jpg,zGfOrLgJRWq4z48tv9EHeQAAACMAARAD.jpg,0,48,155
BnMTwNDZTDic7PE_4wP9cwAAACMAARAD.jpg,A_JhozTLdUXBAAAAAAAAAAAAAAAQAAAQ.jpg,0,186,238
A_fbzVQ5muvQIAAAAAAAAAAAAAAQAAAQ.jpg,A_fdXCTprSOxYAAAAAAAAAAAAAAQAAAQ.jpg,0,77,339
A_bJUVQLWonskAAAAAAAAAAAAAAQAAAQ.jpg,A_0MTNRpRpwNIAAAAAAAAAAAAAAQAAAQ.jpg,0,344,36
A_ErnBQ6DQzEoAAAAAAAAAAAAAAQAAAQ.jpg,A_gZaiTKWdZY4AAAAAAAAAAAAAAQAAAQ.jpg,0,9,290
A_7zzVQYVHFHgAAAAAAAAAAAAAAQAAAQ.jpg,A_UBDTSZ2Vh-YAAAAAAAAAAAAAAQAAAQ.jpg,0,158,187
A_-fGnSJLpn7kAAAAAAAAAAAAAAQAAAQ.jpg,A_0RBhTJcWtikAAAAAAAAAAAAAAQAAAQ.jpg,0,273,270
A_LJALQ5tQhGoAAAAAAAAAAAAAAQAAAQ.jpg,A_tnTVTK86bn0AAAAAAAAAAAAAAQAAAQ.jpg,0,246,227
A_aEr8SogcnnIAAAAAAAAAAAAAAQAAAQ.jpg,A_57b6Sb8-FAYAAAAAAAAAAAAAAQAAAQ.jpg,0,311,300
A_ahcnSoV8REQAAAAAAAAAAAAAAQAAAQ.jpg,A_dNSRRpBZtmMAAAAAAAAAAAAAAQAAAQ.jpg,0,285,48
A_CoL5S4nhAgMAAAAAAAAAAAAAAQAAAQ.jpg,Z1qDRVboSz625P_djDkBSwAAACMAARAD.jpg,0,143,315
LkTAGmb3TGuGGZHU52brUQAAACMAARAD.jpg,A_-iUaTI4TKcgAAAAAAAAAAAAAAQAAAQ.jpg,0,207,16
A_Bwx0RKWjg0sAAAAAAAAAAAAAAQAAAQ.jpg,A_ISDtSpuDW6MAAAAAAAAAAAAAAQAAAQ.jpg,0,270,287
A_BUreSr9QuYgAAAAAAAAAAAAAAQAAAQ.jpg,X7bAJ7tFSBG_4F661zvLggAAACMAARAD.jpg,0,337,207
A_TgAqQpXQPWgAAAAAAAAAAAAAAQAAAQ.jpg,A_o8ipRYjXiXQAAAAAAAAAAAAAAQAAAQ.jpg,0,139,176
5Oscl8XJRRC2rytTlGL-0AAAACMAARAD.jpg,A_qE1fTpJ19QIAAAAAAAAAAAAAAQAAAQ.jpg,0,226,144
A_FyXHS6lwH00AAAAAAAAAAAAAAQAAAQ.jpg,46wgkuZZT6eVVCnVPQgrpgAAACMAARAD.jpg,0,142,327
A_5TYSRLGnvfEAAAAAAAAAAAAAAQAAAQ.jpg,A_9EM2TajlqXoAAAAAAAAAAAAAAQAAAQ.jpg,0,214,58
fcg3fFELSXuinicx0-hYRQAAACMAARAD.jpg,A_Wc20RKKu6mgAAAAAAAAAAAAAAQAAAQ.jpg,0,27,215
A_sfE-TqYrEMMAAAAAAAAAAAAAAQAAAQ.jpg,A_ANj4S6gZrSgAAAAAAAAAAAAAAQAAAQ.jpg,0,93,92
A_TwpZTY7QUIUAAAAAAAAAAAAAAQAAAQ.jpg,A_4cscRbyF-t8AAAAAAAAAAAAAAQAAAQ.jpg,0,91,312
A_XJPfQZIMlRoAAAAAAAAAAAAAAQAAAQ.jpg,PYuk0PscTpKyg5nsQBOYZgAAACMAARAD.jpg,0,320,107
A_dNSRRpBZtmMAAAAAAAAAAAAAAQAAAQ.jpg,A_olfhSYntr84AAAAAAAAAAAAAAQAAAQ.jpg,0,48,337
A_Sgy4Q5WINnoAAAAAAAAAAAAAAQAAAQ.jpg,A_BA6tQ66OKSUAAAAAAAAAAAAAAQAAAQ.jpg,0,157,43
A_TQs9RbfFYCkAAAAAAAAAAAAAAQAAAQ.jpg,A_Pgp4TYloAOwAAAAAAAAAAAAAAQAAAQ.jpg,0,280,281
A_1P0yR4ETeMMAAAAAAAAAAAAAAQAAAQ.jpg,A_wlP4RZZzpEgAAAAAAAAAAAAAAQAAAQ.jpg,0,290,3
A_7iu8TpXAj0QAAAAAAAAAAAAAAQAAAQ.jpg,Fv9FYvAkQc6AGTP11upBrwAAACMAARAD.jpg,0,251,4
A_GhJrQqvVGfAAAAAAAAAAAAAAAQAAAQ.jpg,A_9jzqQrTHgCQAAAAAAAAAAAAAAQAAAQ.jpg,0,46,126
A_50XaQoPLKsYAAAAAAAAAAAAAAQAAAQ.jpg,A_dI4zSai8yk-dZNBKqTLbdAAAAQAAAQ.jpg,0,78,221
A_2fEAQ6wRV78AAAAAAAAAAAAAAQAAAQ.jpg,A_9nbgRqR5TioAAAAAAAAAAAAAAQAAAQ.jpg,0,255,135
A_yOJ6Q4IO9mcAAAAAAAAAAAAAAQAAAQ.jpg,A_tFWpS7wqAh0AAAAAAAAAAAAAAQAAAQ.jpg,0,162,39
A_yFmGSo2bp-cAAAAAAAAAAAAAAQAAAQ.jpg,A_ytOxT7NilIsAAAAAAAAAAAAAAQAAAQ.jpg,0,248,244
A_b-8qRr28s_QAAAAAAAAAAAAAAQAAAQ.jpg,A_1YVzSbIROi8AAAAAAAAAAAAAAQAAAQ.jpg,0,130,253
A_xTY-S4O2kyYAAAAAAAAAAAAAAQAAAQ.jpg,A_B3wzTov3pPQAAAAAAAAAAAAAAQAAAQ.jpg,0,333,123
A_t6YXSrkNSwoAAAAAAAAAAAAAAQAAAQ.jpg,elfhVqTdQpWv6R3PsHqMjQAAACMAARAD.jpg,0,98,188
A_AxC7T5vfyIoAAAAAAAAAAAAAAQAAAQ.jpg,A_PYU8Qr4rH5YAAAAAAAAAAAAAAQAAAQ.jpg,0,85,19
A_LKyVRYb174gAAAAAAAAAAAAAAQAAAQ.jpg,A_BozJTaHtlVkAAAAAAAAAAAAAAQAAAQ.jpg,0,203,173
A_fAd6Q6jPCKAAAAAAAAAAAAAAAQAAAQ.jpg,i_qZgpvUQ6CuKFZzKixaaQAAACMAARAD.jpg,0,339,323
A_3sPRTprtYa8AAAAAAAAAAAAAAQAAAQ.jpg,A_89xmRqt7JDgAAAAAAAAAAAAAAQAAAQ.jpg,0,66,179
4PnTMDonSgyab2bzQ-yK9wAAACMAARAD.jpg,A_aDKBQ7mM76cAAAAAAAAAAAAAAQAAAQ.jpg,0,192,256
A_JzxkRq5CL7UAAAAAAAAAAAAAAQAAAQ.jpg,A_5IoZTb3Daq8AAAAAAAAAAAAAAQAAAQ.jpg,0,216,245
A_WKq6RIpKJSwAAAAAAAAAAAAAAQAAAQ.jpg,A_ffGlTZG85-QAAAAAAAAAAAAAAQAAAQ.jpg,0,228,322
A_437OSrredWUAAAAAAAAAAAAAAQAAAQ.jpg,A_cwDhQLizVhEAAAAAAAAAAAAAAQAAAQ.jpg,0,271,159
A_WRZPRYHu6xsAAAAAAAAAAAAAAQAAAQ.jpg,A_Zg2QToXslCsAAAAAAAAAAAAAAQAAAQ.jpg,0,106,273
A_wPnAQIK6lFQAAAAAAAAAAAAAAQAAAQ.jpg,A_n9rlSYbLOVMAAAAAAAAAAAAAAQAAAQ.jpg,0,84,300
A_P5EBT4AQhZcAAAAAAAAAAAAAAQAAAQ.jpg,A_GKxxTacH56QAAAAAAAAAAAAAAQAAAQ.jpg,0,289,21
A_tqW9T6Gr5LAAAAAAAAAAAAAAAQAAAQ.jpg,A_XJPfQZIMlRoAAAAAAAAAAAAAAQAAAQ.jpg,0,110,320
A_7TXVT6R41bwAAAAAAAAAAAAAAQAAAQ.jpg,A_-cgBQ7nWdC4AAAAAAAAAAAAAAQAAAQ.jpg,0,161,283
A_8FKeQo04k4IAAAAAAAAAAAAAAQAAAQ.jpg,A_8HNgToSMI-0AAAAAAAAAAAAAAQAAAQ.jpg,0,285,5
A_Sgy4Q5WINnoAAAAAAAAAAAAAAQAAAQ.jpg,A_zMhHRKUhSuErdB5Pt_ADkgAAAQAAAQ.jpg,0,157,148
A_XSjzR59VqvHRlAVGm_RBAAAAAQAAAQ.jpg,A_19KTRKsU1bgAAAAAAAAAAAAAAQAAAQ.jpg,0,144,59
A_WJZqQYuskC4AAAAAAAAAAAAAAQAAAQ.jpg,A_jyxVSZAdZnkAAAAAAAAAAAAAAQAAAQ.jpg,0,335,299
A_5X2gQreyAEgAAAAAAAAAAAAAAQAAAQ.jpg,A_HeLsQKQMu50AAAAAAAAAAAAAAQAAAQ.jpg,0,93,43
FqQ7Yv3sQqamD1XqNUNQeQAAACMAARAD.jpg,A_9Hj6Q4nQNhEAAAAAAAAAAAAAAQAAAQ.jpg,0,164,299
A_PLpYQbchnYsAAAAAAAAAAAAAAQAAAQ.jpg,A_FSCJRYy3dFwAAAAAAAAAAAAAAQAAAQ.jpg,0,7,3
A_VSHyQ5E3b6kAAAAAAAAAAAAAAQAAAQ.jpg,A_a7OnT702SKIAAAAAAAAAAAAAAQAAAQ.jpg,0,8,161
A_13kDRrNTRTIAAAAAAAAAAAAAAQAAAQ.jpg,A_FZxTQJDVbkYAAAAAAAAAAAAAAQAAAQ.jpg,0,250,289
QiREoZZIR4-HVb2IYPQWXwAAACMAARED.jpg,A_I5KDRLmGgB8AAAAAAAAAAAAAAQAAAQ.jpg,0,209,296
A_BH18R5ERvpkAAAAAAAAAAAAAAQAAAQ.jpg,VH_MJsWWTsmHaQP-fiUEjwAAACMAARAD.jpg,0,198,56
A_ARs4S5uu-scAAAAAAAAAAAAAAQAAAQ.jpg,A_2zQ8SKw0HmwAAAAAAAAAAAAAAQAAAQ.jpg,0,0,119
40cC6HWzRva34jaC_YZZAwAAACMAARED.jpg,A_sKuhSojVYo8AAAAAAAAAAAAAAQAAAQ.jpg,0,128,114
A_B5PLRYT7qakAAAAAAAAAAAAAAQAAAQ.jpg,A_4gGXSpGmh1YAAAAAAAAAAAAAAQAAAQ.jpg,0,228,311
A_UIUSR7SsVxQAAAAAAAAAAAAAAQAAAQ.jpg,A_7aSXR6UMp8sAAAAAAAAAAAAAAQAAAQ.jpg,0,81,115
A_cutQQr13fwsAAAAAAAAAAAAAAQAAAQ.jpg,A_1cY0SJWiw2gAAAAAAAAAAAAAAQAAAQ.jpg,0,52,249
A_hZtcTJN4JNsAAAAAAAAAAAAAAQAAAQ.jpg,A_h3xWQb_tMC0AAAAAAAAAAAAAAQAAAQ.jpg,0,271,328
A_SWT7TpEfSXoAAAAAAAAAAAAAAQAAAQ.jpg,A_XkL2TbqrMEwAAAAAAAAAAAAAAQAAAQ.jpg,0,257,178
A_H2d7SazIiaAAAAAAAAAAAAAAAQAAAQ.jpg,A_Tq4LQ449vfgAAAAAAAAAAAAAAQAAAQ.jpg,0,73,269
A_8wJfSLcHUG4AAAAAAAAAAAAAAQAAAQ.jpg,A_XHurTYV1xScAAAAAAAAAAAAAAQAAAQ.jpg,0,12,337
A_8gUmSoxIHOIAAAAAAAAAAAAAAQAAAQ.jpg,A_5aAtRZYw7_wAAAAAAAAAAAAAAQAAAQ.jpg,0,65,51
A_AVz3Sb7iIKwAAAAAAAAAAAAAAQAAAQ.jpg,A_WPQkRZyeXvoAAAAAAAAAAAAAAQAAAQ.jpg,0,167,273
A_lvCUQay2busAAAAAAAAAAAAAAQAAAQ.jpg,omt8M0kmRMSuRUW91x_fLgAAACMAARAD.jpg,0,226,177
A_TIBEQZKlgbsAAAAAAAAAAAAAAQAAAQ.jpg,A_8ZqeTLmaayAAAAAAAAAAAAAAAQAAAQ.jpg,0,237,212
A_wPiZSI8pSBIAAAAAAAAAAAAAAQAAAQ.jpg,A_ufHTQ6U54sAAAAAAAAAAAAAAAQAAAQ.jpg,0,157,41
A_VsaDTIsMA8AAAAAAAAAAAAAAAQAAAQ.jpg,A_DcniRp1IRU0AAAAAAAAAAAAAAQAAAQ.jpg,0,81,320
_Gk8A1x2SNG4u7FHq0Ix4wAAACMAARAD.jpg,A_zVV9QJHiLggAAAAAAAAAAAAAAQAAAQ.jpg,0,72,67
A_eaJbRIsiIAcAAAAAAAAAAAAAAQAAAQ.jpg,A_6XZZT6vaEZ4AAAAAAAAAAAAAAQAAAQ.jpg,0,278,294
A_IHGMTadv9ZoAAAAAAAAAAAAAAQAAAQ.jpg,A_PIcHTa2SqFsAAAAAAAAAAAAAAQAAAQ.jpg,0,104,284
A_76m-RZH9-rYAAAAAAAAAAAAAAQAAAQ.jpg,A_0fKgSYxegzcAAAAAAAAAAAAAAQAAAQ.jpg,0,239,26
A_M9P2TpZaQRMAAAAAAAAAAAAAAQAAAQ.jpg,A_IMYWSosTeskAAAAAAAAAAAAAAQAAAQ.jpg,0,275,240
A_izqHSKPN0SsAAAAAAAAAAAAAAQAAAQ.jpg,A_XRkvR6_24JoAAAAAAAAAAAAAAQAAAQ.jpg,0,281,197
A_4UKXTpg0lCgAAAAAAAAAAAAAAQAAAQ.jpg,A_1KykSqIp3y0AAAAAAAAAAAAAAQAAAQ.jpg,0,180,133
A__iSlQZS0IuEAAAAAAAAAAAAAAQAAAQ.jpg,A_q9E-TreZOpcAAAAAAAAAAAAAAQAAAQ.jpg,0,197,276
A_Wa5hTLtdsh8AAAAAAAAAAAAAAQAAAQ.jpg,A_opSGQJhnNSMAAAAAAAAAAAAAAQAAAQ.jpg,0,224,286
wIszWZIYQC224vOq0XhO2gAAACMAARAD.jpg,A_UBFIRp0LaJAAAAAAAAAAAAAAAQAAAQ.jpg,0,186,199
A_wMMDQIdbntYAAAAAAAAAAAAAAQAAAQ.jpg,A_0fKgSYxegzcAAAAAAAAAAAAAAQAAAQ.jpg,0,63,26
A_b4GpSbjTmGoAAAAAAAAAAAAAAQAAAQ.jpg,A_D_SeQ4c--GwAAAAAAAAAAAAAAQAAAQ.jpg,0,337,309
A_Sm0gS7RP30QAAAAAAAAAAAAAAQAAAQ.jpg,A_lZcdSrXwlt8AAAAAAAAAAAAAAQAAAQ.jpg,0,140,102
A_OssPT5JNclsAAAAAAAAAAAAAAQAAAQ.jpg,A_NJrCQ405yccAAAAAAAAAAAAAAQAAAQ.jpg,0,269,100
A_ycyzRpZPTpUAAAAAAAAAAAAAAQAAAQ.jpg,A_roDNRZHSdREAAAAAAAAAAAAAAQAAAQ.jpg,0,245,88
A_3C7oQa_cOiMAAAAAAAAAAAAAAQAAAQ.jpg,A_ffXuTIdlCWcAAAAAAAAAAAAAAQAAAQ.jpg,0,330,151
A_VV-4R7Xfd1CSPTlGqoBE1gAAAQAAAQ.jpg,A_2DA2SZLf5vEAAAAAAAAAAAAAAQAAAQ.jpg,0,221,24
A_DLk9QaFF3W0AAAAAAAAAAAAAAQAAAQ.jpg,A__YxFR6NzEjQecYhCqT3cqQAAAQAAAQ.jpg,0,328,13
A_dNSRRpBZtmMAAAAAAAAAAAAAAQAAAQ.jpg,A_lvCUQay2busAAAAAAAAAAAAAAQAAAQ.jpg,0,48,226
A_qXnRSq_alQ0AAAAAAAAAAAAAAQAAAQ.jpg,A_qB4QT6PpWG8AAAAAAAAAAAAAAQAAAQ.jpg,0,260,242
A_2PhBQZl-wekAAAAAAAAAAAAAAQAAAQ.jpg,PXhnsQ6BSAW7VRUKjS1fswAAACMAARAD.jpg,0,2,70
A_8g2uSoogj9AAAAAAAAAAAAAAAQAAAQ.jpg,A_k02wRqflDJcAAAAAAAAAAAAAAQAAAQ.jpg,0,322,328
A_cwDhQLizVhEAAAAAAAAAAAAAAQAAAQ.jpg,A_1Sm2RrE0saQAAAAAAAAAAAAAAQAAAQ.jpg,0,159,95
A_f7WbRLWc904AAAAAAAAAAAAAAQAAAQ.jpg,A_4ZfXQLOWYBsAAAAAAAAAAAAAAQAAAQ.jpg,0,142,97
A_0gczRYEcMd0AAAAAAAAAAAAAAQAAAQ.jpg,A_AK9lSaWJ_m0AAAAAAAAAAAAAAQAAAQ.jpg,0,193,296
A_SRVGQbrSpNYAAAAAAAAAAAAAAQAAAQ.jpg,A_HngbSJVJVYUAAAAAAAAAAAAAAQAAAQ.jpg,0,296,112
sXCLxmKsRfaVAGlXbY1y3wAAACMAARAD.jpg,A_ItmHSrXG59IAAAAAAAAAAAAAAQAAAQ.jpg,0,306,179
A_FZxTQJDVbkYAAAAAAAAAAAAAAQAAAQ.jpg,A_pWwkQowUWlcAAAAAAAAAAAAAAQAAAQ.jpg,0,289,30
A_JhozTLdUXBAAAAAAAAAAAAAAAQAAAQ.jpg,A_mQvKR47IcpkAAAAAAAAAAAAAAQAAAQ.jpg,0,238,142
A_79Y3T534mhsAAAAAAAAAAAAAAQAAAQ.jpg,A_LQIQSpDZ01wAAAAAAAAAAAAAAQAAAQ.jpg,0,205,91
xEkROLFrT8eZz88qyGMUDgAAACMAARAD.jpg,YDkF-IExTl-pKxGA-asCwwAAACMAARAD.jpg,0,327,166
A_T_ZjQpBDIJEAAAAAAAAAAAAAAQAAAQ.jpg,A_fgxxT7gC-zwAAAAAAAAAAAAAAQAAAQ.jpg,0,183,198
HekMXIAUTl2HXeAFu4VTAgAAACMAARAD.jpg,A_2yTCT6348MsAAAAAAAAAAAAAAQAAAQ.jpg,0,164,305
A_zmLbTK7Eq7wAAAAAAAAAAAAAAQAAAQ.jpg,A_xx0YQr5BNq8AAAAAAAAAAAAAAQAAAQ.jpg,0,201,147
A_kPvdTbagJ9MAAAAAAAAAAAAAAQAAAQ.jpg,A_mFi6TLRxJ9cAAAAAAAAAAAAAAQAAAQ.jpg,0,8,144
A_SqQTTY_3jwUAAAAAAAAAAAAAAQAAAQ.jpg,A_fbzVQ5muvQIAAAAAAAAAAAAAAQAAAQ.jpg,0,84,77
A_FgqDQY4q28cAAAAAAAAAAAAAAQAAAQ.jpg,A_WcuHSKIfpFcAAAAAAAAAAAAAAQAAAQ.jpg,0,104,329
A_UGBKSZHI2xkAAAAAAAAAAAAAAQAAAQ.jpg,A_WNgORoRRamAAAAAAAAAAAAAAAQAAAQ.jpg,0,43,141
A_D9w_QbDG9s4AAAAAAAAAAAAAAQAAAQ.jpg,A_UbkTQI6a8oMAAAAAAAAAAAAAAQAAAQ.jpg,0,26,61
A_4mW0Q5rIZpgAAAAAAAAAAAAAAQAAAQ.jpg,A_LWb7SL9pX8IAAAAAAAAAAAAAAQAAAQ.jpg,0,162,98
A_DOZRQIHcpw0AAAAAAAAAAAAAAQAAAQ.jpg,lFnXbsgySbe-RMVrti88KQAAACMAARAD.jpg,0,39,134
A_tqW9T6Gr5LAAAAAAAAAAAAAAAQAAAQ.jpg,A_2PhBQZl-wekAAAAAAAAAAAAAAQAAAQ.jpg,0,110,2
A_sUiCS7uVW54AAAAAAAAAAAAAAQAAAQ.jpg,A_8xTQSLkd18MAAAAAAAAAAAAAAQAAAQ.jpg,0,227,125
A_m7-sRo3H-HgAAAAAAAAAAAAAAQAAAQ.jpg,A_ToioR6w5lKgAAAAAAAAAAAAAAQAAAQ.jpg,0,330,283
A_9OP_RqOi65cAAAAAAAAAAAAAAQAAAQ.jpg,A_YGM9RqelARIAAAAAAAAAAAAAAQAAAQ.jpg,0,159,250
A_O-HYQbAzM04AAAAAAAAAAAAAAQAAAQ.jpg,A_0SWCTYxPcBoAAAAAAAAAAAAAAQAAAQ.jpg,0,61,156
A_EBtBR7SR8xIAAAAAAAAAAAAAAQAAAQ.jpg,A_ds1XTZvQ5xIAAAAAAAAAAAAAAQAAAQ.jpg,0,292,242
A_DLk9QaFF3W0AAAAAAAAAAAAAAQAAAQ.jpg,A_fGXbTY1iJoEAAAAAAAAAAAAAAQAAAQ.jpg,0,328,212
A__z-iTZs2YvEAAAAAAAAAAAAAAQAAAQ.jpg,A_GSRPQoJj7dwAAAAAAAAAAAAAAQAAAQ.jpg,0,14,295
A_BHAZQqSI3N4AAAAAAAAAAAAAAQAAAQ.jpg,A_TETcSo4ZDCgAAAAAAAAAAAAAAQAAAQ.jpg,0,252,205
MfYoqfAzSxyKWkDANp68IQAAACMAARAD.jpg,A_UGBKSZHI2xkAAAAAAAAAAAAAAQAAAQ.jpg,0,132,43
A_vtg4QphXQk8AAAAAAAAAAAAAAQAAAQ.jpg,A_URuNQJscuisAAAAAAAAAAAAAAQAAAQ.jpg,0,236,297
5Ex230jYRSyT4TtBSWJ8EwAAACMAARAD.jpg,A_pICTQLbIAwkAAAAAAAAAAAAAAQAAAQ.jpg,0,71,89
A_a9r9Rpz61BcAAAAAAAAAAAAAAQAAAQ.jpg,A_EsHfTJi2lYUAAAAAAAAAAAAAAQAAAQ.jpg,0,0,314
9OMvA3NtSGCRN6ymcLH-cAAAACMAARAD.jpg,A_BUCBRov7kcoAAAAAAAAAAAAAAQAAAQ.jpg,0,323,170
A_CgA9TI6N9eIAAAAAAAAAAAAAAQAAAQ.jpg,A_V_QRSLt5ASoAAAAAAAAAAAAAAQAAAQ.jpg,0,227,93
A_0tvJRLe5_mUAAAAAAAAAAAAAAQAAAQ.jpg,A_uzHRSJ5nN_cAAAAAAAAAAAAAAQAAAQ.jpg,0,86,335
A_Yr4NS4nQky8AAAAAAAAAAAAAAQAAAQ.jpg,A_gmv7RZlv2wwAAAAAAAAAAAAAAQAAAQ.jpg,0,281,263
A_gR_YR4d18TQAAAAAAAAAAAAAAQAAAQ.jpg,A_JeVRS799a2wAAAAAAAAAAAAAAQAAAQ.jpg,0,127,122
A_z7uTTKANmKQAAAAAAAAAAAAAAQAAAQ.jpg,A_pvSeTrQ9cjEAAAAAAAAAAAAAAQAAAQ.jpg,0,167,193
A_jXO8TqgUNaEAAAAAAAAAAAAAAQAAAQ.jpg,A_DYI0S469juQAAAAAAAAAAAAAAQAAAQ.jpg,0,3,223
A_7dSiR56sjZkAAAAAAAAAAAAAAQAAAQ.jpg,A_olfhSYntr84AAAAAAAAAAAAAAQAAAQ.jpg,0,313,337
A_Uqn1Qq1RIzkAAAAAAAAAAAAAAQAAAQ.jpg,A_56etSoqz9lkAAAAAAAAAAAAAAQAAAQ.jpg,0,112,124
A_5z1SRIthrRMAAAAAAAAAAAAAAQAAAQ.jpg,A_WFX-R60X0GEAAAAAAAAAAAAAAQAAAQ.jpg,0,176,62
A_T7tpTqdx0wcAAAAAAAAAAAAAAQAAAQ.jpg,A_LJALQ5tQhGoAAAAAAAAAAAAAAQAAAQ.jpg,0,159,246
oO24Om4hRGmWxTCA3nJ4iwAAACMAARAD.jpg,A_dNSRRpBZtmMAAAAAAAAAAAAAAQAAAQ.jpg,0,211,48
A_50hVQpJOh38AAAAAAAAAAAAAAQAAAQ.jpg,A_kxbuQLGIcJoAAAAAAAAAAAAAAQAAAQ.jpg,0,333,104
A_oVKNTpeuTjMAAAAAAAAAAAAAAQAAAQ.jpg,A_9rUXTan94pAAAAAAAAAAAAAAAQAAAQ.jpg,0,296,32
A_ufHTQ6U54sAAAAAAAAAAAAAAAQAAAQ.jpg,A_WKq6RIpKJSwAAAAAAAAAAAAAAQAAAQ.jpg,0,41,228
A_qlKSQJ59vsgAAAAAAAAAAAAAAQAAAQ.jpg,A_2bxUSqLc6wAAAAAAAAAAAAAAAQAAAQ.jpg,0,26,255
O1CN01fjcDg01yHK0TN1bE3_!!0-mtopupload.jpg,A_SyljToXBtGgAAAAAAAAAAAAAAQAAAQ.jpg,0,22,88
A_mcPlS6cWS-wAAAAAAAAAAAAAAQAAAQ.jpg,A_e69VSbQ41GQAAAAAAAAAAAAAAQAAAQ.jpg,0,55,299
A_dOGsSqcc4psAAAAAAAAAAAAAAQAAAQ.jpg,A_Oa8eT5Wc8OgAAAAAAAAAAAAAAQAAAQ.jpg,0,239,113
A_OrR4RrU6OP0AAAAAAAAAAAAAAQAAAQ.jpg,A_fCtlTa7af0gAAAAAAAAAAAAAAQAAAQ.jpg,0,212,227
A_H4FeQZ5TNVIAAAAAAAAAAAAAAQAAAQ.jpg,spShQhU4QW2E7C_-GrtwBwAAACMAARAD.jpg,0,349,72
A_DYI0S469juQAAAAAAAAAAAAAAQAAAQ.jpg,bMTOZCIyTXCpPa4ub3bHTQAAACMAARAD.jpg,0,223,72
O1CN01ukFKMv1kRwZQAdP64_!!0-mtopupload.jpg,A_0jiiRbW7afUAAAAAAAAAAAAAAQAAAQ.jpg,0,22,260
A_TwpZTY7QUIUAAAAAAAAAAAAAAQAAAQ.jpg,ZyHG3kTpSISXJaNBidsZFQAAACMAARAD.jpg,0,91,238
A_N0opT5roVPAAAAAAAAAAAAAAAQAAAQ.jpg,QiREoZZIR4-HVb2IYPQWXwAAACMAARED.jpg,0,242,209
A_FbS7RJkTRPMAAAAAAAAAAAAAAQAAAQ.jpg,A_reG_T7bejwwAAAAAAAAAAAAAAQAAAQ.jpg,0,99,304
A_ncTYTqtScNEAAAAAAAAAAAAAAQAAAQ.jpg,A_rGSuTZXVuRUGn2pDh9p9vgAAAQAAAQ.jpg,0,299,2
A_wDwzTJgE4z0AAAAAAAAAAAAAAQAAAQ.jpg,A__zLJQayQmP0AAAAAAAAAAAAAAQAAAQ.jpg,0,103,91
A_RNCjTKWjh0YAAAAAAAAAAAAAAQAAAQ.jpg,A_cUEKTLA6SR4AAAAAAAAAAAAAAQAAAQ.jpg,0,106,312
3TWmN3cgR6O-z4Ry4M-TngAAACMAARAD.jpg,A_Ieo9SKFx2U0AAAAAAAAAAAAAAQAAAQ.jpg,0,132,82
A_UH_uSo5LjOsAAAAAAAAAAAAAAQAAAQ.jpg,A_Dl-rQYisXAQAAAAAAAAAAAAAAQAAAQ.jpg,0,101,37
A__dC3S5as98wAAAAAAAAAAAAAAQAAAQ.jpg,VjekR6ueSNOq94VvNYUcgAAAACMAARAD.jpg,0,279,310
PKvgCxspT06mVkCupz9C2QAAACMAARAD.jpg,A_eBxrT7u84_YAAAAAAAAAAAAAAQAAAQ.jpg,0,134,276
A_jO7PT6D764gAAAAAAAAAAAAAAQAAAQ.jpg,6FeS5IF9S-6wW1rE2DkkNgAAACMAARAD.jpg,0,106,321
A_bWQgQawVwX4AAAAAAAAAAAAAAQAAAQ.jpg,ZAn-g8hsST-RLZKUI_1_YgAAACMAARAD.jpg,0,90,177
A_9SFeTb8NkdwAAAAAAAAAAAAAAQAAAQ.jpg,A_kLiUS4oxWiEAAAAAAAAAAAAAAQAAAQ.jpg,0,80,171
A_VV-4R7Xfd1CSPTlGqoBE1gAAAQAAAQ.jpg,A__NR8QZ1qcjQAAAAAAAAAAAAAAQAAAQ.jpg,0,221,97
A_cKTpQK7jeCMAAAAAAAAAAAAAAQAAAQ.jpg,A_wOfbQoNWSAQAAAAAAAAAAAAAAQAAAQ.jpg,0,143,2
A_8HNgToSMI-0AAAAAAAAAAAAAAQAAAQ.jpg,A_nxAwQ7FMivcAAAAAAAAAAAAAAQAAAQ.jpg,0,5,338
A_EVAPRrwpj30AAAAAAAAAAAAAAQAAAQ.jpg,A_zxzNQqQfYAMAAAAAAAAAAAAAAQAAAQ.jpg,0,46,145
A_8wJfSLcHUG4AAAAAAAAAAAAAAQAAAQ.jpg,zQs0kBsAS2mS20h_2hp37AAAACMAARAD.jpg,0,12,316
A_bv-GT6sWBVEAAAAAAAAAAAAAAQAAAQ.jpg,A_ToioR6w5lKgAAAAAAAAAAAAAAQAAAQ.jpg,0,254,283
A_8P78SYHj8vsAAAAAAAAAAAAAAQAAAQ.jpg,A__53oQqKI9vwAAAAAAAAAAAAAAQAAAQ.jpg,0,312,340
A_hmzySYUBMZIAAAAAAAAAAAAAAQAAAQ.jpg,A_L9_gSaoQ_w8AAAAAAAAAAAAAAQAAAQ.jpg,0,38,234
A_CbtxSYI7W3wAAAAAAAAAAAAAAQAAAQ.jpg,A__2g8SIdev1YAAAAAAAAAAAAAAQAAAQ.jpg,0,280,153
eQT1_8OmRpKNZ41LUV90mQAAACMAARAD.jpg,A_Sdv3QYReNXkAAAAAAAAAAAAAAQAAAQ.jpg,0,6,250
A_SXh7Qo_BhxkAAAAAAAAAAAAAAQAAAQ.jpg,A_wI14S5Qnc-kAAAAAAAAAAAAAAQAAAQ.jpg,0,292,58
A_xKkVSpQDOR8AAAAAAAAAAAAAAQAAAQ.jpg,A_UA5VQr9DJc0AAAAAAAAAAAAAAQAAAQ.jpg,0,79,139
A_Ah0RSqD5FGsAAAAAAAAAAAAAAQAAAQ.jpg,A_5P07RJ-PIlkAAAAAAAAAAAAAAQAAAQ.jpg,0,118,76
A_pNVfTIS6svkAAAAAAAAAAAAAAQAAAQ.jpg,A_rGSuTZXVuRUGn2pDh9p9vgAAAQAAAQ.jpg,0,293,2
A_LRDNQb_6khoAAAAAAAAAAAAAAQAAAQ.jpg,A_lq89RbvKMb8AAAAAAAAAAAAAAQAAAQ.jpg,0,342,302
A_L_fMQ4YgTbUAAAAAAAAAAAAAAQAAAQ.jpg,A_cwDhQLizVhEAAAAAAAAAAAAAAQAAAQ.jpg,0,125,159
A_0eHqSotZJB4AAAAAAAAAAAAAAQAAAQ.jpg,A_5x9gRIcmjIsAAAAAAAAAAAAAAQAAAQ.jpg,0,126,244
A_B416T40hjHAAAAAAAAAAAAAAAQAAAQ.jpg,A_pMrhQLroe0IAAAAAAAAAAAAAAQAAAQ.jpg,0,116,319
qt9ydc-FTHqABlnv0E338AAAACMAARAD.jpg,A_6wWbR7D5KboAAAAAAAAAAAAAAQAAAQ.jpg,0,150,61
A_UXmITL-h8LMAAAAAAAAAAAAAAQAAAQ.jpg,A_yhhDQbrQfGd8ld9BhzssNAAAAQAAAQ.jpg,0,140,206
A_SHknSoOqca0AAAAAAAAAAAAAAQAAAQ.jpg,i_qZgpvUQ6CuKFZzKixaaQAAACMAARAD.jpg,0,161,323
A_a5OsTbYWWVQAAAAAAAAAAAAAAQAAAQ.jpg,A_9TXZTICb-ssAAAAAAAAAAAAAAQAAAQ.jpg,0,137,189
_Gk8A1x2SNG4u7FHq0Ix4wAAACMAARAD.jpg,A_m4UIQaz3nSYAAAAAAAAAAAAAAQAAAQ.jpg,0,72,147
A_sltnS47XRVEAAAAAAAAAAAAAAQAAAQ.jpg,A_6nznR7Ek9MQAAAAAAAAAAAAAAQAAAQ.jpg,0,201,349
A_1iq-SaD4TSYAAAAAAAAAAAAAAQAAAQ.jpg,A_F67BSool6_AAAAAAAAAAAAAAAQAAAQ.jpg,0,300,92
A_HdTBQ4sX5vwAAAAAAAAAAAAAAQAAAQ.jpg,A_y6cGQZTV6wkAAAAAAAAAAAAAAQAAAQ.jpg,0,195,329
A_K-1tRZOChRUAAAAAAAAAAAAAAQAAAQ.jpg,A_vgbBT4flQykAAAAAAAAAAAAAAQAAAQ.jpg,0,181,279
A_OtoGQIQE13QAAAAAAAAAAAAAAQAAAQ.jpg,A_uqQZTalXwHYAAAAAAAAAAAAAAQAAAQ.jpg,0,10,301
T9sfxIkpSdiBNdMd91kAeAAAACMAARAD.jpg,A_JiCCQqK4VcEAAAAAAAAAAAAAAQAAAQ.jpg,0,321,92
A_CKcESIEZPPsAAAAAAAAAAAAAAQAAAQ.jpg,BmtxLNdXTdqX4SH1-mkYHQAAACMAARAD.jpg,0,198,56
A_ab2UR5VE8pYAAAAAAAAAAAAAAQAAAQ.jpg,A_aMsUT5Uw1pYAAAAAAAAAAAAAAQAAAQ.jpg,0,49,337
A_WgcxSLmAZ9YAAAAAAAAAAAAAAQAAAQ.jpg,yzkrh0IDQUS0CKZZtweE0gAAACMAARAD.jpg,0,15,99
A_-XUaRqtBWX4AAAAAAAAAAAAAAQAAAQ.jpg,A_Y7LpQZ9WcMQAAAAAAAAAAAAAAQAAAQ.jpg,0,159,297
A_ZBNoSpCehbIAAAAAAAAAAAAAAQAAAQ.jpg,A_zfSUS4jx5k4AAAAAAAAAAAAAAQAAAQ.jpg,0,294,303
A_IeYUSZHnPzOciWNLuhXRvwAAAQAAAQ.jpg,A_Z7bIS7KQQFUAAAAAAAAAAAAAAQAAAQ.jpg,0,96,83
A__FI5Q5Jfi3EAAAAAAAAAAAAAAQAAAQ.jpg,A_NfYdSZ8-0FYAAAAAAAAAAAAAAQAAAQ.jpg,0,29,126
A_rMDcQZ59WB8AAAAAAAAAAAAAAQAAAQ.jpg,A_wdK2RIoM3SQAAAAAAAAAAAAAAQAAAQ.jpg,0,97,158
A_hD3uRIAU8WkAAAAAAAAAAAAAAQAAAQ.jpg,A_fGXbTY1iJoEAAAAAAAAAAAAAAQAAAQ.jpg,0,281,212
A_VJVSRaHUMhcAAAAAAAAAAAAAAQAAAQ.jpg,A_X5hASJq4FlIAAAAAAAAAAAAAAQAAAQ.jpg,0,169,240
nJgaXjMbQz6gOoKCxrXfQAAAACMAARAD.jpg,A_bmK8TYWpYpoAAAAAAAAAAAAAAQAAAQ.jpg,0,71,203
A_Ws9rTr4ssSIAAAAAAAAAAAAAAQAAAQ.jpg,MkS_FJIUSj-AkfBJ2KVoEwAAACMAARAD.jpg,0,159,208
A__FI5Q5Jfi3EAAAAAAAAAAAAAAQAAAQ.jpg,A_EVPKRbZgOYgAAAAAAAAAAAAAAQAAAQ.jpg,0,29,136
A_a-RNSrOUV5IAAAAAAAAAAAAAAQAAAQ.jpg,A_JFQFRqCRuosXeWdMn9bYtQAAAQAAAQ.jpg,0,296,68
A_3RTJT4kY-YoAAAAAAAAAAAAAAQAAAQ.jpg,A_LUknQ5zwlPEAAAAAAAAAAAAAAQAAAQ.jpg,0,118,288
A_vsngRpRhfFsAAAAAAAAAAAAAAQAAAQ.jpg,A_kCm8SqJ4xbQAAAAAAAAAAAAAAQAAAQ.jpg,0,112,299
A_lvCUQay2busAAAAAAAAAAAAAAQAAAQ.jpg,A_yowNRYq4KGcAAAAAAAAAAAAAAQAAAQ.jpg,0,226,242
XDjg9OcHR_imQ2hoka747gAAACMAARAD.jpg,A_g-_gS6bU8hYAAAAAAAAAAAAAAQAAAQ.jpg,0,208,216
spShQhU4QW2E7C_-GrtwBwAAACMAARAD.jpg,A_chnJTr6v4Y9vQqpAmLZa1AAAAQAAAQ.jpg,0,72,216
A__jF0T41lCBMAAAAAAAAAAAAAAQAAAQ.jpg,A_i-nLRI_4Z-QAAAAAAAAAAAAAAQAAAQ.jpg,0,218,313
A_BHAZQqSI3N4AAAAAAAAAAAAAAQAAAQ.jpg,A_g-92SYG_mcMAAAAAAAAAAAAAAQAAAQ.jpg,0,252,184
A_uNzLSLfbVYsAAAAAAAAAAAAAAQAAAQ.jpg,A_tqW9T6Gr5LAAAAAAAAAAAAAAAQAAAQ.jpg,0,210,110
A_o6tyRpwL8I0AAAAAAAAAAAAAAQAAAQ.jpg,A_PLH0TI0npUYAAAAAAAAAAAAAAQAAAQ.jpg,0,100,294
A_wdK2RIoM3SQAAAAAAAAAAAAAAQAAAQ.jpg,A_9EM2TajlqXoAAAAAAAAAAAAAAQAAAQ.jpg,0,158,58
A_GtTURpEqgsQAAAAAAAAAAAAAAQAAAQ.jpg,A_FgqDQY4q28cAAAAAAAAAAAAAAQAAAQ.jpg,0,111,104
A_DcniRp1IRU0AAAAAAAAAAAAAAQAAAQ.jpg,A_otkrQ6x55ioAAAAAAAAAAAAAAQAAAQ.jpg,0,320,123
A_KXFaQ7PvD3gAAAAAAAAAAAAAAQAAAQ.jpg,A_JUa9QZwAOOgAAAAAAAAAAAAAAQAAAQ.jpg,0,169,298
A_5P07RJ-PIlkAAAAAAAAAAAAAAQAAAQ.jpg,A_wDwzTJgE4z0AAAAAAAAAAAAAAQAAAQ.jpg,0,76,103
A_rZL0S6dvFYsAAAAAAAAAAAAAAQAAAQ.jpg,A_PYU8Qr4rH5YAAAAAAAAAAAAAAQAAAQ.jpg,0,175,19
A_CgA9TI6N9eIAAAAAAAAAAAAAAQAAAQ.jpg,A_QMXJRr8rzh4AAAAAAAAAAAAAAQAAAQ.jpg,0,227,300
A_X5hASJq4FlIAAAAAAAAAAAAAAQAAAQ.jpg,A_FeBCQrUGfIcAAAAAAAAAAAAAAQAAAQ.jpg,0,240,272
A_dmmqQrIoeIMAAAAAAAAAAAAAAQAAAQ.jpg,A_SPVDQZ3l49AAAAAAAAAAAAAAAQAAAQ.jpg,0,279,275
A_v9o_T5ly55wAAAAAAAAAAAAAAQAAAQ.jpg,A_r5lyTqEh9NQAAAAAAAAAAAAAAQAAAQ.jpg,0,344,170
A__z-iTZs2YvEAAAAAAAAAAAAAAQAAAQ.jpg,A_BelDQrZMthQAAAAAAAAAAAAAAQAAAQ.jpg,0,14,217
A_k6FNQbcqp4YAAAAAAAAAAAAAAQAAAQ.jpg,A_BUreSr9QuYgAAAAAAAAAAAAAAQAAAQ.jpg,0,143,337
A_Hr8iQJfMnWAAAAAAAAAAAAAAAQAAAQ.jpg,A_8P78SYHj8vsAAAAAAAAAAAAAAQAAAQ.jpg,0,86,312
A_CYraTbeA8PYAAAAAAAAAAAAAAQAAAQ.jpg,A_7boYR4gvvhMAAAAAAAAAAAAAAQAAAQ.jpg,0,245,152
dE5D0FnIS42ZuBi1OUZO3AAAACMAARAD.jpg,A_UIM0T5DUSJMAAAAAAAAAAAAAAQAAAQ.jpg,0,56,24
z7SRCrsfQqCFkfL-WxvKkAAAACMAARAD.jpg,A_TY-_RJN0r98AAAAAAAAAAAAAAQAAAQ.jpg,0,20,79
A_dI4zSai8yk8AAAAAAAAAAAAAAQAAAQ.jpg,A_NDzHTLNzG5MAAAAAAAAAAAAAAQAAAQ.jpg,0,221,235
A_mQvKR47IcpkAAAAAAAAAAAAAAQAAAQ.jpg,XDjg9OcHR_imQ2hoka747gAAACMAARAD.jpg,0,142,208
A_qlKSQJ59vsgAAAAAAAAAAAAAAQAAAQ.jpg,A_h0UnRoWDbBQAAAAAAAAAAAAAAQAAAQ.jpg,0,26,181
A_s3yWQZRsWqMAAAAAAAAAAAAAAQAAAQ.jpg,O4evSscSQOaRanT5DclZ5wAAACMAARAD.jpg,0,176,4
A_A17DRrV-btsAAAAAAAAAAAAAAQAAAQ.jpg,A_fNviRZaQBUIAAAAAAAAAAAAAAQAAAQ.jpg,0,33,151
A_y4kFR5GWHFQAAAAAAAAAAAAAAQAAAQ.jpg,A_j_V4R55jT3AAAAAAAAAAAAAAAQAAAQ.jpg,0,218,96
A_b8rTTZnRnF8AAAAAAAAAAAAAAQAAAQ.jpg,kVx_E1ohTniMFhLQU_YaagAAACMAARAD.jpg,0,172,316
A_IqiWR62avL8AAAAAAAAAAAAAAQAAAQ.jpg,A_lzVvRL-LTpYAAAAAAAAAAAAAAQAAAQ.jpg,0,206,225
X7bAJ7tFSBG_4F661zvLggAAACMAARAD.jpg,A_Va1UTrmeizMAAAAAAAAAAAAAAQAAAQ.jpg,0,207,17
A_19KTRKsU1bgAAAAAAAAAAAAAAQAAAQ.jpg,A_p05OT6oYxSoAAAAAAAAAAAAAAQAAAQ.jpg,0,59,11
gioGl7mwSCab39gMX8ARnAAAACMAARAD.jpg,A_jcJHTp85KP3Y3pFEtvZWcAAAAQAAAQ.jpg,0,177,64
A_f0N3RpGHGX4AAAAAAAAAAAAAAQAAAQ.jpg,A_zfe6Ta1sN6AAAAAAAAAAAAAAAQAAAQ.jpg,0,73,79
A_XSjzR59VqvHRlAVGm_RBAAAAAQAAAQ.jpg,A_KXFaQ7PvD3gAAAAAAAAAAAAAAQAAAQ.jpg,0,144,169
A_o-mERLc_dPYAAAAAAAAAAAAAAQAAAQ.jpg,A_A29dTpQ8IOwAAAAAAAAAAAAAAQAAAQ.jpg,0,300,124
A_qmTVSqXlh7UAAAAAAAAAAAAAAQAAAQ.jpg,A_mtcjT5-8fxIAAAAAAAAAAAAAAQAAAQ.jpg,0,105,60
A_VcXdQZCQUrIAAAAAAAAAAAAAAQAAAQ.jpg,A_PFW9QJAztYYAAAAAAAAAAAAAAQAAAQ.jpg,0,250,84
A_-pSrT6xClQcAAAAAAAAAAAAAAQAAAQ.jpg,A_ErnBQ6DQzEoAAAAAAAAAAAAAAQAAAQ.jpg,0,97,9
A_bJUVQLWonskAAAAAAAAAAAAAAQAAAQ.jpg,A_CSAAQqCz9coAAAAAAAAAAAAAAQAAAQ.jpg,0,344,117
A_Jz60TodhpGgUYFBLnH7ZnAAAAQAAAQ.jpg,A_k6J1RpHE-uEAAAAAAAAAAAAAAQAAAQ.jpg,0,99,131
A_Sgy4Q5WINnoAAAAAAAAAAAAAAQAAAQ.jpg,A_2yTCT6348MsAAAAAAAAAAAAAAQAAAQ.jpg,0,157,305
A_rmRYSoi_81sAAAAAAAAAAAAAAQAAAQ.jpg,A_CJEPQZwY7_LC6f1Fh61-vQAAAQAAAQ.jpg,0,218,191
A_aDhQT4JRtKIAAAAAAAAAAAAAAQAAAQ.jpg,A_SVMaQLMJtYIAAAAAAAAAAAAAAQAAAQ.jpg,0,275,238
A_bKPlQL4w2iUAAAAAAAAAAAAAAQAAAQ.jpg,A_cbghTYuoEzQAAAAAAAAAAAAAAQAAAQ.jpg,0,345,314
A_4ZfXQLOWYBsAAAAAAAAAAAAAAQAAAQ.jpg,A_B17tQL9G7GAAAAAAAAAAAAAAAQAAAQ.jpg,0,97,331
A_SJTyRbZbs-8AAAAAAAAAAAAAAQAAAQ.jpg,A_ZovJRIoln2wAAAAAAAAAAAAAAQAAAQ.jpg,0,149,47
A_D9w_QbDG9s4AAAAAAAAAAAAAAQAAAQ.jpg,FjU3DCiVRJi-p0oNR-tAGgAAACMAARAD.jpg,0,26,27
A_PKUBTpVo1sQAAAAAAAAAAAAAAQAAAQ.jpg,A_fDM3T7_Er0wAAAAAAAAAAAAAAQAAAQ.jpg,0,9,21
jjWLPK10Q3S11BG3fnopQgAAACMAARAD.jpg,A_A3vxSa7MGD4AAAAAAAAAAAAAAQAAAQ.jpg,0,188,29
A_BFoHTKmmZckAAAAAAAAAAAAAAQAAAQ.jpg,A_c8JATZGzi1cAAAAAAAAAAAAAAQAAAQ.jpg,0,345,156
A_zj1HS5Be7c4AAAAAAAAAAAAAAQAAAQ.jpg,A_TiDfT7B8BmwAAAAAAAAAAAAAAQAAAQ.jpg,0,197,152
A_r5lyTqEh9NQAAAAAAAAAAAAAAQAAAQ.jpg,A_yBncQYqQkt4AAAAAAAAAAAAAAQAAAQ.jpg,0,170,250
A_hB7UQZ1wHGQAAAAAAAAAAAAAAQAAAQ.jpg,MkS_FJIUSj-AkfBJ2KVoEwAAACMAARAD.jpg,0,183,208
VH_MJsWWTsmHaQP-fiUEjwAAACMAARAD.jpg,A_D4eMSbEh5C8AAAAAAAAAAAAAAQAAAQ.jpg,0,56,202
A_zIdqT5wAadAAAAAAAAAAAAAAAQAAAQ.jpg,A_wxWxSZH1r_QAAAAAAAAAAAAAAQAAAQ.jpg,0,297,293
A_i86wS72-_lQAAAAAAAAAAAAAAQAAAQ.jpg,A_9nbgRqR5TioAAAAAAAAAAAAAAQAAAQ.jpg,0,224,135
A_UH_uSo5LjOsAAAAAAAAAAAAAAQAAAQ.jpg,A_AuorQ4yCMh0AAAAAAAAAAAAAAQAAAQ.jpg,0,101,161
A_k6J1RpHE-uEAAAAAAAAAAAAAAQAAAQ.jpg,A_HlrvTLj4tU8AAAAAAAAAAAAAAQAAAQ.jpg,0,131,289
A_92iARaRRPR8AAAAAAAAAAAAAAQAAAQ.jpg,A_7iu8TpXAj0QAAAAAAAAAAAAAAQAAAQ.jpg,0,84,251
A_8hQJTq1WHRsAAAAAAAAAAAAAAQAAAQ.jpg,A_Mxe5T4Zt64cAAAAAAAAAAAAAAQAAAQ.jpg,0,51,237
A_3RTJT4kY-YoAAAAAAAAAAAAAAQAAAQ.jpg,A_r5lyTqEh9NQAAAAAAAAAAAAAAQAAAQ.jpg,0,118,170
A_Rx6HR586O4sAAAAAAAAAAAAAAQAAAQ.jpg,A_sUiCS7uVW54AAAAAAAAAAAAAAQAAAQ.jpg,0,325,227
A_VsLNT7sWz3wAAAAAAAAAAAAAAQAAAQ.jpg,A_Efp6QLrSZ-gAAAAAAAAAAAAAAQAAAQ.jpg,0,322,274
A_OVixS5gitWkAAAAAAAAAAAAAAQAAAQ.jpg,A_BUreSr9QuYgAAAAAAAAAAAAAAQAAAQ.jpg,0,118,337
A_xkbbR6DqPbwAAAAAAAAAAAAAAQAAAQ.jpg,4PnTMDonSgyab2bzQ-yK9wAAACMAARAD.jpg,0,288,192
A_qK0OTL76_bMAAAAAAAAAAAAAAQAAAQ.jpg,A_hiF9SJL03uIAAAAAAAAAAAAAAQAAAQ.jpg,0,21,214
A_JeVRS799a2wAAAAAAAAAAAAAAQAAAQ.jpg,A_XRkvR6_24JoAAAAAAAAAAAAAAQAAAQ.jpg,0,122,197
M00cOfTlQD-7SbSDoVEZiwAAACMAARAD.jpg,A_j3DbSYcsPaAAAAAAAAAAAAAAAQAAAQ.jpg,0,323,114
A_G93uT5tp26QAAAAAAAAAAAAAAQAAAQ.jpg,wlvKhmPsRnuzCvy0hg9dSQAAACMAARAD.jpg,0,194,282
A_r0rxRqzUNowAAAAAAAAAAAAAAQAAAQ.jpg,A_5fm-SLP_qg8AAAAAAAAAAAAAAQAAAQ.jpg,0,241,112
A_h4c5Sad3a7IAAAAAAAAAAAAAAQAAAQ.jpg,CGF0IrWnSRGBFZV0QP-bbAAAACMAARAD.jpg,0,40,219
A_MwufRZG5iJ8AAAAAAAAAAAAAAQAAAQ.jpg,qyqNN_HDShqToEUCAcDKYQAAACMAARAD.jpg,0,236,291
dE5D0FnIS42ZuBi1OUZO3AAAACMAARAD.jpg,A_EVPKRbZgOYgAAAAAAAAAAAAAAQAAAQ.jpg,0,56,136
6s492Y5LR5Kto8OzVdvpHQAAACMAARAD.jpg,A_BjK-Q5Y-6PIAAAAAAAAAAAAAAQAAAQ.jpg,0,120,67
A_HmXwR5kRF3UAAAAAAAAAAAAAAQAAAQ.jpg,A_3BuiQbibhO8AAAAAAAAAAAAAAQAAAQ.jpg,0,15,9
A_4UKXTpg0lCgAAAAAAAAAAAAAAQAAAQ.jpg,A_kcFGTZE2RQoAAAAAAAAAAAAAAQAAAQ.jpg,0,180,74
A_kQDWQJm3qKQAAAAAAAAAAAAAAQAAAQ.jpg,A_8SMFQ4ABOP4AAAAAAAAAAAAAAQAAAQ.jpg,0,32,78
A_ANj4S6gZrSgAAAAAAAAAAAAAAQAAAQ.jpg,A_ZKeCRqrD48cAAAAAAAAAAAAAAQAAAQ.jpg,0,92,288
4AGq8NKSRuOp1uokfOiJnwAAACMAARAD.jpg,HqCc8PT8QMalF5QdbcP9UwAAACMAARAD.jpg,0,52,107
A_E-xxRLjoDi0AAAAAAAAAAAAAAQAAAQ.jpg,A_mwbHSqmRhcQAAAAAAAAAAAAAAQAAAQ.jpg,0,115,253
A_f2fKQbfNF8MAAAAAAAAAAAAAAQAAAQ.jpg,A_JZpaTZWaJs8AAAAAAAAAAAAAAQAAAQ.jpg,0,140,62
A_ab2UR5VE8pYAAAAAAAAAAAAAAQAAAQ.jpg,A__rJuT4Ht2V0AAAAAAAAAAAAAAQAAAQ.jpg,0,49,205
A_nrfAQ5bLQPoAAAAAAAAAAAAAAQAAAQ.jpg,A_Y7LpQZ9WcMQAAAAAAAAAAAAAAQAAAQ.jpg,0,251,297
A_vTQoRLws130AAAAAAAAAAAAAAQAAAQ.jpg,A_s3yWQZRsWqMAAAAAAAAAAAAAAQAAAQ.jpg,0,287,176
A_cbghTYuoEzQAAAAAAAAAAAAAAQAAAQ.jpg,A_juPfTZQWNPEAAAAAAAAAAAAAAQAAAQ.jpg,0,314,30
A_13kDRrNTRTIAAAAAAAAAAAAAAQAAAQ.jpg,A_ZlCjSaYPrmAAAAAAAAAAAAAAAQAAAQ.jpg,0,250,336
A_50hVQpJOh38AAAAAAAAAAAAAAQAAAQ.jpg,A_IOFuS4ljD_MAAAAAAAAAAAAAAQAAAQ.jpg,0,333,57
A_PLpYQbchnYsAAAAAAAAAAAAAAQAAAQ.jpg,A_a-RNSrOUV5IAAAAAAAAAAAAAAQAAAQ.jpg,0,7,296
A_wpTZRJrKEPsAAAAAAAAAAAAAAQAAAQ.jpg,A_atr-Q7oa0ywAAAAAAAAAAAAAAQAAAQ.jpg,0,38,43
s-goRr4zRqihodt8c49wvwAAACMAARAD.jpg,A_kKmNR65xnvsAAAAAAAAAAAAAAQAAAQ.jpg,0,174,195
A_TFw1RY0S3r8AAAAAAAAAAAAAAQAAAQ.jpg,A_m7-sRo3H-HgAAAAAAAAAAAAAAQAAAQ.jpg,0,335,330
A_Z4zcS4aqMeIAAAAAAAAAAAAAAQAAAQ.jpg,A_XRkvR6_24JoAAAAAAAAAAAAAAQAAAQ.jpg,0,253,197
A_cKh6QbFC51wAAAAAAAAAAAAAAQAAAQ.jpg,A_wI14S5Qnc-kAAAAAAAAAAAAAAQAAAQ.jpg,0,169,58
A_qdWxRaREskIAAAAAAAAAAAAAAQAAAQ.jpg,A_yFmGSo2bp-cAAAAAAAAAAAAAAQAAAQ.jpg,0,298,248
A_lPHeQo7aiawAAAAAAAAAAAAAAQAAAQ.jpg,A_izLaT4q7z-8AAAAAAAAAAAAAAQAAAQ.jpg,0,189,160
A_EZU5Q47i9PQAAAAAAAAAAAAAAQAAAQ.jpg,A_FSyZQ40qPbEAAAAAAAAAAAAAAQAAAQ.jpg,0,16,257
A_BA6tQ66OKSUAAAAAAAAAAAAAAQAAAQ.jpg,A_9OP_RqOi65cAAAAAAAAAAAAAAQAAAQ.jpg,0,43,159
A_RzqRQprkIBoAAAAAAAAAAAAAAQAAAQ.jpg,A_uskbRJwK4XwAAAAAAAAAAAAAAQAAAQ.jpg,0,44,154
Gy5X3mM5RdSB0CqW4GSoGwAAACMAARAD.jpg,A_DTn9RaIFKaUAAAAAAAAAAAAAAQAAAQ.jpg,0,291,246
A_WRYZRKOZPL4AAAAAAAAAAAAAAQAAAQ.jpg,A_2SYrSID-5CkAAAAAAAAAAAAAAQAAAQ.jpg,0,130,181
A_QMXJRr8rzh4AAAAAAAAAAAAAAQAAAQ.jpg,A_OrR4RrU6OP0AAAAAAAAAAAAAAQAAAQ.jpg,0,300,212
A_h0wES7JMcj8AAAAAAAAAAAAAAQAAAQ.jpg,40cC6HWzRva34jaC_YZZAwAAACMAARED.jpg,0,293,128
A_O8IBS7bcXMAAAAAAAAAAAAAAAQAAAQ.jpg,A_UQQgTbu6c8UAAAAAAAAAAAAAAQAAAQ.jpg,0,196,90
A_Cl0sQ69mrY4AAAAAAAAAAAAAAQAAAQ.jpg,ZHZk4AZQS--WR22W_HmhtwAAACMAARAD.jpg,0,341,109
A_SJTyRbZbs-8AAAAAAAAAAAAAAQAAAQ.jpg,A_zwTrTZWKybsAAAAAAAAAAAAAAQAAAQ.jpg,0,149,87
A_qiavTY4V5OwAAAAAAAAAAAAAAQAAAQ.jpg,A_wr26TqasgdEAAAAAAAAAAAAAAQAAAQ.jpg,0,45,165
A_7HodQI2rtSUAAAAAAAAAAAAAAQAAAQ.jpg,A_CHCqQrj2mVQAAAAAAAAAAAAAAQAAAQ.jpg,0,24,303
A_gyLzR4cxZpIAAAAAAAAAAAAAAQAAAQ.jpg,PXhnsQ6BSAW7VRUKjS1fswAAACMAARAD.jpg,0,274,70
A_eKPdQ7NuzWMAAAAAAAAAAAAAAQAAAQ.jpg,A_aEr8SogcnnIAAAAAAAAAAAAAAQAAAQ.jpg,0,79,311
A_ryBhQJmZFnUAAAAAAAAAAAAAAQAAAQ.jpg,tZ9Ffj0eTdiamVFL64HrAwAAACMAARAD.jpg,0,267,72
A_mbl_QJe6wqwAAAAAAAAAAAAAAQAAAQ.jpg,A_0elSSaRbFWQAAAAAAAAAAAAAAQAAAQ.jpg,0,168,46
A_P_orQb_1tnYAAAAAAAAAAAAAAQAAAQ.jpg,A_kQDWQJm3qKQAAAAAAAAAAAAAAQAAAQ.jpg,0,269,32
A_hqAJQ6LPFncAAAAAAAAAAAAAAQAAAQ.jpg,A_YhBkQq-gKQAAAAAAAAAAAAAAAQAAAQ.jpg,0,108,302
A_3sPRTprtYa8AAAAAAAAAAAAAAQAAAQ.jpg,A_4ZfXQLOWYBsAAAAAAAAAAAAAAQAAAQ.jpg,0,66,97
8Qwjp3LcQ3iDOb7i9kMsegAAACMAARAD.jpg,A_C3FBR7ESg0MAAAAAAAAAAAAAAQAAAQ.jpg,0,20,198
A_Jz60TodhpGgUYFBLnH7ZnAAAAQAAAQ.jpg,A_00wGQ6p8j_UAAAAAAAAAAAAAAQAAAQ.jpg,0,99,214
A_dIlQSIobnFAAAAAAAAAAAAAAAQAAAQ.jpg,55fo6TlLS8mFijkrYINs0AAAACMAARAD.jpg,0,45,56
A_roDNRZHSdREAAAAAAAAAAAAAAQAAAQ.jpg,A_XJPfQZIMlRoAAAAAAAAAAAAAAQAAAQ.jpg,0,88,320
AG7rU6obTP2cA80UVvA9VgAAACMAARAD.jpg,A_cwDhQLizVhEAAAAAAAAAAAAAAQAAAQ.jpg,0,120,159
A_XiKLT6SCDZsAAAAAAAAAAAAAAQAAAQ.jpg,A_FEs-Ro6DnjoAAAAAAAAAAAAAAQAAAQ.jpg,0,168,267
A_gmv7RZlv2wwAAAAAAAAAAAAAAQAAAQ.jpg,A_LUknQ5zwlPEAAAAAAAAAAAAAAQAAAQ.jpg,0,263,288
A_FxEiTbFDhBMAAAAAAAAAAAAAAQAAAQ.jpg,A_pO8kQqJBt3EAAAAAAAAAAAAAAQAAAQ.jpg,0,21,39
7B--srC_TKKKH1ccdVhHJQAAACMAARAD.jpg,Z1qDRVboSz625P_djDkBSwAAACMAARAD.jpg,0,6,315
A_SUhQQqbmlOwAAAAAAAAAAAAAAQAAAQ.jpg,A_P5b9TYwVLCMAAAAAAAAAAAAAAQAAAQ.jpg,0,168,213
A_YzaKT4AwIvIAAAAAAAAAAAAAAQAAAQ.jpg,elfhVqTdQpWv6R3PsHqMjQAAACMAARAD.jpg,0,26,188
A_dQdlSJStdV8AAAAAAAAAAAAAAQAAAQ.jpg,A_1y6dQaZsLNQAAAAAAAAAAAAAAQAAAQ.jpg,0,292,100
A_mHpGR5oYn_kAAAAAAAAAAAAAAQAAAQ.jpg,A_FbS7RJkTRPNfx85Au_Zp3gAAAQAAAQ.jpg,0,320,99
A_A3vxSa7MGD4AAAAAAAAAAAAAAQAAAQ.jpg,FzycvDuPSGu-ef2sruqE3wAAACMAARAD.jpg,0,29,150
A_rXDyRppz13cAAAAAAAAAAAAAAQAAAQ.jpg,A_i7AkRLef484AAAAAAAAAAAAAAQAAAQ.jpg,0,76,240
A_GNvgRp7nzOkAAAAAAAAAAAAAAQAAAQ.jpg,A_qdWxRaREskIAAAAAAAAAAAAAAQAAAQ.jpg,0,47,298
A_WxikTrz0dTUAAAAAAAAAAAAAAQAAAQ.jpg,A_egMEQo8dtdIAAAAAAAAAAAAAAQAAAQ.jpg,0,274,111
A_MkJtQKVpPRIAAAAAAAAAAAAAAQAAAQ.jpg,A_DY8LQqsgHUkAAAAAAAAAAAAAAQAAAQ.jpg,0,232,259
A_tjfGT6CxgFAAAAAAAAAAAAAAAQAAAQ.jpg,A_2iAoQIypnLoAAAAAAAAAAAAAAQAAAQ.jpg,0,347,254
A_yAvwQ7uJzdYAAAAAAAAAAAAAAQAAAQ.jpg,A_DOgCRJB2qgIAAAAAAAAAAAAAAQAAAQ.jpg,0,76,339
A_Oa8eT5Wc8OgAAAAAAAAAAAAAAQAAAQ.jpg,A_S4LDTLYmuK0AAAAAAAAAAAAAAQAAAQ.jpg,0,113,36
A_KdR7So14o4sAAAAAAAAAAAAAAQAAAQ.jpg,A_UA5VQr9DJc0AAAAAAAAAAAAAAQAAAQ.jpg,0,36,139
A_CgA9TI6N9eIAAAAAAAAAAAAAAQAAAQ.jpg,WNf53_8ITqK97-33UL-ISgAAACMAARAD.jpg,0,227,155
A_48nEQqmxm1UAAAAAAAAAAAAAAQAAAQ.jpg,A_yrFZSaXtfAEAAAAAAAAAAAAAAQAAAQ.jpg,0,292,162
A_CSAAQqCz9coAAAAAAAAAAAAAAQAAAQ.jpg,A_J29lTq0PoBYAAAAAAAAAAAAAAQAAAQ.jpg,0,117,83
A_izLaT4q7z-8AAAAAAAAAAAAAAQAAAQ.jpg,A_lPwKS7HXTIUAAAAAAAAAAAAAAQAAAQ.jpg,0,160,309
A_WJZqQYuskC4AAAAAAAAAAAAAAQAAAQ.jpg,A_OrR4RrU6OP0AAAAAAAAAAAAAAQAAAQ.jpg,0,335,212
gpZWgwFPRP-Iq02OHwMZPgAAACMAARAD.jpg,A_Jz60TodhpGgUYFBLnH7ZnAAAAQAAAQ.jpg,0,52,99
ZyHG3kTpSISXJaNBidsZFQAAACMAARAD.jpg,A_C_r4QL5_wX0AAAAAAAAAAAAAAQAAAQ.jpg,0,238,121
A_AMHwR48il0gAAAAAAAAAAAAAAQAAAQ.jpg,A_q0dFR7cGWkQAAAAAAAAAAAAAAQAAAQ.jpg,0,139,123
O1CN01ukFKMv1kRwZQAdP64_!!0-mtopupload.jpg,A_aMDbQ5OmVQ4AAAAAAAAAAAAAAQAAAQ.jpg,0,22,95
A_SD6EQ6H3_WcAAAAAAAAAAAAAAQAAAQ.jpg,A_UBFIRp0LaJAAAAAAAAAAAAAAAQAAAQ.jpg,0,47,199
crE-yGuKTyaiQLaA4borcAAAACMAARAD.jpg,A_aDhQT4JRtKIAAAAAAAAAAAAAAQAAAQ.jpg,0,109,275
A_S4LDTLYmuK0AAAAAAAAAAAAAAQAAAQ.jpg,A_JDCBRYXWhPEAAAAAAAAAAAAAAQAAAQ.jpg,0,36,320
A_iAk4T7b-HD4AAAAAAAAAAAAAAQAAAQ.jpg,A_Va1UTrmeizMAAAAAAAAAAAAAAQAAAQ.jpg,0,337,17
A_d04cQ7TfTSEAAAAAAAAAAAAAAQAAAQ.jpg,A_yFmGSo2bp-cAAAAAAAAAAAAAAQAAAQ.jpg,0,39,248
A_n9rlSYbLOVMAAAAAAAAAAAAAAQAAAQ.jpg,A_Ws9rTr4ssSIAAAAAAAAAAAAAAQAAAQ.jpg,0,300,159
A_hdpuRLEj1id2OI1JoO1-QAAAAQAAAQ.jpg,A_7HFFRY87DBIAAAAAAAAAAAAAAQAAAQ.jpg,0,326,301
WONvMSM7TiuLnaBmvKNEiAAAACMAARAD.jpg,A_846cT62QLOEAAAAAAAAAAAAAAQAAAQ.jpg,0,155,10
A_-mntSLpmrZwAAAAAAAAAAAAAAQAAAQ.jpg,A_stIeTZ6xLSQAAAAAAAAAAAAAAQAAAQ.jpg,0,149,172
A_VJVSRaHUMhcAAAAAAAAAAAAAAQAAAQ.jpg,A_bKPlQL4w2iUAAAAAAAAAAAAAAQAAAQ.jpg,0,169,345
uKy0yW2aSKGHTpR2lfUysQAAACMAARAD.jpg,A_xigkRLl7oW4AAAAAAAAAAAAAAQAAAQ.jpg,0,132,230
A_ceTJQKFD4CcAAAAAAAAAAAAAAQAAAQ.jpg,A_O-HYQbAzM04AAAAAAAAAAAAAAQAAAQ.jpg,0,277,61
A_WxikTrz0dTUAAAAAAAAAAAAAAQAAAQ.jpg,A_QQI2TrP_nAAAAAAAAAAAAAAAAQAAAQ.jpg,0,274,199
A_XkL2TbqrMEwAAAAAAAAAAAAAAQAAAQ.jpg,A_C4yWR6KggDwAAAAAAAAAAAAAAQAAAQ.jpg,0,178,61
A_dfRbQI26OtwAAAAAAAAAAAAAAQAAAQ.jpg,A_pNAcQKJ6yH4AAAAAAAAAAAAAAQAAAQ.jpg,0,58,344
A_sDy8TZweP6MAAAAAAAAAAAAAAQAAAQ.jpg,A_ZlCjSaYPrmAAAAAAAAAAAAAAAQAAAQ.jpg,0,344,336
A_XNHHSZlJH00AAAAAAAAAAAAAAQAAAQ.jpg,A_mHpGR5oYn_kAAAAAAAAAAAAAAQAAAQ.jpg,0,153,320
A_Saa1T617BOoAAAAAAAAAAAAAAQAAAQ.jpg,A_9BCoRZPtd4kAAAAAAAAAAAAAAQAAAQ.jpg,0,103,201
A_Db7ZTbup1uwAAAAAAAAAAAAAAQAAAQ.jpg,A_uSLAQKtJDr4AAAAAAAAAAAAAAQAAAQ.jpg,0,254,179
8qks6YhlRy-wDJtrkIZaIgAAACMAARAD.jpg,A_q1-cSYaye8AAAAAAAAAAAAAAAQAAAQ.jpg,0,316,279
A_oWLETqhT6YIAAAAAAAAAAAAAAQAAAQ.jpg,A_qr-cQJhu1vcAAAAAAAAAAAAAAQAAAQ.jpg,0,214,35
6RjEAJmWRo2IAW2PEigq5wAAACMAARAD.jpg,A_z9eNSqTAEzAAAAAAAAAAAAAAAQAAAQ.jpg,0,190,24
A_fdXCTprSOxYAAAAAAAAAAAAAAQAAAQ.jpg,A_PNRuRprSSG4AAAAAAAAAAAAAAQAAAQ.jpg,0,339,335
A_3muFRpfosX0AAAAAAAAAAAAAAQAAAQ.jpg,A_atr-Q7oa0ywAAAAAAAAAAAAAAQAAAQ.jpg,0,10,43
A_AQhlTojyuDEAAAAAAAAAAAAAAQAAAQ.jpg,A_HlrvTLj4tU8AAAAAAAAAAAAAAQAAAQ.jpg,0,231,289
A_NpaSRqrF3DwAAAAAAAAAAAAAAQAAAQ.jpg,_Gk8A1x2SNG4u7FHq0Ix4wAAACMAARAD.jpg,0,196,72
Z_Hv1amYSOKoJUJcV5cxjwAAACMAARAD.jpg,qHnFLmDMQMiYxAn70xvcRwAAACMAARAD.jpg,0,211,208
A_4h3wQKJ5JDUAAAAAAAAAAAAAAQAAAQ.jpg,A_sQf-QYhSGZIAAAAAAAAAAAAAAQAAAQ.jpg,0,212,52
A_p7msSIPIoxsAAAAAAAAAAAAAAQAAAQ.jpg,f6GMYs9cRVe3Vy5EDVVBpgAAACMAARAD.jpg,0,202,291
A_uJ6ISJ1NElsAAAAAAAAAAAAAAQAAAQ.jpg,A_8SMFQ4ABOP4AAAAAAAAAAAAAAQAAAQ.jpg,0,256,78
A_kiLeTKqEGUkAAAAAAAAAAAAAAQAAAQ.jpg,A_y4kFR5GWHFQAAAAAAAAAAAAAAQAAAQ.jpg,0,1,218
A_WRZPRYHu6xsAAAAAAAAAAAAAAQAAAQ.jpg,A_DcniRp1IRU0AAAAAAAAAAAAAAQAAAQ.jpg,0,106,320
A_uY8RT48iBmoAAAAAAAAAAAAAAQAAAQ.jpg,A_a-RNSrOUV5IAAAAAAAAAAAAAAQAAAQ.jpg,0,178,296
A_CosPQIcz5XEAAAAAAAAAAAAAAQAAAQ.jpg,A_92a6Tq_Mr68AAAAAAAAAAAAAAQAAAQ.jpg,0,48,175
A_zd7bSJAblkwAAAAAAAAAAAAAAQAAAQ.jpg,A_rGSuTZXVuRUGn2pDh9p9vgAAAQAAAQ.jpg,0,342,2
6g8v5a03RwKTmcG_80RgNwAAACMAARED.jpg,A_TnpqRIoO1cIAAAAAAAAAAAAAAQAAAQ.jpg,0,321,130
A_b2ToRI08f5UAAAAAAAAAAAAAAQAAAQ.jpg,A_6BoNTIj6Zn8AAAAAAAAAAAAAAQAAAQ.jpg,0,290,126
A_9Wo1SqHv_yIAAAAAAAAAAAAAAQAAAQ.jpg,A_vXcfRYxmGwMAAAAAAAAAAAAAAQAAAQ.jpg,0,313,85
A_OwX6S7nJKi4AAAAAAAAAAAAAAQAAAQ.jpg,A_UxuKRYc2x7YAAAAAAAAAAAAAAQAAAQ.jpg,0,220,173
xW1Mn56mRh-OB69ayDWmoQAAACMAARAD.jpg,A_ARs4S5uu-scAAAAAAAAAAAAAAQAAAQ.jpg,0,190,0
A_lq89RbvKMb8AAAAAAAAAAAAAAQAAAQ.jpg,dNTm6a6ZQU-tMrEpqKmLXwAAACMAARAD.jpg,0,302,56
A_pvSeTrQ9cjEAAAAAAAAAAAAAAQAAAQ.jpg,A_qWCCR7R42PUAAAAAAAAAAAAAAQAAAQ.jpg,0,193,288
A_21V8SYT5XQkAAAAAAAAAAAAAAQAAAQ.jpg,A_cutQQr13fwsAAAAAAAAAAAAAAQAAAQ.jpg,0,220,52
A_3sPRTprtYa8AAAAAAAAAAAAAAQAAAQ.jpg,A_bJUVQLWonskAAAAAAAAAAAAAAQAAAQ.jpg,0,66,344
A_R094QKfEc7UAAAAAAAAAAAAAAQAAAQ.jpg,A_osmfTY9zXYgAAAAAAAAAAAAAAQAAAQ.jpg,0,272,260
A_Q6HgTaP6E2QAAAAAAAAAAAAAAQAAAQ.jpg,A_yqmVSY6yhroAAAAAAAAAAAAAAQAAAQ.jpg,0,179,104
do9fiCurQMewDq6x14MTlgAAACMAARAD.jpg,A_EgytQoIRmCEAAAAAAAAAAAAAAQAAAQ.jpg,0,226,343
A__5f3Qa27j5YAAAAAAAAAAAAAAQAAAQ.jpg,A_Nz6LSIyEYioAAAAAAAAAAAAAAQAAAQ.jpg,0,277,97
A_dOGsSqcc4psAAAAAAAAAAAAAAQAAAQ.jpg,A_VVyqSqssGX8AAAAAAAAAAAAAAQAAAQ.jpg,0,239,110
A_ItmHSrXG59IAAAAAAAAAAAAAAQAAAQ.jpg,A_ffXuTIdlCWcAAAAAAAAAAAAAAQAAAQ.jpg,0,179,151
A_H_zgSYO_OSwAAAAAAAAAAAAAAQAAAQ.jpg,A_pgK-T52w7eYAAAAAAAAAAAAAAQAAAQ.jpg,0,231,172
A_Mxe5T4Zt64cAAAAAAAAAAAAAAQAAAQ.jpg,lk6TjulLSlK2EtPG2bOT1wAAACMAARAD.jpg,0,237,323
A_IMTVR4woMBkAAAAAAAAAAAAAAQAAAQ.jpg,A_kKmNR65xnvsAAAAAAAAAAAAAAQAAAQ.jpg,0,60,195
A_tjfGT6CxgFAAAAAAAAAAAAAAAQAAAQ.jpg,A_XiKLT6SCDZsAAAAAAAAAAAAAAQAAAQ.jpg,0,347,168
A_Pdg4R4YxRpwAAAAAAAAAAAAAAQAAAQ.jpg,A_uJ6ISJ1NElsAAAAAAAAAAAAAAQAAAQ.jpg,0,295,256
RZ0pi9gnRguCbwW_2IFLegAAACMAARAD.jpg,A_Db7ZTbup1uwAAAAAAAAAAAAAAQAAAQ.jpg,0,315,254
A_VJVSRaHUMhcAAAAAAAAAAAAAAQAAAQ.jpg,A_fVZwT4oJteAAAAAAAAAAAAAAAQAAAQ.jpg,0,169,251
A_jJAcQ7WPCaYAAAAAAAAAAAAAAQAAAQ.jpg,A_Tgc3Sb0KwMEAAAAAAAAAAAAAAQAAAQ.jpg,0,17,340
A_pfnXQq9r3uoAAAAAAAAAAAAAAQAAAQ.jpg,A_kEkzS6WBDdQAAAAAAAAAAAAAAQAAAQ.jpg,0,199,156
A_zz-aSZh8rzMAAAAAAAAAAAAAAQAAAQ.jpg,A_JiCCQqK4VcEAAAAAAAAAAAAAAQAAAQ.jpg,0,127,92
A_eCGwQpnlatEAAAAAAAAAAAAAAQAAAQ.jpg,A_UM9FRqczn4sAAAAAAAAAAAAAAQAAAQ.jpg,0,80,42
A_aYeATJcaX1MAAAAAAAAAAAAAAQAAAQ.jpg,A_TFw1RY0S3r8AAAAAAAAAAAAAAQAAAQ.jpg,0,249,335
A_qaJ-TItVSXQAAAAAAAAAAAAAAQAAAQ.jpg,A_QR05Sq93mfIAAAAAAAAAAAAAAQAAAQ.jpg,0,205,69
A_DEkJRYlXFNsAAAAAAAAAAAAAAQAAAQ.jpg,A_vU42Q7tLTYYAAAAAAAAAAAAAAQAAAQ.jpg,0,268,65
A_0MTNRpRpwNIAAAAAAAAAAAAAAQAAAQ.jpg,A_0-1yQb8M0NoAAAAAAAAAAAAAAQAAAQ.jpg,0,36,46
A_8F6fTqWbVLkAAAAAAAAAAAAAAQAAAQ.jpg,A_LgsSS74u2ZUAAAAAAAAAAAAAAQAAAQ.jpg,0,247,288
A_AZo8QKwUkYAAAAAAAAAAAAAAAQAAAQ.jpg,A_MPg-Tqt0h4UAAAAAAAAAAAAAAQAAAQ.jpg,0,263,334
A_5JaUS5e0nHAAAAAAAAAAAAAAAQAAAQ.jpg,A_V3ppS6VZwMoAAAAAAAAAAAAAAQAAAQ.jpg,0,204,340
A_YgagTY77Px8AAAAAAAAAAAAAAQAAAQ.jpg,A_MVpnTJIllNYAAAAAAAAAAAAAAQAAAQ.jpg,0,280,51
A_76m-RZH9-rYAAAAAAAAAAAAAAQAAAQ.jpg,A_c_ljRZmOJuEAAAAAAAAAAAAAAQAAAQ.jpg,0,239,214
A_gmv7RZlv2wwAAAAAAAAAAAAAAQAAAQ.jpg,A_oTz0Q6Q2sBMAAAAAAAAAAAAAAQAAAQ.jpg,0,263,76
A_KxBVRZ_49dEAAAAAAAAAAAAAAQAAAQ.jpg,A_cG_XSostq6UAAAAAAAAAAAAAAQAAAQ.jpg,0,176,255
ee9SWo2zTeyS2Xh3WfHGaQAAACMAARAD.jpg,4PnTMDonSgyab2bzQ-yK9wAAACMAARAD.jpg,0,155,192
A_LQIQSpDZ01wAAAAAAAAAAAAAAQAAAQ.jpg,A_c_ljRZmOJuEAAAAAAAAAAAAAAQAAAQ.jpg,0,91,214
A_44TlTKCIdBoAAAAAAAAAAAAAAQAAAQ.jpg,A_V_QRSLt5ASoAAAAAAAAAAAAAAQAAAQ.jpg,0,29,93
A_5RnLQp7mKNsAAAAAAAAAAAAAAQAAAQ.jpg,A_jO7PT6D764gAAAAAAAAAAAAAAQAAAQ.jpg,0,130,106
A_fVZwT4oJteAAAAAAAAAAAAAAAQAAAQ.jpg,A_MPg-Tqt0h4UAAAAAAAAAAAAAAQAAAQ.jpg,0,251,334
8fDO2NZcTqetpeRD2liw8gAAACMAARAD.jpg,A_ErnBQ6DQzEoAAAAAAAAAAAAAAQAAAQ.jpg,0,190,9
A_FZxTQJDVbkYAAAAAAAAAAAAAAQAAAQ.jpg,A_EsHfTJi2lYUAAAAAAAAAAAAAAQAAAQ.jpg,0,289,314
A_k02XTah-AqkAAAAAAAAAAAAAAQAAAQ.jpg,A_bmExSKHslRkAAAAAAAAAAAAAAQAAAQ.jpg,0,335,14
A_1Sm2RrE0saQAAAAAAAAAAAAAAQAAAQ.jpg,A_0-1yQb8M0NoAAAAAAAAAAAAAAQAAAQ.jpg,0,95,46
A_GPn_QKLHezwAAAAAAAAAAAAAAQAAAQ.jpg,A_avXxR4A0gikAAAAAAAAAAAAAAQAAAQ.jpg,0,116,280
A_cU0aRI8xDi0AAAAAAAAAAAAAAQAAAQ.jpg,A_8gUmSoxIHOIAAAAAAAAAAAAAAQAAAQ.jpg,0,156,65
A_kxbuQLGIcJoAAAAAAAAAAAAAAQAAAQ.jpg,A_e6vmTbdC-9oAAAAAAAAAAAAAAQAAAQ.jpg,0,104,264
A_ul0zRLO4ulQAAAAAAAAAAAAAAQAAAQ.jpg,A_D4eMSbEh5C8AAAAAAAAAAAAAAQAAAQ.jpg,0,74,202
A_YwS1QpL6r01b6sxKihNftwAAAQAAAQ.jpg,A_hs3nRoC1zt8AAAAAAAAAAAAAAQAAAQ.jpg,0,248,28
A_USsBT7LiLzQAAAAAAAAAAAAAAQAAAQ.jpg,fcg3fFELSXuinicx0-hYRQAAACMAARAD.jpg,0,286,27
A_ap0DRppYXI0AAAAAAAAAAAAAAQAAAQ.jpg,A_9jzqQrTHgCQAAAAAAAAAAAAAAQAAAQ.jpg,0,14,126
A_ZkMGSr_0kyQAAAAAAAAAAAAAAQAAAQ.jpg,A_xteZTaHHkAYAAAAAAAAAAAAAAQAAAQ.jpg,0,138,205
A_lXDEQaoW4GsAAAAAAAAAAAAAAQAAAQ.jpg,A_5dNJRaepYnUAAAAAAAAAAAAAAQAAAQ.jpg,0,125,302
A_ChqmSJ1Ok-IAAAAAAAAAAAAAAQAAAQ.jpg,A_oLSJS49B_k4AAAAAAAAAAAAAAQAAAQ.jpg,0,153,317
A_9SFeTb8NkdwAAAAAAAAAAAAAAQAAAQ.jpg,A_rGSuTZXVuRUAAAAAAAAAAAAAAQAAAQ.jpg,0,80,2
A__pBPR5UaDJ8AAAAAAAAAAAAAAQAAAQ.jpg,A_B5PLRYT7qakAAAAAAAAAAAAAAQAAAQ.jpg,0,229,228
A_2W5zQLpISkcAAAAAAAAAAAAAAQAAAQ.jpg,A_cKTpQK7jeCMAAAAAAAAAAAAAAQAAAQ.jpg,0,105,143
A_OcaLQYiU_1EAAAAAAAAAAAAAAQAAAQ.jpg,A_YhBkQq-gKQAAAAAAAAAAAAAAAQAAAQ.jpg,0,341,302
A_l8urSJ3Y_ZMAAAAAAAAAAAAAAQAAAQ.jpg,A_pgK-T52w7eYAAAAAAAAAAAAAAQAAAQ.jpg,0,182,172
kVx_E1ohTniMFhLQU_YaagAAACMAARAD.jpg,A_TaFsSK1IhcIAAAAAAAAAAAAAAQAAAQ.jpg,0,316,294
f4a1-1TxSRStvQAki3vjjQAAACMAARAD.jpg,rMWpilyUToW_ESjYFAiCGwAAACMAARAD.jpg,0,150,238
A_WL-9S6XUXP8AAAAAAAAAAAAAAQAAAQ.jpg,A_qjHLQ4LPJS8AAAAAAAAAAAAAAQAAAQ.jpg,0,230,50
A_wpTZRJrKEPsAAAAAAAAAAAAAAQAAAQ.jpg,A_D-WxSLxg0XwAAAAAAAAAAAAAAQAAAQ.jpg,0,38,127
A_nvhUSpQWokYAAAAAAAAAAAAAAQAAAQ.jpg,A_aDWaRJ0Cte4AAAAAAAAAAAAAAQAAAQ.jpg,0,203,200
CsysDwi5QjeJ03Wvg2F9SAAAACMAARAD.jpg,A_higyRahZ3-cAAAAAAAAAAAAAAQAAAQ.jpg,0,99,266
A_Vhx1SK59uV8AAAAAAAAAAAAAAQAAAQ.jpg,A_Zq-wSaT7ot8AAAAAAAAAAAAAAQAAAQ.jpg,0,341,1
A_zfSUS4jx5k4AAAAAAAAAAAAAAQAAAQ.jpg,A_bZNnSJorqvMAAAAAAAAAAAAAAQAAAQ.jpg,0,303,231
A_Hd0LRLVyFxQAAAAAAAAAAAAAAQAAAQ.jpg,A_Uqn1Qq1RIzkAAAAAAAAAAAAAAQAAAQ.jpg,0,213,112
A_P-NXTr4se6gAAAAAAAAAAAAAAQAAAQ.jpg,A2fZWAEeTfWyTqA6MlIezgAAACMAARAD.jpg,0,233,164
A_NpaSRqrF3DwAAAAAAAAAAAAAAQAAAQ.jpg,A_UKkIRaJ9WRsAAAAAAAAAAAAAAQAAAQ.jpg,0,196,277
A_ymJiRJSSrC0AAAAAAAAAAAAAAQAAAQ.jpg,ydJW6409RSKvBzpK1xzS0QAAACMAARAD.jpg,0,12,27
A_naL1RJ86jCoAAAAAAAAAAAAAAQAAAQ.jpg,A_y6yGT6qZ-m4AAAAAAAAAAAAAAQAAAQ.jpg,0,28,103
A_TYp9Q40PjSUAAAAAAAAAAAAAAQAAAQ.jpg,A_uJmSS6jwC_EAAAAAAAAAAAAAAQAAAQ.jpg,0,149,151
A_BoE9RJCkeVUAAAAAAAAAAAAAAQAAAQ.jpg,A_KXFaQ7PvD3gAAAAAAAAAAAAAAQAAAQ.jpg,0,237,169
A_5ObjSaWgNVgAAAAAAAAAAAAAAQAAAQ.jpg,A_F67BSool6_AAAAAAAAAAAAAAAQAAAQ.jpg,0,131,92
A_LQIQSpDZ01wAAAAAAAAAAAAAAQAAAQ.jpg,A_hG-AQqJyNKkAAAAAAAAAAAAAAQAAAQ.jpg,0,91,239
A_-YHERL8k2FUAAAAAAAAAAAAAAQAAAQ.jpg,A_qQf9R5n-NaZuA4BJgsZMVwAAAQAAAQ.jpg,0,83,10
A_BvagTqt2xW0AAAAAAAAAAAAAAQAAAQ.jpg,A_D9o9T7zICSYAAAAAAAAAAAAAAQAAAQ.jpg,0,180,113
A_higyRahZ3-cAAAAAAAAAAAAAAQAAAQ.jpg,A_o6tyRpwL8I0AAAAAAAAAAAAAAQAAAQ.jpg,0,266,100
A_v2AMTqrkHXgAAAAAAAAAAAAAAQAAAQ.jpg,A_3C7oQa_cOiMAAAAAAAAAAAAAAQAAAQ.jpg,0,163,330
A_kqGGQIlQbEIAAAAAAAAAAAAAAQAAAQ.jpg,A_plIEQ4aQaFEAAAAAAAAAAAAAAQAAAQ.jpg,0,7,349
A_Jt0NQ7kxnNgAAAAAAAAAAAAAAQAAAQ.jpg,A_kRgtTKT8j2YAAAAAAAAAAAAAAQAAAQ.jpg,0,314,261
A_pNAcQKJ6yH4AAAAAAAAAAAAAAQAAAQ.jpg,A_mFe3QKV54XcAAAAAAAAAAAAAAQAAAQ.jpg,0,344,185
A_QzE_Q4Jhu9wAAAAAAAAAAAAAAQAAAQ.jpg,A_2PhBQZl-wekAAAAAAAAAAAAAAQAAAQ.jpg,0,326,2
A_mcPlS6cWS-wAAAAAAAAAAAAAAQAAAQ.jpg,A_SU_3R4a-QnYAAAAAAAAAAAAAAQAAAQ.jpg,0,55,259
A_Sgy4Q5WINnoAAAAAAAAAAAAAAQAAAQ.jpg,A_BquTQbUQF58AAAAAAAAAAAAAAQAAAQ.jpg,0,157,197
A_xkbbR6DqPbwAAAAAAAAAAAAAAQAAAQ.jpg,A_mo3GRaXrNTgAAAAAAAAAAAAAAQAAAQ.jpg,0,288,309
A_T4bSRYC3eRoAAAAAAAAAAAAAAQAAAQ.jpg,frarTD7lTOqgeRc7RMPqNQAAACMAARAD.jpg,0,104,188
A_MOhrQLLyVDYAAAAAAAAAAAAAAQAAAQ.jpg,A_icEHSLdCQo8AAAAAAAAAAAAAAQAAAQ.jpg,0,262,124
A_spOYSaQ52GMAAAAAAAAAAAAAAQAAAQ.jpg,A_qlKSQJ59vsgAAAAAAAAAAAAAAQAAAQ.jpg,0,262,26
A_rIp5QoMBGOQAAAAAAAAAAAAAAQAAAQ.jpg,A_Rc01QbuRw5YAAAAAAAAAAAAAAQAAAQ.jpg,0,53,136
A_KRnoQ5ccGD4AAAAAAAAAAAAAAQAAAQ.jpg,A_ul0zRLO4ulQAAAAAAAAAAAAAAQAAAQ.jpg,0,235,74
A_3bzNSLXJbYMAAAAAAAAAAAAAAQAAAQ.jpg,A_a9r9Rpz61BcAAAAAAAAAAAAAAQAAAQ.jpg,0,324,0
1u5RC96DSSGhP-caETvXfQAAACMAARAD.jpg,A_cY_dQKTxLZIAAAAAAAAAAAAAAQAAAQ.jpg,0,177,34
A_FyXHS6lwH00AAAAAAAAAAAAAAQAAAQ.jpg,A_2fEAQ6wRV78AAAAAAAAAAAAAAQAAAQ.jpg,0,142,255
A_dBt-RKWXGVIAAAAAAAAAAAAAAQAAAQ.jpg,fcg3fFELSXuinicx0-hYRQAAACMAARAD.jpg,0,89,27
YogXrvTpT3CF9S-8BEORggAAACMAARAD.jpg,A_WBiBQpmmEtAAAAAAAAAAAAAAAQAAAQ.jpg,0,71,50
A_7FcUTJfZ-EEAAAAAAAAAAAAAAQAAAQ.jpg,IJnfoTCGRzy_PnKxNA20FAAAACMAARAD.jpg,0,200,306
A_DpAcQ6ZefVMAAAAAAAAAAAAAAQAAAQ.jpg,0GdWO5icQbKwpuwrEKLdgwAAACMAARAD.jpg,0,246,307
A_YwS1QpL6r01b6sxKihNftwAAAQAAAQ.jpg,A_BTUkT4Eo6pQAAAAAAAAAAAAAAQAAAQ.jpg,0,248,266
A_r28UTJfMFeoAAAAAAAAAAAAAAQAAAQ.jpg,A_Nt0WS7-bibUAAAAAAAAAAAAAAQAAAQ.jpg,0,224,278
A_6CUMTK6sWtwAAAAAAAAAAAAAAQAAAQ.jpg,A_BbMtSbuC4rkAAAAAAAAAAAAAAQAAAQ.jpg,0,45,259
A_BTGhRL3hvxwAAAAAAAAAAAAAAQAAAQ.jpg,A__hNgQJmrLXkAAAAAAAAAAAAAAQAAAQ.jpg,0,0,100
A_z0kCQr_tfJQAAAAAAAAAAAAAAQAAAQ.jpg,A_sltnS47XRVEAAAAAAAAAAAAAAQAAAQ.jpg,0,23,201
A_ap0DRppYXI0AAAAAAAAAAAAAAQAAAQ.jpg,A_GpPxSZ7FJvMAAAAAAAAAAAAAAQAAAQ.jpg,0,14,53
wlvKhmPsRnuzCvy0hg9dSQAAACMAARAD.jpg,LkTAGmb3TGuGGZHU52brUQAAACMAARAD.jpg,0,282,207
A_m-aWTY3Ot-AAAAAAAAAAAAAAAQAAAQ.jpg,A_jKAHQ6HeOiMAAAAAAAAAAAAAAQAAAQ.jpg,0,26,285
A_DsowTrYbJyAAAAAAAAAAAAAAAQAAAQ.jpg,A_CXMsQL5lJd8AAAAAAAAAAAAAAQAAAQ.jpg,0,45,246
_YxN02DfQ7OUYkwftQP0QQAAACMAARAD.jpg,A_peVaRKhGG6EAAAAAAAAAAAAAAQAAAQ.jpg,0,166,338
A_p1e5QJ0g4lgAAAAAAAAAAAAAAQAAAQ.jpg,A_-mntSLpmrZwAAAAAAAAAAAAAAQAAAQ.jpg,0,157,149
7YkNrZhwSFKUwj4wGuhjBwAAACMAARAD.jpg,A_ewXCQJhfsF0AAAAAAAAAAAAAAQAAAQ.jpg,0,282,170
A__pBPR5UaDJ8AAAAAAAAAAAAAAQAAAQ.jpg,A_E-xxRLjoDi0AAAAAAAAAAAAAAQAAAQ.jpg,0,229,115
igBDl6ziSdODf-fpbtEL1wAAACMAARAD.jpg,A_V03gR7K90bIAAAAAAAAAAAAAAQAAAQ.jpg,0,306,220
A_UixUQJGzJ6AAAAAAAAAAAAAAAQAAAQ.jpg,J1CtsgliQ_Wz7dWKjUh9SwAAACMAARAD.jpg,0,261,307
A_M2dJTrQsL7gAAAAAAAAAAAAAAQAAAQ.jpg,A_6JGwQau_WNoAAAAAAAAAAAAAAQAAAQ.jpg,0,167,284
A__ufMSoUmcLcAAAAAAAAAAAAAAQAAAQ.jpg,A__euTTbzk1_QAAAAAAAAAAAAAAQAAAQ.jpg,0,163,210
elFmGazMSCiTA9cBKwcuMwAAACMAARAD.jpg,A_xigkRLl7oW4AAAAAAAAAAAAAAQAAAQ.jpg,0,327,230
A_GtpMTbLtVR4AAAAAAAAAAAAAAQAAAQ.jpg,A_SBeaQLvJMpwAAAAAAAAAAAAAAQAAAQ.jpg,0,319,225
A_AKdFRp5BRZYAAAAAAAAAAAAAAQAAAQ.jpg,A_DV2SR5jhC0wAAAAAAAAAAAAAAQAAAQ.jpg,0,162,34
A_1ruyQ7LcAuoAAAAAAAAAAAAAAQAAAQ.jpg,ydJW6409RSKvBzpK1xzS0QAAACMAARAD.jpg,0,347,27
A_pjQHSIF6MY0AAAAAAAAAAAAAAQAAAQ.jpg,A_bJUVQLWonskAAAAAAAAAAAAAAQAAAQ.jpg,0,114,344
A_QYfVToXTeu0AAAAAAAAAAAAAAQAAAQ.jpg,A_437OSrredWUAAAAAAAAAAAAAAQAAAQ.jpg,0,229,271
A_r8U0Tp2-P0MAAAAAAAAAAAAAAQAAAQ.jpg,A_SPVDQZ3l49AAAAAAAAAAAAAAAQAAAQ.jpg,0,57,275
wlvKhmPsRnuzCvy0hg9dSQAAACMAARAD.jpg,A_zIdqT5wAadAAAAAAAAAAAAAAAQAAAQ.jpg,0,282,297
s-goRr4zRqihodt8c49wvwAAACMAARAD.jpg,A_j8CBQYr_ECQAAAAAAAAAAAAAAQAAAQ.jpg,0,174,185
A_oEAqSaEmWGMAAAAAAAAAAAAAAQAAAQ.jpg,A_Fk7aSIVdPRsAAAAAAAAAAAAAAQAAAQ.jpg,0,294,156
A_EzsXSL1ECOQAAAAAAAAAAAAAAQAAAQ.jpg,A_hYZoTq_XxmAAAAAAAAAAAAAAAQAAAQ.jpg,0,240,331
unXpdCHiSwq1IsIo2bI8PAAAACMAARAD.jpg,A_DLk9QaFF3W0AAAAAAAAAAAAAAQAAAQ.jpg,0,70,328
A_MOhrQLLyVDYAAAAAAAAAAAAAAQAAAQ.jpg,qt9ydc-FTHqABlnv0E338AAAACMAARAD.jpg,0,262,150
lk6TjulLSlK2EtPG2bOT1wAAACMAARAD.jpg,A_nIZXQ4X15HUAAAAAAAAAAAAAAQAAAQ.jpg,0,323,100
A_0tvJRLe5_mUAAAAAAAAAAAAAAQAAAQ.jpg,Z_Hv1amYSOKoJUJcV5cxjwAAACMAARAD.jpg,0,86,211
A_PQ-mQpRZPwgAAAAAAAAAAAAAAQAAAQ.jpg,A_tZlpQLPXXpQAAAAAAAAAAAAAAQAAAQ.jpg,0,35,84
A_4uZrQJsALPQAAAAAAAAAAAAAAQAAAQ.jpg,A_XgEbSbazAp8AAAAAAAAAAAAAAQAAAQ.jpg,0,135,31
A_2wBqTpzmeL3VldlEs7raLQAAAQAAAQ.jpg,5-dDbF_HS_O0O2_34lIV9AAAACMAARAD.jpg,0,49,186
A_wxWxSZH1r_QAAAAAAAAAAAAAAQAAAQ.jpg,A_PM4uTLm28AgAAAAAAAAAAAAAAQAAAQ.jpg,0,293,304
A_FjITQKM8yiQAAAAAAAAAAAAAAQAAAQ.jpg,A_p9HhS7p0Ow0AAAAAAAAAAAAAAQAAAQ.jpg,0,210,77
A_82YISZVTz64AAAAAAAAAAAAAAQAAAQ.jpg,A_WFX-R60X0GEAAAAAAAAAAAAAAQAAAQ.jpg,0,298,62
A_plIEQ4aQaFEAAAAAAAAAAAAAAQAAAQ.jpg,A_WRYZRKOZPL4AAAAAAAAAAAAAAQAAAQ.jpg,0,349,130
A_wmoBRoo-T8IAAAAAAAAAAAAAAQAAAQ.jpg,A_RzQdRY8vhLkAAAAAAAAAAAAAAQAAAQ.jpg,0,279,146
A__z-iTZs2YvEAAAAAAAAAAAAAAQAAAQ.jpg,A_N13KR4j5Yt8AAAAAAAAAAAAAAQAAAQ.jpg,0,14,228
A_8wJfSLcHUG4AAAAAAAAAAAAAAQAAAQ.jpg,A_FliWQ7H5vocAAAAAAAAAAAAAAQAAAQ.jpg,0,12,301
A_MGtdT6XD3YAAAAAAAAAAAAAAAQAAAQ.jpg,A_KKQgQ7mQpz4AAAAAAAAAAAAAAQAAAQ.jpg,0,236,7
A_BoE9RJCkeVUAAAAAAAAAAAAAAQAAAQ.jpg,A_c_7LRYptgZ4AAAAAAAAAAAAAAQAAAQ.jpg,0,237,263
O4evSscSQOaRanT5DclZ5wAAACMAARAD.jpg,A_SJTyRbZbs-8AAAAAAAAAAAAAAQAAAQ.jpg,0,4,149
A_Oj4CRqQrUiUAAAAAAAAAAAAAAQAAAQ.jpg,A_izqHSKPN0SsAAAAAAAAAAAAAAQAAAQ.jpg,0,176,281
A_v-mDS7qZe7oAAAAAAAAAAAAAAQAAAQ.jpg,A_p5ntSLcrva4AAAAAAAAAAAAAAQAAAQ.jpg,0,19,202
A_HCX2Trvkdz8AAAAAAAAAAAAAAQAAAQ.jpg,A_reG_T7bejwwAAAAAAAAAAAAAAQAAAQ.jpg,0,103,304
A_hiF9SJL03uIAAAAAAAAAAAAAAQAAAQ.jpg,A_0DqmSI5YLTYAAAAAAAAAAAAAAQAAAQ.jpg,0,214,87
A_0-1yQb8M0NoAAAAAAAAAAAAAAQAAAQ.jpg,A_ncTYTqtScNEAAAAAAAAAAAAAAQAAAQ.jpg,0,46,299
A_dI4zSai8yk-dZNBKqTLbdAAAAQAAAQ.jpg,A_7PWcRpT6-noAAAAAAAAAAAAAAQAAAQ.jpg,0,221,145
A_OT8IQIP4z90AAAAAAAAAAAAAAQAAAQ.jpg,A_p9HhS7p0Ow0AAAAAAAAAAAAAAQAAAQ.jpg,0,264,77
A_6anUTaPKAZ0AAAAAAAAAAAAAAQAAAQ.jpg,A_HrtOQaj2IdIAAAAAAAAAAAAAAQAAAQ.jpg,0,330,266
A_Kon7SakBEH4AAAAAAAAAAAAAAQAAAQ.jpg,A_-mntSLpmrZwAAAAAAAAAAAAAAQAAAQ.jpg,0,25,149
A_i-nLRI_4Z-QAAAAAAAAAAAAAAQAAAQ.jpg,A_t6AyT4K76akAAAAAAAAAAAAAAQAAAQ.jpg,0,313,346
A_BBKYSI37po4AAAAAAAAAAAAAAQAAAQ.jpg,A_gBw2Q6_QWsUAAAAAAAAAAAAAAQAAAQ.jpg,0,111,1
uwbM_KZaT4WXCQZJ66Ib_QAAACMAARAD.jpg,A_29ykT6cSV_gAAAAAAAAAAAAAAQAAAQ.jpg,0,192,247
A_BMEtTpAKIZUAAAAAAAAAAAAAAQAAAQ.jpg,A_57b6Sb8-FAYAAAAAAAAAAAAAAQAAAQ.jpg,0,247,300
A_EcV-QL_t4UAAAAAAAAAAAAAAAQAAAQ.jpg,A__9DkRL2nqzgAAAAAAAAAAAAAAQAAAQ.jpg,0,67,222
A_vLt5Tr-DehsAAAAAAAAAAAAAAQAAAQ.jpg,A_OQeoS4r3iwoAAAAAAAAAAAAAAQAAAQ.jpg,0,326,284
A_XfLkRYLFXGAAAAAAAAAAAAAAAQAAAQ.jpg,A_nvhUSpQWokYAAAAAAAAAAAAAAQAAAQ.jpg,0,78,203
A_H9sqSpSYeukAAAAAAAAAAAAAAQAAAQ.jpg,NHtoXmJsQbC2oYEEvNh-agAAACMAARAD.jpg,0,105,6
A_Vb0FSquZ6YkAAAAAAAAAAAAAAQAAAQ.jpg,A_WAmwRrFJUhUAAAAAAAAAAAAAAQAAAQ.jpg,0,237,149
WONvMSM7TiuLnaBmvKNEiAAAACMAARAD.jpg,2d-0eWw0TDKv5kSoh012ogAAACMAARAD.jpg,0,155,316
A_kKmNR65xnvsAAAAAAAAAAAAAAQAAAQ.jpg,A_d6BLRrCLDYEAAAAAAAAAAAAAAQAAAQ.jpg,0,195,49
A_WD_RToG7TiEAAAAAAAAAAAAAAQAAAQ.jpg,A_N7TMSppc4iUAAAAAAAAAAAAAAQAAAQ.jpg,0,301,101
A_K0FxT6aY5N8AAAAAAAAAAAAAAQAAAQ.jpg,9EtIyANfQc61eEfskXaVGQAAACMAARED.jpg,0,301,174
A_7iu8TpXAj0QAAAAAAAAAAAAAAQAAAQ.jpg,A_OQH-TZVbsjsAAAAAAAAAAAAAAQAAAQ.jpg,0,251,249
A_lU5xT7JfAoEAAAAAAAAAAAAAAQAAAQ.jpg,A_KTLqT5wpOLMAAAAAAAAAAAAAAQAAAQ.jpg,0,317,225
A_x0gcTpulbY8AAAAAAAAAAAAAAQAAAQ.jpg,A_3bzNSLXJbYOwMn1EhM5NdAAAAQAAAQ.jpg,0,246,324
8iDXzLM4RtOtrlot95uL0AAAACMAARAD.jpg,A_hV6oRqWGM8sAAAAAAAAAAAAAAQAAAQ.jpg,0,307,329
A_LaJXSLgvcWAAAAAAAAAAAAAAAQAAAQ.jpg,A_tFWpS7wqAh0AAAAAAAAAAAAAAQAAAQ.jpg,0,185,39
A_T5AVSb-PcwMAAAAAAAAAAAAAAQAAAQ.jpg,A_MzYDRI1zIykAAAAAAAAAAAAAAQAAAQ.jpg,0,98,122
qt9ydc-FTHqABlnv0E338AAAACMAARAD.jpg,A_gBKETKn8DvwAAAAAAAAAAAAAAQAAAQ.jpg,0,150,182
A_Q0c_QIvmCAoAAAAAAAAAAAAAAQAAAQ.jpg,A_xVWGSYgcMQkAAAAAAAAAAAAAAQAAAQ.jpg,0,118,206
A_qcBWSoqyLrEAAAAAAAAAAAAAAQAAAQ.jpg,A_dWv2RbF20pgAAAAAAAAAAAAAAQAAAQ.jpg,0,344,243
J4N-el7oSxaafAyjuSBgGAAAACMAARAD.jpg,A__DG-QaId_tcAAAAAAAAAAAAAAQAAAQ.jpg,0,129,87
A_3C7oQa_cOiMAAAAAAAAAAAAAAQAAAQ.jpg,6s492Y5LR5Kto8OzVdvpHQAAACMAARAD.jpg,0,330,120
A_4OwVSaVoxg4AAAAAAAAAAAAAAQAAAQ.jpg,A_5RnLQp7mKNsAAAAAAAAAAAAAAQAAAQ.jpg,0,170,130
A_hD3uRIAU8WkAAAAAAAAAAAAAAQAAAQ.jpg,A_9ewsTpupch0AAAAAAAAAAAAAAQAAAQ.jpg,0,281,237
A_wOpJTqcwk4QAAAAAAAAAAAAAAQAAAQ.jpg,A_hKxiQrUhfZUAAAAAAAAAAAAAAQAAAQ.jpg,0,39,141
A_GWDtRJ-PEYIAAAAAAAAAAAAAAQAAAQ.jpg,A_6J5kQJhOduUAAAAAAAAAAAAAAQAAAQ.jpg,0,142,77
A_nZIFTqwyAG0AAAAAAAAAAAAAAQAAAQ.jpg,A_iDkPR7B0h_IAAAAAAAAAAAAAAQAAAQ.jpg,0,341,241
A_WIkoSofHxNkAAAAAAAAAAAAAAQAAAQ.jpg,A_n9rlSYbLOVMAAAAAAAAAAAAAAQAAAQ.jpg,0,67,300
A_50hVQpJOh38AAAAAAAAAAAAAAQAAAQ.jpg,A_mOfuTre90ooAAAAAAAAAAAAAAQAAAQ.jpg,0,333,59
A_TACLS6bGmFUAAAAAAAAAAAAAAQAAAQ.jpg,A_LTsOT5XBs1cAAAAAAAAAAAAAAQAAAQ.jpg,0,236,270
A_OcK3SrWHKYAAAAAAAAAAAAAAAQAAAQ.jpg,A_uUKRRIhcetkAAAAAAAAAAAAAAQAAAQ.jpg,0,187,262
A_OdypSY5DoYwAAAAAAAAAAAAAAQAAAQ.jpg,A_pWOlQZby4GYAAAAAAAAAAAAAAQAAAQ.jpg,0,298,121
A_Q6HgTaP6E2QAAAAAAAAAAAAAAQAAAQ.jpg,A_hxoTSL4Np6AAAAAAAAAAAAAAAQAAAQ.jpg,0,179,349
A_YlkgQbNnNSoAAAAAAAAAAAAAAQAAAQ.jpg,A_79Y3T534mhsAAAAAAAAAAAAAAQAAAQ.jpg,0,19,205
A_D5prT4UpL5EAAAAAAAAAAAAAAQAAAQ.jpg,A_7HBeTrXQsH0AAAAAAAAAAAAAAQAAAQ.jpg,0,87,232
Z_Hv1amYSOKoJUJcV5cxjwAAACMAARAD.jpg,8iDXzLM4RtOtrlot95uL0AAAACMAARAD.jpg,0,211,307
A_QQI2TrP_nAAAAAAAAAAAAAAAAQAAAQ.jpg,Gy5X3mM5RdSB0CqW4GSoGwAAACMAARAD.jpg,0,199,291
A__YxFR6NzEjQAAAAAAAAAAAAAAQAAAQ.jpg,W2GbcBOXQ8S9PGJqLQppPQAAACMAARED.jpg,0,13,209
A_OuUyQI8epH8AAAAAAAAAAAAAAQAAAQ.jpg,A_MzYDRI1zIykAAAAAAAAAAAAAAQAAAQ.jpg,0,51,122
A_oD9KQ7tl8HsAAAAAAAAAAAAAAQAAAQ.jpg,A_jHKHTLW4rOcAAAAAAAAAAAAAAQAAAQ.jpg,0,229,267
A_SXGPT6VlGv0AAAAAAAAAAAAAAQAAAQ.jpg,A_OuUyQI8epH8AAAAAAAAAAAAAAQAAAQ.jpg,0,15,51
U1EDgPaORkycuNu19c1crAAAACMAARAD.jpg,A_dIlQSIobnFAAAAAAAAAAAAAAAQAAAQ.jpg,0,306,45
A_LASnRL9zIE4AAAAAAAAAAAAAAQAAAQ.jpg,imqELfCBQ0anyzmOWFa77wAAACMAARAD.jpg,0,134,128
A_DLk9QaFF3W0AAAAAAAAAAAAAAQAAAQ.jpg,A_aOn9RpOdtFIAAAAAAAAAAAAAAQAAAQ.jpg,0,328,172
A_M4T5Q43L2qAAAAAAAAAAAAAAAQAAAQ.jpg,A_VfpjQZM4v8EAAAAAAAAAAAAAAQAAAQ.jpg,0,319,196
A_t6YXSrkNSwoAAAAAAAAAAAAAAQAAAQ.jpg,A_9Wo1SqHv_yIAAAAAAAAAAAAAAQAAAQ.jpg,0,98,313
A_vcbAQrSa0GIAAAAAAAAAAAAAAQAAAQ.jpg,A_gOJ8T7kQaDgAAAAAAAAAAAAAAQAAAQ.jpg,0,222,3
A_BUreSr9QuYgAAAAAAAAAAAAAAQAAAQ.jpg,A_tXnbSLxsqkoAAAAAAAAAAAAAAQAAAQ.jpg,0,337,96
A_ZLTNQ5wA3ncNnJxCvdxuZQAAAQAAAQ.jpg,A_GY4mTYZYWJ0AAAAAAAAAAAAAAQAAAQ.jpg,0,63,73
A_mbl_QJe6wqwAAAAAAAAAAAAAAQAAAQ.jpg,A_cutQQr13fwsAAAAAAAAAAAAAAQAAAQ.jpg,0,168,52
A_wOfbQoNWSAQAAAAAAAAAAAAAAQAAAQ.jpg,A_7PWcRpT6-noAAAAAAAAAAAAAAQAAAQ.jpg,0,2,145
A_Sh8kTJUrbZoAAAAAAAAAAAAAAQAAAQ.jpg,A_GY4mTYZYWJ0AAAAAAAAAAAAAAQAAAQ.jpg,0,308,73
dsoIAzfXQvGCsWjUbb4X8AAAACMAARAD.jpg,bSowLH_QSz-W1UMpKjz0owAAACMAARAD.jpg,0,207,315
A_g55DSKHkNDkAAAAAAAAAAAAAAQAAAQ.jpg,MfYoqfAzSxyKWkDANp68IQAAACMAARAD.jpg,0,137,132
A_FGfzSpRlJ9AAAAAAAAAAAAAAAQAAAQ.jpg,A_J1qLRIBVPRwAAAAAAAAAAAAAAQAAAQ.jpg,0,263,151
A_YdltQ4U0sNcAAAAAAAAAAAAAAQAAAQ.jpg,A_Aw59RY7js60AAAAAAAAAAAAAAQAAAQ.jpg,0,275,5
A_fR9dQ5HrbU4AAAAAAAAAAAAAAQAAAQ.jpg,A_9ewsTpupch0AAAAAAAAAAAAAAQAAAQ.jpg,0,18,237
A_NDzHTLNzG5MAAAAAAAAAAAAAAQAAAQ.jpg,W2GbcBOXQ8S9PGJqLQppPQAAACMAARED.jpg,0,235,209
wOtJM1xTQZ6YLMlLIsR6RQAAACMAARAD.jpg,A_9kHiQJnyRo4AAAAAAAAAAAAAAQAAAQ.jpg,0,132,235
A_Km6WQabbG9cAAAAAAAAAAAAAAQAAAQ.jpg,A_DYI0S469juQAAAAAAAAAAAAAAQAAAQ.jpg,0,248,223
8QdADX6zQ3mS9dmE-VCOBgAAACMAARAD.jpg,A_qdWxRaREskIAAAAAAAAAAAAAAQAAAQ.jpg,0,129,298
A_3vZpQYswJPEAAAAAAAAAAAAAAQAAAQ.jpg,A_Rww6Rra53Y8AAAAAAAAAAAAAAQAAAQ.jpg,0,304,153
A_NDzHTLNzG5MAAAAAAAAAAAAAAQAAAQ.jpg,A_Uw6pRLOcnFcAAAAAAAAAAAAAAQAAAQ.jpg,0,235,242
A_30HzTpg2gJoAAAAAAAAAAAAAAQAAAQ.jpg,unXpdCHiSwq1IsIo2bI8PAAAACMAARAD.jpg,0,217,70
A_TYT0T4Fvp38AAAAAAAAAAAAAAQAAAQ.jpg,A_Sdv3QYReNXkAAAAAAAAAAAAAAQAAAQ.jpg,0,302,250
A_yo0qQ6lU6HsAAAAAAAAAAAAAAQAAAQ.jpg,A__iVyQa-Ul-kAAAAAAAAAAAAAAQAAAQ.jpg,0,152,249
A_C1q8QJNLNrEAAAAAAAAAAAAAAQAAAQ.jpg,A_0ZuNSaLNy7EAAAAAAAAAAAAAAQAAAQ.jpg,0,336,156
A_6J5kQJhOduUAAAAAAAAAAAAAAQAAAQ.jpg,0RdU88SNSb2s-y4NxFgNfwAAACMAARAD.jpg,0,77,150
A_-iUaTI4TKcgAAAAAAAAAAAAAAQAAAQ.jpg,A_GBRjRJz7PoIAAAAAAAAAAAAAAQAAAQ.jpg,0,16,324
A_0gczRYEcMd0AAAAAAAAAAAAAAQAAAQ.jpg,A_EgytQoIRmCEAAAAAAAAAAAAAAQAAAQ.jpg,0,193,343
A_jyxVSZAdZnkAAAAAAAAAAAAAAQAAAQ.jpg,1u5RC96DSSGhP-caETvXfQAAACMAARAD.jpg,0,299,177
A_spNeTrbTaesAAAAAAAAAAAAAAQAAAQ.jpg,A_JzxkRq5CL7UKXIZGrRlzfQAAAQAAAQ.jpg,0,114,216
A_izLaT4q7z-8AAAAAAAAAAAAAAQAAAQ.jpg,A_8TLTSrYPUTUAAAAAAAAAAAAAAQAAAQ.jpg,0,160,328
A_mhYFS7uBQCIAAAAAAAAAAAAAAQAAAQ.jpg,A_q0dFR7cGWkQAAAAAAAAAAAAAAQAAAQ.jpg,0,193,123
A_aDWaRJ0Cte4AAAAAAAAAAAAAAQAAAQ.jpg,A_yAvwQ7uJzdYAAAAAAAAAAAAAAQAAAQ.jpg,0,200,76
A_LWb7SL9pX8IAAAAAAAAAAAAAAQAAAQ.jpg,A_sw55T7tdUW8AAAAAAAAAAAAAAQAAAQ.jpg,0,98,29
A_437OSrredWUAAAAAAAAAAAAAAQAAAQ.jpg,unXpdCHiSwq1IsIo2bI8PAAAACMAARAD.jpg,0,271,70
A_FbS7RJkTRPMAAAAAAAAAAAAAAQAAAQ.jpg,1yv1XFmYQIqGC3ETpIuU2QAAACMAARAD.jpg,0,99,70
A_2n3hQr-JmJQAAAAAAAAAAAAAAQAAAQ.jpg,A_jB9eRYoChjwAAAAAAAAAAAAAAQAAAQ.jpg,0,16,175
A_9BCoRZPtd4kAAAAAAAAAAAAAAQAAAQ.jpg,A_7kJbS6bLFokAAAAAAAAAAAAAAQAAAQ.jpg,0,201,205
A_IMYWSosTeskAAAAAAAAAAAAAAQAAAQ.jpg,A_TwpZTY7QUIUAAAAAAAAAAAAAAQAAAQ.jpg,0,240,91
A_RPqaQYB6kjQAAAAAAAAAAAAAAQAAAQ.jpg,A_Fk7aSIVdPRsAAAAAAAAAAAAAAQAAAQ.jpg,0,168,156
A_FOIbSaYkQ0MAAAAAAAAAAAAAAQAAAQ.jpg,A_2bxUSqLc6wAAAAAAAAAAAAAAAQAAAQ.jpg,0,80,255
A_3S3LTZgdkc9UCstAt954pwAAAQAAAQ.jpg,A_YaJOSrbcB5YAAAAAAAAAAAAAAQAAAQ.jpg,0,331,181
A_Oj4CRqQrUiU9b2pImURI-AAAAQAAAQ.jpg,A_ZBNoSpCehbIAAAAAAAAAAAAAAQAAAQ.jpg,0,176,294
A_zjktQp-czbsAAAAAAAAAAAAAAQAAAQ.jpg,A_YwS1QpL6r00AAAAAAAAAAAAAAQAAAQ.jpg,0,118,248
A_h0UnRoWDbBQAAAAAAAAAAAAAAQAAAQ.jpg,A_OssPT5JNclsAAAAAAAAAAAAAAQAAAQ.jpg,0,181,269
A_hqAJQ6LPFncAAAAAAAAAAAAAAQAAAQ.jpg,A_xzWOSL6pNFAAAAAAAAAAAAAAAQAAAQ.jpg,0,108,274
A_MLC0SYv23fwAAAAAAAAAAAAAAQAAAQ.jpg,s5_LPbJATXy82lMu1uSeJQAAACMAARAD.jpg,0,259,348
A_8hQJTq1WHRsAAAAAAAAAAAAAAQAAAQ.jpg,A_yqmVSY6yhroAAAAAAAAAAAAAAQAAAQ.jpg,0,51,104
A_kLiUS4oxWiEAAAAAAAAAAAAAAQAAAQ.jpg,A_ngf3S4H6_NkAAAAAAAAAAAAAAQAAAQ.jpg,0,171,231
A_D7ODTa7POC4AAAAAAAAAAAAAAQAAAQ.jpg,A_IqiWR62avL8AAAAAAAAAAAAAAQAAAQ.jpg,0,157,206
A_wNo8Squ-ZpAAAAAAAAAAAAAAAQAAAQ.jpg,A_E-xxRLjoDi0AAAAAAAAAAAAAAQAAAQ.jpg,0,8,115
A_ysxzSpSaAJ0AAAAAAAAAAAAAAQAAAQ.jpg,A_yqalTI6j368AAAAAAAAAAAAAAQAAAQ.jpg,0,66,73
A_CAlCTIVL_TQAAAAAAAAAAAAAAQAAAQ.jpg,A_92a6Tq_Mr68AAAAAAAAAAAAAAQAAAQ.jpg,0,295,175
dyxtW91GQ3m1hwcxGe6xNQAAACMAARAD.jpg,A_w8x7SaCEWdkAAAAAAAAAAAAAAQAAAQ.jpg,0,72,58
xEkROLFrT8eZz88qyGMUDgAAACMAARAD.jpg,A_J1z5T53U6AcAAAAAAAAAAAAAAQAAAQ.jpg,0,327,66
A_TETcSo4ZDCgAAAAAAAAAAAAAAQAAAQ.jpg,A_p5ntSLcrva4AAAAAAAAAAAAAAQAAAQ.jpg,0,205,202
A_QodUQrrQR2YAAAAAAAAAAAAAAQAAAQ.jpg,A_8hQJTq1WHRsAAAAAAAAAAAAAAQAAAQ.jpg,0,270,51
LNlPtwVGSl-ipHGlshPDWAAAACMAARAD.jpg,A_4ZfXQLOWYBsAAAAAAAAAAAAAAQAAAQ.jpg,0,134,97
A_viZgTZtLdIkAAAAAAAAAAAAAAQAAAQ.jpg,A_KKQgQ7mQpz4AAAAAAAAAAAAAAQAAAQ.jpg,0,311,7
A_Wa5hTLtdsh8AAAAAAAAAAAAAAQAAAQ.jpg,A__DuWR5Z1Kp8AAAAAAAAAAAAAAQAAAQ.jpg,0,224,50
A_M-KbRYPdAHoAAAAAAAAAAAAAAQAAAQ.jpg,A_Hn4STI9pSQMAAAAAAAAAAAAAAQAAAQ.jpg,0,336,40
GkKIt_19Rh2gdu0uxH4mbgAAACMAARAD.jpg,A_Z9O5TZhkv2IAAAAAAAAAAAAAAQAAAQ.jpg,0,291,227
A_krhJT7X9SC0AAAAAAAAAAAAAAQAAAQ.jpg,A_79Y3T534mhsAAAAAAAAAAAAAAQAAAQ.jpg,0,60,205
A_WAmwRrFJUhUAAAAAAAAAAAAAAQAAAQ.jpg,A_k4waQ5pENTsAAAAAAAAAAAAAAQAAAQ.jpg,0,149,183
A_5dhIRrfer5YAAAAAAAAAAAAAAQAAAQ.jpg,A_qK0OTL76_bMAAAAAAAAAAAAAAQAAAQ.jpg,0,65,21
A_uzHRSJ5nN_cAAAAAAAAAAAAAAQAAAQ.jpg,A_Li70RYXYOToAAAAAAAAAAAAAAQAAAQ.jpg,0,335,171
A_wcRmTIDKqJAAAAAAAAAAAAAAAQAAAQ.jpg,A_Uj6uSofgBi8AAAAAAAAAAAAAAQAAAQ.jpg,0,240,74
A_avXxR4A0gikAAAAAAAAAAAAAAQAAAQ.jpg,xPWXoOz0RJ2uGy381aUq9wAAACMAARAD.jpg,0,280,348
A_Sgy4Q5WINnoAAAAAAAAAAAAAAQAAAQ.jpg,A_YeEaTrUro9IAAAAAAAAAAAAAAQAAAQ.jpg,0,157,195
A_-gLFTpM2eMUAAAAAAAAAAAAAAQAAAQ.jpg,A_aBdGT4bei2QAAAAAAAAAAAAAAQAAAQ.jpg,0,81,233
A_DsowTrYbJyAAAAAAAAAAAAAAAQAAAQ.jpg,A_ZQs8RZuoJBoAAAAAAAAAAAAAAQAAAQ.jpg,0,45,232
A_x0gcTpulbY8AAAAAAAAAAAAAAQAAAQ.jpg,A_hqBxRo7pAs4AAAAAAAAAAAAAAQAAAQ.jpg,0,246,167
A_WFX-R60X0GEAAAAAAAAAAAAAAQAAAQ.jpg,A_plhwSYSpPVIAAAAAAAAAAAAAAQAAAQ.jpg,0,62,264
A_fgxxT7gC-zwAAAAAAAAAAAAAAQAAAQ.jpg,A_Z4zcS4aqMeIAAAAAAAAAAAAAAQAAAQ.jpg,0,198,253
A_Um2XSIT6uxYAAAAAAAAAAAAAAQAAAQ.jpg,A_QzE_Q4Jhu9wAAAAAAAAAAAAAAQAAAQ.jpg,0,29,326
36L3Z5XgRFWtMVjSmPOSTwAAACMAARAD.jpg,A_ytOxT7NilIsAAAAAAAAAAAAAAQAAAQ.jpg,0,190,244
A_usXqRrG0zfAAAAAAAAAAAAAAAQAAAQ.jpg,A_3felTbn-u0kAAAAAAAAAAAAAAQAAAQ.jpg,0,88,108
ZyHG3kTpSISXJaNBidsZFQAAACMAARAD.jpg,A_iyCnSJYS2eQAAAAAAAAAAAAAAQAAAQ.jpg,0,238,312
A_ZLO-T6B44-QAAAAAAAAAAAAAAQAAAQ.jpg,wsFUWtimSpau8CNMYn1IEAAAACMAARAD.jpg,0,138,209
A_GMLtS7vMkDMAAAAAAAAAAAAAAQAAAQ.jpg,A_ZQs8RZuoJBoAAAAAAAAAAAAAAQAAAQ.jpg,0,241,232
A_TFw1RY0S3r8AAAAAAAAAAAAAAQAAAQ.jpg,A_gmv7RZlv2wwAAAAAAAAAAAAAAQAAAQ.jpg,0,335,263
A_y4kFR5GWHFQAAAAAAAAAAAAAAQAAAQ.jpg,A_xt-fRpljCNgAAAAAAAAAAAAAAQAAAQ.jpg,0,218,83
A_76m-RZH9-rYAAAAAAAAAAAAAAQAAAQ.jpg,A_OauCQr_5X8UAAAAAAAAAAAAAAQAAAQ.jpg,0,239,232
WONvMSM7TiuLnaBmvKNEiAAAACMAARAD.jpg,A_NloJTpjGmzgAAAAAAAAAAAAAAQAAAQ.jpg,0,155,62
A_cy6BT7zBon8AAAAAAAAAAAAAAQAAAQ.jpg,A_qwMrRIrUjOkAAAAAAAAAAAAAAQAAAQ.jpg,0,145,100
FqkFbyh3S-iRdiuoyQkTsQAAACMAARAD.jpg,A_jlGaToiTR1cAAAAAAAAAAAAAAQAAAQ.jpg,0,4,298
A_8qvqS61s-g4AAAAAAAAAAAAAAQAAAQ.jpg,A_fbzVQ5muvQIAAAAAAAAAAAAAAQAAAQ.jpg,0,332,77
A_JUa9QZwAOOgAAAAAAAAAAAAAAQAAAQ.jpg,A_Rc01QbuRw5YAAAAAAAAAAAAAAQAAAQ.jpg,0,298,136
A__NR8QZ1qcjQAAAAAAAAAAAAAAQAAAQ.jpg,A_BbMtSbuC4rkAAAAAAAAAAAAAAQAAAQ.jpg,0,97,259
A_3Gb6Qa923JQAAAAAAAAAAAAAAQAAAQ.jpg,A_BP63Qp6wXyUAAAAAAAAAAAAAAQAAAQ.jpg,0,225,178
A_GBRjRJz7PoIAAAAAAAAAAAAAAQAAAQ.jpg,A_Wc20RKKu6mgAAAAAAAAAAAAAAQAAAQ.jpg,0,324,215
A__53oQqKI9vwAAAAAAAAAAAAAAQAAAQ.jpg,A_ewXCQJhfsF0AAAAAAAAAAAAAAQAAAQ.jpg,0,340,170
A_i7AkRLef484AAAAAAAAAAAAAAQAAAQ.jpg,A_GtTURpEqgsQAAAAAAAAAAAAAAQAAAQ.jpg,0,240,111
A_mwbHSqmRhcQAAAAAAAAAAAAAAQAAAQ.jpg,A_rGSuTZXVuRUAAAAAAAAAAAAAAQAAAQ.jpg,0,253,2
A_PXxiSIQQDWkAAAAAAAAAAAAAAQAAAQ.jpg,A_8U4ITbf42r4AAAAAAAAAAAAAAQAAAQ.jpg,0,4,34
A_oEAqSaEmWGMAAAAAAAAAAAAAAQAAAQ.jpg,A_NpaSRqrF3DwAAAAAAAAAAAAAAQAAAQ.jpg,0,294,196
A_WL-9S6XUXP8AAAAAAAAAAAAAAQAAAQ.jpg,O1CN01ukFKMv1kRwZQAdP64_!!0-mtopupload.jpg,0,230,22
A_m6o3TaR9GfMAAAAAAAAAAAAAAQAAAQ.jpg,A_BUCBRov7kcoAAAAAAAAAAAAAAQAAAQ.jpg,0,304,170
A_h0wES7JMcj8AAAAAAAAAAAAAAQAAAQ.jpg,A_Zq-wSaT7ot8AAAAAAAAAAAAAAQAAAQ.jpg,0,293,1
A_WJZqQYuskC4AAAAAAAAAAAAAAQAAAQ.jpg,A_ZPyVR5KHewAAAAAAAAAAAAAAAQAAAQ.jpg,0,335,314
A_izLaT4q7z-8AAAAAAAAAAAAAAQAAAQ.jpg,A_KBNRRqQe8vsAAAAAAAAAAAAAAQAAAQ.jpg,0,160,317
crE-yGuKTyaiQLaA4borcAAAACMAARAD.jpg,A_p9HhS7p0Ow0AAAAAAAAAAAAAAQAAAQ.jpg,0,109,77
A_SB5pT6dIdz0AAAAAAAAAAAAAAQAAAQ.jpg,A_TIBEQZKlgbsAAAAAAAAAAAAAAQAAAQ.jpg,0,197,237
_Gk8A1x2SNG4u7FHq0Ix4wAAACMAARAD.jpg,A_PkYjToCAA08AAAAAAAAAAAAAAQAAAQ.jpg,0,72,85
A_Qee6TYh_N0AAAAAAAAAAAAAAAQAAAQ.jpg,A_CJEPQZwY7_LC6f1Fh61-vQAAAQAAAQ.jpg,0,303,191
A_hwdWQq75_mQAAAAAAAAAAAAAAQAAAQ.jpg,A_KtVrTIFqvwEAAAAAAAAAAAAAAQAAAQ.jpg,0,7,318
A_SVMaQLMJtYIAAAAAAAAAAAAAAQAAAQ.jpg,IlaouobwQyib5LO0My4xMAAAACMAARAD.jpg,0,238,54
A_CXMsQL5lJd8AAAAAAAAAAAAAAQAAAQ.jpg,A_OcK3SrWHKYAAAAAAAAAAAAAAAQAAAQ.jpg,0,246,187
A_SUhQQqbmlOwAAAAAAAAAAAAAAQAAAQ.jpg,A_qE1fTpJ19QIAAAAAAAAAAAAAAQAAAQ.jpg,0,168,144
A_K1SDTrzJRsMAAAAAAAAAAAAAAQAAAQ.jpg,A_FgqDQY4q28cAAAAAAAAAAAAAAQAAAQ.jpg,0,82,104
A_ICEKRaeF7YIAAAAAAAAAAAAAAQAAAQ.jpg,A_CWhQSqgeUq4AAAAAAAAAAAAAAQAAAQ.jpg,0,243,345
A_3TwiRJY6T9oAAAAAAAAAAAAAAQAAAQ.jpg,A_gBKETKn8DvwAAAAAAAAAAAAAAQAAAQ.jpg,0,235,182
A_hDlVQZkfoCwAAAAAAAAAAAAAAQAAAQ.jpg,s-goRr4zRqihodt8c49wvwAAACMAARAD.jpg,0,173,174
A_pNAcQKJ6yH4AAAAAAAAAAAAAAQAAAQ.jpg,A_WxikTrz0dTUAAAAAAAAAAAAAAQAAAQ.jpg,0,344,274
A_jReTTbRAdgMAAAAAAAAAAAAAAQAAAQ.jpg,A_muDGRIJTyNcAAAAAAAAAAAAAAQAAAQ.jpg,0,332,252
A_5rhHQ4uH0DUAAAAAAAAAAAAAAQAAAQ.jpg,A_-6tiTb6_VSoAAAAAAAAAAAAAAQAAAQ.jpg,0,343,34
A_a9EBQ5lnoo0AAAAAAAAAAAAAAQAAAQ.jpg,A_L_fMQ4YgTbUAAAAAAAAAAAAAAQAAAQ.jpg,0,24,125
A_Wa5hTLtdsh8AAAAAAAAAAAAAAQAAAQ.jpg,xW1Mn56mRh-OB69ayDWmoQAAACMAARAD.jpg,0,224,190
A_Db7ZTbup1uwAAAAAAAAAAAAAAQAAAQ.jpg,A_b8rTTZnRnF8AAAAAAAAAAAAAAQAAAQ.jpg,0,254,172
A_fiAjSYGYmikAAAAAAAAAAAAAAQAAAQ.jpg,A__OQTR7tlKikAAAAAAAAAAAAAAQAAAQ.jpg,0,110,215
32mJ2Fl5TkCqbcWzhvZbowAAACMAARAD.jpg,A_qo9KQ6YZpa0AAAAAAAAAAAAAAQAAAQ.jpg,0,70,11
FqkFbyh3S-iRdiuoyQkTsQAAACMAARAD.jpg,A_9BKdSKvV9UEAAAAAAAAAAAAAAQAAAQ.jpg,0,4,149
A_vxNlQoSOcesAAAAAAAAAAAAAAQAAAQ.jpg,A_X-X-Tq1BLFsAAAAAAAAAAAAAAQAAAQ.jpg,0,23,42
A_UHH0So61ecgAAAAAAAAAAAAAAQAAAQ.jpg,A_6BoNTIj6Zn8AAAAAAAAAAAAAAQAAAQ.jpg,0,275,126
A_Kz9WTLtYMqQAAAAAAAAAAAAAAQAAAQ.jpg,A_xigkRLl7oW4AAAAAAAAAAAAAAQAAAQ.jpg,0,25,230
A_89xmRqt7JDgAAAAAAAAAAAAAAQAAAQ.jpg,A_l-VLRK4I89oAAAAAAAAAAAAAAQAAAQ.jpg,0,179,31
A_e6DJRYXhaSoAAAAAAAAAAAAAAQAAAQ.jpg,A_29ykT6cSV_gAAAAAAAAAAAAAAQAAAQ.jpg,0,193,247
A_p01WSpLvktkAAAAAAAAAAAAAAQAAAQ.jpg,A_AcFbQoqDqRwAAAAAAAAAAAAAAQAAAQ.jpg,0,136,345
A_r28UTJfMFeoAAAAAAAAAAAAAAQAAAQ.jpg,A_VV-4R7Xfd1AAAAAAAAAAAAAAAQAAAQ.jpg,0,224,221
A_eLCGTJtC0LMAAAAAAAAAAAAAAQAAAQ.jpg,A_tnp-TKnLdn4AAAAAAAAAAAAAAQAAAQ.jpg,0,127,255
A_dx0gTp9A5A0AAAAAAAAAAAAAAQAAAQ.jpg,A_lPHeQo7aiawAAAAAAAAAAAAAAQAAAQ.jpg,0,105,189
YDkF-IExTl-pKxGA-asCwwAAACMAARAD.jpg,A_qpwOTZvgL9EAAAAAAAAAAAAAAQAAAQ.jpg,0,166,26
A_JFQFRqCRuov5T45LkZ8d6wAAAQAAAQ.jpg,A_AgMeSbS1YrMAAAAAAAAAAAAAAQAAAQ.jpg,0,68,169
A_a5OsTbYWWVQAAAAAAAAAAAAAAQAAAQ.jpg,A_SJTyRbZbs-8AAAAAAAAAAAAAAQAAAQ.jpg,0,137,149
A_CfJDTJ9aiOAAAAAAAAAAAAAAAQAAAQ.jpg,A_vKhxQLRWwhkAAAAAAAAAAAAAAQAAAQ.jpg,0,121,252
A_fdXCTprSOxYAAAAAAAAAAAAAAQAAAQ.jpg,A_2QqWQqUlH60AAAAAAAAAAAAAAQAAAQ.jpg,0,339,263
A_LngHSpFXTD4AAAAAAAAAAAAAAQAAAQ.jpg,A_Urt9TpyTclsAAAAAAAAAAAAAAQAAAQ.jpg,0,336,37
A_5dhIRrfer5YAAAAAAAAAAAAAAQAAAQ.jpg,A_0ZBaRKtusuAAAAAAAAAAAAAAAQAAAQ.jpg,0,65,182
VExaZWAxSUuI3YKpQvrnIgAAACMAARAD.jpg,A_3RTJT4kY-YoAAAAAAAAAAAAAAQAAAQ.jpg,0,190,118
A_C0HtTLNKeLkAAAAAAAAAAAAAAQAAAQ.jpg,A_stmPT54njmIAAAAAAAAAAAAAAQAAAQ.jpg,0,338,147
A_AZo8QKwUkYAAAAAAAAAAAAAAAQAAAQ.jpg,A_6DRKTb5hhmYAAAAAAAAAAAAAAQAAAQ.jpg,0,263,38
A_B5PLRYT7qakAAAAAAAAAAAAAAQAAAQ.jpg,A_SXGPT6VlGv0AAAAAAAAAAAAAAQAAAQ.jpg,0,228,15
A_JiCCQqK4VcEAAAAAAAAAAAAAAQAAAQ.jpg,dsoua9awQ96zA43Lqf2KVgAAACMAARAD.jpg,0,92,226
dE5D0FnIS42ZuBi1OUZO3AAAACMAARAD.jpg,A_Vj6TRJ-ZsmwAAAAAAAAAAAAAAQAAAQ.jpg,0,56,63
A_iDkPR7B0h_IAAAAAAAAAAAAAAQAAAQ.jpg,A_v2AMTqrkHXgAAAAAAAAAAAAAAQAAAQ.jpg,0,241,163
5H_5JzzcTemv0Pp6LV4d1AAAACMAARAD.jpg,A_Hn4STI9pSQMAAAAAAAAAAAAAAQAAAQ.jpg,0,27,40
A_YeEaTrUro9IAAAAAAAAAAAAAAQAAAQ.jpg,A_N7TMSppc4iUAAAAAAAAAAAAAAQAAAQ.jpg,0,195,101
A_FWz-SLCNxIMAAAAAAAAAAAAAAQAAAQ.jpg,A_cUEKTLA6SR4AAAAAAAAAAAAAAQAAAQ.jpg,0,325,312
A_higyRahZ3-cAAAAAAAAAAAAAAQAAAQ.jpg,A_qr-cQJhu1vcAAAAAAAAAAAAAAQAAAQ.jpg,0,266,35
A_DC12To5UBZwAAAAAAAAAAAAAAQAAAQ.jpg,A_OcaLQYiU_1EAAAAAAAAAAAAAAQAAAQ.jpg,0,23,341
A_hZtcTJN4JNsAAAAAAAAAAAAAAQAAAQ.jpg,Ej2g9nnhTLyYvf0RFPPZMgAAACMAARAD.jpg,0,271,177
A_CkzESoa57iMAAAAAAAAAAAAAAQAAAQ.jpg,A_T5AVSb-PcwMAAAAAAAAAAAAAAQAAAQ.jpg,0,116,98
A_DAaRSIZ4OM0AAAAAAAAAAAAAAQAAAQ.jpg,A_hAP5R7hp_CkAAAAAAAAAAAAAAQAAAQ.jpg,0,301,194
A_Wr88S7xNzFIAAAAAAAAAAAAAAQAAAQ.jpg,_QZZGgcwSouH-KhMhR6KcAAAACMAARAD.jpg,0,222,150
A_f0N3RpGHGX4AAAAAAAAAAAAAAQAAAQ.jpg,X7bAJ7tFSBG_4F661zvLggAAACMAARAD.jpg,0,73,207
ZyHG3kTpSISXJaNBidsZFQAAACMAARAD.jpg,A_GN8FS4YXEKMAAAAAAAAAAAAAAQAAAQ.jpg,0,238,82
J1O8TQTwTPSajGqg9HcALwAAACMAARAD.jpg,A_7Rs9Q46XFoAAAAAAAAAAAAAAAQAAAQ.jpg,0,192,92
A_AB0vQqatlaMAAAAAAAAAAAAAAQAAAQ.jpg,A_dQdlSJStdV8AAAAAAAAAAAAAAQAAAQ.jpg,0,233,292
A_ChqmSJ1Ok-IAAAAAAAAAAAAAAQAAAQ.jpg,A_X04IS5gYN1UAAAAAAAAAAAAAAQAAAQ.jpg,0,153,102
A_NuL2TKMEwowAAAAAAAAAAAAAAQAAAQ.jpg,A_50XaQoPLKsYAAAAAAAAAAAAAAQAAAQ.jpg,0,265,78
A_puDYQoa6ZyAAAAAAAAAAAAAAAQAAAQ.jpg,A_b1QxQpUO7yYAAAAAAAAAAAAAAQAAAQ.jpg,0,160,322
A_MfjWQa58yzwAAAAAAAAAAAAAAQAAAQ.jpg,A_JKoXS5qMLWXZM1xIuGy1bAAAAQAAAQ.jpg,0,90,148
A_FjITQKM8yiQAAAAAAAAAAAAAAQAAAQ.jpg,A_w7bqQ6XbEQoAAAAAAAAAAAAAAQAAAQ.jpg,0,210,293
A_SBeaQLvJMpwAAAAAAAAAAAAAAQAAAQ.jpg,A_g1RJRYomLtCGJS5AnNEITgAAAQAAAQ.jpg,0,225,89
A_PYU8Qr4rH5YAAAAAAAAAAAAAAQAAAQ.jpg,A_1y6dQaZsLNQAAAAAAAAAAAAAAQAAAQ.jpg,0,19,100
A_D6eZR70Dw9MAAAAAAAAAAAAAAQAAAQ.jpg,A_jwl4QaUztl0AAAAAAAAAAAAAAQAAAQ.jpg,0,37,187
A_fgxxT7gC-zwAAAAAAAAAAAAAAQAAAQ.jpg,A_y8iFSJzwNJ4AAAAAAAAAAAAAAQAAAQ.jpg,0,198,272
A_ffXuTIdlCWcAAAAAAAAAAAAAAQAAAQ.jpg,A_eyX9SoPYLnUAAAAAAAAAAAAAAQAAAQ.jpg,0,151,261
A_iyCnSJYS2eQAAAAAAAAAAAAAAQAAAQ.jpg,A_D5vXRpubIH4AAAAAAAAAAAAAAQAAAQ.jpg,0,312,154
A_x0gcTpulbY8AAAAAAAAAAAAAAQAAAQ.jpg,A_uJ6ISJ1NElsAAAAAAAAAAAAAAQAAAQ.jpg,0,246,256
A_PD58S5qjNQoAAAAAAAAAAAAAAQAAAQ.jpg,A_6nznR7Ek9MQAAAAAAAAAAAAAAQAAAQ.jpg,0,262,349
HO658TQUQEWkFzwQclWO6QAAACMAARAD.jpg,A_Urt9TpyTclsAAAAAAAAAAAAAAQAAAQ.jpg,0,316,37
A_ywmfQoWVLnUAAAAAAAAAAAAAAQAAAQ.jpg,A_spOYSaQ52GMAAAAAAAAAAAAAAQAAAQ.jpg,0,78,262
vGAKq-TMTNeV5LTAlBj5ggAAACMAARAD.jpg,A_cUEKTLA6SR4AAAAAAAAAAAAAAQAAAQ.jpg,0,27,312
A_bWQgQawVwX4AAAAAAAAAAAAAAQAAAQ.jpg,A_-iUaTI4TKcgAAAAAAAAAAAAAAQAAAQ.jpg,0,90,16
A_3C7oQa_cOiMAAAAAAAAAAAAAAQAAAQ.jpg,A_p7msSIPIoxsAAAAAAAAAAAAAAQAAAQ.jpg,0,330,202
wsFUWtimSpau8CNMYn1IEAAAACMAARAD.jpg,A_GDdvSZPa7M0AAAAAAAAAAAAAAQAAAQ.jpg,0,209,343
A_UHv6TJv2h5cAAAAAAAAAAAAAAQAAAQ.jpg,A_TYp9Q40PjSUAAAAAAAAAAAAAAQAAAQ.jpg,0,283,149
A_VSe4QrbJjMcAAAAAAAAAAAAAAQAAAQ.jpg,A_x0gcTpulbY8AAAAAAAAAAAAAAQAAAQ.jpg,0,0,246
A_FbS7RJkTRPMAAAAAAAAAAAAAAQAAAQ.jpg,A_s6j_S4D_Q5cAAAAAAAAAAAAAAQAAAQ.jpg,0,99,199
A_wsMpQbMfJyAAAAAAAAAAAAAAAQAAAQ.jpg,A_2oJSS7TmnnsAAAAAAAAAAAAAAQAAAQ.jpg,0,125,329
A_M-KbRYPdAHoAAAAAAAAAAAAAAQAAAQ.jpg,A_79Y3T534mhsAAAAAAAAAAAAAAQAAAQ.jpg,0,336,205
A_YwS1QpL6r01b6sxKihNftwAAAQAAAQ.jpg,A_zfe6Ta1sN6AAAAAAAAAAAAAAAQAAAQ.jpg,0,248,79
A_NjG2SqOfUE4AAAAAAAAAAAAAAQAAAQ.jpg,A_4gn2Q6opsTUAAAAAAAAAAAAAAQAAAQ.jpg,0,342,317
A_6QTZTZmBrqAAAAAAAAAAAAAAAQAAAQ.jpg,p_poUnC6T06GTFnucmRJSwAAACMAARAD.jpg,0,235,307
A_NloJTpjGmzgAAAAAAAAAAAAAAQAAAQ.jpg,A_ICEKRaeF7YIAAAAAAAAAAAAAAQAAAQ.jpg,0,62,243
A_DY8LQqsgHUkAAAAAAAAAAAAAAQAAAQ.jpg,A_XQs-QoHKkXEAAAAAAAAAAAAAAQAAAQ.jpg,0,259,217
A_tjfGT6CxgFAAAAAAAAAAAAAAAQAAAQ.jpg,A__OfaT7yTwxUAAAAAAAAAAAAAAQAAAQ.jpg,0,347,273
A_dWv2RbF20pgAAAAAAAAAAAAAAQAAAQ.jpg,A_Qee6TYh_N0AAAAAAAAAAAAAAAQAAAQ.jpg,0,243,303
A_XMPcQI5Fqs0AAAAAAAAAAAAAAQAAAQ.jpg,A_GsfXSomQxTQAAAAAAAAAAAAAAQAAAQ.jpg,0,159,201
A_sJaYS4HRJsQAAAAAAAAAAAAAAQAAAQ.jpg,A_i8kmSqzWZtEAAAAAAAAAAAAAAQAAAQ.jpg,0,245,284
A_DLIAQKcBAyYAAAAAAAAAAAAAAQAAAQ.jpg,A_u4OeSpbepPAAAAAAAAAAAAAAAQAAAQ.jpg,0,244,50
A_xzWOSL6pNFAAAAAAAAAAAAAAAQAAAQ.jpg,A_RDX7SYBqMVwAAAAAAAAAAAAAAQAAAQ.jpg,0,274,41
A_OtoGQIQE13QAAAAAAAAAAAAAAQAAAQ.jpg,A_ix1XQKP3U4UAAAAAAAAAAAAAAQAAAQ.jpg,0,10,230
A_1AcjS7HMufYAAAAAAAAAAAAAAQAAAQ.jpg,A_twQYRK5U5dUAAAAAAAAAAAAAAQAAAQ.jpg,0,189,122
A_XfLkRYLFXGAAAAAAAAAAAAAAAQAAAQ.jpg,A_W2IxTrShf0MAAAAAAAAAAAAAAQAAAQ.jpg,0,78,334
A_BMEtTpAKIZUAAAAAAAAAAAAAAQAAAQ.jpg,A_kjIITIS-f1QAAAAAAAAAAAAAAQAAAQ.jpg,0,247,261
A_yhhDQbrQfGclRShOv4OoLQAAAQAAAQ.jpg,A_vxNlQoSOcesAAAAAAAAAAAAAAQAAAQ.jpg,0,206,23
A_4OAEQbtm3HIAAAAAAAAAAAAAAQAAAQ.jpg,A_9T8iRZsNnOoAAAAAAAAAAAAAAQAAAQ.jpg,0,12,91
A_iK_RRJMtR_0AAAAAAAAAAAAAAQAAAQ.jpg,A_IXO-TKQX2Z0AAAAAAAAAAAAAAQAAAQ.jpg,0,101,171
A_846cT62QLOEAAAAAAAAAAAAAAQAAAQ.jpg,A_7MhsTIG0_08AAAAAAAAAAAAAAQAAAQ.jpg,0,10,278
A_Y1ryTIb8npUAAAAAAAAAAAAAAQAAAQ.jpg,A_p9HhS7p0Ow0AAAAAAAAAAAAAAQAAAQ.jpg,0,221,77
A_ZytaRL6DIcQAAAAAAAAAAAAAAQAAAQ.jpg,A__rJuT4Ht2V0AAAAAAAAAAAAAAQAAAQ.jpg,0,138,205
A_HHmHS7TxQaEAAAAAAAAAAAAAAQAAAQ.jpg,A_GGwZR7_S7yYAAAAAAAAAAAAAAQAAAQ.jpg,0,305,55
A_cnG9T6Dm4UIAAAAAAAAAAAAAAQAAAQ.jpg,A_Zq-wSaT7ot8AAAAAAAAAAAAAAQAAAQ.jpg,0,277,1
A_Q2ygQ7cJQygAAAAAAAAAAAAAAQAAAQ.jpg,A_Sdv3QYReNXkAAAAAAAAAAAAAAQAAAQ.jpg,0,276,250
A_P5b9TYwVLCMAAAAAAAAAAAAAAQAAAQ.jpg,A_A17DRrV-btsAAAAAAAAAAAAAAQAAAQ.jpg,0,213,33
A_7t6EQYxDYbYAAAAAAAAAAAAAAQAAAQ.jpg,A_SnWNTb004p4AAAAAAAAAAAAAAQAAAQ.jpg,0,272,195
A_LUknQ5zwlPEAAAAAAAAAAAAAAQAAAQ.jpg,A_wrCkQIW0mVgAAAAAAAAAAAAAAQAAAQ.jpg,0,288,86
A_CYraTbeA8PYAAAAAAAAAAAAAAQAAAQ.jpg,A_57b6Sb8-FAYAAAAAAAAAAAAAAQAAAQ.jpg,0,245,300
A_zMhHRKUhSuEAAAAAAAAAAAAAAQAAAQ.jpg,A_zVV9QJHiLggAAAAAAAAAAAAAAQAAAQ.jpg,0,148,67
eHBYLvENTQGKAnE0v0CurwAAACMAARAD.jpg,A_JTXPTI39PMkAAAAAAAAAAAAAAQAAAQ.jpg,0,226,199
A_J1qLRIBVPRwAAAAAAAAAAAAAAQAAAQ.jpg,A_TYp9Q40PjSUAAAAAAAAAAAAAAQAAAQ.jpg,0,151,149
A_EsHfTJi2lYUAAAAAAAAAAAAAAQAAAQ.jpg,A_bRXsTaHKnjsAAAAAAAAAAAAAAQAAAQ.jpg,0,314,92
A_n9rlSYbLOVMAAAAAAAAAAAAAAQAAAQ.jpg,A_Y5j1R78FBNEAAAAAAAAAAAAAAQAAAQ.jpg,0,300,231
gpZWgwFPRP-Iq02OHwMZPgAAACMAARAD.jpg,CGF0IrWnSRGBFZV0QP-bbAAAACMAARAD.jpg,0,52,219
AG7rU6obTP2cA80UVvA9VgAAACMAARAD.jpg,UGSrDzPcQN2snR0B29V38AAAACMAARAD.jpg,0,120,192
A_zcYfTIvp2lMAAAAAAAAAAAAAAQAAAQ.jpg,A_tXnbSLxsqkoAAAAAAAAAAAAAAQAAAQ.jpg,0,277,96
A_SXh7Qo_BhxkAAAAAAAAAAAAAAQAAAQ.jpg,A_fDM3T7_Er0wAAAAAAAAAAAAAAQAAAQ.jpg,0,292,21
A_ngf3S4H6_NkAAAAAAAAAAAAAAQAAAQ.jpg,A_peVaRKhGG6EAAAAAAAAAAAAAAQAAAQ.jpg,0,231,338
A_rHPMQIrXUkgAAAAAAAAAAAAAAQAAAQ.jpg,A_oWLETqhT6YIAAAAAAAAAAAAAAQAAAQ.jpg,0,108,214
A_D_R0SK73894AAAAAAAAAAAAAAQAAAQ.jpg,A_H2d7SazIiaAAAAAAAAAAAAAAAQAAAQ.jpg,0,88,73
gO5e4wDlTpSBMkBADWucyQAAACMAARED.jpg,A_ldQSTr1mNAcAAAAAAAAAAAAAAQAAAQ.jpg,0,128,119
A_LASnRL9zIE4AAAAAAAAAAAAAAQAAAQ.jpg,A_HFprSoUoL2gAAAAAAAAAAAAAAQAAAQ.jpg,0,134,189
A_GtpMTbLtVR4AAAAAAAAAAAAAAQAAAQ.jpg,A_1vE2T5QGHN4AAAAAAAAAAAAAAQAAAQ.jpg,0,319,297
A_zjktQp-czbsAAAAAAAAAAAAAAQAAAQ.jpg,A_lGgOR4Oe32UAAAAAAAAAAAAAAQAAAQ.jpg,0,118,239
A_1LQLSI-tEM4AAAAAAAAAAAAAAQAAAQ.jpg,A_-iZQTKAWibIAAAAAAAAAAAAAAQAAAQ.jpg,0,278,230
A_q0dFR7cGWkQAAAAAAAAAAAAAAQAAAQ.jpg,A_stmPT54njmJQA21MkONSVgAAAQAAAQ.jpg,0,123,147
A_FjITQKM8yiQAAAAAAAAAAAAAAQAAAQ.jpg,A_O8KZRLhoNGMAAAAAAAAAAAAAAQAAAQ.jpg,0,210,105
A_fAd6Q6jPCKAAAAAAAAAAAAAAAQAAAQ.jpg,A_PIcHTa2SqFsAAAAAAAAAAAAAAQAAAQ.jpg,0,339,284
A_yv0pSqUhddwAAAAAAAAAAAAAAQAAAQ.jpg,A_AVz3Sb7iIKwAAAAAAAAAAAAAAQAAAQ.jpg,0,220,167
A_BUreSr9QuYgAAAAAAAAAAAAAAQAAAQ.jpg,A_MkJtQKVpPRIAAAAAAAAAAAAAAQAAAQ.jpg,0,337,232
A_tFWpS7wqAh0AAAAAAAAAAAAAAQAAAQ.jpg,6RjEAJmWRo2IAW2PEigq5wAAACMAARAD.jpg,0,39,190
A_2YPaRq8ajt8AAAAAAAAAAAAAAQAAAQ.jpg,A_higyRahZ3-cAAAAAAAAAAAAAAQAAAQ.jpg,0,284,266
A_4OdZTY_C4z8AAAAAAAAAAAAAAQAAAQ.jpg,36L3Z5XgRFWtMVjSmPOSTwAAACMAARAD.jpg,0,304,190
A_SUhQQqbmlOwAAAAAAAAAAAAAAQAAAQ.jpg,A_6tRLRIMlZcAAAAAAAAAAAAAAAQAAAQ.jpg,0,168,119
A_VPDvSqwWeHQAAAAAAAAAAAAAAQAAAQ.jpg,A_spNeTrbTaesAAAAAAAAAAAAAAQAAAQ.jpg,0,287,114
IsIe7tHGSEe9XWBTYTZTqwAAACMAARAD.jpg,A_P-NXTr4se6gAAAAAAAAAAAAAAQAAAQ.jpg,0,310,233
A_6h2TSpG2xLAAAAAAAAAAAAAAAQAAAQ.jpg,A_p1FURL5LiRoAAAAAAAAAAAAAAQAAAQ.jpg,0,328,309
tJDuEYiaTTSKF7b-QNnRbgAAACMAARAD.jpg,A_HRkFRZKRfK4AAAAAAAAAAAAAAQAAAQ.jpg,0,107,330
A_BBKYSI37po4AAAAAAAAAAAAAAQAAAQ.jpg,A_JywcTrmEceIAAAAAAAAAAAAAAQAAAQ.jpg,0,111,266
A_9Hj6Q4nQNhEAAAAAAAAAAAAAAQAAAQ.jpg,A_1Sm2RrE0saQAAAAAAAAAAAAAAQAAAQ.jpg,0,299,95
A_EhJNRrpu2Z0AAAAAAAAAAAAAAQAAAQ.jpg,A_88GIR4a9ssoAAAAAAAAAAAAAAQAAAQ.jpg,0,233,266
A_GtpMTbLtVR4AAAAAAAAAAAAAAQAAAQ.jpg,A__zLJQayQmP0AAAAAAAAAAAAAAQAAAQ.jpg,0,319,91
4PnTMDonSgyab2bzQ-yK9wAAACMAARAD.jpg,A_b1eiQ4BovAEAAAAAAAAAAAAAAQAAAQ.jpg,0,192,343
A_ZX7pT4uWMgsAAAAAAAAAAAAAAQAAAQ.jpg,A_-HPcQKsgKR8AAAAAAAAAAAAAAQAAAQ.jpg,0,268,96
A_CAlCTIVL_TQAAAAAAAAAAAAAAQAAAQ.jpg,A_8jMWRbavcW0AAAAAAAAAAAAAAQAAAQ.jpg,0,295,287
A_TRvMSK9h_7YAAAAAAAAAAAAAAQAAAQ.jpg,A_JywcTrmEceIAAAAAAAAAAAAAAQAAAQ.jpg,0,48,266
PKvgCxspT06mVkCupz9C2QAAACMAARAD.jpg,A_BquTQbUQF58AAAAAAAAAAAAAAQAAAQ.jpg,0,134,197
A_A17DRrV-btsAAAAAAAAAAAAAAQAAAQ.jpg,A_z_sFRp0sqQIAAAAAAAAAAAAAAQAAAQ.jpg,0,33,168
A_RzqRQprkIBoAAAAAAAAAAAAAAQAAAQ.jpg,A_djD3Q5SP9N0AAAAAAAAAAAAAAQAAAQ.jpg,0,44,32
8BujMxsVRvWOAhf1DW4HXgAAACMAARAD.jpg,A_higyRahZ3-cAAAAAAAAAAAAAAQAAAQ.jpg,0,348,266
A_6-hyT6yKsd8AAAAAAAAAAAAAAQAAAQ.jpg,A_21V8SYT5XQkAAAAAAAAAAAAAAQAAAQ.jpg,0,229,220
A_LaERT6Vg6P0AAAAAAAAAAAAAAQAAAQ.jpg,A_rZCET7Bcu5YAAAAAAAAAAAAAAQAAAQ.jpg,0,347,143
A_vaaqQKunbZkAAAAAAAAAAAAAAQAAAQ.jpg,A_7t5MRrn6fyUAAAAAAAAAAAAAAQAAAQ.jpg,0,141,303
A_oWLETqhT6YIAAAAAAAAAAAAAAQAAAQ.jpg,A_6nznR7Ek9MQAAAAAAAAAAAAAAQAAAQ.jpg,0,214,349
A_fbzVQ5muvQIAAAAAAAAAAAAAAQAAAQ.jpg,A_7YkuQ4_prsMAAAAAAAAAAAAAAQAAAQ.jpg,0,77,117
A_J1ksRYG75GoAAAAAAAAAAAAAAQAAAQ.jpg,A_NLtxRaP1d6wAAAAAAAAAAAAAAQAAAQ.jpg,0,234,106
A_twQYRK5U5dUAAAAAAAAAAAAAAQAAAQ.jpg,A_SB5pT6dIdz0AAAAAAAAAAAAAAQAAAQ.jpg,0,122,197
A_rZCET7Bcu5YAAAAAAAAAAAAAAQAAAQ.jpg,A_CKxEQpBINjYAAAAAAAAAAAAAAQAAAQ.jpg,0,143,43
A_Saa1T617BOoAAAAAAAAAAAAAAQAAAQ.jpg,A_8gUmSoxIHOIAAAAAAAAAAAAAAQAAAQ.jpg,0,103,65
A_1AcjS7HMufYAAAAAAAAAAAAAAQAAAQ.jpg,A_FWz-SLCNxIMAAAAAAAAAAAAAAQAAAQ.jpg,0,189,325
O4evSscSQOaRanT5DclZ5wAAACMAARAD.jpg,A_KdR7So14o4sAAAAAAAAAAAAAAQAAAQ.jpg,0,4,36
QdzTTlrGTCCQ1F9xM9w-rwAAACMAARED.jpg,A_a0R0R5IAcOEAAAAAAAAAAAAAAQAAAQ.jpg,0,321,167
1DUlr4dURtqhdRrCS69ZgAAAACMAARAD.jpg,C5W99xn9Rpmnq-8QffgzswAAACMAARAD.jpg,0,310,120
A_7HBeTrXQsH0AAAAAAAAAAAAAAQAAAQ.jpg,A_a9r9Rpz61BcAAAAAAAAAAAAAAQAAAQ.jpg,0,232,0
A_YlkgQbNnNSoAAAAAAAAAAAAAAQAAAQ.jpg,A_FhkKRo6fxbsAAAAAAAAAAAAAAQAAAQ.jpg,0,19,258
Fv9FYvAkQc6AGTP11upBrwAAACMAARAD.jpg,A_e3GqTpb-UCYAAAAAAAAAAAAAAQAAAQ.jpg,0,4,95
A_6KB1R5-AhUgAAAAAAAAAAAAAAQAAAQ.jpg,A_f2fKQbfNF8MAAAAAAAAAAAAAAQAAAQ.jpg,0,36,140
A_ccDFRJJgbtIAAAAAAAAAAAAAAQAAAQ.jpg,A_3BuiQbibhO8AAAAAAAAAAAAAAQAAAQ.jpg,0,0,9
A_OxUmQoSZMqwAAAAAAAAAAAAAAQAAAQ.jpg,A_LC73QKKHtxsAAAAAAAAAAAAAAQAAAQ.jpg,0,230,183
A_zMhHRKUhSuErdB5Pt_ADkgAAAQAAAQ.jpg,A_YRDWQrX8B_UAAAAAAAAAAAAAAQAAAQ.jpg,0,148,258
qt9ydc-FTHqABlnv0E338AAAACMAARAD.jpg,A_kLiUS4oxWiEAAAAAAAAAAAAAAQAAAQ.jpg,0,150,171
A_cexvRK__-1MAAAAAAAAAAAAAAQAAAQ.jpg,A_tmV0SKPNXSUAAAAAAAAAAAAAAQAAAQ.jpg,0,204,169
A_-ZsZRYceA08AAAAAAAAAAAAAAQAAAQ.jpg,A_bC75RrqgubUAAAAAAAAAAAAAAQAAAQ.jpg,0,96,162
A_DkWtQphhpucAAAAAAAAAAAAAAQAAAQ.jpg,A_z9eNSqTAEzAAAAAAAAAAAAAAAQAAAQ.jpg,0,195,24
A_Uzk2SrABsKIAAAAAAAAAAAAAAQAAAQ.jpg,A_qQf9R5n-NaZuA4BJgsZMVwAAAQAAAQ.jpg,0,153,10
A_Wr88S7xNzFIAAAAAAAAAAAAAAQAAAQ.jpg,A_CJEPQZwY7_IAAAAAAAAAAAAAAQAAAQ.jpg,0,222,191
A_JiP8RIdhMFgAAAAAAAAAAAAAAQAAAQ.jpg,A_4gn2Q6opsTUAAAAAAAAAAAAAAQAAAQ.jpg,0,14,317
A_cexvRK__-1MAAAAAAAAAAAAAAQAAAQ.jpg,VjekR6ueSNOq94VvNYUcgAAAACMAARAD.jpg,0,204,310
A_RZTaRK3bJIcAAAAAAAAAAAAAAQAAAQ.jpg,GkKIt_19Rh2gdu0uxH4mbgAAACMAARAD.jpg,0,123,291
A_Uzk2SrABsKIAAAAAAAAAAAAAAQAAAQ.jpg,A_zj1HS5Be7c4AAAAAAAAAAAAAAQAAAQ.jpg,0,153,197
A_7agWQomXiksAAAAAAAAAAAAAAQAAAQ.jpg,A_FraFT4NK-OwAAAAAAAAAAAAAAQAAAQ.jpg,0,85,204
A_0GHaQ5v1mnFBBtxPokPDawAAAQAAAQ.jpg,A_y0pUQad8WowAAAAAAAAAAAAAAQAAAQ.jpg,0,64,48
ydJW6409RSKvBzpK1xzS0QAAACMAARAD.jpg,A_RI1UQ5lyw1EAAAAAAAAAAAAAAQAAAQ.jpg,0,27,94
A_ZBNoSpCehbIAAAAAAAAAAAAAAQAAAQ.jpg,do9fiCurQMewDq6x14MTlgAAACMAARAD.jpg,0,294,226
A_ZkMGSr_0kyQAAAAAAAAAAAAAAQAAAQ.jpg,A_UHH0So61ecgAAAAAAAAAAAAAAQAAAQ.jpg,0,138,275
A_eqkkQptcgkUAAAAAAAAAAAAAAQAAAQ.jpg,A_QvWcTaeceMIAAAAAAAAAAAAAAQAAAQ.jpg,0,94,69
A_rqlSTbb2yeIAAAAAAAAAAAAAAQAAAQ.jpg,A_gOJ8T7kQaDgAAAAAAAAAAAAAAQAAAQ.jpg,0,25,3
A_e7dMTaR9QaEAAAAAAAAAAAAAAQAAAQ.jpg,A_Jz60TodhpGjXzl5IpWUeAQAAAQAAAQ.jpg,0,312,99
A_9kHiQJnyRo4AAAAAAAAAAAAAAQAAAQ.jpg,A_J1z5T53U6AcAAAAAAAAAAAAAAQAAAQ.jpg,0,235,66
A_EL3MTLdLMz8AAAAAAAAAAAAAAQAAAQ.jpg,A_iK_RRJMtR_0AAAAAAAAAAAAAAQAAAQ.jpg,0,343,101
A_b-8qRr28s_QAAAAAAAAAAAAAAQAAAQ.jpg,A_UIUSR7SsVxQAAAAAAAAAAAAAAQAAAQ.jpg,0,130,81
A_Ij0mS4-M_jMAAAAAAAAAAAAAAQAAAQ.jpg,A_0VjnQoOyQFYAAAAAAAAAAAAAAQAAAQ.jpg,0,339,119
A_9FlLRZb9wXUAAAAAAAAAAAAAAQAAAQ.jpg,A__zLJQayQmP0AAAAAAAAAAAAAAQAAAQ.jpg,0,49,91
A_CHCqQrj2mVQAAAAAAAAAAAAAAQAAAQ.jpg,7ACCezYsSqiEz-zehRjeGAAAACMAARAD.jpg,0,303,310
A_J1qLRIBVPRwAAAAAAAAAAAAAAQAAAQ.jpg,A_tiodTJuNpegAAAAAAAAAAAAAAQAAAQ.jpg,0,151,252
A_wMMDQIdbntYAAAAAAAAAAAAAAQAAAQ.jpg,A_2fEAQ6wRV78AAAAAAAAAAAAAAQAAAQ.jpg,0,63,255
A_SDD3Q6kABacAAAAAAAAAAAAAAQAAAQ.jpg,ejYUJjUrTHmLuE2JKdcsRgAAACMAARAD.jpg,0,247,20
A_k_RPQYZRrkAAAAAAAAAAAAAAAQAAAQ.jpg,A_dIlQSIobnFAAAAAAAAAAAAAAAQAAAQ.jpg,0,125,45
qyqNN_HDShqToEUCAcDKYQAAACMAARAD.jpg,A_RNCjTKWjh0YAAAAAAAAAAAAAAQAAAQ.jpg,0,291,106
A_YSQWSIXD3cQAAAAAAAAAAAAAAQAAAQ.jpg,A_PKCVSakmtxUAAAAAAAAAAAAAAQAAAQ.jpg,0,57,278
A_4gn2Q6opsTUAAAAAAAAAAAAAAQAAAQ.jpg,A_laKWT4G-AeYAAAAAAAAAAAAAAQAAAQ.jpg,0,317,53
A_wmoBRoo-T8IAAAAAAAAAAAAAAQAAAQ.jpg,A_GN8FS4YXEKMAAAAAAAAAAAAAAQAAAQ.jpg,0,279,82
A_nKQBTJiTOPkAAAAAAAAAAAAAAQAAAQ.jpg,A_4OAEQbtm3HIAAAAAAAAAAAAAAQAAAQ.jpg,0,234,12
bSowLH_QSz-W1UMpKjz0owAAACMAARAD.jpg,A__YxFR6NzEjQAAAAAAAAAAAAAAQAAAQ.jpg,0,315,13
A_LEfrSbQwIUwAAAAAAAAAAAAAAQAAAQ.jpg,uKy0yW2aSKGHTpR2lfUysQAAACMAARAD.jpg,0,101,132
A_rSzhRpb8U-sAAAAAAAAAAAAAAQAAAQ.jpg,4zN2JMNhQYWDS2AtX0u64wAAACMAARAD.jpg,0,18,54
A_MKWJQLqyZ8cAAAAAAAAAAAAAAQAAAQ.jpg,A_fR9dQ5HrbU4AAAAAAAAAAAAAAQAAAQ.jpg,0,274,18
A_OtoGQIQE13QAAAAAAAAAAAAAAQAAAQ.jpg,A_6QTZTZmBrqAAAAAAAAAAAAAAAQAAAQ.jpg,0,10,235
